{"type":"FeatureCollection","features":[{"type":"Feature","properties":{"Sensor_ID":"Sentinel-1","Sensor_Dat":"2021-08-31","Confidence":"To be evaluated","EventCode":"FL20210831MMR"},"geometry":{"type":"MultiPolygon","coordinates":[[[[96.66736,16.58208],[96.6679,16.58157],[96.66736,16.58165],[96.66745,16.58114],[96.66709,16.58114],[96.66682,16.58208],[96.66754,16.58234],[96.66745,16.58208],[96.66736,16.58208]]],[[[96.68209,16.59947],[96.68227,16.5987],[96.68147,16.59827],[96.68138,16.59922],[96.68066,16.59922],[96.68093,16.59999],[96.68138,16.59999],[96.68129,16.59956],[96.68209,16.59956],[96.68209,16.59947]]],[[[96.49012,16.65069],[96.49075,16.64923],[96.49102,16.64931],[96.4912,16.64897],[96.49111,16.64862],[96.49183,16.64811],[96.49165,16.64768],[96.49273,16.6469],[96.49345,16.64699],[96.49453,16.65267],[96.49444,16.65344],[96.49471,16.65362],[96.49506,16.65542],[96.49497,16.65628],[96.49551,16.65732],[96.49524,16.65749],[96.49533,16.65818],[96.4956,16.65809],[96.49548,16.65904],[96.49621,16.65682],[96.49556,16.652],[96.49424,16.6474],[96.49318,16.64587],[96.49267,16.64604],[96.48582,16.65476],[96.48499,16.655],[96.4849,16.65637],[96.48842,16.65379],[96.48842,16.65319],[96.48905,16.65284],[96.48905,16.65233],[96.48949,16.65215],[96.48941,16.65164],[96.48976,16.65164],[96.48967,16.65121],[96.48994,16.65129],[96.49012,16.65078],[96.49012,16.65069]]],[[[96.4621,16.66825],[96.46147,16.66807],[96.46111,16.66876],[96.46138,16.66928],[96.46165,16.66919],[96.46138,16.66911],[96.46147,16.66876],[96.46192,16.66885],[96.46183,16.66954],[96.46201,16.66885],[96.46246,16.66868],[96.46219,16.66825],[96.4621,16.66825]]],[[[96.49821,16.66962],[96.49605,16.66825],[96.49542,16.66825],[96.49533,16.6679],[96.4948,16.66799],[96.4948,16.66756],[96.49435,16.66756],[96.49372,16.66678],[96.49426,16.66592],[96.49435,16.66506],[96.49462,16.66506],[96.49462,16.66446],[96.49497,16.66437],[96.49497,16.66386],[96.49542,16.66343],[96.49488,16.66239],[96.49444,16.66274],[96.49399,16.66403],[96.49372,16.66403],[96.49345,16.66575],[96.49309,16.66618],[96.49327,16.66739],[96.49363,16.66747],[96.49354,16.66782],[96.49471,16.66893],[96.49641,16.66997],[96.49677,16.66988],[96.49677,16.67023],[96.49722,16.67014],[96.4974,16.67066],[96.49912,16.67072],[96.49948,16.67048],[96.49875,16.67005],[96.49884,16.66971],[96.4983,16.66962],[96.49821,16.66962]]],[[[96.50235,16.67356],[96.50204,16.67282],[96.50136,16.67256],[96.50063,16.67272],[96.50236,16.6736],[96.50235,16.67356]]],[[[96.46991,16.67754],[96.47054,16.67763],[96.47045,16.67668],[96.47027,16.67711],[96.46973,16.67702],[96.46955,16.67728],[96.46991,16.67771],[96.46991,16.67754]]],[[[96.46551,16.6821],[96.46578,16.68133],[96.46551,16.68004],[96.46515,16.67978],[96.46506,16.68038],[96.46542,16.68072],[96.46497,16.68081],[96.46524,16.6815],[96.46434,16.68158],[96.46542,16.68184],[96.46542,16.6821],[96.46551,16.6821]]],[[[96.53971,16.69182],[96.53917,16.69157],[96.53881,16.6926],[96.53899,16.69294],[96.5398,16.69303],[96.53989,16.69182],[96.53971,16.69182]]],[[[96.53863,16.69363],[96.5389,16.69303],[96.53836,16.69294],[96.53836,16.6926],[96.5389,16.692],[96.53872,16.69148],[96.53827,16.69174],[96.53818,16.69139],[96.53818,16.69114],[96.53872,16.69114],[96.53863,16.69079],[96.53818,16.69071],[96.53773,16.692],[96.53747,16.692],[96.53675,16.69174],[96.53657,16.69062],[96.53603,16.69053],[96.53567,16.69114],[96.53576,16.69191],[96.5363,16.69208],[96.53612,16.69234],[96.53549,16.69217],[96.53558,16.69251],[96.53755,16.69346],[96.53836,16.69337],[96.53827,16.69363],[96.53863,16.69363]]],[[[96.51052,16.68451],[96.50563,16.68199],[96.50441,16.6821],[96.50584,16.68262],[96.50593,16.68313],[96.50656,16.68305],[96.50719,16.68382],[96.50773,16.68374],[96.50791,16.68417],[96.50836,16.68417],[96.50836,16.68451],[96.5089,16.68442],[96.50908,16.68485],[96.50971,16.68503],[96.50989,16.68485],[96.51007,16.68528],[96.51052,16.68537],[96.51043,16.68563],[96.5115,16.68572],[96.51231,16.6864],[96.51294,16.68632],[96.51339,16.68683],[96.51474,16.68709],[96.51483,16.68744],[96.51573,16.68752],[96.516,16.68726],[96.516,16.68795],[96.51743,16.6883],[96.5177,16.68881],[96.51896,16.68924],[96.51905,16.68959],[96.52004,16.68976],[96.52013,16.69002],[96.52049,16.68985],[96.52094,16.69062],[96.52165,16.69071],[96.52174,16.69105],[96.52219,16.69071],[96.5221,16.69105],[96.52246,16.69139],[96.52336,16.69157],[96.5239,16.69225],[96.52435,16.69225],[96.52579,16.69329],[96.52588,16.69363],[96.52731,16.69398],[96.52417,16.69176],[96.5239,16.69191],[96.5239,16.69158],[96.52139,16.68987],[96.5203,16.68933],[96.51977,16.6895],[96.51995,16.68915],[96.51135,16.68485],[96.51096,16.68494],[96.51061,16.68451],[96.51052,16.68451]]],[[[96.47701,16.69518],[96.47719,16.69432],[96.47755,16.69475],[96.47764,16.69372],[96.47719,16.6938],[96.47683,16.69475],[96.47656,16.69441],[96.47602,16.69466],[96.47611,16.69501],[96.47692,16.69518],[96.47701,16.69518]]],[[[96.5107,16.6969],[96.51087,16.69604],[96.51043,16.69604],[96.51043,16.69578],[96.51016,16.69647],[96.51052,16.6969],[96.5107,16.6969]]],[[[96.47764,16.69871],[96.47809,16.69905],[96.47782,16.69776],[96.47719,16.69819],[96.47755,16.69871],[96.47764,16.69871]]],[[[96.53396,16.70172],[96.53414,16.70112],[96.5345,16.70112],[96.53432,16.70163],[96.53459,16.70155],[96.53486,16.70077],[96.53432,16.70095],[96.53432,16.70069],[96.53387,16.70069],[96.53351,16.70095],[96.53342,16.70138],[96.53387,16.70172],[96.53396,16.70172]]],[[[96.48105,16.70843],[96.48132,16.70817],[96.48105,16.70766],[96.48186,16.708],[96.48168,16.7074],[96.48087,16.70731],[96.48087,16.70791],[96.4806,16.708],[96.48096,16.70843],[96.48105,16.70843]]],[[[96.52453,16.71084],[96.52444,16.7105],[96.52408,16.71058],[96.52372,16.71015],[96.52031,16.71024],[96.51941,16.70989],[96.51869,16.71015],[96.51815,16.70912],[96.51932,16.70843],[96.52165,16.708],[96.52228,16.70817],[96.52354,16.70774],[96.52417,16.70791],[96.52444,16.70757],[96.52534,16.70766],[96.52633,16.70731],[96.52704,16.70559],[96.52633,16.70361],[96.52669,16.70224],[96.52704,16.70232],[96.52695,16.70206],[96.5274,16.70206],[96.52731,16.70172],[96.52857,16.7012],[96.52857,16.70077],[96.52956,16.70017],[96.52947,16.69974],[96.52992,16.69983],[96.53037,16.69948],[96.53055,16.69879],[96.531,16.69871],[96.53127,16.69802],[96.53154,16.69811],[96.53145,16.69768],[96.53181,16.69725],[96.53225,16.69725],[96.53208,16.69682],[96.53243,16.69682],[96.53279,16.69578],[96.53351,16.69527],[96.5336,16.69441],[96.53423,16.69389],[96.5345,16.69268],[96.53522,16.69191],[96.53522,16.69053],[96.53549,16.69028],[96.53432,16.69015],[96.53486,16.69096],[96.53459,16.69225],[96.53432,16.69225],[96.53396,16.69312],[96.53369,16.69303],[96.5336,16.69355],[96.53333,16.69346],[96.53333,16.69398],[96.53217,16.69544],[96.53217,16.69595],[96.53181,16.69647],[96.53154,16.69638],[96.53163,16.69673],[96.53091,16.69725],[96.531,16.69759],[96.53046,16.69819],[96.53001,16.69828],[96.53001,16.69879],[96.52965,16.69879],[96.52965,16.69914],[96.52911,16.6994],[96.52884,16.70017],[96.52785,16.70069],[96.52758,16.7012],[96.52731,16.70112],[96.5274,16.70138],[96.52704,16.70138],[96.52722,16.70189],[96.52686,16.70172],[96.5266,16.70232],[96.52615,16.70241],[96.52606,16.70378],[96.52651,16.70421],[96.52624,16.70482],[96.52651,16.70499],[96.52633,16.70533],[96.5266,16.70594],[96.52624,16.7068],[96.52543,16.70688],[96.52534,16.70714],[96.52471,16.70697],[96.52291,16.7074],[96.52192,16.70731],[96.52201,16.70757],[96.52165,16.70748],[96.52156,16.70774],[96.52112,16.70757],[96.51869,16.70809],[96.5177,16.70929],[96.51806,16.71007],[96.5186,16.71015],[96.51851,16.71041],[96.51923,16.71032],[96.51914,16.71058],[96.52417,16.71067],[96.52435,16.71187],[96.52363,16.71282],[96.52309,16.71506],[96.52354,16.71746],[96.5239,16.71712],[96.5239,16.71652],[96.52363,16.71652],[96.52345,16.71437],[96.5239,16.71394],[96.52408,16.71273],[96.52435,16.71273],[96.52453,16.71222],[96.52462,16.71084],[96.52453,16.71084]]],[[[96.56989,16.71781],[96.5698,16.71678],[96.57007,16.71635],[96.56962,16.71652],[96.56971,16.71678],[96.56918,16.7166],[96.56882,16.71695],[96.56909,16.71729],[96.56936,16.71712],[96.5698,16.71781],[96.56989,16.71781]]],[[[96.43802,16.71867],[96.43811,16.71833],[96.43775,16.71824],[96.43775,16.71858],[96.43721,16.71876],[96.43775,16.71953],[96.43838,16.71901],[96.43811,16.71867],[96.43802,16.71867]]],[[[96.43515,16.72297],[96.43524,16.72331],[96.43488,16.72331],[96.43506,16.72366],[96.43533,16.7234],[96.43622,16.72349],[96.43622,16.72314],[96.43578,16.72288],[96.43524,16.72297],[96.43515,16.72297]]],[[[96.51896,16.72357],[96.51905,16.72452],[96.51968,16.72435],[96.51977,16.72486],[96.52004,16.72426],[96.51968,16.72409],[96.51995,16.72357],[96.5195,16.72349],[96.51959,16.72263],[96.51914,16.72263],[96.51878,16.72357],[96.51896,16.72357]]],[[[96.52264,16.72323],[96.52246,16.72469],[96.52282,16.72486],[96.52264,16.72375],[96.52309,16.7234],[96.52309,16.72288],[96.5239,16.72168],[96.52408,16.7203],[96.52381,16.72022],[96.52417,16.71884],[96.52417,16.71833],[96.5239,16.71833],[96.52399,16.71729],[96.52345,16.71781],[96.52372,16.71858],[96.52354,16.72159],[96.52309,16.72202],[96.523,16.7228],[96.52264,16.72288],[96.52264,16.72323]]],[[[96.52498,16.7271],[96.52489,16.72658],[96.52354,16.72564],[96.52363,16.72521],[96.52282,16.72495],[96.52282,16.72547],[96.52417,16.72641],[96.52471,16.72753],[96.52435,16.72787],[96.5195,16.72813],[96.51995,16.72839],[96.5239,16.7283],[96.5248,16.72805],[96.52507,16.7271],[96.52498,16.7271]]],[[[96.46021,16.72873],[96.46039,16.72848],[96.45994,16.72839],[96.45994,16.72873],[96.4594,16.72873],[96.45904,16.72942],[96.46003,16.72942],[96.46021,16.72882],[96.46021,16.72873]]],[[[96.56989,16.73183],[96.56953,16.73175],[96.56953,16.732],[96.57007,16.732],[96.56989,16.73269],[96.57097,16.73243],[96.56989,16.73175],[96.56989,16.73183]]],[[[96.53028,16.74964],[96.53046,16.74912],[96.52821,16.74904],[96.52794,16.74929],[96.52821,16.74955],[96.53019,16.74964],[96.53028,16.74964]]],[[[96.52866,16.75927],[96.52848,16.75833],[96.52758,16.75841],[96.52749,16.7591],[96.52848,16.75927],[96.52866,16.75927]]],[[[96.51447,16.7665],[96.51492,16.76624],[96.51474,16.76572],[96.51303,16.76581],[96.51321,16.76624],[96.51438,16.7665],[96.51447,16.7665]]],[[[96.44161,16.76658],[96.44117,16.76641],[96.44135,16.76684],[96.44099,16.76658],[96.44099,16.76727],[96.4417,16.76736],[96.4417,16.76684],[96.44224,16.76667],[96.4417,16.76658],[96.44161,16.76658]]],[[[96.44045,16.76822],[96.44054,16.76684],[96.44036,16.76727],[96.43991,16.7671],[96.43973,16.76736],[96.44,16.76822],[96.44036,16.76822],[96.44045,16.76822]]],[[[96.54807,16.76968],[96.5478,16.77054],[96.5486,16.77097],[96.54878,16.76951],[96.54807,16.76951],[96.54807,16.76968]]],[[[96.76806,16.7708],[96.7677,16.77097],[96.7686,16.77131],[96.7686,16.77037],[96.76788,16.7702],[96.76806,16.77071],[96.76806,16.7708]]],[[[96.52417,16.77183],[96.52426,16.77157],[96.5248,16.77157],[96.52435,16.77054],[96.5239,16.7708],[96.52408,16.77183],[96.52417,16.77183]]],[[[96.54501,16.7745],[96.54465,16.77407],[96.54429,16.77415],[96.54438,16.77372],[96.54402,16.77381],[96.54411,16.77355],[96.54303,16.77338],[96.54312,16.77458],[96.54375,16.77458],[96.54384,16.7751],[96.5442,16.7751],[96.54411,16.77544],[96.54456,16.77544],[96.54456,16.77579],[96.54537,16.77536],[96.5451,16.7745],[96.54501,16.7745]]],[[[96.76716,16.78103],[96.76743,16.78052],[96.76707,16.78043],[96.76698,16.78],[96.76752,16.77983],[96.76654,16.77974],[96.76636,16.78043],[96.76663,16.78095],[96.76716,16.78112],[96.76716,16.78103]]],[[[96.79591,16.78232],[96.79609,16.7825],[96.79564,16.78232],[96.79528,16.78258],[96.79519,16.78215],[96.79555,16.78189],[96.7951,16.78164],[96.79483,16.78189],[96.79465,16.7837],[96.79501,16.78361],[96.79492,16.78396],[96.79546,16.78396],[96.79546,16.78361],[96.79492,16.78344],[96.79501,16.78267],[96.796,16.78293],[96.79627,16.78207],[96.79591,16.78207],[96.79591,16.78232]]],[[[96.79555,16.78568],[96.79591,16.78482],[96.79546,16.78525],[96.79537,16.7849],[96.79564,16.7849],[96.79582,16.78439],[96.79483,16.78456],[96.79519,16.78542],[96.79456,16.78594],[96.79564,16.78662],[96.79564,16.78568],[96.79555,16.78568]]],[[[96.7969,16.78585],[96.79735,16.78602],[96.79699,16.78645],[96.79807,16.78662],[96.79816,16.78714],[96.79852,16.78723],[96.79852,16.78688],[96.79896,16.78671],[96.79852,16.78654],[96.79879,16.78645],[96.79879,16.78585],[96.79825,16.78602],[96.79798,16.78568],[96.79798,16.78508],[96.79744,16.78525],[96.79663,16.7849],[96.79681,16.78585],[96.7969,16.78585]]],[[[96.79977,16.78783],[96.79959,16.78697],[96.79932,16.78757],[96.79861,16.78757],[96.79888,16.788],[96.79986,16.78783],[96.79977,16.78783]]],[[[96.80031,16.78869],[96.79977,16.78843],[96.79968,16.78912],[96.79932,16.7892],[96.79932,16.78895],[96.79905,16.7892],[96.79959,16.78929],[96.79968,16.78963],[96.80004,16.78946],[96.80004,16.78903],[96.80076,16.78938],[96.8004,16.78869],[96.80031,16.78869]]],[[[96.43021,16.79006],[96.43003,16.78929],[96.42931,16.78938],[96.42931,16.78989],[96.42985,16.79006],[96.43021,16.79006]]],[[[96.478,16.79557],[96.47818,16.79505],[96.47773,16.79514],[96.47746,16.79471],[96.47746,16.79497],[96.47674,16.79479],[96.47674,16.79531],[96.47728,16.79514],[96.47755,16.7954],[96.47746,16.79565],[96.4771,16.7954],[96.47719,16.796],[96.47845,16.79591],[96.478,16.79565],[96.478,16.79557]]],[[[96.80139,16.79849],[96.8013,16.79806],[96.80004,16.79858],[96.80022,16.79978],[96.80067,16.79987],[96.80085,16.79927],[96.80157,16.79909],[96.80139,16.79866],[96.80139,16.79849]]],[[[96.76851,16.80099],[96.76851,16.80064],[96.76815,16.80073],[96.76797,16.80021],[96.7677,16.8003],[96.76761,16.80073],[96.76788,16.80064],[96.76833,16.8015],[96.76905,16.80167],[96.76869,16.80099],[96.76851,16.80099]]],[[[96.75441,16.80167],[96.75423,16.80236],[96.75504,16.80219],[96.7554,16.80271],[96.75576,16.80271],[96.75549,16.80202],[96.75477,16.8021],[96.75468,16.80167],[96.75504,16.80176],[96.75513,16.8015],[96.75468,16.80142],[96.7545,16.8009],[96.75423,16.80167],[96.75441,16.80167]]],[[[96.79962,16.8101],[96.79962,16.80916],[96.79908,16.80907],[96.7989,16.80959],[96.79935,16.80967],[96.79917,16.81002],[96.79944,16.8101],[96.79962,16.8101]]],[[[96.77606,16.81509],[96.77554,16.81458],[96.7751,16.81483],[96.77527,16.81518],[96.77572,16.81501],[96.77588,16.81569],[96.77644,16.81544],[96.77615,16.81509],[96.77606,16.81509]]],[[[96.78318,16.82042],[96.78336,16.81982],[96.78282,16.81991],[96.78309,16.81922],[96.78255,16.81922],[96.78237,16.81948],[96.78264,16.81991],[96.78219,16.81974],[96.7821,16.82017],[96.78246,16.81999],[96.78273,16.82034],[96.78318,16.82008],[96.78309,16.82042],[96.78318,16.82042]]],[[[96.78758,16.82515],[96.78803,16.82498],[96.78803,16.82455],[96.7883,16.82489],[96.7883,16.82412],[96.78785,16.82438],[96.78785,16.82481],[96.78749,16.82412],[96.78722,16.82464],[96.78677,16.82412],[96.78632,16.82541],[96.78668,16.82567],[96.78632,16.82593],[96.78677,16.82593],[96.78704,16.82515],[96.78758,16.82524],[96.78758,16.82515]]],[[[96.76863,16.8273],[96.7689,16.82704],[96.76854,16.82679],[96.76782,16.82696],[96.76782,16.82636],[96.76701,16.82661],[96.76854,16.8273],[96.76863,16.8273]]],[[[96.76997,16.82808],[96.77078,16.82902],[96.77141,16.82885],[96.76926,16.82739],[96.76935,16.82808],[96.76953,16.82782],[96.76988,16.82808],[96.76997,16.82808]]],[[[96.77483,16.83109],[96.7751,16.83083],[96.77608,16.83091],[96.77501,16.83057],[96.77456,16.83066],[96.77456,16.83091],[96.77375,16.83066],[96.77438,16.83117],[96.77492,16.83109],[96.77483,16.83109]]],[[[96.79935,16.83066],[96.79998,16.83169],[96.80115,16.83246],[96.80124,16.83212],[96.80052,16.83186],[96.80052,16.83134],[96.80007,16.83143],[96.79989,16.83117],[96.80034,16.83091],[96.79953,16.83066],[96.79935,16.83066]]],[[[96.75668,16.83186],[96.7565,16.82971],[96.75623,16.83083],[96.75659,16.83306],[96.75686,16.83263],[96.75668,16.83195],[96.75668,16.83186]]],[[[96.75623,16.83616],[96.7565,16.83581],[96.75632,16.8353],[96.75668,16.83358],[96.75623,16.83409],[96.75623,16.83642],[96.75632,16.83616],[96.75623,16.83616]]],[[[96.80474,16.83874],[96.80447,16.83667],[96.80357,16.8353],[96.80402,16.83642],[96.80402,16.83796],[96.80456,16.83874],[96.80474,16.83874]]],[[[96.80474,16.83874],[96.80438,16.839],[96.80519,16.83951],[96.80537,16.84046],[96.806,16.84123],[96.80591,16.842],[96.80627,16.84175],[96.80627,16.84235],[96.80672,16.84226],[96.80591,16.83994],[96.80564,16.83994],[96.80546,16.83934],[96.8051,16.83934],[96.80483,16.83874],[96.80474,16.83874]]],[[[96.76782,16.84252],[96.76791,16.84226],[96.76701,16.84226],[96.76719,16.84338],[96.76773,16.8439],[96.76773,16.84355],[96.768,16.84355],[96.76773,16.84312],[96.76827,16.84304],[96.76854,16.84347],[96.76782,16.84407],[96.768,16.84433],[96.76836,16.84415],[96.76827,16.84467],[96.7689,16.84536],[96.76926,16.84484],[96.76899,16.84467],[96.76917,16.84415],[96.76979,16.84415],[96.76935,16.84398],[96.76971,16.84364],[96.76935,16.84355],[96.76944,16.84312],[96.76899,16.84286],[96.768,16.84269],[96.76782,16.84295],[96.76782,16.84252]]],[[[96.77042,16.84613],[96.77078,16.84587],[96.77024,16.8457],[96.7706,16.84519],[96.76997,16.84501],[96.76988,16.84553],[96.76935,16.84553],[96.76971,16.84596],[96.76997,16.8457],[96.77024,16.84613],[96.77042,16.84613]]],[[[96.75955,16.84699],[96.75884,16.84648],[96.75866,16.84665],[96.75911,16.84699],[96.75839,16.84716],[96.75857,16.84742],[96.75893,16.84708],[96.75911,16.84734],[96.75973,16.84725],[96.75982,16.84751],[96.75937,16.84777],[96.75973,16.84811],[96.76009,16.84751],[96.76045,16.84785],[96.76117,16.84777],[96.76135,16.84742],[96.7609,16.84768],[96.75964,16.84699],[96.75955,16.84699]]],[[[96.76342,16.84648],[96.76315,16.84648],[96.76324,16.84691],[96.76297,16.84665],[96.76288,16.84708],[96.7636,16.84699],[96.76405,16.84751],[96.76369,16.84785],[96.76342,16.84759],[96.76297,16.84777],[96.76306,16.84845],[96.76369,16.8482],[96.76423,16.84837],[96.76432,16.84794],[96.76503,16.84845],[96.76494,16.84811],[96.7653,16.84777],[96.76494,16.84777],[96.76503,16.84742],[96.76467,16.84725],[96.76467,16.84656],[96.76351,16.8463],[96.76351,16.84596],[96.76288,16.84605],[96.76279,16.84562],[96.7627,16.84587],[96.76234,16.84562],[96.76189,16.84579],[96.76234,16.84579],[96.76243,16.84622],[96.76342,16.8463],[96.76342,16.84648]]],[[[96.76575,16.84854],[96.76593,16.84802],[96.76638,16.84845],[96.76728,16.8482],[96.76719,16.84777],[96.76665,16.84751],[96.7662,16.84759],[96.76629,16.84794],[96.76566,16.84768],[96.76521,16.8482],[96.76584,16.84854],[96.76575,16.84854]]],[[[96.76935,16.84794],[96.76979,16.84777],[96.76863,16.8482],[96.76863,16.84863],[96.76818,16.84845],[96.768,16.84871],[96.76881,16.8488],[96.76863,16.84966],[96.76746,16.8494],[96.76746,16.84966],[96.76692,16.84983],[96.76899,16.84983],[96.76917,16.84957],[96.76926,16.85009],[96.7689,16.85017],[96.76944,16.85026],[96.76944,16.85052],[96.77042,16.85043],[96.77024,16.85103],[96.77096,16.85155],[96.77123,16.8512],[96.77096,16.85043],[96.77132,16.8506],[96.77123,16.84991],[96.77168,16.84923],[96.77168,16.84734],[96.77069,16.84699],[96.77051,16.84656],[96.76997,16.84656],[96.76908,16.84579],[96.76872,16.84587],[96.76881,16.84544],[96.76728,16.84544],[96.76737,16.84579],[96.76782,16.84596],[96.768,16.8457],[96.76818,16.84596],[96.768,16.84639],[96.76764,16.8463],[96.76782,16.84691],[96.76746,16.84699],[96.768,16.84716],[96.768,16.84777],[96.76899,16.84768],[96.76926,16.84794],[96.76935,16.84794]]],[[[96.77231,16.85129],[96.77294,16.85069],[96.77276,16.85],[96.7724,16.85017],[96.77267,16.8506],[96.77195,16.85017],[96.77177,16.85129],[96.77204,16.85155],[96.77231,16.85138],[96.77231,16.85129]]],[[[96.75659,16.85404],[96.75758,16.8543],[96.7574,16.85396],[96.75767,16.85378],[96.75695,16.85353],[96.75623,16.85396],[96.7565,16.85404],[96.75659,16.85404]]],[[[96.79135,16.85516],[96.79126,16.8549],[96.79162,16.85516],[96.79333,16.85404],[96.79252,16.85387],[96.79243,16.8543],[96.79198,16.8543],[96.79073,16.85542],[96.79001,16.85559],[96.78902,16.85671],[96.78938,16.85679],[96.79091,16.85525],[96.79135,16.85525],[96.79135,16.85516]]],[[[96.76593,16.85739],[96.76629,16.85705],[96.76575,16.85662],[96.76566,16.85576],[96.76575,16.85533],[96.76602,16.85533],[96.76575,16.85499],[96.76566,16.85533],[96.7653,16.85533],[96.76539,16.85593],[96.76494,16.85619],[96.76557,16.85653],[96.76548,16.85714],[96.76584,16.85739],[96.76593,16.85739]]],[[[96.7874,16.85894],[96.78749,16.85851],[96.78884,16.85731],[96.7883,16.85722],[96.78704,16.85877],[96.78731,16.85894],[96.7874,16.85894]]],[[[96.76997,16.85997],[96.77051,16.86006],[96.77069,16.85937],[96.77069,16.85997],[96.77141,16.85989],[96.77159,16.85929],[96.77105,16.8586],[96.77132,16.85834],[96.77132,16.85731],[96.77087,16.85696],[96.77096,16.85731],[96.7706,16.85748],[96.77042,16.85705],[96.77078,16.85679],[96.77033,16.85636],[96.76979,16.85679],[96.76988,16.85714],[96.77015,16.85696],[96.77006,16.85722],[96.76971,16.85722],[96.76917,16.85808],[96.76953,16.8586],[96.7689,16.8586],[96.76881,16.85903],[96.76908,16.8598],[96.76997,16.86015],[96.76997,16.85997]]],[[[96.75812,16.86083],[96.75848,16.86066],[96.75848,16.86015],[96.75776,16.86049],[96.75731,16.86023],[96.75749,16.85989],[96.75713,16.85954],[96.75596,16.86015],[96.75632,16.86075],[96.75785,16.86083],[96.75812,16.86083]]],[[[96.77006,16.86058],[96.76971,16.8604],[96.76962,16.86092],[96.76908,16.86083],[96.76935,16.86092],[96.76908,16.86144],[96.76997,16.86135],[96.76988,16.86161],[96.77015,16.86161],[96.77006,16.86109],[96.76962,16.86109],[96.77006,16.86066],[96.77006,16.86058]]],[[[96.75704,16.86247],[96.75731,16.86238],[96.75722,16.86186],[96.75686,16.86161],[96.75623,16.86178],[96.75596,16.86126],[96.75596,16.86178],[96.75695,16.86247],[96.75704,16.86247]]],[[[96.76782,16.86186],[96.76737,16.86075],[96.76764,16.85946],[96.76692,16.85843],[96.76692,16.85791],[96.76629,16.85731],[96.76584,16.85791],[96.76656,16.85791],[96.76656,16.8586],[96.76728,16.85903],[96.7671,16.86083],[96.76791,16.86221],[96.76773,16.86255],[96.76818,16.86264],[96.76791,16.86186],[96.76782,16.86186]]],[[[96.76117,16.86221],[96.76063,16.86126],[96.76018,16.86126],[96.76054,16.86135],[96.76036,16.86169],[96.76072,16.86333],[96.76135,16.86333],[96.76162,16.86298],[96.76117,16.86229],[96.76117,16.86221]]],[[[96.75677,16.86315],[96.7565,16.86281],[96.75578,16.8629],[96.75596,16.86358],[96.75659,16.86384],[96.75749,16.86367],[96.75767,16.86393],[96.75749,16.86298],[96.75677,16.86298],[96.75677,16.86315]]],[[[96.76548,16.86444],[96.76575,16.86367],[96.76602,16.86367],[96.76566,16.86341],[96.76566,16.86272],[96.76467,16.8641],[96.76539,16.86444],[96.76548,16.86444]]],[[[96.76,16.86427],[96.75991,16.86384],[96.75937,16.86444],[96.75955,16.86298],[96.75919,16.86238],[96.75946,16.86212],[96.75893,16.86204],[96.75911,16.86169],[96.75875,16.86144],[96.75857,16.86195],[96.75911,16.86238],[96.75911,16.86324],[96.75884,16.86333],[96.75866,16.86281],[96.75839,16.86315],[96.75794,16.8629],[96.75776,16.86358],[96.75803,16.86358],[96.75812,16.86401],[96.75785,16.86444],[96.75803,16.86479],[96.75911,16.86444],[96.76009,16.8647],[96.76009,16.86427],[96.76,16.86427]]],[[[96.76387,16.86272],[96.76333,16.86272],[96.76378,16.86212],[96.76315,16.86186],[96.76351,16.86152],[96.76324,16.86118],[96.76351,16.86126],[96.7636,16.86092],[96.76315,16.86109],[96.76297,16.86075],[96.76243,16.86083],[96.76261,16.86169],[96.76216,16.86169],[96.76216,16.86204],[96.76288,16.8629],[96.76288,16.86324],[96.76243,16.86341],[96.76261,16.86401],[96.76216,16.8641],[96.76108,16.8635],[96.76099,16.86393],[96.76135,16.8641],[96.76117,16.86436],[96.76171,16.86462],[96.76288,16.86453],[96.76306,16.86479],[96.76315,16.86444],[96.76396,16.86427],[96.76387,16.86384],[96.76521,16.86229],[96.76512,16.86186],[96.76458,16.86212],[96.76458,16.86264],[96.76423,16.86264],[96.76432,16.86169],[96.76387,16.86247],[96.76387,16.86272]]],[[[96.75758,16.86496],[96.7574,16.8641],[96.75668,16.8641],[96.75659,16.86444],[96.7574,16.86496],[96.75758,16.86496]]],[[[96.78309,16.86539],[96.783,16.86513],[96.78327,16.86539],[96.78318,16.86513],[96.78381,16.86479],[96.78273,16.86462],[96.78147,16.86487],[96.78165,16.86539],[96.78255,16.86505],[96.78273,16.86556],[96.78309,16.86548],[96.78309,16.86539]]],[[[96.76988,16.86685],[96.77033,16.86651],[96.76979,16.86702],[96.77123,16.86702],[96.7706,16.86651],[96.77078,16.86634],[96.77006,16.86616],[96.77006,16.86582],[96.76971,16.86582],[96.76997,16.86651],[96.76953,16.86685],[96.76988,16.86685]]],[[[96.77213,16.86694],[96.77204,16.86573],[96.77168,16.86573],[96.77132,16.86462],[96.77087,16.86462],[96.77078,16.86419],[96.77033,16.86436],[96.7706,16.86496],[96.77096,16.86479],[96.77069,16.86556],[96.77114,16.86573],[96.77177,16.86694],[96.77231,16.86719],[96.77222,16.86694],[96.77213,16.86694]]],[[[96.4102,16.86694],[96.41047,16.86728],[96.41083,16.86668],[96.41056,16.86625],[96.41119,16.86634],[96.41101,16.86591],[96.41002,16.86642],[96.41011,16.86694],[96.4102,16.86694]]],[[[96.412,16.86805],[96.412,16.86651],[96.41155,16.86642],[96.41173,16.86677],[96.4111,16.86668],[96.41083,16.86719],[96.4111,16.86797],[96.41164,16.86805],[96.412,16.86805]]],[[[96.75722,16.86823],[96.75821,16.8678],[96.75704,16.86745],[96.75731,16.8678],[96.75623,16.86788],[96.75632,16.86814],[96.75704,16.86823],[96.75722,16.86823]]],[[[96.77833,16.86805],[96.77824,16.86831],[96.77869,16.86814],[96.77896,16.8684],[96.77941,16.86814],[96.77995,16.86831],[96.7804,16.86788],[96.78004,16.86797],[96.77977,16.86762],[96.77923,16.86814],[96.7795,16.8678],[96.77932,16.86762],[96.77878,16.86797],[96.77824,16.8678],[96.77824,16.86805],[96.77833,16.86805]]],[[[96.76189,16.86573],[96.76216,16.86616],[96.7618,16.86642],[96.76144,16.86573],[96.76108,16.86565],[96.76126,16.8653],[96.76081,16.86513],[96.76054,16.86539],[96.76072,16.86608],[96.76045,16.86582],[96.76009,16.86608],[96.75982,16.86591],[96.75964,16.86634],[96.75991,16.86677],[96.75955,16.86685],[96.75893,16.86634],[96.75866,16.86539],[96.75839,16.8653],[96.75848,16.86582],[96.7583,16.86556],[96.75767,16.86565],[96.75749,16.86522],[96.75704,16.86539],[96.7574,16.86591],[96.75713,16.86634],[96.7574,16.86737],[96.75812,16.86711],[96.75821,16.86762],[96.75928,16.8678],[96.75955,16.86694],[96.75973,16.86728],[96.76027,16.86737],[96.76027,16.86694],[96.76063,16.86685],[96.76072,16.86728],[96.76135,16.86719],[96.7627,16.86771],[96.76252,16.86823],[96.76342,16.86848],[96.76396,16.86814],[96.76378,16.86711],[96.76432,16.86685],[96.76405,16.86625],[96.76441,16.86573],[96.76476,16.86582],[96.76503,16.86513],[96.76423,16.86487],[96.76378,16.86556],[96.76405,16.86591],[96.76378,16.86608],[96.76396,16.86659],[96.76315,16.86737],[96.76261,16.86702],[96.76342,16.86659],[96.76306,16.86599],[96.76333,16.86513],[96.76225,16.86479],[96.76243,16.86582],[96.76198,16.86522],[96.7618,16.86573],[96.76189,16.86573]]],[[[96.7733,16.86943],[96.77348,16.869],[96.77321,16.86866],[96.77348,16.86848],[96.77321,16.86823],[96.77267,16.86857],[96.77294,16.869],[96.77258,16.86926],[96.77303,16.86943],[96.7733,16.86943]]],[[[96.76054,16.86986],[96.76117,16.86926],[96.76108,16.86823],[96.76072,16.86788],[96.76027,16.86797],[96.76027,16.8684],[96.76072,16.86848],[96.76027,16.86883],[96.7609,16.86874],[96.76036,16.86986],[96.76054,16.86986]]],[[[96.76944,16.86977],[96.7689,16.86917],[96.76845,16.86917],[96.76863,16.86866],[96.76809,16.86866],[96.76845,16.8696],[96.76827,16.86986],[96.76863,16.8696],[96.76881,16.86986],[96.76962,16.86977],[96.76944,16.86977]]],[[[96.76611,16.86995],[96.76629,16.86952],[96.76593,16.86917],[96.7662,16.86831],[96.76593,16.86797],[96.76629,16.86728],[96.76602,16.86677],[96.76638,16.86556],[96.76566,16.86548],[96.76575,16.86616],[96.76602,16.86608],[96.76593,16.86642],[96.76557,16.86625],[96.76548,16.86702],[96.76584,16.86771],[96.76557,16.86788],[96.76584,16.86831],[96.76557,16.86857],[96.76557,16.86952],[96.76584,16.86995],[96.76611,16.86995]]],[[[96.7627,16.87055],[96.76234,16.87012],[96.76261,16.86943],[96.76243,16.869],[96.76144,16.86891],[96.76171,16.8696],[96.76126,16.86969],[96.76117,16.87012],[96.76261,16.87055],[96.7627,16.87055]]],[[[96.76387,16.87063],[96.76539,16.86986],[96.76503,16.8696],[96.76521,16.86874],[96.76485,16.86891],[96.76476,16.86857],[96.7636,16.86857],[96.76387,16.86969],[96.7636,16.86969],[96.76342,16.86917],[96.76279,16.86909],[96.76342,16.86943],[96.76324,16.86977],[96.76279,16.86969],[96.76315,16.86995],[96.76297,16.87046],[96.76369,16.87038],[96.76378,16.87063],[96.76387,16.87063]]],[[[96.77743,16.87184],[96.77761,16.87141],[96.77806,16.87175],[96.77788,16.87115],[96.77743,16.87115],[96.77725,16.87158],[96.77707,16.87124],[96.77671,16.87132],[96.77662,16.87175],[96.77734,16.87184],[96.77743,16.87184]]],[[[96.7715,16.87192],[96.77159,16.87132],[96.77078,16.87132],[96.77123,16.87124],[96.77087,16.87055],[96.77105,16.86986],[96.77024,16.87012],[96.77069,16.87089],[96.77069,16.87115],[96.77024,16.87115],[96.77033,16.87149],[96.77141,16.87192],[96.7715,16.87192]]],[[[96.77429,16.87124],[96.77429,16.87098],[96.77456,16.87106],[96.77429,16.87149],[96.77465,16.87149],[96.77483,16.87192],[96.77492,16.87141],[96.77527,16.87141],[96.77474,16.87081],[96.77384,16.87081],[96.77402,16.87124],[96.77429,16.87124]]],[[[96.7706,16.8733],[96.7706,16.8727],[96.76979,16.8727],[96.77015,16.87313],[96.77006,16.87381],[96.77051,16.8739],[96.77042,16.87424],[96.77078,16.8745],[96.77069,16.8733],[96.7706,16.8733]]],[[[96.77572,16.87424],[96.77617,16.87356],[96.7759,16.87313],[96.77474,16.87304],[96.77465,16.87364],[96.7742,16.87356],[96.77393,16.87278],[96.77375,16.87321],[96.77411,16.87321],[96.77384,16.87338],[96.77411,16.87381],[96.77384,16.87416],[96.7742,16.87424],[96.77402,16.8745],[96.77429,16.87476],[96.77474,16.87467],[96.77465,16.87416],[96.7751,16.87416],[96.77518,16.8745],[96.77554,16.87424],[96.77536,16.87459],[96.77563,16.87485],[96.7759,16.87424],[96.77572,16.87424]]],[[[96.76342,16.87227],[96.76288,16.87261],[96.76027,16.8727],[96.76045,16.8733],[96.75991,16.87356],[96.76045,16.87347],[96.76054,16.87399],[96.7609,16.87416],[96.76072,16.87502],[96.76099,16.87536],[96.76171,16.87502],[96.76342,16.87502],[96.76324,16.87338],[96.76297,16.87338],[96.76297,16.8727],[96.76333,16.8727],[96.76342,16.87235],[96.76342,16.87227]]],[[[96.76971,16.87407],[96.7689,16.8739],[96.76917,16.87373],[96.76872,16.87364],[96.7689,16.87321],[96.76791,16.87201],[96.76782,16.87261],[96.76836,16.87364],[96.76791,16.87364],[96.76746,16.87467],[96.76917,16.87545],[96.76953,16.87528],[96.77105,16.87571],[96.77069,16.87493],[96.77024,16.8751],[96.77015,16.87442],[96.76988,16.87442],[96.77006,16.87399],[96.76971,16.87399],[96.76971,16.87407]]],[[[96.76449,16.87657],[96.76449,16.87631],[96.76405,16.87631],[96.76432,16.87571],[96.76351,16.87536],[96.76306,16.87536],[96.76333,16.87571],[96.7627,16.87562],[96.76261,16.87605],[96.76324,16.87639],[96.76369,16.87605],[96.76369,16.87639],[96.76423,16.87657],[96.76449,16.87657]]],[[[96.76126,16.87665],[96.76162,16.87657],[96.76216,16.87553],[96.76162,16.87562],[96.76189,16.87588],[96.76099,16.87605],[96.7609,16.87631],[96.76063,16.87571],[96.76018,16.87596],[96.76054,16.87605],[96.76054,16.87648],[96.76117,16.87665],[96.76126,16.87665]]],[[[96.76692,16.8721],[96.76665,16.87218],[96.76719,16.87167],[96.76701,16.87115],[96.76674,16.87141],[96.7662,16.87115],[96.76566,16.87149],[96.76521,16.87124],[96.76485,16.87158],[96.76252,16.87158],[96.76351,16.87235],[96.76387,16.8721],[96.76467,16.87244],[96.76485,16.87321],[96.76548,16.87356],[96.76503,16.87399],[96.7653,16.87442],[96.76548,16.87407],[96.76566,16.87424],[96.7653,16.87485],[96.76485,16.87459],[96.76503,16.87416],[96.76449,16.87356],[96.76449,16.87304],[96.76342,16.87278],[96.76333,16.87347],[96.76378,16.87364],[96.76378,16.87485],[96.76351,16.87502],[96.76467,16.87562],[96.76539,16.87657],[96.76575,16.87657],[96.76593,16.87614],[96.76575,16.87579],[96.76503,16.87588],[96.76503,16.87562],[96.7653,16.87579],[96.76548,16.87493],[96.76557,16.87553],[96.76629,16.87545],[96.76602,16.87588],[96.76647,16.87579],[96.76674,16.87622],[96.76746,16.87579],[96.76728,16.87545],[96.76764,16.87545],[96.76782,16.87622],[96.76809,16.87605],[96.76845,16.87648],[96.76854,16.87596],[96.76899,16.87596],[96.76908,16.87682],[96.76836,16.87674],[96.76872,16.87708],[96.77087,16.87639],[96.76728,16.87528],[96.76719,16.87433],[96.76764,16.87416],[96.76791,16.8733],[96.76737,16.8733],[96.76746,16.8739],[96.7671,16.87399],[96.76701,16.8721],[96.76692,16.8721]]],[[[96.77635,16.87622],[96.7768,16.87639],[96.77644,16.87699],[96.77725,16.87725],[96.77725,16.87545],[96.77662,16.87536],[96.77662,16.87622],[96.77635,16.87622]]],[[[96.49024,16.8782],[96.48727,16.87639],[96.48727,16.87596],[96.48709,16.87622],[96.48593,16.87596],[96.48817,16.87691],[96.48826,16.87734],[96.48997,16.8782],[96.49024,16.8782]]],[[[96.48018,16.87897],[96.48054,16.8788],[96.47766,16.87785],[96.48009,16.87897],[96.48018,16.87897]]],[[[96.77635,16.87622],[96.77617,16.87562],[96.77581,16.87571],[96.77554,16.87519],[96.77501,16.87528],[96.77483,16.87493],[96.77447,16.87502],[96.77411,16.87571],[96.77366,16.87467],[96.77321,16.87493],[96.77267,16.87416],[96.77348,16.8745],[96.77366,16.87433],[96.77312,16.87424],[96.77321,16.8739],[96.77276,16.87364],[96.77231,16.87364],[96.77258,16.8733],[96.77213,16.87321],[96.77231,16.87295],[96.77132,16.8721],[96.77105,16.87252],[96.77168,16.8733],[96.77114,16.87399],[96.77132,16.87614],[96.77177,16.87605],[96.77213,16.87648],[96.77285,16.87639],[96.7733,16.87699],[96.7715,16.87639],[96.77006,16.87742],[96.77024,16.87768],[96.77087,16.87734],[96.77132,16.87803],[96.77042,16.87777],[96.76971,16.87794],[96.76926,16.8776],[96.76872,16.87785],[96.76872,16.8782],[96.76953,16.87837],[96.76935,16.87854],[96.77006,16.87889],[96.76997,16.87932],[96.77078,16.87871],[96.77159,16.87932],[96.77276,16.87897],[96.77294,16.87751],[96.7733,16.87742],[96.77357,16.87837],[96.77393,16.87837],[96.77375,16.87742],[96.77411,16.87742],[96.77411,16.87846],[96.77483,16.8788],[96.77545,16.87811],[96.77527,16.87889],[96.7759,16.87914],[96.77698,16.8776],[96.77447,16.87725],[96.77438,16.87674],[96.77483,16.87648],[96.77474,16.87682],[96.77536,16.87682],[96.77617,16.87622],[96.77635,16.87622]]],[[[96.77671,16.8794],[96.77743,16.8788],[96.77779,16.87906],[96.77797,16.87854],[96.77761,16.87854],[96.77761,16.87828],[96.77689,16.87854],[96.77635,16.87932],[96.77662,16.8794],[96.77671,16.8794]]],[[[96.76512,16.88172],[96.76539,16.88164],[96.76512,16.88129],[96.76566,16.88104],[96.76423,16.88078],[96.76458,16.88172],[96.76494,16.88172],[96.76512,16.88172]]],[[[96.73377,16.88155],[96.73413,16.88155],[96.73413,16.88129],[96.73332,16.88138],[96.73269,16.88207],[96.73368,16.88224],[96.73377,16.88198],[96.73332,16.88181],[96.73377,16.88164],[96.73377,16.88155]]],[[[96.73539,16.88164],[96.73584,16.88198],[96.73755,16.88224],[96.74069,16.88224],[96.74078,16.88198],[96.7406,16.88155],[96.73979,16.88189],[96.73934,16.88155],[96.73844,16.88155],[96.73826,16.88181],[96.73799,16.88155],[96.7344,16.88129],[96.73476,16.88172],[96.73521,16.88164],[96.73539,16.88164]]],[[[96.7636,16.88164],[96.7636,16.88207],[96.76315,16.88224],[96.76342,16.88172],[96.76288,16.88155],[96.76279,16.88241],[96.76315,16.88275],[96.7636,16.88224],[96.7636,16.88284],[96.76387,16.88275],[96.76423,16.88318],[96.76414,16.88207],[96.76378,16.88207],[96.76369,16.88164],[96.7636,16.88164]]],[[[96.76342,16.8837],[96.76387,16.88327],[96.76351,16.88301],[96.76315,16.88318],[96.76261,16.88232],[96.76225,16.8825],[96.76189,16.88215],[96.76189,16.88318],[96.76261,16.88318],[96.76243,16.88336],[96.76288,16.8837],[96.76342,16.8837]]],[[[96.72677,16.88473],[96.72551,16.88516],[96.72533,16.88559],[96.72569,16.88576],[96.72704,16.8849],[96.72775,16.88482],[96.72775,16.88456],[96.72892,16.8843],[96.72883,16.88404],[96.72928,16.88404],[96.72919,16.88379],[96.72946,16.88404],[96.72991,16.88344],[96.72677,16.88465],[96.72677,16.88473]]],[[[96.7238,16.88654],[96.72524,16.88593],[96.7247,16.88559],[96.72362,16.88619],[96.72371,16.88654],[96.7238,16.88654]]],[[[96.73925,16.888],[96.73943,16.88783],[96.73925,16.88826],[96.73979,16.88808],[96.73943,16.88654],[96.73907,16.88636],[96.73916,16.888],[96.73925,16.888]]],[[[96.49841,16.89092],[96.49832,16.89118],[96.49743,16.89118],[96.49823,16.89169],[96.4985,16.89144],[96.49832,16.89178],[96.49877,16.89178],[96.49931,16.89015],[96.49743,16.8904],[96.49752,16.89083],[96.49823,16.89092],[96.49841,16.89092]]],[[[96.49527,16.89195],[96.49527,16.89169],[96.49572,16.89169],[96.49563,16.89118],[96.49527,16.89118],[96.49563,16.89066],[96.49482,16.89092],[96.49518,16.89195],[96.49527,16.89195]]],[[[96.49698,16.89144],[96.49725,16.89118],[96.49707,16.8904],[96.4959,16.89083],[96.4959,16.89178],[96.49617,16.89178],[96.49626,16.89221],[96.4968,16.8923],[96.49707,16.89187],[96.49671,16.89178],[96.49698,16.89178],[96.49698,16.89144]]],[[[96.49545,16.89367],[96.49572,16.89324],[96.49608,16.89333],[96.49626,16.89281],[96.49554,16.89273],[96.49563,16.89298],[96.49536,16.89298],[96.49473,16.89273],[96.49527,16.89367],[96.49545,16.89367]]],[[[96.49581,16.89444],[96.49662,16.89384],[96.49698,16.89393],[96.49716,16.89341],[96.49662,16.89316],[96.49536,16.89393],[96.49563,16.89444],[96.49581,16.89444]]],[[[96.57684,16.89814],[96.5772,16.89805],[96.57693,16.89797],[96.5772,16.89745],[96.57666,16.89694],[96.57684,16.89668],[96.57612,16.89677],[96.57594,16.89737],[96.57648,16.8972],[96.57639,16.89797],[96.57675,16.89814],[96.57684,16.89814]]],[[[96.55752,16.89642],[96.5568,16.89634],[96.55662,16.89711],[96.55671,16.89814],[96.55743,16.89848],[96.55752,16.89788],[96.55779,16.89788],[96.5577,16.89823],[96.55815,16.89805],[96.55788,16.89685],[96.55806,16.89616],[96.55734,16.89616],[96.55752,16.89634],[96.55752,16.89642]]],[[[96.50326,16.89857],[96.50389,16.89831],[96.50479,16.89848],[96.50488,16.89771],[96.50389,16.89823],[96.50371,16.89728],[96.50291,16.8972],[96.50317,16.89857],[96.50326,16.89857]]],[[[96.51943,16.89848],[96.51692,16.89797],[96.51566,16.89788],[96.51557,16.89814],[96.51916,16.89848],[96.51943,16.89848]]],[[[96.50695,16.89874],[96.50758,16.89857],[96.50767,16.89788],[96.50659,16.89788],[96.50668,16.89848],[96.50641,16.89857],[96.50677,16.89874],[96.50695,16.89874]]],[[[96.50632,16.89891],[96.50632,16.89857],[96.50587,16.89848],[96.50623,16.89831],[96.50632,16.89754],[96.50515,16.89762],[96.50524,16.89823],[96.50569,16.89805],[96.50578,16.89857],[96.50551,16.89874],[96.50596,16.89891],[96.50632,16.89891]]],[[[96.52563,16.89934],[96.52437,16.89891],[96.51943,16.89848],[96.52177,16.89917],[96.52545,16.89934],[96.52563,16.89934]]],[[[96.50677,16.8996],[96.50758,16.89943],[96.50767,16.899],[96.50659,16.899],[96.50668,16.8996],[96.50677,16.8996]]],[[[96.50264,16.89977],[96.50308,16.89934],[96.50282,16.89891],[96.5021,16.89917],[96.50228,16.89977],[96.50264,16.89977]]],[[[96.52563,16.89934],[96.52635,16.89969],[96.52896,16.89986],[96.52905,16.90012],[96.52968,16.89995],[96.5303,16.90029],[96.53192,16.90029],[96.53183,16.90003],[96.52572,16.89934],[96.52563,16.89934]]],[[[96.50919,16.90081],[96.50982,16.90038],[96.51036,16.90063],[96.51,16.9002],[96.51036,16.90012],[96.51036,16.8996],[96.50964,16.89891],[96.50919,16.89917],[96.50937,16.90003],[96.5091,16.90081],[96.50919,16.90081]]],[[[96.50677,16.89995],[96.50641,16.89969],[96.50569,16.90003],[96.50668,16.90012],[96.50677,16.90055],[96.50587,16.90055],[96.50623,16.90063],[96.50614,16.90106],[96.50659,16.90132],[96.50659,16.90072],[96.50695,16.90072],[96.50722,16.90098],[96.50686,16.90123],[96.50713,16.90132],[96.50767,16.90003],[96.50677,16.89977],[96.50677,16.89995]]],[[[96.54692,16.90158],[96.54683,16.90184],[96.54692,16.90149],[96.54593,16.90123],[96.54602,16.90209],[96.54575,16.90192],[96.54575,16.90235],[96.54602,16.90252],[96.5462,16.90227],[96.5462,16.90252],[96.5471,16.90278],[96.54737,16.90244],[96.54692,16.90235],[96.54728,16.90227],[96.54701,16.90209],[96.54728,16.90158],[96.54692,16.90158]]],[[[96.51458,16.90338],[96.5153,16.90313],[96.5153,16.90287],[96.51494,16.90287],[96.51503,16.90227],[96.51315,16.9027],[96.51333,16.90338],[96.51449,16.90338],[96.51458,16.90338]]],[[[96.51027,16.90347],[96.51144,16.90295],[96.51171,16.90227],[96.51216,16.90209],[96.51144,16.90201],[96.5118,16.90166],[96.51171,16.90106],[96.51135,16.90098],[96.51144,16.90141],[96.51081,16.90141],[96.51081,16.90184],[96.50991,16.90227],[96.51018,16.90347],[96.51027,16.90347]]],[[[96.54216,16.90373],[96.5383,16.90278],[96.53794,16.90295],[96.53974,16.90356],[96.54207,16.90373],[96.54216,16.90373]]],[[[96.51189,16.90381],[96.51234,16.90373],[96.51243,16.9033],[96.51162,16.90321],[96.51162,16.90356],[96.51117,16.9033],[96.51072,16.90364],[96.5109,16.90407],[96.51171,16.90381],[96.51189,16.90381]]],[[[96.50344,16.90338],[96.50344,16.90313],[96.50291,16.90304],[96.50308,16.90356],[96.50273,16.90373],[96.50317,16.90381],[96.50317,16.90424],[96.50371,16.90433],[96.50344,16.90347],[96.50344,16.90338]]],[[[96.51925,16.90442],[96.5189,16.90381],[96.51907,16.90347],[96.51845,16.9039],[96.51881,16.90313],[96.518,16.90132],[96.51773,16.90132],[96.51791,16.90106],[96.51764,16.90046],[96.51701,16.90038],[96.51764,16.9002],[96.51683,16.899],[96.51692,16.89866],[96.51602,16.89857],[96.51638,16.89891],[96.51512,16.89883],[96.51512,16.89917],[96.51512,16.89891],[96.51413,16.89866],[96.51368,16.899],[96.51261,16.89874],[96.51261,16.89909],[96.51216,16.89883],[96.51135,16.89917],[96.51162,16.89943],[96.51198,16.89926],[96.51162,16.89986],[96.51288,16.89926],[96.51288,16.90003],[96.51342,16.90029],[96.51333,16.90063],[96.51234,16.90029],[96.5127,16.90081],[96.51252,16.90132],[96.51225,16.90132],[96.51252,16.90158],[96.51324,16.90141],[96.51297,16.90072],[96.51351,16.90098],[96.51333,16.90166],[96.5127,16.90175],[96.51288,16.90235],[96.5136,16.90235],[96.5136,16.90175],[96.51404,16.90175],[96.51404,16.90227],[96.51512,16.90184],[96.51566,16.9027],[96.51575,16.90356],[96.51548,16.90338],[96.51539,16.90373],[96.51521,16.90347],[96.51342,16.90373],[96.51377,16.90442],[96.51575,16.9045],[96.51629,16.90424],[96.51656,16.9045],[96.51773,16.9045],[96.51764,16.90407],[96.51791,16.9045],[96.51934,16.90467],[96.51943,16.90442],[96.51925,16.90442]]],[[[96.51054,16.90416],[96.51018,16.90399],[96.51072,16.90407],[96.51036,16.90356],[96.50991,16.9039],[96.50937,16.90381],[96.50964,16.90484],[96.50973,16.9045],[96.51063,16.90459],[96.51054,16.90433],[96.51054,16.90416]]],[[[96.51189,16.90381],[96.5109,16.90416],[96.51081,16.90476],[96.51225,16.90467],[96.51207,16.90381],[96.51189,16.90381]]],[[[96.51566,16.90553],[96.51593,16.90536],[96.51584,16.90493],[96.51422,16.90484],[96.51557,16.90553],[96.51566,16.90553]]],[[[96.50264,16.90605],[96.50264,16.90459],[96.50201,16.90484],[96.50237,16.90553],[96.50228,16.90605],[96.50264,16.90605]]],[[[96.51692,16.90906],[96.51737,16.9088],[96.51719,16.90845],[96.51755,16.90845],[96.51764,16.90794],[96.51728,16.9076],[96.51764,16.90751],[96.51764,16.90613],[96.51692,16.90639],[96.51728,16.90665],[96.51701,16.90665],[96.51683,16.90906],[96.51692,16.90906]]],[[[96.51539,16.90914],[96.51584,16.90888],[96.51665,16.90906],[96.51665,16.90622],[96.51431,16.90622],[96.5144,16.90656],[96.51404,16.90674],[96.51449,16.90888],[96.51485,16.9088],[96.51521,16.90914],[96.51539,16.90914]]],[[[96.77069,16.90949],[96.77069,16.90914],[96.77132,16.90923],[96.77105,16.90845],[96.77051,16.90845],[96.7706,16.90949],[96.77069,16.90949]]],[[[96.51593,16.90966],[96.51647,16.90983],[96.51692,16.90949],[96.51674,16.90914],[96.51602,16.90914],[96.51557,16.9094],[96.51575,16.91],[96.51611,16.90992],[96.51593,16.90974],[96.51593,16.90966]]],[[[96.49707,16.90966],[96.49743,16.90923],[96.49653,16.90931],[96.49662,16.91],[96.49743,16.91],[96.49707,16.90974],[96.49707,16.90966]]],[[[96.49761,16.91267],[96.49761,16.91241],[96.49716,16.91249],[96.49752,16.91301],[96.49707,16.91301],[96.49698,16.91353],[96.49725,16.91361],[96.49725,16.91335],[96.49761,16.9137],[96.49832,16.9137],[96.49778,16.91344],[96.49761,16.91275],[96.49761,16.91267]]],[[[96.50964,16.91567],[96.50973,16.91542],[96.50973,16.91576],[96.51027,16.91576],[96.51036,16.91516],[96.51009,16.91542],[96.50973,16.91516],[96.50901,16.91533],[96.5091,16.91585],[96.50964,16.91585],[96.50964,16.91567]]],[[[96.43338,16.91628],[96.4332,16.91567],[96.43373,16.91559],[96.43293,16.91524],[96.43365,16.91507],[96.43338,16.91464],[96.43382,16.91464],[96.43373,16.91404],[96.4332,16.91421],[96.43329,16.91473],[96.43293,16.91481],[96.43248,16.91585],[96.43293,16.91628],[96.43338,16.91628]]],[[[96.50847,16.91524],[96.50847,16.9149],[96.50695,16.91481],[96.50695,16.91507],[96.50758,16.91516],[96.5074,16.91533],[96.50821,16.91542],[96.5083,16.91576],[96.50731,16.91567],[96.50767,16.91628],[96.50794,16.91593],[96.50803,16.91619],[96.50847,16.91602],[96.50847,16.91542],[96.50847,16.91524]]],[[[96.53605,16.91679],[96.53614,16.91645],[96.53596,16.91671],[96.53578,16.91653],[96.53587,16.91602],[96.53498,16.9161],[96.53524,16.91636],[96.53506,16.91671],[96.5356,16.91679],[96.53605,16.91679]]],[[[96.46922,16.91756],[96.46913,16.91636],[96.46733,16.91645],[96.46733,16.91756],[96.46895,16.91756],[96.46922,16.91756]]],[[[96.51395,16.91705],[96.51413,16.91722],[96.51377,16.91705],[96.51386,16.91739],[96.5136,16.91731],[96.51386,16.91774],[96.51351,16.91739],[96.51315,16.91756],[96.51351,16.91808],[96.51413,16.91808],[96.51395,16.91774],[96.5144,16.91714],[96.51431,16.91679],[96.51395,16.91688],[96.51395,16.91705]]],[[[96.51818,16.91825],[96.51881,16.91765],[96.51854,16.91731],[96.51773,16.91748],[96.518,16.91756],[96.518,16.91825],[96.51818,16.91825]]],[[[96.51575,16.91842],[96.51575,16.91808],[96.51548,16.91825],[96.51566,16.91765],[96.51512,16.91774],[96.51494,16.91748],[96.51503,16.91791],[96.51458,16.91825],[96.51548,16.91842],[96.51575,16.91842]]],[[[96.57118,16.91817],[96.57145,16.91808],[96.57127,16.91748],[96.57037,16.91782],[96.57091,16.91842],[96.57127,16.91842],[96.57127,16.91817],[96.57118,16.91817]]],[[[96.53605,16.9186],[96.53623,16.91774],[96.53587,16.91748],[96.53623,16.91756],[96.53623,16.91722],[96.53569,16.91731],[96.5356,16.9186],[96.53596,16.9186],[96.53605,16.9186]]],[[[96.46832,16.91885],[96.46877,16.91877],[96.46877,16.91842],[96.46931,16.91877],[96.46985,16.91868],[96.46976,16.91799],[96.46886,16.91782],[96.4685,16.91817],[96.46859,16.91791],[96.46787,16.91791],[96.46823,16.91885],[96.46832,16.91885]]],[[[96.52833,16.91834],[96.52824,16.91928],[96.5286,16.91928],[96.5286,16.91885],[96.52887,16.91911],[96.5295,16.91903],[96.52923,16.91782],[96.52869,16.91808],[96.52905,16.91868],[96.52869,16.91877],[96.52842,16.91834],[96.52833,16.91834]]],[[[96.52797,16.91937],[96.52797,16.91868],[96.52752,16.91885],[96.52734,16.9186],[96.52743,16.91791],[96.52698,16.91791],[96.52698,16.91825],[96.52662,16.91825],[96.52662,16.91799],[96.52635,16.91817],[96.52644,16.91885],[96.52671,16.91885],[96.52653,16.91911],[96.5277,16.91937],[96.52797,16.91937]]],[[[96.51342,16.91997],[96.51431,16.91937],[96.51413,16.9186],[96.5136,16.9186],[96.5136,16.91954],[96.51306,16.91954],[96.51297,16.9198],[96.51333,16.91997],[96.51342,16.91997]]],[[[96.43176,16.92006],[96.43194,16.91954],[96.43158,16.91911],[96.43194,16.91885],[96.4314,16.91868],[96.43122,16.91928],[96.43158,16.92006],[96.43176,16.92006]]],[[[96.53048,16.92006],[96.53057,16.91954],[96.53021,16.91937],[96.5303,16.91971],[96.52985,16.91971],[96.52968,16.91928],[96.53039,16.91894],[96.53048,16.9186],[96.52959,16.9186],[96.52968,16.9198],[96.53021,16.9198],[96.5303,16.92006],[96.53048,16.92006]]],[[[96.53363,16.92032],[96.5339,16.9186],[96.53336,16.91885],[96.53336,16.91937],[96.53363,16.91946],[96.53327,16.91946],[96.53345,16.92032],[96.53363,16.92032]]],[[[96.51198,16.92006],[96.51171,16.9198],[96.51198,16.91971],[96.51243,16.9204],[96.51279,16.92006],[96.5127,16.91971],[96.51225,16.91963],[96.51225,16.9192],[96.51153,16.91946],[96.51171,16.92023],[96.51198,16.92014],[96.51198,16.92006]]],[[[96.51467,16.92032],[96.51467,16.91997],[96.51539,16.9198],[96.51548,16.91937],[96.51467,16.91954],[96.51467,16.9192],[96.51422,16.9198],[96.51467,16.91989],[96.51395,16.91997],[96.51404,16.9204],[96.51413,16.92014],[96.51458,16.92032],[96.51467,16.92032]]],[[[96.52869,16.92014],[96.52833,16.91997],[96.52824,16.92049],[96.5303,16.92066],[96.53021,16.92032],[96.52941,16.92049],[96.52869,16.92006],[96.52869,16.92014]]],[[[96.53426,16.92049],[96.53435,16.92083],[96.53444,16.92049],[96.53569,16.92057],[96.5356,16.92006],[96.53605,16.9198],[96.53542,16.91963],[96.53506,16.91989],[96.53444,16.91954],[96.53408,16.92049],[96.53426,16.92049]]],[[[96.51692,16.921],[96.51692,16.92074],[96.51746,16.92092],[96.51764,16.92066],[96.51827,16.92092],[96.51809,16.92049],[96.51836,16.92006],[96.51809,16.91997],[96.51764,16.92057],[96.51746,16.92023],[96.51791,16.92006],[96.51791,16.91971],[96.51737,16.91946],[96.51692,16.91963],[96.51683,16.92006],[96.51728,16.92006],[96.51674,16.9204],[96.51674,16.921],[96.51692,16.921]]],[[[96.53929,16.91911],[96.53947,16.91885],[96.53929,16.91928],[96.53884,16.9192],[96.53911,16.91971],[96.53857,16.92014],[96.53857,16.92117],[96.53893,16.92135],[96.5392,16.92066],[96.53884,16.92023],[96.54028,16.92049],[96.54063,16.91868],[96.53947,16.9186],[96.5392,16.91911],[96.53929,16.91911]]],[[[96.51467,16.92032],[96.51431,16.92066],[96.51377,16.92057],[96.51377,16.92092],[96.51395,16.92066],[96.51449,16.92092],[96.5144,16.92126],[96.51476,16.92135],[96.51485,16.92109],[96.51503,16.92135],[96.51494,16.92074],[96.51539,16.92066],[96.51512,16.92135],[96.51566,16.92143],[96.51557,16.92109],[96.51593,16.92109],[96.51566,16.92057],[96.51476,16.92032],[96.51467,16.92032]]],[[[96.53048,16.92186],[96.53021,16.9216],[96.53039,16.92109],[96.53003,16.92109],[96.52976,16.92221],[96.53012,16.92238],[96.53039,16.92186],[96.53048,16.92186]]],[[[96.51961,16.92117],[96.51952,16.92083],[96.51997,16.92126],[96.51997,16.92066],[96.51863,16.921],[96.5189,16.92143],[96.51934,16.92126],[96.51925,16.92169],[96.51872,16.92178],[96.51863,16.92135],[96.51827,16.92143],[96.51845,16.92169],[96.51818,16.92246],[96.51988,16.92238],[96.51997,16.92212],[96.51952,16.92195],[96.51988,16.92178],[96.51997,16.92203],[96.52015,16.92152],[96.51961,16.92152],[96.51961,16.92117]]],[[[96.54549,16.92143],[96.54522,16.92169],[96.54513,16.92143],[96.54549,16.92143],[96.54522,16.92092],[96.54468,16.92109],[96.54477,16.92169],[96.54558,16.92255],[96.54593,16.92212],[96.54558,16.92186],[96.54567,16.92143],[96.54549,16.92143]]],[[[96.54342,16.92264],[96.54441,16.92203],[96.54387,16.92057],[96.54306,16.91971],[96.54261,16.91989],[96.5427,16.92229],[96.54279,16.92264],[96.54333,16.92229],[96.54324,16.92264],[96.54342,16.92264]]],[[[96.53776,16.92143],[96.53803,16.92246],[96.53722,16.92246],[96.53695,16.92281],[96.5374,16.92281],[96.53722,16.92307],[96.53749,16.92315],[96.53857,16.92289],[96.53812,16.92221],[96.53866,16.92221],[96.53875,16.92255],[96.53902,16.92178],[96.53893,16.92143],[96.53812,16.92152],[96.53839,16.92057],[96.53749,16.9204],[96.53722,16.92066],[96.53731,16.92117],[96.53794,16.921],[96.53776,16.92126],[96.53776,16.92143]]],[[[96.43014,16.92332],[96.43023,16.92307],[96.43086,16.92307],[96.43068,16.92246],[96.42996,16.92272],[96.42978,16.92315],[96.43005,16.92332],[96.43014,16.92332]]],[[[96.51872,16.92332],[96.51899,16.92307],[96.51997,16.92315],[96.52006,16.92289],[96.52033,16.92315],[96.52033,16.92272],[96.51881,16.92272],[96.51863,16.92332],[96.51872,16.92332]]],[[[96.51737,16.92135],[96.51665,16.92135],[96.51647,16.92203],[96.51674,16.92203],[96.51692,16.92152],[96.51737,16.92178],[96.5171,16.92221],[96.51737,16.92255],[96.51701,16.92195],[96.51665,16.92229],[96.51701,16.92255],[96.51656,16.92264],[96.51674,16.92315],[96.51701,16.92307],[96.51692,16.92341],[96.51719,16.92307],[96.51773,16.92307],[96.51773,16.92203],[96.51818,16.92169],[96.51791,16.92109],[96.51737,16.92126],[96.51737,16.92135]]],[[[96.54549,16.92418],[96.54575,16.92392],[96.54558,16.92332],[96.5445,16.92324],[96.5445,16.9241],[96.54531,16.92418],[96.54549,16.92418]]],[[[96.54351,16.9247],[96.54423,16.92453],[96.54414,16.92332],[96.54315,16.92315],[96.54324,16.92384],[96.54225,16.92341],[96.54198,16.92384],[96.54234,16.92461],[96.54342,16.9247],[96.54351,16.9247]]],[[[96.53273,16.92487],[96.53327,16.92478],[96.53381,16.92349],[96.533,16.92349],[96.533,16.92375],[96.53174,16.92358],[96.53174,16.92392],[96.53138,16.92358],[96.53138,16.92401],[96.53219,16.9241],[96.53264,16.92487],[96.53273,16.92487]]],[[[96.53731,16.92478],[96.5374,16.92392],[96.53641,16.92392],[96.53632,16.9247],[96.53695,16.92478],[96.53731,16.92478]]],[[[96.53533,16.92496],[96.53623,16.92478],[96.53623,16.92401],[96.53498,16.9241],[96.53471,16.92487],[96.53515,16.92496],[96.53533,16.92496]]],[[[96.53102,16.92539],[96.5312,16.92367],[96.52896,16.92375],[96.52914,16.92418],[96.52878,16.9253],[96.53084,16.92539],[96.53102,16.92539]]],[[[96.5462,16.92547],[96.5462,16.92435],[96.54558,16.92435],[96.54593,16.92444],[96.54584,16.92513],[96.54558,16.92478],[96.5454,16.92521],[96.54495,16.92487],[96.54513,16.92556],[96.54567,16.92521],[96.54629,16.92547],[96.5462,16.92547]]],[[[96.53875,16.92487],[96.53803,16.92521],[96.5374,16.92478],[96.53695,16.92513],[96.53587,16.92513],[96.5356,16.92582],[96.5392,16.92564],[96.53938,16.92487],[96.53884,16.92461],[96.53938,16.92453],[96.53929,16.92375],[96.53839,16.92375],[96.5383,16.92418],[96.53776,16.92401],[96.53758,16.92487],[96.53875,16.92461],[96.53875,16.92487]]],[[[96.53983,16.9259],[96.54045,16.9253],[96.54028,16.92496],[96.53983,16.92504],[96.53983,16.92461],[96.54045,16.92461],[96.53983,16.92384],[96.54045,16.92375],[96.54054,16.92496],[96.54117,16.92375],[96.54099,16.92349],[96.53965,16.92375],[96.53974,16.9259],[96.53983,16.9259]]],[[[96.43167,16.92616],[96.43149,16.92547],[96.43185,16.92547],[96.43149,16.9247],[96.43104,16.92607],[96.43158,16.92616],[96.43167,16.92616]]],[[[96.51836,16.92521],[96.51845,16.92496],[96.51845,16.92539],[96.51773,16.92547],[96.518,16.9259],[96.51872,16.92607],[96.51934,16.92582],[96.51934,16.92616],[96.51979,16.92616],[96.52015,16.92564],[96.51979,16.92513],[96.52015,16.92478],[96.5197,16.92487],[96.5197,16.92453],[96.51934,16.92478],[96.51979,16.92401],[96.51907,16.92444],[96.51863,16.92418],[96.51863,16.92453],[96.51809,16.92478],[96.51827,16.92521],[96.51836,16.92521]]],[[[96.50892,16.9259],[96.50892,16.92556],[96.50776,16.92573],[96.50812,16.92582],[96.50794,16.92625],[96.5083,16.92582],[96.50865,16.92582],[96.50838,16.92616],[96.50892,16.92616],[96.50937,16.92599],[96.50928,16.92564],[96.50955,16.92599],[96.50964,16.92539],[96.50901,16.92547],[96.50901,16.9259],[96.50892,16.9259]]],[[[96.52635,16.92625],[96.52689,16.92607],[96.52689,16.9253],[96.52545,16.92539],[96.52572,16.92625],[96.52617,16.92625],[96.52635,16.92625]]],[[[96.52833,16.92599],[96.52878,16.92401],[96.52824,16.92358],[96.52779,16.92444],[96.52815,16.92487],[96.52761,16.92461],[96.52743,16.92625],[96.52797,16.9265],[96.52851,16.92599],[96.52833,16.92599]]],[[[96.54315,16.9265],[96.54342,16.92625],[96.54414,16.92633],[96.54414,16.9259],[96.54297,16.92582],[96.54324,16.92599],[96.54306,16.92616],[96.54261,16.9259],[96.54261,16.9265],[96.54288,16.9265],[96.54315,16.9265]]],[[[96.51925,16.92685],[96.51934,16.92642],[96.51907,16.92667],[96.51899,16.92633],[96.51773,16.92642],[96.51809,16.92676],[96.51899,16.92685],[96.51925,16.92685]]],[[[96.5312,16.92685],[96.53156,16.92676],[96.53156,16.92642],[96.53129,16.92642],[96.53111,16.92564],[96.53066,16.92556],[96.53048,16.92676],[96.53111,16.92685],[96.5312,16.92685]]],[[[96.53902,16.92693],[96.53956,16.92702],[96.53983,16.92667],[96.53965,16.92633],[96.53875,16.92625],[96.53875,16.92599],[96.53776,16.92607],[96.53767,16.92659],[96.53722,16.9265],[96.53713,16.92616],[96.53749,16.92642],[96.53731,16.92599],[96.53695,16.92625],[96.53641,16.92607],[96.53632,16.92633],[96.53498,16.92625],[96.53471,16.92676],[96.5356,16.92702],[96.53641,16.92685],[96.53659,16.9271],[96.53677,16.92685],[96.53866,16.92693],[96.53902,16.92693]]],[[[96.51485,16.92693],[96.51503,16.92719],[96.51548,16.92693],[96.51584,16.9271],[96.51593,16.92547],[96.51575,16.92582],[96.51548,16.92582],[96.51557,16.92547],[96.5153,16.92547],[96.5153,16.92582],[96.51521,16.92547],[96.51476,16.92556],[96.51503,16.92607],[96.51467,16.92693],[96.51485,16.92693]]],[[[96.54225,16.92719],[96.54216,16.92642],[96.54081,16.92607],[96.54054,16.92685],[96.54207,16.92719],[96.54225,16.92719]]],[[[96.54477,16.9259],[96.54477,16.92478],[96.54369,16.92487],[96.54351,16.9253],[96.54324,16.92478],[96.54225,16.92504],[96.54243,16.92556],[96.54279,16.9253],[96.54306,16.92564],[96.54468,16.92556],[96.54423,16.92659],[96.54504,16.9265],[96.54531,16.92693],[96.54459,16.92693],[96.54441,16.92659],[96.54441,16.92702],[96.54504,16.92736],[96.54584,16.92719],[96.54584,16.92676],[96.54522,16.9265],[96.54531,16.92582],[96.54495,16.9259],[96.54477,16.9259]]],[[[96.49392,16.92753],[96.49383,16.92676],[96.49275,16.92667],[96.49275,16.92728],[96.49338,16.9271],[96.49374,16.92753],[96.49392,16.92753]]],[[[96.51333,16.92693],[96.51288,16.92693],[96.51297,16.92745],[96.51342,16.92779],[96.5136,16.92745],[96.51413,16.92779],[96.51413,16.92736],[96.51377,16.92745],[96.51413,16.92702],[96.51333,16.92685],[96.51333,16.92693]]],[[[96.52905,16.92779],[96.53021,16.92719],[96.5303,16.92556],[96.52869,16.92556],[96.52869,16.92702],[96.52905,16.9271],[96.52887,16.92779],[96.52905,16.92779]]],[[[96.5418,16.92779],[96.54198,16.92745],[96.54162,16.92728],[96.54028,16.92736],[96.54036,16.92779],[96.54162,16.92779],[96.5418,16.92779]]],[[[96.50749,16.92814],[96.50776,16.92796],[96.50758,16.92779],[96.50847,16.92753],[96.50847,16.92796],[96.50901,16.92788],[96.50901,16.92745],[96.50785,16.92736],[96.50776,16.92771],[96.50767,16.92745],[96.50668,16.92771],[96.50695,16.92805],[96.50722,16.92779],[96.50731,16.92814],[96.50749,16.92814]]],[[[96.53812,16.92771],[96.53776,16.92762],[96.5392,16.92762],[96.53938,16.92736],[96.53489,16.92728],[96.53498,16.92753],[96.53453,16.92745],[96.53435,16.92788],[96.53453,16.92831],[96.53533,16.92814],[96.53498,16.92788],[96.53515,16.92762],[96.53542,16.92762],[96.53533,16.92805],[96.53623,16.92831],[96.53641,16.92805],[96.53722,16.92805],[96.53722,16.92779],[96.53767,16.92814],[96.53875,16.92796],[96.53857,16.92771],[96.53812,16.92779],[96.53812,16.92771]]],[[[96.51243,16.92857],[96.51342,16.92839],[96.51351,16.92805],[96.5127,16.92814],[96.51252,16.92702],[96.51207,16.92702],[96.5118,16.92745],[96.51243,16.92779],[96.51198,16.92771],[96.51189,16.92839],[96.51225,16.92857],[96.51243,16.92857]]],[[[96.51117,16.92865],[96.51162,16.92839],[96.51162,16.92805],[96.51126,16.92805],[96.51153,16.9265],[96.51216,16.92685],[96.51252,16.92667],[96.51234,16.92616],[96.51306,16.92667],[96.51333,16.92659],[96.51306,16.9265],[96.51333,16.92599],[96.51386,16.9265],[96.51449,16.9265],[96.51467,16.92607],[96.5136,16.92582],[96.51315,16.92616],[96.51288,16.92599],[96.51288,16.92642],[96.51234,16.92599],[96.5118,16.92607],[96.51189,16.92642],[96.51144,16.92642],[96.51144,16.92616],[96.51099,16.92633],[96.51117,16.9271],[96.51081,16.92728],[96.51117,16.92779],[96.51099,16.92814],[96.51126,16.92814],[96.51108,16.92865],[96.51117,16.92865]]],[[[96.5065,16.92865],[96.50551,16.92882],[96.50587,16.92917],[96.50596,16.92891],[96.50794,16.92891],[96.50767,16.92822],[96.5065,16.92848],[96.5065,16.92865]]],[[[96.5171,16.92908],[96.5171,16.92771],[96.51656,16.92753],[96.51665,16.92796],[96.51638,16.92814],[96.51683,16.92831],[96.51647,16.92831],[96.5162,16.92908],[96.51719,16.92908],[96.5171,16.92908]]],[[[96.51449,16.92857],[96.51431,16.92891],[96.51458,16.92917],[96.51485,16.929],[96.51503,16.92925],[96.51548,16.92882],[96.51539,16.92805],[96.51503,16.92814],[96.51485,16.92762],[96.51458,16.92805],[96.51476,16.92831],[96.51449,16.92839],[96.51449,16.92857]]],[[[96.54567,16.92951],[96.54611,16.92925],[96.54531,16.929],[96.54584,16.929],[96.54593,16.92822],[96.54504,16.92814],[96.54495,16.92925],[96.54549,16.92951],[96.54567,16.92951]]],[[[96.4941,16.9296],[96.49473,16.92994],[96.49509,16.92968],[96.495,16.92925],[96.4941,16.92917],[96.4941,16.9296]]],[[[96.54423,16.92934],[96.54387,16.929],[96.54405,16.92874],[96.54324,16.92857],[96.54378,16.929],[96.54306,16.92908],[96.54333,16.92925],[96.54315,16.92994],[96.54396,16.92985],[96.54414,16.92951],[96.54468,16.9296],[96.54477,16.92917],[96.54423,16.92917],[96.54423,16.92934]]],[[[96.48215,16.92951],[96.48242,16.92951],[96.48206,16.92951],[96.48215,16.93003],[96.48305,16.93003],[96.48323,16.92968],[96.48269,16.92951],[96.48305,16.92925],[96.48215,16.92942],[96.48215,16.92951]]],[[[96.54198,16.9296],[96.54216,16.92942],[96.5418,16.92934],[96.5409,16.92942],[96.54072,16.92977],[96.53956,16.9296],[96.53956,16.92985],[96.5392,16.92968],[96.5392,16.93011],[96.54162,16.9302],[96.54198,16.92968],[96.54198,16.9296]]],[[[96.50389,16.92951],[96.50425,16.92942],[96.50434,16.92977],[96.50389,16.92951],[96.5038,16.93037],[96.50461,16.93037],[96.50452,16.92951],[96.50488,16.92934],[96.50497,16.92968],[96.50506,16.92925],[96.50362,16.92908],[96.5038,16.92951],[96.50389,16.92951]]],[[[96.50264,16.92977],[96.50246,16.92994],[96.50246,16.92951],[96.50165,16.92968],[96.50174,16.9302],[96.50273,16.93054],[96.50282,16.9302],[96.50237,16.93028],[96.50237,16.93003],[96.50291,16.93003],[96.50362,16.93046],[96.50353,16.92977],[96.50282,16.92977],[96.50264,16.92977]]],[[[96.45485,16.93063],[96.45494,16.92977],[96.45458,16.9296],[96.45422,16.93011],[96.4544,16.93063],[96.45476,16.93063],[96.45485,16.93063]]],[[[96.51647,16.93071],[96.51674,16.93011],[96.51755,16.93003],[96.51737,16.92951],[96.51638,16.92934],[96.51602,16.93063],[96.51656,16.93071],[96.51647,16.93071]]],[[[96.51351,16.9308],[96.51377,16.93037],[96.5136,16.9302],[96.51198,16.93028],[96.51189,16.93054],[96.51135,16.93037],[96.51135,16.93011],[96.51297,16.93003],[96.51252,16.92917],[96.51324,16.92917],[96.51333,16.92874],[96.51126,16.92891],[96.51126,16.92942],[96.51234,16.92942],[96.51198,16.92968],[96.51117,16.9296],[96.51135,16.93089],[96.5136,16.9308],[96.51351,16.9308]]],[[[96.50794,16.93071],[96.50767,16.93054],[96.50803,16.93046],[96.50794,16.93071],[96.50838,16.9308],[96.50874,16.93046],[96.50767,16.9302],[96.5074,16.93054],[96.50659,16.93063],[96.50677,16.93114],[96.50749,16.9308],[96.50794,16.93097],[96.50794,16.93071]]],[[[96.50937,16.93132],[96.51045,16.9308],[96.51018,16.93054],[96.50928,16.93071],[96.50928,16.93132],[96.50937,16.93132]]],[[[96.47632,16.93123],[96.47649,16.93097],[96.47721,16.93123],[96.47712,16.93071],[96.47685,16.93071],[96.47721,16.93046],[96.4764,16.93037],[96.47658,16.93071],[96.47614,16.93054],[96.47605,16.93132],[96.4764,16.93123],[96.47632,16.93123]]],[[[96.49563,16.93114],[96.49581,16.93071],[96.49644,16.93097],[96.49617,16.92925],[96.49581,16.92942],[96.49599,16.93037],[96.49563,16.9302],[96.49581,16.92934],[96.49536,16.92925],[96.49518,16.92968],[96.49554,16.92994],[96.49545,16.93028],[96.49401,16.93003],[96.49374,16.93037],[96.49374,16.93003],[96.49347,16.93037],[96.49401,16.93089],[96.49365,16.93089],[96.49356,16.93054],[96.49231,16.93063],[96.4932,16.93106],[96.4941,16.93106],[96.49428,16.93183],[96.49473,16.93192],[96.49554,16.93192],[96.49554,16.93166],[96.49437,16.93149],[96.49482,16.93123],[96.4959,16.9314],[96.49581,16.93114],[96.49563,16.93114]]],[[[96.51225,16.93192],[96.51216,16.93166],[96.5118,16.93175],[96.51189,16.93149],[96.51324,16.93149],[96.51306,16.93106],[96.51162,16.93106],[96.51162,16.93183],[96.51207,16.93192],[96.51225,16.93192]]],[[[96.51854,16.93106],[96.51872,16.93123],[96.518,16.9308],[96.51836,16.93071],[96.51809,16.92942],[96.51854,16.92968],[96.51863,16.92925],[96.51782,16.929],[96.51746,16.92942],[96.51809,16.92977],[96.51773,16.93037],[96.51782,16.93123],[96.51809,16.93132],[96.51791,16.93175],[96.51881,16.93166],[96.5189,16.932],[96.51899,16.93106],[96.51872,16.93106],[96.51854,16.93106]]],[[[96.47039,16.93209],[96.47084,16.93132],[96.47093,16.932],[96.47137,16.93175],[96.47119,16.93114],[96.4703,16.93132],[96.47003,16.93166],[96.4703,16.93209],[96.47039,16.93209]]],[[[96.51072,16.93166],[96.51108,16.93157],[96.50928,16.9314],[96.50955,16.93217],[96.51072,16.93175],[96.51072,16.93166]]],[[[96.49293,16.93243],[96.49275,16.93209],[96.49302,16.93166],[96.49177,16.93192],[96.49177,16.93235],[96.49213,16.93209],[96.49213,16.93243],[96.49275,16.93243],[96.49293,16.93243]]],[[[96.50776,16.93192],[96.50776,16.93243],[96.5091,16.93226],[96.50874,16.93217],[96.50901,16.93175],[96.50803,16.93183],[96.50803,16.93149],[96.50838,16.93166],[96.50838,16.93123],[96.50883,16.93089],[96.50803,16.93097],[96.50821,16.9314],[96.50785,16.9314],[96.50794,16.93114],[96.50722,16.93123],[96.50731,16.93166],[96.50686,16.93132],[96.5065,16.93149],[96.50686,16.93192],[96.50776,16.93175],[96.50776,16.93192]]],[[[96.49787,16.93235],[96.49787,16.93166],[96.49832,16.9314],[96.49805,16.93114],[96.49787,16.9314],[96.49752,16.93123],[96.49716,16.93217],[96.49743,16.93252],[96.49761,16.93226],[96.49814,16.93235],[96.49787,16.93235]]],[[[96.50596,16.9314],[96.50524,16.93132],[96.50524,16.93175],[96.50551,16.9314],[96.50551,16.93209],[96.50578,16.932],[96.50569,16.93269],[96.50614,16.93226],[96.50587,16.932],[96.50614,16.93183],[96.50605,16.9314],[96.50596,16.9314]]],[[[96.50686,16.93286],[96.50758,16.93252],[96.50713,16.932],[96.5065,16.93243],[96.50668,16.93295],[96.50695,16.93286],[96.50686,16.93286]]],[[[96.46841,16.93175],[96.46859,16.9314],[96.46643,16.9314],[96.46679,16.93149],[96.46679,16.93175],[96.46652,16.93166],[96.46652,16.93269],[96.46715,16.93252],[96.46706,16.93209],[96.46751,16.93217],[96.46769,16.93252],[96.46733,16.93243],[96.4676,16.9326],[96.46742,16.93295],[96.46796,16.93303],[96.46778,16.93286],[96.46859,16.93243],[96.46841,16.93183],[96.46841,16.93175]]],[[[96.50291,16.93321],[96.50237,16.93243],[96.50282,16.93235],[96.50246,16.93175],[96.50273,16.93149],[96.50317,16.93166],[96.50353,16.93106],[96.503,16.9308],[96.50291,16.93123],[96.50317,16.9314],[96.50264,16.93132],[96.50273,16.93089],[96.50237,16.93071],[96.50183,16.9314],[96.50192,16.93063],[96.50147,16.93063],[96.50174,16.93089],[96.50147,16.93166],[96.50174,16.93183],[96.50174,16.93157],[96.5021,16.93175],[96.50228,16.93149],[96.50201,16.93252],[96.50228,16.93312],[96.50255,16.93295],[96.50291,16.93329],[96.50291,16.93321]]],[[[96.49518,16.93226],[96.49491,16.932],[96.49464,16.93243],[96.49491,16.93338],[96.49527,16.93338],[96.49527,16.93286],[96.49581,16.93303],[96.49608,16.93269],[96.4959,16.93235],[96.49563,16.93252],[96.49536,16.93226],[96.49518,16.93226]]],[[[96.50389,16.93338],[96.50425,16.93321],[96.50326,16.93338],[96.50344,16.93286],[96.50398,16.93269],[96.50371,16.93235],[96.5038,16.93269],[96.50353,16.93278],[96.50353,16.93226],[96.50326,16.93217],[96.50291,16.9326],[96.50291,16.93355],[96.5038,16.93338],[96.50389,16.93338]]],[[[96.49419,16.93303],[96.49392,16.93295],[96.49437,16.93295],[96.49419,16.93235],[96.49446,16.93217],[96.49338,16.932],[96.49365,16.93226],[96.49311,16.93235],[96.49311,16.93278],[96.49329,16.93252],[96.49347,16.93286],[96.49401,16.93278],[96.49356,16.93286],[96.49392,16.93364],[96.49428,16.93346],[96.49419,16.93312],[96.49419,16.93303]]],[[[96.53857,16.93364],[96.5392,16.93278],[96.53893,16.9326],[96.5392,16.93192],[96.53875,16.93149],[96.5383,16.93157],[96.53839,16.932],[96.53776,16.93209],[96.53812,16.93217],[96.53803,16.93303],[96.53848,16.93364],[96.53857,16.93364]]],[[[96.52078,16.93389],[96.52087,16.93235],[96.52033,16.93235],[96.51997,16.93286],[96.52006,16.93312],[96.52042,16.93286],[96.52024,16.93321],[96.52051,16.93355],[96.51997,16.93355],[96.51997,16.93389],[96.52069,16.93389],[96.52078,16.93389]]],[[[96.47892,16.93372],[96.47973,16.93372],[96.47946,16.93303],[96.47973,16.93243],[96.47811,16.93243],[96.47802,16.93355],[96.47838,16.93346],[96.47856,16.93389],[96.47892,16.93389],[96.47892,16.93372]]],[[[96.49248,16.93407],[96.49284,16.93312],[96.49239,16.93278],[96.49284,16.93295],[96.49284,16.93269],[96.49141,16.93269],[96.49132,16.93303],[96.49168,16.93286],[96.49177,16.93321],[96.49222,16.93295],[96.49231,16.93407],[96.49248,16.93407]]],[[[96.49895,16.93346],[96.49886,16.93372],[96.49823,16.93364],[96.49832,16.93424],[96.49985,16.93398],[96.49985,16.93372],[96.49949,16.93372],[96.49949,16.93321],[96.49895,16.93321],[96.49895,16.93346]]],[[[96.52959,16.93355],[96.52878,16.93346],[96.52896,16.93441],[96.5295,16.93424],[96.5295,16.93389],[96.52976,16.93407],[96.52968,16.93355],[96.52959,16.93355]]],[[[96.49509,16.93432],[96.49536,16.93424],[96.49473,16.93372],[96.49437,16.93389],[96.49419,16.93364],[96.49365,16.93398],[96.49302,16.93346],[96.49329,16.93407],[96.49293,16.93407],[96.49329,16.93424],[96.49374,16.93407],[96.49383,16.93441],[96.49509,16.93441],[96.49509,16.93432]]],[[[96.47829,16.93458],[96.47874,16.93441],[96.47847,16.93398],[96.47685,16.93355],[96.47685,16.93389],[96.47757,16.93389],[96.47757,16.93415],[96.47793,16.93381],[96.47775,16.93415],[96.47811,16.93458],[96.47829,16.93458]]],[[[96.51,16.93432],[96.51009,16.93458],[96.51063,16.93441],[96.51045,16.93303],[96.50964,16.93329],[96.50982,16.93432],[96.51,16.93432]]],[[[96.50821,16.9345],[96.50821,16.93475],[96.50982,16.9345],[96.50928,16.93303],[96.5091,16.93338],[96.50892,16.93312],[96.50883,16.93338],[96.50865,16.93312],[96.50812,16.93346],[96.50767,16.93329],[96.50803,16.9345],[96.50821,16.9345]]],[[[96.53677,16.93458],[96.53695,16.93389],[96.53659,16.93364],[96.53569,16.93398],[96.53605,16.93467],[96.53677,16.93467],[96.53677,16.93458]]],[[[96.51755,16.93424],[96.518,16.9345],[96.51719,16.93424],[96.51728,16.93475],[96.51836,16.93467],[96.51818,16.93372],[96.51764,16.93398],[96.51701,16.93355],[96.51701,16.93389],[96.51755,16.93415],[96.51755,16.93424]]],[[[96.51899,16.93321],[96.51872,16.93321],[96.51863,16.93364],[96.5189,16.93484],[96.51925,16.93398],[96.51916,16.93321],[96.51899,16.93321]]],[[[96.49213,16.93544],[96.49195,16.9357],[96.49213,16.93535],[96.49123,16.93535],[96.49123,16.9357],[96.49275,16.93587],[96.49266,16.93535],[96.49222,16.93544],[96.49213,16.93544]]],[[[96.5038,16.93604],[96.5038,16.93432],[96.50308,16.93501],[96.50344,16.93518],[96.50317,16.9357],[96.50371,16.93604],[96.5038,16.93604]]],[[[96.53659,16.93527],[96.53614,16.93587],[96.53587,16.93527],[96.53632,16.9357],[96.53623,16.93527],[96.53659,16.93518],[96.53569,16.9351],[96.53551,16.93561],[96.53569,16.93604],[96.53596,16.93596],[96.53578,16.93621],[96.53695,16.93621],[96.53695,16.93535],[96.53668,16.93527],[96.53659,16.93527]]],[[[96.51027,16.93501],[96.50991,16.93553],[96.50982,16.9351],[96.51018,16.93484],[96.50973,16.93484],[96.50955,16.93527],[96.50955,16.93492],[96.50901,16.93492],[96.50919,16.93587],[96.50946,16.93578],[96.50928,16.93639],[96.51036,16.93613],[96.51009,16.93596],[96.51027,16.9357],[96.51063,16.93596],[96.51153,16.93553],[96.51117,16.93467],[96.51045,16.93475],[96.51036,16.93501],[96.51027,16.93501]]],[[[96.50632,16.93613],[96.50668,16.93604],[96.50677,16.93535],[96.50614,16.93415],[96.50551,16.93432],[96.50542,16.93398],[96.50506,16.93441],[96.50407,16.93441],[96.50443,16.93544],[96.50416,16.93596],[96.50434,16.9363],[96.50479,16.93613],[96.50452,16.93656],[96.50506,16.93621],[96.50515,16.93664],[96.50551,16.93621],[96.50623,16.93613],[96.50632,16.93613]]],[[[96.49051,16.93673],[96.49051,16.93647],[96.49078,16.93656],[96.49069,16.93587],[96.49042,16.93621],[96.49006,16.93587],[96.49024,16.93561],[96.48988,16.93561],[96.48979,16.93656],[96.49042,16.93673],[96.49051,16.93673]]],[[[96.49994,16.93475],[96.49949,16.93432],[96.49958,16.93458],[96.49922,16.93475],[96.49949,16.93561],[96.49913,16.9357],[96.49895,16.93639],[96.49895,16.93587],[96.49868,16.93604],[96.4985,16.9369],[96.50021,16.93596],[96.5003,16.9357],[96.49976,16.93535],[96.50003,16.93518],[96.50039,16.93561],[96.50021,16.93475],[96.49994,16.93475]]],[[[96.49563,16.93707],[96.49554,16.93647],[96.4959,16.93604],[96.49554,16.93578],[96.49509,16.93604],[96.49473,16.9357],[96.49455,16.93604],[96.4941,16.93553],[96.49419,16.93492],[96.49374,16.93492],[96.49383,16.9363],[96.49356,16.9363],[96.49356,16.93673],[96.49446,16.93673],[96.49464,16.93647],[96.49464,16.93673],[96.49527,16.93673],[96.49554,16.93707],[96.49563,16.93707]]],[[[96.50794,16.93716],[96.50821,16.9369],[96.50821,16.93647],[96.50794,16.93656],[96.50821,16.93587],[96.50883,16.93604],[96.50874,16.93492],[96.5074,16.93492],[96.5074,16.93544],[96.50695,16.93527],[96.50767,16.93596],[96.50785,16.93716],[96.50794,16.93716]]],[[[96.46778,16.93587],[96.4676,16.93613],[96.46787,16.9357],[96.46769,16.93544],[96.46715,16.93587],[96.46769,16.93639],[96.4676,16.93673],[96.46724,16.93656],[96.46742,16.93621],[96.46661,16.93656],[96.46715,16.93699],[96.46778,16.93699],[96.46787,16.93664],[96.46814,16.93742],[96.46868,16.93613],[96.46814,16.93587],[96.46787,16.9363],[96.46796,16.93587],[96.46778,16.93587]]],[[[96.51557,16.93613],[96.51602,16.93613],[96.51611,16.9375],[96.51656,16.93716],[96.51647,16.93664],[96.51692,16.93682],[96.51692,16.93733],[96.51701,16.93639],[96.51674,16.93664],[96.51602,16.9357],[96.51539,16.93613],[96.51557,16.93613]]],[[[96.51144,16.93604],[96.51054,16.93621],[96.51027,16.93673],[96.5091,16.9369],[96.50901,16.93733],[96.50928,16.93707],[96.50946,16.93725],[96.5091,16.93742],[96.50973,16.93759],[96.50991,16.93725],[96.51054,16.93742],[96.51117,16.93716],[96.51117,16.93759],[96.51153,16.9375],[96.51135,16.93707],[96.5118,16.9363],[96.51144,16.93596],[96.51144,16.93604]]],[[[96.49266,16.9375],[96.49338,16.93699],[96.49338,16.93639],[96.49159,16.93613],[96.49177,16.93725],[96.49213,16.93716],[96.49257,16.93767],[96.49275,16.9375],[96.49266,16.9375]]],[[[96.45808,16.93802],[96.45844,16.93776],[96.45844,16.93699],[96.45655,16.93699],[96.45718,16.93776],[96.45754,16.93716],[96.45745,16.93759],[96.45799,16.93776],[96.45799,16.93802],[96.45808,16.93802]]],[[[96.50722,16.93716],[96.50749,16.93682],[96.50713,16.93664],[96.50731,16.93621],[96.50695,16.93596],[96.50668,16.93604],[96.50677,16.93647],[96.50632,16.93613],[96.50587,16.93656],[96.50641,16.93802],[96.50749,16.9381],[96.5074,16.93716],[96.50722,16.93716]]],[[[96.50291,16.93682],[96.50264,16.93707],[96.50308,16.93656],[96.50255,16.93664],[96.50246,16.93639],[96.50246,16.93682],[96.5021,16.93664],[96.50273,16.93836],[96.50326,16.93819],[96.503,16.93682],[96.50291,16.93682]]],[[[96.5047,16.93647],[96.50452,16.93699],[96.50398,16.9369],[96.50353,16.93742],[96.50371,16.93836],[96.50488,16.93836],[96.50596,16.93785],[96.5056,16.93785],[96.50506,16.93699],[96.5047,16.93699],[96.50488,16.93647],[96.5047,16.93647]]],[[[96.50102,16.93759],[96.50138,16.93707],[96.50129,16.93759],[96.50093,16.93767],[96.5012,16.93853],[96.50219,16.93836],[96.50156,16.93733],[96.50183,16.93707],[96.50174,16.93656],[96.50147,16.93656],[96.50165,16.93621],[96.50075,16.93664],[96.50093,16.93759],[96.50102,16.93759]]],[[[96.51629,16.9381],[96.51656,16.93836],[96.51701,16.93793],[96.51629,16.93759],[96.51548,16.93785],[96.51521,16.93836],[96.51566,16.93871],[96.51584,16.93802],[96.51629,16.93819],[96.51629,16.9381]]],[[[96.5171,16.93922],[96.51737,16.93905],[96.51674,16.93879],[96.51665,16.93845],[96.51593,16.93853],[96.51629,16.93879],[96.51611,16.93914],[96.51701,16.93922],[96.5171,16.93922]]],[[[96.49904,16.93785],[96.49841,16.9381],[96.49841,16.93853],[96.49904,16.93853],[96.49913,16.93888],[96.49832,16.93888],[96.49796,16.93828],[96.49778,16.93871],[96.49823,16.93896],[96.49787,16.93896],[96.49796,16.93939],[96.49886,16.93939],[96.49877,16.93896],[96.49913,16.93914],[96.49895,16.93939],[96.49931,16.93931],[96.49931,16.93896],[96.49949,16.93914],[96.49949,16.93853],[96.50003,16.9381],[96.49967,16.9375],[96.50048,16.93767],[96.50057,16.9369],[96.5003,16.93673],[96.50021,16.93725],[96.49985,16.93716],[96.49904,16.93767],[96.49904,16.93785]]],[[[96.46742,16.93948],[96.46769,16.93939],[96.46751,16.93914],[96.46778,16.93836],[96.4667,16.93845],[96.4667,16.93896],[96.46715,16.93896],[96.46679,16.93905],[96.4667,16.93948],[96.46724,16.93931],[96.46742,16.93957],[96.46742,16.93948]]],[[[96.50371,16.93999],[96.50443,16.93957],[96.50542,16.93957],[96.50344,16.93922],[96.50308,16.93957],[96.50335,16.93999],[96.50371,16.93999]]],[[[96.50928,16.93862],[96.5091,16.93879],[96.50928,16.93845],[96.50874,16.93828],[96.50892,16.93888],[96.50865,16.93922],[96.50892,16.93939],[96.50847,16.93931],[96.50919,16.93965],[96.50928,16.94017],[96.50982,16.93939],[96.50946,16.93914],[96.50946,16.93862],[96.50928,16.93862]]],[[[96.5348,16.94017],[96.53506,16.93999],[96.53498,16.93931],[96.53471,16.93922],[96.53506,16.93896],[96.53498,16.93836],[96.53426,16.93828],[96.53471,16.93853],[96.53471,16.94017],[96.5348,16.94017]]],[[[96.4703,16.94034],[96.4703,16.93939],[96.47003,16.93914],[96.47039,16.93931],[96.47048,16.93905],[96.46985,16.93896],[96.46958,16.93939],[96.47003,16.94034],[96.4703,16.94034]]],[[[96.49159,16.94017],[96.49168,16.93948],[96.49087,16.93931],[96.49069,16.93999],[96.49159,16.94042],[96.49168,16.94017],[96.49159,16.94017]]],[[[96.50677,16.94025],[96.50731,16.93974],[96.50704,16.93982],[96.5065,16.93931],[96.50686,16.93948],[96.50704,16.93905],[96.50623,16.93922],[96.5065,16.94034],[96.50677,16.94042],[96.50677,16.94025]]],[[[96.49635,16.94154],[96.4968,16.94111],[96.49671,16.94051],[96.49581,16.94094],[96.49608,16.94163],[96.49644,16.94154],[96.49635,16.94154]]],[[[96.49437,16.94171],[96.495,16.9412],[96.49482,16.94085],[96.49374,16.9412],[96.49374,16.94163],[96.49428,16.94128],[96.49401,16.94154],[96.49428,16.94171],[96.49437,16.94171]]],[[[96.50147,16.94171],[96.50147,16.94042],[96.50084,16.94068],[96.50138,16.94171],[96.50147,16.94171]]],[[[96.50883,16.94017],[96.50865,16.94034],[96.50883,16.93991],[96.50856,16.93974],[96.50767,16.93974],[96.50785,16.94034],[96.50758,16.94128],[96.50785,16.94137],[96.5074,16.94223],[96.50785,16.94232],[96.50794,16.94197],[96.50865,16.94223],[96.50838,16.9418],[96.50892,16.94206],[96.50901,16.94051],[96.50847,16.94085],[96.50847,16.94042],[96.50892,16.94042],[96.50892,16.94017],[96.50883,16.94017]]],[[[96.49769,16.94068],[96.49778,16.94094],[96.49734,16.94077],[96.49734,16.94051],[96.49769,16.94068],[96.49761,16.94025],[96.49707,16.94042],[96.49716,16.94214],[96.49743,16.94197],[96.49734,16.94146],[96.49769,16.94189],[96.49814,16.9418],[96.49814,16.94077],[96.4985,16.94111],[96.49841,16.94197],[96.49859,16.94163],[96.49904,16.94232],[96.49958,16.94223],[96.49958,16.94197],[96.49994,16.94232],[96.50003,16.9418],[96.50003,16.94232],[96.5012,16.94223],[96.50093,16.94128],[96.50012,16.94068],[96.50057,16.9406],[96.50039,16.93965],[96.49994,16.93982],[96.50021,16.94017],[96.49976,16.94017],[96.49958,16.93982],[96.49859,16.93991],[96.49832,16.9406],[96.49787,16.94068],[96.49769,16.94068]]],[[[96.49168,16.94249],[96.49213,16.94214],[96.49213,16.94137],[96.49114,16.9412],[96.49123,16.94146],[96.49069,16.94146],[96.49105,16.94111],[96.49033,16.94103],[96.49006,16.94171],[96.49033,16.94189],[96.48997,16.94249],[96.49015,16.94214],[96.4906,16.94232],[96.4906,16.94206],[96.49114,16.9424],[96.49159,16.94154],[96.49204,16.94163],[96.4915,16.94249],[96.49168,16.94249]]],[[[96.49536,16.94146],[96.49464,16.94171],[96.49428,16.94206],[96.49455,16.94232],[96.4941,16.94257],[96.49482,16.94232],[96.49473,16.94274],[96.49518,16.94274],[96.49563,16.94223],[96.4959,16.94249],[96.49599,16.94214],[96.49545,16.94189],[96.49563,16.94163],[96.49536,16.94137],[96.49536,16.94146]]],[[[96.50695,16.94223],[96.50731,16.94137],[96.50695,16.94146],[96.50722,16.94103],[96.50686,16.94085],[96.50704,16.9406],[96.50659,16.94051],[96.50614,16.94163],[96.50641,16.9418],[96.50632,16.94137],[96.50668,16.94154],[96.5065,16.94206],[96.50677,16.94232],[96.50632,16.94206],[96.50605,16.94266],[96.50659,16.94283],[96.50677,16.94249],[96.50686,16.94283],[96.50695,16.94232],[96.50695,16.94223]]],[[[96.41694,16.93896],[96.41739,16.93922],[96.41748,16.93982],[96.41837,16.94042],[96.41864,16.94146],[96.419,16.94137],[96.41873,16.94214],[96.419,16.94223],[96.41909,16.94292],[96.41999,16.94283],[96.42008,16.94189],[96.41918,16.94171],[96.41909,16.94128],[96.41981,16.94111],[96.41963,16.94042],[96.41891,16.94025],[96.41864,16.94077],[96.41757,16.93871],[96.41685,16.93871],[96.41685,16.93896],[96.41694,16.93896]]],[[[96.50371,16.94111],[96.50326,16.9412],[96.50326,16.94154],[96.50273,16.94146],[96.50291,16.9418],[96.50147,16.94189],[96.50174,16.94257],[96.50192,16.9424],[96.50192,16.94309],[96.50317,16.94283],[96.50335,16.94232],[96.50308,16.94232],[96.50308,16.9418],[96.50371,16.94214],[96.50371,16.94266],[96.50389,16.94214],[96.50416,16.94257],[96.50488,16.94223],[96.50443,16.94077],[96.50416,16.94111],[96.50371,16.94103],[96.50371,16.94111]]],[[[96.4729,16.94197],[96.47326,16.9424],[96.47308,16.94266],[96.47281,16.94154],[96.47245,16.94146],[96.47281,16.94249],[96.47254,16.94274],[96.47299,16.94274],[96.47272,16.943],[96.47299,16.94317],[96.47344,16.94292],[96.47344,16.94189],[96.47326,16.94163],[96.4729,16.94189],[96.4729,16.94197]]],[[[96.49105,16.94326],[96.49096,16.943],[96.49132,16.94335],[96.49177,16.94326],[96.49177,16.94266],[96.49123,16.943],[96.49105,16.94249],[96.49024,16.9424],[96.49024,16.94335],[96.49105,16.94335],[96.49105,16.94326]]],[[[96.47254,16.94274],[96.47218,16.94206],[96.47218,16.9424],[96.47155,16.94266],[96.47191,16.94317],[96.47227,16.94309],[96.47218,16.94352],[96.47254,16.94283],[96.47254,16.94274]]],[[[96.48925,16.94369],[96.48961,16.94232],[96.48907,16.94223],[96.48862,16.94343],[96.48916,16.94369],[96.48925,16.94369]]],[[[96.50506,16.94137],[96.50515,16.9418],[96.50542,16.94163],[96.50515,16.94154],[96.50533,16.9412],[96.5056,16.94146],[96.50524,16.94232],[96.50542,16.94257],[96.50488,16.9424],[96.5047,16.94274],[96.50416,16.94274],[96.50416,16.94326],[96.5047,16.94326],[96.50407,16.94386],[96.50497,16.94369],[96.50497,16.94343],[96.50578,16.94369],[96.50578,16.94335],[96.50641,16.94369],[96.50632,16.94335],[96.50668,16.94309],[96.50587,16.94326],[96.50515,16.94292],[96.50515,16.94266],[96.50551,16.94283],[96.50587,16.94257],[96.50587,16.94103],[96.50524,16.94111],[96.50533,16.9406],[96.50497,16.94137],[96.50506,16.94137]]],[[[96.51306,16.94386],[96.51333,16.94352],[96.51288,16.94283],[96.51324,16.94283],[96.51252,16.94257],[96.51279,16.94283],[96.51252,16.94274],[96.51243,16.94317],[96.51297,16.94386],[96.51306,16.94386]]],[[[96.47119,16.943],[96.4711,16.94266],[96.47084,16.94292],[96.47075,16.94266],[96.47003,16.94266],[96.46967,16.943],[96.46967,16.94386],[96.4711,16.94395],[96.47137,16.94369],[96.47155,16.94403],[96.47209,16.94403],[96.47218,16.94369],[96.47137,16.94335],[96.47128,16.943],[96.47119,16.943]]],[[[96.49761,16.9436],[96.49787,16.94335],[96.49796,16.94369],[96.49761,16.9436],[96.49769,16.94412],[96.4985,16.94403],[96.4985,16.94378],[96.49814,16.94378],[96.49841,16.94343],[96.49805,16.94274],[96.49734,16.94283],[96.49752,16.9436],[96.49761,16.9436]]],[[[96.50973,16.94412],[96.51018,16.94309],[96.51018,16.94274],[96.50973,16.94283],[96.50982,16.94257],[96.50955,16.94257],[96.50946,16.94343],[96.50973,16.9436],[96.50919,16.9436],[96.50928,16.94326],[96.50892,16.94343],[96.50892,16.94395],[96.50964,16.94412],[96.50973,16.94412]]],[[[96.48952,16.94446],[96.49015,16.94421],[96.48988,16.94343],[96.48961,16.94343],[96.48934,16.94403],[96.48871,16.94386],[96.4888,16.94429],[96.48925,16.94412],[96.48934,16.94446],[96.48952,16.94446]]],[[[96.49168,16.94429],[96.4915,16.94412],[96.49195,16.94429],[96.49177,16.94343],[96.49168,16.94369],[96.49123,16.9436],[96.49132,16.94395],[96.49078,16.94352],[96.49069,16.94386],[96.49042,16.94378],[96.49042,16.94421],[96.49168,16.94438],[96.49168,16.94429]]],[[[96.46805,16.94446],[96.46895,16.94446],[96.46895,16.94266],[96.46841,16.94214],[96.46769,16.94214],[96.46796,16.94446],[96.46805,16.94446]]],[[[96.50057,16.94309],[96.49958,16.94309],[96.49967,16.94386],[96.50021,16.94455],[96.50102,16.94421],[96.50084,16.943],[96.50057,16.94292],[96.50057,16.94309]]],[[[96.50228,16.94455],[96.50308,16.94403],[96.50264,16.94317],[96.50228,16.94352],[96.50174,16.94335],[96.50219,16.94455],[96.50228,16.94455]]],[[[96.46464,16.94429],[96.46473,16.94378],[96.46455,16.94412],[96.46356,16.94403],[96.46347,16.94472],[96.46428,16.94472],[96.46446,16.94498],[96.46473,16.94429],[96.46464,16.94429]]],[[[96.49455,16.94498],[96.49509,16.94438],[96.49473,16.94421],[96.49482,16.94395],[96.4941,16.94395],[96.49392,16.94343],[96.49311,16.94335],[96.49293,16.94395],[96.49383,16.94429],[96.49392,16.94498],[96.49446,16.94498],[96.49455,16.94498]]],[[[96.4711,16.94541],[96.47119,16.94421],[96.46985,16.94429],[96.47003,16.94489],[96.46976,16.94532],[96.47119,16.94541],[96.4711,16.94541]]],[[[96.46221,16.94567],[96.46284,16.94532],[96.46293,16.94455],[96.46203,16.94489],[96.46203,16.94567],[96.46221,16.94567]]],[[[96.46679,16.94601],[96.46724,16.94592],[96.46688,16.94567],[96.46742,16.94489],[96.46715,16.94489],[96.46715,16.94446],[96.4667,16.94481],[96.4667,16.94601],[96.46679,16.94601]]],[[[96.51952,16.94601],[96.51952,16.94558],[96.51979,16.94592],[96.51997,16.94549],[96.51925,16.94481],[96.51934,16.94601],[96.51952,16.94601]]],[[[96.4614,16.9461],[96.46167,16.94532],[96.46122,16.94541],[96.4614,16.94472],[96.46086,16.94446],[96.46131,16.9461],[96.4614,16.9461]]],[[[96.52896,16.94635],[96.52976,16.94592],[96.5295,16.94532],[96.52869,16.94558],[96.52896,16.94575],[96.52869,16.9461],[96.52887,16.94635],[96.52896,16.94635]]],[[[96.4968,16.94653],[96.49761,16.94635],[96.49743,16.94567],[96.49671,16.94558],[96.49644,16.94584],[96.49635,16.94644],[96.49662,16.94627],[96.49671,16.94653],[96.4968,16.94653]]],[[[96.50371,16.94644],[96.50569,16.94592],[96.50605,16.94438],[96.50551,16.94429],[96.50569,16.94472],[96.50533,16.94446],[96.50524,16.94481],[96.50515,16.94403],[96.50461,16.94403],[96.50497,16.94446],[96.50416,16.94421],[96.503,16.94455],[96.50282,16.94498],[96.50326,16.94481],[96.50335,16.94532],[96.50282,16.94524],[96.503,16.94575],[96.50273,16.94618],[96.50255,16.94601],[96.50255,16.94644],[96.50362,16.94644],[96.50371,16.94644]]],[[[96.48638,16.9467],[96.48665,16.94549],[96.48512,16.94549],[96.4853,16.9461],[96.48629,16.94635],[96.48629,16.9467],[96.48638,16.9467]]],[[[96.47093,16.94678],[96.47084,16.94575],[96.47021,16.94549],[96.46949,16.94567],[96.47003,16.94644],[96.47084,16.94678],[96.47093,16.94678]]],[[[96.51108,16.94678],[96.51144,16.94635],[96.51108,16.9461],[96.51153,16.94601],[96.51117,16.94549],[96.51072,16.94558],[96.51108,16.94507],[96.5109,16.94464],[96.51045,16.94455],[96.51027,16.94472],[96.51054,16.94472],[96.51036,16.94515],[96.51081,16.94584],[96.5109,16.94678],[96.51108,16.94678]]],[[[96.46311,16.94687],[96.46338,16.94653],[96.46356,16.9467],[96.46347,16.9461],[96.46284,16.94601],[96.46257,16.94627],[96.46266,16.94601],[96.46203,16.94592],[96.46203,16.94678],[96.46302,16.94687],[96.46311,16.94687]]],[[[96.49904,16.94696],[96.49922,16.94661],[96.49949,16.94687],[96.49976,16.94635],[96.49949,16.94584],[96.49832,16.94635],[96.49895,16.94696],[96.49904,16.94696]]],[[[96.5038,16.94678],[96.50605,16.94653],[96.50614,16.94618],[96.5056,16.9461],[96.50461,16.94661],[96.50371,16.94644],[96.50335,16.94713],[96.5038,16.94687],[96.5038,16.94678]]],[[[96.49213,16.94764],[96.49231,16.94739],[96.49311,16.94739],[96.49293,16.94653],[96.49186,16.9467],[96.49204,16.94721],[96.49231,16.94721],[96.49204,16.94764],[96.49213,16.94764]]],[[[96.49168,16.9473],[96.49123,16.94592],[96.49123,16.94532],[96.49159,16.94558],[96.49159,16.94524],[96.49069,16.94524],[96.49051,16.94575],[96.49006,16.94575],[96.49015,16.94601],[96.48979,16.94584],[96.48943,16.9461],[96.48997,16.9461],[96.48988,16.94644],[96.48916,16.94635],[96.4897,16.94773],[96.49096,16.94739],[96.49069,16.94678],[96.49096,16.94713],[96.49168,16.94713],[96.49168,16.9473]]],[[[96.51934,16.94713],[96.51943,16.94747],[96.5197,16.94739],[96.51943,16.94799],[96.51961,16.94773],[96.52051,16.9479],[96.52033,16.9473],[96.52006,16.9473],[96.52015,16.94696],[96.51979,16.9473],[96.51961,16.94713],[96.51934,16.94713]]],[[[96.48808,16.94824],[96.48826,16.94799],[96.48916,16.94799],[96.48826,16.94653],[96.48745,16.9479],[96.48799,16.94824],[96.48808,16.94824]]],[[[96.46841,16.94833],[96.46904,16.94824],[96.46913,16.94773],[96.46787,16.94764],[96.46787,16.94816],[96.46832,16.94833],[96.46841,16.94833]]],[[[96.49814,16.94859],[96.49841,16.94867],[96.49796,16.94867],[96.49805,16.94893],[96.49868,16.94876],[96.49895,16.94833],[96.49859,16.94842],[96.49877,16.94816],[96.49832,16.9479],[96.49778,16.94816],[96.49796,16.94859],[96.49814,16.94859]]],[[[96.48593,16.9485],[96.4862,16.9473],[96.48566,16.94721],[96.4853,16.94781],[96.4853,16.9485],[96.48557,16.94859],[96.48539,16.94893],[96.48584,16.94893],[96.48602,16.9485],[96.48593,16.9485]]],[[[96.51845,16.94885],[96.51943,16.94885],[96.51943,16.9485],[96.51881,16.94833],[96.51845,16.94867],[96.51809,16.94859],[96.51818,16.94902],[96.51854,16.94885],[96.51845,16.94885]]],[[[96.58205,16.94928],[96.5825,16.94885],[96.58196,16.94902],[96.58178,16.94876],[96.58259,16.94876],[96.58259,16.94816],[96.58133,16.94824],[96.58169,16.94885],[96.58151,16.94919],[96.58187,16.94928],[96.58205,16.94928]]],[[[96.5153,16.94953],[96.51566,16.94936],[96.51557,16.94859],[96.51602,16.94842],[96.51566,16.94781],[96.51476,16.9485],[96.51512,16.94953],[96.5153,16.94953]]],[[[96.52563,16.94902],[96.52554,16.94953],[96.52581,16.94953],[96.52599,16.94885],[96.52545,16.94842],[96.525,16.9485],[96.525,16.94919],[96.52554,16.94936],[96.52536,16.9491],[96.52563,16.9491],[96.52563,16.94902]]],[[[96.51279,16.94971],[96.51315,16.94919],[96.51342,16.94928],[96.51306,16.94842],[96.51225,16.94867],[96.5127,16.94876],[96.5127,16.94936],[96.51243,16.94936],[96.51261,16.94971],[96.51279,16.94971]]],[[[96.50075,16.94979],[96.50102,16.94893],[96.50165,16.94893],[96.50138,16.94816],[96.49958,16.94876],[96.49976,16.94919],[96.50048,16.94902],[96.50084,16.94928],[96.50048,16.94979],[96.50075,16.94979]]],[[[96.50461,16.9491],[96.50353,16.94885],[96.50335,16.94781],[96.50237,16.94781],[96.5021,16.94807],[96.50237,16.94919],[96.50147,16.94919],[96.5012,16.94962],[96.50246,16.94962],[96.50246,16.94885],[96.50282,16.9491],[96.50282,16.94962],[96.50407,16.94953],[96.50461,16.94919],[96.50461,16.9491]]],[[[96.58079,16.9485],[96.58025,16.94842],[96.58025,16.94885],[96.58061,16.94885],[96.58043,16.94979],[96.58142,16.94962],[96.58115,16.94842],[96.58079,16.94859],[96.58079,16.9485]]],[[[96.47012,16.94988],[96.4703,16.94936],[96.47003,16.94953],[96.47003,16.9491],[96.4703,16.94919],[96.4703,16.94885],[96.46985,16.94842],[96.46949,16.94979],[96.47003,16.94988],[96.47012,16.94988]]],[[[96.49868,16.94919],[96.49841,16.94885],[96.4985,16.94919],[96.49805,16.94936],[96.49904,16.94996],[96.49913,16.94902],[96.49877,16.94919],[96.49868,16.94919]]],[[[96.47649,16.94928],[96.47694,16.94919],[96.47694,16.94885],[96.47614,16.94919],[96.4764,16.95039],[96.47658,16.95005],[96.47685,16.95022],[96.47694,16.94928],[96.47658,16.94928],[96.47649,16.94928]]],[[[96.57711,16.95048],[96.57684,16.95005],[96.5772,16.95039],[96.57729,16.95005],[96.57756,16.95013],[96.57765,16.95048],[96.57729,16.95039],[96.5772,16.95065],[96.57773,16.95056],[96.57791,16.94979],[96.57747,16.94962],[96.57711,16.95013],[96.57693,16.94962],[96.57675,16.95056],[96.57711,16.95074],[96.57693,16.95048],[96.57711,16.95048]]],[[[96.51099,16.94859],[96.51072,16.94842],[96.51036,16.94876],[96.50973,16.94876],[96.50928,16.94842],[96.50928,16.94799],[96.50883,16.94807],[96.50919,16.94773],[96.50883,16.94739],[96.50946,16.94756],[96.50955,16.94713],[96.51,16.9473],[96.51063,16.94687],[96.51054,16.94618],[96.51018,16.94618],[96.51036,16.94575],[96.50991,16.94464],[96.50812,16.94481],[96.50767,16.94532],[96.50794,16.94584],[96.50758,16.94678],[96.50847,16.94928],[96.50794,16.94928],[96.50803,16.94893],[96.5074,16.94859],[96.50785,16.9485],[96.50776,16.94807],[96.50578,16.94842],[96.50596,16.94799],[96.50767,16.9479],[96.50731,16.94661],[96.50452,16.94696],[96.50389,16.9473],[96.50353,16.94713],[96.50389,16.94867],[96.50569,16.94816],[96.50551,16.94867],[96.50452,16.94893],[96.50479,16.94936],[96.50551,16.94945],[96.50506,16.94953],[96.50524,16.95091],[96.50695,16.95065],[96.50713,16.95099],[96.50785,16.95099],[96.50749,16.95048],[96.50758,16.95005],[96.5065,16.95005],[96.50605,16.94953],[96.5056,16.94953],[96.50587,16.94919],[96.50668,16.94928],[96.50659,16.94979],[96.50776,16.94971],[96.5083,16.94936],[96.5083,16.95031],[96.50856,16.95031],[96.50865,16.95099],[96.51117,16.95022],[96.51153,16.94902],[96.51144,16.94833],[96.51126,16.94859],[96.51099,16.94842],[96.51099,16.94859]]],[[[96.50335,16.95108],[96.50479,16.95091],[96.50497,16.94962],[96.50282,16.94971],[96.50273,16.94996],[96.50165,16.94996],[96.5012,16.95031],[96.50147,16.95099],[96.50282,16.95099],[96.50308,16.95074],[96.50317,16.95108],[96.50335,16.95108]]],[[[96.49635,16.94369],[96.49572,16.94274],[96.49428,16.94335],[96.49428,16.94369],[96.495,16.9436],[96.49509,16.94429],[96.49545,16.94429],[96.49518,16.94472],[96.49572,16.94455],[96.49581,16.94481],[96.49527,16.94489],[96.49536,16.94524],[96.49509,16.94507],[96.49527,16.94481],[96.49374,16.94524],[96.49392,16.94618],[96.49329,16.94515],[96.49302,16.94541],[96.49275,16.94524],[96.49311,16.94558],[96.49284,16.94601],[96.4932,16.9461],[96.4932,16.94687],[96.49365,16.94678],[96.49347,16.94713],[96.49392,16.94687],[96.49356,16.94781],[96.49392,16.94807],[96.49374,16.94867],[96.49419,16.94876],[96.49437,16.94928],[96.49383,16.9491],[96.49374,16.94962],[96.49419,16.94996],[96.49428,16.95117],[96.49464,16.95134],[96.49536,16.95091],[96.49572,16.95125],[96.49626,16.95091],[96.49671,16.95125],[96.49725,16.95117],[96.49716,16.95031],[96.49644,16.95056],[96.49635,16.94979],[96.49608,16.94988],[96.49626,16.94936],[96.49581,16.94936],[96.4959,16.94876],[96.49635,16.94859],[96.49581,16.94773],[96.49644,16.94756],[96.49653,16.94859],[96.49689,16.94885],[96.49778,16.94885],[96.49769,16.94833],[96.49716,16.94859],[96.49662,16.94842],[96.49698,16.94824],[96.49698,16.94781],[96.49653,16.94704],[96.49707,16.94704],[96.49707,16.9467],[96.49635,16.94696],[96.4959,16.9467],[96.49599,16.94721],[96.49545,16.94713],[96.49536,16.94627],[96.49581,16.94584],[96.49545,16.9461],[96.49518,16.94575],[96.49527,16.94541],[96.49554,16.94558],[96.49536,16.94575],[96.49572,16.94575],[96.49599,16.94532],[96.49581,16.94575],[96.49626,16.94584],[96.49689,16.94532],[96.49653,16.94481],[96.49671,16.94455],[96.49617,16.94481],[96.49599,16.94455],[96.49626,16.94421],[96.49662,16.94429],[96.49626,16.94403],[96.49644,16.94369],[96.49635,16.94369]]],[[[96.5127,16.95142],[96.5136,16.95099],[96.51333,16.95065],[96.51279,16.95108],[96.51261,16.95065],[96.51333,16.95048],[96.51297,16.94988],[96.51234,16.95013],[96.51261,16.95142],[96.5127,16.95142]]],[[[96.58555,16.95082],[96.58555,16.95117],[96.5851,16.95108],[96.58519,16.95074],[96.58546,16.95091],[96.58573,16.95065],[96.58537,16.94996],[96.58591,16.94988],[96.58618,16.94945],[96.58591,16.94953],[96.58555,16.94867],[96.5851,16.94867],[96.58537,16.94876],[96.58519,16.94902],[96.58492,16.94867],[96.58429,16.94867],[96.58438,16.94936],[96.58492,16.94893],[96.58546,16.94953],[96.5851,16.94979],[96.58492,16.9491],[96.58447,16.94971],[96.5842,16.94953],[96.58411,16.95022],[96.58474,16.95013],[96.58492,16.95074],[96.58492,16.95099],[96.5842,16.95099],[96.5842,16.95125],[96.58492,16.95108],[96.58492,16.95142],[96.58591,16.95134],[96.58618,16.95108],[96.58573,16.95125],[96.58582,16.95082],[96.58555,16.95082]]],[[[96.4703,16.95168],[96.47057,16.95065],[96.46949,16.95013],[96.46949,16.95074],[96.47003,16.95074],[96.46931,16.95082],[96.46922,16.95151],[96.47012,16.95168],[96.4703,16.95168]]],[[[96.58178,16.95065],[96.58151,16.95099],[96.58178,16.95056],[96.58106,16.95039],[96.58106,16.95091],[96.58079,16.95099],[96.58133,16.95082],[96.58124,16.95108],[96.58187,16.95108],[96.58178,16.95134],[96.58223,16.95168],[96.58241,16.95142],[96.58286,16.95151],[96.58196,16.95117],[96.58196,16.95065],[96.58178,16.95065]]],[[[96.47515,16.94928],[96.47515,16.95005],[96.47551,16.95039],[96.47515,16.95074],[96.47461,16.95074],[96.47497,16.95048],[96.47488,16.94936],[96.47515,16.94928],[96.47425,16.94876],[96.47398,16.9491],[96.47398,16.94876],[96.47245,16.94885],[96.47272,16.9491],[96.47308,16.94893],[96.47281,16.94962],[96.47326,16.95013],[96.47263,16.94979],[96.47263,16.94919],[96.47227,16.94928],[96.47254,16.94971],[96.47227,16.94953],[96.472,16.94979],[96.47227,16.94996],[96.47191,16.94988],[96.47191,16.94945],[96.47146,16.94962],[96.47182,16.95031],[96.47209,16.95005],[96.47245,16.95022],[96.47236,16.95074],[96.47272,16.95082],[96.47254,16.95117],[96.4729,16.95134],[96.47353,16.95125],[96.47326,16.95082],[96.47362,16.95039],[96.47425,16.95056],[96.47443,16.95031],[96.47452,16.95142],[96.47488,16.95142],[96.47515,16.95091],[96.47497,16.95134],[96.47551,16.95151],[96.47497,16.95177],[96.47533,16.95177],[96.47596,16.95125],[96.47587,16.95056],[96.4756,16.95065],[96.47596,16.94971],[96.47578,16.94902],[96.47515,16.9491],[96.47515,16.94928]]],[[[96.47649,16.95039],[96.47623,16.95082],[96.4764,16.95177],[96.47757,16.95108],[96.47784,16.95125],[96.47784,16.95048],[96.47739,16.95099],[96.47739,16.95039],[96.47658,16.95039],[96.47649,16.95039]]],[[[96.57899,16.95185],[96.57971,16.9516],[96.57998,16.95108],[96.57935,16.95108],[96.57944,16.95142],[96.57899,16.95151],[96.57899,16.95074],[96.57872,16.95065],[96.57854,16.95099],[96.57827,16.95082],[96.57836,16.95117],[96.57899,16.95108],[96.57899,16.95134],[96.578,16.95151],[96.578,16.95177],[96.57881,16.95185],[96.57899,16.95185]]],[[[96.52033,16.95151],[96.52024,16.95117],[96.5206,16.95117],[96.52042,16.95082],[96.51979,16.95108],[96.51934,16.95177],[96.51997,16.95151],[96.52006,16.95203],[96.52042,16.95185],[96.52033,16.9516],[96.52033,16.95151]]],[[[96.51126,16.95168],[96.5109,16.95168],[96.51099,16.95142],[96.51135,16.95177],[96.51198,16.95151],[96.51153,16.95048],[96.50874,16.95142],[96.5091,16.95228],[96.51,16.95228],[96.51126,16.95177],[96.51126,16.95168]]],[[[96.47964,16.95245],[96.47991,16.95228],[96.47982,16.95168],[96.47937,16.95142],[96.47973,16.9516],[96.48,16.95117],[96.47928,16.95048],[96.47865,16.95108],[96.47892,16.95194],[96.47955,16.95245],[96.47964,16.95245]]],[[[96.47371,16.95263],[96.47389,16.9522],[96.47281,16.95185],[96.47272,16.95254],[96.47362,16.95263],[96.47371,16.95263]]],[[[96.49985,16.9528],[96.50039,16.95271],[96.50057,16.95237],[96.50039,16.95142],[96.49976,16.95142],[96.49985,16.95108],[96.49931,16.95082],[96.49958,16.95108],[96.49949,16.95203],[96.49967,16.95185],[96.49994,16.95237],[96.4994,16.95228],[96.49931,16.95263],[96.49967,16.9528],[96.49985,16.9528]]],[[[96.52033,16.95151],[96.52051,16.95211],[96.52024,16.95203],[96.52024,16.95228],[96.52051,16.9522],[96.52051,16.95245],[96.51988,16.95237],[96.52024,16.9528],[96.52078,16.95245],[96.52078,16.95211],[96.52105,16.95237],[96.52078,16.95142],[96.52033,16.95142],[96.52033,16.95151]]],[[[96.47021,16.95288],[96.4703,16.95194],[96.4694,16.95168],[96.4694,16.9522],[96.46913,16.95203],[96.4694,16.95254],[96.46913,16.95271],[96.47012,16.95288],[96.47021,16.95288]]],[[[96.48988,16.95211],[96.4897,16.95288],[96.48997,16.95288],[96.48988,16.95245],[96.49033,16.95288],[96.49015,16.95134],[96.49069,16.95065],[96.49042,16.95099],[96.49006,16.95056],[96.48961,16.95091],[96.48988,16.95194],[96.48988,16.95211]]],[[[96.49761,16.95297],[96.49895,16.95237],[96.49904,16.95185],[96.49868,16.95185],[96.49868,16.95151],[96.49895,16.95177],[96.49886,16.95091],[96.49859,16.95108],[96.49814,16.95074],[96.49752,16.95117],[96.49734,16.95297],[96.49761,16.95297]]],[[[96.50847,16.95185],[96.50812,16.95263],[96.50856,16.95254],[96.50865,16.9528],[96.50821,16.95271],[96.50803,16.95306],[96.50874,16.95297],[96.50883,16.95203],[96.50847,16.95194],[96.50847,16.95185]]],[[[96.58537,16.95228],[96.58492,16.95203],[96.58474,16.95245],[96.58519,16.95263],[96.58456,16.95288],[96.58618,16.95314],[96.58618,16.95263],[96.58555,16.95245],[96.58591,16.95211],[96.58528,16.95185],[96.58537,16.95211],[96.58537,16.95228]]],[[[96.49266,16.94988],[96.49347,16.94979],[96.49347,16.94928],[96.49257,16.94928],[96.49275,16.94893],[96.49347,16.94885],[96.49311,16.94756],[96.49186,16.94816],[96.49195,16.94756],[96.49114,16.94739],[96.49069,16.94781],[96.49006,16.94781],[96.49006,16.94816],[96.4897,16.9479],[96.48943,16.94816],[96.48952,16.94876],[96.48907,16.94876],[96.48934,16.94842],[96.48916,16.94824],[96.48862,16.9485],[96.4888,16.94971],[96.48907,16.94988],[96.48889,16.95048],[96.48862,16.94996],[96.48853,16.95022],[96.48781,16.95005],[96.48826,16.94953],[96.48853,16.94979],[96.48853,16.94842],[96.48736,16.94902],[96.48736,16.94936],[96.48692,16.94936],[96.48718,16.94988],[96.48763,16.94979],[96.48763,16.95013],[96.48718,16.95022],[96.48727,16.95048],[96.48656,16.95048],[96.48602,16.95099],[96.48602,16.95203],[96.4862,16.95245],[96.48647,16.95228],[96.48692,16.95254],[96.48709,16.95065],[96.48736,16.95056],[96.48736,16.9528],[96.48683,16.9528],[96.48745,16.95323],[96.4888,16.95297],[96.48853,16.95271],[96.4888,16.95254],[96.4888,16.9522],[96.48853,16.95228],[96.4888,16.95185],[96.48844,16.95168],[96.48799,16.95194],[96.48808,16.95151],[96.4888,16.9516],[96.48934,16.95323],[96.48943,16.95099],[96.48889,16.95099],[96.4888,16.95151],[96.48853,16.95074],[96.48826,16.95108],[96.48808,16.95082],[96.48844,16.95056],[96.48943,16.95065],[96.48925,16.95039],[96.48952,16.94962],[96.48916,16.9491],[96.48925,16.94885],[96.48988,16.94893],[96.48979,16.94842],[96.49042,16.94876],[96.49078,16.94842],[96.49123,16.94859],[96.49123,16.94833],[96.49186,16.94867],[96.49222,16.94833],[96.49213,16.94876],[96.49248,16.94928],[96.4915,16.94953],[96.49096,16.94936],[96.49096,16.94979],[96.49159,16.95013],[96.49266,16.94996],[96.49266,16.94988]]],[[[96.49141,16.95151],[96.49159,16.95108],[96.49168,16.95142],[96.49123,16.95177],[96.49177,16.95168],[96.49159,16.9522],[96.49222,16.95245],[96.49186,16.9528],[96.49204,16.95331],[96.49231,16.95323],[96.49204,16.9528],[96.49275,16.95331],[96.49302,16.95314],[96.49275,16.95306],[96.49293,16.95271],[96.49239,16.95237],[96.49266,16.95237],[96.49275,16.95185],[96.49186,16.95168],[96.49204,16.95142],[96.49293,16.95168],[96.49311,16.95142],[96.49401,16.95142],[96.49383,16.95031],[96.49356,16.95005],[96.4932,16.95031],[96.49177,16.95013],[96.49123,16.95039],[96.49132,16.95151],[96.49141,16.95151]]],[[[96.46607,16.95177],[96.46589,16.95211],[96.46607,16.95168],[96.46518,16.95151],[96.46536,16.95177],[96.46509,16.9522],[96.46536,16.95245],[96.465,16.95245],[96.465,16.9528],[96.46616,16.95323],[96.46652,16.95297],[96.46652,16.9534],[96.46742,16.9534],[96.4676,16.9528],[96.46706,16.95288],[96.46697,16.95185],[96.46634,16.95254],[96.46643,16.95177],[96.46607,16.95177]]],[[[96.48188,16.95349],[96.48206,16.95297],[96.48054,16.95245],[96.48045,16.9528],[96.48144,16.95331],[96.4817,16.95306],[96.48179,16.95349],[96.48188,16.95349]]],[[[96.50344,16.9516],[96.50371,16.95177],[96.50308,16.95177],[96.50335,16.95331],[96.50452,16.95349],[96.50488,16.95323],[96.50686,16.95314],[96.50632,16.95288],[96.50686,16.9528],[96.50659,16.95151],[96.5047,16.95142],[96.50452,16.95185],[96.50479,16.9522],[96.50434,16.95134],[96.50344,16.95151],[96.50344,16.9516]]],[[[96.58052,16.95314],[96.58088,16.9528],[96.58079,16.95323],[96.58115,16.95331],[96.58097,16.95211],[96.57998,16.95323],[96.58088,16.95349],[96.5807,16.95314],[96.58052,16.95314]]],[[[96.49491,16.95245],[96.49518,16.95237],[96.49509,16.95288],[96.49455,16.95228],[96.49401,16.95254],[96.4941,16.95366],[96.49509,16.95349],[96.49536,16.95383],[96.49635,16.95331],[96.49635,16.95203],[96.49518,16.9522],[96.49527,16.95177],[96.49599,16.95194],[96.4959,16.95134],[96.49554,16.9516],[96.49509,16.95134],[96.49491,16.95228],[96.49491,16.95245]]],[[[96.47326,16.954],[96.47353,16.95383],[96.47344,16.9534],[96.47182,16.95366],[96.47317,16.954],[96.47326,16.954]]],[[[96.50623,16.95366],[96.50731,16.954],[96.50704,16.9534],[96.5056,16.95357],[96.50569,16.95409],[96.50641,16.95409],[96.50605,16.954],[96.50623,16.95383],[96.50623,16.95366]]],[[[96.46706,16.95417],[96.46733,16.954],[96.46697,16.95435],[96.46787,16.95435],[96.46787,16.95374],[96.46814,16.95366],[96.46733,16.95366],[96.46688,16.95392],[96.46697,16.95417],[96.46706,16.95417]]],[[[96.58375,16.954],[96.58411,16.95374],[96.58483,16.954],[96.58366,16.954],[96.58375,16.9546],[96.58438,16.9546],[96.58483,16.95417],[96.58573,16.95426],[96.58609,16.9534],[96.58375,16.95349],[96.58375,16.95383],[96.58375,16.954]]],[[[96.47578,16.95417],[96.47542,16.95435],[96.4756,16.954],[96.47614,16.954],[96.47623,16.9546],[96.47658,16.95417],[96.47685,16.95417],[96.47667,16.95452],[96.47712,16.95452],[96.4773,16.954],[96.47694,16.95417],[96.47694,16.95383],[96.4773,16.95349],[96.47667,16.95349],[96.47667,16.95409],[96.47632,16.95409],[96.4764,16.95374],[96.47578,16.95357],[96.47587,16.95331],[96.4764,16.95349],[96.47658,16.95323],[96.47587,16.95323],[96.47587,16.9528],[96.47551,16.95288],[96.47542,16.95357],[96.47569,16.95383],[96.47461,16.954],[96.47515,16.95426],[96.47497,16.95469],[96.47578,16.95443],[96.47578,16.95417]]],[[[96.57845,16.95452],[96.57917,16.95443],[96.57917,16.95409],[96.5789,16.95426],[96.57872,16.954],[96.5789,16.9534],[96.57845,16.95357],[96.57863,16.954],[96.57818,16.95443],[96.57782,16.95417],[96.57791,16.9546],[96.57845,16.95469],[96.57845,16.95452]]],[[[96.50443,16.95495],[96.50434,16.95409],[96.50524,16.95409],[96.50524,16.95366],[96.50398,16.95374],[96.50425,16.95435],[96.5038,16.9546],[96.50434,16.95495],[96.50443,16.95495]]],[[[96.48961,16.95503],[96.49006,16.9546],[96.48907,16.95443],[96.48925,16.95374],[96.48898,16.95357],[96.48871,16.95486],[96.48952,16.95503],[96.48961,16.95503]]],[[[96.47101,16.95512],[96.47209,16.95503],[96.47218,16.95426],[96.47146,16.95417],[96.47101,16.95486],[96.47101,16.95512]]],[[[96.52168,16.95546],[96.52222,16.95495],[96.52222,16.95452],[96.52177,16.95435],[96.52141,16.95486],[96.52159,16.95546],[96.52168,16.95546]]],[[[96.49141,16.95452],[96.49141,16.95374],[96.49051,16.95366],[96.49105,16.954],[96.49105,16.95426],[96.49069,16.95426],[96.49096,16.95443],[96.49078,16.95469],[96.49024,16.9546],[96.49042,16.95495],[96.49105,16.95486],[96.49105,16.95512],[96.4906,16.95503],[96.49069,16.95555],[96.49123,16.95546],[96.49132,16.95452],[96.49141,16.95452]]],[[[96.48009,16.95589],[96.48045,16.95538],[96.47982,16.95486],[96.48036,16.9546],[96.48072,16.95512],[96.48117,16.95512],[96.48153,16.95478],[96.48126,16.95435],[96.48081,16.95435],[96.48063,16.95478],[96.48072,16.95426],[96.48027,16.95417],[96.47937,16.95495],[96.47946,16.95589],[96.48,16.95589],[96.48009,16.95589]]],[[[96.47784,16.95529],[96.47766,16.95598],[96.4782,16.95606],[96.4782,16.95469],[96.47766,16.9546],[96.47757,16.95503],[96.47784,16.9552],[96.47784,16.95529]]],[[[96.4932,16.95452],[96.49284,16.95435],[96.49329,16.95452],[96.49329,16.95392],[96.49302,16.95409],[96.49248,16.95374],[96.49213,16.954],[96.49204,16.95374],[96.49195,16.95435],[96.4915,16.95426],[96.49141,16.95478],[96.49168,16.95495],[96.49168,16.95452],[96.49195,16.95452],[96.49204,16.95529],[96.49284,16.95538],[96.49284,16.95563],[96.49231,16.95555],[96.49222,16.95589],[96.49329,16.95606],[96.4932,16.9546],[96.4932,16.95452]]],[[[96.49482,16.95615],[96.49482,16.95435],[96.49383,16.95426],[96.49383,16.95581],[96.49473,16.95615],[96.49482,16.95615]]],[[[96.49572,16.95624],[96.49635,16.95606],[96.49635,16.95563],[96.49581,16.95598],[96.49563,16.95555],[96.49563,16.9546],[96.49617,16.95452],[96.49617,16.95426],[96.49572,16.95417],[96.49563,16.95452],[96.49518,16.95409],[96.49518,16.95589],[96.49563,16.95624],[96.49572,16.95624]]],[[[96.57998,16.95495],[96.57998,16.95546],[96.58016,16.95512],[96.58061,16.95529],[96.58016,16.95581],[96.58088,16.95581],[96.5807,16.95538],[96.58124,16.95512],[96.58124,16.95546],[96.58223,16.95581],[96.58205,16.95555],[96.58268,16.95555],[96.58286,16.95512],[96.58286,16.95538],[96.58339,16.9552],[96.5833,16.95589],[96.58286,16.95606],[96.58357,16.95598],[96.58339,16.95469],[96.58312,16.9546],[96.5833,16.95417],[96.58304,16.95409],[96.58133,16.95417],[96.58142,16.95443],[96.58016,16.95426],[96.57989,16.95486],[96.57944,16.95486],[96.57917,16.95546],[96.5789,16.95538],[96.57917,16.95624],[96.57989,16.95615],[96.57944,16.95563],[96.57971,16.95555],[96.57962,16.95495],[96.57998,16.95495]]],[[[96.46257,16.95486],[96.46221,16.95538],[96.46257,16.95598],[96.4623,16.95624],[96.4641,16.95641],[96.4641,16.95486],[96.46275,16.95486],[96.46257,16.95486]]],[[[96.49787,16.95546],[96.49796,16.95512],[96.49734,16.9552],[96.49752,16.95641],[96.49814,16.95624],[96.49805,16.95546],[96.49787,16.95546]]],[[[96.58582,16.95572],[96.58564,16.95589],[96.58564,16.95512],[96.58618,16.95555],[96.58564,16.95503],[96.58618,16.95486],[96.58591,16.95452],[96.5851,16.95478],[96.5851,16.95555],[96.58537,16.95546],[96.58555,16.95606],[96.58582,16.95598],[96.58573,16.95649],[96.586,16.95649],[96.58591,16.95572],[96.58582,16.95572]]],[[[96.48799,16.95512],[96.48772,16.95426],[96.48808,16.95417],[96.48736,16.95409],[96.48709,16.95478],[96.48745,16.95503],[96.48718,16.95503],[96.48665,16.95632],[96.48754,16.95658],[96.48844,16.95641],[96.48844,16.95572],[96.48745,16.95581],[96.48781,16.95546],[96.48772,16.95512],[96.48799,16.95512]]],[[[96.48799,16.95512],[96.48799,16.95555],[96.4888,16.95563],[96.48862,16.95658],[96.48925,16.95658],[96.48934,16.95512],[96.48853,16.95546],[96.48862,16.95469],[96.48826,16.95452],[96.48808,16.95512],[96.48799,16.95512]]],[[[96.47937,16.95692],[96.48009,16.95667],[96.48018,16.95606],[96.47937,16.95598],[96.4791,16.95658],[96.47928,16.95692],[96.47937,16.95692]]],[[[96.49275,16.9571],[96.49329,16.95658],[96.49222,16.95632],[96.49213,16.95692],[96.49257,16.95684],[96.49266,16.9571],[96.49275,16.9571]]],[[[96.46616,16.95392],[96.4658,16.95357],[96.46536,16.954],[96.4658,16.95349],[96.46527,16.95357],[96.46509,16.95323],[96.46401,16.9534],[96.46374,16.9546],[96.46598,16.95443],[96.46607,16.95478],[96.46428,16.95486],[96.46437,16.95718],[96.46607,16.9571],[96.46616,16.95684],[96.46661,16.95701],[96.46796,16.95658],[96.46814,16.95572],[96.46778,16.95555],[96.46787,16.95469],[96.4667,16.95486],[96.46661,16.9546],[96.46625,16.95486],[96.46607,16.95443],[96.46643,16.9546],[96.46643,16.95374],[96.46625,16.95392],[96.46616,16.95392]]],[[[96.49006,16.95606],[96.49051,16.95615],[96.49042,16.95684],[96.49069,16.95701],[96.49141,16.95701],[96.49141,16.95667],[96.49186,16.95692],[96.49168,16.95563],[96.49051,16.95563],[96.49015,16.95598],[96.49015,16.9552],[96.48961,16.95503],[96.48952,16.95563],[96.48988,16.95572],[96.48943,16.95615],[96.48961,16.95718],[96.49015,16.95684],[96.49006,16.95615],[96.49006,16.95606]]],[[[96.52923,16.95692],[96.52878,16.95658],[96.52842,16.95684],[96.52869,16.95718],[96.52815,16.95718],[96.52806,16.95684],[96.52788,16.95727],[96.52842,16.95744],[96.52923,16.9571],[96.52923,16.95692]]],[[[96.48413,16.95778],[96.48485,16.95761],[96.48494,16.95667],[96.48359,16.95684],[96.48359,16.95761],[96.48404,16.95778],[96.48413,16.95778]]],[[[96.48602,16.95787],[96.48718,16.95735],[96.48781,16.95735],[96.48808,16.9577],[96.48826,16.95735],[96.48907,16.95735],[96.48916,16.95701],[96.48781,16.95692],[96.48763,16.95718],[96.48754,16.95692],[96.48584,16.95684],[96.48584,16.95787],[96.48602,16.95787]]],[[[96.46401,16.95795],[96.4641,16.95649],[96.46365,16.95667],[96.46383,16.95795],[96.46401,16.95795]]],[[[96.47236,16.95778],[96.47245,16.95718],[96.47335,16.95701],[96.47308,16.95572],[96.47182,16.95589],[96.47182,16.95718],[96.47227,16.9571],[96.47209,16.95787],[96.47236,16.95795],[96.47236,16.95778]]],[[[96.47982,16.95804],[96.48072,16.95795],[96.48081,16.95735],[96.47955,16.95744],[96.47928,16.95761],[96.47937,16.95804],[96.47982,16.95804]]],[[[96.5233,16.95804],[96.52437,16.9577],[96.52402,16.95744],[96.52402,16.95692],[96.52285,16.95701],[96.52276,16.95735],[96.52339,16.95718],[96.52366,16.95761],[96.5233,16.95761],[96.52321,16.95804],[96.5233,16.95804]]],[[[96.5259,16.95804],[96.52626,16.95744],[96.52581,16.95658],[96.52518,16.95675],[96.52545,16.95735],[96.52572,16.95735],[96.52563,16.95804],[96.5259,16.95804]]],[[[96.46922,16.95813],[96.46949,16.95795],[96.46931,16.95718],[96.46976,16.9577],[96.46994,16.95735],[96.47155,16.95701],[96.47128,16.95667],[96.47066,16.95667],[96.46949,16.95718],[96.46922,16.9571],[96.46931,16.95667],[96.46904,16.95667],[96.46886,16.95795],[96.46913,16.95813],[96.46922,16.95813]]],[[[96.49707,16.95813],[96.49707,16.95761],[96.49823,16.95744],[96.49805,16.95692],[96.49796,16.95718],[96.49761,16.95701],[96.49752,16.95744],[96.49671,16.95744],[96.49653,16.95692],[96.49653,16.95752],[96.49698,16.95752],[96.49698,16.95787],[96.49653,16.95813],[96.49698,16.95813],[96.49707,16.95813]]],[[[96.58348,16.95821],[96.58312,16.9577],[96.58384,16.95752],[96.58357,16.95701],[96.58321,16.95752],[96.58286,16.95735],[96.58304,16.95718],[96.58214,16.9571],[96.58223,16.95761],[96.58304,16.9577],[96.58295,16.95821],[96.58348,16.95821]]],[[[96.52869,16.9583],[96.52932,16.95813],[96.52923,16.95752],[96.52815,16.95761],[96.52851,16.9583],[96.52869,16.9583]]],[[[96.46311,16.95838],[96.46311,16.95795],[96.46347,16.95795],[96.46338,16.95667],[96.46302,16.95667],[96.46293,16.95838],[96.46311,16.95838]]],[[[96.58564,16.9571],[96.58555,16.95735],[96.58564,16.95701],[96.58519,16.95701],[96.58537,16.95675],[96.58483,16.95624],[96.58411,16.95641],[96.5842,16.95692],[96.58429,16.95658],[96.58465,16.95692],[96.5842,16.95718],[96.58438,16.95813],[96.58492,16.95838],[96.586,16.95838],[96.58564,16.95795],[96.586,16.95701],[96.58573,16.9571],[96.58564,16.9571]]],[[[96.525,16.95856],[96.52527,16.9583],[96.52509,16.95727],[96.52473,16.95727],[96.52464,16.95778],[96.52509,16.95804],[96.52437,16.95821],[96.52482,16.9583],[96.52482,16.95856],[96.525,16.95856]]],[[[96.46527,16.95864],[96.46571,16.9583],[96.46536,16.9583],[96.46527,16.95795],[96.46571,16.95778],[96.46607,16.95804],[96.46679,16.95744],[96.46446,16.95744],[96.46473,16.95778],[96.46437,16.95813],[96.46509,16.95821],[96.46509,16.95864],[96.46527,16.95864]]],[[[96.47299,16.95864],[96.47362,16.95847],[96.47362,16.95761],[96.47317,16.95727],[96.47263,16.95752],[96.47281,16.95864],[96.47299,16.95864]]],[[[96.47209,16.95787],[96.47173,16.95744],[96.47021,16.95778],[96.47039,16.95804],[96.47119,16.95787],[96.47137,16.95873],[96.47182,16.95847],[96.47173,16.95804],[96.47209,16.95795],[96.47209,16.95787]]],[[[96.51665,16.95804],[96.51719,16.95752],[96.51584,16.95787],[96.51566,16.95881],[96.51665,16.95813],[96.51665,16.95804]]],[[[96.46778,16.95899],[96.46751,16.9577],[96.46688,16.9583],[96.46769,16.95899],[96.46778,16.95899]]],[[[96.56902,16.95856],[96.56875,16.95864],[96.56911,16.95821],[96.56866,16.95847],[96.56749,16.95838],[96.56758,16.95864],[96.56821,16.95856],[96.56821,16.95899],[96.56875,16.95873],[96.56947,16.95916],[96.56956,16.95873],[96.56929,16.95856],[96.56902,16.95856]]],[[[96.46419,16.95942],[96.46482,16.95847],[96.46419,16.95856],[96.46428,16.95821],[96.46356,16.95821],[96.46347,16.95881],[96.46374,16.95907],[96.4641,16.9589],[96.46392,16.95942],[96.46419,16.95942]]],[[[96.50605,16.9595],[96.50641,16.9577],[96.5047,16.95744],[96.50488,16.95795],[96.50515,16.95778],[96.50605,16.95813],[96.50551,16.95856],[96.50488,16.95813],[96.5047,16.95864],[96.50605,16.95881],[96.5056,16.95916],[96.50596,16.9595],[96.50605,16.9595]]],[[[96.50874,16.95821],[96.50821,16.95838],[96.5083,16.95813],[96.50874,16.95821],[96.50874,16.95778],[96.50767,16.95787],[96.50758,16.95838],[96.50812,16.95899],[96.50794,16.95959],[96.50919,16.95933],[96.50883,16.95907],[96.50821,16.95933],[96.50821,16.95907],[96.50856,16.95907],[96.50838,16.95873],[96.50883,16.95864],[96.50883,16.95821],[96.50874,16.95821]]],[[[96.57684,16.95873],[96.57657,16.95847],[96.57702,16.95873],[96.5772,16.95813],[96.57648,16.95821],[96.57621,16.95856],[96.57621,16.95813],[96.57603,16.9583],[96.57558,16.95795],[96.57603,16.95795],[96.57612,16.95761],[96.57567,16.95744],[96.57567,16.95778],[96.57513,16.95744],[96.5754,16.9577],[96.57513,16.95813],[96.5754,16.9583],[96.57486,16.9583],[96.57486,16.95856],[96.57513,16.95847],[96.57495,16.95899],[96.57522,16.9595],[96.57558,16.95959],[96.5754,16.95916],[96.57522,16.95933],[96.5754,16.95838],[96.57558,16.95881],[96.57576,16.95856],[96.57621,16.95864],[96.57576,16.9589],[96.57567,16.95942],[96.57612,16.95933],[96.57603,16.95899],[96.57684,16.95899],[96.57684,16.95873]]],[[[96.49752,16.95967],[96.49769,16.95933],[96.49823,16.95959],[96.49895,16.95942],[96.49895,16.95899],[96.49752,16.9589],[96.49743,16.95967],[96.49752,16.95967]]],[[[96.5842,16.95976],[96.58411,16.95899],[96.5833,16.95864],[96.58304,16.95916],[96.58348,16.95916],[96.58348,16.95942],[96.58375,16.95924],[96.58402,16.95976],[96.5842,16.95976]]],[[[96.4667,16.95864],[96.46643,16.95873],[96.4667,16.95899],[96.46643,16.95924],[96.46661,16.95984],[96.46751,16.95993],[96.46751,16.95907],[96.46679,16.95864],[96.4667,16.95864]]],[[[96.58339,16.96002],[96.58321,16.95924],[96.58259,16.95942],[96.58232,16.95864],[96.58187,16.95873],[96.58205,16.95967],[96.58259,16.9595],[96.5833,16.96002],[96.58339,16.96002]]],[[[96.4844,16.96019],[96.48476,16.95984],[96.4853,16.95993],[96.48521,16.95916],[96.48404,16.95924],[96.48431,16.96019],[96.4844,16.96019]]],[[[96.57423,16.96019],[96.57423,16.95967],[96.57468,16.95959],[96.57459,16.95916],[96.5745,16.9595],[96.57423,16.95924],[96.57441,16.95881],[96.57414,16.95899],[96.57432,16.95804],[96.57387,16.95787],[96.57378,16.95813],[96.57333,16.95804],[96.57351,16.95821],[96.57324,16.95856],[96.57351,16.95864],[96.57351,16.9583],[96.57405,16.95813],[96.57414,16.95873],[96.57369,16.9595],[96.57423,16.9595],[96.57414,16.95984],[96.57378,16.95967],[96.57369,16.95993],[96.57378,16.96019],[96.57432,16.96019],[96.57423,16.96019]]],[[[96.49266,16.96053],[96.49248,16.9601],[96.49302,16.96019],[96.49329,16.95924],[96.49213,16.95907],[96.49204,16.96002],[96.49257,16.96053],[96.49266,16.96053]]],[[[96.5003,16.9607],[96.50084,16.96062],[96.50075,16.95864],[96.50012,16.95873],[96.49994,16.95907],[96.50021,16.95942],[96.49985,16.95984],[96.50003,16.96027],[96.49976,16.96019],[96.49967,16.96053],[96.50003,16.96036],[96.50021,16.9607],[96.5003,16.9607]]],[[[96.48754,16.96079],[96.48781,16.96036],[96.48763,16.95993],[96.48799,16.95984],[96.4879,16.95933],[96.48727,16.95942],[96.48727,16.96027],[96.48701,16.96027],[96.48701,16.9595],[96.48656,16.95942],[96.48638,16.96027],[96.48665,16.96045],[96.48638,16.96062],[96.48736,16.96045],[96.48745,16.96079],[96.48754,16.96079]]],[[[96.55977,16.96096],[96.56049,16.96045],[96.56085,16.9607],[96.56094,16.96027],[96.5604,16.96019],[96.56076,16.9601],[96.56058,16.95976],[96.56022,16.96027],[96.55977,16.95984],[96.55968,16.96096],[96.55977,16.96096]]],[[[96.50246,16.96105],[96.50237,16.96053],[96.50273,16.96045],[96.50291,16.95984],[96.50317,16.96002],[96.50308,16.96045],[96.50371,16.96036],[96.50371,16.95778],[96.50344,16.95787],[96.50362,16.95864],[96.50308,16.95873],[96.50291,16.95967],[96.50273,16.95899],[96.50219,16.95907],[96.50219,16.96105],[96.50246,16.96105]]],[[[96.48898,16.96139],[96.48907,16.96113],[96.48997,16.96105],[96.49006,16.96027],[96.49042,16.96062],[96.49114,16.96053],[96.49123,16.95967],[96.49087,16.9595],[96.49087,16.95993],[96.49024,16.9601],[96.48997,16.95984],[96.48853,16.95993],[96.4888,16.96113],[96.48853,16.96113],[96.48844,16.96053],[96.48799,16.96062],[96.48808,16.96122],[96.48871,16.96139],[96.48898,16.96139]]],[[[96.58483,16.96148],[96.58501,16.96062],[96.58474,16.96088],[96.58411,16.96036],[96.58411,16.96079],[96.58375,16.96088],[96.58465,16.96113],[96.58438,16.96156],[96.5851,16.96148],[96.58483,16.96148]]],[[[96.55851,16.96174],[96.5586,16.96139],[96.55833,16.96139],[96.55806,16.9607],[96.55806,16.96131],[96.55743,16.96139],[96.55725,16.96105],[96.55743,16.96165],[96.55824,16.96174],[96.55842,16.96148],[96.55842,16.96174],[96.55851,16.96174]]],[[[96.57288,16.96139],[96.57226,16.96131],[96.57235,16.96002],[96.57172,16.96036],[96.5719,16.96062],[96.57154,16.96053],[96.57145,16.9601],[96.57181,16.9601],[96.57154,16.96002],[96.57154,16.95942],[96.57199,16.95959],[96.57181,16.9589],[96.57073,16.9589],[96.57145,16.95967],[96.57136,16.96027],[96.57091,16.96027],[96.57082,16.9607],[96.57145,16.96053],[96.57163,16.96088],[96.57217,16.96088],[96.5719,16.96122],[96.57154,16.9607],[96.57109,16.9607],[96.57145,16.96113],[96.57118,16.96165],[96.57145,16.96139],[96.57181,16.96165],[96.57288,16.96148],[96.57288,16.96139]]],[[[96.48602,16.96174],[96.48611,16.96088],[96.48548,16.96088],[96.48557,16.96053],[96.48512,16.96053],[96.4853,16.96088],[96.48485,16.96096],[96.48494,16.96139],[96.48449,16.96113],[96.48431,16.96148],[96.48458,16.96174],[96.48566,16.96148],[96.48575,16.96191],[96.48611,16.96174],[96.48602,16.96174]]],[[[96.46589,16.96199],[96.46643,16.96191],[96.46625,16.96096],[96.46383,16.96105],[96.46401,16.96148],[96.46446,16.96148],[96.46464,16.96113],[96.46491,16.96191],[96.4658,16.96199],[96.46589,16.96199]]],[[[96.56866,16.96182],[96.56911,16.96199],[96.56884,16.96148],[96.5692,16.96105],[96.56893,16.96113],[96.56839,16.96045],[96.56884,16.96088],[96.5692,16.96088],[96.5692,16.96062],[96.56884,16.96053],[96.56902,16.96002],[96.56848,16.95933],[96.56821,16.95967],[96.56875,16.9601],[96.56776,16.95984],[96.56776,16.95959],[96.56776,16.96002],[96.5674,16.9601],[96.56767,16.96036],[96.56803,16.96002],[96.56785,16.96036],[96.5683,16.96053],[96.56776,16.9607],[96.56803,16.96096],[96.56839,16.96079],[96.56848,16.96122],[96.56794,16.96122],[96.56758,16.96045],[96.56678,16.9607],[96.56615,16.95967],[96.56579,16.96053],[96.56606,16.96053],[96.56633,16.96131],[96.5666,16.96113],[96.56678,16.96165],[96.56687,16.96139],[96.5674,16.96156],[96.56758,16.96105],[96.56713,16.96131],[96.56624,16.96079],[96.56696,16.96096],[96.56713,16.9607],[96.56704,16.96113],[96.5674,16.96088],[96.56776,16.96105],[96.56794,16.96139],[96.56758,16.96174],[96.56803,16.96199],[96.56884,16.96113],[96.5683,16.96208],[96.56857,16.96182],[96.56866,16.96182]]],[[[96.46329,16.96088],[96.46293,16.96131],[96.46347,16.96122],[96.46311,16.96191],[96.46338,16.96165],[96.46437,16.96225],[96.46455,16.96174],[96.46383,16.96182],[96.46356,16.96131],[96.46374,16.96079],[96.46329,16.9607],[96.46329,16.96088]]],[[[96.56687,16.96165],[96.5666,16.96199],[96.56651,16.96148],[96.56624,16.96174],[96.5666,16.96234],[96.56713,16.96199],[96.56776,16.96225],[96.56704,16.96165],[96.56687,16.96165]]],[[[96.56381,16.96208],[96.5639,16.96182],[96.56426,16.96208],[96.56381,16.96208],[96.56381,16.96234],[96.56525,16.96216],[96.56543,16.96079],[96.56507,16.96079],[96.56498,16.96036],[96.56444,16.96079],[96.56489,16.9601],[96.56471,16.9595],[96.56462,16.95993],[96.56417,16.95984],[96.5639,16.96027],[96.56435,16.96053],[96.5639,16.96079],[96.56408,16.96148],[96.56399,16.96122],[96.56309,16.96122],[96.56309,16.96088],[96.56363,16.96062],[96.56345,16.96027],[96.5639,16.96019],[96.56417,16.95967],[96.56318,16.95984],[96.56309,16.9595],[96.56309,16.95993],[96.56255,16.95976],[96.56237,16.9601],[96.56264,16.96036],[96.56336,16.96027],[96.56318,16.96062],[96.56237,16.96045],[96.56246,16.96096],[96.56201,16.96122],[96.56219,16.96165],[96.56192,16.96148],[96.56183,16.96174],[96.56228,16.96174],[96.56228,16.96216],[96.56183,16.96191],[96.56183,16.96234],[96.56228,16.96251],[96.56255,16.96182],[96.56282,16.96242],[96.56318,16.96251],[96.56291,16.96208],[96.56345,16.96216],[96.56336,16.96242],[96.56372,16.96208],[96.56381,16.96208]]],[[[96.4711,16.96259],[96.47137,16.96234],[96.47128,16.96182],[96.47101,16.96182],[96.4711,16.96139],[96.47191,16.96139],[96.472,16.96053],[96.47066,16.96096],[96.47093,16.96259],[96.4711,16.96259]]],[[[96.52429,16.96268],[96.52473,16.96251],[96.52446,16.96174],[96.52473,16.96191],[96.52482,16.96139],[96.5242,16.96148],[96.52411,16.96268],[96.52429,16.96268]]],[[[96.55312,16.96242],[96.55294,16.96199],[96.5533,16.96199],[96.5533,16.96251],[96.55366,16.96251],[96.55357,16.96225],[96.55456,16.96234],[96.55447,16.96199],[96.55474,16.96225],[96.55537,16.96208],[96.55492,16.96208],[96.55483,16.96174],[96.55429,16.96191],[96.55429,16.96148],[96.55375,16.96156],[96.55375,16.96182],[96.55348,16.96148],[96.55195,16.96174],[96.55213,16.96268],[96.55258,16.96268],[96.55222,16.96251],[96.55213,16.96182],[96.55276,16.96182],[96.55276,16.96234],[96.55312,16.96259],[96.55312,16.96242]]],[[[96.47623,16.96277],[96.47623,16.96216],[96.47685,16.96199],[96.47658,16.96174],[96.47524,16.96234],[96.47569,16.96251],[96.47614,16.96225],[96.47587,16.96251],[96.47605,16.96277],[96.47623,16.96277]]],[[[96.49922,16.96294],[96.49922,16.96191],[96.49841,16.96199],[96.4985,16.96294],[96.49913,16.96294],[96.49922,16.96294]]],[[[96.49275,16.96259],[96.49293,16.96311],[96.49374,16.96311],[96.49392,16.96285],[96.49383,16.96242],[96.49293,16.96259],[96.49275,16.96259]]],[[[96.49581,16.96208],[96.49572,16.96311],[96.49626,16.96277],[96.49743,16.96311],[96.49841,16.96268],[96.49796,16.96139],[96.49787,16.96216],[96.49653,16.96216],[96.49635,16.96259],[96.49608,16.96191],[96.49581,16.96199],[96.49581,16.96208]]],[[[96.56004,16.96311],[96.56013,16.96234],[96.55923,16.96242],[96.55977,16.96311],[96.56004,16.96311]]],[[[96.45916,16.9632],[96.46041,16.96294],[96.46033,16.96199],[96.45997,16.96199],[96.45979,16.96285],[96.4588,16.96285],[96.4588,16.9632],[96.45907,16.9632],[96.45916,16.9632]]],[[[96.47425,16.96191],[96.47443,16.96208],[96.47317,16.96208],[96.47317,16.96259],[96.47353,16.96268],[96.47353,16.96294],[96.47326,16.96285],[96.47344,16.96337],[96.47362,16.96294],[96.47407,16.96311],[96.47434,16.96242],[96.47479,16.96242],[96.4747,16.96174],[96.47425,16.96182],[96.47425,16.96191]]],[[[96.56696,16.96328],[96.5666,16.96302],[96.56776,16.96337],[96.56767,16.96302],[96.56749,16.9632],[96.56767,16.96259],[96.56687,16.96251],[96.56651,16.96294],[96.56606,16.96259],[96.56624,16.96337],[96.56633,16.96311],[96.5666,16.96345],[96.56696,16.96337],[96.56696,16.96328]]],[[[96.56534,16.9632],[96.56534,16.96268],[96.5648,16.96268],[96.56507,16.96302],[96.56471,16.96285],[96.56471,16.96354],[96.56498,16.96328],[96.56516,16.96354],[96.56579,16.96345],[96.56579,16.96268],[96.56543,16.96268],[96.56552,16.9632],[96.56534,16.9632]]],[[[96.47128,16.96371],[96.47119,16.96345],[96.47173,16.96371],[96.47173,16.96294],[96.4711,16.96277],[96.47057,16.9632],[96.47057,16.96388],[96.47128,16.96388],[96.47128,16.96371]]],[[[96.48907,16.96388],[96.48934,16.96311],[96.48898,16.96216],[96.48889,16.96388],[96.48907,16.96388]]],[[[96.45988,16.96397],[96.46024,16.9638],[96.46033,16.9632],[96.45925,16.96337],[96.45934,16.9638],[96.45979,16.96397],[96.45988,16.96397]]],[[[96.46554,16.96397],[96.46652,16.96337],[96.46634,16.96208],[96.46554,16.96216],[96.46563,16.96242],[96.46527,16.96251],[96.46554,16.96277],[96.4658,16.96259],[96.46571,16.96302],[96.46527,16.96302],[96.4658,16.9632],[96.46527,16.96354],[96.46545,16.96397],[96.46554,16.96397]]],[[[96.48826,16.96397],[96.48853,16.9638],[96.48862,16.96277],[96.48844,16.96234],[96.4879,16.96225],[96.48754,16.96268],[96.48709,16.96268],[96.48709,16.96328],[96.48745,16.96354],[96.48799,16.96268],[96.4879,16.96354],[96.48817,16.96397],[96.48826,16.96397]]],[[[96.49069,16.96405],[96.49087,16.96388],[96.49042,16.96363],[96.49042,16.96328],[96.49087,16.96345],[96.49087,16.96302],[96.48961,16.96302],[96.48943,16.96337],[96.49033,16.96345],[96.49051,16.96405],[96.49069,16.96405]]],[[[96.49275,16.96259],[96.49239,16.96251],[96.49257,16.96208],[96.49239,16.96234],[96.49239,16.96208],[96.49168,16.96199],[96.49168,16.96302],[96.49114,16.96251],[96.49105,16.96423],[96.49132,16.9638],[96.49213,16.96354],[96.4932,16.96397],[96.49311,16.96345],[96.49248,16.96345],[96.49266,16.9632],[96.49204,16.96337],[96.49266,16.96259],[96.49275,16.96259]]],[[[96.57306,16.96277],[96.5736,16.96285],[96.57342,16.96251],[96.57387,16.96242],[96.57414,16.96277],[96.57441,16.96259],[96.5745,16.96294],[96.5745,16.96242],[96.57576,16.96225],[96.57504,16.96182],[96.57495,16.96216],[96.5745,16.96199],[96.57423,16.96251],[96.57423,16.96216],[96.57261,16.96251],[96.57288,16.96311],[96.57217,16.9632],[96.57252,16.96268],[96.57208,16.96277],[96.57181,16.96337],[96.57154,16.96302],[96.57163,16.96354],[96.57109,16.96371],[96.571,16.9644],[96.57118,16.96414],[96.57199,16.96414],[96.5719,16.96345],[96.57226,16.96397],[96.57279,16.96371],[96.57243,16.96354],[96.57261,16.96328],[96.57315,16.96345],[96.57315,16.96277],[96.57306,16.96277]]],[[[96.57423,16.9644],[96.57468,16.96423],[96.57477,16.96354],[96.57549,16.9638],[96.57594,16.96354],[96.57558,16.96311],[96.57549,16.96363],[96.5754,16.96328],[96.57495,16.96345],[96.57468,16.96302],[96.5745,16.96388],[96.57378,16.96405],[96.57414,16.9644],[96.57423,16.9644]]],[[[96.47892,16.96448],[96.47901,16.96423],[96.47928,16.9644],[96.47928,16.96405],[96.47811,16.96371],[96.47793,16.9644],[96.47874,16.96448],[96.47892,16.96448]]],[[[96.48332,16.96448],[96.48332,16.96328],[96.48224,16.96354],[96.48251,16.96423],[96.48251,16.96363],[96.48287,16.96371],[96.48278,16.96423],[96.48314,16.96448],[96.48332,16.96448]]],[[[96.52464,16.96328],[96.525,16.96328],[96.525,16.96354],[96.52411,16.96371],[96.52411,16.96337],[96.52464,16.96337],[96.52437,16.96277],[96.5233,16.96302],[96.5233,16.96354],[96.52366,16.96328],[96.52339,16.96354],[96.52366,16.96397],[96.52339,16.9638],[96.52321,16.96405],[96.52339,16.9644],[96.52402,16.96466],[96.52545,16.96448],[96.52518,16.96337],[96.52554,16.96302],[96.52482,16.96259],[96.52464,16.9632],[96.52464,16.96328]]],[[[96.48494,16.96466],[96.48521,16.96405],[96.48503,16.9638],[96.48359,16.9638],[96.48359,16.9644],[96.4844,16.96466],[96.48449,16.96405],[96.48476,16.96466],[96.48494,16.96466]]],[[[96.48566,16.96474],[96.4862,16.96457],[96.48611,16.96388],[96.48539,16.96397],[96.48548,16.96474],[96.48566,16.96474]]],[[[96.48772,16.96474],[96.48862,16.96457],[96.48862,16.96414],[96.48736,16.96405],[96.48718,16.96431],[96.48763,16.96474],[96.48772,16.96474]]],[[[96.55815,16.96466],[96.55851,16.96431],[96.55905,16.9644],[96.55887,16.96397],[96.55914,16.96363],[96.5595,16.9644],[96.55995,16.96397],[96.56067,16.96405],[96.56031,16.96388],[96.56058,16.96345],[96.56022,16.96337],[96.55995,16.9638],[96.56004,16.96345],[96.55968,16.96337],[96.55986,16.96397],[96.55959,16.96397],[96.55941,16.96337],[96.55914,16.96354],[96.55896,16.9632],[96.55851,16.96371],[96.55842,16.96328],[96.55887,16.96328],[96.55905,16.96294],[96.55896,16.96242],[96.55797,16.96268],[96.55788,16.96234],[96.55752,16.96259],[96.5577,16.96311],[96.55806,16.96277],[96.55806,16.96363],[96.55761,16.96397],[96.55734,16.96345],[96.55707,16.96363],[96.55716,16.96328],[96.5568,16.96371],[96.55618,16.96363],[96.55627,16.96337],[96.55689,16.96345],[96.55698,16.96302],[96.55671,16.96328],[96.55653,16.96311],[96.55725,16.96277],[96.55582,16.96302],[96.55609,16.96474],[96.55671,16.96491],[96.55734,16.96457],[96.55752,16.96405],[96.55761,16.96431],[96.55815,16.96405],[96.55779,16.9644],[96.55806,16.96466],[96.55815,16.96466]]],[[[96.49186,16.965],[96.49213,16.96397],[96.4915,16.96405],[96.4915,16.965],[96.49186,16.965]]],[[[96.47488,16.9644],[96.47389,16.9644],[96.47263,16.96509],[96.47488,16.96457],[96.47488,16.9644]]],[[[96.48979,16.96509],[96.49033,16.96491],[96.48979,16.9638],[96.48889,16.96405],[96.48898,16.96474],[96.4897,16.96509],[96.48979,16.96509]]],[[[96.48144,16.96517],[96.48197,16.96397],[96.48162,16.96345],[96.48108,16.96354],[96.48108,16.965],[96.48135,16.96517],[96.48144,16.96517]]],[[[96.49545,16.96517],[96.49626,16.965],[96.49608,16.96328],[96.49563,16.96328],[96.49563,16.96302],[96.49527,16.9632],[96.49536,16.96363],[96.4959,16.96345],[96.49554,16.9638],[96.49446,16.96328],[96.49464,16.96423],[96.49545,16.96448],[96.49545,16.96517]]],[[[96.49859,16.96526],[96.49877,16.96491],[96.49832,16.96457],[96.49823,16.9632],[96.49761,16.96337],[96.49761,16.96423],[96.49752,16.96337],[96.49644,16.96328],[96.49662,16.96491],[96.49743,16.96491],[96.49734,16.96457],[96.49769,16.96431],[96.49761,16.96474],[96.4985,16.96526],[96.49859,16.96526]]],[[[96.56956,16.9638],[96.56983,16.96423],[96.56947,16.9638],[96.56947,16.9644],[96.56983,16.96431],[96.56965,16.96474],[96.57019,16.96509],[96.57019,16.96543],[96.57055,16.96509],[96.57019,16.965],[96.5701,16.96363],[96.57055,16.96388],[96.57091,16.96354],[96.57028,16.9632],[96.57028,16.96354],[96.56947,16.96345],[96.56956,16.96371],[96.56956,16.9638]]],[[[96.49545,16.96517],[96.49518,16.96466],[96.49455,16.96466],[96.49509,16.96509],[96.49455,16.96509],[96.49446,16.9656],[96.49545,16.96543],[96.49545,16.96517]]],[[[96.56022,16.96509],[96.56004,16.96526],[96.55986,16.965],[96.56022,16.96509],[96.55986,16.96448],[96.55914,16.96448],[96.55896,16.96474],[96.55932,16.96491],[96.55887,16.965],[96.55932,16.96526],[96.55923,16.9656],[96.56049,16.96552],[96.56067,16.96483],[96.56031,16.96509],[96.56022,16.96509]]],[[[96.46365,16.96431],[96.46365,16.96405],[96.46509,16.96388],[96.465,16.96268],[96.46383,16.96311],[96.46275,16.96251],[96.46293,16.96311],[96.46203,16.96311],[96.46257,16.96354],[96.46212,16.96345],[96.46194,16.96371],[96.46212,16.96509],[96.46293,16.965],[96.46329,16.96569],[96.46347,16.96517],[96.46311,16.965],[96.46338,16.96448],[96.46275,16.96423],[96.46329,16.96405],[96.46356,16.96431],[96.46365,16.96431]]],[[[96.52303,16.96569],[96.52303,16.96491],[96.52267,16.965],[96.52294,16.9644],[96.52168,16.96431],[96.52186,16.96509],[96.52258,16.96569],[96.52303,16.96569]]],[[[96.51854,16.96517],[96.51836,16.965],[96.51872,16.96534],[96.51907,16.96509],[96.51872,16.96466],[96.51719,16.96466],[96.51746,16.96577],[96.51854,16.96526],[96.51854,16.96517]]],[[[96.55842,16.96517],[96.55815,16.96534],[96.55842,16.96517],[96.55824,16.96483],[96.5586,16.96474],[96.55815,16.96466],[96.5577,16.96526],[96.55842,16.96577],[96.55887,16.9656],[96.55887,16.96517],[96.5586,16.96517],[96.55878,16.96483],[96.55851,16.96517],[96.55842,16.96517]]],[[[96.46841,16.96603],[96.4685,16.96577],[96.47021,16.96534],[96.46994,16.96414],[96.46886,16.9644],[96.46904,16.96491],[96.46976,16.96474],[96.46976,16.965],[96.46913,16.96509],[96.46913,16.96552],[96.46796,16.96569],[96.46823,16.96603],[96.46841,16.96603]]],[[[96.45691,16.96543],[96.45709,16.96603],[96.45736,16.96577],[96.45772,16.96612],[96.4579,16.96483],[96.457,16.96483],[96.45691,16.96526],[96.45691,16.96543]]],[[[96.45826,16.96612],[96.45844,16.96577],[96.45934,16.96552],[96.4588,16.96517],[96.4588,16.96483],[96.45817,16.96483],[96.45808,16.96612],[96.45826,16.96612]]],[[[96.52402,16.96629],[96.52402,16.96483],[96.5233,16.96474],[96.52339,16.96586],[96.52384,16.96577],[96.52393,16.96629],[96.52402,16.96629]]],[[[96.52446,16.96629],[96.52527,16.9656],[96.52491,16.96474],[96.52429,16.96483],[96.5242,16.96569],[96.52473,16.96586],[96.52437,16.96629],[96.52446,16.96629]]],[[[96.46419,16.96577],[96.46365,16.96577],[96.46392,16.96672],[96.46491,16.96637],[96.465,16.96603],[96.46464,16.96577],[96.46464,16.96637],[96.46401,16.96646],[96.46437,16.96577],[96.46419,16.96577]]],[[[96.48943,16.96646],[96.48961,16.9668],[96.49006,16.96663],[96.4906,16.9656],[96.49015,16.96526],[96.48889,16.96552],[96.48889,16.96517],[96.48835,16.96491],[96.48835,16.96577],[96.4888,16.96603],[96.48916,16.9656],[96.48934,16.96629],[96.48898,16.96629],[96.48934,16.96646],[96.48943,16.96646]]],[[[96.48701,16.96689],[96.48647,16.9662],[96.48566,16.9662],[96.48584,16.96689],[96.48692,16.96689],[96.48701,16.96689]]],[[[96.46176,16.96509],[96.46167,16.96457],[96.46113,16.96423],[96.46095,16.96526],[96.46059,16.96526],[96.46122,16.9656],[96.4614,16.96517],[96.4614,16.96586],[96.46185,16.96586],[96.46185,16.96612],[96.46122,16.96629],[96.46122,16.96577],[96.4605,16.96629],[96.46041,16.96603],[96.45988,16.96603],[96.46006,16.96637],[96.45952,16.96646],[96.45961,16.96689],[96.46068,16.96698],[96.46059,16.96629],[96.46104,16.96655],[96.46095,16.96689],[96.46131,16.96646],[96.46203,16.96637],[96.46185,16.96509],[96.46176,16.96509]]],[[[96.48009,16.96672],[96.48,16.96586],[96.48036,16.96586],[96.48045,16.96655],[96.48009,16.96689],[96.48072,16.96715],[96.48108,16.96569],[96.48063,16.96552],[96.48045,16.96586],[96.48018,16.96474],[96.48054,16.96448],[96.48,16.96431],[96.47991,16.96509],[96.47964,16.96431],[96.47946,16.96603],[96.4791,16.96517],[96.47847,16.96509],[96.47838,16.96569],[96.47982,16.96672],[96.48009,16.96672]]],[[[96.57172,16.96655],[96.57127,16.96663],[96.57136,16.96706],[96.57181,16.9668],[96.57136,16.96723],[96.57315,16.96672],[96.57342,16.96689],[96.57333,16.96612],[96.5727,16.9662],[96.57279,16.9656],[96.57243,16.96577],[96.57261,16.96672],[96.57217,16.96655],[96.57172,16.96655]]],[[[96.52105,16.96715],[96.52105,16.96646],[96.52141,16.96663],[96.52141,16.96723],[96.52186,16.96706],[96.52159,16.96663],[96.52186,16.96603],[96.52123,16.9656],[96.52132,16.96637],[96.5206,16.96629],[96.52087,16.9668],[96.5206,16.96732],[96.52105,16.96723],[96.52105,16.96715]]],[[[96.45529,16.96689],[96.45485,16.96603],[96.45502,16.96517],[96.4544,16.96509],[96.4544,16.96715],[96.45476,16.96749],[96.45529,16.96732],[96.45529,16.96689]]],[[[96.56426,16.96552],[96.56417,16.96526],[96.56354,16.96526],[96.56336,16.96595],[96.563,16.9656],[96.56309,16.96672],[96.56336,16.96663],[96.563,16.9668],[96.56336,16.96706],[96.56309,16.96706],[96.56327,16.96758],[96.56453,16.96741],[96.56453,16.96706],[96.56417,16.96723],[96.56453,16.96637],[96.56408,16.9662],[96.56444,16.96612],[96.56435,16.96552],[96.56426,16.96552]]],[[[96.48215,16.96586],[96.48126,16.96595],[96.48126,16.96655],[96.4817,16.96637],[96.4817,16.96603],[96.48197,16.96612],[96.48188,16.96689],[96.48117,16.96655],[96.48099,16.96698],[96.48153,16.96732],[96.48188,16.96698],[96.48206,16.96766],[96.48215,16.96603],[96.48215,16.96586]]],[[[96.45691,16.96543],[96.45664,16.96526],[96.45637,16.96552],[96.45655,16.96577],[96.45574,16.96595],[96.4552,16.96569],[96.45547,16.96612],[96.45529,16.96689],[96.45556,16.96689],[96.45583,16.96784],[96.45628,16.96775],[96.45592,16.96663],[96.45637,16.96655],[96.45637,16.96595],[96.45682,16.96603],[96.45691,16.96552],[96.45691,16.96543]]],[[[96.46212,16.96758],[96.46221,16.96672],[96.46194,16.96672],[96.46149,16.96732],[96.46203,16.96784],[96.46221,16.96758],[96.46212,16.96758]]],[[[96.55276,16.96766],[96.55231,16.96766],[96.55231,16.96741],[96.55285,16.96766],[96.55258,16.96672],[96.55285,16.96698],[96.55303,16.96663],[96.55267,16.96629],[96.55285,16.96595],[96.55231,16.96586],[96.55267,16.96595],[96.55303,16.96517],[96.5542,16.96509],[96.55384,16.96483],[96.55393,16.96431],[96.55357,16.96457],[96.5533,16.96431],[96.55348,16.96371],[96.55375,16.9638],[96.55348,16.96423],[96.55402,16.9638],[96.55429,16.9644],[96.55447,16.96405],[96.55492,16.96414],[96.5542,16.96466],[96.55438,16.9656],[96.55492,16.96569],[96.55438,16.96577],[96.55438,16.96637],[96.55573,16.96612],[96.55546,16.96457],[96.55564,16.9638],[96.55501,16.96397],[96.55474,16.96354],[96.55474,16.96328],[96.55501,16.96371],[96.55546,16.96345],[96.55537,16.96285],[96.55411,16.96302],[96.5542,16.96328],[96.55465,16.9632],[96.55456,16.96363],[96.55429,16.96337],[96.55312,16.96345],[96.55321,16.96371],[96.55276,16.96405],[96.55285,16.96448],[96.55312,16.9644],[96.55285,16.96483],[96.5524,16.96483],[96.55258,16.96457],[96.55222,16.96448],[96.5524,16.96414],[96.55258,16.96431],[96.55231,16.96388],[96.55258,16.9638],[96.55249,16.96345],[96.55159,16.96328],[96.5515,16.96405],[96.55088,16.9638],[96.55097,16.96345],[96.55043,16.96345],[96.55061,16.96414],[96.55114,16.96397],[96.55141,16.96431],[96.55088,16.96483],[96.55168,16.96483],[96.55132,16.96491],[96.55132,16.96534],[96.55204,16.96534],[96.55204,16.96577],[96.55141,16.96586],[96.55159,16.96766],[96.55186,16.96749],[96.55177,16.96706],[96.55231,16.96723],[96.55168,16.96792],[96.55276,16.96784],[96.55276,16.96766]]],[[[96.58411,16.96775],[96.58393,16.96749],[96.5842,16.96792],[96.58447,16.96775],[96.58447,16.96723],[96.58384,16.96732],[96.58402,16.96663],[96.58339,16.96689],[96.58375,16.96698],[96.58357,16.96741],[96.5833,16.96706],[96.58286,16.96715],[96.58312,16.96758],[96.58375,16.96749],[96.58375,16.96784],[96.58411,16.96784],[96.58411,16.96775]]],[[[96.45197,16.96835],[96.45278,16.96818],[96.4526,16.96758],[96.45287,16.96766],[96.45287,16.96741],[96.45251,16.96723],[96.45233,16.96784],[96.45197,16.96741],[96.4517,16.96801],[96.45188,16.96835],[96.45197,16.96835]]],[[[96.48862,16.96792],[96.48925,16.96844],[96.48979,16.96835],[96.48934,16.96766],[96.48934,16.96698],[96.48889,16.96672],[96.48808,16.9668],[96.48826,16.96749],[96.48781,16.96715],[96.48781,16.96741],[96.48665,16.96766],[96.48665,16.96741],[96.48736,16.96732],[96.48727,16.96706],[96.48539,16.96723],[96.48557,16.96818],[96.48584,16.96809],[96.48566,16.96758],[96.48602,16.96749],[96.48629,16.96749],[96.4862,16.96818],[96.48862,16.96766],[96.48862,16.96792]]],[[[96.54971,16.96784],[96.54944,16.96792],[96.5498,16.96784],[96.54962,16.96577],[96.55007,16.96595],[96.54998,16.96663],[96.55025,16.96672],[96.54998,16.96715],[96.55007,16.96809],[96.55114,16.96809],[96.55097,16.96784],[96.55132,16.96766],[96.55114,16.96603],[96.55016,16.96646],[96.55025,16.96595],[96.55105,16.96552],[96.55105,16.96509],[96.55043,16.96474],[96.55043,16.9644],[96.55097,16.96457],[96.55097,16.96423],[96.55016,16.96423],[96.55016,16.96483],[96.55007,16.9644],[96.54971,16.9644],[96.54998,16.96509],[96.55043,16.96509],[96.5498,16.96517],[96.54998,16.96552],[96.54953,16.96569],[96.54944,16.96474],[96.54863,16.965],[96.54935,16.96448],[96.54935,16.96363],[96.54863,16.96363],[96.54827,16.9644],[96.54899,16.96423],[96.54863,16.9638],[96.54926,16.96431],[96.5489,16.96431],[96.54836,16.96517],[96.54845,16.9662],[96.54881,16.96637],[96.54881,16.96663],[96.54854,16.96655],[96.54863,16.96689],[96.54881,16.96672],[96.54872,16.96818],[96.54953,16.96844],[96.54944,16.96809],[96.5498,16.96844],[96.54971,16.96792],[96.54971,16.96784]]],[[[96.57477,16.96809],[96.5745,16.96792],[96.57504,16.96766],[96.57522,16.96792],[96.57477,16.96801],[96.57486,16.96827],[96.57612,16.96792],[96.57576,16.96732],[96.57621,16.96758],[96.57621,16.96792],[96.57666,16.96801],[96.57639,16.96766],[96.57666,16.96689],[96.57612,16.96723],[96.57549,16.96698],[96.57558,16.96672],[96.57504,16.96723],[96.57486,16.9668],[96.57432,16.96689],[96.57432,16.96646],[96.57477,16.96655],[96.57504,16.96586],[96.5754,16.96595],[96.57531,16.9662],[96.57558,16.96586],[96.57576,16.9662],[96.57612,16.96595],[96.57594,16.96534],[96.57567,16.96552],[96.57585,16.96577],[96.57486,16.96552],[96.5754,16.96517],[96.57567,16.96543],[96.57567,16.96483],[96.57468,16.96534],[96.57333,16.96552],[96.57351,16.96595],[96.57414,16.96577],[96.57396,16.9662],[96.57378,16.96595],[96.57351,16.9662],[96.57378,16.96646],[96.57432,16.9662],[96.57405,16.96663],[96.57414,16.96801],[96.57441,16.96801],[96.5745,16.96844],[96.57477,16.96827],[96.57477,16.96809]]],[[[96.45907,16.96869],[96.46006,16.96861],[96.46015,16.96784],[96.45925,16.96784],[96.45871,16.96818],[96.45898,16.96869],[96.45907,16.96869]]],[[[96.57342,16.96801],[96.57351,16.96749],[96.57378,16.96749],[96.57369,16.96706],[96.57297,16.96706],[96.57252,16.96758],[96.57181,16.96732],[96.57145,16.96749],[96.57181,16.96792],[96.57136,16.96784],[96.57154,16.96818],[96.57199,16.96792],[96.57235,16.96827],[96.57217,16.96852],[96.5719,16.96801],[96.57154,16.96827],[96.57163,16.96869],[96.57405,16.96835],[96.57396,16.96784],[96.5736,16.96801],[96.57342,16.96801]]],[[[96.48754,16.96895],[96.48754,16.96869],[96.48808,16.96878],[96.4879,16.96801],[96.48709,16.96835],[96.48745,16.96895],[96.48754,16.96895]]],[[[96.45646,16.96844],[96.45655,16.96878],[96.45646,16.96844],[96.45583,16.96861],[96.45592,16.96904],[96.45754,16.96887],[96.45763,16.96827],[96.457,16.96809],[96.45646,16.96835],[96.45646,16.96844]]],[[[96.45431,16.96921],[96.45458,16.96904],[96.45449,16.96852],[96.45502,16.96861],[96.4544,16.96801],[96.45431,16.96861],[96.45404,16.96835],[96.45377,16.96861],[96.45413,16.96921],[96.45431,16.96921]]],[[[96.48215,16.96586],[96.48287,16.96663],[96.4826,16.96723],[96.48296,16.96732],[96.48296,16.96766],[96.48224,16.96784],[96.48305,16.96792],[96.48332,16.96732],[96.48305,16.96655],[96.48395,16.96672],[96.4835,16.96706],[96.48341,16.96827],[96.48305,16.96852],[96.48476,16.96921],[96.48503,16.96698],[96.48404,16.9668],[96.48512,16.9668],[96.48521,16.96612],[96.48314,16.9656],[96.48215,16.96577],[96.48215,16.96586]]],[[[96.56201,16.96844],[96.56219,16.96784],[96.56237,16.96818],[96.56291,16.96827],[96.56273,16.96698],[96.56237,16.96706],[96.56282,16.9668],[96.56282,16.96569],[96.56237,16.96569],[96.56237,16.96534],[96.56435,16.96483],[96.56372,16.96474],[96.56417,16.96448],[96.56426,16.96397],[96.56399,16.9638],[96.56435,16.96363],[96.56435,16.9632],[96.56399,16.96285],[96.56435,16.96259],[96.56345,16.96268],[96.56345,16.96354],[96.56408,16.96354],[96.5639,16.9638],[96.56327,16.96371],[96.56336,16.96302],[96.56282,16.96302],[96.56273,16.96345],[96.56309,16.96363],[96.56246,16.96388],[96.56291,16.96397],[96.56309,16.96371],[96.56363,16.96405],[96.56363,16.9644],[96.56327,16.96431],[96.563,16.9638],[96.56291,16.96509],[96.56237,16.965],[96.56264,16.96491],[96.56219,16.96371],[96.56264,16.96363],[96.56246,16.96285],[96.56183,16.96285],[96.56192,16.96363],[96.56166,16.96388],[96.56201,16.96388],[96.5621,16.96423],[96.56166,16.96423],[96.56148,16.96483],[96.56148,16.96431],[96.56121,16.9644],[96.56121,16.96509],[96.56157,16.96543],[96.56228,16.96543],[96.5621,16.96612],[96.56157,16.9662],[96.56183,16.96586],[96.56148,16.96577],[96.56192,16.9656],[96.56148,16.96552],[96.56121,16.96595],[96.56148,16.96603],[96.56148,16.96784],[96.56183,16.96775],[96.56148,16.96844],[96.56166,16.96921],[96.56228,16.96878],[96.563,16.96887],[96.563,16.96852],[96.56219,16.96844],[96.56201,16.96844]]],[[[96.44083,16.96792],[96.44038,16.96775],[96.44074,16.96732],[96.43975,16.96715],[96.43975,16.96758],[96.4402,16.96749],[96.44047,16.96835],[96.43948,16.96844],[96.43921,16.96912],[96.44056,16.96921],[96.44092,16.96792],[96.44083,16.96792]]],[[[96.44155,16.96801],[96.44164,16.96835],[96.44119,16.96792],[96.44092,16.96912],[96.44155,16.96869],[96.44164,16.96912],[96.44227,16.96921],[96.44236,16.96809],[96.44155,16.96792],[96.44155,16.96801]]],[[[96.56821,16.96921],[96.56803,16.96895],[96.56875,16.96878],[96.56875,16.96912],[96.56848,16.96904],[96.5683,16.96938],[96.56893,16.9693],[96.56902,16.96895],[96.56911,16.96921],[96.57064,16.96904],[96.57064,16.96844],[96.571,16.96844],[96.57064,16.96827],[96.571,16.96801],[96.57082,16.96732],[96.57055,16.96715],[96.57037,16.96741],[96.57064,16.96749],[96.57028,16.96766],[96.57019,16.96732],[96.57055,16.96698],[96.57019,16.9662],[96.56992,16.96629],[96.57019,16.96655],[96.56974,16.96663],[96.57019,16.96698],[96.57001,16.96715],[96.56974,16.96715],[96.56974,16.96672],[96.56938,16.96672],[96.56983,16.96629],[96.5674,16.9668],[96.5683,16.96723],[96.56803,16.96766],[96.56848,16.96741],[96.56839,16.96818],[96.56812,16.96818],[96.56812,16.96852],[96.56875,16.96852],[96.56848,16.96878],[96.56767,16.96844],[96.56803,16.96766],[96.56722,16.96749],[96.56767,16.96741],[96.56767,16.96706],[96.56713,16.96723],[96.56713,16.96646],[96.56893,16.9662],[96.56893,16.96586],[96.56947,16.96612],[96.56983,16.96577],[96.56965,16.96552],[96.56911,16.96543],[96.5692,16.96569],[96.56893,16.96569],[96.56857,16.96543],[96.56866,16.96517],[96.56875,16.96543],[96.56965,16.96534],[96.56947,16.96483],[96.5692,16.96509],[96.56929,16.96457],[96.56965,16.96448],[96.5692,16.96448],[96.56893,16.96397],[96.56866,16.96397],[96.56884,16.96423],[96.56839,16.96414],[96.5683,16.96354],[96.56696,16.96371],[96.56767,16.96397],[96.56713,16.96491],[96.56776,16.96577],[96.56749,16.96552],[96.56749,16.96612],[96.56696,16.96595],[96.56678,16.96637],[96.56704,16.96543],[96.56651,16.96509],[96.56687,16.96509],[96.5666,16.96371],[96.56624,16.96388],[96.56642,16.96405],[96.56552,16.9638],[96.56606,16.96423],[96.56588,16.96491],[96.56579,16.96423],[96.56498,16.96388],[96.5648,16.96491],[96.56552,16.96517],[96.56525,16.96552],[96.5657,16.96543],[96.5657,16.96569],[96.56498,16.96569],[96.56498,16.96655],[96.56534,16.96663],[96.56525,16.96698],[96.56615,16.96689],[96.56588,16.96672],[96.56606,16.9662],[96.56642,16.96629],[96.56633,16.9668],[96.56713,16.96663],[96.56678,16.96706],[96.56642,16.96698],[96.56687,16.96715],[96.56642,16.96749],[96.56678,16.96749],[96.56651,16.96827],[96.56687,16.96801],[96.56722,16.96835],[96.56713,16.96861],[96.56669,16.96852],[96.5666,16.96895],[96.56687,16.9693],[96.56704,16.96912],[96.56704,16.96964],[96.56812,16.96921],[96.56821,16.96921]]],[[[96.56624,16.9693],[96.56597,16.96955],[96.56642,16.96904],[96.56624,16.96801],[96.56597,16.96792],[96.56624,16.96775],[96.56615,16.96706],[96.56507,16.96732],[96.56507,16.96766],[96.56552,16.96766],[96.56516,16.96784],[96.56525,16.96809],[96.5657,16.96792],[96.56606,16.96818],[96.56579,16.96861],[96.56534,16.96861],[96.56543,16.96964],[96.56615,16.96973],[96.56642,16.9693],[96.56624,16.9693]]],[[[96.48566,16.96981],[96.48692,16.96955],[96.48692,16.96861],[96.48602,16.96861],[96.48602,16.96938],[96.4853,16.96947],[96.48557,16.96981],[96.48566,16.96981]]],[[[96.43823,16.96998],[96.43823,16.96938],[96.43733,16.9693],[96.43724,16.96981],[96.43796,16.96998],[96.43823,16.96998]]],[[[96.5171,16.96904],[96.51674,16.96895],[96.51692,16.9699],[96.51737,16.97007],[96.51782,16.9693],[96.51701,16.96938],[96.51737,16.96912],[96.5171,16.96887],[96.5171,16.96904]]],[[[96.48943,16.97024],[96.48943,16.96964],[96.48997,16.9699],[96.4915,16.96973],[96.49159,16.96895],[96.48997,16.96947],[96.48961,16.9693],[96.48916,16.96973],[96.48925,16.97033],[96.48952,16.97024],[96.48943,16.97024]]],[[[96.56291,16.97033],[96.56318,16.9699],[96.563,16.96921],[96.56354,16.96955],[96.56417,16.96938],[96.5639,16.97007],[96.56399,16.96981],[96.56453,16.96998],[96.5648,16.96955],[96.56471,16.96921],[96.56426,16.9693],[96.56471,16.96904],[96.56462,16.96758],[96.56408,16.96818],[96.56354,16.96792],[96.56426,16.96801],[96.56426,16.96766],[96.56318,16.96792],[96.56336,16.96904],[96.56264,16.96938],[96.56273,16.97007],[96.56228,16.96998],[96.56282,16.97033],[96.56291,16.97033]]],[[[96.58465,16.97007],[96.58519,16.96938],[96.5842,16.96912],[96.58465,16.96887],[96.58375,16.96904],[96.58411,16.96938],[96.58447,16.9693],[96.58411,16.96964],[96.58456,16.97033],[96.58483,16.97033],[96.58474,16.97007],[96.58465,16.97007]]],[[[96.44056,16.97041],[96.44065,16.96947],[96.43993,16.96955],[96.43984,16.96998],[96.43903,16.96981],[96.43912,16.97016],[96.43993,16.97007],[96.44047,16.97041],[96.44056,16.97041]]],[[[96.5789,16.97024],[96.57872,16.97007],[96.57899,16.97024],[96.57908,16.9699],[96.57872,16.9699],[96.57872,16.96938],[96.57944,16.96955],[96.57962,16.96895],[96.57854,16.96938],[96.57863,16.97041],[96.5789,16.97033],[96.5789,16.97024]]],[[[96.43751,16.97033],[96.43751,16.96998],[96.43706,16.96981],[96.43607,16.97007],[96.43679,16.9705],[96.4376,16.97033],[96.43751,16.97033]]],[[[96.44092,16.9705],[96.44164,16.97058],[96.44173,16.96938],[96.44092,16.96938],[96.44092,16.9699],[96.44146,16.96998],[96.44101,16.97007],[96.44092,16.97041],[96.44092,16.9705]]],[[[96.57585,16.9699],[96.57549,16.96981],[96.57585,16.9699],[96.57603,16.96947],[96.57567,16.96912],[96.57549,16.96938],[96.57522,16.96921],[96.57567,16.96869],[96.57504,16.96887],[96.57513,16.96964],[96.5754,16.96955],[96.57531,16.97007],[96.57567,16.97024],[96.5754,16.97067],[96.57603,16.97033],[96.57612,16.9699],[96.57585,16.9699]]],[[[96.44514,16.96981],[96.44514,16.97016],[96.44604,16.97033],[96.44586,16.97084],[96.4464,16.97076],[96.44631,16.97024],[96.44667,16.97041],[96.4473,16.96998],[96.44712,16.96964],[96.44649,16.96955],[96.4464,16.96981],[96.44595,16.96964],[96.44595,16.96998],[96.44577,16.96964],[96.44541,16.96981],[96.44514,16.96981]]],[[[96.49042,16.97093],[96.49051,16.97067],[96.49177,16.97067],[96.49177,16.97007],[96.48988,16.97007],[96.48988,16.97067],[96.49042,16.9705],[96.49033,16.97093],[96.49042,16.97093]]],[[[96.44856,16.97101],[96.44856,16.97067],[96.44892,16.97084],[96.44919,16.97041],[96.44874,16.97024],[96.44856,16.97058],[96.44847,16.96981],[96.44802,16.96964],[96.44802,16.97041],[96.44847,16.97101],[96.44856,16.97101]]],[[[96.55806,16.97084],[96.55797,16.97058],[96.55815,16.97093],[96.55896,16.97058],[96.56049,16.97058],[96.5604,16.97016],[96.56094,16.9705],[96.56103,16.97024],[96.56067,16.97024],[96.56094,16.96938],[96.56076,16.96998],[96.5613,16.97041],[96.56094,16.9699],[96.56121,16.96955],[96.56103,16.96818],[96.56013,16.96827],[96.56031,16.96792],[96.56094,16.96792],[96.56094,16.96758],[96.56058,16.96766],[96.56094,16.96723],[96.56076,16.96749],[96.5604,16.96723],[96.56085,16.96715],[96.56085,16.96663],[96.56031,16.96672],[96.56049,16.9662],[96.56085,16.9662],[96.56067,16.96569],[96.55986,16.96577],[96.55995,16.96612],[96.55959,16.96586],[96.55941,16.9662],[96.55914,16.9662],[96.55941,16.96577],[96.55878,16.96603],[96.55833,16.96586],[96.55833,16.9662],[96.55905,16.9662],[96.5586,16.96629],[96.55851,16.96663],[96.55824,16.96612],[96.55788,16.96603],[96.55788,16.96637],[96.55815,16.96629],[96.55842,16.96689],[96.55878,16.96663],[96.55887,16.96715],[96.55806,16.96689],[96.55788,16.96758],[96.55761,16.96766],[96.55734,16.96715],[96.55698,16.96766],[96.5568,16.96715],[96.55761,16.96706],[96.55734,16.9668],[96.55752,16.96629],[96.55698,16.96595],[96.55743,16.96577],[96.55716,16.96534],[96.55752,16.96491],[96.55725,16.96526],[96.55698,16.965],[96.55689,16.96534],[96.55689,16.96509],[96.55636,16.965],[96.556,16.96534],[96.55618,16.96629],[96.55653,16.96637],[96.55609,16.96672],[96.55653,16.9668],[96.55636,16.96723],[96.55671,16.96715],[96.55644,16.96749],[96.55627,16.96732],[96.55636,16.96852],[96.55653,16.96827],[96.55725,16.96852],[96.55743,16.96784],[96.5577,16.96801],[96.55779,16.96766],[96.55824,16.96835],[96.55842,16.96775],[96.55806,16.96732],[96.55851,16.96741],[96.55878,16.96792],[96.55878,16.96732],[96.55905,16.96741],[96.55878,16.96827],[96.56004,16.96809],[96.5595,16.96861],[96.55896,16.96844],[96.55896,16.96869],[96.55707,16.96878],[96.55707,16.96912],[96.55662,16.96887],[96.55671,16.9693],[96.55644,16.96921],[96.55644,16.96947],[96.5568,16.96973],[96.55653,16.97076],[96.5568,16.9711],[96.55761,16.97101],[96.55761,16.97067],[96.55806,16.97093],[96.55806,16.97084]]],[[[96.57702,16.97016],[96.57693,16.9705],[96.57657,16.97033],[96.57657,16.9711],[96.57738,16.97067],[96.5772,16.96998],[96.57693,16.97016],[96.57702,16.97016]]],[[[96.48817,16.97119],[96.48862,16.97101],[96.48862,16.97041],[96.48916,16.97024],[96.48898,16.96998],[96.4888,16.97033],[96.48808,16.97016],[96.48808,16.97119],[96.48817,16.97119]]],[[[96.55609,16.97058],[96.55591,16.97084],[96.556,16.96921],[96.55465,16.96852],[96.5551,16.96895],[96.55483,16.96998],[96.55528,16.97041],[96.55492,16.97033],[96.55501,16.97101],[96.55573,16.97119],[96.55546,16.97093],[96.55564,16.97076],[96.55618,16.97119],[96.55618,16.97058],[96.55609,16.97058]]],[[[96.44101,16.97058],[96.44074,16.9705],[96.44092,16.9711],[96.44155,16.97127],[96.44182,16.97093],[96.442,16.97153],[96.44254,16.97136],[96.442,16.9711],[96.44281,16.9711],[96.44272,16.97076],[96.44254,16.97093],[96.44227,16.97067],[96.44254,16.96981],[96.44236,16.96938],[96.44191,16.96973],[96.44209,16.97084],[96.44101,16.97067],[96.44101,16.97058]]],[[[96.49114,16.97153],[96.49186,16.97136],[96.49177,16.97076],[96.49006,16.9711],[96.49006,16.97153],[96.49105,16.97153],[96.49114,16.97153]]],[[[96.54737,16.97196],[96.54764,16.97144],[96.54737,16.97136],[96.54755,16.97058],[96.54728,16.9705],[96.54719,16.96912],[96.54701,16.97016],[96.54728,16.97196],[96.54737,16.97196]]],[[[96.55492,16.96809],[96.55519,16.96818],[96.55519,16.96741],[96.55546,16.96749],[96.55519,16.96766],[96.55537,16.96827],[96.55582,16.96827],[96.55582,16.96732],[96.55537,16.96715],[96.55582,16.96715],[96.55582,16.96655],[96.55501,16.96655],[96.55501,16.96689],[96.55465,16.96663],[96.55456,16.96715],[96.55483,16.96698],[96.55483,16.96732],[96.55456,16.96741],[96.55492,16.96758],[96.55465,16.96809],[96.55438,16.96809],[96.5542,16.9668],[96.55321,16.9668],[96.55321,16.96766],[96.55348,16.96775],[96.55321,16.96775],[96.55321,16.96827],[96.55348,16.96809],[96.55321,16.96835],[96.55348,16.96878],[96.55321,16.96955],[96.55348,16.97033],[96.55303,16.97007],[96.55294,16.96947],[96.55321,16.96921],[96.55285,16.96904],[96.55303,16.96869],[96.55267,16.96809],[96.55105,16.96852],[96.55132,16.96878],[96.55114,16.96921],[96.55168,16.96964],[96.55123,16.96964],[96.55159,16.97058],[96.55132,16.97093],[96.55141,16.9717],[96.55186,16.97179],[96.55159,16.97196],[96.5524,16.97196],[96.55258,16.97153],[96.55312,16.97153],[96.5533,16.97101],[96.55294,16.9711],[96.55294,16.97076],[96.55258,16.97076],[96.55312,16.97041],[96.55348,16.9705],[96.55357,16.97162],[96.55483,16.97153],[96.55474,16.9705],[96.55447,16.97041],[96.55456,16.9693],[96.5542,16.96869],[96.55429,16.96818],[96.55474,16.96818],[96.55474,16.96844],[96.55492,16.96818],[96.55492,16.96809]]],[[[96.48656,16.97213],[96.48889,16.97179],[96.48871,16.97136],[96.48656,16.97144],[96.48781,16.97119],[96.48754,16.96981],[96.48674,16.97024],[96.48647,16.9699],[96.48593,16.97041],[96.48665,16.97058],[96.48692,16.97024],[96.48709,16.97058],[96.48709,16.9711],[96.48674,16.9711],[96.48665,16.97067],[96.48611,16.97093],[96.48611,16.97136],[96.48647,16.97136],[96.4862,16.9717],[96.48638,16.97213],[96.48656,16.97213]]],[[[96.51315,16.97213],[96.51368,16.97196],[96.5136,16.97162],[96.51297,16.97162],[96.51306,16.97127],[96.5127,16.97119],[96.51207,16.97144],[96.51261,16.97162],[96.51279,16.97136],[96.51306,16.97213],[96.51315,16.97213]]],[[[96.55088,16.97213],[96.55132,16.97187],[96.55088,16.97179],[96.55079,16.97144],[96.55079,16.96964],[96.55025,16.96947],[96.55061,16.97213],[96.55088,16.97213]]],[[[96.51539,16.97196],[96.5162,16.97196],[96.51629,16.9717],[96.51584,16.97187],[96.51575,16.97144],[96.51548,16.97179],[96.51476,16.97153],[96.51422,16.97187],[96.51422,16.97222],[96.51539,16.97213],[96.51539,16.97196]]],[[[96.58187,16.97222],[96.58223,16.97153],[96.58277,16.97162],[96.5825,16.97076],[96.5816,16.9711],[96.58205,16.97144],[96.58178,16.97222],[96.58187,16.97222]]],[[[96.54989,16.9705],[96.54971,16.97067],[96.55007,16.97016],[96.54962,16.97007],[96.55007,16.96998],[96.54989,16.96852],[96.54872,16.96869],[96.54872,16.96912],[96.54908,16.96921],[96.54872,16.9693],[96.54872,16.9699],[96.54818,16.96973],[96.54845,16.96887],[96.54755,16.96895],[96.54782,16.97076],[96.54926,16.97084],[96.54872,16.9711],[96.54872,16.97196],[96.54899,16.97196],[96.54881,16.9723],[96.55016,16.97187],[96.54989,16.97067],[96.54989,16.9705]]],[[[96.57109,16.97265],[96.57136,16.97196],[96.57073,16.9705],[96.571,16.97265],[96.57109,16.97265]]],[[[96.54549,16.9711],[96.54522,16.97119],[96.54522,16.97093],[96.54549,16.9711],[96.54567,16.97084],[96.54558,16.96921],[96.54531,16.96964],[96.54513,16.96938],[96.54558,16.96912],[96.54558,16.96878],[96.54414,16.9693],[96.54441,16.97093],[96.54531,16.97144],[96.54495,16.97153],[96.54495,16.97187],[96.5454,16.97196],[96.54504,16.97222],[96.54468,16.97136],[96.54495,16.97273],[96.54558,16.97256],[96.54558,16.9711],[96.54549,16.9711]]],[[[96.43805,16.97273],[96.43814,16.97213],[96.43742,16.9723],[96.43706,16.97187],[96.43652,16.97196],[96.43661,16.97239],[96.43715,16.97248],[96.43715,16.97273],[96.43814,16.97273],[96.43805,16.97273]]],[[[96.57495,16.97222],[96.57486,16.97196],[96.57495,16.97222],[96.57549,16.97213],[96.57549,16.97162],[96.57495,16.97058],[96.57459,16.97084],[96.57486,16.97058],[96.57468,16.97016],[96.5745,16.97084],[96.57414,16.97101],[96.57405,16.97024],[96.57477,16.9699],[96.57405,16.96912],[96.5736,16.96904],[96.57387,16.96938],[96.57351,16.97024],[96.57423,16.9699],[96.57378,16.97058],[96.57369,16.97024],[96.57333,16.9705],[96.57297,16.96998],[96.57208,16.97007],[96.57217,16.96964],[96.5727,16.96973],[96.5727,16.96938],[96.57252,16.96955],[96.57217,16.96912],[96.5719,16.96964],[96.57127,16.9693],[96.57091,16.96955],[96.57109,16.97016],[96.57136,16.97016],[96.57109,16.97058],[96.5719,16.9705],[96.57181,16.97101],[96.57136,16.97076],[96.57172,16.9711],[96.57154,16.97187],[96.57181,16.97144],[96.57208,16.97153],[96.57199,16.97093],[96.5727,16.97101],[96.5727,16.97127],[96.57217,16.97144],[96.57297,16.97144],[96.57199,16.97162],[96.57217,16.97213],[96.57163,16.97205],[96.5719,16.97265],[96.57279,16.97265],[96.57333,16.9723],[96.57315,16.97273],[96.57342,16.9729],[96.57342,16.97256],[96.57387,16.9723],[96.57495,16.9723],[96.57495,16.97222]]],[[[96.51009,16.97239],[96.51,16.97213],[96.51054,16.97213],[96.51018,16.9723],[96.51027,16.97256],[96.50982,16.97248],[96.50982,16.97282],[96.51045,16.97265],[96.51108,16.97299],[96.51081,16.97179],[96.51,16.97187],[96.51,16.97239],[96.51009,16.97239]]],[[[96.58241,16.97299],[96.58295,16.9723],[96.58277,16.97187],[96.58196,16.97265],[96.58196,16.97299],[96.58232,16.97299],[96.58241,16.97299]]],[[[96.54405,16.97101],[96.54405,16.96973],[96.54369,16.96981],[96.54387,16.96938],[96.54297,16.96964],[96.54333,16.96998],[96.54261,16.96981],[96.54279,16.97119],[96.54306,16.97127],[96.54279,16.97136],[96.54288,16.97196],[96.54324,16.97213],[96.54297,16.9723],[96.54315,16.97308],[96.54459,16.97273],[96.54432,16.97162],[96.54387,16.97179],[96.54432,16.97136],[96.54414,16.97101],[96.54405,16.97101]]],[[[96.48674,16.97351],[96.48656,16.97316],[96.48701,16.97282],[96.48683,16.9723],[96.48575,16.97273],[96.48593,16.97316],[96.4862,16.97299],[96.48602,16.97351],[96.48674,16.97351]]],[[[96.56947,16.97136],[96.56938,16.9717],[96.56938,16.9711],[96.56911,16.97101],[96.56938,16.97076],[96.56947,16.9711],[96.56992,16.97093],[96.57046,16.97205],[96.57055,16.97136],[96.57001,16.97093],[96.57019,16.9705],[96.56965,16.97041],[96.56992,16.97084],[96.56911,16.9705],[96.56956,16.97033],[96.56938,16.96981],[96.56884,16.97016],[96.56893,16.9699],[96.56785,16.96998],[96.56794,16.97058],[96.56731,16.97007],[96.56749,16.97067],[96.56713,16.97067],[96.5674,16.97041],[96.56696,16.97016],[96.56722,16.97093],[96.56678,16.97076],[96.56678,16.9711],[96.56633,16.97101],[96.56615,16.97136],[96.56588,16.9711],[96.56606,16.9729],[96.5666,16.97325],[96.56642,16.97351],[96.5683,16.97316],[96.56884,16.97333],[96.56956,16.97299],[96.56929,16.97265],[96.5701,16.97299],[96.57001,16.97256],[96.56947,16.97248],[96.56947,16.97205],[96.57019,16.97239],[96.56947,16.97127],[96.56947,16.97136]]],[[[96.57944,16.97299],[96.57962,16.97351],[96.58052,16.97273],[96.58043,16.97136],[96.57926,16.97162],[96.57971,16.97187],[96.57926,16.97248],[96.57935,16.97299],[96.57944,16.97299]]],[[[96.58726,16.97342],[96.58771,16.97359],[96.58789,16.97316],[96.58654,16.97282],[96.58672,16.97342],[96.58726,16.97359],[96.58726,16.97342]]],[[[96.48548,16.97351],[96.48566,16.97308],[96.48521,16.97299],[96.48485,16.97119],[96.48503,16.97033],[96.4844,16.96938],[96.48368,16.96912],[96.48458,16.97007],[96.48458,16.9717],[96.48512,16.97256],[96.48512,16.97333],[96.48575,16.97385],[96.48566,16.97351],[96.48548,16.97351]]],[[[96.5648,16.97385],[96.56543,16.97385],[96.56543,16.97333],[96.56507,16.97342],[96.56543,16.97325],[96.56498,16.97248],[96.56507,16.97179],[96.5648,16.97196],[96.5648,16.97153],[96.56525,16.97136],[96.5648,16.97076],[96.56516,16.97058],[96.56408,16.97058],[96.56363,16.97076],[96.56372,16.97101],[96.56318,16.97084],[96.56309,16.97213],[96.56354,16.97222],[96.56318,16.97282],[96.56327,16.97351],[96.56363,16.97376],[96.56345,16.97419],[96.56435,16.97402],[96.56435,16.97376],[96.56453,16.97411],[96.5648,16.97402],[96.5648,16.97385]]],[[[96.59453,16.97187],[96.59426,16.97239],[96.59372,16.97196],[96.59319,16.97213],[96.59337,16.97187],[96.59229,16.97205],[96.59247,16.97239],[96.5922,16.97299],[96.59256,16.97273],[96.59274,16.97299],[96.59211,16.97316],[96.5922,16.97376],[96.59274,16.97368],[96.59274,16.97394],[96.5922,16.97437],[96.59364,16.97411],[96.59346,16.97376],[96.5939,16.97385],[96.59381,16.97419],[96.59444,16.97385],[96.59489,16.97402],[96.59453,16.97376],[96.59498,16.97359],[96.59471,16.97162],[96.59444,16.97187],[96.59453,16.97187]]],[[[96.55636,16.97342],[96.55591,16.97351],[96.55609,16.97385],[96.55644,16.97359],[96.55644,16.97394],[96.556,16.97385],[96.55609,16.97428],[96.55671,16.97445],[96.55698,16.97428],[96.5568,16.97205],[96.55591,16.9723],[96.55609,16.97325],[96.55636,16.97333],[96.55636,16.97342]]],[[[96.58043,16.97419],[96.58034,16.97394],[96.58043,16.97419],[96.58097,16.97411],[96.5807,16.97394],[96.58079,16.97333],[96.57962,16.97385],[96.57989,16.97445],[96.58043,16.97428],[96.58043,16.97419]]],[[[96.59022,16.97368],[96.58995,16.97376],[96.59013,16.97419],[96.59085,16.97394],[96.59013,16.97454],[96.59085,16.97445],[96.59076,16.97411],[96.59112,16.97411],[96.59094,16.97445],[96.59121,16.97454],[96.59157,16.97359],[96.59157,16.97419],[96.5913,16.97428],[96.59157,16.97454],[96.59193,16.97419],[96.59193,16.9729],[96.59058,16.9729],[96.59022,16.97342],[96.59022,16.97368]]],[[[96.53039,16.97471],[96.53048,16.97308],[96.52905,16.97316],[96.52959,16.97385],[96.52923,16.97411],[96.52932,16.97462],[96.53021,16.97437],[96.5303,16.97471],[96.53039,16.97471]]],[[[96.57836,16.97265],[96.57845,16.9729],[96.57836,16.97265],[96.57818,16.97282],[96.57809,16.97213],[96.5789,16.97239],[96.57872,16.97187],[96.57854,16.97162],[96.57836,16.97196],[96.57827,16.97162],[96.57773,16.9717],[96.57845,16.97153],[96.57827,16.97127],[96.5772,16.97162],[96.5772,16.9723],[96.57756,16.97222],[96.57747,16.97265],[96.57782,16.97265],[96.57756,16.97308],[96.57773,16.97359],[96.57872,16.97376],[96.57854,16.97402],[96.57782,16.97394],[96.578,16.97419],[96.57827,16.97402],[96.57818,16.97471],[96.57881,16.97454],[96.5789,16.97419],[96.57908,16.97471],[96.57962,16.97411],[96.57926,16.97316],[96.57899,16.97368],[96.57809,16.97342],[96.57845,16.97299],[96.57881,16.97325],[96.57908,16.97282],[96.5789,16.97248],[96.57836,16.97256],[96.57836,16.97265]]],[[[96.55474,16.9723],[96.55474,16.97205],[96.5542,16.97222],[96.55456,16.97299],[96.55429,16.97351],[96.55456,16.97385],[96.55492,16.97351],[96.55429,16.97445],[96.55465,16.97454],[96.55456,16.97488],[96.55492,16.97488],[96.55492,16.97454],[96.55555,16.97471],[96.5551,16.97428],[96.55546,16.97385],[96.55546,16.97316],[96.55501,16.97256],[96.55528,16.97273],[96.55537,16.9723],[96.55492,16.9723],[96.55474,16.9723]]],[[[96.53489,16.97351],[96.53515,16.97342],[96.53471,16.97368],[96.53489,16.97351],[96.53462,16.97325],[96.5339,16.97299],[96.53354,16.97351],[96.53354,16.97282],[96.53282,16.97248],[96.53264,16.97299],[96.53237,16.97299],[96.5321,16.9723],[96.53228,16.97256],[96.53255,16.9723],[96.53129,16.9717],[96.5312,16.97256],[96.5321,16.97256],[96.53192,16.97282],[96.53237,16.97333],[96.53138,16.97342],[96.53138,16.97437],[96.5321,16.97428],[96.53201,16.97368],[96.53246,16.97428],[96.53318,16.97419],[96.53354,16.97359],[96.53399,16.97368],[96.53345,16.97411],[96.53426,16.97411],[96.53426,16.97445],[96.53381,16.97437],[96.53381,16.97462],[96.5321,16.97462],[96.53237,16.97497],[96.53363,16.97497],[96.5339,16.97462],[96.53444,16.97462],[96.53435,16.97402],[96.53515,16.97402],[96.53515,16.97359],[96.5356,16.97385],[96.53533,16.97325],[96.53489,16.97325],[96.53489,16.97351]]],[[[96.57243,16.97479],[96.57288,16.97462],[96.57288,16.97428],[96.57235,16.97316],[96.57252,16.97368],[96.57217,16.97394],[96.57252,16.97402],[96.57226,16.97419],[96.57226,16.97497],[96.57252,16.97479],[96.57243,16.97479]]],[[[96.48907,16.9729],[96.48925,16.97205],[96.48718,16.97239],[96.48736,16.97282],[96.48799,16.9729],[96.48754,16.97351],[96.48799,16.97368],[96.48781,16.97419],[96.48826,16.97479],[96.48898,16.97479],[96.48862,16.97479],[96.48871,16.97522],[96.48934,16.97514],[96.48907,16.97488],[96.48934,16.97462],[96.48943,16.97505],[96.48979,16.97505],[96.48934,16.97419],[96.49033,16.97419],[96.49015,16.97368],[96.48952,16.97368],[96.48952,16.97411],[96.48934,16.97376],[96.48817,16.97394],[96.48826,16.97342],[96.49024,16.97333],[96.48979,16.97213],[96.48979,16.97282],[96.48934,16.9729],[96.48907,16.9729]]],[[[96.43194,16.97454],[96.43257,16.97437],[96.43176,16.97471],[96.43185,16.97531],[96.43347,16.97505],[96.43311,16.97462],[96.43347,16.97385],[96.43248,16.97351],[96.43185,16.97394],[96.43185,16.97454],[96.43194,16.97454]]],[[[96.55896,16.97351],[96.55923,16.97308],[96.55896,16.97368],[96.55932,16.97385],[96.55995,16.97351],[96.56004,16.97394],[96.55932,16.97394],[96.55914,16.97437],[96.5595,16.97497],[96.55914,16.97505],[96.55968,16.97479],[96.56004,16.97505],[96.55995,16.97454],[96.56031,16.97454],[96.56031,16.97505],[96.56112,16.97454],[96.56201,16.97471],[96.56318,16.97428],[96.56309,16.97402],[96.56246,16.97419],[96.56255,16.97385],[96.56291,16.97411],[96.56309,16.97359],[96.56183,16.97316],[96.56309,16.97299],[96.56255,16.97162],[96.56282,16.97136],[96.56255,16.97101],[96.56121,16.97101],[96.56085,16.97144],[96.55995,16.97127],[96.55869,16.97162],[96.55824,16.97222],[96.55842,16.97265],[96.55887,16.97248],[96.55851,16.97299],[96.55797,16.9729],[96.55797,16.97179],[96.55716,16.97187],[96.55707,16.9723],[96.55743,16.97282],[96.55716,16.97342],[96.55743,16.97394],[96.55707,16.97394],[96.55743,16.97419],[96.55734,16.9754],[96.55815,16.97531],[96.55806,16.97299],[96.55851,16.97342],[96.55842,16.97394],[96.55887,16.97385],[96.5586,16.97359],[96.55887,16.97351],[96.55896,16.97351]],[[96.56085,16.97308],[96.56085,16.97333],[96.5613,16.97333],[96.5613,16.97308],[96.56192,16.97333],[96.56192,16.97376],[96.56121,16.97385],[96.56139,16.97445],[96.56094,16.97428],[96.56103,16.97385],[96.56004,16.97368],[96.56076,16.97351],[96.56076,16.97308],[96.56085,16.97308]]],[[[96.51593,16.97394],[96.51539,16.97376],[96.51539,16.97428],[96.51584,16.97428],[96.51548,16.97454],[96.51539,16.97557],[96.51593,16.9754],[96.51575,16.97505],[96.51602,16.97411],[96.51638,16.97437],[96.5162,16.97471],[96.51665,16.97454],[96.51665,16.97368],[96.51602,16.97394],[96.51593,16.97394]]],[[[96.55627,16.97557],[96.55627,16.97505],[96.55698,16.97548],[96.55707,16.97462],[96.55609,16.97479],[96.55591,16.97531],[96.55618,16.97557],[96.55627,16.97557]]],[[[96.58034,16.9754],[96.58124,16.97548],[96.58079,16.97471],[96.58016,16.97454],[96.58007,16.97514],[96.58025,16.97471],[96.58061,16.97488],[96.58034,16.97488],[96.58034,16.97531],[96.58034,16.9754]]],[[[96.43329,16.976],[96.43373,16.97583],[96.43356,16.97531],[96.43257,16.97548],[96.43275,16.97591],[96.4332,16.976],[96.43329,16.976]]],[[[96.55537,16.976],[96.55573,16.97574],[96.55555,16.97522],[96.5551,16.97505],[96.5551,16.97557],[96.55501,16.97522],[96.55465,16.97522],[96.55465,16.97591],[96.55528,16.976],[96.55537,16.976]]],[[[96.50821,16.97617],[96.50856,16.97565],[96.50812,16.9754],[96.50767,16.97557],[96.50794,16.9754],[96.50767,16.97488],[96.50758,16.97591],[96.50803,16.97617],[96.50821,16.97617]]],[[[96.49114,16.97626],[96.49141,16.97617],[96.49132,16.97522],[96.49069,16.97548],[96.49069,16.97583],[96.49105,16.97583],[96.49096,16.97626],[96.49114,16.97626]]],[[[96.53408,16.97583],[96.53444,16.97591],[96.53471,16.9766],[96.53659,16.97617],[96.5365,16.97548],[96.53569,16.97522],[96.53587,16.97488],[96.53533,16.97497],[96.5356,16.97522],[96.53551,16.97608],[96.53515,16.97591],[96.53506,16.97505],[96.53435,16.97514],[96.53408,16.97565],[96.53408,16.97583]]],[[[96.59651,16.97634],[96.59615,16.97626],[96.5966,16.97608],[96.59651,16.97643],[96.59696,16.97634],[96.59687,16.97557],[96.59543,16.97548],[96.59534,16.976],[96.59561,16.97608],[96.59507,16.97617],[96.59516,16.97565],[96.59444,16.97531],[96.59444,16.97462],[96.59399,16.97462],[96.5939,16.97497],[96.59364,16.97471],[96.59301,16.97488],[96.59337,16.97522],[96.59337,16.97651],[96.59507,16.97634],[96.59498,16.9766],[96.59624,16.9766],[96.59642,16.97634],[96.59651,16.97634]]],[[[96.51925,16.97669],[96.51916,16.97617],[96.518,16.97634],[96.51782,16.97583],[96.51728,16.97626],[96.51701,16.97583],[96.5171,16.97634],[96.51836,16.9766],[96.51872,16.97634],[96.51916,16.97669],[96.51925,16.97669]]],[[[96.58968,16.97591],[96.58905,16.97583],[96.58959,16.97565],[96.58968,16.97591],[96.58941,16.97522],[96.58807,16.97514],[96.58816,16.97548],[96.58869,16.97557],[96.58789,16.97557],[96.5878,16.976],[96.58762,16.97565],[96.58798,16.97514],[96.58753,16.97488],[96.58753,16.97531],[96.58681,16.97565],[96.5869,16.97505],[96.58654,16.97505],[96.58645,16.9766],[96.58654,16.97686],[96.58726,16.97686],[96.58726,16.9766],[96.58744,16.97686],[96.58968,16.97669],[96.59004,16.9766],[96.58977,16.97591],[96.58968,16.97591]]],[[[96.57199,16.97669],[96.57127,16.9766],[96.57127,16.97522],[96.57091,16.97522],[96.57091,16.97557],[96.57064,16.97557],[96.57073,16.97531],[96.57037,16.97548],[96.57037,16.97505],[96.57082,16.97522],[96.57118,16.97497],[96.57082,16.97479],[96.57118,16.97454],[96.57091,16.97454],[96.57118,16.97411],[96.57082,16.97385],[96.56983,16.97419],[96.56992,16.97376],[96.56956,16.97368],[96.56929,16.97445],[96.56929,16.97376],[96.56722,16.97419],[96.56651,16.97402],[96.5666,16.97428],[96.56597,16.97411],[96.56615,16.97462],[96.56615,16.97437],[96.56642,16.97445],[96.56615,16.9754],[96.56588,16.9754],[96.56579,16.97454],[96.56525,16.97471],[96.56489,16.97428],[96.56579,16.97557],[96.56498,16.97531],[96.56489,16.97462],[96.56444,16.97462],[96.56435,16.97505],[96.56399,16.97479],[96.56372,16.97522],[96.56408,16.9754],[96.56426,16.97514],[96.56426,16.97574],[96.5639,16.97548],[96.56408,16.97651],[96.56489,16.9766],[96.56498,16.97634],[96.56543,16.97669],[96.56588,16.97617],[96.56552,16.97669],[96.56606,16.97669],[96.56615,16.97608],[96.56588,16.97574],[96.56624,16.97548],[96.56678,16.97626],[96.56624,16.976],[96.56642,16.9766],[96.56794,16.97677],[96.56848,16.97643],[96.56821,16.97617],[96.56767,16.9766],[96.56776,16.97617],[96.56812,16.97626],[96.56803,16.97565],[96.56839,16.97557],[96.56848,16.97608],[96.56857,16.97565],[96.5692,16.97548],[96.56956,16.97591],[96.56911,16.97583],[96.56929,16.97634],[96.56911,16.976],[96.56866,16.97608],[96.56866,16.97634],[96.56902,16.97634],[96.56857,16.97634],[96.56857,16.97686],[96.57199,16.97686],[96.57199,16.97669]]],[[[96.57315,16.97651],[96.57306,16.976],[96.57252,16.97617],[96.57279,16.97634],[96.57252,16.97643],[96.5727,16.97703],[96.57333,16.97703],[96.57324,16.97651],[96.57315,16.97651]]],[[[96.50623,16.97711],[96.50704,16.97669],[96.50713,16.97617],[96.50677,16.97583],[96.50677,16.97626],[96.50605,16.97626],[96.50587,16.9766],[96.50551,16.97643],[96.50578,16.97711],[96.50623,16.97711]]],[[[96.54863,16.9766],[96.54908,16.97686],[96.54998,16.97669],[96.55007,16.97643],[96.55097,16.97651],[96.55097,16.97608],[96.55034,16.97617],[96.5507,16.97608],[96.5507,16.97557],[96.55097,16.97565],[96.55097,16.97531],[96.55052,16.97522],[96.55097,16.97479],[96.55061,16.97462],[96.5507,16.97411],[96.55132,16.97411],[96.55097,16.97445],[96.55141,16.97557],[96.55123,16.97591],[96.55168,16.97583],[96.55132,16.97608],[96.55141,16.97651],[96.5524,16.97643],[96.5524,16.976],[96.55285,16.97634],[96.55321,16.97591],[96.55339,16.97626],[96.55393,16.97591],[96.55438,16.97608],[96.5542,16.97462],[96.55393,16.97462],[96.55393,16.97222],[96.55186,16.97248],[96.55159,16.97299],[96.5515,16.97256],[96.55132,16.97299],[96.55132,16.97265],[96.55079,16.97299],[96.54989,16.97273],[96.54944,16.97325],[96.55007,16.97359],[96.54962,16.97368],[96.5498,16.97428],[96.54926,16.97402],[96.54944,16.97368],[96.5489,16.97325],[96.54899,16.9729],[96.54836,16.97351],[96.54854,16.97385],[96.54827,16.97385],[96.54818,16.97299],[96.54755,16.97316],[96.54773,16.97368],[96.54683,16.97325],[96.54656,16.97411],[96.54665,16.97454],[96.54701,16.97454],[96.54674,16.97454],[96.54692,16.97488],[96.54665,16.97479],[96.54647,16.97522],[96.54683,16.97548],[96.5471,16.97505],[96.5471,16.97531],[96.54674,16.976],[96.54737,16.97617],[96.54764,16.97591],[96.54764,16.97522],[96.54719,16.97462],[96.54728,16.97488],[96.54791,16.97479],[96.54809,16.97574],[96.548,16.97626],[96.54692,16.97643],[96.54701,16.97711],[96.54764,16.97703],[96.54782,16.97634],[96.54818,16.97651],[96.54809,16.97694],[96.54854,16.97686],[96.54854,16.9766],[96.54863,16.9766]]],[[[96.57657,16.97505],[96.57639,16.97445],[96.57576,16.97471],[96.57612,16.97522],[96.57567,16.97497],[96.57531,16.97514],[96.57504,16.97471],[96.57522,16.97428],[96.57585,16.97454],[96.57612,16.97428],[96.57612,16.97385],[96.57576,16.97419],[96.57522,16.97402],[96.57603,16.97359],[96.57594,16.97316],[96.5763,16.97273],[96.57612,16.97299],[96.57576,16.97282],[96.57585,16.97333],[96.57549,16.97282],[96.57486,16.9729],[96.57531,16.97359],[96.57513,16.97376],[96.57504,16.97351],[96.5745,16.97359],[96.57432,16.97308],[96.57387,16.97333],[96.57342,16.97299],[96.57351,16.97376],[96.57306,16.97351],[96.57324,16.97479],[96.57378,16.97488],[96.57369,16.97514],[96.57315,16.97514],[96.57351,16.97522],[96.57333,16.97548],[96.57369,16.97591],[96.57342,16.97617],[96.57342,16.97643],[96.57369,16.97634],[96.5736,16.97711],[96.57396,16.97677],[96.57468,16.9772],[96.57522,16.97711],[96.57486,16.97686],[96.57522,16.97686],[96.57549,16.97729],[96.57666,16.9772],[96.57666,16.97643],[96.57594,16.97669],[96.57621,16.97626],[96.57594,16.97591],[96.57639,16.97583],[96.57675,16.97505],[96.57657,16.97505]],[[96.57369,16.97445],[96.57324,16.97454],[96.57342,16.97428],[96.57369,16.97445],[96.57369,16.97376],[96.57414,16.97394],[96.57387,16.97376],[96.57405,16.97351],[96.57468,16.97411],[96.5745,16.97445],[96.57477,16.97411],[96.57504,16.97428],[96.57495,16.97471],[96.57441,16.97462],[96.5745,16.97497],[96.57423,16.97479],[96.57405,16.97505],[96.57486,16.97505],[96.57477,16.9754],[96.57414,16.9754],[96.57441,16.97565],[96.57414,16.976],[96.57351,16.97565],[96.57405,16.9754],[96.5736,16.9754],[96.57396,16.97497],[96.57387,16.97445],[96.57369,16.97445]],[[96.57513,16.97591],[96.57504,16.97565],[96.57549,16.97617],[96.57567,16.97531],[96.57612,16.97531],[96.57576,16.97583],[96.57585,16.97626],[96.57549,16.97617],[96.57585,16.97677],[96.57558,16.97634],[96.57423,16.97669],[96.57423,16.97608],[96.57459,16.97574],[96.57513,16.976],[96.57513,16.97591]]],[[[96.5118,16.97617],[96.51198,16.97643],[96.51153,16.97626],[96.51108,16.97669],[96.51108,16.97626],[96.51144,16.97626],[96.51135,16.97583],[96.5118,16.97617],[96.51216,16.97574],[96.51207,16.97514],[96.51099,16.97548],[96.51162,16.97505],[96.51135,16.97454],[96.51027,16.97505],[96.51045,16.97548],[96.5109,16.9754],[96.51081,16.97574],[96.51027,16.97574],[96.51018,16.9754],[96.50982,16.97574],[96.51072,16.976],[96.51108,16.97711],[96.51117,16.97677],[96.51171,16.97694],[96.51144,16.97746],[96.51216,16.9772],[96.5118,16.97686],[96.51243,16.97634],[96.51189,16.97617],[96.5118,16.97617]]],[[[96.59148,16.9772],[96.59157,16.97686],[96.59148,16.97737],[96.59202,16.97729],[96.59184,16.97686],[96.59229,16.97703],[96.59184,16.9766],[96.59193,16.97617],[96.59193,16.97651],[96.5922,16.97643],[96.59193,16.97497],[96.59112,16.97505],[96.59112,16.97548],[96.59103,16.97522],[96.59022,16.97522],[96.59004,16.97548],[96.59058,16.97711],[96.59094,16.97754],[96.59139,16.9772],[96.59148,16.9772]]],[[[96.59417,16.97729],[96.59426,16.97772],[96.59417,16.97694],[96.59381,16.97677],[96.59337,16.97763],[96.59561,16.97789],[96.59633,16.9772],[96.59597,16.9772],[96.59588,16.97686],[96.59534,16.97711],[96.59552,16.97754],[96.59516,16.97746],[96.59507,16.97694],[96.59453,16.97694],[96.59444,16.97729],[96.59417,16.97729]]],[[[96.53372,16.9772],[96.53336,16.97703],[96.53354,16.97669],[96.5339,16.97754],[96.53435,16.97763],[96.53453,16.97737],[96.53408,16.97626],[96.5321,16.97669],[96.53219,16.97703],[96.53291,16.97686],[96.53318,16.97797],[96.53372,16.97772],[96.53336,16.97729],[96.53372,16.97754],[96.53372,16.9772]]],[[[96.51342,16.97772],[96.51368,16.97754],[96.51333,16.9772],[96.51333,16.97694],[96.51368,16.97694],[96.51342,16.9766],[96.51395,16.97643],[96.51395,16.97583],[96.51306,16.97591],[96.51315,16.97669],[96.51243,16.97703],[96.51297,16.97711],[96.51297,16.97797],[96.51351,16.97789],[96.51368,16.97823],[96.51368,16.97772],[96.51342,16.97772]]],[[[96.58429,16.97823],[96.58501,16.97763],[96.58555,16.9778],[96.58564,16.97703],[96.58483,16.97703],[96.58456,16.97737],[96.58483,16.97763],[96.58438,16.97737],[96.58375,16.97754],[96.58411,16.97772],[96.58384,16.97815],[96.5842,16.97823],[96.58429,16.97823]]],[[[96.58816,16.97815],[96.58834,16.97797],[96.5886,16.97823],[96.5886,16.97703],[96.5878,16.9772],[96.58807,16.97815],[96.58816,16.97815]]],[[[96.53048,16.97669],[96.52985,16.97651],[96.52932,16.97686],[96.5295,16.97746],[96.5303,16.97772],[96.52976,16.97789],[96.52976,16.97832],[96.53048,16.97806],[96.53048,16.97729],[96.52985,16.97729],[96.53039,16.97694],[96.53057,16.97711],[96.53084,16.97634],[96.53048,16.9766],[96.53048,16.97669]]],[[[96.5321,16.9784],[96.5321,16.97815],[96.53246,16.97832],[96.53291,16.97806],[96.53246,16.97711],[96.53165,16.97746],[96.53201,16.9784],[96.5321,16.9784]]],[[[96.51494,16.97832],[96.51485,16.9778],[96.51494,16.97832],[96.5153,16.97823],[96.5153,16.97789],[96.51584,16.97815],[96.51611,16.97746],[96.51467,16.97772],[96.51476,16.97797],[96.51449,16.97754],[96.51413,16.97754],[96.51413,16.97849],[96.51494,16.9784],[96.51494,16.97832]]],[[[96.56839,16.97806],[96.56767,16.97772],[96.56848,16.97763],[96.56839,16.97806],[96.56866,16.97806],[96.56866,16.97729],[96.56678,16.97711],[96.56678,16.97737],[96.56606,16.97737],[96.56624,16.97703],[96.56516,16.97694],[96.56417,16.97711],[96.56453,16.97711],[96.56417,16.97789],[96.56435,16.97823],[96.56561,16.97806],[96.56471,16.97789],[96.56561,16.97772],[96.56552,16.97746],[96.56597,16.97823],[96.56624,16.97823],[96.56615,16.97763],[96.56633,16.97832],[96.56687,16.97823],[96.5666,16.97797],[96.56722,16.97772],[96.56696,16.97832],[96.56749,16.97806],[96.5674,16.97832],[96.56812,16.97849],[96.56812,16.97815],[96.56839,16.97815],[96.56839,16.97806]]],[[[96.56992,16.97746],[96.56884,16.97729],[96.56938,16.97737],[96.56902,16.97754],[96.5692,16.97849],[96.56983,16.97858],[96.56965,16.97772],[96.57046,16.97797],[96.57073,16.97832],[96.57055,16.97858],[96.57145,16.9778],[96.57055,16.97737],[96.57109,16.97772],[96.57073,16.97815],[96.57028,16.97772],[96.57037,16.97737],[96.57001,16.97746],[96.56992,16.97746]]],[[[96.57845,16.97797],[96.57818,16.97815],[96.57854,16.97763],[96.57926,16.97763],[96.57899,16.9772],[96.57872,16.97754],[96.57791,16.97746],[96.57809,16.97789],[96.57773,16.97789],[96.57765,16.9784],[96.57827,16.97823],[96.578,16.97832],[96.57818,16.97858],[96.57908,16.97815],[96.57872,16.97806],[96.5789,16.9778],[96.57854,16.97797],[96.57845,16.97797]]],[[[96.42906,16.97866],[96.42978,16.97823],[96.42933,16.97711],[96.42897,16.9772],[96.42915,16.97772],[96.4287,16.97737],[96.42817,16.97754],[96.42861,16.97849],[96.42951,16.97806],[96.42897,16.97866],[96.42906,16.97866]]],[[[96.5869,16.97832],[96.58672,16.97815],[96.58699,16.97806],[96.58708,16.97858],[96.58771,16.97849],[96.58762,16.97711],[96.58744,16.97754],[96.58735,16.97711],[96.5869,16.97737],[96.58636,16.9772],[96.58654,16.97746],[96.58618,16.97763],[96.58645,16.97763],[96.58645,16.97866],[96.5869,16.97866],[96.5869,16.9784],[96.5869,16.97832]]],[[[96.58977,16.97703],[96.58923,16.97694],[96.58941,16.97729],[96.58896,16.9772],[96.58887,16.97754],[96.58959,16.97746],[96.58986,16.9778],[96.58986,16.97806],[96.58932,16.97823],[96.5895,16.97866],[96.59067,16.97815],[96.59031,16.97772],[96.59031,16.97694],[96.58977,16.97677],[96.58977,16.97703]]],[[[96.51297,16.97875],[96.51252,16.97754],[96.51216,16.97737],[96.51207,16.9778],[96.51162,16.97763],[96.51189,16.97866],[96.51234,16.97823],[96.51207,16.97866],[96.51279,16.97875],[96.51297,16.97875]]],[[[96.57199,16.97883],[96.57199,16.97858],[96.57288,16.9784],[96.57288,16.97763],[96.57199,16.97763],[96.57235,16.97789],[96.57154,16.97772],[96.57163,16.97849],[96.57136,16.97832],[96.57127,16.97866],[96.57181,16.97849],[96.5719,16.97883],[96.57199,16.97883]]],[[[96.59597,16.97849],[96.59606,16.97815],[96.5957,16.97832],[96.59543,16.97806],[96.59525,16.97875],[96.59498,16.97866],[96.59543,16.97909],[96.59597,16.979],[96.59597,16.97849]]],[[[96.60082,16.97875],[96.60082,16.97909],[96.60118,16.97883],[96.60118,16.97909],[96.6019,16.97918],[96.60145,16.97849],[96.60046,16.97858],[96.60073,16.97875],[96.60082,16.97875]]],[[[96.58375,16.97926],[96.58456,16.97909],[96.58465,16.97883],[96.58411,16.97866],[96.58501,16.97875],[96.58564,16.97806],[96.58456,16.97823],[96.58366,16.97875],[96.58339,16.97926],[96.58375,16.97926]]],[[[96.4915,16.97883],[96.49177,16.97935],[96.49231,16.97909],[96.49213,16.97858],[96.49123,16.97849],[96.49141,16.97883],[96.4915,16.97883]]],[[[96.50111,16.97858],[96.50084,16.9784],[96.50102,16.97935],[96.50174,16.97943],[96.50183,16.97866],[96.50228,16.97935],[96.50308,16.97969],[96.50264,16.97806],[96.50183,16.97823],[96.50192,16.97858],[96.50138,16.97858],[96.50111,16.97858]]],[[[96.51872,16.97918],[96.51934,16.97926],[96.51979,16.97883],[96.51881,16.97883],[96.51863,16.97849],[96.51836,16.97918],[96.51764,16.979],[96.51746,16.97943],[96.51809,16.97969],[96.51845,16.97918],[96.51872,16.97918]]],[[[96.50416,16.97935],[96.50425,16.97892],[96.50452,16.97892],[96.50461,16.97969],[96.50497,16.97943],[96.5047,16.979],[96.50506,16.97883],[96.50515,16.97823],[96.50461,16.97823],[96.50443,16.97883],[96.50407,16.97875],[96.50407,16.9784],[96.50344,16.97849],[96.50371,16.97978],[96.50407,16.97995],[96.50434,16.97969],[96.50416,16.97943],[96.50416,16.97935]]],[[[96.51404,16.97935],[96.51386,16.97952],[96.51404,16.979],[96.51333,16.97909],[96.51351,16.97969],[96.51395,16.97995],[96.51431,16.97986],[96.51413,16.97935],[96.51404,16.97935]]],[[[96.5842,16.97995],[96.5851,16.97978],[96.58519,16.97952],[96.58564,16.97978],[96.58564,16.97892],[96.58492,16.97935],[96.58501,16.97961],[96.58465,16.97961],[96.58456,16.97918],[96.58429,16.97961],[96.58357,16.97952],[96.58375,16.97995],[96.58411,16.97995],[96.5842,16.97995]]],[[[96.5904,16.97978],[96.59085,16.97952],[96.59103,16.97995],[96.59157,16.98004],[96.59193,16.97969],[96.59166,16.97952],[96.59184,16.97918],[96.59139,16.97926],[96.59094,16.97892],[96.59139,16.97849],[96.58995,16.97883],[96.58995,16.97969],[96.5904,16.97986],[96.5904,16.97978]]],[[[96.50614,16.98012],[96.50596,16.979],[96.50641,16.97875],[96.50587,16.9784],[96.50542,16.97849],[96.50524,16.979],[96.50587,16.979],[96.50596,16.98012],[96.50614,16.98012]]],[[[96.41685,16.97969],[96.41595,16.97892],[96.41604,16.97978],[96.41712,16.98021],[96.41739,16.97986],[96.41721,16.97969],[96.41685,16.97969]]],[[[96.58816,16.97815],[96.58834,16.98021],[96.58878,16.97978],[96.58842,16.97978],[96.58869,16.97875],[96.58825,16.97815],[96.58816,16.97815]]],[[[96.51872,16.97918],[96.51845,16.97943],[96.51863,16.97969],[96.51782,16.97978],[96.51791,16.98004],[96.51881,16.97969],[96.51863,16.98021],[96.51916,16.98021],[96.51899,16.98038],[96.51979,16.98012],[96.51952,16.97943],[96.5189,16.97978],[96.5189,16.97918],[96.51872,16.97918]]],[[[96.49374,16.98047],[96.49374,16.97918],[96.49222,16.97943],[96.49222,16.97978],[96.49338,16.98047],[96.49374,16.98047]]],[[[96.49922,16.98047],[96.49994,16.98012],[96.4994,16.97952],[96.49877,16.97978],[96.49913,16.98047],[96.49922,16.98047]]],[[[96.59364,16.98021],[96.59364,16.97961],[96.59408,16.97986],[96.59372,16.97909],[96.59337,16.97892],[96.59355,16.97943],[96.59319,16.97952],[96.59319,16.97986],[96.5931,16.97952],[96.59283,16.97961],[96.59301,16.97935],[96.59238,16.97926],[96.59247,16.97892],[96.59184,16.97892],[96.59265,16.98029],[96.59364,16.98029],[96.59364,16.98021]]],[[[96.52042,16.98055],[96.52042,16.98004],[96.52096,16.97995],[96.52096,16.97935],[96.51979,16.97952],[96.52033,16.98012],[96.52006,16.98038],[96.52024,16.98055],[96.52042,16.98055]]],[[[96.51773,16.98029],[96.518,16.98047],[96.51737,16.98047],[96.51719,16.98004],[96.51674,16.98012],[96.51701,16.98064],[96.51836,16.98064],[96.51845,16.98029],[96.51773,16.98012],[96.51773,16.98029]]],[[[96.58645,16.98072],[96.58771,16.98021],[96.58753,16.97918],[96.58627,16.97918],[96.58627,16.98072],[96.58645,16.98072]]],[[[96.59579,16.98064],[96.59606,16.97978],[96.59534,16.97969],[96.59507,16.98012],[96.59561,16.98038],[96.59534,16.98038],[96.59525,16.98081],[96.59579,16.98072],[96.59579,16.98064]]],[[[96.50282,16.97986],[96.50255,16.98021],[96.50282,16.97978],[96.50192,16.97918],[96.50219,16.9809],[96.50282,16.98072],[96.50228,16.98038],[96.50308,16.98029],[96.503,16.97986],[96.50282,16.97986]]],[[[96.53102,16.97943],[96.5312,16.97969],[96.53084,16.97943],[96.53084,16.97978],[96.52985,16.97978],[96.53012,16.98055],[96.52968,16.98064],[96.52959,16.98004],[96.52923,16.98081],[96.53066,16.98081],[96.53093,16.98115],[96.53102,16.9809],[96.53237,16.9809],[96.53237,16.98038],[96.53201,16.98064],[96.53165,16.97995],[96.53183,16.97961],[96.53129,16.97961],[96.53147,16.97935],[96.5312,16.97883],[96.53057,16.979],[96.53057,16.97935],[96.5303,16.97909],[96.53012,16.97952],[96.53102,16.97935],[96.53102,16.97943]]],[[[96.5842,16.98115],[96.58429,16.98064],[96.58456,16.98098],[96.58492,16.98055],[96.58474,16.98021],[96.58438,16.98047],[96.58384,16.98021],[96.58348,16.98055],[96.58384,16.98098],[96.58393,16.98047],[96.58411,16.98115],[96.5842,16.98115]]],[[[96.50003,16.98124],[96.50003,16.98098],[96.50066,16.98081],[96.50057,16.98047],[96.50093,16.98047],[96.50102,16.98098],[96.5012,16.98029],[96.50183,16.9809],[96.50174,16.97978],[96.50138,16.98004],[96.50111,16.97986],[96.5012,16.97943],[96.50048,16.97943],[96.50048,16.97995],[96.50012,16.97995],[96.50039,16.9809],[96.50012,16.98072],[96.49967,16.98107],[96.49994,16.98124],[96.50003,16.98124]]],[[[96.49024,16.97737],[96.49033,16.97711],[96.49114,16.97729],[96.49123,16.97694],[96.4897,16.97703],[96.49006,16.97737],[96.4897,16.97763],[96.48925,16.97677],[96.4879,16.97565],[96.48781,16.97608],[96.48817,16.97608],[96.48853,16.97677],[96.48952,16.97746],[96.49105,16.97978],[96.49347,16.98132],[96.49401,16.98124],[96.4915,16.97986],[96.49159,16.97961],[96.49033,16.97849],[96.49024,16.97754],[96.49024,16.97737]]],[[[96.58744,16.9815],[96.58798,16.98158],[96.58851,16.98072],[96.58771,16.98098],[96.58717,16.98072],[96.58717,16.98098],[96.58663,16.98098],[96.58672,16.98132],[96.58636,16.98124],[96.58672,16.98167],[96.58744,16.98158],[96.58744,16.9815]]],[[[96.48916,16.98124],[96.48934,16.98107],[96.48907,16.9815],[96.48943,16.98184],[96.48988,16.9815],[96.49024,16.98184],[96.49195,16.98158],[96.49204,16.98124],[96.49213,16.98175],[96.49311,16.98167],[96.49311,16.98115],[96.49195,16.98115],[96.49195,16.98072],[96.49141,16.98055],[96.49141,16.98029],[96.49096,16.98047],[96.49051,16.98012],[96.48997,16.98047],[96.48997,16.98012],[96.49051,16.97986],[96.49033,16.97961],[96.48979,16.97978],[96.49015,16.97926],[96.4897,16.97935],[96.48961,16.97892],[96.48934,16.97926],[96.4897,16.98004],[96.48853,16.98038],[96.48907,16.98124],[96.48916,16.98124]]],[[[96.51647,16.98193],[96.51638,16.9809],[96.51539,16.9809],[96.51539,16.98064],[96.51593,16.98064],[96.51593,16.98012],[96.51476,16.98038],[96.51476,16.98064],[96.5153,16.98047],[96.51548,16.98132],[96.51575,16.98107],[96.51629,16.98132],[96.51611,16.98193],[96.51638,16.98193],[96.51647,16.98193]]],[[[96.5144,16.98184],[96.51449,16.98141],[96.51476,16.9815],[96.51449,16.9809],[96.51395,16.98107],[96.51395,16.9815],[96.51431,16.98167],[96.51404,16.98175],[96.51413,16.9821],[96.51467,16.9821],[96.51449,16.98184],[96.5144,16.98184]]],[[[96.58447,16.98158],[96.58456,16.98201],[96.58501,16.98184],[96.58483,16.98115],[96.58438,16.9815],[96.58393,16.98132],[96.58411,16.9821],[96.58438,16.98158],[96.58447,16.98158]]],[[[96.55321,16.98193],[96.55447,16.98115],[96.55267,16.98167],[96.55249,16.98227],[96.55321,16.98201],[96.55321,16.98193]]],[[[96.55159,16.9821],[96.55204,16.98184],[96.55186,16.98227],[96.55159,16.9821],[96.55159,16.98253],[96.5524,16.98244],[96.55213,16.98227],[96.55231,16.9815],[96.5515,16.9815],[96.55141,16.9821],[96.55159,16.9821]]],[[[96.51288,16.98279],[96.51306,16.98253],[96.51395,16.9827],[96.51395,16.9821],[96.51324,16.98201],[96.51315,16.98244],[96.51243,16.98227],[96.51234,16.98253],[96.51279,16.98253],[96.51243,16.98279],[96.51288,16.98279]]],[[[96.55896,16.98244],[96.55896,16.98167],[96.5586,16.98132],[96.55815,16.98141],[96.55815,16.98236],[96.55851,16.98253],[96.55833,16.98279],[96.55896,16.98261],[96.55896,16.98244]]],[[[96.50102,16.98236],[96.50138,16.98227],[96.50111,16.98244],[96.50138,16.98296],[96.50219,16.9827],[96.50282,16.98304],[96.50443,16.98253],[96.50434,16.98175],[96.50371,16.98175],[96.50389,16.9821],[96.50416,16.98201],[96.50416,16.98236],[96.50344,16.98253],[96.50353,16.98201],[96.50308,16.98201],[96.50291,16.98167],[96.50317,16.9815],[96.50344,16.98184],[96.50344,16.98141],[96.50425,16.9815],[96.50416,16.98098],[96.50147,16.98141],[96.50165,16.98167],[96.50219,16.9815],[96.50219,16.98184],[96.50291,16.98184],[96.50264,16.98253],[96.50317,16.9821],[96.50326,16.98287],[96.50291,16.98253],[96.50228,16.98261],[96.50219,16.98201],[96.50129,16.9821],[96.50111,16.98141],[96.50075,16.9815],[96.50102,16.98193],[96.50102,16.98236]]],[[[96.57459,16.97961],[96.57423,16.97995],[96.57423,16.97926],[96.57378,16.97926],[96.57405,16.97995],[96.57351,16.97969],[96.57351,16.98047],[96.57324,16.98038],[96.57333,16.97986],[96.57252,16.97995],[96.5727,16.98193],[96.57315,16.98167],[96.57324,16.98201],[96.57261,16.9821],[96.57279,16.98261],[96.57342,16.98261],[96.57369,16.98296],[96.57549,16.98296],[96.5754,16.98158],[96.57495,16.9815],[96.57504,16.98107],[96.57477,16.98098],[96.57486,16.98004],[96.57522,16.98021],[96.57522,16.97935],[96.57468,16.97918],[96.57459,16.97952],[96.57459,16.97961]]],[[[96.51854,16.98261],[96.51791,16.98279],[96.51854,16.98261],[96.51863,16.98201],[96.51827,16.98167],[96.51791,16.98184],[96.51782,16.98132],[96.51674,16.98184],[96.51692,16.98218],[96.51755,16.9821],[96.51719,16.98244],[96.51746,16.98253],[96.51737,16.98313],[96.51899,16.98287],[96.51916,16.98236],[96.51863,16.98261],[96.51854,16.98261]]],[[[96.57181,16.98132],[96.57172,16.98098],[96.57181,16.98132],[96.57226,16.98098],[96.57226,16.97986],[96.5719,16.97978],[96.57217,16.97926],[96.57163,16.97943],[96.57163,16.97909],[96.57118,16.97892],[96.57073,16.97909],[96.57091,16.97892],[96.5701,16.97883],[96.57001,16.97909],[96.56983,16.97875],[96.56902,16.979],[96.56857,16.97875],[96.56848,16.98038],[96.56866,16.97986],[96.56902,16.98021],[96.5683,16.98072],[96.56821,16.98047],[96.56767,16.98072],[96.5674,16.98167],[96.56696,16.98047],[96.56722,16.98038],[96.56704,16.97926],[96.56606,16.97858],[96.56426,16.97849],[96.5648,16.98244],[96.56552,16.98218],[96.56507,16.98201],[96.56471,16.98124],[96.56516,16.9815],[96.56561,16.9809],[96.56561,16.98124],[96.56597,16.98124],[96.56516,16.98184],[96.5657,16.98184],[96.56552,16.98218],[96.56579,16.9821],[96.56606,16.98253],[96.5674,16.98236],[96.56731,16.98193],[96.56758,16.98175],[96.56749,16.98218],[96.56785,16.98236],[96.56704,16.98279],[96.56857,16.9827],[96.56902,16.98296],[96.5692,16.98261],[96.56965,16.98279],[96.56974,16.98244],[96.57019,16.98244],[96.56992,16.9827],[96.57037,16.98279],[96.57037,16.9821],[96.57073,16.98201],[96.57118,16.98218],[96.57127,16.98287],[96.57208,16.98321],[96.57252,16.98279],[96.57226,16.9827],[96.57252,16.9821],[96.57235,16.98167],[96.57181,16.9815],[96.57181,16.98132]]],[[[96.57693,16.97961],[96.57693,16.97926],[96.5763,16.97926],[96.57621,16.97952],[96.57603,16.97909],[96.57558,16.97943],[96.57594,16.97978],[96.57567,16.98047],[96.57594,16.98047],[96.57594,16.9809],[96.57639,16.98081],[96.57621,16.98115],[96.57567,16.98072],[96.57576,16.98184],[96.57603,16.98193],[96.57585,16.98227],[96.5763,16.9821],[96.57639,16.98253],[96.57702,16.98244],[96.5772,16.98279],[96.57666,16.98296],[96.57693,16.98321],[96.57756,16.98287],[96.57738,16.9833],[96.57782,16.98321],[96.57773,16.98296],[96.57818,16.9833],[96.57818,16.98227],[96.57773,16.98218],[96.57791,16.98184],[96.57756,16.98175],[96.57791,16.98141],[96.57765,16.98098],[96.57782,16.98115],[96.578,16.9809],[96.57729,16.98055],[96.57729,16.98029],[96.57773,16.98021],[96.57765,16.97952],[96.57756,16.98012],[96.57702,16.97961],[96.57693,16.97961]]],[[[96.4994,16.98287],[96.49913,16.98287],[96.4994,16.98287],[96.49931,16.98253],[96.49895,16.98253],[96.49904,16.98193],[96.49859,16.98201],[96.49886,16.98227],[96.49841,16.98218],[96.49805,16.98184],[96.49823,16.98158],[96.49761,16.98141],[96.49734,16.98141],[96.49761,16.98158],[96.49743,16.98193],[96.4968,16.98175],[96.49698,16.98193],[96.49671,16.98227],[96.49707,16.98236],[96.49725,16.98193],[96.49725,16.98244],[96.4985,16.9827],[96.49841,16.98313],[96.49922,16.98304],[96.4994,16.98347],[96.49994,16.98313],[96.49976,16.98296],[96.50012,16.9827],[96.49931,16.98227],[96.49967,16.98287],[96.4994,16.98287]]],[[[96.58923,16.98132],[96.58905,16.9815],[96.58932,16.98115],[96.58887,16.98107],[96.58878,16.98158],[96.58905,16.98167],[96.58887,16.98201],[96.58923,16.98193],[96.58932,16.98347],[96.58959,16.98321],[96.58932,16.98296],[96.5895,16.98184],[96.58914,16.98175],[96.58941,16.98132],[96.58923,16.98132]]],[[[96.51916,16.98399],[96.5197,16.98373],[96.51943,16.98347],[96.51961,16.98313],[96.51997,16.98364],[96.52006,16.98296],[96.51881,16.98313],[96.51925,16.9833],[96.5189,16.98364],[96.51907,16.98399],[96.51916,16.98399]]],[[[96.58465,16.98339],[96.58438,16.98339],[96.58438,16.98399],[96.58546,16.98399],[96.58519,16.98253],[96.58438,16.98287],[96.58465,16.98296],[96.58465,16.98339]]],[[[96.58726,16.98425],[96.58762,16.98416],[96.58735,16.98382],[96.58753,16.98347],[96.58807,16.98407],[96.5878,16.98382],[96.58816,16.98347],[96.58807,16.98253],[96.58798,16.98313],[96.58735,16.98347],[96.5869,16.9833],[96.5878,16.98313],[96.58762,16.98253],[96.58618,16.98304],[96.58618,16.98373],[96.58699,16.98382],[96.58717,16.98425],[96.58726,16.98425]]],[[[96.5021,16.98442],[96.50246,16.98382],[96.50165,16.98339],[96.50156,16.9845],[96.50219,16.98442],[96.5021,16.98442]]],[[[96.51872,16.98622],[96.51863,16.98588],[96.51916,16.98571],[96.51872,16.9851],[96.51809,16.98528],[96.51863,16.98622],[96.51872,16.98622]]],[[[96.5736,16.98485],[96.57396,16.98459],[96.57351,16.98502],[96.57414,16.98493],[96.57441,16.98528],[96.57423,16.98571],[96.57405,16.98545],[96.5736,16.98579],[96.57468,16.98639],[96.57432,16.98579],[96.57477,16.98579],[96.57459,16.98476],[96.57486,16.98416],[96.57432,16.98459],[96.5736,16.98416],[96.57324,16.98442],[96.57324,16.98407],[96.57181,16.98425],[96.57181,16.98536],[96.57226,16.98459],[96.57324,16.98476],[96.57342,16.9845],[96.57333,16.98485],[96.5736,16.98485]]],[[[96.57756,16.98442],[96.57702,16.98459],[96.57675,16.98425],[96.57612,16.98425],[96.57621,16.98476],[96.57585,16.98502],[96.57567,16.98476],[96.57612,16.98459],[96.57603,16.98433],[96.57522,16.98416],[96.57558,16.98433],[96.57531,16.9845],[96.57558,16.98502],[96.57513,16.98485],[96.57495,16.98605],[96.57531,16.98571],[96.57558,16.98596],[96.57522,16.98614],[96.5754,16.98648],[96.57504,16.98631],[96.57504,16.98665],[96.57549,16.98665],[96.57576,16.98614],[96.57576,16.98648],[96.5763,16.98631],[96.57612,16.98665],[96.57666,16.98674],[96.57648,16.98588],[96.57594,16.98562],[96.57612,16.98528],[96.57639,16.98553],[96.57675,16.98519],[96.57666,16.98485],[96.57765,16.98485],[96.57809,16.9845],[96.57765,16.98442],[96.57756,16.98442]]],[[[96.51431,16.98657],[96.51449,16.98631],[96.51431,16.98657],[96.51476,16.98665],[96.51458,16.98614],[96.51342,16.98648],[96.51333,16.98605],[96.51279,16.98648],[96.51315,16.98682],[96.51377,16.98648],[96.51431,16.98665],[96.51431,16.98657]]],[[[96.56785,16.98433],[96.56803,16.98468],[96.56857,16.98442],[96.56857,16.98382],[96.56785,16.98416],[96.56722,16.98407],[96.5674,16.98373],[96.56633,16.98382],[96.56615,16.98356],[96.56597,16.98399],[96.56561,16.98364],[96.56561,16.9839],[96.56498,16.98407],[96.56507,16.98442],[96.5657,16.98399],[96.56543,16.98459],[96.56588,16.98468],[96.56615,16.98519],[96.56606,16.98545],[96.56588,16.98519],[96.56543,16.98528],[96.56624,16.98579],[96.56651,16.98553],[96.56687,16.98614],[96.56776,16.98571],[96.56803,16.98674],[96.56839,16.98682],[96.56812,16.98648],[96.56839,16.98648],[96.56839,16.98579],[96.56776,16.98528],[96.56803,16.98493],[96.56767,16.98476],[96.56785,16.9845],[96.56785,16.98433]]],[[[96.57136,16.98459],[96.57109,16.98442],[96.57127,16.98407],[96.57154,16.98459],[96.57136,16.98399],[96.57064,16.98399],[96.57082,16.98442],[96.57046,16.9839],[96.56938,16.98382],[96.56938,16.98425],[96.56974,16.98416],[96.56938,16.98442],[96.56884,16.9839],[96.56884,16.98442],[96.56911,16.98425],[96.5692,16.98459],[96.56866,16.98476],[96.56875,16.9851],[96.56902,16.98485],[96.56857,16.98605],[96.56875,16.98674],[96.57118,16.98674],[96.57136,16.98476],[96.57136,16.98459]]],[[[96.52402,16.98777],[96.52455,16.98639],[96.52437,16.98605],[96.52366,16.98674],[96.52384,16.98742],[96.52339,16.98734],[96.52348,16.98768],[96.52393,16.98777],[96.52402,16.98777]]],[[[96.50264,16.98794],[96.50264,16.9876],[96.50291,16.98768],[96.50344,16.98691],[96.50246,16.98648],[96.50246,16.98596],[96.50183,16.98588],[96.50174,16.98631],[96.50237,16.98631],[96.50219,16.98674],[96.50255,16.98794],[96.50264,16.98794]]],[[[96.53174,16.9882],[96.53174,16.98777],[96.5321,16.98794],[96.53219,16.9876],[96.53246,16.98768],[96.53237,16.98734],[96.53084,16.98794],[96.53165,16.9882],[96.53174,16.9882]]],[[[96.51261,16.98863],[96.5118,16.98837],[96.51153,16.98794],[96.51207,16.98777],[96.51198,16.9882],[96.51225,16.98811],[96.51261,16.98777],[96.51234,16.98751],[96.51279,16.98717],[96.51153,16.98708],[96.51126,16.98768],[96.51081,16.98768],[96.51144,16.98811],[96.51135,16.98846],[96.51072,16.98785],[96.50982,16.98906],[96.51027,16.98897],[96.51108,16.98949],[96.51126,16.98889],[96.51099,16.98871],[96.51171,16.98871],[96.51135,16.98931],[96.51207,16.98957],[96.51207,16.98923],[96.51252,16.9894],[96.51234,16.98897],[96.51261,16.9888],[96.51261,16.98863]]],[[[96.51422,16.98889],[96.5144,16.98854],[96.51395,16.98854],[96.51395,16.98897],[96.51288,16.98871],[96.51297,16.98906],[96.51404,16.98923],[96.51413,16.98957],[96.51422,16.98906],[96.51422,16.98889]]],[[[96.52482,16.98957],[96.52429,16.98803],[96.52411,16.98923],[96.52464,16.98923],[96.52446,16.98957],[96.52473,16.98957],[96.52482,16.98957]]],[[[96.39708,16.99851],[96.39744,16.99825],[96.40158,16.99834],[96.40472,16.99748],[96.40634,16.99653],[96.40643,16.99602],[96.40697,16.99576],[96.40697,16.99524],[96.4075,16.99473],[96.40759,16.99378],[96.40804,16.99344],[96.40786,16.99301],[96.40831,16.99241],[96.40804,16.99215],[96.4084,16.99086],[96.40741,16.98811],[96.4075,16.98768],[96.40697,16.98682],[96.40705,16.98596],[96.40643,16.98536],[96.40625,16.98425],[96.40598,16.98425],[96.4058,16.98124],[96.40643,16.98064],[96.40741,16.98047],[96.41164,16.98158],[96.41137,16.9815],[96.41146,16.98107],[96.41101,16.98115],[96.40831,16.98021],[96.40553,16.98029],[96.40418,16.97806],[96.40427,16.97772],[96.40193,16.97548],[96.40184,16.97505],[96.40166,16.97531],[96.39987,16.97419],[96.39888,16.97402],[96.39879,16.97368],[96.39511,16.97316],[96.39506,16.97583],[96.39679,16.97533],[96.39966,16.9756],[96.40328,16.97836],[96.40467,16.98176],[96.40583,16.98966],[96.40625,16.99043],[96.40589,16.99103],[96.40652,16.99138],[96.40661,16.99181],[96.40598,16.9937],[96.40449,16.99456],[96.40289,16.99616],[96.39888,16.99616],[96.38981,16.99751],[96.39062,16.99791],[96.39133,16.99773],[96.39277,16.99816],[96.39699,16.99851],[96.39708,16.99851]],[[96.80124,16.85224],[96.8016,16.85249],[96.80088,16.85232],[96.80097,16.85198],[96.80025,16.85172],[96.8007,16.85163],[96.80043,16.85034],[96.80079,16.85026],[96.80025,16.84828],[96.79944,16.84777],[96.79962,16.84837],[96.79998,16.84845],[96.79944,16.8482],[96.7989,16.84845],[96.79935,16.84777],[96.79854,16.84544],[96.79881,16.84544],[96.79872,16.84467],[96.79845,16.84493],[96.79845,16.84458],[96.79791,16.84467],[96.798,16.84433],[96.79836,16.84458],[96.79872,16.84415],[96.79845,16.8439],[96.79845,16.84415],[96.79773,16.84424],[96.79773,16.8439],[96.79872,16.84355],[96.79827,16.84355],[96.798,16.84312],[96.79782,16.84347],[96.79755,16.84338],[96.79782,16.84269],[96.79746,16.84158],[96.79782,16.84106],[96.79764,16.84072],[96.79809,16.84046],[96.79863,16.83702],[96.79863,16.83573],[96.79827,16.83547],[96.79836,16.83495],[96.79899,16.8347],[96.79854,16.83409],[96.79908,16.83323],[96.79845,16.83298],[96.79953,16.83289],[96.7989,16.83195],[96.79926,16.83177],[96.79908,16.83126],[96.79962,16.83143],[96.79872,16.83091],[96.79935,16.83066],[96.79944,16.83023],[96.79917,16.83005],[96.79953,16.8298],[96.7989,16.82988],[96.7989,16.83031],[96.79854,16.83048],[96.79854,16.82971],[96.79791,16.82945],[96.79818,16.82919],[96.79764,16.82885],[96.79764,16.82928],[96.79746,16.82894],[96.79755,16.82868],[96.79818,16.82868],[96.79827,16.82833],[96.79917,16.82833],[96.79908,16.82799],[96.79845,16.82825],[96.79836,16.8279],[96.79791,16.8279],[96.79791,16.82747],[96.79782,16.82851],[96.79755,16.82816],[96.79737,16.82859],[96.7971,16.82833],[96.79639,16.82859],[96.79639,16.82825],[96.79755,16.82816],[96.79755,16.82765],[96.79737,16.82782],[96.79701,16.82747],[96.79683,16.82773],[96.79683,16.82722],[96.79639,16.82747],[96.7963,16.82704],[96.79764,16.82739],[96.79881,16.8273],[96.79872,16.82756],[96.79935,16.82782],[96.79989,16.82782],[96.80052,16.8273],[96.80088,16.82782],[96.80097,16.82722],[96.80142,16.82765],[96.8016,16.82739],[96.80088,16.82644],[96.80097,16.82601],[96.80258,16.82481],[96.80348,16.82352],[96.8033,16.82326],[96.80384,16.82171],[96.8042,16.8218],[96.80411,16.82154],[96.80519,16.82068],[96.80582,16.82111],[96.80564,16.82017],[96.80663,16.81931],[96.81624,16.81935],[96.81723,16.82068],[96.81741,16.82154],[96.81768,16.82154],[96.81911,16.82507],[96.82028,16.82661],[96.82064,16.82816],[96.82091,16.82808],[96.82028,16.82902],[96.82001,16.83091],[96.81902,16.83246],[96.81857,16.83427],[96.81768,16.83547],[96.813,16.83719],[96.81184,16.83822],[96.81085,16.83857],[96.8104,16.83917],[96.80995,16.83917],[96.80995,16.83951],[96.80923,16.83968],[96.80869,16.84037],[96.80869,16.84089],[96.80851,16.84063],[96.80806,16.8408],[96.80851,16.84089],[96.80869,16.84175],[96.80878,16.84097],[96.80905,16.84115],[96.8095,16.84089],[96.80986,16.84123],[96.81049,16.84037],[96.81085,16.84046],[96.81067,16.84097],[96.81031,16.84106],[96.81058,16.8414],[96.81094,16.84115],[96.81049,16.84175],[96.81085,16.84175],[96.81094,16.84218],[96.81058,16.84209],[96.81085,16.84261],[96.80986,16.84278],[96.80959,16.84243],[96.80914,16.84269],[96.80905,16.84329],[96.80968,16.84304],[96.80932,16.8439],[96.8086,16.84286],[96.80842,16.84304],[96.80851,16.84278],[96.80815,16.84278],[96.80824,16.84355],[96.80842,16.84329],[96.80878,16.84355],[96.80887,16.84441],[96.8086,16.84407],[96.80815,16.84415],[96.80788,16.84364],[96.80708,16.84372],[96.80725,16.84295],[96.80672,16.84295],[96.80672,16.84261],[96.806,16.84235],[96.80483,16.84424],[96.80474,16.84501],[96.80429,16.84536],[96.80375,16.84742],[96.80339,16.84751],[96.80348,16.84828],[96.80303,16.84906],[96.80321,16.85026],[96.80276,16.8512],[96.80321,16.85181],[96.80294,16.85189],[96.80285,16.85155],[96.80249,16.85172],[96.80276,16.85232],[96.80231,16.85258],[96.80195,16.85232],[96.80249,16.85198],[96.80151,16.85206],[96.80133,16.85181],[96.80124,16.85206],[96.80124,16.85224]],[[96.8033,16.85387],[96.8033,16.85464],[96.80357,16.85482],[96.80312,16.8549],[96.80312,16.85447],[96.80276,16.85439],[96.80312,16.85353],[96.8024,16.8537],[96.80249,16.85318],[96.80285,16.85327],[96.80267,16.85292],[96.80231,16.85301],[96.8024,16.85258],[96.80312,16.85275],[96.80303,16.8531],[96.80348,16.85318],[96.80321,16.85387],[96.8033,16.85387]],[[96.79082,16.82937],[96.79117,16.82945],[96.79082,16.82937],[96.79046,16.83014],[96.78911,16.83023],[96.78947,16.83066],[96.78902,16.8304],[96.78884,16.83074],[96.78857,16.83066],[96.78848,16.83117],[96.78767,16.83143],[96.78785,16.83109],[96.78812,16.83117],[96.78794,16.83083],[96.7883,16.83074],[96.78839,16.83031],[96.78875,16.83057],[96.78902,16.8304],[96.78893,16.82988],[96.78965,16.82971],[96.78947,16.82919],[96.78983,16.82911],[96.78983,16.82851],[96.79037,16.82833],[96.79046,16.82782],[96.78992,16.82756],[96.79046,16.82704],[96.79001,16.82722],[96.78992,16.82687],[96.78947,16.82679],[96.78983,16.82661],[96.78947,16.82601],[96.78983,16.82593],[96.78929,16.82558],[96.78866,16.82567],[96.78884,16.82524],[96.78848,16.82524],[96.7883,16.82567],[96.78839,16.82489],[96.78821,16.82524],[96.78776,16.82507],[96.78812,16.82618],[96.78785,16.82575],[96.78695,16.82558],[96.78785,16.82601],[96.78812,16.82713],[96.78776,16.82747],[96.78839,16.8273],[96.7883,16.82765],[96.78776,16.82756],[96.78794,16.82833],[96.78722,16.82782],[96.78704,16.82833],[96.78659,16.82825],[96.7865,16.82765],[96.7857,16.82713],[96.78596,16.82661],[96.78552,16.82687],[96.78561,16.82739],[96.78516,16.8273],[96.78516,16.82687],[96.78552,16.82687],[96.78543,16.82644],[96.7857,16.82636],[96.78489,16.82644],[96.78507,16.82713],[96.7848,16.82722],[96.78444,16.82627],[96.78426,16.82704],[96.78381,16.82722],[96.78381,16.82756],[96.78336,16.82756],[96.78336,16.82661],[96.78408,16.82593],[96.78399,16.82558],[96.78507,16.82515],[96.78462,16.82464],[96.78516,16.82489],[96.78552,16.82446],[96.78489,16.82455],[96.78489,16.82395],[96.78534,16.82378],[96.78525,16.82335],[96.78561,16.823],[96.78516,16.823],[96.78552,16.82249],[96.78507,16.82257],[96.78534,16.82223],[96.78489,16.82206],[96.7848,16.82163],[96.78659,16.82145],[96.78686,16.8218],[96.78731,16.82171],[96.7874,16.82206],[96.78767,16.8218],[96.78839,16.82206],[96.78857,16.82249],[96.78776,16.82309],[96.78812,16.82317],[96.78821,16.82283],[96.78893,16.82249],[96.78956,16.82309],[96.78947,16.82352],[96.78983,16.82352],[96.78965,16.82386],[96.79019,16.82386],[96.78983,16.82421],[96.79082,16.82464],[96.79073,16.82507],[96.79109,16.82524],[96.79064,16.82541],[96.79064,16.82515],[96.79019,16.82507],[96.79001,16.82532],[96.79046,16.82532],[96.79019,16.82584],[96.79073,16.82601],[96.79055,16.82653],[96.791,16.82687],[96.79135,16.82661],[96.79171,16.82696],[96.79162,16.82661],[96.79189,16.82661],[96.7918,16.8273],[96.79216,16.82773],[96.7918,16.82773],[96.79198,16.82825],[96.7918,16.82851],[96.79144,16.82825],[96.79162,16.82868],[96.79117,16.82868],[96.79117,16.82911],[96.79073,16.82911],[96.79073,16.82937],[96.79082,16.82937]],[[96.79225,16.8273],[96.79225,16.82653],[96.79189,16.82636],[96.79207,16.8261],[96.79126,16.82584],[96.79135,16.82541],[96.79162,16.82541],[96.79144,16.82507],[96.79189,16.82524],[96.7918,16.82575],[96.79225,16.82618],[96.79225,16.82567],[96.7936,16.8261],[96.79288,16.82618],[96.79342,16.82661],[96.79297,16.82661],[96.79315,16.82739],[96.79243,16.82627],[96.79243,16.82687],[96.79279,16.82687],[96.79279,16.82713],[96.7927,16.82739],[96.79225,16.82722],[96.79225,16.82756],[96.79225,16.8273]],[[96.80034,16.82593],[96.79944,16.82653],[96.79854,16.82653],[96.79809,16.82687],[96.79683,16.8267],[96.79701,16.8261],[96.79674,16.82636],[96.79621,16.82618],[96.7963,16.82575],[96.79755,16.82575],[96.798,16.8261],[96.79809,16.82575],[96.79845,16.82601],[96.79854,16.82575],[96.79899,16.82601],[96.79908,16.82575],[96.80034,16.82584],[96.80034,16.82593]],[[96.78336,16.82816],[96.78318,16.82833],[96.78318,16.82782],[96.78318,16.82859],[96.78282,16.82859],[96.78282,16.82825],[96.78273,16.82859],[96.78192,16.82885],[96.78201,16.82816],[96.78255,16.82816],[96.78255,16.8279],[96.78219,16.8279],[96.78309,16.82747],[96.78309,16.82704],[96.78336,16.82782],[96.78363,16.82782],[96.78354,16.82816],[96.78336,16.82816]],[[96.78668,16.83366],[96.78632,16.83427],[96.78605,16.83418],[96.78605,16.83306],[96.78668,16.83272],[96.78623,16.83306],[96.78668,16.83366],[96.78722,16.8322],[96.7874,16.83255],[96.78704,16.83289],[96.78749,16.83332],[96.78704,16.83332],[96.78704,16.83409],[96.78668,16.83418],[96.7865,16.83392],[96.78677,16.83366],[96.78668,16.83366]],[[96.78264,16.83384],[96.78237,16.83392],[96.78273,16.83427],[96.783,16.83401],[96.78327,16.83452],[96.78363,16.83444],[96.78363,16.83409],[96.78318,16.83418],[96.78336,16.83392],[96.78399,16.83401],[96.78426,16.83495],[96.78381,16.8347],[96.78381,16.83538],[96.78336,16.8353],[96.78336,16.83495],[96.78318,16.83538],[96.78264,16.8353],[96.78246,16.83444],[96.78183,16.83444],[96.78183,16.83401],[96.78228,16.83418],[96.78228,16.83375],[96.78264,16.83375],[96.78264,16.83384]],[[96.79001,16.83865],[96.78938,16.83882],[96.78938,16.83831],[96.7901,16.83805],[96.79001,16.83762],[96.79028,16.83745],[96.79216,16.83917],[96.7918,16.83934],[96.791,16.83857],[96.79046,16.83874],[96.79001,16.83848],[96.79001,16.83865]],[[96.80741,16.81887],[96.80759,16.81845],[96.80941,16.8175],[96.80977,16.8169],[96.81202,16.81587],[96.81327,16.81612],[96.8139,16.81681],[96.8139,16.81741],[96.81469,16.81767],[96.81579,16.81887],[96.80741,16.81887]],[[96.8066,16.80864],[96.80651,16.8083],[96.80588,16.8083],[96.8057,16.8077],[96.80708,16.80821],[96.80743,16.80864],[96.80815,16.80813],[96.80806,16.80838],[96.80858,16.80864],[96.80833,16.80933],[96.80851,16.81019],[96.80822,16.81036],[96.80822,16.80984],[96.80795,16.80976],[96.80768,16.81045],[96.80725,16.81027],[96.80768,16.80976],[96.80681,16.8089],[96.80699,16.80864],[96.80669,16.80864],[96.8066,16.80864]],[[96.80471,16.80374],[96.80462,16.80348],[96.80435,16.80348],[96.80444,16.80382],[96.80391,16.80348],[96.80471,16.80314],[96.804,16.80288],[96.80427,16.80245],[96.80409,16.80185],[96.80435,16.80185],[96.80409,16.80133],[96.80427,16.80047],[96.80507,16.80116],[96.8048,16.80185],[96.80552,16.80202],[96.80534,16.80279],[96.80588,16.80253],[96.80579,16.80228],[96.80615,16.80236],[96.80606,16.80305],[96.80579,16.80279],[96.8057,16.80322],[96.80534,16.80314],[96.80543,16.80348],[96.80498,16.80365],[96.80507,16.80408],[96.80471,16.80408],[96.8048,16.80374],[96.80471,16.80374]],[[96.76438,16.76564],[96.76492,16.76547],[96.76501,16.76581],[96.76411,16.76581],[96.76375,16.76701],[96.76429,16.76701],[96.76438,16.76753],[96.76375,16.76753],[96.76348,16.76701],[96.76375,16.76624],[96.76312,16.7665],[96.76312,16.76615],[96.76402,16.76547],[96.76348,16.76529],[96.76384,16.76521],[96.7642,16.76426],[96.76438,16.76461],[96.76402,16.76512],[96.76447,16.76512],[96.76438,16.76547],[96.76438,16.76564]],[[96.76375,16.77106],[96.76375,16.77071],[96.76411,16.7708],[96.76411,16.77106],[96.76375,16.77106],[96.76375,16.77192],[96.76447,16.77174],[96.76411,16.77217],[96.76465,16.77364],[96.76492,16.77364],[96.76483,16.77321],[96.76519,16.77312],[96.76528,16.77338],[96.76483,16.77381],[96.76519,16.77415],[96.76492,16.77415],[96.7651,16.77484],[96.76465,16.77493],[96.76465,16.77433],[96.7642,16.77424],[96.76402,16.7745],[96.76438,16.77501],[96.76411,16.77519],[96.76465,16.77527],[96.76474,16.77596],[96.7651,16.77493],[96.766,16.77544],[96.76528,16.77553],[96.76528,16.7763],[96.7651,16.77587],[96.76483,16.77596],[96.76492,16.7763],[96.76438,16.77622],[96.76438,16.77673],[96.76501,16.77665],[96.76474,16.77699],[96.76393,16.77691],[96.76402,16.77656],[96.76429,16.77665],[96.7642,16.77596],[96.76312,16.77562],[96.76312,16.77501],[96.76339,16.77493],[96.76348,16.77544],[96.76393,16.7757],[96.76402,16.77484],[96.76366,16.77433],[96.76384,16.77364],[96.76321,16.77261],[96.76348,16.772],[96.76312,16.77166],[96.76312,16.77217],[96.76285,16.77217],[96.76312,16.77261],[96.76258,16.77295],[96.76258,16.77226],[96.76312,16.7714],[96.76276,16.77123],[96.76294,16.77063],[96.76267,16.77045],[96.76339,16.76951],[96.76303,16.76951],[96.76267,16.76899],[96.76294,16.76813],[96.76384,16.76865],[96.76375,16.76908],[96.76339,16.76916],[96.76348,16.76959],[96.76375,16.76951],[96.76375,16.76985],[96.76339,16.76977],[96.76366,16.77028],[96.7633,16.77028],[96.76357,16.77106],[96.76375,16.77106]],[[96.7627,16.80451],[96.7633,16.80537],[96.76312,16.80554],[96.76297,16.80529],[96.76258,16.80546],[96.7627,16.80494],[96.76225,16.80477],[96.76222,16.80451],[96.7627,16.80451],[96.7624,16.80426],[96.76288,16.804],[96.76306,16.80425],[96.76276,16.80451],[96.7627,16.80451]]]]}}],"bbox":[96.38981,16.58114,96.82091,16.99851]}
