{"type":"FeatureCollection","features":[{"type":"Feature","properties":{"Sensor_ID":"Gaofen-3","Sensor_Dat":"2024-09-15","Confidence":"To be evaluated","EventCode":"FL20240912MMR"},"geometry":{"type":"MultiPolygon","coordinates":[[[[96.08324,20.28976],[96.08305,20.29116],[96.08362,20.29193],[96.08294,20.2922],[96.08385,20.29242],[96.08328,20.2931],[96.0838,20.29346],[96.08429,20.29197],[96.08572,20.29157],[96.08486,20.29153],[96.08477,20.29098],[96.08371,20.29134],[96.08377,20.29035],[96.08329,20.28976],[96.08324,20.28976]]],[[[96.07599,20.29402],[96.07442,20.29279],[96.07577,20.29104],[96.07553,20.29004],[96.07606,20.29009],[96.07673,20.28905],[96.07779,20.28955],[96.07717,20.28874],[96.07755,20.28793],[96.07813,20.28788],[96.07794,20.28711],[96.07852,20.28671],[96.07947,20.2869],[96.07871,20.28653],[96.07852,20.28504],[96.0792,20.28486],[96.07929,20.28531],[96.07986,20.28536],[96.08005,20.28636],[96.08244,20.28727],[96.08205,20.28858],[96.0832,20.28976],[96.08401,20.28877],[96.08277,20.28885],[96.08278,20.28722],[96.08182,20.28591],[96.08594,20.28606],[96.08106,20.2855],[96.08183,20.28447],[96.08063,20.28478],[96.08025,20.28383],[96.07977,20.2841],[96.07906,20.28355],[96.07868,20.28233],[96.07964,20.28179],[96.08083,20.28306],[96.08169,20.28329],[96.0816,20.28257],[96.07993,20.28139],[96.07994,20.27944],[96.08065,20.28003],[96.08104,20.27976],[96.08214,20.28022],[96.08275,20.28284],[96.08356,20.28226],[96.0829,20.2818],[96.08271,20.28022],[96.08401,20.27996],[96.08267,20.27936],[96.08247,20.27995],[96.08104,20.27904],[96.081,20.27809],[96.08181,20.27864],[96.08167,20.27796],[96.08277,20.27792],[96.08196,20.27764],[96.08158,20.27656],[96.0781,20.2741],[96.07657,20.27378],[96.07671,20.27441],[96.07733,20.27451],[96.07685,20.27523],[96.07732,20.27631],[96.07607,20.27644],[96.07641,20.27604],[96.07613,20.27504],[96.07521,20.27599],[96.07545,20.27635],[96.07487,20.2778],[96.07449,20.27779],[96.07363,20.27625],[96.07329,20.27693],[96.0742,20.27824],[96.07205,20.27756],[96.07167,20.27692],[96.07157,20.27733],[96.0697,20.27759],[96.06888,20.27836],[96.07089,20.27873],[96.0718,20.27828],[96.07218,20.27918],[96.07424,20.27969],[96.07342,20.28023],[96.07151,20.28018],[96.07184,20.28063],[96.07112,20.28085],[96.07093,20.28153],[96.07246,20.28099],[96.07313,20.28122],[96.07318,20.28077],[96.07395,20.28055],[96.07457,20.28082],[96.07461,20.28227],[96.07389,20.28362],[96.07446,20.2834],[96.07436,20.28416],[96.07407,20.28461],[96.07336,20.28457],[96.07426,20.28529],[96.07273,20.28583],[96.07349,20.2861],[96.07291,20.28755],[96.07358,20.28845],[96.07262,20.28773],[96.07291,20.28849],[96.07243,20.28822],[96.07209,20.28876],[96.07199,20.28939],[96.07257,20.28962],[96.0716,20.2903],[96.07256,20.29089],[96.0725,20.29238],[96.07159,20.29337],[96.0724,20.29346],[96.07332,20.29265],[96.0737,20.29297],[96.07346,20.29396],[96.07403,20.2941],[96.07383,20.29487],[96.07426,20.29505],[96.07489,20.29447],[96.07542,20.29474],[96.0746,20.29523],[96.07474,20.29569],[96.07426,20.29564],[96.0745,20.29514],[96.07402,20.29519],[96.07469,20.29623],[96.07531,20.29609],[96.07493,20.29645],[96.07545,20.297],[96.07488,20.29749],[96.07545,20.2984],[96.07496,20.29894],[96.0741,20.29889],[96.07444,20.29948],[96.07386,20.29984],[96.07381,20.30056],[96.0749,20.3017],[96.07553,20.30161],[96.07558,20.30079],[96.07711,20.30139],[96.07683,20.29976],[96.07769,20.29994],[96.07803,20.29922],[96.07937,20.29941],[96.0787,20.29932],[96.07846,20.29855],[96.07871,20.29683],[96.07713,20.29669],[96.07771,20.29443],[96.07685,20.29506],[96.07652,20.29393],[96.07599,20.29397],[96.07599,20.29402]]],[[[96.10262,20.31608],[96.10233,20.31572],[96.10334,20.31545],[96.10296,20.31333],[96.10147,20.31445],[96.10185,20.31554],[96.10271,20.31541],[96.10214,20.31595],[96.10266,20.31608],[96.10262,20.31608]]],[[[96.15946,20.31806],[96.15998,20.31748],[96.16046,20.3177],[96.16085,20.3168],[96.16171,20.31694],[96.16305,20.31622],[96.16345,20.31437],[96.16239,20.31396],[96.16062,20.31445],[96.16014,20.31382],[96.15847,20.31422],[96.15832,20.31557],[96.15745,20.31575],[96.15731,20.31643],[96.15793,20.3172],[96.15903,20.31734],[96.15893,20.31797],[96.15941,20.31743],[96.15926,20.31806],[96.15946,20.31806]]],[[[96.1416,20.32653],[96.14213,20.32613],[96.14233,20.32401],[96.14152,20.32364],[96.14128,20.32405],[96.14066,20.32346],[96.14146,20.32653],[96.1416,20.32653]]],[[[96.05898,20.33673],[96.06182,20.33507],[96.06235,20.33377],[96.06072,20.33421],[96.06,20.3352],[96.05914,20.33484],[96.05942,20.3357],[96.0588,20.33601],[96.05889,20.33673],[96.05898,20.33673]]],[[[96.14021,20.33873],[96.1429,20.33797],[96.14328,20.33856],[96.14328,20.33738],[96.14285,20.33711],[96.14319,20.33653],[96.14267,20.33566],[96.14233,20.33575],[96.14262,20.33634],[96.14103,20.33701],[96.14257,20.33657],[96.14184,20.3381],[96.14127,20.33805],[96.14151,20.33747],[96.14051,20.33688],[96.14055,20.33764],[96.13988,20.33814],[96.14026,20.33841],[96.13978,20.33832],[96.14007,20.33873],[96.14021,20.33873]]],[[[96.0581,20.34138],[96.05858,20.34138],[96.05911,20.34053],[96.06006,20.34098],[96.06083,20.34049],[96.06074,20.33941],[96.06002,20.33931],[96.06017,20.33882],[96.05955,20.33899],[96.06008,20.3385],[96.05888,20.33854],[96.05879,20.33804],[96.05807,20.3379],[96.05758,20.33871],[96.05725,20.33831],[96.05691,20.33903],[96.05729,20.33957],[96.05691,20.33957],[96.05734,20.34002],[96.05681,20.34002],[96.05719,20.34057],[96.0582,20.34057],[96.05767,20.34079],[96.05815,20.34138],[96.0581,20.34138]]],[[[96.002,20.34294],[96.00225,20.34114],[96.00307,20.34019],[96.00216,20.33892],[96.00231,20.33843],[96.00399,20.33708],[96.00409,20.3364],[96.0052,20.33636],[96.00636,20.33393],[96.00512,20.33198],[96.00455,20.33216],[96.00397,20.33166],[96.00316,20.33193],[96.00287,20.33283],[96.00315,20.33306],[96.00383,20.33247],[96.00358,20.3331],[96.00401,20.33347],[96.00368,20.33319],[96.00286,20.33391],[96.00219,20.33368],[96.00214,20.33432],[96.00166,20.33386],[96.00017,20.33575],[95.99916,20.33611],[95.99872,20.33737],[95.99791,20.33805],[95.99833,20.33868],[95.99954,20.33796],[96.00064,20.33828],[96.00133,20.34285],[96.00176,20.34294],[96.002,20.34294]]],[[[96.1134,20.34653],[96.11466,20.3436],[96.1127,20.34319],[96.11256,20.34165],[96.11122,20.34241],[96.11202,20.3444],[96.11331,20.3449],[96.11335,20.34653],[96.1134,20.34653]]],[[[96.05802,20.35733],[96.05884,20.35643],[96.05827,20.35589],[96.0588,20.3562],[96.05914,20.35526],[96.05971,20.35485],[96.06096,20.35495],[96.06144,20.35427],[96.05986,20.35341],[96.05991,20.35273],[96.05896,20.35241],[96.05939,20.35151],[96.05801,20.35069],[96.05705,20.35073],[96.05738,20.35245],[96.05708,20.35389],[96.05746,20.35417],[96.05713,20.35466],[96.05756,20.35489],[96.0575,20.35719],[96.05783,20.35733],[96.05802,20.35733]]],[[[95.99598,20.36804],[95.9968,20.36718],[95.99562,20.36347],[95.99455,20.36667],[95.99536,20.3669],[95.99603,20.36804],[95.99598,20.36804]]],[[[96.1324,20.37335],[96.13432,20.3716],[96.13428,20.37065],[96.13256,20.36978],[96.13202,20.37159],[96.13126,20.37195],[96.13144,20.37285],[96.13235,20.37335],[96.1324,20.37335]]],[[[96.13669,20.3777],[96.1378,20.37739],[96.13804,20.37581],[96.1368,20.37558],[96.13607,20.37689],[96.13665,20.3777],[96.13669,20.3777]]],[[[96.17096,20.39866],[96.17182,20.39853],[96.17135,20.3969],[96.17202,20.39681],[96.17025,20.39635],[96.16991,20.3978],[96.17101,20.39866],[96.17096,20.39866]]],[[[96.08429,20.40546],[96.08454,20.40312],[96.0858,20.40127],[96.08508,20.40095],[96.08523,20.39987],[96.08308,20.39927],[96.08264,20.39967],[96.08217,20.39936],[96.08241,20.39873],[96.08087,20.39904],[96.07958,20.39808],[96.07896,20.39912],[96.08006,20.39885],[96.07986,20.39993],[96.08053,20.3998],[96.0802,20.40034],[96.08106,20.4008],[96.08105,20.40157],[96.08263,20.40162],[96.08158,20.40279],[96.08052,20.40242],[96.08038,20.40292],[96.08148,20.4036],[96.08133,20.40468],[96.08315,20.40456],[96.08353,20.40533],[96.08406,20.4051],[96.0842,20.40546],[96.08429,20.40546]]],[[[96.17731,20.41793],[96.17846,20.41725],[96.17861,20.41599],[96.17913,20.41604],[96.17881,20.41436],[96.17933,20.41473],[96.17933,20.41396],[96.17866,20.41364],[96.1777,20.41508],[96.17818,20.41594],[96.17559,20.41593],[96.17697,20.41675],[96.17716,20.41793],[96.17731,20.41793]]],[[[96.17919,20.42589],[96.17838,20.42511],[96.1791,20.42498],[96.17948,20.42562],[96.17934,20.42462],[96.18015,20.42449],[96.17963,20.42408],[96.1804,20.42413],[96.18049,20.42377],[96.17958,20.42385],[96.17896,20.42326],[96.17881,20.42408],[96.17833,20.42421],[96.17863,20.4234],[96.17819,20.4234],[96.17771,20.42543],[96.17871,20.42539],[96.17924,20.42589],[96.17919,20.42589]]],[[[96.1153,20.42637],[96.11588,20.42524],[96.1166,20.4252],[96.11665,20.42461],[96.11736,20.42602],[96.1169,20.4238],[96.11579,20.42384],[96.11569,20.42466],[96.11473,20.42488],[96.11525,20.42637],[96.1153,20.42637]]],[[[96.17543,20.42031],[96.17461,20.42176],[96.17484,20.42275],[96.1757,20.4228],[96.17565,20.42343],[96.17513,20.42366],[96.17503,20.42334],[96.17393,20.42352],[96.17389,20.42189],[96.17274,20.42202],[96.17327,20.42162],[96.17298,20.42112],[96.1713,20.42107],[96.17125,20.42152],[96.17058,20.42093],[96.16958,20.42093],[96.16925,20.41984],[96.17007,20.41849],[96.17078,20.41917],[96.17141,20.41904],[96.1716,20.41768],[96.17294,20.41832],[96.17309,20.41728],[96.1741,20.4171],[96.17415,20.41629],[96.17362,20.41575],[96.17295,20.41615],[96.17291,20.41565],[96.17425,20.41552],[96.17483,20.41399],[96.17617,20.41422],[96.17665,20.41408],[96.17651,20.41377],[96.17713,20.41386],[96.17708,20.41345],[96.1779,20.41359],[96.17747,20.41255],[96.17805,20.41251],[96.178,20.41183],[96.17891,20.41147],[96.17853,20.41093],[96.17742,20.41219],[96.17642,20.41219],[96.17747,20.41246],[96.17685,20.41323],[96.17598,20.41282],[96.1756,20.41354],[96.17469,20.41335],[96.17531,20.4125],[96.17527,20.41191],[96.17484,20.41209],[96.17498,20.41146],[96.17585,20.41114],[96.17609,20.41151],[96.17618,20.41074],[96.17681,20.41056],[96.17647,20.40993],[96.1771,20.41016],[96.17729,20.40975],[96.17681,20.40961],[96.17748,20.40939],[96.17638,20.40929],[96.17643,20.40871],[96.17581,20.40898],[96.17586,20.40852],[96.17725,20.40844],[96.17701,20.40808],[96.176,20.40816],[96.17605,20.40767],[96.17548,20.40748],[96.17563,20.40599],[96.17611,20.40563],[96.17448,20.40509],[96.16878,20.40479],[96.16001,20.40612],[96.1566,20.40579],[96.15266,20.42096],[96.15187,20.42583],[96.15518,20.42675],[96.16078,20.42677],[96.17052,20.42468],[96.17531,20.42587],[96.17546,20.42528],[96.1766,20.42538],[96.1767,20.42448],[96.17757,20.42448],[96.17752,20.4233],[96.17834,20.42313],[96.1781,20.42249],[96.17872,20.42277],[96.1781,20.4224],[96.17806,20.42145],[96.17748,20.42145],[96.17739,20.42086],[96.17543,20.42022],[96.17543,20.42031]]],[[[96.2485,20.43646],[96.24879,20.4366],[96.24836,20.43691],[96.2485,20.43646],[96.24774,20.43646],[96.24817,20.43655],[96.24778,20.43727],[96.24807,20.43755],[96.25042,20.43674],[96.2497,20.43656],[96.24965,20.43687],[96.2497,20.43642],[96.25037,20.43633],[96.24923,20.4357],[96.24894,20.43606],[96.24966,20.4362],[96.2485,20.43642],[96.2485,20.43646]]],[[[96.16404,20.43984],[96.16471,20.43948],[96.165,20.43858],[96.16462,20.43839],[96.16529,20.43844],[96.16539,20.43803],[96.16371,20.43798],[96.16347,20.43848],[96.16246,20.4382],[96.16251,20.43902],[96.16318,20.4392],[96.16284,20.4397],[96.16337,20.43974],[96.16327,20.43916],[96.16375,20.43889],[96.16428,20.43902],[96.16394,20.43984],[96.16404,20.43984]]],[[[96.24835,20.44017],[96.24902,20.43954],[96.24979,20.43981],[96.24988,20.43927],[96.25113,20.43945],[96.25123,20.43882],[96.25233,20.43851],[96.252,20.43824],[96.25281,20.43869],[96.2532,20.43815],[96.25257,20.4376],[96.25109,20.43832],[96.2508,20.439],[96.24883,20.43917],[96.2482,20.44017],[96.24835,20.44017]]],[[[96.16503,20.44233],[96.16542,20.44065],[96.16475,20.44074],[96.16518,20.44106],[96.16494,20.44133],[96.16427,20.44092],[96.16398,20.44146],[96.16389,20.44047],[96.16327,20.44074],[96.1637,20.43988],[96.16245,20.44019],[96.16264,20.44155],[96.16307,20.44164],[96.16355,20.44087],[96.16355,20.44151],[96.16484,20.44232],[96.16503,20.44233]]],[[[96.05771,20.44299],[96.05968,20.44236],[96.06026,20.44124],[96.06257,20.43985],[96.06281,20.43872],[96.06271,20.43917],[96.06171,20.43939],[96.06175,20.4402],[96.06118,20.43961],[96.05921,20.44037],[96.05845,20.43983],[96.0582,20.44069],[96.05744,20.44028],[96.0569,20.44199],[96.05752,20.44299],[96.05771,20.44299]]],[[[96.16498,20.44382],[96.16464,20.44431],[96.1657,20.44413],[96.16503,20.44332],[96.16513,20.44291],[96.16561,20.4431],[96.16546,20.44233],[96.16494,20.44278],[96.16455,20.44241],[96.16398,20.44268],[96.16407,20.44368],[96.1632,20.44413],[96.16397,20.44444],[96.16392,20.44404],[96.1645,20.44422],[96.16431,20.44368],[96.16488,20.44382],[96.16498,20.44382]]],[[[96.17475,20.45835],[96.17456,20.45736],[96.17509,20.45763],[96.17514,20.45704],[96.17437,20.45695],[96.1749,20.45641],[96.17432,20.45641],[96.17423,20.45686],[96.17418,20.45641],[96.17365,20.45636],[96.17427,20.45736],[96.17307,20.45735],[96.1736,20.45699],[96.17303,20.45663],[96.1725,20.45758],[96.1736,20.4574],[96.17422,20.45799],[96.17437,20.45754],[96.17465,20.45835],[96.17475,20.45835]]],[[[95.95459,20.46425],[95.95364,20.46343],[95.95364,20.4628],[95.95307,20.46302],[95.95236,20.46067],[95.95471,20.46113],[95.95629,20.46037],[95.95797,20.46038],[95.95945,20.46107],[95.95898,20.45921],[95.96057,20.45854],[95.96075,20.45976],[95.96167,20.45922],[95.96296,20.45973],[95.9629,20.46158],[95.96103,20.46261],[95.96112,20.46338],[95.96327,20.46411],[95.96336,20.46578],[95.96259,20.46587],[95.96283,20.46655],[95.96167,20.46659],[95.96215,20.46713],[95.96177,20.46736],[95.96253,20.46723],[95.9622,20.46777],[95.96253,20.46867],[95.96286,20.46867],[95.96258,20.46804],[95.96321,20.46718],[95.9634,20.4675],[95.96287,20.46795],[95.96334,20.46822],[95.96349,20.46764],[95.9645,20.46755],[95.96474,20.46674],[95.96565,20.46638],[95.96557,20.46485],[95.96614,20.46471],[95.96633,20.46526],[95.9671,20.4649],[95.96639,20.46336],[95.96793,20.46251],[95.9663,20.46282],[95.96611,20.46169],[95.96636,20.46092],[95.96683,20.4611],[95.9676,20.46056],[95.96814,20.45957],[95.96728,20.45907],[95.96632,20.45938],[95.96555,20.4582],[95.96503,20.45811],[95.96499,20.45698],[95.96676,20.45658],[95.96824,20.45731],[95.96849,20.45587],[95.97032,20.45488],[95.9724,20.45101],[95.97399,20.45029],[95.97351,20.44925],[95.97467,20.44772],[95.97304,20.44735],[95.97271,20.44618],[95.97363,20.44519],[95.97335,20.44446],[95.97282,20.44496],[95.97229,20.44455],[95.97389,20.44058],[95.97275,20.43994],[95.97261,20.4394],[95.97386,20.43832],[95.97425,20.43733],[95.97367,20.43714],[95.97396,20.43647],[95.97315,20.43678],[95.97391,20.43764],[95.97324,20.43737],[95.97319,20.43818],[95.97155,20.43885],[95.97207,20.44156],[95.97009,20.44395],[95.96984,20.44512],[95.97056,20.44639],[95.9705,20.44734],[95.96954,20.44711],[95.96951,20.44508],[95.96884,20.44458],[95.96932,20.44395],[95.96879,20.44399],[95.96909,20.44331],[95.96827,20.44299],[95.96774,20.44344],[95.96826,20.44462],[95.96811,20.4457],[95.96768,20.44584],[95.96767,20.448],[95.96729,20.44836],[95.96522,20.44831],[95.96558,20.44429],[95.96512,20.44167],[95.9656,20.44113],[95.96517,20.44126],[95.96464,20.44031],[95.96435,20.44112],[95.96373,20.44125],[95.96421,20.44157],[95.96349,20.44198],[95.96042,20.44065],[95.96008,20.44173],[95.96099,20.44214],[95.9607,20.44282],[95.96175,20.4431],[95.96203,20.44468],[95.96122,20.44472],[95.96069,20.44567],[95.95944,20.44634],[95.9591,20.44611],[95.95756,20.44778],[95.95492,20.44826],[95.95301,20.44671],[95.95249,20.4449],[95.95297,20.44455],[95.95245,20.44355],[95.9538,20.44288],[95.95395,20.44216],[95.95437,20.44261],[95.9549,20.44243],[95.95419,20.44161],[95.95222,20.44161],[95.95151,20.44065],[95.95194,20.43998],[95.95196,20.43713],[95.95239,20.4374],[95.95239,20.43691],[95.95326,20.43641],[95.95317,20.43519],[95.95467,20.43245],[95.9551,20.43236],[95.95448,20.43195],[95.95409,20.43249],[95.95352,20.4324],[95.95396,20.43109],[95.95478,20.43064],[95.95469,20.42951],[95.95397,20.42928],[95.95392,20.42969],[95.95315,20.42964],[95.95358,20.43027],[95.95343,20.43122],[95.95276,20.43108],[95.94622,20.462],[95.94717,20.4629],[95.94779,20.46259],[95.94789,20.46313],[95.94736,20.46354],[95.94788,20.46467],[95.9474,20.46467],[95.94745,20.46417],[95.94725,20.46498],[95.94778,20.4653],[95.94758,20.46643],[95.94696,20.46602],[95.94671,20.46733],[95.94724,20.4672],[95.94772,20.46819],[95.94699,20.46864],[95.94786,20.46892],[95.94752,20.46941],[95.9486,20.47285],[95.95048,20.47196],[95.95118,20.46609],[95.95223,20.46596],[95.95256,20.46731],[95.95309,20.46759],[95.95275,20.46808],[95.95323,20.46754],[95.95371,20.46782],[95.95387,20.4647],[95.95483,20.46425],[95.95459,20.46425]],[[95.96722,20.45189],[95.9667,20.45112],[95.96468,20.45066],[95.9645,20.44966],[95.96622,20.44953],[95.96799,20.4513],[95.9676,20.45207],[95.96727,20.45189],[95.96722,20.45189]]],[[[96.07753,20.47894],[96.07846,20.47533],[96.07891,20.47041],[96.07829,20.47],[96.07748,20.47027],[96.07801,20.46968],[96.07753,20.46882],[96.07745,20.46598],[96.07725,20.46701],[96.07629,20.46769],[96.07628,20.47004],[96.07671,20.4704],[96.07642,20.47099],[96.07713,20.47221],[96.07698,20.47406],[96.07741,20.47456],[96.07672,20.47799],[96.07744,20.47894],[96.07753,20.47894]]],[[[96.02104,20.4824],[96.02119,20.481],[96.01942,20.48036],[96.01937,20.47969],[96.01793,20.48045],[96.0175,20.48027],[96.01913,20.48154],[96.01946,20.48122],[96.0187,20.48072],[96.01951,20.48118],[96.01975,20.48055],[96.02042,20.48114],[96.0197,20.4814],[96.01979,20.48208],[96.02089,20.4824],[96.02104,20.4824]]],[[[96.02278,20.48964],[96.02345,20.48901],[96.02331,20.48761],[96.02379,20.48788],[96.02094,20.4838],[96.02055,20.48448],[96.02136,20.48453],[96.02102,20.48521],[96.02202,20.4867],[96.02168,20.4876],[96.02268,20.48964],[96.02278,20.48964]]],[[[96.00633,20.48889],[96.00768,20.48795],[96.00777,20.48939],[96.00815,20.48939],[96.00821,20.4884],[96.00893,20.48845],[96.00926,20.48786],[96.00964,20.48863],[96.0096,20.48827],[96.01027,20.48823],[96.00989,20.48805],[96.01022,20.48764],[96.00917,20.48764],[96.00874,20.48669],[96.00793,20.48722],[96.00755,20.48641],[96.0074,20.48754],[96.00634,20.48722],[96.00663,20.48763],[96.00591,20.48821],[96.00548,20.48794],[96.00533,20.48825],[96.00534,20.48739],[96.00418,20.48748],[96.00456,20.48816],[96.00505,20.48784],[96.00471,20.48829],[96.00399,20.48802],[96.00394,20.48838],[96.00514,20.48852],[96.00475,20.48906],[96.00557,20.48916],[96.00504,20.48947],[96.00518,20.48983],[96.0059,20.48975],[96.0059,20.48875],[96.00633,20.48893],[96.00633,20.48889]]],[[[96.07342,20.48773],[96.07375,20.48719],[96.07394,20.48787],[96.07519,20.48837],[96.07548,20.48801],[96.07572,20.48707],[96.07524,20.48661],[96.07544,20.4858],[96.0751,20.48593],[96.07549,20.48476],[96.07496,20.48458],[96.07502,20.48372],[96.0742,20.48462],[96.07343,20.48462],[96.07377,20.48466],[96.07361,20.48624],[96.07121,20.48867],[96.07125,20.48958],[96.07192,20.49035],[96.0735,20.49063],[96.07446,20.49027],[96.07475,20.48964],[96.07341,20.48904],[96.07375,20.48864],[96.07361,20.48819],[96.07308,20.48837],[96.07341,20.48792],[96.07342,20.48773]]],[[[96.16003,20.49259],[96.15976,20.49029],[96.15769,20.49068],[96.15735,20.4915],[96.15841,20.49159],[96.15879,20.49222],[96.15927,20.492],[96.15994,20.49259],[96.16003,20.49259]]],[[[96.034,20.4976],[96.03434,20.49683],[96.03382,20.49678],[96.03373,20.49579],[96.03416,20.49538],[96.03411,20.49651],[96.03454,20.49683],[96.0344,20.49493],[96.03406,20.49507],[96.03489,20.49353],[96.03514,20.49037],[96.03452,20.49051],[96.03495,20.49091],[96.03489,20.49227],[96.03373,20.49497],[96.03325,20.49533],[96.03258,20.49483],[96.0333,20.49434],[96.03306,20.49402],[96.03373,20.49421],[96.03369,20.49326],[96.03451,20.49222],[96.03433,20.49019],[96.03519,20.4901],[96.03553,20.48943],[96.03558,20.48893],[96.0352,20.48897],[96.03549,20.48839],[96.0342,20.48666],[96.03405,20.48734],[96.03501,20.48902],[96.03476,20.48947],[96.03424,20.48906],[96.03462,20.48974],[96.0339,20.4901],[96.03355,20.49177],[96.03389,20.49235],[96.03253,20.49434],[96.03238,20.49574],[96.03252,20.49678],[96.03324,20.49615],[96.03376,20.4976],[96.034,20.4976]]],[[[96.17056,20.4976],[96.17105,20.49634],[96.17043,20.49575],[96.17124,20.49575],[96.17129,20.49507],[96.17014,20.49556],[96.16976,20.49484],[96.16942,20.4952],[96.16918,20.49475],[96.16932,20.49543],[96.16856,20.49551],[96.16903,20.49669],[96.17042,20.4976],[96.17056,20.4976]]],[[[96.17376,20.50086],[96.17323,20.50064],[96.17415,20.50028],[96.17376,20.5015],[96.17539,20.50173],[96.17544,20.50119],[96.17482,20.50082],[96.17472,20.50145],[96.17415,20.50064],[96.17568,20.50055],[96.17386,20.49901],[96.17314,20.49946],[96.17339,20.49883],[96.17195,20.49851],[96.1719,20.49787],[96.17065,20.49832],[96.16989,20.49773],[96.16917,20.498],[96.16917,20.49705],[96.16841,20.49651],[96.1686,20.49606],[96.16817,20.49673],[96.1674,20.49628],[96.16759,20.49691],[96.16711,20.49686],[96.16716,20.49754],[96.16543,20.49781],[96.16466,20.49767],[96.16505,20.49708],[96.16438,20.49681],[96.16457,20.49645],[96.16491,20.49667],[96.16496,20.49577],[96.16457,20.49636],[96.16338,20.49568],[96.16338,20.49622],[96.16462,20.49704],[96.16438,20.49753],[96.16495,20.49844],[96.165,20.4978],[96.16514,20.49817],[96.1662,20.49817],[96.16586,20.49894],[96.16653,20.49858],[96.16801,20.49944],[96.16773,20.49903],[96.1683,20.49845],[96.16936,20.49805],[96.16931,20.49868],[96.17008,20.49855],[96.16945,20.499],[96.16998,20.49909],[96.16998,20.49954],[96.16878,20.49931],[96.1684,20.49863],[96.16806,20.49994],[96.16753,20.49962],[96.16672,20.50016],[96.1683,20.50053],[96.16907,20.49958],[96.16906,20.50098],[96.16988,20.50094],[96.16983,20.50049],[96.16935,20.50076],[96.1694,20.50022],[96.16998,20.50035],[96.17012,20.49995],[96.16955,20.49981],[96.17046,20.49977],[96.17051,20.49891],[96.1707,20.49927],[96.17084,20.49891],[96.17171,20.49923],[96.17171,20.49882],[96.17194,20.49955],[96.17233,20.49901],[96.17252,20.49968],[96.17185,20.49968],[96.17156,20.5009],[96.17103,20.50081],[96.17093,20.50135],[96.17136,20.50176],[96.17237,20.50131],[96.17217,20.50203],[96.17299,20.5019],[96.17299,20.50149],[96.17357,20.5019],[96.17357,20.50086],[96.17376,20.50086]]],[[[96.16469,20.5025],[96.16484,20.50155],[96.16517,20.50187],[96.16537,20.50124],[96.16575,20.50151],[96.16547,20.50083],[96.16451,20.50119],[96.16489,20.50097],[96.16465,20.50047],[96.16508,20.50065],[96.16518,20.50029],[96.16441,20.5002],[96.16427,20.50096],[96.16379,20.50056],[96.16422,20.50038],[96.16389,20.49956],[96.16322,20.49974],[96.16264,20.49902],[96.16283,20.50146],[96.16474,20.50142],[96.16455,20.5025],[96.16469,20.5025]]],[[[96.07161,20.50467],[96.07219,20.50426],[96.07214,20.50372],[96.07339,20.50364],[96.07364,20.50075],[96.07278,20.49998],[96.07106,20.49956],[96.06995,20.50001],[96.07029,20.50051],[96.07072,20.50028],[96.07191,20.50268],[96.07195,20.50322],[96.07051,20.50435],[96.07151,20.50467],[96.07161,20.50467]]],[[[96.16444,20.50575],[96.16516,20.50454],[96.16507,20.50363],[96.16387,20.50354],[96.16378,20.50259],[96.1632,20.50322],[96.16349,20.50358],[96.1631,20.50448],[96.16367,20.50507],[96.16401,20.50489],[96.16434,20.50575],[96.16444,20.50575]]],[[[96.17393,20.50769],[96.17441,20.50746],[96.17431,20.50656],[96.17479,20.50679],[96.1746,20.50751],[96.17489,20.50719],[96.17608,20.50747],[96.17465,20.5062],[96.17326,20.50669],[96.17359,20.50705],[96.17306,20.50737],[96.17388,20.50769],[96.17393,20.50769]]],[[[96.16689,20.51724],[96.16727,20.51652],[96.1668,20.51588],[96.1668,20.51453],[96.16646,20.51462],[96.1668,20.5138],[96.16575,20.51421],[96.16484,20.5138],[96.16527,20.51443],[96.16623,20.51439],[96.16593,20.51561],[96.16665,20.51584],[96.1665,20.51724],[96.16689,20.51724]]],[[[96.16773,20.52108],[96.16812,20.52054],[96.16896,20.52052],[96.16882,20.52007],[96.16807,20.52022],[96.16836,20.5195],[96.16927,20.52023],[96.16932,20.51982],[96.16999,20.52005],[96.1699,20.51933],[96.16923,20.51933],[96.16937,20.51964],[96.1687,20.51932],[96.16957,20.51869],[96.16803,20.51891],[96.16817,20.51977],[96.1675,20.51995],[96.16798,20.52022],[96.16685,20.52051],[96.16695,20.52011],[96.16638,20.52019],[96.16652,20.52083],[96.16754,20.52074],[96.16759,20.52108],[96.16773,20.52108]]],[[[96.18186,20.51508],[96.18171,20.51467],[96.17941,20.51493],[96.17965,20.51426],[96.18191,20.51422],[96.18186,20.51327],[96.18225,20.51314],[96.18196,20.51363],[96.18229,20.51332],[96.18177,20.51228],[96.18225,20.51169],[96.18221,20.50988],[96.18188,20.50988],[96.18197,20.51106],[96.1813,20.50907],[96.18174,20.50871],[96.18092,20.50898],[96.18016,20.50784],[96.18102,20.50726],[96.1816,20.50803],[96.18165,20.50735],[96.18318,20.50682],[96.18237,20.50677],[96.18223,20.50586],[96.18108,20.50631],[96.18141,20.50572],[96.1807,20.50536],[96.18137,20.50523],[96.18046,20.50459],[96.18042,20.50283],[96.18003,20.50346],[96.17855,20.50291],[96.17787,20.50341],[96.17783,20.50381],[96.17845,20.50382],[96.17792,20.50422],[96.17888,20.50441],[96.17911,20.50531],[96.17825,20.50472],[96.17758,20.50494],[96.1783,20.50517],[96.17719,20.50585],[96.17782,20.50603],[96.17719,20.50688],[96.1771,20.50557],[96.176,20.50494],[96.17653,20.50426],[96.17562,20.50485],[96.17643,20.50394],[96.17557,20.50394],[96.17548,20.50344],[96.1763,20.50268],[96.1762,20.50223],[96.17543,20.50245],[96.17582,20.50223],[96.17548,20.50204],[96.17625,20.50164],[96.17467,20.50168],[96.17399,20.50272],[96.1751,20.50304],[96.17471,20.50344],[96.17524,20.50353],[96.17533,20.50408],[96.17471,20.50439],[96.17504,20.50471],[96.17408,20.50498],[96.17537,20.50498],[96.17595,20.50543],[96.17561,20.50566],[96.17623,20.50589],[96.17613,20.50684],[96.17618,20.50625],[96.17657,20.50675],[96.17613,20.50724],[96.17671,20.50724],[96.17623,20.50751],[96.17661,20.50828],[96.17695,20.50783],[96.17795,20.50824],[96.17713,20.50932],[96.17732,20.50991],[96.17607,20.51013],[96.17665,20.51072],[96.17554,20.51189],[96.17789,20.51258],[96.1777,20.51149],[96.17847,20.51132],[96.17871,20.51059],[96.17909,20.51141],[96.17803,20.51168],[96.17909,20.51249],[96.17837,20.51267],[96.17894,20.51335],[96.18004,20.51308],[96.17917,20.51444],[96.17965,20.51525],[96.1794,20.51652],[96.17801,20.51683],[96.1781,20.51778],[96.17887,20.51773],[96.17897,20.5185],[96.1783,20.51809],[96.17772,20.51881],[96.17863,20.51841],[96.17805,20.51999],[96.17876,20.52062],[96.17852,20.52148],[96.17953,20.52162],[96.17885,20.52239],[96.1802,20.52271],[96.17976,20.52307],[96.17995,20.52429],[96.18029,20.52352],[96.18154,20.5228],[96.18126,20.52136],[96.18039,20.52126],[96.18183,20.52122],[96.18078,20.52041],[96.18112,20.51923],[96.18184,20.51883],[96.18189,20.51937],[96.18208,20.51896],[96.18265,20.51937],[96.18251,20.51874],[96.18198,20.51887],[96.18213,20.5182],[96.18165,20.51842],[96.18151,20.51788],[96.18218,20.51774],[96.18218,20.51806],[96.18261,20.51766],[96.18275,20.51847],[96.18323,20.51843],[96.18333,20.51775],[96.18386,20.51789],[96.18348,20.51653],[96.18362,20.51748],[96.1831,20.51671],[96.18257,20.51684],[96.18305,20.51703],[96.1829,20.51752],[96.18213,20.51734],[96.18219,20.51639],[96.18272,20.51598],[96.18205,20.51508],[96.18186,20.51508]]],[[[96.16275,20.52831],[96.16457,20.52687],[96.16208,20.52763],[96.16256,20.52705],[96.16203,20.52696],[96.16199,20.52632],[96.16266,20.52637],[96.16266,20.52587],[96.16189,20.52592],[96.16185,20.52528],[96.16103,20.52569],[96.16041,20.52501],[96.16031,20.52546],[96.16151,20.52619],[96.16108,20.52627],[96.16155,20.52682],[96.16112,20.52722],[96.16198,20.52736],[96.1616,20.52799],[96.16241,20.528],[96.16188,20.52808],[96.16154,20.52894],[96.16212,20.52899],[96.16193,20.52867],[96.16265,20.52831],[96.16275,20.52831]]],[[[96.16507,20.53388],[96.16532,20.53311],[96.16488,20.53316],[96.16488,20.5337],[96.16412,20.53347],[96.16403,20.53144],[96.16249,20.53134],[96.16293,20.53071],[96.16154,20.53061],[96.16135,20.52989],[96.16097,20.52989],[96.16115,20.53057],[96.1624,20.53107],[96.16211,20.53165],[96.16278,20.53206],[96.16239,20.53233],[96.16359,20.53288],[96.16402,20.53388],[96.16498,20.53388],[96.16507,20.53388]]],[[[96.17446,20.52605],[96.17489,20.52632],[96.1746,20.52696],[96.17306,20.52686],[96.17359,20.52822],[96.17325,20.52876],[96.17387,20.52876],[96.17397,20.52736],[96.17575,20.52755],[96.17598,20.52972],[96.1755,20.52981],[96.17526,20.52872],[96.17492,20.52976],[96.17569,20.53008],[96.17501,20.53044],[96.17501,20.53107],[96.17468,20.53057],[96.17434,20.53098],[96.1751,20.5322],[96.17673,20.53229],[96.17558,20.53288],[96.17611,20.53324],[96.17543,20.53342],[96.17644,20.53388],[96.17653,20.53473],[96.17687,20.53437],[96.1773,20.53496],[96.177,20.53677],[96.17638,20.5364],[96.17619,20.53695],[96.1759,20.5364],[96.17533,20.5364],[96.17513,20.53767],[96.17614,20.53767],[96.17599,20.53808],[96.17642,20.53826],[96.17542,20.53825],[96.17498,20.53911],[96.17599,20.53929],[96.17574,20.54015],[96.17742,20.53993],[96.17719,20.53835],[96.1794,20.53831],[96.1795,20.53727],[96.18012,20.53714],[96.17964,20.53673],[96.17993,20.53615],[96.18027,20.53628],[96.18022,20.53592],[96.17878,20.53614],[96.17879,20.53533],[96.17937,20.53513],[96.17883,20.53499],[96.17917,20.53461],[96.17831,20.53375],[96.17884,20.53235],[96.17846,20.53208],[96.17846,20.53257],[96.17755,20.53162],[96.17842,20.53113],[96.17823,20.53058],[96.1778,20.53063],[96.17775,20.53126],[96.1778,20.53008],[96.17746,20.53076],[96.17636,20.53035],[96.17665,20.52981],[96.17741,20.53022],[96.17708,20.5294],[96.17766,20.52868],[96.17713,20.528],[96.17761,20.52796],[96.17742,20.52742],[96.1782,20.5267],[96.17738,20.52624],[96.17796,20.52615],[96.17791,20.52575],[96.17757,20.52597],[96.17821,20.52372],[96.17797,20.52317],[96.17643,20.52457],[96.17691,20.52466],[96.17691,20.52547],[96.17633,20.5252],[96.17446,20.52601],[96.17446,20.52605]]],[[[96.17436,20.53757],[96.1747,20.53766],[96.17504,20.53667],[96.17422,20.5364],[96.1748,20.53608],[96.17476,20.53486],[96.1738,20.53481],[96.17428,20.53364],[96.1751,20.5336],[96.17472,20.53319],[96.1751,20.53265],[96.17429,20.53211],[96.17405,20.53247],[96.17448,20.53292],[96.17328,20.53255],[96.17314,20.53169],[96.17242,20.53106],[96.17309,20.53237],[96.17238,20.53298],[96.17161,20.5311],[96.17122,20.53151],[96.17118,20.53115],[96.16988,20.5311],[96.17136,20.53209],[96.17089,20.53225],[96.17141,20.5325],[96.17064,20.533],[96.17078,20.53367],[96.17247,20.53357],[96.17327,20.5345],[96.17064,20.53394],[96.17078,20.53435],[96.17035,20.53417],[96.17015,20.53462],[96.17034,20.53498],[96.17135,20.5349],[96.17145,20.53557],[96.17207,20.53531],[96.17183,20.53454],[96.17303,20.5349],[96.17322,20.53459],[96.17322,20.5349],[96.17231,20.5349],[96.17159,20.53603],[96.17092,20.53589],[96.1713,20.53648],[96.17015,20.5358],[96.16981,20.53611],[96.17067,20.53643],[96.17048,20.53688],[96.17163,20.53688],[96.17154,20.53612],[96.17211,20.53648],[96.17187,20.53729],[96.17235,20.53743],[96.17091,20.53747],[96.17206,20.53752],[96.17086,20.53788],[96.17114,20.53905],[96.17153,20.53905],[96.17139,20.53828],[96.17249,20.53865],[96.17216,20.53962],[96.17311,20.53897],[96.1732,20.53962],[96.17225,20.53985],[96.17335,20.53983],[96.17401,20.54105],[96.17367,20.54168],[96.17468,20.54227],[96.17449,20.5415],[96.17492,20.54173],[96.17492,20.54105],[96.1755,20.54137],[96.17545,20.54047],[96.17488,20.54051],[96.17498,20.53992],[96.17368,20.54042],[96.17397,20.54006],[96.17349,20.53996],[96.1733,20.53929],[96.1735,20.53856],[96.17402,20.53861],[96.17435,20.53974],[96.17474,20.5383],[96.17393,20.53834],[96.17407,20.53793],[96.17326,20.53761],[96.17436,20.53766],[96.17436,20.53757]]],[[[96.11102,20.53641],[96.1105,20.53582],[96.11001,20.53663],[96.11044,20.53717],[96.10991,20.53722],[96.11044,20.53781],[96.10972,20.53798],[96.11024,20.53889],[96.10961,20.54051],[96.10966,20.54088],[96.11004,20.54061],[96.11004,20.54128],[96.10932,20.54101],[96.10874,20.54169],[96.11036,20.54382],[96.11022,20.54499],[96.11141,20.54526],[96.11065,20.54522],[96.11088,20.5463],[96.11035,20.54612],[96.11011,20.5477],[96.10891,20.54824],[96.10915,20.5477],[96.10828,20.54774],[96.10742,20.54909],[96.11221,20.54839],[96.11217,20.54739],[96.1141,20.54433],[96.11455,20.54026],[96.11408,20.539],[96.11452,20.5371],[96.1139,20.53719],[96.11385,20.53768],[96.1127,20.53691],[96.11255,20.53727],[96.11207,20.53686],[96.11092,20.53727],[96.11097,20.53672],[96.11184,20.53659],[96.11155,20.53623],[96.11199,20.53519],[96.11036,20.53437],[96.11045,20.53523],[96.11145,20.536],[96.11112,20.53641],[96.11102,20.53641]],[[96.11157,20.54179],[96.1122,20.54202],[96.11262,20.54324],[96.10998,20.54314],[96.11018,20.54268],[96.1109,20.54296],[96.11066,20.54223],[96.11143,20.54179],[96.11157,20.54179]]],[[[96.06159,20.5742],[96.06269,20.57393],[96.06289,20.57299],[96.06438,20.57254],[96.06486,20.57128],[96.06439,20.57006],[96.06366,20.57109],[96.06194,20.57113],[96.0613,20.57343],[96.0625,20.57335],[96.06168,20.57366],[96.06154,20.5742],[96.06159,20.5742]]],[[[96.17131,20.58281],[96.1715,20.58317],[96.17198,20.58236],[96.17492,20.58074],[96.1768,20.57876],[96.1805,20.57652],[96.18377,20.5754],[96.1854,20.57595],[96.18655,20.57536],[96.1866,20.575],[96.18554,20.57554],[96.18526,20.57418],[96.18449,20.57391],[96.18478,20.57341],[96.18382,20.57341],[96.18354,20.57278],[96.18301,20.57278],[96.18306,20.57219],[96.18177,20.57146],[96.18215,20.57097],[96.18182,20.57114],[96.18124,20.57046],[96.18096,20.56974],[96.18182,20.56925],[96.18145,20.56785],[96.18193,20.56776],[96.18159,20.56757],[96.18222,20.56663],[96.18006,20.56653],[96.18001,20.56716],[96.1791,20.56693],[96.1791,20.56752],[96.17809,20.56797],[96.17833,20.56684],[96.17608,20.56597],[96.17585,20.56498],[96.17532,20.56484],[96.17455,20.56543],[96.17365,20.56271],[96.17456,20.56181],[96.17615,20.56137],[96.17519,20.56177],[96.17457,20.56122],[96.1737,20.56158],[96.17371,20.55987],[96.17423,20.56046],[96.17797,20.56033],[96.17711,20.55979],[96.1775,20.5597],[96.17716,20.55916],[96.17779,20.55929],[96.17784,20.55834],[96.1788,20.55817],[96.17895,20.55595],[96.1804,20.55469],[96.18021,20.55429],[96.17934,20.55465],[96.17862,20.55378],[96.17988,20.55198],[96.17911,20.55171],[96.1805,20.5514],[96.1807,20.55095],[96.18146,20.55167],[96.18213,20.55158],[96.18195,20.54923],[96.1808,20.549],[96.18147,20.54914],[96.18114,20.54878],[96.18158,20.54729],[96.18115,20.54702],[96.18057,20.54756],[96.18009,20.54728],[96.18051,20.54918],[96.17984,20.54986],[96.18046,20.54941],[96.18137,20.54977],[96.18156,20.5509],[96.17984,20.55049],[96.17959,20.55135],[96.17859,20.55157],[96.17906,20.55279],[96.1781,20.55252],[96.17748,20.55306],[96.17776,20.55356],[96.17839,20.55324],[96.17834,20.5541],[96.17608,20.5531],[96.17891,20.55473],[96.17813,20.55649],[96.17679,20.55631],[96.1764,20.55757],[96.17678,20.55879],[96.17558,20.55924],[96.175,20.56019],[96.17433,20.55982],[96.17443,20.55928],[96.17347,20.55928],[96.17332,20.56045],[96.1725,20.56108],[96.17159,20.56054],[96.17293,20.56158],[96.17259,20.56388],[96.17144,20.5642],[96.17125,20.56374],[96.17038,20.5636],[96.1699,20.56392],[96.17066,20.56501],[96.17114,20.56496],[96.17066,20.56528],[96.17114,20.56605],[96.1697,20.5664],[96.16965,20.56685],[96.16998,20.56722],[96.17047,20.56659],[96.17138,20.56663],[96.17157,20.56763],[96.17113,20.56844],[96.17195,20.56844],[96.17199,20.56935],[96.17328,20.57084],[96.17362,20.57071],[96.17452,20.57288],[96.17447,20.5736],[96.17404,20.57369],[96.17437,20.57437],[96.17461,20.57378],[96.17504,20.57451],[96.17427,20.57446],[96.17398,20.57505],[96.1735,20.5745],[96.17321,20.575],[96.1735,20.57441],[96.17274,20.57351],[96.17298,20.57297],[96.17265,20.57337],[96.17159,20.57242],[96.17188,20.57274],[96.17126,20.57287],[96.17154,20.57355],[96.17154,20.57292],[96.1725,20.57328],[96.17216,20.574],[96.17259,20.57414],[96.17269,20.57373],[96.17298,20.57437],[96.17226,20.57468],[96.17144,20.57432],[96.17144,20.57499],[96.17211,20.57527],[96.17153,20.57526],[96.17187,20.57567],[96.17124,20.57639],[96.1711,20.57549],[96.17067,20.57544],[96.17038,20.57585],[96.17086,20.57603],[96.16961,20.57643],[96.16937,20.5772],[96.16898,20.57711],[96.16763,20.57859],[96.16758,20.57932],[96.16691,20.579],[96.16696,20.57954],[96.16662,20.5794],[96.16614,20.58017],[96.16523,20.58017],[96.16466,20.57944],[96.16274,20.57876],[96.16192,20.5793],[96.16068,20.57916],[96.16039,20.57988],[96.15837,20.5796],[96.16551,20.58238],[96.16882,20.58293],[96.16944,20.58294],[96.16969,20.58054],[96.17017,20.58077],[96.17012,20.58032],[96.17065,20.58037],[96.17113,20.57974],[96.17094,20.581],[96.17002,20.58181],[96.1703,20.58317],[96.17093,20.58339],[96.17126,20.58281],[96.17131,20.58281]]],[[[96.17366,20.58444],[96.17447,20.58408],[96.174,20.58345],[96.17438,20.58323],[96.17371,20.58318],[96.17429,20.58214],[96.17275,20.58277],[96.17183,20.58439],[96.17361,20.58444],[96.17366,20.58444]]],[[[96.17385,20.59687],[96.17299,20.5956],[96.17222,20.5965],[96.17164,20.59618],[96.17241,20.59596],[96.17208,20.59524],[96.17275,20.59551],[96.17328,20.59492],[96.17366,20.59592],[96.17438,20.59615],[96.175,20.59502],[96.17587,20.59489],[96.17438,20.59466],[96.17549,20.59439],[96.17472,20.59353],[96.17516,20.59154],[96.17559,20.59145],[96.17512,20.59104],[96.17569,20.59059],[96.1756,20.591],[96.17641,20.59082],[96.17747,20.59137],[96.17786,20.58983],[96.17709,20.58915],[96.17651,20.59082],[96.17623,20.5892],[96.17531,20.58946],[96.1745,20.58896],[96.17569,20.59032],[96.17464,20.59005],[96.17464,20.591],[96.1744,20.59005],[96.17483,20.58969],[96.17392,20.58959],[96.17368,20.59],[96.17282,20.5895],[96.17445,20.58942],[96.17446,20.58806],[96.17345,20.5872],[96.17489,20.58743],[96.17437,20.58643],[96.17379,20.58634],[96.17417,20.58679],[96.17317,20.58675],[96.17374,20.58661],[96.17331,20.58629],[96.1737,20.5858],[96.17308,20.58534],[96.17346,20.58489],[96.17197,20.58484],[96.17231,20.58552],[96.17106,20.58516],[96.17116,20.58561],[96.1702,20.58511],[96.17068,20.58484],[96.17001,20.58443],[96.16962,20.58488],[96.16958,20.58438],[96.16871,20.58474],[96.16852,20.58438],[96.16823,20.58488],[96.16804,20.58415],[96.16809,20.5851],[96.16967,20.58493],[96.16962,20.58529],[96.16813,20.58542],[96.16822,20.58831],[96.1676,20.58776],[96.16773,20.58989],[96.16836,20.59003],[96.16797,20.5903],[96.16835,20.5903],[96.16859,20.59129],[96.16926,20.59116],[96.16892,20.59174],[96.16849,20.59143],[96.16854,20.59201],[96.16912,20.59179],[96.16921,20.5922],[96.17156,20.5927],[96.17046,20.59198],[96.17147,20.59212],[96.17161,20.59148],[96.17189,20.59307],[96.17137,20.59306],[96.17132,20.59365],[96.1716,20.59428],[96.17208,20.59429],[96.17203,20.59487],[96.17102,20.59433],[96.17078,20.59482],[96.17054,20.59433],[96.17073,20.59487],[96.17035,20.595],[96.17087,20.59613],[96.17131,20.59555],[96.17068,20.59532],[96.17126,20.59519],[96.17117,20.59473],[96.17155,20.59568],[96.17188,20.5956],[96.1715,20.59627],[96.17102,20.59623],[96.17135,20.59668],[96.17106,20.59704],[96.17159,20.59686],[96.17145,20.59632],[96.17308,20.59705],[96.17418,20.59678],[96.17403,20.59741],[96.17447,20.59764],[96.17471,20.59723],[96.17495,20.59778],[96.17471,20.59705],[96.17514,20.59665],[96.17438,20.59633],[96.17385,20.59678],[96.17385,20.59687]]],[[[96.16714,20.60565],[96.16748,20.60534],[96.167,20.60529],[96.16695,20.60443],[96.16748,20.60511],[96.16758,20.60412],[96.16556,20.60411],[96.16551,20.60483],[96.1669,20.60565],[96.16714,20.60565]]],[[[96.16624,20.60276],[96.16595,20.60285],[96.16605,20.60222],[96.16547,20.60239],[96.16581,20.6028],[96.16494,20.60275],[96.16504,20.60312],[96.16638,20.60321],[96.16513,20.6033],[96.16499,20.60375],[96.16667,20.60371],[96.16614,20.60389],[96.16647,20.60407],[96.16696,20.60357],[96.16695,20.60398],[96.16724,20.60371],[96.16772,20.60416],[96.16792,20.60385],[96.16767,20.60489],[96.16801,20.60498],[96.16752,20.60543],[96.16829,20.60593],[96.16983,20.60553],[96.16935,20.60539],[96.16983,20.60508],[96.16954,20.60471],[96.16863,20.60521],[96.16858,20.60453],[96.16901,20.60489],[96.17002,20.60472],[96.17002,20.60526],[96.17093,20.60531],[96.17093,20.60571],[96.17256,20.60563],[96.1717,20.60508],[96.17098,20.60535],[96.17127,20.60486],[96.16955,20.60422],[96.16983,20.60372],[96.16936,20.603],[96.16984,20.60304],[96.16989,20.60246],[96.16917,20.60241],[96.16888,20.60363],[96.16854,20.60363],[96.16902,20.6029],[96.16879,20.60195],[96.16764,20.60177],[96.16749,20.60218],[96.16807,20.60209],[96.1673,20.60249],[96.16787,20.60304],[96.16739,20.60303],[96.16729,20.60362],[96.1671,20.60317],[96.16643,20.6033],[96.16725,20.60294],[96.1672,20.6024],[96.16701,20.60285],[96.16643,20.60276],[96.16624,20.60276]]],[[[96.0319,20.61044],[96.03104,20.60976],[96.03224,20.60967],[96.0322,20.60927],[96.03176,20.60945],[96.03201,20.60796],[96.0311,20.60795],[96.03187,20.60823],[96.03114,20.60917],[96.03071,20.60876],[96.02956,20.60885],[96.03056,20.60949],[96.03066,20.61012],[96.02998,20.61016],[96.0307,20.61016],[96.0307,20.61107],[96.03128,20.6103],[96.03214,20.6108],[96.03224,20.61017],[96.0319,20.61021],[96.0319,20.61044]]],[[[96.17935,20.62341],[96.17888,20.62241],[96.17758,20.62186],[96.17817,20.61988],[96.17725,20.61992],[96.17696,20.62141],[96.17629,20.62127],[96.17658,20.62055],[96.17596,20.62087],[96.17629,20.62168],[96.17561,20.6224],[96.17696,20.62204],[96.17754,20.62137],[96.17749,20.62218],[96.17629,20.62236],[96.17652,20.62272],[96.17825,20.62282],[96.17926,20.62341],[96.17935,20.62341]]],[[[96.17716,20.63221],[96.17716,20.63153],[96.17596,20.63175],[96.17591,20.6313],[96.1774,20.63085],[96.17654,20.6295],[96.17765,20.62846],[96.17588,20.62859],[96.17597,20.62922],[96.17535,20.62877],[96.17501,20.63021],[96.17549,20.63031],[96.17549,20.62981],[96.17597,20.6299],[96.17587,20.6294],[96.17631,20.62927],[96.17659,20.63108],[96.1762,20.63071],[96.17587,20.63126],[96.17409,20.63161],[96.17538,20.63166],[96.17524,20.63211],[96.17629,20.63189],[96.17744,20.63275],[96.17721,20.63221],[96.17716,20.63221]]],[[[96.17205,20.63743],[96.17267,20.63698],[96.17229,20.63685],[96.17244,20.63621],[96.17335,20.63622],[96.17388,20.63681],[96.17426,20.63681],[96.17421,20.63631],[96.1745,20.63672],[96.17426,20.63572],[96.17479,20.63509],[96.17571,20.63501],[96.17576,20.63428],[96.17432,20.63401],[96.17441,20.63473],[96.17403,20.63446],[96.17369,20.6354],[96.17422,20.6355],[96.17325,20.63608],[96.17307,20.63536],[96.17258,20.63599],[96.17162,20.63612],[96.17172,20.63657],[96.17085,20.63603],[96.17186,20.63743],[96.17205,20.63743]]],[[[96.03801,20.65659],[96.03835,20.65605],[96.03772,20.65628],[96.03677,20.65492],[96.03547,20.65473],[96.03532,20.65581],[96.03777,20.65659],[96.03801,20.65659]]],[[[96.16644,20.65919],[96.16749,20.65987],[96.16735,20.65874],[96.16591,20.65864],[96.16683,20.65801],[96.16535,20.65688],[96.16588,20.65544],[96.16511,20.65543],[96.16483,20.65435],[96.16468,20.65507],[96.16396,20.65489],[96.16405,20.65593],[96.16444,20.65647],[96.16544,20.65638],[96.16501,20.65697],[96.16578,20.65756],[96.16525,20.65769],[96.16597,20.65769],[96.16577,20.65896],[96.16668,20.65968],[96.16543,20.6604],[96.16586,20.66108],[96.16638,20.66104],[96.1662,20.66009],[96.16692,20.66005],[96.16644,20.65937],[96.16644,20.65919]]],[[[96.05647,20.65988],[96.0569,20.6602],[96.05575,20.65992],[96.05583,20.6625],[96.05675,20.66219],[96.05656,20.66119],[96.05709,20.66015],[96.05767,20.66038],[96.05811,20.65898],[96.05696,20.65893],[96.05695,20.65975],[96.05647,20.65984],[96.05647,20.65988]]],[[[96.08108,20.66346],[96.08213,20.66338],[96.08209,20.66207],[96.08046,20.6621],[96.08026,20.66332],[96.08103,20.66346],[96.08108,20.66346]]],[[[96.15576,20.6765],[96.15663,20.67555],[96.15634,20.67501],[96.15711,20.67483],[96.15697,20.67424],[96.15764,20.67384],[96.15731,20.67357],[96.15784,20.67303],[96.15837,20.67325],[96.15871,20.67235],[96.15928,20.67222],[96.1588,20.67172],[96.15905,20.67136],[96.15813,20.67199],[96.15756,20.67185],[96.15736,20.67275],[96.15659,20.67311],[96.15731,20.6732],[96.15635,20.6741],[96.15678,20.67469],[96.15582,20.67437],[96.15538,20.67505],[96.15519,20.6746],[96.15529,20.67527],[96.156,20.67577],[96.15547,20.67613],[96.15566,20.6765],[96.15576,20.6765]]],[[[96.09681,20.67658],[96.09589,20.67753],[96.09709,20.67817],[96.09709,20.67893],[96.09757,20.67862],[96.09785,20.67948],[96.09843,20.67966],[96.0978,20.68074],[96.09818,20.68111],[96.09756,20.68133],[96.09794,20.68224],[96.10014,20.68224],[96.10154,20.68157],[96.10237,20.67886],[96.10136,20.67882],[96.10093,20.67805],[96.09915,20.67885],[96.09959,20.67822],[96.09906,20.67763],[96.09882,20.67826],[96.09805,20.67812],[96.09776,20.67867],[96.09752,20.67826],[96.09815,20.6774],[96.09724,20.67794],[96.09681,20.67667],[96.09681,20.67658]]],[[[96.14924,20.68483],[96.14953,20.68524],[96.14876,20.68487],[96.14877,20.68307],[96.14819,20.68338],[96.14858,20.68397],[96.14828,20.68532],[96.14876,20.68573],[96.14833,20.68577],[96.14779,20.68695],[96.14808,20.68722],[96.14837,20.68659],[96.14933,20.68686],[96.14943,20.68632],[96.1501,20.68632],[96.14962,20.6875],[96.15019,20.68804],[96.15092,20.68696],[96.15024,20.68723],[96.15039,20.68619],[96.15006,20.68601],[96.15068,20.68574],[96.15015,20.68556],[96.15039,20.6852],[96.14997,20.68452],[96.14992,20.68488],[96.14929,20.68451],[96.1491,20.68483],[96.14924,20.68483]]],[[[96.05129,20.68791],[96.05134,20.68855],[96.05331,20.68905],[96.05389,20.68693],[96.0525,20.68706],[96.05168,20.6876],[96.05173,20.6881],[96.05134,20.68791],[96.05129,20.68791]]],[[[96.15142,20.6936],[96.15224,20.69243],[96.15132,20.69252],[96.15061,20.6903],[96.14989,20.69043],[96.1498,20.68985],[96.14989,20.69102],[96.15104,20.69238],[96.15094,20.69274],[96.15056,20.69238],[96.15007,20.69337],[96.15137,20.6936],[96.15142,20.6936]]],[[[95.94333,20.70494],[95.94309,20.70363],[95.94373,20.70232],[95.94348,20.703],[95.94267,20.70223],[95.9419,20.70304],[95.94089,20.70308],[95.94117,20.70421],[95.94199,20.70408],[95.94314,20.70494],[95.94333,20.70494]]],[[[96.14474,20.70596],[96.14522,20.70573],[96.14488,20.70523],[96.14647,20.70556],[96.14565,20.70487],[96.14619,20.7042],[96.14436,20.70388],[96.14522,20.7046],[96.1434,20.70469],[96.14388,20.70491],[96.14364,20.70541],[96.14469,20.70541],[96.14464,20.70596],[96.14474,20.70596]]],[[[96.117,20.71407],[96.11758,20.71236],[96.11691,20.71127],[96.11653,20.71149],[96.11653,20.71082],[96.11624,20.71226],[96.11667,20.71226],[96.11662,20.71348],[96.11695,20.71362],[96.11633,20.71398],[96.11695,20.71407],[96.117,20.71407]]],[[[95.93941,20.71775],[95.94024,20.71608],[95.94035,20.71306],[95.94098,20.71166],[95.94061,20.70963],[95.94082,20.70597],[95.94029,20.70646],[95.93986,20.70628],[95.9402,20.70615],[95.93963,20.70515],[95.93997,20.70493],[95.93911,20.70424],[95.93891,20.70524],[95.93824,20.70474],[95.93732,20.70527],[95.93702,20.70852],[95.93745,20.70839],[95.9375,20.70884],[95.93644,20.70906],[95.93644,20.70857],[95.93615,20.70924],[95.93657,20.7106],[95.93734,20.71101],[95.93714,20.7116],[95.93628,20.71164],[95.93555,20.71349],[95.93626,20.71516],[95.93601,20.71633],[95.93654,20.71711],[95.93721,20.71752],[95.93764,20.71702],[95.93826,20.71761],[95.93946,20.71775],[95.93941,20.71775]]],[[[96.14632,20.71875],[96.14656,20.71848],[96.14613,20.71834],[96.14757,20.7183],[96.14805,20.71749],[96.14939,20.71763],[96.14848,20.71677],[96.14805,20.71672],[96.14805,20.71717],[96.1469,20.71676],[96.14574,20.71852],[96.14622,20.71875],[96.14632,20.71875]]],[[[96.14232,20.72004],[96.1431,20.71887],[96.14406,20.71924],[96.14358,20.71887],[96.14377,20.71842],[96.14425,20.71874],[96.14474,20.71766],[96.14574,20.7178],[96.14589,20.7164],[96.14517,20.71707],[96.14464,20.71671],[96.14532,20.71603],[96.1458,20.71626],[96.14575,20.71572],[96.14446,20.71553],[96.1446,20.71648],[96.14397,20.71657],[96.14397,20.71743],[96.14311,20.71706],[96.14296,20.71819],[96.14214,20.71855],[96.14228,20.72004],[96.14232,20.72004]]],[[[96.05306,20.70924],[96.05248,20.70969],[96.05206,20.70883],[96.05311,20.70924],[96.05326,20.70766],[96.05259,20.7082],[96.0511,20.70797],[96.05071,20.70865],[96.05019,20.70837],[96.04879,20.70927],[96.04956,20.70941],[96.05066,20.70874],[96.05176,20.70965],[96.05143,20.71005],[96.05143,20.7096],[96.05028,20.70928],[96.05056,20.70987],[96.04898,20.7104],[96.04964,20.7114],[96.04863,20.71284],[96.04969,20.71248],[96.04973,20.71289],[96.04853,20.71325],[96.04844,20.71288],[96.04752,20.71401],[96.04751,20.71509],[96.04674,20.71532],[96.0464,20.71635],[96.04563,20.71689],[96.04612,20.71504],[96.04555,20.71391],[96.04733,20.71243],[96.04826,20.70968],[96.04768,20.71035],[96.04725,20.71012],[96.04619,20.71098],[96.04523,20.71097],[96.04576,20.71116],[96.04532,20.71165],[96.0457,20.71233],[96.04451,20.71115],[96.04407,20.71268],[96.0445,20.71282],[96.04407,20.71305],[96.04536,20.71423],[96.04559,20.71513],[96.04544,20.71644],[96.04351,20.71901],[96.0436,20.72018],[96.04668,20.71911],[96.04668,20.7187],[96.04831,20.71844],[96.0487,20.7179],[96.05067,20.71822],[96.05201,20.71782],[96.05048,20.71791],[96.05245,20.7171],[96.05241,20.71552],[96.05164,20.71624],[96.05155,20.71484],[96.05083,20.71475],[96.04996,20.7156],[96.04857,20.71546],[96.04775,20.71478],[96.04819,20.71492],[96.04795,20.71415],[96.04973,20.71302],[96.05136,20.71461],[96.0529,20.71349],[96.05314,20.71381],[96.05306,20.70947],[96.05306,20.70924]]],[[[96.13405,20.72362],[96.13453,20.72354],[96.13424,20.72313],[96.13497,20.72263],[96.13482,20.722],[96.1355,20.72169],[96.13565,20.72087],[96.13608,20.72088],[96.13574,20.72051],[96.13493,20.7206],[96.13406,20.72236],[96.13411,20.72191],[96.13353,20.72195],[96.13381,20.72277],[96.13261,20.72272],[96.13304,20.72308],[96.13261,20.72348],[96.13372,20.72326],[96.13395,20.72362],[96.13405,20.72362]]],[[[96.22033,20.72705],[96.22124,20.72642],[96.22206,20.72701],[96.22187,20.72566],[96.22307,20.72562],[96.22394,20.72503],[96.2247,20.72594],[96.22533,20.72576],[96.22461,20.72512],[96.22495,20.72458],[96.22428,20.72408],[96.22467,20.72296],[96.22347,20.72254],[96.22448,20.72169],[96.2228,20.72155],[96.22333,20.72123],[96.22304,20.72074],[96.22237,20.72073],[96.2229,20.72033],[96.22271,20.71933],[96.22233,20.71929],[96.22252,20.71861],[96.22175,20.7187],[96.22224,20.7178],[96.22061,20.7154],[96.2197,20.71539],[96.22047,20.71503],[96.22033,20.71467],[96.21817,20.71322],[96.21865,20.71295],[96.21866,20.71137],[96.21818,20.71123],[96.21837,20.71178],[96.21789,20.71173],[96.2178,20.70951],[96.20852,20.71301],[96.20856,20.71486],[96.20947,20.71572],[96.20933,20.71617],[96.20981,20.71622],[96.20947,20.71671],[96.21018,20.71794],[96.21186,20.7193],[96.21388,20.71908],[96.21416,20.71967],[96.21627,20.72071],[96.21713,20.7223],[96.21823,20.72307],[96.21828,20.72397],[96.21909,20.72438],[96.22028,20.72705],[96.22033,20.72705]]],[[[95.90032,20.72772],[95.89989,20.72726],[95.90061,20.72682],[95.90066,20.72767],[95.90138,20.72732],[95.90085,20.727],[95.90114,20.72628],[95.90235,20.72561],[95.90211,20.72488],[95.90288,20.72457],[95.90192,20.72461],[95.9026,20.72425],[95.90221,20.72393],[95.90346,20.72385],[95.90375,20.72326],[95.90414,20.72367],[95.90389,20.72403],[95.9049,20.72404],[95.90486,20.72295],[95.90564,20.72106],[95.90694,20.71967],[95.90595,20.71754],[95.9048,20.71744],[95.90436,20.71803],[95.90355,20.7173],[95.90307,20.71784],[95.90268,20.71761],[95.90239,20.71797],[95.9046,20.71834],[95.90306,20.71843],[95.90407,20.71938],[95.90205,20.71892],[95.90185,20.71964],[95.90046,20.71918],[95.90037,20.71837],[95.90076,20.71823],[95.8999,20.71769],[95.89932,20.71777],[95.8998,20.718],[95.89941,20.71868],[95.89922,20.71818],[95.89869,20.7184],[95.8985,20.71786],[95.89783,20.71795],[95.89659,20.71695],[95.89592,20.71694],[95.89634,20.71762],[95.89572,20.71789],[95.89586,20.71834],[95.89495,20.71852],[95.89489,20.71956],[95.89523,20.71961],[95.89514,20.71897],[95.89696,20.71898],[95.8972,20.71953],[95.89657,20.72015],[95.89791,20.72034],[95.89603,20.72232],[95.89665,20.72368],[95.89718,20.72314],[95.89765,20.72355],[95.89876,20.72342],[95.89813,20.72441],[95.89803,20.72531],[95.89851,20.72513],[95.89826,20.72613],[95.89793,20.72554],[95.89744,20.72675],[95.89816,20.72689],[95.89816,20.72757],[95.8985,20.72694],[95.89869,20.72739],[95.89903,20.72708],[95.89893,20.72748],[95.90008,20.72772],[95.90032,20.72772]],[[95.90132,20.72126],[95.9018,20.72059],[95.90218,20.72086],[95.90189,20.72122],[95.9028,20.72163],[95.90208,20.72226],[95.90314,20.72231],[95.90313,20.72272],[95.90405,20.7225],[95.90328,20.72299],[95.90337,20.72349],[95.90255,20.72353],[95.90313,20.72326],[95.90299,20.7229],[95.90251,20.72317],[95.9028,20.72254],[95.90198,20.72298],[95.90213,20.72235],[95.90137,20.72126],[95.90132,20.72126]],[[95.90352,20.722],[95.90285,20.72186],[95.90353,20.72073],[95.90319,20.72037],[95.90397,20.71992],[95.90382,20.71956],[95.90435,20.71961],[95.90502,20.72065],[95.90444,20.72029],[95.90453,20.72142],[95.90357,20.722],[95.90352,20.722]]],[[[96.13206,20.72836],[96.13283,20.72751],[96.13278,20.72809],[96.13336,20.72769],[96.13279,20.72692],[96.13327,20.72696],[96.13361,20.72638],[96.13413,20.72656],[96.13462,20.72593],[96.13471,20.72548],[96.13337,20.72498],[96.134,20.72475],[96.13357,20.72448],[96.13381,20.72362],[96.13323,20.72367],[96.13342,20.72435],[96.13222,20.72452],[96.13265,20.72475],[96.13241,20.72534],[96.13217,20.72506],[96.13174,20.72565],[96.13111,20.7256],[96.13154,20.7261],[96.13092,20.72614],[96.13038,20.72768],[96.13072,20.72723],[96.13134,20.72773],[96.13182,20.72755],[96.13221,20.72786],[96.13196,20.72836],[96.13206,20.72836]]],[[[96.14041,20.72898],[96.14118,20.72853],[96.14134,20.72645],[96.1422,20.7265],[96.14278,20.72569],[96.14303,20.72429],[96.1424,20.7242],[96.14206,20.72483],[96.1412,20.72469],[96.14048,20.72541],[96.14062,20.72568],[96.14139,20.72501],[96.14148,20.72555],[96.14196,20.72546],[96.14158,20.72496],[96.14274,20.72443],[96.14249,20.72542],[96.14009,20.72645],[96.14037,20.72677],[96.1398,20.72717],[96.14047,20.72794],[96.13998,20.7283],[96.13931,20.72771],[96.13859,20.72839],[96.13763,20.72802],[96.13686,20.72829],[96.13705,20.7287],[96.13994,20.72835],[96.14012,20.72966],[96.14041,20.72903],[96.14041,20.72898]]],[[[96.13081,20.72872],[96.12999,20.72871],[96.13,20.72817],[96.12932,20.72817],[96.1286,20.72889],[96.12904,20.7283],[96.1275,20.7283],[96.1274,20.72884],[96.12707,20.7283],[96.1263,20.7287],[96.12639,20.7282],[96.12563,20.72829],[96.12677,20.72947],[96.12682,20.72902],[96.12721,20.72938],[96.12798,20.72893],[96.13056,20.72989],[96.13081,20.72885],[96.13081,20.72872]]],[[[96.15043,20.73408],[96.15005,20.73349],[96.14928,20.7338],[96.14894,20.73358],[96.14928,20.73335],[96.14616,20.73289],[96.14611,20.73239],[96.14592,20.73284],[96.14554,20.73234],[96.14534,20.73284],[96.14515,20.73248],[96.14266,20.73242],[96.14985,20.73408],[96.15043,20.73408]]],[[[95.9231,20.73344],[95.92276,20.73258],[95.9231,20.73271],[95.92315,20.73222],[95.92377,20.73254],[95.92402,20.73204],[95.92368,20.73118],[95.92509,20.72861],[95.92466,20.72816],[95.92495,20.72793],[95.92514,20.72857],[95.92567,20.72866],[95.92524,20.72789],[95.92727,20.7251],[95.92805,20.72276],[95.93075,20.7215],[95.93075,20.72087],[95.93032,20.72091],[95.93052,20.72015],[95.9298,20.71992],[95.92961,20.71919],[95.93067,20.71852],[95.9301,20.71834],[95.93058,20.71807],[95.93048,20.71775],[95.92991,20.71798],[95.9301,20.71748],[95.93116,20.71771],[95.92987,20.71572],[95.92828,20.71666],[95.92756,20.71643],[95.92794,20.71702],[95.92736,20.7176],[95.92765,20.71796],[95.92832,20.71752],[95.92923,20.71797],[95.9287,20.71892],[95.92922,20.71978],[95.92883,20.72086],[95.92936,20.72154],[95.92854,20.72154],[95.92816,20.72059],[95.9273,20.7209],[95.92711,20.7204],[95.92788,20.72031],[95.92807,20.7195],[95.92731,20.71923],[95.92721,20.71887],[95.9276,20.719],[95.92712,20.71841],[95.92587,20.71859],[95.92578,20.71773],[95.9253,20.71777],[95.92505,20.71831],[95.92539,20.71822],[95.92515,20.71863],[95.92558,20.7189],[95.92505,20.71931],[95.92562,20.71994],[95.92418,20.71966],[95.9235,20.72083],[95.92499,20.72071],[95.92537,20.7213],[95.92374,20.72174],[95.92455,20.72296],[95.92401,20.72441],[95.9232,20.72409],[95.92295,20.72445],[95.92256,20.7263],[95.92328,20.7268],[95.92285,20.72675],[95.92231,20.72765],[95.92279,20.72797],[95.92231,20.72842],[95.92188,20.72796],[95.92067,20.72913],[95.92024,20.729],[95.92081,20.72999],[95.92028,20.72976],[95.92014,20.73012],[95.92052,20.73004],[95.92071,20.73085],[95.92028,20.73098],[95.92008,20.73211],[95.92021,20.73437],[95.92218,20.73316],[95.92261,20.73371],[95.92237,20.73447],[95.92275,20.73461],[95.92324,20.73344],[95.9231,20.73344]]],[[[96.12665,20.73485],[96.12713,20.73467],[96.1269,20.73399],[96.12733,20.73394],[96.12748,20.73304],[96.12801,20.73304],[96.12834,20.73241],[96.12806,20.73209],[96.12796,20.73268],[96.12738,20.73268],[96.12624,20.73155],[96.12647,20.7339],[96.12685,20.73408],[96.12642,20.73435],[96.12656,20.73484],[96.12665,20.73485]]],[[[96.1411,20.73743],[96.14196,20.73698],[96.14182,20.7363],[96.14278,20.73626],[96.14269,20.73545],[96.14188,20.73522],[96.14173,20.73572],[96.14115,20.73571],[96.14163,20.73639],[96.1411,20.73589],[96.14038,20.73621],[96.14028,20.73702],[96.14105,20.73743],[96.1411,20.73743]]],[[[96.12352,20.73777],[96.12429,20.73746],[96.12415,20.73637],[96.12487,20.73597],[96.1241,20.73583],[96.12435,20.73493],[96.12473,20.73538],[96.12512,20.73497],[96.12554,20.73714],[96.12616,20.73715],[96.12573,20.7362],[96.12535,20.73624],[96.12545,20.73466],[96.12497,20.7347],[96.12555,20.73421],[96.12546,20.73285],[96.12594,20.73295],[96.12532,20.7324],[96.12532,20.73172],[96.12561,20.73195],[96.12585,20.73136],[96.12513,20.73127],[96.12475,20.73032],[96.12494,20.73104],[96.12431,20.73222],[96.12465,20.73267],[96.12402,20.73267],[96.12445,20.73289],[96.12464,20.73434],[96.12402,20.73393],[96.12406,20.73578],[96.12372,20.73547],[96.12319,20.73646],[96.12342,20.73777],[96.12352,20.73777]]],[[[96.14512,20.74025],[96.14574,20.73998],[96.14556,20.73907],[96.14618,20.73917],[96.14623,20.73876],[96.1444,20.73925],[96.14417,20.73848],[96.14229,20.73825],[96.14277,20.73852],[96.14234,20.73884],[96.14215,20.73816],[96.14167,20.73816],[96.14181,20.73901],[96.14282,20.73924],[96.14306,20.73861],[96.14339,20.73965],[96.14345,20.73857],[96.14363,20.73934],[96.14522,20.73939],[96.14483,20.7397],[96.14502,20.74025],[96.14512,20.74025]]],[[[96.13921,20.74027],[96.13984,20.73928],[96.14109,20.73924],[96.1408,20.73874],[96.13999,20.73905],[96.14004,20.73851],[96.13883,20.73864],[96.13892,20.74027],[96.13921,20.74027]]],[[[96.12672,20.74244],[96.12677,20.74104],[96.12605,20.74103],[96.12581,20.74053],[96.12673,20.73909],[96.12769,20.7391],[96.12702,20.73842],[96.12741,20.7376],[96.12654,20.73774],[96.12664,20.73832],[96.12606,20.73778],[96.12515,20.73845],[96.12553,20.73873],[96.12557,20.74031],[96.125,20.74008],[96.12504,20.7404],[96.12557,20.74049],[96.12566,20.74162],[96.12624,20.74167],[96.12657,20.74243],[96.12672,20.74244]]],[[[96.14669,20.74269],[96.14626,20.74301],[96.14679,20.74206],[96.14612,20.74215],[96.14655,20.74247],[96.14516,20.74246],[96.14736,20.74378],[96.14737,20.74242],[96.1478,20.74283],[96.14837,20.74261],[96.14766,20.7422],[96.14833,20.74225],[96.14823,20.7417],[96.14752,20.74143],[96.14848,20.74139],[96.14877,20.74076],[96.14891,20.74116],[96.14982,20.74094],[96.15107,20.74153],[96.15064,20.74031],[96.15083,20.74095],[96.15127,20.74045],[96.15126,20.74099],[96.15174,20.7409],[96.15194,20.73937],[96.15074,20.73869],[96.15037,20.73738],[96.15085,20.73702],[96.1495,20.73701],[96.14927,20.73606],[96.1485,20.73619],[96.14884,20.73574],[96.14797,20.73601],[96.14797,20.73515],[96.14745,20.73474],[96.14793,20.73497],[96.14769,20.73393],[96.14548,20.73361],[96.14514,20.73442],[96.14586,20.7346],[96.14485,20.73473],[96.14605,20.73487],[96.14576,20.73591],[96.14567,20.73523],[96.1449,20.7351],[96.14542,20.73636],[96.14441,20.73654],[96.14432,20.73717],[96.14556,20.73745],[96.14595,20.73695],[96.14696,20.73741],[96.14744,20.73655],[96.14767,20.73795],[96.14801,20.73728],[96.1482,20.73804],[96.14902,20.73778],[96.1484,20.73732],[96.15013,20.73751],[96.14993,20.73855],[96.14974,20.73792],[96.14883,20.73809],[96.14873,20.73868],[96.14844,20.73814],[96.14825,20.73859],[96.14901,20.739],[96.14724,20.73845],[96.14753,20.73786],[96.14652,20.73759],[96.14719,20.738],[96.14642,20.73822],[96.14714,20.73849],[96.14647,20.7389],[96.14829,20.73922],[96.14724,20.73926],[96.14723,20.73971],[96.14891,20.7399],[96.14814,20.74021],[96.14833,20.74125],[96.14733,20.74102],[96.14684,20.74143],[96.14722,20.7422],[96.14684,20.74269],[96.14669,20.74269]]],[[[96.02993,20.7451],[96.02989,20.74443],[96.03037,20.74425],[96.02994,20.74411],[96.03008,20.74361],[96.02951,20.74361],[96.02897,20.74505],[96.02945,20.74474],[96.02959,20.74614],[96.03084,20.74615],[96.03089,20.74565],[96.03017,20.74565],[96.03051,20.74515],[96.02993,20.74515],[96.02993,20.7451]]],[[[96.15028,20.74718],[96.15085,20.74695],[96.15052,20.74659],[96.15234,20.74669],[96.15206,20.74606],[96.15148,20.74637],[96.15163,20.74569],[96.15081,20.7456],[96.15187,20.74547],[96.15211,20.74493],[96.15101,20.74519],[96.15173,20.74456],[96.1511,20.74452],[96.15096,20.74393],[96.1514,20.74388],[96.1513,20.74443],[96.15183,20.74398],[96.15145,20.74239],[96.15073,20.74284],[96.15068,20.74203],[96.15111,20.74239],[96.15198,20.7419],[96.14881,20.74144],[96.14881,20.74193],[96.14929,20.74157],[96.14948,20.74198],[96.15025,20.74194],[96.15044,20.74343],[96.15097,20.74307],[96.15111,20.74352],[96.14981,20.74356],[96.14981,20.74401],[96.15043,20.74393],[96.15043,20.74469],[96.14947,20.7451],[96.14914,20.74446],[96.14937,20.74474],[96.15015,20.7442],[96.14914,20.74437],[96.14967,20.74379],[96.14909,20.74401],[96.14851,20.74365],[96.1489,20.7432],[96.14823,20.74324],[96.14808,20.7441],[96.14846,20.7441],[96.1487,20.74518],[96.14995,20.74528],[96.14735,20.74527],[96.14697,20.74568],[96.14875,20.74555],[96.14889,20.74659],[96.14831,20.74672],[96.1487,20.74636],[96.14817,20.74595],[96.14816,20.74699],[96.15018,20.74718],[96.15028,20.74718]]],[[[96.11903,20.74349],[96.11874,20.74335],[96.11878,20.74408],[96.11811,20.74452],[96.11854,20.74552],[96.11829,20.74624],[96.11877,20.74661],[96.11829,20.74715],[96.11896,20.74701],[96.11939,20.7476],[96.11954,20.74715],[96.11968,20.74778],[96.12031,20.74747],[96.12035,20.74801],[96.12131,20.7482],[96.12084,20.74729],[96.11944,20.74697],[96.11978,20.74652],[96.11887,20.74661],[96.1194,20.74638],[96.11859,20.74516],[96.11859,20.74426],[96.11922,20.74421],[96.11912,20.74349],[96.11903,20.74349]]],[[[96.12794,20.74822],[96.12833,20.74786],[96.12722,20.74709],[96.12737,20.74659],[96.12646,20.74677],[96.12602,20.74772],[96.12631,20.74813],[96.12784,20.74822],[96.12794,20.74822]]],[[[96.12265,20.74856],[96.12448,20.74758],[96.12367,20.74726],[96.12401,20.74645],[96.12176,20.74463],[96.12152,20.74526],[96.12219,20.74526],[96.12285,20.74712],[96.12338,20.74708],[96.12237,20.74825],[96.12256,20.74856],[96.12265,20.74856]]],[[[96.14503,20.75091],[96.14373,20.75154],[96.1458,20.7506],[96.14489,20.75005],[96.14584,20.75028],[96.14638,20.7496],[96.14729,20.7497],[96.14695,20.74915],[96.14777,20.74875],[96.14773,20.74821],[96.14619,20.74888],[96.14628,20.74942],[96.14513,20.74937],[96.14542,20.74901],[96.14484,20.74892],[96.14489,20.74946],[96.14407,20.74941],[96.1445,20.7496],[96.14397,20.74959],[96.14392,20.75],[96.14465,20.75005],[96.1444,20.751],[96.14479,20.7505],[96.14532,20.75059],[96.14507,20.75091],[96.14503,20.75091]]],[[[96.12509,20.75282],[96.12514,20.75237],[96.12542,20.75278],[96.12639,20.75192],[96.126,20.75183],[96.12591,20.75084],[96.12509,20.75097],[96.12577,20.75061],[96.12519,20.7502],[96.12572,20.7502],[96.12587,20.74916],[96.12544,20.74898],[96.12553,20.74948],[96.12515,20.74957],[96.12511,20.74821],[96.12395,20.74834],[96.124,20.74879],[96.12347,20.74834],[96.12313,20.74992],[96.12385,20.74997],[96.12385,20.74947],[96.12448,20.74965],[96.12404,20.75078],[96.12481,20.7506],[96.12423,20.75101],[96.12446,20.75264],[96.12499,20.75282],[96.12509,20.75282]]],[[[96.12359,20.75471],[96.12359,20.75399],[96.12417,20.75381],[96.12394,20.75196],[96.12351,20.75177],[96.12336,20.75263],[96.12302,20.75218],[96.12225,20.7529],[96.12216,20.75181],[96.12245,20.7515],[96.12269,20.75186],[96.12269,20.75146],[96.12192,20.75114],[96.12158,20.75204],[96.1213,20.75186],[96.12178,20.75127],[96.12115,20.75145],[96.12105,20.75208],[96.12192,20.75254],[96.12191,20.75321],[96.12259,20.75317],[96.12225,20.75362],[96.12311,20.75335],[96.12273,20.75249],[96.12302,20.7529],[96.12389,20.75263],[96.12364,20.75345],[96.12331,20.75299],[96.12335,20.75399],[96.12297,20.75417],[96.12335,20.75471],[96.12359,20.75471]]],[[[95.90413,20.75665],[95.90457,20.75634],[95.90438,20.75575],[95.90505,20.75629],[95.90563,20.75584],[95.90525,20.75521],[95.90481,20.75548],[95.90477,20.75467],[95.90545,20.75381],[95.90631,20.75382],[95.90627,20.75273],[95.90565,20.75264],[95.90507,20.75331],[95.90454,20.75286],[95.90339,20.75303],[95.9031,20.75253],[95.90483,20.7525],[95.90455,20.75209],[95.90498,20.75146],[95.9045,20.75146],[95.90421,20.75209],[95.90302,20.75091],[95.90292,20.75172],[95.90191,20.75171],[95.90186,20.75208],[95.90229,20.75217],[95.90219,20.75262],[95.90272,20.75231],[95.90301,20.75276],[95.90262,20.75289],[95.90339,20.75321],[95.90204,20.75352],[95.9018,20.75316],[95.90224,20.75294],[95.90128,20.75234],[95.90108,20.7527],[95.90152,20.75284],[95.9008,20.75288],[95.90089,20.75356],[95.90021,20.75392],[95.90112,20.75397],[95.90113,20.75347],[95.90122,20.75401],[95.90214,20.75357],[95.90266,20.75393],[95.90348,20.75339],[95.90352,20.75452],[95.90256,20.75452],[95.9039,20.75516],[95.90429,20.75484],[95.90438,20.75557],[95.90351,20.75642],[95.90404,20.75665],[95.90413,20.75665]]],[[[96.12919,20.75916],[96.129,20.75826],[96.12958,20.75781],[96.12895,20.75771],[96.12887,20.75586],[96.12935,20.75595],[96.1293,20.75659],[96.13006,20.75659],[96.1302,20.75754],[96.13073,20.75772],[96.13097,20.75704],[96.13016,20.75614],[96.13064,20.75578],[96.12992,20.75559],[96.13002,20.75609],[96.12944,20.75613],[96.12998,20.75478],[96.13074,20.75478],[96.12993,20.75424],[96.12868,20.75432],[96.12911,20.75406],[96.12907,20.75324],[96.12859,20.75315],[96.12815,20.75509],[96.12776,20.75522],[96.12806,20.75437],[96.12666,20.75477],[96.12593,20.75721],[96.12501,20.75797],[96.12679,20.75852],[96.12617,20.75698],[96.12766,20.7569],[96.12785,20.75775],[96.12871,20.75771],[96.12813,20.75875],[96.12861,20.75889],[96.12866,20.75835],[96.12914,20.75916],[96.12919,20.75916]]],[[[96.12937,20.76043],[96.12976,20.76038],[96.12962,20.75979],[96.12928,20.76002],[96.12804,20.75925],[96.12803,20.75992],[96.12899,20.75988],[96.12851,20.76006],[96.12904,20.76038],[96.12903,20.76187],[96.12803,20.76146],[96.12841,20.76074],[96.12803,20.7601],[96.12764,20.76137],[96.12697,20.76146],[96.12673,20.76209],[96.12764,20.7615],[96.1273,20.76209],[96.12807,20.76173],[96.12865,20.7625],[96.13028,20.76255],[96.13018,20.76197],[96.12946,20.76228],[96.13014,20.76142],[96.12942,20.76138],[96.12937,20.76056],[96.12937,20.76043]]],[[[96.14598,20.76293],[96.14651,20.76252],[96.14579,20.76198],[96.14633,20.76031],[96.14575,20.76112],[96.14542,20.76058],[96.14527,20.76098],[96.1445,20.76089],[96.14508,20.76134],[96.14474,20.76211],[96.14522,20.76247],[96.14551,20.76216],[96.14589,20.76293],[96.14598,20.76293]]],[[[96.12979,20.76504],[96.12989,20.76368],[96.13061,20.76346],[96.13066,20.76409],[96.1321,20.76342],[96.13162,20.76283],[96.13085,20.76283],[96.13153,20.76265],[96.13086,20.76152],[96.13038,20.76201],[96.13061,20.76287],[96.12921,20.76404],[96.12974,20.76504],[96.12979,20.76504]]],[[[96.12297,20.76478],[96.12373,20.76533],[96.12388,20.76424],[96.12302,20.76397],[96.12268,20.76442],[96.12259,20.76401],[96.12167,20.76401],[96.12205,20.76564],[96.12297,20.76487],[96.12297,20.76478]]],[[[96.13705,20.76344],[96.13733,20.76416],[96.13661,20.76447],[96.13718,20.76506],[96.13675,20.7657],[96.13804,20.76656],[96.13733,20.76484],[96.13743,20.76407],[96.13781,20.76416],[96.13753,20.76376],[96.13796,20.76358],[96.13767,20.76258],[96.13618,20.76312],[96.13705,20.76339],[96.13705,20.76344]]],[[[96.13102,20.76784],[96.13156,20.76676],[96.13069,20.76707],[96.13122,20.76658],[96.13045,20.7663],[96.1305,20.76563],[96.13262,20.76581],[96.13272,20.76545],[96.13238,20.76477],[96.13243,20.76559],[96.13147,20.76545],[96.13157,20.76473],[96.13229,20.76473],[96.13147,20.76405],[96.13094,20.76509],[96.13027,20.76481],[96.12993,20.76513],[96.13059,20.76748],[96.13016,20.7677],[96.13098,20.76784],[96.13102,20.76784]]],[[[96.14377,20.76464],[96.14406,20.76441],[96.14295,20.76486],[96.14261,20.76436],[96.14227,20.76526],[96.14348,20.76522],[96.1429,20.76572],[96.14333,20.76568],[96.14366,20.76653],[96.1427,20.76631],[96.14299,20.76604],[96.14266,20.76567],[96.14222,20.76648],[96.14347,20.76685],[96.14342,20.76721],[96.14279,20.76716],[96.14351,20.76798],[96.14495,20.76789],[96.14496,20.76726],[96.14409,20.76717],[96.14409,20.76685],[96.14491,20.76708],[96.14477,20.76667],[96.14371,20.76681],[96.14486,20.76649],[96.14448,20.76568],[96.14381,20.76595],[96.14372,20.76504],[96.14468,20.76478],[96.14429,20.76541],[96.14501,20.7655],[96.14482,20.76482],[96.14535,20.76482],[96.14511,20.76406],[96.14434,20.7645],[96.14367,20.7641],[96.14507,20.76387],[96.14493,20.76315],[96.14392,20.76251],[96.14435,20.76211],[96.14354,20.76229],[96.14416,20.76143],[96.1432,20.76192],[96.14339,20.76242],[96.14272,20.7621],[96.1431,20.76292],[96.14262,20.76296],[96.14219,20.76228],[96.14238,20.76264],[96.14109,20.76241],[96.14108,20.76282],[96.14185,20.76305],[96.1418,20.76368],[96.14238,20.76328],[96.14247,20.76364],[96.14257,20.76301],[96.1432,20.76319],[96.14281,20.76391],[96.14358,20.76414],[96.14266,20.76414],[96.14372,20.76464],[96.14377,20.76464]]],[[[96.14812,20.76822],[96.14923,20.76823],[96.14928,20.76755],[96.14813,20.76646],[96.14741,20.76655],[96.14817,20.76705],[96.14697,20.76695],[96.14736,20.7665],[96.14669,20.76632],[96.14799,20.76605],[96.14712,20.76614],[96.14741,20.76546],[96.14679,20.76582],[96.14645,20.76555],[96.14742,20.76465],[96.1466,20.76505],[96.14641,20.76474],[96.14737,20.76461],[96.14727,20.76424],[96.14665,20.76433],[96.14737,20.76388],[96.14843,20.76375],[96.14737,20.76379],[96.14814,20.7633],[96.14718,20.76343],[96.14752,20.76312],[96.14661,20.76262],[96.14603,20.76343],[96.14675,20.76352],[96.14526,20.76378],[96.14598,20.7641],[96.1454,20.76428],[96.14597,20.76483],[96.14545,20.76482],[96.14544,20.76532],[96.14631,20.76528],[96.14621,20.766],[96.14683,20.76609],[96.14592,20.76627],[96.14578,20.7655],[96.14539,20.76595],[96.14573,20.76641],[96.14664,20.76641],[96.1463,20.76686],[96.14812,20.76786],[96.1475,20.76827],[96.14817,20.76822],[96.14812,20.76822]]],[[[96.13985,20.77131],[96.13999,20.77059],[96.13918,20.77054],[96.13908,20.77],[96.14086,20.77118],[96.14072,20.77023],[96.14004,20.77],[96.13885,20.76805],[96.13933,20.76936],[96.13894,20.77013],[96.13812,20.77017],[96.13865,20.76963],[96.13788,20.76981],[96.13798,20.77049],[96.13903,20.77054],[96.13817,20.77067],[96.13831,20.77117],[96.13913,20.77094],[96.1397,20.77131],[96.13985,20.77131]]],[[[96.14297,20.77186],[96.1433,20.77159],[96.14282,20.77155],[96.14293,20.77015],[96.14331,20.77033],[96.14311,20.77087],[96.14374,20.77092],[96.14326,20.77119],[96.1435,20.77155],[96.14422,20.77124],[96.14384,20.7706],[96.14504,20.77092],[96.14494,20.77011],[96.1435,20.77001],[96.14389,20.76965],[96.14365,20.76888],[96.1435,20.7697],[96.14312,20.76933],[96.14312,20.76992],[96.14264,20.76969],[96.14249,20.77033],[96.14211,20.76947],[96.14144,20.77014],[96.14115,20.76969],[96.14149,20.76901],[96.14106,20.76883],[96.14144,20.76856],[96.13948,20.76783],[96.13943,20.76697],[96.13895,20.76706],[96.13948,20.76824],[96.14039,20.76828],[96.13971,20.76855],[96.14029,20.76869],[96.14005,20.76901],[96.14105,20.76991],[96.14129,20.77082],[96.14211,20.77059],[96.14263,20.77186],[96.14297,20.77186]]],[[[96.14781,20.77297],[96.14931,20.77216],[96.1494,20.77157],[96.14873,20.77157],[96.14921,20.77107],[96.14854,20.77107],[96.14863,20.77193],[96.14806,20.77179],[96.14849,20.7717],[96.1483,20.77125],[96.14763,20.77125],[96.14791,20.77175],[96.14729,20.77152],[96.14758,20.77197],[96.14724,20.77215],[96.1481,20.77229],[96.14738,20.77242],[96.14767,20.77296],[96.14781,20.77297]]],[[[96.15218,20.77339],[96.15262,20.77316],[96.15214,20.7728],[96.15252,20.77267],[96.15233,20.77208],[96.15315,20.77217],[96.15329,20.77312],[96.15401,20.77222],[96.15291,20.77172],[96.15301,20.77118],[96.15258,20.77122],[96.15228,20.77203],[96.15186,20.77054],[96.15128,20.77045],[96.15194,20.77289],[96.15123,20.77248],[96.15113,20.77167],[96.15065,20.77221],[96.15128,20.77212],[96.15084,20.77253],[96.15218,20.77357],[96.15218,20.77339]]],[[[96.14459,20.77399],[96.14464,20.77336],[96.14527,20.773],[96.14541,20.77368],[96.14618,20.77346],[96.14546,20.77305],[96.14513,20.77201],[96.14575,20.7716],[96.14585,20.77074],[96.14518,20.77065],[96.14527,20.77174],[96.14455,20.77187],[96.14451,20.77106],[96.14311,20.77195],[96.14445,20.77399],[96.14459,20.77399]]],[[[96.1245,20.77626],[96.12498,20.77581],[96.12599,20.77613],[96.12619,20.77568],[96.12533,20.77446],[96.12489,20.77478],[96.12456,20.77392],[96.12375,20.77346],[96.12431,20.77522],[96.12384,20.77482],[96.12369,20.77554],[96.12479,20.7755],[96.12407,20.77568],[96.12421,20.77626],[96.1245,20.77626]]],[[[96.14957,20.77821],[96.15024,20.77812],[96.14995,20.77781],[96.15034,20.77691],[96.15164,20.77687],[96.14957,20.77695],[96.15111,20.77641],[96.15054,20.77609],[96.15102,20.77578],[96.15107,20.77492],[96.15049,20.77546],[96.15045,20.77483],[96.14944,20.77455],[96.14959,20.77415],[96.14862,20.77469],[96.14848,20.77432],[96.14906,20.77414],[96.14714,20.77405],[96.14669,20.77671],[96.14703,20.77685],[96.14708,20.77599],[96.14751,20.77595],[96.14756,20.77685],[96.14933,20.77744],[96.14919,20.77785],[96.14986,20.77785],[96.14947,20.77821],[96.14957,20.77821]]],[[[96.12939,20.77954],[96.12891,20.77917],[96.12944,20.77809],[96.12892,20.77723],[96.12926,20.77664],[96.12849,20.77664],[96.12872,20.77755],[96.12805,20.77768],[96.12863,20.77791],[96.12814,20.77813],[96.12848,20.77872],[96.12804,20.7794],[96.12944,20.77954],[96.12939,20.77954]]],[[[96.13207,20.78036],[96.1327,20.77973],[96.13347,20.78014],[96.13419,20.77978],[96.13223,20.77842],[96.1315,20.77959],[96.13102,20.77954],[96.13174,20.78036],[96.13207,20.78036]]],[[[96.03475,20.76049],[96.03254,20.76201],[96.03215,20.76178],[96.03239,20.76228],[96.0333,20.76238],[96.03292,20.76269],[96.03369,20.76233],[96.03508,20.76275],[96.03498,20.76306],[96.03388,20.76279],[96.03469,20.76306],[96.03564,20.76492],[96.03535,20.76623],[96.03506,20.76586],[96.03496,20.76654],[96.03424,20.7664],[96.03415,20.76685],[96.03333,20.76694],[96.03285,20.7659],[96.03482,20.76568],[96.03103,20.76503],[96.03089,20.76571],[96.03056,20.76417],[96.02989,20.76349],[96.02955,20.76362],[96.03032,20.76412],[96.02935,20.76444],[96.03036,20.76462],[96.03026,20.76557],[96.02921,20.76516],[96.02752,20.76565],[96.02742,20.76614],[96.02555,20.76614],[96.02656,20.76646],[96.02636,20.76741],[96.02511,20.76744],[96.0254,20.76803],[96.02482,20.76821],[96.02396,20.76676],[96.02512,20.76604],[96.02224,20.76603],[96.0222,20.76463],[96.02162,20.76409],[96.02239,20.764],[96.02153,20.76336],[96.02138,20.76408],[96.02085,20.76417],[96.02157,20.76458],[96.02147,20.76499],[96.02066,20.76499],[96.02133,20.7653],[96.02123,20.76666],[96.02228,20.76694],[96.02084,20.76688],[96.02041,20.76729],[96.02266,20.7673],[96.02266,20.76825],[96.02179,20.76888],[96.02188,20.77005],[96.02106,20.7705],[96.0213,20.77109],[96.02231,20.77127],[96.02211,20.77236],[96.02249,20.77294],[96.02124,20.77267],[96.0209,20.77366],[96.01999,20.77384],[96.02003,20.77415],[96.02124,20.77389],[96.02085,20.77479],[96.02195,20.7752],[96.02017,20.77519],[96.0207,20.77569],[96.02055,20.77632],[96.01964,20.77609],[96.01955,20.77555],[96.01873,20.77559],[96.01916,20.77645],[96.01839,20.7769],[96.01799,20.77929],[96.01895,20.7797],[96.01904,20.7802],[96.01794,20.78047],[96.01947,20.78111],[96.01918,20.7826],[96.01821,20.78309],[96.01874,20.78327],[96.01874,20.78409],[96.01989,20.78427],[96.02109,20.78351],[96.02277,20.78361],[96.02382,20.78501],[96.02622,20.78498],[96.02801,20.78435],[96.02743,20.78435],[96.02763,20.78309],[96.02648,20.78137],[96.02793,20.78078],[96.02856,20.77961],[96.03004,20.78088],[96.03288,20.78049],[96.03255,20.77859],[96.03198,20.77796],[96.03199,20.7761],[96.0316,20.77642],[96.03233,20.77394],[96.03236,20.7687],[96.03135,20.76932],[96.03333,20.76744],[96.03549,20.76699],[96.03717,20.7675],[96.03751,20.76678],[96.03885,20.76692],[96.04054,20.76544],[96.0403,20.76512],[96.03939,20.76579],[96.03766,20.76497],[96.03727,20.76551],[96.03723,20.76483],[96.0368,20.76519],[96.03541,20.76342],[96.03551,20.76261],[96.03671,20.76217],[96.03677,20.76158],[96.03763,20.76149],[96.03826,20.76005],[96.03798,20.75951],[96.03846,20.75969],[96.03894,20.7587],[96.03823,20.75774],[96.03923,20.75816],[96.0404,20.75482],[96.03936,20.75133],[96.03817,20.74997],[96.03784,20.74844],[96.03764,20.74961],[96.03874,20.75115],[96.03997,20.75486],[96.03953,20.7554],[96.03862,20.75544],[96.03867,20.75585],[96.03881,20.75544],[96.03939,20.75554],[96.03886,20.75567],[96.03939,20.75612],[96.03914,20.75784],[96.03876,20.75748],[96.03789,20.75779],[96.03611,20.75751],[96.03582,20.75828],[96.03553,20.75796],[96.03477,20.75823],[96.03458,20.75759],[96.034,20.758],[96.03486,20.75881],[96.03385,20.75949],[96.03433,20.75931],[96.03514,20.7599],[96.03533,20.76062],[96.03495,20.76049],[96.03475,20.76049]]],[[[96.13593,20.78765],[96.13589,20.78652],[96.13647,20.78616],[96.13575,20.78516],[96.13624,20.78408],[96.13465,20.78439],[96.13498,20.78548],[96.13402,20.78529],[96.13369,20.78475],[96.13253,20.78497],[96.13349,20.78615],[96.13345,20.78502],[96.13397,20.78624],[96.13407,20.78561],[96.1357,20.78584],[96.13594,20.78638],[96.13545,20.78733],[96.13584,20.78765],[96.13593,20.78765]]],[[[96.15217,20.78748],[96.15241,20.78712],[96.15188,20.78802],[96.15102,20.78775],[96.15179,20.78771],[96.15169,20.78703],[96.15126,20.78748],[96.15136,20.7854],[96.15036,20.7844],[96.15118,20.78414],[96.15094,20.78364],[96.15055,20.78377],[96.15056,20.78301],[96.15022,20.7835],[96.14984,20.78201],[96.14902,20.78201],[96.14984,20.78287],[96.14912,20.78286],[96.14873,20.78223],[96.14801,20.78309],[96.1484,20.78291],[96.14897,20.78354],[96.14902,20.783],[96.1494,20.783],[96.14955,20.78354],[96.14902,20.78399],[96.1495,20.78372],[96.15022,20.78409],[96.15026,20.78499],[96.14949,20.78427],[96.15031,20.78526],[96.14992,20.7868],[96.15059,20.78703],[96.15078,20.78807],[96.15188,20.78879],[96.15178,20.78839],[96.15313,20.78803],[96.15299,20.78753],[96.15212,20.78794],[96.15232,20.78748],[96.15217,20.78748]]],[[[96.14529,20.79003],[96.14572,20.79053],[96.14572,20.7899],[96.14472,20.78953],[96.14495,20.79026],[96.14457,20.79057],[96.14414,20.7898],[96.14418,20.79084],[96.14514,20.79085],[96.14428,20.79098],[96.14456,20.79175],[96.14668,20.79094],[96.14601,20.78981],[96.14606,20.79085],[96.14533,20.79103],[96.14524,20.79003],[96.14529,20.79003]]],[[[96.15805,20.79482],[96.15848,20.7946],[96.15825,20.79379],[96.15873,20.79397],[96.15921,20.79302],[96.15811,20.79144],[96.15758,20.79211],[96.15825,20.79211],[96.15792,20.79234],[96.15878,20.79297],[96.15868,20.79356],[96.15757,20.79356],[96.15695,20.79414],[96.15647,20.79297],[96.15613,20.79319],[96.15671,20.79396],[96.15479,20.79395],[96.15512,20.79459],[96.15502,20.79427],[96.15574,20.79445],[96.15589,20.79396],[96.15771,20.79446],[96.15733,20.79405],[96.15796,20.79388],[96.15791,20.79482],[96.15805,20.79482]]],[[[96.16133,20.79267],[96.16238,20.79276],[96.16286,20.79213],[96.16224,20.79168],[96.16147,20.79231],[96.16142,20.79186],[96.1606,20.79298],[96.15955,20.79325],[96.15892,20.79406],[96.15939,20.7951],[96.15954,20.79442],[96.16084,20.79402],[96.16137,20.79267],[96.16133,20.79267]]],[[[96.14474,20.79636],[96.14426,20.79554],[96.14541,20.79564],[96.14613,20.79519],[96.14714,20.79551],[96.147,20.79397],[96.14797,20.79293],[96.14764,20.79221],[96.14638,20.79338],[96.14637,20.79492],[96.14565,20.79532],[96.14407,20.79513],[96.14459,20.79636],[96.14474,20.79636]]],[[[96.15726,20.79957],[96.15794,20.79912],[96.15799,20.79844],[96.15746,20.7983],[96.15765,20.7974],[96.15775,20.79817],[96.15827,20.79844],[96.15833,20.79763],[96.15871,20.79758],[96.15828,20.79636],[96.15858,20.79537],[96.1579,20.79564],[96.15737,20.79527],[96.1567,20.79608],[96.15756,20.79613],[96.15775,20.79659],[96.1566,20.79667],[96.15578,20.79766],[96.1565,20.79875],[96.15688,20.79848],[96.15721,20.79956],[96.15726,20.79957]]],[[[96.13923,20.80203],[96.13991,20.80217],[96.13991,20.80081],[96.13953,20.80054],[96.14035,20.80009],[96.13948,20.79995],[96.13934,20.7995],[96.14006,20.79955],[96.14021,20.79855],[96.14088,20.79919],[96.14117,20.79806],[96.14026,20.79693],[96.13906,20.79733],[96.13926,20.7967],[96.13878,20.79647],[96.13892,20.79579],[96.13849,20.79579],[96.13883,20.79507],[96.13845,20.79462],[96.13768,20.79533],[96.13825,20.79588],[96.13777,20.79637],[96.13859,20.79633],[96.13782,20.79669],[96.13844,20.79733],[96.1381,20.79809],[96.13843,20.79868],[96.13747,20.798],[96.13785,20.79895],[96.1368,20.79886],[96.13655,20.79949],[96.13795,20.79945],[96.13862,20.79873],[96.13852,20.80013],[96.13948,20.80009],[96.13914,20.80067],[96.13967,20.80135],[96.13923,20.80198],[96.13923,20.80203]]],[[[96.13683,20.80242],[96.13497,20.79953],[96.13621,20.80071],[96.13641,20.7998],[96.13483,20.79934],[96.13473,20.79889],[96.13516,20.79917],[96.13488,20.79853],[96.13353,20.79866],[96.13386,20.79984],[96.1343,20.7993],[96.13487,20.79966],[96.13415,20.79997],[96.13429,20.80083],[96.13564,20.80088],[96.13529,20.80197],[96.13688,20.80242],[96.13683,20.80242]]],[[[96.1425,20.80136],[96.14193,20.80136],[96.14227,20.80077],[96.14198,20.79996],[96.14251,20.80037],[96.1427,20.79974],[96.14227,20.79964],[96.14347,20.7996],[96.14213,20.79865],[96.14146,20.79892],[96.14189,20.79942],[96.14154,20.80095],[96.14231,20.80168],[96.14207,20.80199],[96.14313,20.80186],[96.14317,20.80281],[96.14403,20.80308],[96.14418,20.80363],[96.14432,20.80272],[96.14509,20.80295],[96.145,20.80178],[96.14376,20.79951],[96.14309,20.79987],[96.14337,20.80069],[96.14275,20.8005],[96.14322,20.80118],[96.14207,20.801],[96.1425,20.80132],[96.1425,20.80136]]],[[[96.15681,20.8039],[96.1558,20.80331],[96.15522,20.80403],[96.15541,20.80475],[96.157,20.80517],[96.15806,20.8044],[96.15691,20.8039],[96.15681,20.8039]]],[[[96.13974,20.806],[96.14018,20.80596],[96.14119,20.80402],[96.14192,20.80371],[96.14192,20.80321],[96.14062,20.80266],[96.14053,20.80203],[96.14019,20.80208],[96.14014,20.80366],[96.14043,20.80384],[96.14067,20.8033],[96.141,20.80411],[96.13985,20.80479],[96.14037,20.80519],[96.13975,20.80497],[96.13955,20.806],[96.13974,20.806]]],[[[96.13883,20.80654],[96.13922,20.80528],[96.13855,20.80492],[96.13932,20.80496],[96.1398,20.80447],[96.13947,20.80384],[96.1399,20.80375],[96.13937,20.80325],[96.13966,20.80248],[96.1388,20.80234],[96.13928,20.80356],[96.13865,20.80383],[96.13817,20.80279],[96.13875,20.8032],[96.13861,20.80221],[96.1364,20.80251],[96.13601,20.80342],[96.1363,20.80315],[96.13639,20.80355],[96.13754,20.80383],[96.13769,20.80329],[96.13812,20.80333],[96.13778,20.80437],[96.13716,20.80401],[96.13735,20.80473],[96.13658,20.80464],[96.13696,20.80545],[96.1373,20.80491],[96.13831,20.80482],[96.13773,20.80527],[96.13855,20.80541],[96.13816,20.80568],[96.13888,20.80591],[96.13873,20.80654],[96.13883,20.80654]]],[[[95.90009,20.80691],[95.89995,20.8061],[95.90083,20.80443],[95.90016,20.80397],[95.90027,20.80185],[95.89984,20.80162],[95.90041,20.80144],[95.9008,20.80036],[95.90057,20.7995],[95.89999,20.79932],[95.8983,20.80143],[95.898,20.80319],[95.89743,20.80287],[95.89742,20.80351],[95.89833,20.80419],[95.89775,20.80473],[95.89842,20.80478],[95.90004,20.80691],[95.90009,20.80691]]],[[[96.15545,20.80846],[96.15516,20.80706],[96.15598,20.80652],[96.15488,20.80642],[96.15479,20.80534],[96.15459,20.80651],[96.15521,20.80688],[96.15377,20.80646],[96.15358,20.80755],[96.15439,20.80705],[96.1543,20.80778],[96.15478,20.80769],[96.1554,20.80846],[96.15545,20.80846]]],[[[96.01544,20.80905],[96.01593,20.80711],[96.0154,20.80616],[96.01551,20.80499],[96.01483,20.80467],[96.01498,20.80377],[96.01282,20.80389],[96.01473,20.80557],[96.01472,20.80724],[96.01492,20.80697],[96.01496,20.80761],[96.01563,20.80793],[96.0151,20.8086],[96.01534,20.80905],[96.01544,20.80905]]],[[[96.14537,20.80472],[96.14513,20.8049],[96.14504,20.80395],[96.14465,20.80399],[96.14465,20.80467],[96.1436,20.80408],[96.14364,20.80498],[96.14326,20.80457],[96.14302,20.80498],[96.14239,20.8047],[96.142,20.80597],[96.14211,20.80448],[96.14312,20.8043],[96.14182,20.80448],[96.14158,20.80407],[96.14051,20.80601],[96.14205,20.80619],[96.14345,20.80502],[96.14374,20.80543],[96.1433,20.80534],[96.1434,20.80597],[96.14378,20.80607],[96.14503,20.80512],[96.14561,20.80539],[96.14518,20.80571],[96.1457,20.80603],[96.14536,20.80684],[96.14594,20.80693],[96.14565,20.80729],[96.14618,20.80784],[96.14737,20.80834],[96.14737,20.80892],[96.148,20.80902],[96.14824,20.80821],[96.14853,20.80861],[96.1492,20.80834],[96.14915,20.80875],[96.15021,20.80921],[96.15112,20.80885],[96.14944,20.80839],[96.14882,20.80631],[96.14825,20.80626],[96.14868,20.80667],[96.14791,20.80685],[96.14729,20.8054],[96.14624,20.80449],[96.14686,20.80441],[96.14619,20.80395],[96.14687,20.80332],[96.14667,20.80391],[96.14806,20.80599],[96.14787,20.80432],[96.14859,20.80382],[96.14754,20.804],[96.14783,20.80351],[96.1472,20.80377],[96.14701,20.80291],[96.14634,20.80323],[96.14615,20.80278],[96.1461,20.80363],[96.1449,20.80309],[96.14461,20.80358],[96.14514,20.80381],[96.14538,20.80336],[96.14542,20.80472],[96.14537,20.80472]]],[[[96.14501,20.80964],[96.14694,20.80865],[96.1456,20.80838],[96.14463,20.80873],[96.1442,20.80801],[96.14474,20.80729],[96.14445,20.80665],[96.14507,20.80675],[96.14479,20.80571],[96.14407,20.80634],[96.1444,20.80702],[96.14411,20.80792],[96.14329,20.80832],[96.14392,20.80814],[96.14382,20.80864],[96.1443,20.80909],[96.14468,20.80878],[96.14497,20.80964],[96.14501,20.80964]]],[[[96.15636,20.80846],[96.1567,20.80837],[96.15621,20.80851],[96.15631,20.80968],[96.15688,20.80941],[96.15645,20.80918],[96.15708,20.80923],[96.15679,20.80801],[96.15756,20.80829],[96.15771,20.80765],[96.15857,20.80725],[96.15603,20.80751],[96.15617,20.80846],[96.15636,20.80846]]],[[[96.15192,20.81332],[96.15245,20.81315],[96.15211,20.81274],[96.15375,20.81261],[96.15289,20.81143],[96.15303,20.81242],[96.15269,20.81238],[96.1527,20.81107],[96.15217,20.8108],[96.15259,20.8126],[96.15216,20.81206],[96.15149,20.8121],[96.15149,20.81129],[96.15115,20.81206],[96.15092,20.81106],[96.15193,20.8107],[96.15145,20.81034],[96.15184,20.81003],[96.15092,20.81047],[96.15035,20.81011],[96.15072,20.81305],[96.15163,20.81292],[96.15187,20.81332],[96.15192,20.81332]]],[[[96.1474,20.81466],[96.14845,20.81426],[96.14841,20.81367],[96.14898,20.81422],[96.15009,20.81336],[96.14923,20.81336],[96.14909,20.81214],[96.14856,20.81214],[96.14804,20.81105],[96.14703,20.81096],[96.14708,20.81046],[96.14588,20.81018],[96.14612,20.80987],[96.14564,20.8096],[96.14506,20.80977],[96.14539,20.81118],[96.14597,20.81113],[96.14597,20.81046],[96.1464,20.81123],[96.14597,20.8114],[96.14582,20.81235],[96.14524,20.81253],[96.14577,20.81298],[96.14601,20.81222],[96.14673,20.81218],[96.14659,20.81263],[96.14721,20.8129],[96.14653,20.81367],[96.14725,20.81466],[96.1474,20.81466]]],[[[95.90125,20.81401],[95.90091,20.81441],[95.90149,20.81383],[95.90173,20.81424],[95.90308,20.81415],[95.90389,20.81511],[95.90442,20.81466],[95.90691,20.81535],[95.90779,20.81269],[95.90776,20.81074],[95.90685,20.81038],[95.90693,20.81173],[95.90592,20.81223],[95.90247,20.81108],[95.90214,20.8104],[95.90108,20.80994],[95.90099,20.80931],[95.90074,20.81057],[95.89959,20.81052],[95.8995,20.80998],[95.90047,20.8089],[95.89883,20.80903],[95.89868,20.8097],[95.89777,20.80974],[95.89829,20.81042],[95.89743,20.81042],[95.89747,20.81173],[95.89843,20.81196],[95.898,20.812],[95.89862,20.81241],[95.89838,20.81268],[95.899,20.81246],[95.9002,20.81301],[95.89933,20.81327],[95.90092,20.81346],[95.90039,20.81432],[95.90086,20.81473],[95.90163,20.81442],[95.9013,20.81401],[95.90125,20.81401]]],[[[96.1093,20.81402],[96.10921,20.81239],[96.10863,20.81266],[96.10892,20.81302],[96.10829,20.81284],[96.10704,20.81342],[96.10709,20.81405],[96.10651,20.81374],[96.10627,20.8141],[96.10608,20.8136],[96.10531,20.81396],[96.10742,20.81451],[96.10829,20.81406],[96.10819,20.81334],[96.10882,20.81307],[96.10862,20.81397],[96.10991,20.81547],[96.10934,20.81402],[96.1093,20.81402]]],[[[96.15382,20.81875],[96.15473,20.81772],[96.15531,20.81758],[96.15574,20.81808],[96.15598,20.81736],[96.15574,20.81781],[96.15502,20.81731],[96.15435,20.81763],[96.15397,20.81704],[96.15382,20.81776],[96.15339,20.81676],[96.15325,20.81753],[96.15228,20.81753],[96.15252,20.81848],[96.15324,20.81812],[96.15329,20.81758],[96.15324,20.81848],[96.15386,20.81875],[96.15382,20.81875]]],[[[96.15011,20.81937],[96.15045,20.81901],[96.14978,20.81851],[96.1505,20.81856],[96.15108,20.81788],[96.1506,20.81752],[96.14993,20.81811],[96.15022,20.81734],[96.14959,20.81752],[96.14965,20.81661],[96.14897,20.81774],[96.15002,20.81937],[96.15011,20.81937]]],[[[96.14886,20.82163],[96.14934,20.82113],[96.14891,20.82117],[96.14929,20.8209],[96.1492,20.81986],[96.14963,20.81964],[96.14872,20.81982],[96.14901,20.81901],[96.14858,20.81873],[96.14805,20.81927],[96.14843,20.81968],[96.14771,20.8204],[96.14847,20.82077],[96.14861,20.82162],[96.14886,20.82163]]],[[[96.15592,20.82188],[96.15626,20.82152],[96.15587,20.82057],[96.15487,20.81989],[96.15448,20.82011],[96.15467,20.8207],[96.15429,20.82015],[96.15453,20.81943],[96.15391,20.8193],[96.15429,20.81988],[96.1539,20.82074],[96.15477,20.82083],[96.15477,20.82151],[96.15496,20.82102],[96.15573,20.82093],[96.1552,20.82129],[96.15582,20.82188],[96.15592,20.82188]]],[[[96.16413,20.82259],[96.16434,20.81947],[96.16386,20.81956],[96.1639,20.82069],[96.16352,20.81996],[96.16294,20.82086],[96.16304,20.81933],[96.16203,20.81933],[96.16251,20.82064],[96.16226,20.8214],[96.16294,20.821],[96.16308,20.82145],[96.16404,20.8215],[96.16379,20.82258],[96.16413,20.82259]]],[[[96.15125,20.82453],[96.15211,20.82363],[96.15207,20.82299],[96.15106,20.82222],[96.15063,20.82312],[96.15092,20.8229],[96.15111,20.82344],[96.14967,20.82321],[96.14967,20.82145],[96.149,20.82158],[96.1489,20.82239],[96.14971,20.82411],[96.15038,20.82398],[96.15019,20.82344],[96.15096,20.82443],[96.15101,20.82376],[96.15139,20.82371],[96.15105,20.82452],[96.15125,20.82453]]],[[[96.15287,20.82638],[96.15307,20.82575],[96.15398,20.82589],[96.15393,20.8253],[96.15148,20.82543],[96.15168,20.82457],[96.15129,20.82498],[96.15096,20.82475],[96.1511,20.82593],[96.15249,20.8258],[96.15282,20.82638],[96.15287,20.82638]]],[[[96.15414,20.83231],[96.1542,20.83145],[96.15338,20.8314],[96.1542,20.83122],[96.15415,20.83064],[96.15309,20.83045],[96.15434,20.83037],[96.15415,20.82964],[96.15314,20.82995],[96.15281,20.82955],[96.15295,20.83095],[96.15256,20.83167],[96.15352,20.83208],[96.15357,20.83158],[96.154,20.83231],[96.15414,20.83231]]],[[[96.16682,20.83357],[96.16606,20.83357],[96.16616,20.83217],[96.16577,20.83176],[96.16509,20.83348],[96.16505,20.83226],[96.16424,20.83221],[96.16429,20.83149],[96.16342,20.83139],[96.16299,20.83044],[96.16348,20.8299],[96.16338,20.82895],[96.16261,20.82985],[96.16295,20.8299],[96.16266,20.83062],[96.16145,20.83071],[96.16246,20.83175],[96.16231,20.83238],[96.16322,20.83261],[96.16347,20.83153],[96.16342,20.83275],[96.16486,20.83339],[96.16476,20.83411],[96.165,20.83348],[96.16524,20.83411],[96.16653,20.83407],[96.16682,20.83362],[96.16682,20.83357]]],[[[96.16464,20.83926],[96.16517,20.83872],[96.16513,20.83741],[96.16364,20.8374],[96.16407,20.83709],[96.16378,20.83686],[96.16441,20.83713],[96.16446,20.83659],[96.16388,20.83632],[96.16316,20.83663],[96.16355,20.83528],[96.16326,20.83487],[96.16389,20.83523],[96.16437,20.83469],[96.16288,20.83365],[96.1623,20.83464],[96.16226,20.83374],[96.16154,20.83378],[96.16197,20.8341],[96.16158,20.83482],[96.16316,20.83568],[96.16316,20.83614],[96.16263,20.83609],[96.16277,20.83681],[96.16215,20.83663],[96.16219,20.83848],[96.16325,20.8383],[96.16325,20.83717],[96.16339,20.8383],[96.1644,20.83926],[96.16464,20.83926]]],[[[96.16578,20.84111],[96.16565,20.83967],[96.16637,20.83976],[96.16685,20.83927],[96.16459,20.83935],[96.16449,20.84061],[96.16564,20.84111],[96.16578,20.84111]]],[[[96.15223,20.84129],[96.15247,20.84052],[96.15324,20.84066],[96.15315,20.83998],[96.15272,20.83989],[96.15291,20.8393],[96.15176,20.83912],[96.15161,20.84084],[96.15218,20.84129],[96.15223,20.84129]]],[[[96.15992,20.84218],[96.16055,20.84105],[96.16156,20.84105],[96.16199,20.84038],[96.1606,20.83983],[96.16064,20.84051],[96.15929,20.8415],[96.15972,20.84218],[96.15992,20.84218]]],[[[96.15321,20.84893],[96.15398,20.84816],[96.1536,20.8478],[96.15369,20.84852],[96.15335,20.84839],[96.15293,20.84671],[96.1524,20.84635],[96.15332,20.84608],[96.15284,20.8454],[96.15284,20.84405],[96.15198,20.84504],[96.15211,20.84779],[96.15167,20.84852],[96.15302,20.84893],[96.15321,20.84893]]],[[[96.0251,20.78805],[96.0251,20.78881],[96.02496,20.78823],[96.02337,20.7884],[96.02361,20.78948],[96.02303,20.78935],[96.02317,20.79007],[96.0214,20.78961],[96.02135,20.7892],[96.02082,20.78952],[96.02116,20.78907],[96.02035,20.78811],[96.01914,20.78933],[96.02073,20.78938],[96.02115,20.79011],[96.02476,20.79039],[96.02423,20.79039],[96.02379,20.79134],[96.02365,20.79057],[96.02336,20.79111],[96.02196,20.79133],[96.02086,20.79033],[96.02024,20.79114],[96.02062,20.79114],[96.02061,20.79227],[96.02206,20.7921],[96.02244,20.79264],[96.02205,20.79305],[96.02311,20.79296],[96.02392,20.79355],[96.02368,20.79391],[96.02483,20.79414],[96.02493,20.7945],[96.0244,20.79455],[96.02454,20.79491],[96.02497,20.79469],[96.02531,20.79568],[96.02382,20.79558],[96.02357,20.79622],[96.02622,20.79573],[96.02612,20.79681],[96.02491,20.7974],[96.02515,20.7983],[96.02635,20.7988],[96.0273,20.8003],[96.02676,20.80165],[96.02566,20.80174],[96.02325,20.80294],[96.02268,20.80186],[96.0221,20.8019],[96.02187,20.8014],[96.02157,20.80221],[96.02056,20.80275],[96.01955,20.80293],[96.01893,20.80225],[96.01859,20.8027],[96.01821,20.80233],[96.01705,20.80274],[96.01609,20.80251],[96.01499,20.80327],[96.01527,20.80386],[96.01806,20.80364],[96.02026,20.80442],[96.02142,20.80393],[96.01939,20.80623],[96.01925,20.80582],[96.01829,20.80572],[96.01728,20.80649],[96.01756,20.80739],[96.01943,20.80717],[96.02121,20.80786],[96.02091,20.80985],[96.01942,20.81074],[96.01897,20.81291],[96.01979,20.81251],[96.01988,20.81332],[96.02055,20.81368],[96.02002,20.81418],[96.02132,20.81419],[96.02084,20.81382],[96.02113,20.81337],[96.02022,20.81292],[96.01975,20.81192],[96.01994,20.81106],[96.02033,20.81111],[96.02066,20.81165],[96.02003,20.81178],[96.02032,20.81237],[96.02042,20.81201],[96.02099,20.81215],[96.02056,20.81269],[96.02142,20.81269],[96.02123,20.81355],[96.02233,20.81374],[96.02214,20.81437],[96.02166,20.81419],[96.0216,20.81486],[96.02074,20.81504],[96.02131,20.81554],[96.0203,20.8159],[96.02044,20.81703],[96.01967,20.81707],[96.02001,20.81748],[96.01933,20.81793],[96.02077,20.81771],[96.02072,20.81807],[96.02125,20.81807],[96.02125,20.81857],[96.02063,20.81843],[96.02057,20.81933],[96.0212,20.81947],[96.02105,20.82073],[96.02176,20.82119],[96.02133,20.82227],[96.02114,20.82155],[96.02056,20.82182],[96.02085,20.82236],[96.02022,20.82231],[96.02046,20.82276],[96.02152,20.82286],[96.02094,20.82326],[96.02156,20.8239],[96.02179,20.82526],[96.02034,20.82674],[96.01977,20.82665],[96.01943,20.82719],[96.01943,20.82674],[96.01876,20.82682],[96.01971,20.82787],[96.01919,20.82737],[96.01846,20.82791],[96.01789,20.82759],[96.01784,20.82808],[96.01841,20.82809],[96.01822,20.82845],[96.01894,20.82859],[96.01957,20.82805],[96.02082,20.82828],[96.02067,20.82773],[96.02144,20.82801],[96.02086,20.82887],[96.02115,20.82918],[96.02057,20.829],[96.02062,20.8285],[96.02019,20.82904],[96.01937,20.82863],[96.01918,20.82954],[96.01783,20.83039],[96.01849,20.83116],[96.02013,20.83108],[96.01969,20.83143],[96.02056,20.83171],[96.02041,20.83234],[96.01964,20.83238],[96.0205,20.83279],[96.02055,20.8337],[96.01997,20.83374],[96.01982,20.83505],[96.01896,20.83464],[96.01867,20.83491],[96.02073,20.83551],[96.02082,20.83596],[96.02135,20.83564],[96.02159,20.83619],[96.02333,20.83534],[96.02573,20.83517],[96.02664,20.83589],[96.02659,20.83662],[96.02495,20.83656],[96.02417,20.83864],[96.02474,20.84],[96.02421,20.84017],[96.02397,20.84099],[96.02378,20.84062],[96.0232,20.8408],[96.02368,20.84094],[96.02315,20.84112],[96.02329,20.84162],[96.02444,20.84221],[96.02512,20.84185],[96.02435,20.84094],[96.02536,20.84126],[96.02503,20.84077],[96.02551,20.84068],[96.0254,20.84339],[96.02362,20.84356],[96.02405,20.84397],[96.02319,20.84383],[96.02285,20.84451],[96.02242,20.84437],[96.02295,20.84401],[96.02276,20.84338],[96.02256,20.84401],[96.02155,20.84373],[96.02107,20.84409],[96.02117,20.84445],[96.02126,20.84405],[96.02213,20.84405],[96.02207,20.84581],[96.02327,20.84595],[96.02307,20.84695],[96.02346,20.84713],[96.02255,20.84708],[96.02273,20.84789],[96.02321,20.84803],[96.02326,20.84744],[96.02408,20.8474],[96.02442,20.84686],[96.02418,20.84772],[96.02345,20.84812],[96.02412,20.8484],[96.02359,20.84943],[96.02431,20.84957],[96.02358,20.85151],[96.02459,20.85093],[96.02593,20.85179],[96.02478,20.85183],[96.02598,20.85252],[96.02588,20.85297],[96.0253,20.85269],[96.02516,20.85301],[96.02502,20.85256],[96.02468,20.8535],[96.02304,20.85368],[96.02972,20.85461],[96.02967,20.85325],[96.03108,20.85082],[96.03095,20.84779],[96.03279,20.84559],[96.03308,20.84455],[96.03303,20.8464],[96.03374,20.84686],[96.03408,20.84785],[96.03287,20.84889],[96.03205,20.84897],[96.03238,20.85001],[96.03156,20.85046],[96.03223,20.85101],[96.03108,20.85186],[96.03107,20.8529],[96.03285,20.85349],[96.03404,20.85499],[96.04029,20.85457],[96.04053,20.85394],[96.03978,20.85113],[96.03877,20.85013],[96.03946,20.8472],[96.03879,20.8462],[96.03904,20.8448],[96.03794,20.84484],[96.03799,20.84349],[96.03833,20.84259],[96.04036,20.8407],[96.04094,20.84047],[96.04185,20.84098],[96.04291,20.84053],[96.04305,20.8399],[96.04114,20.83808],[96.04071,20.83835],[96.04076,20.83799],[96.03793,20.83649],[96.03832,20.83531],[96.03958,20.83401],[96.03679,20.8241],[96.0342,20.82341],[96.03344,20.82183],[96.03566,20.81908],[96.03456,20.81741],[96.03403,20.81867],[96.03298,20.81758],[96.03327,20.81614],[96.03294,20.81514],[96.03377,20.81347],[96.03316,20.81035],[96.03186,20.8103],[96.03267,20.81193],[96.03228,20.81243],[96.03108,20.81242],[96.03003,20.8116],[96.0296,20.81183],[96.02931,20.81124],[96.02975,20.81016],[96.03013,20.81047],[96.03119,20.80985],[96.03095,20.8093],[96.03197,20.80804],[96.03227,20.80601],[96.03193,20.80533],[96.03141,20.80447],[96.03088,20.80474],[96.0304,20.80519],[96.03063,20.80632],[96.03025,20.80659],[96.03087,20.80723],[96.02952,20.80758],[96.02794,20.8059],[96.02525,20.80706],[96.02305,20.80498],[96.02372,20.8043],[96.02325,20.80407],[96.02363,20.80376],[96.02781,20.80351],[96.02907,20.80247],[96.03094,20.80239],[96.03071,20.80099],[96.02994,20.80076],[96.02979,20.80112],[96.02951,20.79995],[96.02874,20.8003],[96.02821,20.7999],[96.02736,20.79723],[96.02743,20.79456],[96.02931,20.79321],[96.02748,20.79352],[96.02715,20.79289],[96.02709,20.78521],[96.02598,20.78538],[96.02621,20.78688],[96.02569,20.78543],[96.02483,20.78565],[96.02487,20.78696],[96.02429,20.78727],[96.02453,20.788],[96.02366,20.78777],[96.02376,20.78822],[96.02482,20.78804],[96.0251,20.78805]],[[96.02341,20.81026],[96.02384,20.81036],[96.02346,20.80972],[96.0238,20.80918],[96.02582,20.80847],[96.02654,20.80897],[96.02673,20.80861],[96.02783,20.80879],[96.02797,20.80988],[96.02922,20.81047],[96.02797,20.81078],[96.02748,20.81155],[96.027,20.81127],[96.02743,20.81173],[96.02613,20.81235],[96.02637,20.81376],[96.0268,20.81376],[96.02627,20.81443],[96.02541,20.81375],[96.02579,20.81335],[96.02517,20.81339],[96.02527,20.81271],[96.02426,20.81212],[96.02436,20.81068],[96.02393,20.81158],[96.02341,20.81031],[96.02341,20.81026]],[[96.02939,20.81467],[96.03031,20.8131],[96.03204,20.81288],[96.03233,20.8136],[96.0316,20.81455],[96.03174,20.81586],[96.03016,20.81522],[96.02957,20.8163],[96.02968,20.81499],[96.02924,20.81508],[96.02925,20.81467],[96.02939,20.81467]],[[96.03254,20.81817],[96.03345,20.81948],[96.03311,20.82047],[96.03258,20.82061],[96.0332,20.82074],[96.03133,20.82105],[96.03061,20.81992],[96.03086,20.81897],[96.03168,20.81789],[96.03249,20.81817],[96.03254,20.81817]],[[96.03416,20.84139],[96.03318,20.84369],[96.03304,20.84297],[96.03223,20.84292],[96.03213,20.84247],[96.03411,20.84139],[96.03416,20.84139]]],[[[96.02202,20.8562],[96.02908,20.85596],[96.02942,20.85547],[96.02933,20.85511],[96.02448,20.8545],[96.02452,20.8549],[96.02251,20.85426],[96.02217,20.85471],[96.0215,20.85453],[96.02202,20.85534],[96.02106,20.85507],[96.0212,20.85566],[96.02164,20.85561],[96.0212,20.85611],[96.02187,20.8562],[96.02202,20.8562]]],[[[96.031,20.85782],[96.03245,20.85656],[96.03273,20.85706],[96.03389,20.85671],[96.03384,20.85616],[96.03105,20.85624],[96.03043,20.85692],[96.02985,20.85678],[96.02999,20.85732],[96.03086,20.85701],[96.0309,20.85782],[96.031,20.85782]]],[[[96.10586,20.86261],[96.1062,20.86076],[96.10538,20.86044],[96.10514,20.8608],[96.10327,20.85989],[96.10341,20.86066],[96.10423,20.86107],[96.10427,20.86197],[96.10557,20.86261],[96.10586,20.86261]]],[[[96.1566,20.86557],[96.1567,20.86453],[96.15756,20.86426],[96.15747,20.8629],[96.15695,20.86254],[96.15622,20.86362],[96.15636,20.86557],[96.1566,20.86557]]],[[[96.02314,20.86213],[96.02455,20.85992],[96.02459,20.8606],[96.02652,20.86006],[96.02691,20.85902],[96.02614,20.8583],[96.0272,20.85844],[96.02734,20.85794],[96.02753,20.8588],[96.02821,20.85786],[96.02816,20.85849],[96.02864,20.85804],[96.02855,20.85754],[96.0297,20.85728],[96.0297,20.85682],[96.02865,20.85628],[96.02456,20.85639],[96.02446,20.85707],[96.02432,20.85644],[96.02154,20.85661],[96.0212,20.85728],[96.02052,20.85719],[96.02061,20.85877],[96.02162,20.85914],[96.02181,20.85968],[96.02109,20.85968],[96.02061,20.85904],[96.02046,20.85958],[96.02109,20.86008],[96.02041,20.85976],[96.01998,20.86085],[96.01921,20.85967],[96.02027,20.85945],[96.0196,20.85935],[96.01989,20.85863],[96.02027,20.85909],[96.02032,20.85854],[96.01941,20.85791],[96.02004,20.85791],[96.02009,20.85741],[96.0187,20.8575],[96.01922,20.858],[96.01836,20.85786],[96.01835,20.85903],[96.01912,20.85953],[96.01887,20.86025],[96.01921,20.86044],[96.01878,20.86034],[96.01887,20.86111],[96.01849,20.86079],[96.01868,20.86143],[96.01829,20.86156],[96.0207,20.86103],[96.02088,20.86221],[96.02026,20.86157],[96.02044,20.86315],[96.02006,20.86338],[96.01939,20.86288],[96.01963,20.86365],[96.01828,20.86445],[96.01832,20.8649],[96.0189,20.86464],[96.01957,20.865],[96.01937,20.86604],[96.01986,20.8645],[96.02039,20.86491],[96.0203,20.86396],[96.02132,20.86185],[96.0218,20.86216],[96.02194,20.8618],[96.02314,20.86289],[96.0227,20.8633],[96.02343,20.86298],[96.0238,20.86425],[96.02419,20.86421],[96.02414,20.86335],[96.02497,20.86231],[96.02463,20.86213],[96.02448,20.86276],[96.02415,20.86195],[96.02314,20.86222],[96.02314,20.86213]]],[[[96.03085,20.86699],[96.03018,20.86803],[96.03297,20.86646],[96.03331,20.86601],[96.03288,20.86497],[96.0337,20.8652],[96.03375,20.86479],[96.03183,20.86496],[96.03086,20.8669],[96.03085,20.86699]]],[[[95.99266,20.86438],[95.99246,20.86501],[95.9916,20.86496],[95.99217,20.86614],[95.99178,20.8665],[95.99236,20.86664],[95.99226,20.86618],[95.99299,20.86592],[95.99312,20.86736],[95.99413,20.86741],[95.99432,20.868],[95.99307,20.8684],[95.9935,20.86863],[95.99311,20.86908],[95.99479,20.86931],[95.9948,20.86868],[95.99528,20.86868],[95.99547,20.86923],[95.99506,20.86416],[95.99472,20.86489],[95.99376,20.86457],[95.99386,20.86511],[95.99342,20.86506],[95.99357,20.86425],[95.99314,20.86474],[95.99271,20.86438],[95.99266,20.86438]]],[[[96.03824,20.8705],[96.03935,20.86988],[96.03974,20.86857],[96.03873,20.86884],[96.03805,20.87005],[96.0369,20.86973],[96.0368,20.86919],[96.0368,20.87014],[96.03723,20.86991],[96.03805,20.8705],[96.03824,20.8705]]],[[[96.16451,20.87061],[96.16557,20.87003],[96.16538,20.86976],[96.1661,20.86976],[96.16543,20.86935],[96.16553,20.86822],[96.16375,20.86785],[96.16345,20.87119],[96.16441,20.87124],[96.1648,20.87079],[96.16451,20.87066],[96.16451,20.87061]]],[[[96.16473,20.87486],[96.16613,20.87333],[96.16565,20.87333],[96.16633,20.87247],[96.16566,20.8717],[96.16643,20.87161],[96.16643,20.87107],[96.16633,20.87152],[96.16619,20.87098],[96.16547,20.87125],[96.16537,20.87219],[96.16464,20.87228],[96.16531,20.87341],[96.16426,20.87327],[96.16444,20.8744],[96.16411,20.87449],[96.16463,20.87486],[96.16473,20.87486]]],[[[96.1581,20.87501],[96.15863,20.87474],[96.15858,20.87375],[96.15916,20.87366],[96.15926,20.87276],[96.15883,20.87294],[96.15782,20.87226],[96.15752,20.87492],[96.158,20.87501],[96.1581,20.87501]]],[[[96.15324,20.8754],[96.15367,20.87495],[96.15363,20.87405],[96.1531,20.87405],[96.15373,20.87382],[96.15359,20.87206],[96.1534,20.8717],[96.15316,20.87256],[96.15316,20.87165],[96.15234,20.87178],[96.1523,20.86935],[96.15197,20.86934],[96.1524,20.86889],[96.15178,20.86871],[96.15174,20.86609],[96.15149,20.86889],[96.15067,20.86984],[96.15182,20.87029],[96.15305,20.8754],[96.15324,20.8754]]],[[[95.8657,20.87634],[95.86792,20.87459],[95.8675,20.87224],[95.86789,20.87233],[95.86804,20.87125],[95.86765,20.87174],[95.86679,20.87151],[95.86598,20.87038],[95.86705,20.86831],[95.86782,20.8679],[95.86614,20.86771],[95.8656,20.86871],[95.86561,20.86785],[95.86465,20.86762],[95.86401,20.86974],[95.86237,20.87022],[95.86214,20.869],[95.86123,20.86868],[95.86167,20.86796],[95.86139,20.86611],[95.8625,20.86539],[95.86331,20.86567],[95.86409,20.86436],[95.86149,20.86448],[95.85981,20.87211],[95.8602,20.87252],[95.85951,20.87391],[95.86081,20.8741],[95.86201,20.87519],[95.8636,20.8743],[95.8648,20.87435],[95.86368,20.87619],[95.86377,20.87678],[95.86502,20.87701],[95.8657,20.87643],[95.8657,20.87634]]],[[[96.1416,20.87811],[96.14112,20.87631],[96.14165,20.87649],[96.14161,20.87554],[96.14098,20.87639],[96.13978,20.87657],[96.13983,20.87576],[96.13896,20.87585],[96.1392,20.87634],[96.13853,20.8758],[96.13968,20.87698],[96.14069,20.87676],[96.14097,20.87811],[96.14145,20.87811],[96.1416,20.87811]]],[[[96.15178,20.87869],[96.15184,20.87748],[96.15227,20.87712],[96.15199,20.87621],[96.15151,20.87639],[96.15169,20.87806],[96.15107,20.87815],[96.15096,20.87932],[96.15087,20.87819],[96.15025,20.87833],[96.15043,20.87986],[96.15092,20.87941],[96.15106,20.87982],[96.15164,20.87969],[96.15178,20.87897],[96.15178,20.87869]]],[[[96.165,20.87897],[96.16495,20.87947],[96.16467,20.87883],[96.16462,20.87933],[96.16414,20.87892],[96.16264,20.87959],[96.165,20.88005],[96.16476,20.87956],[96.16524,20.87938],[96.16509,20.87969],[96.16562,20.87988],[96.16471,20.88028],[96.16504,20.881],[96.16475,20.88132],[96.16571,20.88186],[96.16663,20.88128],[96.16605,20.88101],[96.16706,20.88065],[96.16697,20.88024],[96.1661,20.88042],[96.16639,20.87983],[96.16716,20.87997],[96.16649,20.87893],[96.16683,20.87834],[96.16621,20.87784],[96.16645,20.87748],[96.16568,20.87766],[96.16601,20.87839],[96.16505,20.87829],[96.165,20.87892],[96.165,20.87897]]],[[[96.15533,20.88196],[96.15582,20.87894],[96.155,20.87871],[96.15437,20.88178],[96.15523,20.88196],[96.15533,20.88196]]],[[[96.13735,20.88248],[96.1385,20.88217],[96.13855,20.88126],[96.13913,20.88226],[96.14019,20.88186],[96.14077,20.88064],[96.1413,20.88087],[96.14139,20.8801],[96.14178,20.88073],[96.14221,20.87956],[96.14279,20.87961],[96.14323,20.87862],[96.14198,20.87834],[96.14159,20.87965],[96.14101,20.87933],[96.14063,20.88001],[96.14068,20.87797],[96.14025,20.87788],[96.14034,20.87946],[96.13962,20.87987],[96.13986,20.88046],[96.1387,20.88063],[96.1387,20.88113],[96.13846,20.88063],[96.13817,20.88099],[96.13755,20.88054],[96.13807,20.88117],[96.13735,20.88108],[96.13696,20.88248],[96.13735,20.88248]]],[[[96.15287,20.88435],[96.15293,20.88096],[96.15216,20.88114],[96.15148,20.88276],[96.15186,20.88312],[96.15133,20.88344],[96.15277,20.88435],[96.15287,20.88435]]],[[[95.99616,20.88355],[95.99621,20.88423],[95.99707,20.88405],[95.99707,20.88509],[95.99788,20.88613],[95.99735,20.88658],[95.99788,20.88654],[95.99819,20.88153],[95.99773,20.87796],[95.99841,20.87624],[95.99828,20.87457],[95.99784,20.8752],[95.99717,20.87475],[95.99563,20.87546],[95.99563,20.87582],[95.99668,20.87587],[95.99558,20.87591],[95.99557,20.87636],[95.99706,20.87714],[95.99542,20.87754],[95.99571,20.87822],[95.99537,20.87835],[95.9958,20.87853],[95.99609,20.87799],[95.99633,20.87845],[95.99585,20.87885],[95.99609,20.87917],[95.99522,20.8793],[95.9958,20.87962],[95.9956,20.88111],[95.99598,20.88111],[95.99631,20.88206],[95.99728,20.88197],[95.9977,20.88274],[95.99712,20.88337],[95.99597,20.88314],[95.99573,20.88355],[95.99607,20.88355],[95.99616,20.88355]]],[[[96.1391,20.88759],[96.14002,20.88687],[96.1393,20.8861],[96.1382,20.88601],[96.13833,20.8875],[96.13896,20.88759],[96.1391,20.88759]]],[[[96.1537,20.89058],[96.15279,20.8904],[96.15289,20.8899],[96.15227,20.88954],[96.15217,20.88845],[96.15294,20.88886],[96.15314,20.88832],[96.1528,20.888],[96.15241,20.88859],[96.15227,20.88778],[96.15314,20.88755],[96.15218,20.88705],[96.1529,20.88737],[96.153,20.88688],[96.15386,20.88683],[96.15363,20.88656],[96.15411,20.88611],[96.15511,20.88783],[96.15531,20.88666],[96.15455,20.88498],[96.15522,20.8849],[96.15397,20.88471],[96.15445,20.88498],[96.15392,20.88503],[96.15354,20.88448],[96.15272,20.88462],[96.15166,20.88407],[96.152,20.88434],[96.1518,20.88552],[96.15156,20.88515],[96.1507,20.88578],[96.15059,20.88885],[96.15011,20.88827],[96.14967,20.88957],[96.15015,20.88962],[96.15049,20.8889],[96.15049,20.88985],[96.14952,20.89007],[96.14929,20.88935],[96.14895,20.89038],[96.14995,20.89084],[96.1502,20.89048],[96.15024,20.89084],[96.15082,20.89066],[96.15121,20.88904],[96.1516,20.88899],[96.15145,20.88981],[96.15265,20.88986],[96.15187,20.89207],[96.15245,20.89243],[96.15317,20.89207],[96.15351,20.89149],[96.15298,20.89117],[96.1537,20.89067],[96.1537,20.89058]]],[[[96.15596,20.89168],[96.15611,20.89122],[96.15563,20.89104],[96.15597,20.89005],[96.15611,20.8905],[96.1563,20.8901],[96.15707,20.89019],[96.1564,20.88974],[96.15707,20.88969],[96.15712,20.88879],[96.15765,20.88857],[96.15458,20.8881],[96.15568,20.88942],[96.15424,20.88946],[96.15419,20.88982],[96.15405,20.88936],[96.15376,20.88954],[96.15404,20.89009],[96.1536,20.89144],[96.155,20.89158],[96.15491,20.89036],[96.15534,20.89],[96.15514,20.8924],[96.15572,20.89249],[96.15577,20.89122],[96.15591,20.89168],[96.15596,20.89168]]],[[[96.1629,20.88637],[96.1629,20.88727],[96.16146,20.88718],[96.16131,20.88781],[96.16054,20.88749],[96.16044,20.88808],[96.16145,20.88876],[96.16068,20.88889],[96.16097,20.89011],[96.16034,20.89133],[96.16105,20.89179],[96.16048,20.89183],[96.16067,20.89215],[96.1599,20.89305],[96.16071,20.89291],[96.16057,20.89233],[96.16134,20.89188],[96.16125,20.8912],[96.16226,20.89165],[96.16206,20.89215],[96.16317,20.89188],[96.16216,20.89138],[96.16279,20.89057],[96.16178,20.88994],[96.16232,20.88885],[96.1615,20.8884],[96.1628,20.88872],[96.16424,20.88755],[96.16391,20.88723],[96.1642,20.88665],[96.16454,20.88678],[96.16425,20.88647],[96.16459,20.88574],[96.16541,20.88516],[96.16436,20.88412],[96.16575,20.88376],[96.16556,20.8829],[96.1646,20.88272],[96.16388,20.88344],[96.16215,20.8833],[96.16258,20.88375],[96.162,20.8837],[96.16205,20.88415],[96.16234,20.88388],[96.16329,20.88488],[96.16397,20.88466],[96.16315,20.88569],[96.16305,20.88484],[96.16204,20.88533],[96.16281,20.88551],[96.16199,20.88673],[96.16286,20.88637],[96.1629,20.88637]]],[[[96.15483,20.89605],[96.1558,20.89407],[96.15412,20.89415],[96.15402,20.89564],[96.15469,20.89605],[96.15483,20.89605]]],[[[96.14397,20.89543],[96.14446,20.89493],[96.14412,20.89439],[96.14268,20.89398],[96.14296,20.89651],[96.14368,20.89597],[96.14368,20.89542],[96.14397,20.89543]]],[[[95.97743,20.89801],[95.9787,20.89377],[95.97819,20.89169],[95.97737,20.89227],[95.97833,20.89255],[95.97832,20.89363],[95.97794,20.89318],[95.9776,20.89358],[95.97731,20.89308],[95.97692,20.89417],[95.97721,20.89471],[95.97639,20.89475],[95.97606,20.8947],[95.97625,20.89394],[95.97553,20.89335],[95.97586,20.89502],[95.97499,20.89574],[95.97523,20.89633],[95.97672,20.89597],[95.97614,20.89696],[95.977,20.89706],[95.97738,20.89801],[95.97743,20.89801]]],[[[96.04637,20.89878],[96.04695,20.89824],[96.048,20.89856],[96.0482,20.89747],[96.04758,20.89738],[96.04734,20.89675],[96.04628,20.89715],[96.04589,20.89801],[96.04622,20.89877],[96.04637,20.89878]]],[[[95.85773,20.88307],[95.85432,20.89819],[95.85513,20.8981],[95.85513,20.89869],[95.85427,20.89855],[95.8545,20.89905],[95.85347,20.90238],[95.85464,20.90072],[95.85459,20.89991],[95.85666,20.8996],[95.85671,20.89897],[95.8558,20.89914],[95.85609,20.8986],[95.85514,20.89765],[95.85548,20.89693],[95.85509,20.89675],[95.85553,20.8967],[95.85611,20.89508],[95.85732,20.89387],[95.85753,20.89233],[95.85761,20.89342],[95.85945,20.8923],[95.85984,20.89135],[95.85955,20.89117],[95.85998,20.89108],[95.86111,20.8882],[95.86068,20.88752],[95.85867,20.88651],[95.8592,20.88633],[95.85906,20.88579],[95.85867,20.88588],[95.85887,20.88534],[95.85843,20.88534],[95.85882,20.88489],[95.85797,20.88222],[95.85773,20.88303],[95.85773,20.88307]]],[[[96.11408,20.90312],[96.11414,20.901],[96.11337,20.90055],[96.11312,20.9028],[96.11394,20.90272],[96.11399,20.90312],[96.11408,20.90312]]],[[[95.99495,20.89443],[95.99486,20.89348],[95.99534,20.89389],[95.99554,20.89245],[95.99453,20.89267],[95.99452,20.89389],[95.99409,20.8933],[95.99342,20.89366],[95.99399,20.89366],[95.99384,20.89533],[95.99331,20.89515],[95.99341,20.89384],[95.99298,20.8942],[95.99279,20.89383],[95.99249,20.89523],[95.99297,20.89659],[95.99157,20.89686],[95.99268,20.89672],[95.99253,20.89835],[95.99109,20.89794],[95.98959,20.89938],[95.98882,20.89883],[95.98902,20.89806],[95.98844,20.89738],[95.98753,20.8976],[95.98762,20.89873],[95.98824,20.89892],[95.988,20.8995],[95.98954,20.89978],[95.99026,20.89884],[95.99089,20.89934],[95.99064,20.90046],[95.98929,20.90145],[95.98837,20.90321],[95.98913,20.90339],[95.98856,20.90285],[95.98895,20.90253],[95.98914,20.9029],[95.98923,20.90245],[95.99048,20.90304],[95.99226,20.90282],[95.99274,20.90228],[95.99313,20.90301],[95.99329,20.89863],[95.99398,20.8966],[95.99311,20.89673],[95.99355,20.89601],[95.99302,20.89587],[95.99393,20.89578],[95.99413,20.89497],[95.99461,20.89524],[95.99495,20.89457],[95.99495,20.89443]]],[[[96.01327,20.90224],[96.01265,20.90206],[96.0139,20.90215],[96.01265,20.9012],[96.01227,20.90133],[96.0128,20.90161],[96.01212,20.90169],[96.01203,20.9012],[96.01059,20.90101],[96.0103,20.90141],[96.00982,20.90078],[96.00957,20.90168],[96.00919,20.90141],[96.00928,20.90186],[96.01073,20.90182],[96.01057,20.9034],[96.01091,20.9035],[96.01182,20.90345],[96.01183,20.90282],[96.01332,20.90265],[96.01327,20.90229],[96.01327,20.90224]]],[[[96.15027,20.90575],[96.1509,20.90544],[96.151,20.9048],[96.15033,20.90471],[96.15014,20.90412],[96.15139,20.90422],[96.15072,20.90322],[96.1513,20.90309],[96.15159,20.90228],[96.15053,20.90218],[96.14942,20.90317],[96.15018,20.9048],[96.14961,20.90444],[96.14941,20.90502],[96.15028,20.9053],[96.14989,20.90548],[96.15023,20.90575],[96.15027,20.90575]]],[[[96.10766,20.91042],[96.10882,20.90938],[96.10834,20.90875],[96.10863,20.90821],[96.10805,20.90857],[96.10809,20.90929],[96.10642,20.90793],[96.10642,20.90707],[96.10503,20.90566],[96.10537,20.90481],[96.10499,20.90417],[96.10432,20.90503],[96.10489,20.90503],[96.10446,20.90544],[96.10455,20.90629],[96.10536,20.90697],[96.10531,20.90788],[96.10603,20.90887],[96.1068,20.90919],[96.10689,20.90974],[96.10631,20.9101],[96.10756,20.91042],[96.10766,20.91042]]],[[[96.15296,20.90815],[96.15387,20.90802],[96.15339,20.90843],[96.1543,20.90897],[96.15367,20.90933],[96.15411,20.90915],[96.15439,20.90956],[96.15469,20.90848],[96.1557,20.90848],[96.15526,20.90807],[96.15676,20.90794],[96.15637,20.90713],[96.15691,20.90605],[96.15624,20.90491],[96.15653,20.90437],[96.15662,20.90496],[96.15682,20.90433],[96.15572,20.90383],[96.15792,20.90424],[96.15798,20.90298],[96.15894,20.90244],[96.16005,20.9028],[96.16005,20.90213],[96.15923,20.90181],[96.16029,20.90172],[96.15982,20.90064],[96.1579,20.89977],[96.15977,20.89937],[96.15982,20.89874],[96.15872,20.89878],[96.15901,20.89797],[96.15867,20.89783],[96.15969,20.89711],[96.1607,20.89711],[96.16041,20.89648],[96.16113,20.89585],[96.16085,20.89535],[96.16133,20.89463],[96.16172,20.89468],[96.16119,20.89418],[96.16172,20.89355],[96.16071,20.89418],[96.15965,20.89413],[96.15853,20.8967],[96.15786,20.8962],[96.15671,20.89651],[96.15699,20.89787],[96.1579,20.8986],[96.15669,20.90017],[96.15789,20.90131],[96.15726,20.90117],[96.15717,20.90189],[96.1552,20.90102],[96.15481,20.90157],[96.15505,20.90301],[96.15432,20.90364],[96.15562,20.90301],[96.15567,20.90383],[96.15466,20.90432],[96.15485,20.90495],[96.15431,20.90558],[96.15537,20.90595],[96.15614,20.90568],[96.15652,20.90613],[96.15556,20.90613],[96.15522,20.90744],[96.15344,20.90662],[96.15349,20.90617],[96.15248,20.90684],[96.15166,20.9067],[96.15171,20.90833],[96.15108,20.90855],[96.15137,20.9091],[96.15093,20.91036],[96.15155,20.91054],[96.15164,20.91158],[96.15222,20.91118],[96.15179,20.91104],[96.15213,20.91064],[96.15174,20.91045],[96.15175,20.90905],[96.15208,20.91018],[96.15256,20.91019],[96.15247,20.90888],[96.153,20.90888],[96.1531,20.90834],[96.15262,20.90847],[96.15296,20.9082],[96.15296,20.90815]]],[[[96.03207,20.91267],[96.03327,20.91254],[96.03308,20.91195],[96.0325,20.91218],[96.03241,20.91159],[96.03217,20.91204],[96.03227,20.91105],[96.03082,20.91127],[96.03078,20.91068],[96.03096,20.91208],[96.03139,20.91235],[96.03154,20.9119],[96.03183,20.91267],[96.03207,20.91267]]],[[[96.14385,20.91318],[96.14332,20.91304],[96.14332,20.9125],[96.14385,20.91318],[96.14539,20.91328],[96.14587,20.91161],[96.14501,20.91151],[96.14602,20.91084],[96.14511,20.9098],[96.14415,20.91056],[96.1441,20.90997],[96.14309,20.90947],[96.1428,20.91074],[96.14318,20.91101],[96.14294,20.91187],[96.14342,20.91178],[96.14317,20.91318],[96.14404,20.91354],[96.14385,20.91322],[96.14385,20.91318]]],[[[96.14239,20.91778],[96.14162,20.91683],[96.14364,20.9158],[96.14297,20.91575],[96.14259,20.91485],[96.14302,20.91498],[96.14307,20.91458],[96.14331,20.91517],[96.14384,20.91417],[96.14303,20.91399],[96.14255,20.91254],[96.14116,20.91317],[96.14053,20.91244],[96.14091,20.91344],[96.14154,20.91317],[96.14154,20.91394],[96.14259,20.91458],[96.14206,20.91579],[96.14249,20.91584],[96.14264,20.9153],[96.14268,20.91593],[96.14172,20.91633],[96.14138,20.91706],[96.14229,20.91778],[96.14239,20.91778]]],[[[96.1406,20.9199],[96.14104,20.91854],[96.14032,20.91782],[96.14118,20.91773],[96.14071,20.91723],[96.14119,20.91665],[96.14081,20.91619],[96.14148,20.91597],[96.14129,20.91565],[96.14191,20.91552],[96.14225,20.91475],[96.1411,20.91434],[96.14024,20.91335],[96.14033,20.9143],[96.14081,20.91443],[96.13927,20.91569],[96.13985,20.91411],[96.13894,20.91406],[96.1387,20.91479],[96.13918,20.91497],[96.1387,20.91501],[96.13855,20.91569],[96.13994,20.91624],[96.13759,20.91596],[96.13744,20.91645],[96.13763,20.917],[96.1383,20.91713],[96.13777,20.91731],[96.1383,20.91772],[96.1394,20.91791],[96.13911,20.91845],[96.13974,20.91849],[96.1395,20.91795],[96.13989,20.91786],[96.14027,20.91832],[96.13993,20.91872],[96.14055,20.91881],[96.14055,20.9199],[96.1406,20.9199]]],[[[95.9676,20.92073],[95.96822,20.92028],[95.96828,20.91956],[95.96766,20.91874],[95.9665,20.91869],[95.96649,20.92],[95.9675,20.92073],[95.9676,20.92073]]],[[[96.1356,20.9183],[96.13575,20.91749],[96.13599,20.91834],[96.13555,20.91857],[96.13604,20.91866],[96.13618,20.91947],[96.1367,20.91943],[96.13627,20.91979],[96.13718,20.92007],[96.13612,20.92056],[96.13901,20.92102],[96.13867,20.92188],[96.14026,20.92089],[96.14324,20.92081],[96.14367,20.92041],[96.14358,20.91914],[96.14253,20.91774],[96.14339,20.91964],[96.14314,20.92036],[96.14151,20.92067],[96.14117,20.92035],[96.13934,20.92111],[96.13901,20.92003],[96.13954,20.91922],[96.13849,20.91881],[96.13691,20.91641],[96.13657,20.91659],[96.13677,20.9155],[96.13648,20.91487],[96.13596,20.91496],[96.13634,20.91392],[96.13582,20.91365],[96.13562,20.91468],[96.13499,20.91464],[96.13485,20.91518],[96.13615,20.91541],[96.136,20.91581],[96.13321,20.91553],[96.13427,20.91653],[96.13431,20.91757],[96.13474,20.91721],[96.13556,20.9183],[96.1356,20.9183]]],[[[96.06307,20.92496],[96.0634,20.92433],[96.06306,20.92519],[96.06354,20.9255],[96.06428,20.92325],[96.0626,20.92184],[96.06221,20.92225],[96.0626,20.92256],[96.06178,20.9231],[96.06307,20.92369],[96.06303,20.92306],[96.06356,20.92302],[96.06326,20.92347],[96.06384,20.92338],[96.06394,20.92388],[96.06302,20.92437],[96.06287,20.92496],[96.06307,20.92496]]],[[[96.11225,20.92634],[96.11181,20.92652],[96.11162,20.92593],[96.1122,20.92598],[96.11235,20.92422],[96.11101,20.92425],[96.11086,20.92493],[96.11153,20.92498],[96.11114,20.92575],[96.11153,20.92643],[96.1109,20.92651],[96.11157,20.92665],[96.11128,20.92751],[96.11306,20.92779],[96.11278,20.92553],[96.11225,20.92625],[96.11225,20.92634]]],[[[96.05141,20.92803],[96.05161,20.92681],[96.05109,20.92509],[96.05028,20.92445],[96.04936,20.92504],[96.05018,20.9254],[96.04998,20.9263],[96.05046,20.92707],[96.05079,20.92694],[96.05074,20.92766],[96.05118,20.92748],[96.05103,20.92708],[96.05137,20.92721],[96.05127,20.92803],[96.05141,20.92803]]],[[[96.13438,20.93406],[96.13578,20.9319],[96.13584,20.92986],[96.13816,20.92716],[96.13817,20.92594],[96.13707,20.92454],[96.13678,20.92327],[96.13852,20.92174],[96.13732,20.92219],[96.1365,20.92341],[96.1365,20.92282],[96.13578,20.92241],[96.13593,20.92074],[96.13425,20.92069],[96.13381,20.92218],[96.13419,20.92317],[96.13351,20.92403],[96.13313,20.92375],[96.1324,20.92425],[96.13212,20.92371],[96.13072,20.92402],[96.13173,20.9247],[96.13221,20.92416],[96.1325,20.9252],[96.13428,20.92498],[96.13475,20.92683],[96.13485,20.92561],[96.13591,20.92553],[96.13509,20.92516],[96.13543,20.92422],[96.13591,20.92431],[96.13572,20.92399],[96.13664,20.9235],[96.13721,20.92504],[96.13668,20.92539],[96.13711,20.92531],[96.13769,20.92608],[96.13763,20.92743],[96.13681,20.92824],[96.13677,20.92756],[96.13614,20.92779],[96.13484,20.92719],[96.13374,20.92755],[96.13643,20.92788],[96.13628,20.92874],[96.13556,20.92855],[96.13599,20.9291],[96.13493,20.9304],[96.13531,20.93099],[96.13468,20.93108],[96.13526,20.93153],[96.13458,20.93153],[96.13401,20.93044],[96.13396,20.93108],[96.13256,20.93193],[96.13367,20.93248],[96.13338,20.93288],[96.13409,20.93352],[96.13453,20.9332],[96.13428,20.93406],[96.13438,20.93406]]],[[[96.11725,20.93634],[96.1175,20.93526],[96.11673,20.93485],[96.11712,20.93467],[96.11751,20.93173],[96.11674,20.93209],[96.11559,20.93159],[96.1154,20.93222],[96.11424,20.93199],[96.11491,20.93245],[96.11385,20.93312],[96.115,20.9338],[96.11419,20.93389],[96.11418,20.93425],[96.11543,20.93471],[96.11552,20.93602],[96.11634,20.93625],[96.11663,20.93584],[96.11696,20.93634],[96.11725,20.93634]]],[[[96.10721,20.93486],[96.10558,20.93431],[96.10557,20.93526],[96.10634,20.93521],[96.10557,20.93557],[96.1059,20.9363],[96.1048,20.93598],[96.10528,20.93647],[96.10446,20.93656],[96.10398,20.93724],[96.10532,20.93751],[96.10552,20.93639],[96.10662,20.9368],[96.10634,20.93553],[96.10673,20.93526],[96.1072,20.93567],[96.10745,20.93454],[96.1073,20.93486],[96.10721,20.93486]]],[[[95.98073,20.93769],[95.98111,20.93719],[95.98054,20.93683],[95.98069,20.93624],[95.98011,20.93606],[95.9805,20.93574],[95.98031,20.93516],[95.97968,20.93511],[95.97959,20.93452],[95.97906,20.93551],[95.97833,20.93546],[95.97786,20.93483],[95.97757,20.93523],[95.97814,20.93564],[95.97747,20.93541],[95.97665,20.93622],[95.97684,20.93658],[95.97828,20.93646],[95.97765,20.9374],[95.97881,20.93687],[95.97924,20.93745],[95.98044,20.93769],[95.98068,20.93737],[95.98063,20.93769],[95.98073,20.93769]]],[[[96.03289,20.93915],[96.0332,20.93612],[96.03392,20.93549],[96.03354,20.93504],[96.03315,20.93558],[96.03311,20.93454],[96.03359,20.93418],[96.03311,20.93404],[96.03238,20.93526],[96.0328,20.93915],[96.03289,20.93915]]],[[[96.13546,20.93921],[96.13619,20.93863],[96.13566,20.93786],[96.13558,20.93565],[96.13485,20.93718],[96.13479,20.93917],[96.13542,20.93817],[96.1358,20.9384],[96.13537,20.93921],[96.13546,20.93921]]],[[[96.14874,20.93737],[96.1487,20.93692],[96.1475,20.93705],[96.14711,20.9365],[96.14914,20.93597],[96.14909,20.93529],[96.14866,20.93547],[96.1488,20.93475],[96.14837,20.93484],[96.14808,20.9342],[96.14934,20.93362],[96.14896,20.93222],[96.14954,20.93227],[96.14915,20.93186],[96.14963,20.93154],[96.14848,20.93176],[96.14853,20.93018],[96.1482,20.93072],[96.14777,20.93023],[96.14815,20.93014],[96.14724,20.92977],[96.14724,20.92937],[96.14604,20.92918],[96.14589,20.92963],[96.14547,20.92823],[96.14532,20.92918],[96.14493,20.929],[96.14488,20.93103],[96.14368,20.93089],[96.14348,20.93193],[96.14247,20.93156],[96.14281,20.93188],[96.14256,20.93256],[96.14237,20.93183],[96.14184,20.93269],[96.14127,20.93205],[96.14102,20.93264],[96.14141,20.93314],[96.14179,20.93282],[96.14184,20.93323],[96.14131,20.93323],[96.14092,20.93404],[96.14025,20.93404],[96.1402,20.93313],[96.13953,20.93417],[96.13986,20.93507],[96.13895,20.93412],[96.13837,20.93462],[96.13885,20.93466],[96.13875,20.93503],[96.13798,20.93493],[96.13799,20.93331],[96.13857,20.93213],[96.13771,20.93091],[96.13804,20.93254],[96.13707,20.93479],[96.1375,20.9347],[96.1374,20.93552],[96.13793,20.93624],[96.13754,20.93656],[96.13706,20.93606],[96.13711,20.93705],[96.13831,20.9367],[96.13874,20.93751],[96.13961,20.93706],[96.14033,20.9377],[96.14134,20.93757],[96.14153,20.93806],[96.13912,20.93832],[96.13869,20.93896],[96.13734,20.93922],[96.13643,20.93881],[96.13652,20.9394],[96.13873,20.93945],[96.13984,20.93882],[96.14114,20.93883],[96.1435,20.93893],[96.1447,20.93966],[96.15273,20.93951],[96.15163,20.93797],[96.14951,20.93818],[96.14874,20.93741],[96.14874,20.93737]]],[[[96.12969,20.9401],[96.1333,20.93961],[96.13412,20.93785],[96.13235,20.93762],[96.13216,20.93712],[96.13047,20.93779],[96.13004,20.93721],[96.1296,20.93865],[96.12873,20.93892],[96.12907,20.93905],[96.12873,20.94005],[96.12959,20.94009],[96.12969,20.9401]]],[[[95.85034,20.9339],[95.8502,20.93358],[95.84967,20.93394],[95.84986,20.93344],[95.84885,20.93348],[95.84886,20.93267],[95.84866,20.93326],[95.84688,20.9332],[95.84741,20.93343],[95.84683,20.93365],[95.84659,20.93474],[95.84721,20.93492],[95.84745,20.93578],[95.84903,20.9366],[95.84864,20.93768],[95.84999,20.93706],[95.85099,20.93724],[95.85123,20.93774],[95.85012,20.93891],[95.84844,20.93904],[95.84776,20.93971],[95.84752,20.93921],[95.84722,20.94043],[95.84838,20.93999],[95.84794,20.9408],[95.84876,20.94089],[95.84847,20.94152],[95.84958,20.94121],[95.85108,20.93937],[95.85252,20.93992],[95.85223,20.93924],[95.85277,20.93866],[95.85287,20.93744],[95.85393,20.93744],[95.85331,20.93608],[95.85337,20.93473],[95.8512,20.9349],[95.85087,20.93399],[95.85039,20.9339],[95.85034,20.9339]]],[[[96.14722,20.9459],[96.15421,20.94218],[96.15455,20.94141],[96.15349,20.94199],[96.15335,20.94109],[96.15305,20.94253],[96.14717,20.9459],[96.14722,20.9459]]],[[[96.15816,20.95087],[96.15764,20.94942],[96.15836,20.94947],[96.15846,20.94901],[96.15754,20.94874],[96.15677,20.9491],[96.15678,20.94865],[96.15605,20.94842],[96.15663,20.94973],[96.15811,20.95087],[96.15816,20.95087]]],[[[96.04704,20.9562],[96.04834,20.95607],[96.04912,20.9553],[96.04647,20.95597],[96.04613,20.95547],[96.04671,20.95452],[96.04488,20.95524],[96.04498,20.9561],[96.04527,20.95551],[96.0456,20.95601],[96.04695,20.9562],[96.04704,20.9562]]],[[[95.84639,20.958],[95.84731,20.9566],[95.84745,20.95746],[95.84813,20.95715],[95.84746,20.95597],[95.84646,20.95552],[95.84592,20.95592],[95.84588,20.95542],[95.84573,20.95619],[95.84491,20.95618],[95.8462,20.95741],[95.84586,20.95849],[95.84639,20.9585],[95.84654,20.958],[95.84639,20.958]]],[[[95.96656,20.96025],[95.96676,20.95939],[95.96763,20.95904],[95.96749,20.95809],[95.9659,20.95835],[95.96556,20.9593],[95.96647,20.96025],[95.96656,20.96025]]],[[[96.12209,20.96175],[96.12248,20.95985],[96.12215,20.95859],[96.12162,20.95854],[96.12018,20.95926],[96.12195,20.96175],[96.12209,20.96175]]],[[[96.10674,20.96399],[96.1079,20.96341],[96.10809,20.96282],[96.10739,20.95925],[96.10629,20.95789],[96.10556,20.95834],[96.10479,20.95784],[96.10527,20.9587],[96.10599,20.95861],[96.10532,20.95884],[96.10546,20.95938],[96.10455,20.95947],[96.10498,20.95992],[96.10464,20.96001],[96.10483,20.96051],[96.1043,20.96028],[96.1041,20.96163],[96.10454,20.96168],[96.10483,20.96055],[96.10492,20.96272],[96.10659,20.96399],[96.10674,20.96399]]],[[[95.97736,20.97377],[95.98005,20.97333],[95.98064,20.97229],[95.97876,20.97228],[95.97909,20.97283],[95.97746,20.97286],[95.97702,20.97322],[95.97726,20.97377],[95.97736,20.97377]]],[[[96.10815,20.9813],[96.10777,20.98121],[96.108,20.9818],[96.10945,20.98144],[96.10954,20.98248],[96.10901,20.98257],[96.10935,20.98302],[96.10833,20.98333],[96.10819,20.98261],[96.10781,20.9827],[96.10756,20.98378],[96.10718,20.98378],[96.10761,20.98442],[96.10708,20.98473],[96.1067,20.98378],[96.10669,20.98477],[96.10929,20.98469],[96.10915,20.98365],[96.11113,20.98298],[96.11113,20.98199],[96.10998,20.98171],[96.11017,20.98108],[96.10897,20.98099],[96.10936,20.98013],[96.10998,20.97991],[96.1096,20.9795],[96.10797,20.97954],[96.10801,20.97994],[96.10864,20.97981],[96.1084,20.98022],[96.10902,20.98017],[96.10883,20.98099],[96.1082,20.9813],[96.10815,20.9813]]],[[[96.11039,20.98592],[96.11092,20.98583],[96.11108,20.9833],[96.10996,20.98433],[96.1102,20.98501],[96.10962,20.98537],[96.10957,20.98587],[96.11029,20.98592],[96.11039,20.98592]]],[[[96.13947,20.99109],[96.14068,20.98992],[96.1416,20.98703],[96.14118,20.98568],[96.13912,20.98291],[96.13897,20.98327],[96.14132,20.98676],[96.14058,20.98924],[96.13967,20.99042],[96.13967,20.98978],[96.13919,20.98996],[96.13937,20.99109],[96.13947,20.99109]]],[[[96.00541,20.98962],[96.00512,20.98953],[96.00526,20.99012],[96.00454,20.98998],[96.00473,20.99043],[96.00546,20.99043],[96.00574,20.99156],[96.00478,20.99147],[96.00434,20.99242],[96.00352,20.99232],[96.00323,20.99277],[96.00472,20.99319],[96.00559,20.9926],[96.0054,20.99188],[96.00655,20.9917],[96.00632,20.99075],[96.00666,20.99026],[96.0057,20.9898],[96.00628,20.98962],[96.00547,20.98822],[96.00474,20.98871],[96.00498,20.98939],[96.0057,20.98899],[96.00589,20.98944],[96.00541,20.98953],[96.00541,20.98962]]],[[[96.12054,20.9963],[96.12151,20.99567],[96.12181,20.99319],[96.12133,20.99305],[96.12123,20.99233],[96.12181,20.99179],[96.12129,20.99134],[96.12182,20.9903],[96.1212,20.98994],[96.12172,20.98985],[96.12192,20.98872],[96.12134,20.98944],[96.12067,20.98908],[96.12076,20.98984],[96.12014,20.98975],[96.11994,20.99034],[96.11922,20.99043],[96.11965,20.99174],[96.12042,20.9921],[96.11993,20.99255],[96.1206,20.99305],[96.12085,20.99265],[96.12108,20.99323],[96.12045,20.99508],[96.11973,20.99522],[96.12045,20.9963],[96.12054,20.9963]]],[[[96.03313,20.99756],[96.03463,20.99603],[96.03498,20.99301],[96.03464,20.99291],[96.03498,20.99228],[96.03465,20.99097],[96.03538,20.98948],[96.03639,20.98899],[96.03616,20.98696],[96.03737,20.9852],[96.03686,20.98308],[96.03595,20.98163],[96.0346,20.98212],[96.0345,20.98289],[96.03431,20.98239],[96.03287,20.98274],[96.03316,20.9822],[96.03248,20.98197],[96.03277,20.98161],[96.03162,20.98143],[96.03158,20.98066],[96.03288,20.98039],[96.03254,20.98008],[96.03322,20.97945],[96.03284,20.97917],[96.0336,20.97972],[96.03375,20.97931],[96.03452,20.97932],[96.03585,20.98145],[96.03443,20.97832],[96.02962,20.97776],[96.03,20.97912],[96.03134,20.97966],[96.03105,20.98102],[96.03153,20.98138],[96.03161,20.98278],[96.03238,20.98288],[96.03224,20.98351],[96.03151,20.98341],[96.0318,20.98391],[96.03122,20.98459],[96.03131,20.98558],[96.03194,20.98509],[96.03199,20.98423],[96.03343,20.98469],[96.03265,20.98658],[96.03303,20.98726],[96.03274,20.98807],[96.03399,20.98848],[96.03273,20.98947],[96.03149,20.98802],[96.0299,20.98833],[96.02938,20.98783],[96.02851,20.98792],[96.02754,20.98846],[96.02725,20.99004],[96.02806,20.99144],[96.02777,20.99189],[96.02926,20.99239],[96.02916,20.99275],[96.02978,20.9928],[96.03003,20.99176],[96.03099,20.99209],[96.03069,20.99394],[96.02973,20.99438],[96.03006,20.99565],[96.02934,20.99506],[96.02963,20.99465],[96.02929,20.99479],[96.02938,20.9961],[96.0303,20.99588],[96.03058,20.99678],[96.03289,20.9972],[96.03303,20.99756],[96.03313,20.99756]]],[[[95.98458,20.99937],[95.98458,20.99874],[95.98573,20.99901],[95.98834,20.99735],[95.9882,20.99604],[95.98782,20.99622],[95.98734,20.99518],[95.98691,20.99572],[95.9847,20.99526],[95.98474,20.99567],[95.98412,20.99548],[95.98412,20.99598],[95.98344,20.99589],[95.98415,20.99761],[95.98338,20.99769],[95.98324,20.99814],[95.9841,20.99837],[95.9839,20.99937],[95.98429,20.99892],[95.98448,20.99937],[95.98458,20.99937]]],[[[95.85153,20.9971],[95.85081,20.99669],[95.8512,20.99706],[95.85047,20.99764],[95.85147,20.999],[95.85267,20.99932],[95.8533,20.99842],[95.85317,20.99671],[95.85438,20.995],[95.85352,20.99427],[95.85353,20.99364],[95.85127,20.99227],[95.85055,20.99281],[95.84973,20.99244],[95.84987,20.99307],[95.84925,20.99293],[95.8494,20.99235],[95.84872,20.99234],[95.84834,20.99307],[95.84743,20.99234],[95.84752,20.99283],[95.84713,20.99292],[95.849,20.99402],[95.84852,20.99424],[95.84857,20.99388],[95.8478,20.99369],[95.84794,20.9946],[95.84871,20.99433],[95.84856,20.9951],[95.84813,20.99464],[95.84784,20.99555],[95.84946,20.99745],[95.84739,20.99762],[95.84816,20.99803],[95.84734,20.99821],[95.84782,20.99839],[95.84739,20.99839],[95.84719,20.99943],[95.84897,20.99867],[95.84931,20.99808],[95.84874,20.99831],[95.84879,20.99758],[95.84922,20.99799],[95.85004,20.99782],[95.84956,20.9966],[95.85028,20.99683],[95.8499,20.99624],[95.84932,20.99668],[95.84889,20.99623],[95.84861,20.99528],[95.84919,20.99533],[95.84952,20.99619],[95.84943,20.99556],[95.85015,20.99461],[95.84948,20.99456],[95.84953,20.99388],[95.84896,20.99397],[95.84862,20.99325],[95.84915,20.99311],[95.85016,20.99398],[95.85117,20.99376],[95.85059,20.99357],[95.85069,20.99276],[95.85175,20.9934],[95.85146,20.99403],[95.85198,20.9948],[95.85159,20.99525],[95.85212,20.99539],[95.85159,20.99584],[95.85168,20.9971],[95.85153,20.9971]]],[[[96.06765,21.002],[96.06856,21.00147],[96.06856,21.00092],[96.07006,21.00066],[96.07001,21.0003],[96.06881,20.99961],[96.06766,20.99975],[96.06804,21.00033],[96.06684,21.00037],[96.0664,21.00155],[96.06746,21.00137],[96.0675,21.002],[96.06765,21.002]]],[[[96.14032,21.00646],[96.14095,21.00451],[96.13831,21.00256],[96.13684,20.99939],[96.13464,20.99663],[96.13487,20.99781],[96.1365,20.99948],[96.13659,21.00003],[96.13607,20.99953],[96.13597,21.00007],[96.13721,21.00071],[96.13735,21.00197],[96.13764,21.00247],[96.13788,21.0022],[96.13773,21.00292],[96.13898,21.00415],[96.14047,21.00451],[96.14022,21.00645],[96.14032,21.00646]]],[[[96.13822,21.01336],[96.13914,21.01259],[96.13925,21.00885],[96.14027,21.00659],[96.1391,21.00871],[96.13894,21.01241],[96.13678,21.01304],[96.13812,21.01336],[96.13822,21.01336]]],[[[95.91757,21.01575],[95.91906,21.01495],[95.91865,21.01205],[95.91894,21.01056],[95.91827,21.01092],[95.91817,21.01182],[95.91779,21.01142],[95.91721,21.01168],[95.91672,21.01263],[95.91715,21.01299],[95.91677,21.01299],[95.91662,21.01371],[95.91657,21.01286],[95.91633,21.01344],[95.9158,21.01312],[95.91556,21.01366],[95.91465,21.01298],[95.91445,21.01339],[95.91517,21.01357],[95.91469,21.01407],[95.91517,21.01411],[95.91507,21.01475],[95.9144,21.01438],[95.91401,21.01465],[95.91526,21.01515],[95.91575,21.01425],[95.91612,21.01561],[95.91747,21.01575],[95.91757,21.01575]]],[[[96.07469,21.0178],[96.07517,21.01708],[96.07695,21.01736],[96.077,21.017],[96.07772,21.01745],[96.07768,21.01673],[96.077,21.01664],[96.07725,21.01618],[96.07768,21.01655],[96.07768,21.0156],[96.0773,21.01609],[96.07687,21.01551],[96.07648,21.01618],[96.07586,21.01528],[96.07576,21.016],[96.07499,21.01617],[96.07609,21.01627],[96.07604,21.01686],[96.07508,21.01636],[96.07446,21.01649],[96.07474,21.0169],[96.07311,21.01639],[96.0735,21.01599],[96.07465,21.01608],[96.0747,21.01568],[96.07359,21.01554],[96.07384,21.01414],[96.07274,21.0135],[96.07269,21.0126],[96.07154,21.01277],[96.0715,21.01096],[96.07073,21.01146],[96.07116,21.01178],[96.07111,21.01259],[96.07073,21.01168],[96.06933,21.01254],[96.06903,21.01357],[96.0699,21.01349],[96.06965,21.01421],[96.06869,21.01412],[96.06845,21.01452],[96.06821,21.01416],[96.0685,21.01475],[96.06811,21.0147],[96.06859,21.0152],[96.07162,21.01485],[96.07195,21.0172],[96.0745,21.0178],[96.07469,21.0178]]],[[[96.07079,21.01747],[96.06993,21.01719],[96.06973,21.01841],[96.06915,21.01841],[96.06896,21.01909],[96.07002,21.01873],[96.06953,21.01945],[96.07073,21.01973],[96.0706,21.01828],[96.06997,21.01832],[96.06988,21.01792],[96.06998,21.01755],[96.07089,21.01774],[96.07079,21.01738],[96.07079,21.01747]]],[[[96.07314,21.02891],[96.07315,21.02827],[96.07151,21.02863],[96.07065,21.02754],[96.07118,21.02727],[96.07099,21.02691],[96.06979,21.02699],[96.06973,21.02749],[96.06925,21.02731],[96.06969,21.0269],[96.06849,21.0269],[96.06939,21.02857],[96.07271,21.0289],[96.07247,21.02859],[96.07315,21.02841],[96.07295,21.02891],[96.07314,21.02891]]],[[[96.07742,21.03037],[96.07833,21.03028],[96.07815,21.02938],[96.07507,21.02928],[96.07675,21.02978],[96.07718,21.03037],[96.07742,21.03037]]],[[[95.98061,21.03102],[95.98085,21.0303],[95.98263,21.02976],[95.9811,21.02827],[95.98028,21.02912],[95.98076,21.02921],[95.98056,21.03102],[95.98061,21.03102]]],[[[96.12202,21.03073],[96.1213,21.03091],[96.12178,21.03141],[96.12221,21.03101],[96.12226,21.03159],[96.12413,21.03192],[96.12457,21.03106],[96.124,21.02952],[96.12352,21.02966],[96.124,21.02966],[96.1239,21.03033],[96.12193,21.02992],[96.12207,21.03046],[96.12265,21.03006],[96.12318,21.0306],[96.12202,21.03064],[96.12202,21.03073]]],[[[96.13375,21.03394],[96.13621,21.03269],[96.1366,21.03183],[96.13636,21.03016],[96.13724,21.02844],[96.13632,21.02921],[96.13602,21.03241],[96.13356,21.03394],[96.13375,21.03394]]],[[[95.82709,21.04313],[95.82912,21.04161],[95.82903,21.04107],[95.82979,21.04139],[95.82993,21.04238],[95.83047,21.04107],[95.83268,21.04104],[95.83308,21.03964],[95.83505,21.0397],[95.83483,21.03694],[95.83288,21.03341],[95.83336,21.03264],[95.83159,21.03173],[95.83102,21.03082],[95.83141,21.03015],[95.83073,21.03032],[95.83054,21.02996],[95.83025,21.03046],[95.83071,21.03317],[95.82954,21.03524],[95.82753,21.03491],[95.82764,21.03184],[95.82586,21.03215],[95.82486,21.03729],[95.82511,21.03684],[95.82592,21.03698],[95.82611,21.03789],[95.82764,21.03907],[95.82676,21.04223],[95.82694,21.04313],[95.82709,21.04313]]],[[[96.12262,21.04763],[96.12223,21.04939],[96.12311,21.04655],[96.12518,21.04502],[96.12759,21.04462],[96.12865,21.04363],[96.12905,21.0421],[96.12832,21.04354],[96.12354,21.04565],[96.12262,21.04759],[96.12262,21.04763]]],[[[96.15885,21.04958],[96.15972,21.04895],[96.15842,21.04876],[96.159,21.04854],[96.15886,21.04804],[96.15938,21.04822],[96.15934,21.04773],[96.15818,21.04768],[96.15818,21.04804],[96.15785,21.04772],[96.15745,21.04948],[96.15866,21.04958],[96.15885,21.04958]]],[[[96.03539,21.05422],[96.03555,21.05187],[96.03656,21.05093],[96.03623,21.05007],[96.03478,21.05115],[96.03521,21.05187],[96.0342,21.05209],[96.03463,21.05277],[96.03506,21.05264],[96.03534,21.05422],[96.03539,21.05422]]],[[[96.03447,21.05508],[96.0352,21.0544],[96.03472,21.05413],[96.03505,21.05377],[96.03453,21.05286],[96.03366,21.05308],[96.03322,21.05408],[96.03351,21.05489],[96.03404,21.05489],[96.03395,21.0543],[96.03443,21.05444],[96.03428,21.05507],[96.03447,21.05508]]],[[[95.82313,21.05291],[95.82361,21.0526],[95.82294,21.05169],[95.82525,21.05189],[95.82502,21.05103],[95.82632,21.05054],[95.82848,21.05132],[95.82882,21.05051],[95.83022,21.05065],[95.82979,21.05011],[95.83031,21.05056],[95.83089,21.05025],[95.83109,21.04898],[95.83268,21.04899],[95.83267,21.04981],[95.83108,21.05088],[95.83035,21.05286],[95.83063,21.05336],[95.82996,21.0534],[95.82903,21.05471],[95.82995,21.05508],[95.83067,21.05445],[95.83039,21.05399],[95.83155,21.05237],[95.83146,21.05188],[95.83295,21.05148],[95.83335,21.04895],[95.83173,21.04709],[95.83077,21.04695],[95.82898,21.04798],[95.8271,21.04837],[95.82634,21.04756],[95.82682,21.04675],[95.82528,21.04737],[95.82519,21.04683],[95.82404,21.04628],[95.82489,21.04872],[95.82334,21.04989],[95.82291,21.04871],[95.82234,21.0488],[95.82169,21.052],[95.82217,21.05241],[95.82202,21.05304],[95.8225,21.05277],[95.82274,21.05354],[95.82313,21.05296],[95.82313,21.05291]]],[[[95.98961,21.06576],[95.99043,21.06504],[95.99001,21.06318],[95.98976,21.06445],[95.98943,21.06386],[95.98842,21.06381],[95.98846,21.06439],[95.98759,21.06457],[95.98913,21.06508],[95.98932,21.06575],[95.98961,21.06576]]],[[[95.94798,21.06596],[95.94702,21.06595],[95.94687,21.0665],[95.94773,21.06668],[95.94701,21.06763],[95.94797,21.06781],[95.94777,21.0684],[95.94961,21.06606],[95.94798,21.06591],[95.94798,21.06596]]],[[[96.12373,21.06927],[96.1244,21.06837],[96.12374,21.06571],[96.12404,21.06395],[96.12352,21.06268],[96.12415,21.06011],[96.12276,21.05924],[96.12214,21.05829],[96.12224,21.05761],[96.12166,21.05743],[96.12142,21.05802],[96.12157,21.05729],[96.11979,21.05584],[96.12147,21.05829],[96.1218,21.0596],[96.12347,21.06101],[96.1229,21.06141],[96.1229,21.06096],[96.12217,21.06123],[96.12198,21.06082],[96.12198,21.06123],[96.12131,21.06131],[96.12217,21.06136],[96.12275,21.06213],[96.12328,21.06186],[96.12285,21.0615],[96.12342,21.06177],[96.12341,21.06458],[96.12298,21.06484],[96.12346,21.06525],[96.12358,21.06927],[96.12373,21.06927]]],[[[95.97357,21.06843],[95.97299,21.06825],[95.97438,21.06893],[95.97385,21.06988],[95.97486,21.06921],[95.97461,21.07092],[95.97547,21.07206],[95.97496,21.06876],[95.97319,21.0678],[95.9731,21.06653],[95.97252,21.06658],[95.97275,21.06834],[95.97357,21.06848],[95.97357,21.06843]]],[[[96.1208,21.07807],[96.12123,21.07771],[96.12023,21.07676],[96.11888,21.07594],[96.11859,21.07644],[96.11782,21.07639],[96.11667,21.07526],[96.11705,21.07688],[96.11975,21.07685],[96.12051,21.07726],[96.1207,21.07807],[96.1208,21.07807]]],[[[95.97224,21.08207],[95.97499,21.08127],[95.97658,21.08141],[95.97687,21.08038],[95.97701,21.08119],[95.97754,21.08101],[95.97953,21.07845],[95.98088,21.0775],[95.98099,21.07601],[95.98022,21.07542],[95.97762,21.07482],[95.97772,21.07528],[95.97699,21.07568],[95.97733,21.07505],[95.9769,21.07491],[95.97753,21.07473],[95.97643,21.07355],[95.97628,21.07437],[95.97551,21.07386],[95.97565,21.07459],[95.97657,21.07428],[95.97608,21.07468],[95.97652,21.07495],[95.97603,21.07572],[95.9769,21.07568],[95.9767,21.0764],[95.97535,21.07694],[95.97526,21.07635],[95.9741,21.07706],[95.97338,21.07693],[95.9738,21.0781],[95.97327,21.07864],[95.9737,21.07882],[95.97303,21.07968],[95.97211,21.07945],[95.97264,21.0799],[95.97215,21.08207],[95.97224,21.08207]]],[[[96.11855,21.08629],[96.11849,21.08751],[96.12031,21.09108],[96.11978,21.0914],[96.11968,21.09085],[96.11906,21.09094],[96.119,21.0918],[96.11963,21.09171],[96.1191,21.09216],[96.11958,21.09239],[96.12016,21.09221],[96.12026,21.0914],[96.12083,21.09172],[96.12084,21.09009],[96.11883,21.08769],[96.1186,21.08629],[96.11855,21.08629]]],[[[95.83781,21.10391],[95.83936,21.10242],[95.83797,21.10219],[95.83764,21.10138],[95.83744,21.10214],[95.83782,21.10242],[95.8369,21.10368],[95.83772,21.10391],[95.83781,21.10391]]],[[[95.94709,21.10444],[95.94729,21.10255],[95.94604,21.10231],[95.94608,21.10435],[95.9468,21.10444],[95.94709,21.10444]]],[[[96.1279,21.09319],[96.12713,21.09296],[96.12829,21.09315],[96.12791,21.09247],[96.12511,21.09264],[96.12459,21.09173],[96.12381,21.0929],[96.12213,21.09163],[96.12174,21.09244],[96.12107,21.09181],[96.12083,21.09203],[96.12227,21.09344],[96.12333,21.09317],[96.1227,21.09385],[96.12338,21.09385],[96.12318,21.09425],[96.12361,21.09466],[96.12327,21.09493],[96.12405,21.09426],[96.12535,21.09431],[96.12328,21.09358],[96.12535,21.093],[96.12627,21.09341],[96.12559,21.09332],[96.12578,21.09399],[96.12708,21.09355],[96.12862,21.09441],[96.12914,21.09703],[96.12832,21.09717],[96.12851,21.09794],[96.12817,21.09807],[96.12865,21.09879],[96.12918,21.09735],[96.12884,21.09992],[96.12835,21.10132],[96.12792,21.10114],[96.12714,21.10172],[96.12685,21.10308],[96.12718,21.10308],[96.12737,21.10516],[96.12795,21.10512],[96.12808,21.10697],[96.12899,21.10756],[96.12857,21.10638],[96.12905,21.10611],[96.12837,21.10656],[96.12819,21.10525],[96.12852,21.10489],[96.12895,21.10593],[96.12915,21.10517],[96.12872,21.10489],[96.12949,21.10426],[96.12819,21.10462],[96.12867,21.10426],[96.12839,21.10317],[96.12917,21.10146],[96.13003,21.10128],[96.13014,21.09993],[96.13062,21.0998],[96.12985,21.09957],[96.13062,21.09916],[96.12952,21.09866],[96.12886,21.09355],[96.12848,21.0931],[96.12848,21.09364],[96.1279,21.09323],[96.1279,21.09319]]],[[[95.94554,21.11352],[95.94694,21.11334],[95.94812,21.1096],[95.94657,21.11063],[95.94705,21.11068],[95.94714,21.11122],[95.9468,21.11221],[95.94627,21.11212],[95.94598,21.11284],[95.94453,21.11324],[95.94521,21.11351],[95.94554,21.11352]]],[[[96.13183,21.10929],[96.13015,21.1077],[96.12928,21.1077],[96.13096,21.10888],[96.13173,21.11019],[96.13182,21.11123],[96.1309,21.1124],[96.12989,21.11222],[96.13109,21.11195],[96.13148,21.11064],[96.131,21.11168],[96.13061,21.11118],[96.13008,21.11181],[96.1296,21.11167],[96.12974,21.11231],[96.12926,21.11262],[96.12878,21.11253],[96.12854,21.11153],[96.12773,21.11139],[96.12676,21.11175],[96.12753,21.11207],[96.12734,21.11175],[96.12787,21.11171],[96.12791,21.11257],[96.1257,21.11202],[96.12666,21.11171],[96.12633,21.11143],[96.12425,21.11237],[96.12652,21.11243],[96.1281,21.11388],[96.12877,21.11393],[96.12897,21.11339],[96.12959,21.11389],[96.12964,21.11312],[96.1307,21.11303],[96.1322,21.11195],[96.1325,21.11033],[96.13202,21.10929],[96.13183,21.10929]]],[[[95.98201,21.11808],[95.98288,21.11745],[95.98413,21.11786],[95.98557,21.1176],[95.9865,21.11652],[95.98703,21.1148],[95.98637,21.11367],[95.98536,21.11326],[95.98459,21.11226],[95.98465,21.11041],[95.98383,21.11036],[95.98427,21.1095],[95.98384,21.10932],[95.98326,21.10982],[95.98235,21.10909],[95.98368,21.11117],[95.98358,21.1118],[95.98296,21.11167],[95.98344,21.11198],[95.98329,21.11289],[95.98377,21.11289],[95.98362,21.11334],[95.98449,21.11429],[95.9824,21.11659],[95.98274,21.11709],[95.98158,21.11717],[95.98177,21.11808],[95.98201,21.11808]]],[[[96.12991,21.11845],[96.13107,21.11778],[96.13285,21.11769],[96.13304,21.11706],[96.13252,21.11665],[96.13247,21.11706],[96.13088,21.11678],[96.13131,21.11764],[96.12991,21.11768],[96.12986,21.11845],[96.12991,21.11845]]],[[[96.10848,21.1185],[96.10921,21.11774],[96.11075,21.11774],[96.11288,21.11463],[96.10802,21.11565],[96.10719,21.11696],[96.10747,21.11813],[96.10824,21.1185],[96.10848,21.1185]]],[[[96.12611,21.11776],[96.12543,21.11848],[96.12663,21.11853],[96.12731,21.11767],[96.12699,21.11514],[96.12449,21.11301],[96.12478,21.114],[96.12641,21.11532],[96.12611,21.11767],[96.12611,21.11776]]],[[[95.94623,21.11921],[95.94643,21.11822],[95.9473,21.11786],[95.94682,21.11727],[95.94665,21.1137],[95.94626,21.11393],[95.94635,21.11555],[95.94596,21.11591],[95.94635,21.11623],[95.94586,21.117],[95.94638,21.11817],[95.94614,21.11853],[95.94431,21.11848],[95.94566,21.11862],[95.94642,21.11966],[95.94628,21.11921],[95.94623,21.11921]]],[[[95.82139,21.12681],[95.82339,21.12393],[95.82406,21.12393],[95.82455,21.12335],[95.8268,21.12449],[95.82623,21.12349],[95.82633,21.1229],[95.8272,21.12273],[95.82665,21.11816],[95.82622,21.11807],[95.82505,21.11946],[95.82415,21.11747],[95.82425,21.11666],[95.82546,21.11594],[95.82495,21.11287],[95.82431,21.1149],[95.82335,21.11449],[95.82214,21.11525],[95.82085,21.11397],[95.82124,21.1128],[95.82096,21.11144],[95.82014,21.11212],[95.8174,21.1117],[95.81582,21.11047],[95.81567,21.11191],[95.81619,21.11209],[95.8159,21.11286],[95.81643,21.11309],[95.81585,21.11381],[95.81802,21.11319],[95.81879,21.11347],[95.81772,21.11418],[95.81824,21.11563],[95.81785,21.11734],[95.81664,21.11833],[95.81673,21.11905],[95.82025,21.11713],[95.82073,21.11763],[95.82015,21.11844],[95.82043,21.11908],[95.82135,21.1184],[95.82227,21.1185],[95.82216,21.11985],[95.82279,21.12008],[95.82206,21.12031],[95.82216,21.12071],[95.82364,21.12126],[95.82258,21.12261],[95.82008,21.12228],[95.82084,21.12323],[95.82147,21.12324],[95.8217,21.12455],[95.82039,21.12599],[95.81919,21.12544],[95.81962,21.12639],[95.81923,21.12679],[95.81827,21.12665],[95.81802,21.12728],[95.81869,21.12729],[95.81849,21.12842],[95.81946,21.12847],[95.8197,21.12752],[95.82052,21.12734],[95.8211,21.12789],[95.82139,21.12703],[95.82139,21.12681]]],[[[96.02051,21.1296],[96.02047,21.1291],[96.02162,21.12892],[96.02173,21.12797],[96.0226,21.12721],[96.02226,21.12703],[96.02255,21.12658],[96.02197,21.1268],[96.02251,21.12585],[96.02058,21.12576],[96.01995,21.12751],[96.01879,21.12841],[96.01864,21.12891],[96.01917,21.12905],[96.01946,21.12842],[96.01999,21.12837],[96.02042,21.12959],[96.02051,21.1296]]],[[[95.97984,21.12697],[95.97917,21.12732],[95.98003,21.12764],[95.97988,21.12809],[95.97849,21.12822],[95.97887,21.12886],[95.97926,21.12832],[95.97983,21.12873],[95.97983,21.12963],[95.9805,21.12945],[95.9807,21.12837],[95.98061,21.12683],[95.97975,21.12696],[95.97984,21.12697]]],[[[96.1351,21.13094],[96.13477,21.13049],[96.1353,21.13008],[96.13477,21.12999],[96.13569,21.12886],[96.1341,21.12899],[96.1341,21.12962],[96.13332,21.12998],[96.13337,21.13044],[96.13481,21.13094],[96.1351,21.13094]]],[[[96.11983,21.1326],[96.1193,21.13219],[96.1194,21.13296],[96.12031,21.13264],[96.11983,21.13359],[96.12074,21.13386],[96.12045,21.13359],[96.12132,21.13305],[96.12195,21.13161],[96.12173,21.12872],[96.12362,21.12583],[96.12402,21.12272],[96.12336,21.11924],[96.12277,21.1205],[96.12373,21.12186],[96.12342,21.12588],[96.12105,21.12831],[96.12128,21.13134],[96.11988,21.13165],[96.11983,21.13237],[96.11983,21.1326]]],[[[96.13362,21.13852],[96.13492,21.13848],[96.13507,21.13713],[96.13407,21.13627],[96.13276,21.13744],[96.13333,21.13852],[96.13362,21.13852]]],[[[96.01945,21.13872],[96.01965,21.13831],[96.02133,21.1385],[96.02148,21.13764],[96.021,21.13701],[96.02062,21.13714],[96.02106,21.13637],[96.01927,21.13695],[96.01989,21.13745],[96.01975,21.13781],[96.01888,21.13731],[96.01864,21.13871],[96.0195,21.13872],[96.01945,21.13872]]],[[[96.12683,21.14012],[96.12649,21.14044],[96.12764,21.1404],[96.12818,21.13931],[96.12717,21.13945],[96.1277,21.13904],[96.12698,21.13832],[96.12708,21.13759],[96.12655,21.13791],[96.12625,21.13908],[96.12572,21.13903],[96.1264,21.13764],[96.12612,21.13682],[96.1265,21.13678],[96.12583,21.13632],[96.12558,21.13926],[96.12606,21.1394],[96.1261,21.14003],[96.12683,21.14008],[96.12683,21.14012]]],[[[96.0017,21.14514],[96.00224,21.14365],[96.00171,21.14356],[96.00205,21.14324],[96.00123,21.14274],[96.00133,21.14211],[96.00099,21.14301],[96.00041,21.14319],[96.00165,21.14514],[96.0017,21.14514]]],[[[95.94722,21.1484],[95.94857,21.14822],[95.94838,21.1475],[95.94742,21.14677],[95.94675,21.14686],[95.94698,21.1484],[95.94722,21.1484]]],[[[95.84461,21.14817],[95.84326,21.14821],[95.84581,21.14863],[95.84736,21.14733],[95.84892,21.14331],[95.84826,21.14245],[95.84898,21.14219],[95.84908,21.14146],[95.85058,21.13971],[95.84997,21.13858],[95.84943,21.13939],[95.84876,21.13947],[95.84986,21.13975],[95.8489,21.13975],[95.84865,21.14096],[95.84822,21.14105],[95.8485,21.14151],[95.84377,21.14301],[95.84459,21.14397],[95.84521,21.14375],[95.84584,21.14447],[95.84559,21.1447],[95.8467,21.14443],[95.84656,21.14493],[95.84535,21.14488],[95.84482,21.14578],[95.84424,21.14613],[95.84376,21.14586],[95.84366,21.14654],[95.84211,21.14707],[95.84283,21.14735],[95.84414,21.14654],[95.84509,21.14754],[95.84461,21.14808],[95.84461,21.14817]]],[[[96.11922,21.15134],[96.1211,21.14986],[96.12106,21.14778],[96.11996,21.14723],[96.1191,21.14601],[96.119,21.14673],[96.11818,21.14637],[96.11751,21.14573],[96.11737,21.14465],[96.11679,21.1446],[96.11789,21.14659],[96.12072,21.14805],[96.12067,21.14981],[96.11922,21.15071],[96.11902,21.15134],[96.11922,21.15134]]],[[[95.94565,21.15309],[95.94512,21.15381],[95.94758,21.15382],[95.94734,21.15328],[95.94777,21.15319],[95.94841,21.1517],[95.94817,21.15134],[95.94802,21.15188],[95.94764,21.15134],[95.94745,21.15048],[95.94789,21.15012],[95.94682,21.15111],[95.94639,21.15061],[95.94561,21.15309],[95.94565,21.15309]]],[[[96.10959,21.15099],[96.11021,21.15076],[96.10997,21.1513],[96.10939,21.15103],[96.10934,21.15207],[96.11002,21.15135],[96.11117,21.15135],[96.11334,21.15249],[96.11502,21.15281],[96.11536,21.15245],[96.11266,21.15195],[96.11036,21.15022],[96.1079,21.15012],[96.10708,21.15165],[96.10756,21.15269],[96.11106,21.15433],[96.11163,21.15583],[96.11178,21.15515],[96.11083,21.15325],[96.10842,21.15274],[96.10737,21.15179],[96.10805,21.15044],[96.10872,21.15026],[96.10862,21.15125],[96.10896,21.15134],[96.10959,21.15085],[96.10959,21.15099]]],[[[95.82893,21.16032],[95.82937,21.15929],[95.82678,21.15792],[95.82668,21.15855],[95.82744,21.15914],[95.82686,21.15981],[95.82878,21.16032],[95.82893,21.16032]]],[[[95.87573,21.16149],[95.87608,21.15995],[95.8718,21.15907],[95.87227,21.15971],[95.87406,21.15958],[95.8741,21.1603],[95.87371,21.1603],[95.87414,21.16107],[95.87563,21.16149],[95.87573,21.16149]]],[[[96.10698,21.162],[96.10675,21.16105],[96.10636,21.161],[96.1069,21.1596],[96.10743,21.15933],[96.10752,21.16001],[96.10921,21.16011],[96.10949,21.1611],[96.1094,21.15988],[96.1107,21.15953],[96.11066,21.15917],[96.10902,21.15916],[96.10882,21.15961],[96.10748,21.15888],[96.10651,21.15915],[96.10588,21.15996],[96.10588,21.161],[96.10693,21.162],[96.10698,21.162]]],[[[96.11252,21.1631],[96.11348,21.1623],[96.11387,21.1609],[96.11226,21.15637],[96.11182,21.15637],[96.11258,21.15958],[96.1118,21.16152],[96.11233,21.16143],[96.11214,21.16202],[96.11329,21.16144],[96.11339,21.16193],[96.11223,21.16301],[96.11165,21.16269],[96.11136,21.16328],[96.10983,21.16102],[96.10963,21.16151],[96.11073,21.16364],[96.11252,21.16324],[96.11252,21.1631]]],[[[96.03509,21.16119],[96.03465,21.16088],[96.03465,21.16155],[96.03417,21.16164],[96.0346,21.1625],[96.03411,21.16345],[96.03315,21.16376],[96.0342,21.16385],[96.03546,21.16296],[96.03561,21.16169],[96.03509,21.1611],[96.03509,21.16119]]],[[[96.00722,21.16694],[96.00732,21.1664],[96.0091,21.16586],[96.00925,21.16519],[96.00983,21.16587],[96.0094,21.16446],[96.00655,21.16603],[96.0065,21.16657],[96.00703,21.16621],[96.00659,21.1668],[96.00712,21.16694],[96.00722,21.16694]]],[[[96.13614,21.16817],[96.13585,21.1674],[96.13542,21.16816],[96.13542,21.16735],[96.13446,21.16793],[96.1347,21.1673],[96.13345,21.16716],[96.13441,21.16708],[96.13398,21.16658],[96.13514,21.16636],[96.13504,21.16586],[96.13312,21.1659],[96.13365,21.16603],[96.13278,21.16675],[96.13287,21.16797],[96.13407,21.16807],[96.13455,21.16879],[96.13378,21.16924],[96.13522,21.16938],[96.13532,21.16889],[96.13628,21.16876],[96.13619,21.16817],[96.13614,21.16817]]],[[[96.11038,21.16788],[96.11008,21.1682],[96.11038,21.16784],[96.10994,21.1677],[96.10892,21.16928],[96.10786,21.17],[96.10873,21.17018],[96.10897,21.16969],[96.10892,21.1705],[96.10979,21.16973],[96.11154,21.16631],[96.11052,21.16788],[96.11038,21.16788]]],[[[95.85456,21.17375],[95.85543,21.17371],[95.85611,21.17249],[95.8576,21.17218],[95.86221,21.16765],[95.85985,21.16736],[95.85956,21.16754],[95.85989,21.16781],[95.85946,21.16781],[95.85879,21.16722],[95.85883,21.1679],[95.85811,21.16835],[95.85772,21.16825],[95.85802,21.16771],[95.85676,21.16807],[95.85672,21.16744],[95.8558,21.16779],[95.85632,21.16897],[95.85555,21.16924],[95.85642,21.16947],[95.85704,21.16911],[95.85675,21.17046],[95.85569,21.17019],[95.85549,21.17082],[95.85352,21.17099],[95.85279,21.17152],[95.85322,21.17252],[95.8525,21.1722],[95.8524,21.17319],[95.85293,21.17297],[95.85264,21.17328],[95.85374,21.1737],[95.85317,21.17315],[95.85341,21.17293],[95.85403,21.1732],[95.85384,21.17379],[95.85456,21.17379],[95.85456,21.17375]]],[[[96.03636,21.17493],[96.03525,21.17533],[96.03752,21.17561],[96.03882,21.17472],[96.03771,21.17485],[96.0369,21.17399],[96.03627,21.17398],[96.03598,21.17493],[96.03636,21.17493]]],[[[96.12864,21.17641],[96.12864,21.17568],[96.12932,21.17528],[96.12903,21.17455],[96.12995,21.17456],[96.13024,21.17375],[96.1314,21.17312],[96.13121,21.17239],[96.13029,21.17239],[96.13053,21.17321],[96.1286,21.1746],[96.12797,21.17586],[96.1283,21.1764],[96.12864,21.17641]]],[[[96.00664,21.17665],[96.00718,21.17498],[96.00722,21.17633],[96.00823,21.17647],[96.00785,21.17598],[96.00843,21.17458],[96.00828,21.17494],[96.00809,21.17444],[96.00631,21.17525],[96.00645,21.17665],[96.00664,21.17665]]],[[[96.10792,21.17772],[96.10649,21.17537],[96.10644,21.17428],[96.10815,21.1705],[96.10689,21.17162],[96.10601,21.17351],[96.10701,21.17709],[96.10787,21.17772],[96.10792,21.17772]]],[[[95.90583,21.17746],[95.90549,21.17719],[95.90597,21.17746],[95.90655,21.1771],[95.90459,21.17519],[95.90415,21.1756],[95.90444,21.17591],[95.90468,21.1756],[95.90463,21.17614],[95.904,21.17673],[95.90429,21.17704],[95.90473,21.17637],[95.90487,21.17682],[95.90545,21.1766],[95.90482,21.17709],[95.9052,21.17764],[95.90472,21.1779],[95.90583,21.17755],[95.90583,21.17746]]],[[[96.03383,21.18052],[96.03566,21.18017],[96.03548,21.17782],[96.03447,21.17786],[96.03456,21.17863],[96.03359,21.18052],[96.03383,21.18052]]],[[[96.05174,21.18151],[96.05334,21.18088],[96.05325,21.1793],[96.05286,21.17912],[96.05194,21.17993],[96.05266,21.18074],[96.05179,21.18092],[96.05169,21.18151],[96.05174,21.18151]]],[[[96.10792,21.17772],[96.10845,21.17863],[96.10805,21.18093],[96.10834,21.18129],[96.10795,21.18143],[96.10829,21.18161],[96.10892,21.18071],[96.10869,21.17836],[96.10946,21.17917],[96.10979,21.17895],[96.10807,21.17772],[96.10792,21.17772]]],[[[96.10919,21.18423],[96.10881,21.1836],[96.10939,21.18387],[96.10992,21.18333],[96.11083,21.18338],[96.11118,21.18185],[96.10934,21.18252],[96.10857,21.18382],[96.10828,21.18351],[96.10935,21.18202],[96.10809,21.18201],[96.10756,21.18323],[96.10823,21.1836],[96.10804,21.18396],[96.10914,21.18423],[96.10919,21.18423]]],[[[96.03668,21.18862],[96.04131,21.18751],[96.04117,21.18634],[96.04175,21.18571],[96.04136,21.18598],[96.04007,21.18511],[96.04084,21.18412],[96.04041,21.18398],[96.03978,21.1848],[96.03935,21.18439],[96.03815,21.18443],[96.03877,21.18407],[96.03767,21.18348],[96.03709,21.18374],[96.03718,21.18415],[96.03627,21.18433],[96.0365,21.18532],[96.03607,21.18568],[96.0363,21.18713],[96.03596,21.18717],[96.03654,21.18736],[96.03653,21.18862],[96.03668,21.18862]]],[[[96.10111,21.19143],[96.1018,21.18908],[96.10176,21.18669],[96.10264,21.18466],[96.10452,21.18349],[96.10688,21.18382],[96.10688,21.18332],[96.10424,21.18299],[96.10201,21.18475],[96.10148,21.18601],[96.10122,21.18944],[96.10015,21.19106],[96.10088,21.19088],[96.10107,21.19143],[96.10111,21.19143]]],[[[95.96138,21.19143],[95.96326,21.19108],[95.96336,21.19031],[95.96205,21.19121],[95.961,21.19034],[95.96013,21.19029],[95.95998,21.19111],[95.96128,21.19143],[95.96138,21.19143]]],[[[95.95943,21.19458],[95.96093,21.19382],[95.96113,21.19238],[95.95973,21.19246],[95.95968,21.19413],[95.95924,21.19408],[95.95919,21.19458],[95.95943,21.19458]]],[[[95.95653,21.19786],[95.95716,21.19687],[95.95688,21.19543],[95.95658,21.19597],[95.95596,21.19583],[95.95649,21.19624],[95.95566,21.19736],[95.95643,21.19786],[95.95653,21.19786]]],[[[96.09864,21.19539],[96.09913,21.19449],[96.10014,21.19404],[96.10013,21.19499],[96.0997,21.19486],[96.09941,21.1954],[96.09979,21.19653],[96.10047,21.19522],[96.10081,21.19554],[96.10081,21.19477],[96.10173,21.19364],[96.1013,21.19315],[96.10053,21.19337],[96.10068,21.19192],[96.09971,21.19305],[96.09971,21.19341],[96.10034,21.19314],[96.10019,21.19391],[96.09961,21.19359],[96.09975,21.19413],[96.09893,21.19426],[96.09957,21.19269],[96.09846,21.19268],[96.09889,21.19259],[96.09914,21.19156],[96.09774,21.19281],[96.09793,21.19349],[96.09749,21.19331],[96.09725,21.19399],[96.0984,21.19422],[96.09805,21.19697],[96.09906,21.19811],[96.09834,21.19693],[96.09864,21.19548],[96.09864,21.19539]]],[[[96.09297,21.20165],[96.09375,21.20097],[96.09452,21.2012],[96.09423,21.20089],[96.0951,21.19994],[96.09245,21.20083],[96.09211,21.20034],[96.09302,21.20165],[96.09297,21.20165]]],[[[95.95535,21.2021],[95.95616,21.20197],[95.95723,21.20098],[95.95685,21.19976],[95.9555,21.19998],[95.95559,21.20057],[95.95444,21.20075],[95.95472,21.2021],[95.95535,21.2021]]],[[[95.80553,21.2022],[95.80588,21.20093],[95.80329,21.19997],[95.80299,21.20087],[95.80352,21.20106],[95.80367,21.20047],[95.804,21.20128],[95.80444,21.20079],[95.80549,21.2022],[95.80553,21.2022]]],[[[96.10087,21.20249],[96.10083,21.20127],[96.10179,21.20214],[96.10213,21.2011],[96.10155,21.20146],[96.10131,21.20064],[96.10175,21.20001],[96.10117,21.20001],[96.1006,21.19929],[96.10093,21.19969],[96.10077,21.20249],[96.10087,21.20249]]],[[[95.94444,21.20453],[95.94488,21.204],[95.94455,21.20255],[95.94537,21.20206],[95.94302,21.20123],[95.94248,21.20245],[95.94282,21.20286],[95.94219,21.20326],[95.94238,21.20394],[95.94411,21.20453],[95.94444,21.20453]]],[[[95.96481,21.20604],[95.96568,21.20545],[95.96503,21.20233],[95.96402,21.2012],[95.96239,21.20069],[95.96237,21.20331],[95.96199,21.20254],[95.96203,21.20417],[95.96102,21.20435],[95.96159,21.20507],[95.96462,21.20604],[95.96481,21.20604]]],[[[95.87974,21.206],[95.87878,21.20613],[95.8819,21.20669],[95.88437,21.20589],[95.88495,21.20504],[95.88466,21.2054],[95.88351,21.20431],[95.88038,21.20438],[95.88172,21.20488],[95.88104,21.20588],[95.88071,21.20529],[95.88056,21.20596],[95.87974,21.20596],[95.87974,21.206]]],[[[95.94775,21.20776],[95.94838,21.20754],[95.94839,21.20618],[95.94892,21.20546],[95.94888,21.20451],[95.94844,21.20474],[95.9482,21.20415],[95.94903,21.20329],[95.94821,21.20306],[95.94772,21.205],[95.94694,21.20536],[95.94752,21.20572],[95.94708,21.20617],[95.94766,21.20636],[95.94665,21.20631],[95.94694,21.20681],[95.94646,21.20667],[95.94765,21.20776],[95.94775,21.20776]]],[[[95.95372,21.20783],[95.95425,21.20748],[95.95348,21.20765],[95.95296,21.20724],[95.95344,21.20612],[95.95301,21.20553],[95.95282,21.20616],[95.95185,21.20647],[95.95175,21.2071],[95.95353,21.20783],[95.95372,21.20783]]],[[[95.82301,21.21075],[95.82501,21.2071],[95.82493,21.20502],[95.8258,21.20466],[95.82498,21.20479],[95.8246,21.20425],[95.82426,21.20465],[95.82368,21.20447],[95.82392,21.20488],[95.8206,21.20332],[95.82017,21.20395],[95.81944,21.20404],[95.81939,21.20454],[95.81896,21.20381],[95.81848,21.20458],[95.818,21.20439],[95.81804,21.20575],[95.82001,21.20603],[95.82226,21.20862],[95.82254,21.21002],[95.82215,21.21033],[95.82287,21.21075],[95.82301,21.21075]]],[[[96.10319,21.21136],[96.10488,21.21069],[96.10532,21.20929],[96.10345,21.20698],[96.10201,21.20634],[96.10177,21.20575],[96.10085,21.20579],[96.10105,21.20466],[96.10062,21.20412],[96.10275,21.20223],[96.103,21.2011],[96.10219,21.19929],[96.10137,21.19888],[96.10166,21.19794],[96.1006,21.19775],[96.10075,21.19671],[96.10138,21.19667],[96.10114,21.19626],[96.10051,21.19653],[96.10066,21.19572],[96.09998,21.19675],[96.10046,21.19852],[96.10094,21.19852],[96.10084,21.1992],[96.10132,21.19902],[96.10271,21.20115],[96.10266,21.20187],[96.10068,21.20299],[96.10033,21.20534],[96.10119,21.20652],[96.10306,21.2072],[96.10441,21.2087],[96.10445,21.20938],[96.10363,21.20964],[96.10372,21.21077],[96.10314,21.21136],[96.10319,21.21136]]],[[[96.08266,21.21245],[96.08291,21.21145],[96.08214,21.21127],[96.08291,21.21114],[96.08171,21.21037],[96.08214,21.21086],[96.08166,21.21091],[96.0816,21.21235],[96.08237,21.21245],[96.08266,21.21245]]],[[[95.94629,21.21069],[95.94686,21.21092],[95.94599,21.21159],[95.94566,21.21114],[95.94498,21.21262],[95.9454,21.21353],[95.94675,21.21399],[95.94826,21.21138],[95.94744,21.2111],[95.94783,21.21097],[95.94769,21.21042],[95.94725,21.21101],[95.94663,21.21069],[95.94629,21.21069]]],[[[95.80338,21.21461],[95.8033,21.21266],[95.80195,21.21234],[95.80057,21.21048],[95.80032,21.2112],[95.80109,21.21202],[95.80117,21.21306],[95.80328,21.21461],[95.80338,21.21461]]],[[[95.81949,21.21967],[95.81959,21.21877],[95.82041,21.21882],[95.82157,21.2176],[95.82138,21.21661],[95.82282,21.21138],[95.822,21.2106],[95.81925,21.21149],[95.81732,21.21157],[95.8166,21.21098],[95.81573,21.21219],[95.81433,21.21291],[95.81288,21.2129],[95.81191,21.21353],[95.81201,21.21407],[95.81066,21.21415],[95.8096,21.21356],[95.81046,21.2142],[95.81051,21.21519],[95.81248,21.21471],[95.81292,21.21484],[95.81263,21.21511],[95.81421,21.21553],[95.8146,21.21508],[95.81489,21.21549],[95.81561,21.21522],[95.81475,21.21485],[95.81494,21.21436],[95.81639,21.2141],[95.81682,21.2145],[95.81657,21.21563],[95.81691,21.216],[95.81797,21.21578],[95.81748,21.21636],[95.81806,21.21636],[95.8181,21.21804],[95.81708,21.2188],[95.81718,21.2192],[95.81819,21.21944],[95.81862,21.21903],[95.81929,21.21967],[95.81949,21.21967]]],[[[95.95669,21.2195],[95.95703,21.21996],[95.95582,21.21963],[95.95491,21.22022],[95.95548,21.22013],[95.9549,21.22076],[95.95895,21.22082],[95.95997,21.21997],[95.96056,21.21785],[95.95989,21.21685],[95.95975,21.21523],[95.95908,21.21504],[95.95942,21.21459],[95.95893,21.21531],[95.95821,21.21513],[95.95831,21.21445],[95.95865,21.21468],[95.9584,21.21513],[95.95884,21.21495],[95.95879,21.21436],[95.95788,21.21436],[95.95816,21.21513],[95.95777,21.21544],[95.9583,21.21549],[95.95815,21.21662],[95.95854,21.21698],[95.95743,21.21707],[95.9577,21.21969],[95.95717,21.21987],[95.95746,21.2196],[95.95708,21.21887],[95.9565,21.21896],[95.95655,21.2195],[95.95669,21.2195]]],[[[96.10074,21.22106],[96.10127,21.22034],[96.10069,21.21984],[96.10104,21.21867],[96.10302,21.21746],[96.10273,21.21682],[96.10138,21.21808],[96.10153,21.21677],[96.101,21.21596],[96.10013,21.21663],[96.10042,21.21704],[96.09945,21.21699],[96.09911,21.21821],[96.09988,21.21911],[96.10065,21.21812],[96.10066,21.21704],[96.10133,21.21673],[96.10084,21.21898],[96.09958,21.22051],[96.10078,21.22106],[96.10074,21.22106]]],[[[96.09196,21.22337],[96.09365,21.22248],[96.0937,21.22171],[96.09197,21.22134],[96.09124,21.22211],[96.09158,21.2212],[96.09067,21.22093],[96.09042,21.22152],[96.09028,21.22043],[96.09173,21.21998],[96.09187,21.22044],[96.09279,21.22053],[96.09307,21.2213],[96.0937,21.22112],[96.09245,21.21981],[96.09058,21.21944],[96.09024,21.21853],[96.09121,21.21768],[96.09275,21.21755],[96.093,21.2171],[96.09256,21.21723],[96.09252,21.2166],[96.09281,21.21692],[96.09295,21.21638],[96.09204,21.21655],[96.09189,21.21714],[96.09232,21.21746],[96.09155,21.2175],[96.09141,21.21709],[96.08972,21.21758],[96.08923,21.21966],[96.08961,21.21966],[96.08932,21.2202],[96.08994,21.22242],[96.091,21.22238],[96.09171,21.22337],[96.09196,21.22337]]],[[[96.07945,21.2188],[96.07974,21.21835],[96.07925,21.21971],[96.07983,21.21984],[96.07988,21.22039],[96.07944,21.22088],[96.08035,21.22215],[96.08069,21.22197],[96.0802,21.22364],[96.07952,21.22382],[96.07991,21.224],[96.08092,21.22319],[96.08093,21.2222],[96.08339,21.22176],[96.08286,21.22117],[96.08257,21.22153],[96.0819,21.22121],[96.08209,21.22166],[96.08117,21.22152],[96.0817,21.22121],[96.08079,21.22129],[96.08074,21.22093],[96.08147,21.22075],[96.08055,21.2203],[96.0809,21.21904],[96.08056,21.21894],[96.08031,21.21967],[96.08028,21.21732],[96.07946,21.21736],[96.07922,21.21695],[96.07965,21.21822],[96.07897,21.2183],[96.0794,21.2188],[96.07945,21.2188]]],[[[96.07667,21.22643],[96.07773,21.22634],[96.07788,21.22562],[96.07846,21.22539],[96.07721,21.22494],[96.07697,21.22417],[96.07677,21.22485],[96.0761,21.22489],[96.07628,21.22642],[96.07667,21.22643]]],[[[96.07347,21.21986],[96.07279,21.22049],[96.07261,21.2195],[96.07164,21.21972],[96.07188,21.22103],[96.07125,21.22103],[96.07111,21.22048],[96.07086,21.22103],[96.06812,21.22147],[96.06922,21.2221],[96.0684,21.22336],[96.06854,21.22422],[96.06791,21.22431],[96.06791,21.22526],[96.0693,21.22594],[96.06964,21.22558],[96.0705,21.2264],[96.07108,21.22618],[96.07127,21.22672],[96.07436,21.22651],[96.07417,21.22565],[96.07364,21.22596],[96.07359,21.22434],[96.07446,21.22411],[96.07461,21.22452],[96.07576,21.22394],[96.07602,21.22069],[96.0766,21.2211],[96.07747,21.2206],[96.0779,21.22142],[96.07698,21.22209],[96.07664,21.222],[96.07688,21.22164],[96.07621,21.22164],[96.07615,21.22412],[96.07731,21.22367],[96.07735,21.22417],[96.07822,21.22422],[96.07847,21.22345],[96.07924,21.22368],[96.07991,21.22323],[96.0789,21.22269],[96.07915,21.22219],[96.08011,21.22233],[96.0791,21.22102],[96.07886,21.22255],[96.0777,21.22264],[96.07871,21.22187],[96.07833,21.22164],[96.0777,21.22214],[96.07838,21.22133],[96.07795,21.22069],[96.07862,21.22056],[96.07694,21.22001],[96.07646,21.21911],[96.07617,21.22033],[96.07589,21.21888],[96.07454,21.2191],[96.07453,21.22059],[96.07434,21.21987],[96.07347,21.21982],[96.07347,21.21986]]],[[[96.09899,21.22367],[96.09972,21.22241],[96.09948,21.22178],[96.10006,21.22124],[96.09924,21.2216],[96.09948,21.22237],[96.09865,21.22327],[96.09874,21.2244],[96.09811,21.22507],[96.09811,21.22679],[96.09868,21.22769],[96.09945,21.22806],[96.10244,21.22798],[96.10296,21.22852],[96.10229,21.22906],[96.1045,21.23016],[96.10368,21.22907],[96.10484,21.22939],[96.10475,21.22858],[96.10326,21.22771],[96.10124,21.22716],[96.10013,21.22598],[96.09941,21.22634],[96.10076,21.22689],[96.1008,21.22739],[96.09974,21.22716],[96.0995,21.22756],[96.09859,21.22688],[96.0985,21.22589],[96.09922,21.22593],[96.09865,21.22485],[96.09908,21.22367],[96.09899,21.22367]]],[[[95.9402,21.2304],[95.94122,21.22963],[95.94161,21.22788],[95.94064,21.2295],[95.94012,21.22859],[95.93954,21.22868],[95.94011,21.22922],[95.93982,21.22967],[95.9392,21.22908],[95.93809,21.22903],[95.93876,21.23007],[95.93982,21.2304],[95.9402,21.2304]]],[[[96.07637,21.22774],[96.07604,21.22724],[96.07435,21.22746],[96.07425,21.22786],[96.07392,21.22745],[96.07021,21.22771],[96.0706,21.22681],[96.06853,21.22603],[96.06857,21.22662],[96.06954,21.22671],[96.07001,21.22757],[96.06939,21.22784],[96.06948,21.22861],[96.07642,21.22819],[96.07661,21.22932],[96.07868,21.22919],[96.07892,21.22978],[96.07964,21.22969],[96.07978,21.23023],[96.08094,21.23056],[96.08104,21.22992],[96.08003,21.22942],[96.08027,21.22897],[96.07955,21.22883],[96.0796,21.22838],[96.07738,21.22833],[96.07863,21.22824],[96.07849,21.22734],[96.07907,21.22702],[96.07801,21.22738],[96.07734,21.22715],[96.07763,21.22675],[96.07676,21.22679],[96.07724,21.22715],[96.07637,21.22769],[96.07637,21.22774]]],[[[95.96679,21.23125],[95.9667,21.23012],[95.96535,21.23003],[95.96525,21.23039],[95.96483,21.22962],[95.96473,21.23029],[95.9639,21.23092],[95.96645,21.23125],[95.96679,21.23125]]],[[[96.10563,21.23585],[96.10558,21.2354],[96.1064,21.23586],[96.10712,21.23559],[96.10751,21.23451],[96.10737,21.23378],[96.10694,21.23392],[96.10718,21.23333],[96.10642,21.23089],[96.10585,21.22989],[96.10527,21.22975],[96.10599,21.23079],[96.10459,21.23106],[96.10454,21.23165],[96.10517,21.2312],[96.10555,21.23143],[96.10511,21.23337],[96.10573,21.23382],[96.10501,21.23445],[96.10588,21.23418],[96.10612,21.23333],[96.10655,21.23382],[96.10558,21.23536],[96.10476,21.23517],[96.10515,21.23594],[96.10621,21.23599],[96.10568,21.23585],[96.10563,21.23585]]],[[[96.09988,21.23827],[96.09993,21.23786],[96.10032,21.23804],[96.10008,21.2371],[96.10061,21.23732],[96.10056,21.23814],[96.10085,21.23764],[96.10109,21.23814],[96.10225,21.23728],[96.10143,21.23701],[96.10187,21.2367],[96.10158,21.2362],[96.10143,21.23683],[96.10066,21.2366],[96.10018,21.23696],[96.10057,21.2361],[96.1024,21.23539],[96.10298,21.23643],[96.10399,21.23625],[96.10404,21.2349],[96.10361,21.23463],[96.10429,21.23458],[96.10453,21.23373],[96.10347,21.23476],[96.10163,21.23511],[96.10018,21.23606],[96.0997,21.23696],[96.09984,21.23827],[96.09988,21.23827]]],[[[96.07719,21.23831],[96.0772,21.23682],[96.07551,21.23681],[96.07547,21.23555],[96.07536,21.23749],[96.0769,21.23768],[96.077,21.23831],[96.07719,21.23831]]],[[[95.99619,21.23903],[95.99677,21.2379],[95.9961,21.23785],[95.99658,21.2375],[95.99572,21.23659],[95.99568,21.23528],[95.99515,21.23559],[95.99553,21.23677],[95.99518,21.23767],[95.99561,21.23889],[95.99619,21.23844],[95.99604,21.23903],[95.99619,21.23903]]],[[[96.02393,21.24124],[96.02456,21.24016],[96.02254,21.23924],[96.02258,21.24119],[96.02388,21.24124],[96.02393,21.24124]]],[[[96.08229,21.23946],[96.08216,21.23752],[96.0797,21.23719],[96.08033,21.23701],[96.07936,21.23669],[96.07941,21.23755],[96.08153,21.2377],[96.08181,21.23896],[96.08065,21.24018],[96.0793,21.24026],[96.07799,21.24116],[96.08156,21.24045],[96.08157,21.24004],[96.08214,21.23996],[96.08176,21.23968],[96.08229,21.23951],[96.08229,21.23946]]],[[[95.98518,21.24227],[95.98629,21.24201],[95.98509,21.24196],[95.98562,21.24133],[95.98635,21.24111],[95.98644,21.2416],[95.98644,21.24111],[95.98721,21.24115],[95.98756,21.24052],[95.98649,21.24065],[95.98645,21.24029],[95.98548,21.24092],[95.98461,21.24074],[95.98408,21.24123],[95.98465,21.24227],[95.98518,21.24227]]],[[[96.07615,21.24481],[96.07976,21.24469],[96.0789,21.2441],[96.0789,21.2436],[96.07818,21.2436],[96.07812,21.24428],[96.07764,21.2445],[96.07711,21.24391],[96.07687,21.24436],[96.07591,21.24404],[96.07595,21.24481],[96.07615,21.24481]]],[[[95.89684,21.24562],[95.89771,21.2449],[95.89738,21.24427],[95.89796,21.24427],[95.89806,21.24369],[95.89661,21.24395],[95.89598,21.24462],[95.89627,21.24557],[95.8967,21.24562],[95.89684,21.24562]]],[[[95.97822,21.24635],[95.97987,21.24577],[95.97973,21.24464],[95.97698,21.24481],[95.97649,21.2453],[95.97611,21.24481],[95.97543,21.24557],[95.97539,21.24453],[95.97534,21.24543],[95.97418,21.24561],[95.97663,21.24621],[95.97673,21.24558],[95.97697,21.24626],[95.97818,21.24635],[95.97822,21.24635]]],[[[95.96039,21.24762],[95.96217,21.24776],[95.96246,21.24718],[95.96309,21.24741],[95.96367,21.24682],[95.96295,21.24601],[95.96256,21.24628],[95.96242,21.24591],[95.96083,21.24572],[95.96039,21.24649],[95.96116,21.2474],[95.96044,21.24762],[95.96039,21.24762]]],[[[96.07946,21.24668],[96.08023,21.24663],[96.08076,21.24695],[96.08081,21.24772],[96.08119,21.24718],[96.08191,21.24795],[96.08283,21.24791],[96.08365,21.2471],[96.08337,21.2462],[96.08288,21.24624],[96.08293,21.24728],[96.0823,21.24737],[96.08192,21.24723],[96.08187,21.24633],[96.07961,21.24636],[96.07985,21.2451],[96.07961,21.24541],[96.07585,21.24512],[96.0732,21.24575],[96.07503,21.2458],[96.07537,21.24657],[96.07507,21.24819],[96.07637,21.2473],[96.07565,21.24693],[96.07614,21.24671],[96.07551,21.24585],[96.07581,21.2454],[96.07802,21.24541],[96.07812,21.24599],[96.07869,21.24591],[96.07946,21.24659],[96.07946,21.24668]]],[[[95.79722,21.24976],[95.79707,21.25007],[95.79765,21.25021],[95.80073,21.24992],[95.79965,21.24684],[95.79863,21.24737],[95.79864,21.24647],[95.79791,21.2466],[95.79771,21.24796],[95.79694,21.24822],[95.79699,21.24854],[95.79761,21.24832],[95.79722,21.24971],[95.79722,21.24976]]],[[[96.08534,21.24598],[96.0852,21.2467],[96.08491,21.24625],[96.0853,21.24566],[96.08486,21.2462],[96.0839,21.24611],[96.08385,21.24656],[96.08404,21.24719],[96.085,21.24769],[96.0848,21.24833],[96.08452,21.2476],[96.08418,21.24774],[96.08427,21.24936],[96.086,21.2491],[96.08537,21.24977],[96.08547,21.25032],[96.08779,21.2478],[96.08851,21.2483],[96.08919,21.24681],[96.08852,21.24762],[96.08799,21.24757],[96.08818,21.2473],[96.08751,21.24689],[96.0878,21.24599],[96.08592,21.24553],[96.08544,21.24598],[96.08534,21.24598]]],[[[96.1535,21.25276],[96.15442,21.25231],[96.15385,21.25059],[96.15322,21.25068],[96.1537,21.25032],[96.15361,21.24996],[96.15303,21.25009],[96.15342,21.24923],[96.1526,21.24937],[96.15303,21.24869],[96.15202,21.24918],[96.15345,21.25276],[96.1535,21.25276]]],[[[96.08218,21.25297],[96.08189,21.25233],[96.083,21.2522],[96.08242,21.25179],[96.083,21.25193],[96.08329,21.2513],[96.08411,21.25112],[96.08388,21.25063],[96.08291,21.25076],[96.08213,21.25224],[96.0805,21.25093],[96.08079,21.24998],[96.08147,21.24994],[96.07959,21.24966],[96.07949,21.25061],[96.0805,21.25061],[96.08016,21.25093],[96.08156,21.25215],[96.08136,21.25251],[96.08184,21.25274],[96.08146,21.25287],[96.08213,21.25297],[96.08218,21.25297]]],[[[96.15566,21.25389],[96.15639,21.25345],[96.15605,21.25277],[96.15528,21.25281],[96.15586,21.25236],[96.15557,21.25173],[96.15495,21.25181],[96.15543,21.25123],[96.15471,21.25118],[96.15519,21.25068],[96.15452,21.25064],[96.15486,21.25019],[96.15428,21.25009],[96.15481,21.24973],[96.15457,21.24942],[96.15394,21.24996],[96.15542,21.25389],[96.15566,21.25389]]],[[[96.15175,21.25542],[96.1533,21.25483],[96.15243,21.25411],[96.15292,21.25379],[96.15128,21.25383],[96.15146,21.25541],[96.15175,21.25542]]],[[[96.15035,21.25627],[96.15117,21.25609],[96.15089,21.25392],[96.14983,21.25419],[96.15021,21.25627],[96.15035,21.25627]]],[[[96.08803,21.25891],[96.08856,21.2581],[96.0879,21.25629],[96.08746,21.25696],[96.08727,21.25611],[96.08775,21.25579],[96.08684,21.25579],[96.08699,21.25529],[96.08569,21.25456],[96.08555,21.25388],[96.08526,21.25406],[96.08574,21.2533],[96.08502,21.2533],[96.08458,21.25384],[96.0854,21.25465],[96.08473,21.25406],[96.08419,21.25487],[96.08525,21.25483],[96.08539,21.25569],[96.08712,21.25683],[96.08698,21.25741],[96.08755,21.25773],[96.08668,21.25818],[96.08798,21.25891],[96.08803,21.25891]]],[[[96.0958,21.25569],[96.09546,21.25637],[96.09493,21.25627],[96.09605,21.25519],[96.09605,21.25474],[96.09552,21.25469],[96.09518,21.25551],[96.09286,21.2559],[96.09237,21.25766],[96.09444,21.2583],[96.09386,21.25889],[96.0938,21.26065],[96.09337,21.26087],[96.09452,21.2616],[96.09611,21.26179],[96.09712,21.26279],[96.09674,21.26116],[96.09631,21.26062],[96.09578,21.26093],[96.09617,21.25899],[96.09541,21.25799],[96.09817,21.25439],[96.09793,21.25312],[96.09901,21.24965],[96.09993,21.24834],[96.10003,21.24726],[96.10153,21.24641],[96.10134,21.24591],[96.10168,21.24627],[96.10192,21.24519],[96.10154,21.24492],[96.09961,21.24563],[96.10014,21.24455],[96.09905,21.24224],[96.09906,21.24021],[96.09818,21.24179],[96.09803,21.24377],[96.09946,21.24658],[96.0981,21.24915],[96.09733,21.24919],[96.09713,21.25],[96.0967,21.24982],[96.09626,21.25045],[96.09664,21.25081],[96.0962,21.25235],[96.09697,21.25325],[96.09648,21.25402],[96.09687,21.25479],[96.09619,21.25501],[96.09604,21.25569],[96.0958,21.25569]]],[[[96.09119,21.26249],[96.09047,21.26253],[96.09076,21.26154],[96.0899,21.26113],[96.09043,21.26082],[96.08995,21.26068],[96.08917,21.26131],[96.08917,21.26162],[96.0898,21.26131],[96.08936,21.26212],[96.09018,21.26307],[96.09085,21.26317],[96.09119,21.26258],[96.09119,21.26249]]],[[[96.09119,21.26249],[96.09197,21.262],[96.09196,21.26299],[96.09273,21.26327],[96.09235,21.26173],[96.09322,21.26133],[96.09259,21.26137],[96.09245,21.26096],[96.09115,21.26132],[96.09119,21.26245],[96.09119,21.26249]]],[[[96.09269,21.27117],[96.09279,21.27058],[96.09207,21.26972],[96.09227,21.26918],[96.09203,21.26868],[96.09174,21.26891],[96.09175,21.26769],[96.09093,21.2675],[96.09185,21.26683],[96.0918,21.26624],[96.09151,21.26556],[96.09012,21.26497],[96.08983,21.26551],[96.09035,21.26642],[96.09044,21.26827],[96.09121,21.26854],[96.09058,21.26913],[96.09101,21.26967],[96.0914,21.26936],[96.09125,21.26995],[96.09192,21.27063],[96.09231,21.27004],[96.09264,21.27117],[96.09269,21.27117]]],[[[96.09414,21.2714],[96.09655,21.27069],[96.09627,21.26965],[96.09579,21.26929],[96.09497,21.26951],[96.09559,21.27005],[96.09607,21.26988],[96.09588,21.27019],[96.09535,21.26983],[96.09429,21.27005],[96.09342,21.26941],[96.09371,21.27036],[96.09274,21.27045],[96.09433,21.271],[96.09409,21.2714],[96.09414,21.2714]]],[[[96.10401,21.27406],[96.10478,21.27375],[96.10677,21.27042],[96.10523,21.27082],[96.10498,21.27127],[96.10325,21.27117],[96.10272,21.27103],[96.10282,21.27054],[96.10229,21.27062],[96.10257,21.27121],[96.10209,21.27148],[96.10276,21.27171],[96.10223,21.27175],[96.10228,21.27225],[96.10334,21.27203],[96.10257,21.27239],[96.10256,21.27338],[96.10338,21.27338],[96.10343,21.27402],[96.10396,21.27406],[96.10401,21.27406]]],[[[95.92253,21.27783],[95.92365,21.27512],[95.92341,21.27481],[95.92312,21.27526],[95.92297,21.27661],[95.92225,21.27647],[95.92191,21.27692],[95.92249,21.2758],[95.92177,21.27502],[95.92274,21.27449],[95.92226,21.27372],[95.92236,21.27403],[95.92149,21.27394],[95.92162,21.27584],[95.92114,21.27597],[95.92167,21.27715],[95.92268,21.27684],[95.92238,21.27783],[95.92253,21.27783]]],[[[96.11743,21.27823],[96.11855,21.27715],[96.11802,21.27593],[96.11648,21.27642],[96.11724,21.27823],[96.11743,21.27823]]],[[[96.1108,21.27378],[96.10825,21.27223],[96.10782,21.2725],[96.10662,21.27114],[96.10604,21.27236],[96.10772,21.27272],[96.1071,21.2729],[96.10762,21.27354],[96.1069,21.27435],[96.10718,21.27489],[96.10752,21.27467],[96.10761,21.2753],[96.10708,21.27525],[96.10621,21.27633],[96.10539,21.27606],[96.10579,21.27421],[96.10545,21.27407],[96.10463,21.27461],[96.1052,21.27538],[96.10434,21.27479],[96.104,21.27551],[96.10645,21.27687],[96.10824,21.27648],[96.10838,21.27697],[96.1092,21.27711],[96.10905,21.27765],[96.10997,21.27644],[96.11002,21.27698],[96.11122,21.27712],[96.11141,21.2778],[96.11285,21.27875],[96.1131,21.27758],[96.11252,21.27699],[96.1131,21.27722],[96.1131,21.27645],[96.1146,21.27569],[96.11393,21.27501],[96.11475,21.27456],[96.11566,21.277],[96.11536,21.27741],[96.11599,21.27836],[96.11685,21.27854],[96.11633,21.27705],[96.11551,21.27678],[96.11706,21.27475],[96.11668,21.2743],[96.11591,21.27434],[96.11601,21.27389],[96.115,21.27361],[96.11524,21.27334],[96.11471,21.27329],[96.11442,21.27266],[96.11322,21.2727],[96.11279,21.27157],[96.11192,21.27166],[96.11226,21.27116],[96.11129,21.27143],[96.11115,21.27211],[96.10821,21.27196],[96.10878,21.27246],[96.11004,21.27224],[96.10984,21.2726],[96.1108,21.27373],[96.1108,21.27378]]],[[[96.30515,21.2824],[96.30486,21.28304],[96.30443,21.2824],[96.3052,21.28209],[96.3037,21.28204],[96.30342,21.28154],[96.30284,21.28176],[96.30313,21.28235],[96.30134,21.28226],[96.30158,21.28176],[96.30106,21.28162],[96.30067,21.28189],[96.3012,21.28212],[96.30091,21.28271],[96.30149,21.28271],[96.30086,21.28339],[96.30467,21.28299],[96.30673,21.28413],[96.30707,21.28354],[96.30755,21.28404],[96.30943,21.28404],[96.30949,21.28318],[96.30987,21.28368],[96.3103,21.28319],[96.30968,21.28296],[96.30842,21.28399],[96.30804,21.28363],[96.30915,21.28314],[96.30901,21.28255],[96.30954,21.28233],[96.30973,21.28147],[96.31046,21.2812],[96.31031,21.28057],[96.31172,21.27885],[96.31167,21.27822],[96.31065,21.27926],[96.30992,21.28133],[96.30794,21.28318],[96.30722,21.28349],[96.30722,21.28313],[96.30602,21.28304],[96.30587,21.28227],[96.30539,21.2824],[96.30515,21.2824]]],[[[95.98283,21.28477],[95.98312,21.28419],[95.98356,21.28464],[95.98394,21.28433],[95.98361,21.28405],[95.98419,21.28401],[95.98506,21.28198],[95.98453,21.28261],[95.98381,21.28198],[95.98366,21.28342],[95.9826,21.28342],[95.98259,21.28473],[95.98298,21.28477],[95.98283,21.28477]]],[[[96.11118,21.28494],[96.11235,21.28399],[96.11196,21.28399],[96.1123,21.28349],[96.11326,21.28354],[96.11283,21.28304],[96.1138,21.28201],[96.11303,21.28232],[96.11303,21.2811],[96.11202,21.28146],[96.11279,21.28164],[96.11274,21.28237],[96.11154,21.28191],[96.11202,21.28232],[96.11196,21.28309],[96.11182,21.28268],[96.11129,21.28331],[96.1111,21.28263],[96.11052,21.28299],[96.11133,21.28444],[96.11109,21.28493],[96.11118,21.28494]]],[[[96.09948,21.27251],[96.09689,21.26979],[96.09629,21.26545],[96.0959,21.26536],[96.09708,21.27132],[96.09818,21.27174],[96.1001,21.27378],[96.10054,21.27373],[96.10077,21.27441],[96.10255,21.2755],[96.10351,21.27709],[96.10442,21.27754],[96.10404,21.27795],[96.1061,21.27854],[96.10528,21.27899],[96.1059,21.28008],[96.1062,21.27963],[96.10653,21.28031],[96.10711,21.28018],[96.10918,21.2814],[96.10947,21.28091],[96.10946,21.28163],[96.10783,21.28167],[96.10879,21.28167],[96.10879,21.28231],[96.10628,21.28297],[96.10493,21.28152],[96.10566,21.28121],[96.10595,21.28175],[96.1059,21.28098],[96.1033,21.28016],[96.10431,21.2808],[96.10488,21.28261],[96.10594,21.2832],[96.10651,21.28437],[96.10747,21.28519],[96.10743,21.28487],[96.10834,21.28492],[96.10859,21.2838],[96.11047,21.28303],[96.11019,21.28163],[96.11057,21.28186],[96.11086,21.28132],[96.1112,21.28168],[96.1114,21.28096],[96.11101,21.28114],[96.10957,21.28005],[96.10808,21.27833],[96.10799,21.27747],[96.10746,21.27765],[96.10784,21.27819],[96.10539,21.27692],[96.10289,21.27523],[96.10275,21.27492],[96.10323,21.27519],[96.10342,21.27456],[96.10304,21.27474],[96.10179,21.27356],[96.10155,21.27396],[96.10054,21.2736],[96.09963,21.27251],[96.09948,21.27251]]],[[[96.12308,21.28702],[96.12347,21.28684],[96.12346,21.28724],[96.12197,21.28629],[96.12246,21.28634],[96.12246,21.28579],[96.12164,21.28579],[96.12188,21.28624],[96.1214,21.28647],[96.12183,21.28688],[96.12274,21.2872],[96.12279,21.28765],[96.12366,21.28765],[96.12424,21.2872],[96.1239,21.28643],[96.12473,21.28562],[96.12285,21.28548],[96.1241,21.28603],[96.12313,21.28616],[96.12308,21.28684],[96.12308,21.28702]]],[[[96.11589,21.2883],[96.11628,21.28758],[96.11763,21.28776],[96.11744,21.28726],[96.11874,21.28695],[96.11865,21.28632],[96.11826,21.28677],[96.11831,21.28632],[96.1172,21.28613],[96.11638,21.28735],[96.11658,21.28622],[96.1158,21.2883],[96.11589,21.2883]]],[[[96.29848,21.28744],[96.29824,21.28848],[96.29887,21.2869],[96.29974,21.28654],[96.29926,21.28596],[96.2993,21.28654],[96.29892,21.28663],[96.29907,21.28573],[96.29839,21.28649],[96.29843,21.28722],[96.29795,21.2874],[96.29708,21.28699],[96.29771,21.2869],[96.29776,21.28645],[96.29661,21.28631],[96.29689,21.28739],[96.29829,21.28744],[96.29848,21.28744]]],[[[96.1232,21.29158],[96.12451,21.29104],[96.1248,21.2914],[96.12533,21.29059],[96.12519,21.2891],[96.12408,21.28919],[96.12413,21.28987],[96.12277,21.29126],[96.12306,21.29158],[96.1232,21.29158]]],[[[96.11642,21.28911],[96.11623,21.28816],[96.11579,21.28879],[96.11484,21.28725],[96.11566,21.28748],[96.11556,21.28626],[96.11605,21.28626],[96.1161,21.2855],[96.11701,21.28568],[96.11745,21.28469],[96.11726,21.28419],[96.11692,21.28536],[96.11658,21.28518],[96.11698,21.28265],[96.11726,21.28383],[96.11755,21.28311],[96.11723,21.28121],[96.11641,21.28012],[96.11656,21.27945],[96.1142,21.27862],[96.11415,21.27921],[96.11468,21.27908],[96.1153,21.27985],[96.11463,21.27948],[96.11323,21.2797],[96.11304,21.27916],[96.1116,21.2787],[96.11275,21.28065],[96.11405,21.28016],[96.11434,21.28057],[96.11439,21.27989],[96.11468,21.28039],[96.11617,21.28012],[96.11516,21.28048],[96.11544,21.28093],[96.1151,21.28161],[96.11448,21.28174],[96.11708,21.28216],[96.1164,21.28265],[96.11534,21.2822],[96.11664,21.28329],[96.11658,21.28451],[96.11485,21.28423],[96.11485,21.28481],[96.11422,21.28472],[96.1135,21.28531],[96.11359,21.28612],[96.11301,21.28707],[96.1121,21.2858],[96.11123,21.28611],[96.11113,21.28661],[96.11022,21.28597],[96.10881,21.28682],[96.10867,21.28619],[96.10866,21.288],[96.10967,21.28872],[96.10962,21.28994],[96.11155,21.28945],[96.11275,21.29113],[96.11429,21.28978],[96.11429,21.29046],[96.11526,21.2906],[96.11525,21.291],[96.11463,21.29105],[96.11501,21.29177],[96.11584,21.29001],[96.11502,21.29024],[96.11536,21.28866],[96.11598,21.28983],[96.11801,21.29007],[96.11897,21.28899],[96.11908,21.28763],[96.11859,21.28826],[96.11705,21.28844],[96.11719,21.28993],[96.11656,21.28979],[96.11647,21.28911],[96.11642,21.28911]]],[[[95.7872,21.27762],[95.78701,21.27721],[95.78657,21.27739],[95.78667,21.27689],[95.78773,21.27685],[95.7889,21.27528],[95.78813,21.27518],[95.78833,21.27446],[95.7879,21.27437],[95.78712,21.27522],[95.7853,21.27413],[95.78503,21.27092],[95.78561,21.27065],[95.78589,21.27101],[95.78662,21.27043],[95.78605,21.26998],[95.78595,21.27029],[95.78441,21.2701],[95.7852,21.26721],[95.78439,21.26599],[95.784,21.26648],[95.78418,21.26734],[95.78375,21.26761],[95.78442,21.26852],[95.78364,21.26924],[95.78316,21.26869],[95.78315,21.26996],[95.78233,21.27045],[95.78085,21.26859],[95.78139,21.26755],[95.78067,21.26728],[95.78106,21.26696],[95.78092,21.2661],[95.78006,21.26479],[95.77967,21.2651],[95.77995,21.26596],[95.77913,21.2665],[95.77951,21.26682],[95.77936,21.2679],[95.77854,21.2688],[95.77743,21.26875],[95.7782,21.26934],[95.77785,21.26984],[95.77752,21.26934],[95.77651,21.26933],[95.77594,21.26833],[95.77647,21.26757],[95.77595,21.26698],[95.7745,21.27375],[95.77532,21.27425],[95.77542,21.27357],[95.77604,21.27389],[95.77569,21.27588],[95.77641,21.27615],[95.77616,21.27732],[95.77669,21.27778],[95.77757,21.2758],[95.77815,21.27607],[95.778,21.27706],[95.77847,21.27788],[95.77892,21.2763],[95.78051,21.27685],[95.781,21.27532],[95.78234,21.27596],[95.7819,21.27691],[95.78166,21.2765],[95.78089,21.27663],[95.78069,21.27785],[95.78093,21.27839],[95.78237,21.27876],[95.78232,21.27994],[95.78193,21.28034],[95.78169,21.2798],[95.78178,21.28079],[95.7811,21.28137],[95.78167,21.28278],[95.78229,21.28301],[95.78215,21.28346],[95.78162,21.28341],[95.78199,21.28544],[95.7806,21.28467],[95.78017,21.28358],[95.78021,21.28476],[95.77982,21.28516],[95.77944,21.28471],[95.779,21.28502],[95.7779,21.28429],[95.77786,21.28366],[95.77742,21.28375],[95.77719,21.28257],[95.77671,21.2827],[95.7766,21.28342],[95.77554,21.28351],[95.77531,21.28306],[95.77496,21.284],[95.77463,21.28346],[95.77458,21.28418],[95.77333,21.28327],[95.7726,21.2834],[95.77303,21.28422],[95.77274,21.28467],[95.77226,21.28439],[95.77191,21.2862],[95.77239,21.28615],[95.77273,21.28683],[95.77171,21.28696],[95.77127,21.2889],[95.77179,21.289],[95.77183,21.29044],[95.7725,21.29085],[95.77391,21.2905],[95.77466,21.2924],[95.77534,21.29223],[95.77519,21.2929],[95.77568,21.29241],[95.77491,21.29087],[95.77535,21.29024],[95.77641,21.29074],[95.7769,21.28993],[95.7793,21.29053],[95.77978,21.2913],[95.77982,21.29293],[95.7816,21.29231],[95.78859,21.28634],[95.78768,21.28494],[95.78846,21.28395],[95.78966,21.28386],[95.78914,21.28341],[95.78755,21.28335],[95.78769,21.28272],[95.78731,21.28299],[95.7877,21.28245],[95.78727,21.28173],[95.78863,21.27952],[95.78805,21.28006],[95.78738,21.2792],[95.78694,21.27965],[95.78676,21.27843],[95.78733,21.27897],[95.7872,21.27771],[95.7872,21.27762]]],[[[96.12347,21.29718],[96.12356,21.29809],[96.12168,21.2988],[96.12168,21.29763],[96.12226,21.29794],[96.12226,21.29718],[96.12275,21.29709],[96.12322,21.29777],[96.12328,21.29714],[96.1239,21.29678],[96.1241,21.29515],[96.12337,21.29691],[96.12323,21.2965],[96.12081,21.29767],[96.12134,21.29767],[96.12148,21.29934],[96.12051,21.30115],[96.12095,21.30056],[96.12133,21.30088],[96.12172,21.29984],[96.1223,21.30043],[96.12172,21.30043],[96.12157,21.30151],[96.12288,21.30021],[96.12417,21.3008],[96.12465,21.30175],[96.12504,21.30175],[96.12475,21.30085],[96.12543,21.30112],[96.12586,21.30144],[96.12581,21.30225],[96.1262,21.30144],[96.12638,21.30239],[96.12624,21.30275],[96.12581,21.30248],[96.12624,21.30329],[96.12575,21.30342],[96.12575,21.30455],[96.12599,21.30541],[96.12632,21.30492],[96.12723,21.30628],[96.12719,21.30578],[96.12757,21.30605],[96.12782,21.30538],[96.12695,21.30542],[96.12758,21.30443],[96.12725,21.3037],[96.12681,21.30411],[96.12706,21.30293],[96.12681,21.30352],[96.12648,21.30316],[96.12711,21.30226],[96.12668,21.30171],[96.12683,21.30049],[96.12514,21.30067],[96.12529,21.29972],[96.1248,21.29999],[96.12466,21.29899],[96.12326,21.29976],[96.12269,21.2993],[96.12279,21.29867],[96.12336,21.2993],[96.12501,21.29832],[96.12352,21.29718],[96.12347,21.29718]]],[[[96.27725,21.30726],[96.2775,21.30649],[96.28296,21.30249],[96.27779,21.30532],[96.27682,21.30694],[96.2772,21.30726],[96.27725,21.30726]]],[[[96.16821,21.30743],[96.16854,21.30711],[96.16821,21.30689],[96.16898,21.30648],[96.16884,21.3058],[96.16725,21.30652],[96.16691,21.30584],[96.16546,21.30638],[96.16594,21.30715],[96.16575,21.30643],[96.16638,21.30611],[96.16667,21.30688],[96.16811,21.30693],[96.16816,21.30743],[96.16821,21.30743]]],[[[96.11922,21.30855],[96.11966,21.30837],[96.11927,21.30751],[96.11855,21.30715],[96.12024,21.30625],[96.12188,21.30639],[96.12203,21.30684],[96.12101,21.30697],[96.12125,21.30734],[96.12304,21.30716],[96.12164,21.30589],[96.12247,21.30468],[96.12155,21.30476],[96.12121,21.30607],[96.12,21.30602],[96.12001,21.30539],[96.11996,21.30629],[96.11759,21.30696],[96.11792,21.30759],[96.11744,21.308],[96.11903,21.30769],[96.11913,21.30855],[96.11922,21.30855]]],[[[96.16821,21.30743],[96.16777,21.30788],[96.16695,21.30774],[96.16772,21.30706],[96.16594,21.30733],[96.1669,21.309],[96.16733,21.30878],[96.16853,21.30951],[96.16926,21.30874],[96.16869,21.30779],[96.16941,21.30752],[96.16825,21.30743],[96.16821,21.30743]]],[[[96.1194,21.3128],[96.11949,21.31221],[96.12046,21.31275],[96.12108,21.31258],[96.12094,21.31181],[96.12147,21.31136],[96.12215,21.3119],[96.12201,21.311],[96.11964,21.31122],[96.11868,21.31202],[96.11911,21.31279],[96.1194,21.3128]]],[[[96.05036,21.3135],[96.05051,21.31119],[96.0494,21.31164],[96.05007,21.31246],[96.04825,21.31164],[96.04882,21.31196],[96.04752,21.31249],[96.04752,21.31281],[96.04824,21.31263],[96.04853,21.31349],[96.04853,21.31286],[96.04949,21.31282],[96.04921,21.31236],[96.05026,21.3135],[96.05036,21.3135]]],[[[96.12918,21.31356],[96.12927,21.31396],[96.12894,21.31347],[96.1285,21.31405],[96.12846,21.31274],[96.12783,21.31265],[96.12759,21.31197],[96.1272,21.31463],[96.12758,21.31432],[96.12835,21.31477],[96.12898,21.31405],[96.12942,21.31419],[96.12952,21.31356],[96.12918,21.31351],[96.12918,21.31356]]],[[[96.01914,21.31769],[96.02257,21.31663],[96.02166,21.31531],[96.01892,21.31543],[96.01819,21.31579],[96.01857,21.31769],[96.01914,21.31769]]],[[[96.01923,21.31896],[96.02358,21.31826],[96.02257,21.31699],[96.01876,21.3181],[96.01895,21.31896],[96.01923,21.31896]]],[[[96.14255,21.32002],[96.14323,21.31967],[96.14174,21.31767],[96.14039,21.31758],[96.13962,21.31699],[96.1388,21.31753],[96.13852,21.31703],[96.13885,21.31834],[96.13991,21.31834],[96.13976,21.31888],[96.14058,21.31929],[96.14073,21.31839],[96.14135,21.31826],[96.14135,21.31952],[96.1425,21.32002],[96.14255,21.32002]]],[[[96.02188,21.3201],[96.02184,21.31893],[96.01904,21.31936],[96.01923,21.31986],[96.02164,21.3201],[96.02188,21.3201]]],[[[96.26669,21.32263],[96.26732,21.32218],[96.26708,21.32182],[96.26949,21.32133],[96.26771,21.32092],[96.26684,21.32136],[96.26664,21.32263],[96.26669,21.32263]]],[[[96.13183,21.32436],[96.13093,21.32129],[96.13107,21.32224],[96.13078,21.32183],[96.13073,21.32228],[96.12894,21.32327],[96.1301,21.32314],[96.13087,21.32418],[96.13173,21.32436],[96.13183,21.32436]]],[[[96.26725,21.32724],[96.26812,21.32715],[96.26831,21.3262],[96.26778,21.32611],[96.26798,21.3257],[96.26697,21.32453],[96.26639,21.32462],[96.26601,21.32412],[96.26586,21.32493],[96.26697,21.32502],[96.26769,21.32643],[96.2671,21.32724],[96.26725,21.32724]]],[[[96.14281,21.32807],[96.14325,21.32649],[96.14416,21.32622],[96.14417,21.32545],[96.1446,21.32523],[96.14412,21.32518],[96.14238,21.32685],[96.14103,21.32648],[96.14276,21.32807],[96.14281,21.32807]]],[[[95.95621,21.33022],[95.95746,21.33],[95.95795,21.32869],[95.95729,21.32729],[95.95651,21.32738],[95.95622,21.32828],[95.95632,21.32742],[95.95579,21.3271],[95.95555,21.32814],[95.95473,21.32764],[95.95458,21.32804],[95.95578,21.32864],[95.95606,21.33022],[95.95621,21.33022]]],[[[96.13937,21.33117],[96.14019,21.33036],[96.14087,21.33059],[96.14092,21.33018],[96.14015,21.32977],[96.14025,21.32896],[96.14252,21.32834],[96.14093,21.32679],[96.14084,21.32607],[96.14016,21.32593],[96.14113,21.32576],[96.14161,21.3263],[96.1421,21.3249],[96.1432,21.32585],[96.14383,21.32455],[96.1447,21.32464],[96.14389,21.32351],[96.14475,21.32387],[96.14504,21.32514],[96.14518,21.32482],[96.14615,21.32514],[96.14466,21.32243],[96.14326,21.32233],[96.14346,21.32129],[96.14428,21.32152],[96.14337,21.31998],[96.14081,21.32092],[96.14071,21.32173],[96.14153,21.32214],[96.14105,21.32246],[96.14052,21.32196],[96.13993,21.32336],[96.13877,21.32435],[96.13842,21.32656],[96.13983,21.32553],[96.14007,21.32575],[96.13982,21.32724],[96.13924,21.3271],[96.13905,21.32778],[96.13828,21.32755],[96.13866,21.32837],[96.13812,21.32927],[96.13866,21.32846],[96.13904,21.32868],[96.13855,21.32995],[96.13922,21.33117],[96.13937,21.33117]],[[96.14036,21.32526],[96.13978,21.32494],[96.14138,21.32409],[96.14128,21.32314],[96.14288,21.32287],[96.14307,21.32369],[96.14234,21.324],[96.14191,21.32327],[96.14128,21.32476],[96.14055,21.32526],[96.14036,21.32526]]],[[[95.95403,21.3312],[95.95414,21.33012],[95.95587,21.32995],[95.95501,21.32958],[95.95501,21.32899],[95.95448,21.32931],[95.95439,21.32827],[95.954,21.32899],[95.95294,21.32894],[95.95279,21.32989],[95.9539,21.32944],[95.95399,21.3312],[95.95403,21.3312]]],[[[96.14867,21.33306],[96.14934,21.33256],[96.14915,21.33193],[96.15146,21.33266],[96.14988,21.33139],[96.14858,21.33116],[96.14877,21.33166],[96.14824,21.33202],[96.14852,21.33306],[96.14867,21.33306]]],[[[96.13845,21.33175],[96.13941,21.33212],[96.13903,21.3313],[96.13874,21.33157],[96.13821,21.33121],[96.13816,21.33193],[96.13744,21.33193],[96.13749,21.33071],[96.13662,21.3308],[96.13696,21.3303],[96.13609,21.33057],[96.1372,21.33175],[96.13657,21.3326],[96.13763,21.33211],[96.13791,21.33306],[96.13936,21.33311],[96.13811,21.33229],[96.13845,21.33189],[96.13845,21.33175]]],[[[96.14191,21.33335],[96.1437,21.33263],[96.1439,21.33168],[96.14342,21.33132],[96.14336,21.3325],[96.14293,21.33281],[96.14284,21.33195],[96.14057,21.33149],[96.14082,21.33095],[96.14019,21.33086],[96.14018,21.33262],[96.14177,21.33335],[96.14191,21.33335]]],[[[96.20474,21.33394],[96.20493,21.33421],[96.20464,21.33394],[96.20406,21.33439],[96.20291,21.33294],[96.20208,21.33434],[96.20314,21.33443],[96.20309,21.33525],[96.20416,21.33462],[96.20473,21.33462],[96.20521,21.3353],[96.20647,21.3349],[96.20589,21.33462],[96.20575,21.33282],[96.20527,21.33281],[96.20474,21.33381],[96.20474,21.33394]]],[[[96.14402,21.33616],[96.1447,21.33557],[96.14417,21.33525],[96.14403,21.33408],[96.14331,21.33435],[96.14321,21.33489],[96.14263,21.33466],[96.14297,21.3352],[96.14195,21.33511],[96.14157,21.33556],[96.14272,21.33543],[96.14291,21.33611],[96.14393,21.33616],[96.14402,21.33616]]],[[[96.23477,21.33657],[96.23559,21.33608],[96.23549,21.33513],[96.2366,21.33595],[96.23603,21.33468],[96.23477,21.33477],[96.23453,21.33572],[96.23414,21.33567],[96.23443,21.33486],[96.23342,21.33522],[96.23366,21.33607],[96.23448,21.33585],[96.23452,21.33657],[96.23477,21.33657]]],[[[96.22266,21.33766],[96.22348,21.33712],[96.22425,21.33762],[96.22431,21.33559],[96.22541,21.33614],[96.2246,21.33464],[96.22281,21.33595],[96.22156,21.33621],[96.22189,21.33667],[96.22372,21.33654],[96.22358,21.33703],[96.22199,21.33735],[96.22213,21.33766],[96.22266,21.33766]]],[[[96.25945,21.33833],[96.26153,21.33635],[96.26109,21.33711],[96.26143,21.33693],[96.2623,21.3354],[96.25906,21.33742],[96.25901,21.33833],[96.25935,21.33833],[96.25945,21.33833]]],[[[96.26292,21.33861],[96.26403,21.33793],[96.26355,21.33744],[96.26379,21.3369],[96.26451,21.33699],[96.26452,21.33636],[96.2649,21.33658],[96.26476,21.33599],[96.26432,21.33599],[96.26457,21.33514],[96.26409,21.33441],[96.26497,21.33143],[96.26478,21.33044],[96.26516,21.33057],[96.26483,21.33012],[96.26482,21.33098],[96.2641,21.33166],[96.26414,21.33256],[96.26317,21.33436],[96.26322,21.33486],[96.26409,21.33527],[96.26428,21.33604],[96.26389,21.33617],[96.26432,21.33658],[96.26235,21.33648],[96.26249,21.33716],[96.26321,21.33721],[96.26321,21.33653],[96.2637,21.33671],[96.26335,21.3378],[96.26307,21.33753],[96.26268,21.33802],[96.26287,21.33861],[96.26292,21.33861]]],[[[96.19594,21.33879],[96.19594,21.33825],[96.19826,21.33758],[96.19826,21.33695],[96.19904,21.33632],[96.19817,21.33604],[96.19797,21.33699],[96.19581,21.33662],[96.19585,21.33707],[96.19629,21.33698],[96.1959,21.33739],[96.19609,21.33807],[96.19561,21.33748],[96.19522,21.33797],[96.19589,21.33879],[96.19594,21.33879]]],[[[96.20491,21.33882],[96.20573,21.3386],[96.20564,21.33611],[96.2041,21.33629],[96.20386,21.33584],[96.20246,21.33556],[96.2028,21.3361],[96.20212,21.33633],[96.20188,21.33718],[96.20386,21.33674],[96.20419,21.33769],[96.20371,21.33791],[96.20472,21.33882],[96.20491,21.33882]]],[[[96.21731,21.33737],[96.21673,21.3376],[96.2174,21.33774],[96.21692,21.33837],[96.21706,21.33932],[96.21783,21.33932],[96.21754,21.33891],[96.21788,21.33851],[96.21802,21.33923],[96.21851,21.33923],[96.2187,21.33846],[96.21918,21.3386],[96.22097,21.33757],[96.22132,21.33581],[96.21904,21.33815],[96.21793,21.33832],[96.21688,21.33633],[96.21683,21.33728],[96.21721,21.33737],[96.21731,21.33737]]],[[[96.13316,21.34014],[96.13417,21.33919],[96.13408,21.33824],[96.13485,21.33865],[96.13587,21.33744],[96.13635,21.33744],[96.1363,21.33812],[96.13678,21.33821],[96.13737,21.33708],[96.13679,21.33712],[96.13727,21.3364],[96.13698,21.33608],[96.13761,21.33686],[96.1378,21.33631],[96.13857,21.33618],[96.13761,21.3355],[96.13674,21.33568],[96.1369,21.33423],[96.13843,21.33577],[96.14003,21.33492],[96.13979,21.33415],[96.13892,21.33424],[96.13892,21.33343],[96.13844,21.33415],[96.13772,21.33415],[96.13757,21.3336],[96.1368,21.33387],[96.13676,21.33292],[96.13613,21.33382],[96.13584,21.33364],[96.13647,21.33288],[96.1359,21.33125],[96.13435,21.33138],[96.13595,21.33071],[96.13624,21.32994],[96.13518,21.32993],[96.13431,21.33129],[96.13402,21.33079],[96.13378,21.3311],[96.13401,21.33201],[96.1345,21.33187],[96.13415,21.33273],[96.13487,21.33395],[96.13579,21.33441],[96.13492,21.33436],[96.13491,21.33531],[96.13544,21.33545],[96.13462,21.3358],[96.13568,21.33631],[96.13582,21.33689],[96.13534,21.33658],[96.135,21.33694],[96.13481,21.33621],[96.13424,21.33607],[96.13287,21.34013],[96.13316,21.34014]]],[[[96.13251,21.33372],[96.13275,21.33349],[96.13261,21.33413],[96.13333,21.33413],[96.13299,21.33358],[96.13338,21.33322],[96.13266,21.33291],[96.13329,21.33241],[96.13301,21.32988],[96.13171,21.32992],[96.13282,21.32965],[96.13277,21.32866],[96.13157,21.32897],[96.13137,21.32969],[96.13128,21.32865],[96.13003,21.32851],[96.13022,21.3291],[96.12925,21.32896],[96.12876,21.33041],[96.12795,21.32995],[96.12718,21.32819],[96.12796,21.32765],[96.12787,21.32625],[96.12686,21.3248],[96.12783,21.32313],[96.12586,21.32244],[96.12558,21.32059],[96.12596,21.32055],[96.12524,21.32032],[96.12505,21.31941],[96.12442,21.3205],[96.12457,21.32086],[96.1251,21.32063],[96.12543,21.32127],[96.12547,21.32294],[96.12624,21.32353],[96.12633,21.32443],[96.12687,21.32358],[96.12667,21.32466],[96.12609,21.32475],[96.12666,21.32602],[96.12676,21.32489],[96.12743,21.32633],[96.12695,21.32651],[96.12666,21.3276],[96.12737,21.32954],[96.12675,21.32895],[96.12713,21.3299],[96.1266,21.32967],[96.12661,21.32773],[96.12617,21.32778],[96.12607,21.32823],[96.12569,21.328],[96.12601,21.33098],[96.12524,21.3308],[96.12495,21.33129],[96.12457,21.33003],[96.12394,21.33021],[96.12472,21.3298],[96.12472,21.32922],[96.12515,21.32953],[96.12472,21.32831],[96.12333,21.32822],[96.12468,21.32781],[96.12415,21.32759],[96.12387,21.32628],[96.12348,21.32627],[96.12412,21.32424],[96.1232,21.32424],[96.12402,21.32361],[96.12379,21.32216],[96.12321,21.32216],[96.12312,21.32139],[96.12423,21.3209],[96.12365,21.32054],[96.12264,21.32076],[96.12211,21.3194],[96.12206,21.3204],[96.12178,21.31913],[96.12067,21.31876],[96.12096,21.31845],[96.12048,21.31745],[96.1199,21.31772],[96.12039,21.31655],[96.11986,21.316],[96.12,21.31691],[96.11962,21.31718],[96.11919,21.31528],[96.11949,21.31424],[96.1203,21.3142],[96.12001,21.31573],[96.12073,21.31569],[96.12049,21.31655],[96.12107,21.31592],[96.1215,21.31633],[96.12203,21.31601],[96.12223,21.31498],[96.12145,21.31588],[96.12126,21.31551],[96.12092,21.31583],[96.12064,21.31388],[96.1193,21.31307],[96.11881,21.31338],[96.11886,21.31424],[96.11823,21.3141],[96.11833,21.31478],[96.1178,21.31482],[96.11775,21.31428],[96.11731,21.31464],[96.11751,21.31383],[96.11862,21.3132],[96.11766,21.31338],[96.11785,21.31274],[96.11728,21.31256],[96.118,21.3118],[96.11844,21.31193],[96.11786,21.3113],[96.11665,21.31247],[96.11732,21.31374],[96.11712,21.31423],[96.11655,21.31373],[96.11621,21.31405],[96.1163,21.31513],[96.11524,21.31508],[96.11529,21.31391],[96.11534,21.31441],[96.11418,21.31431],[96.11428,21.31381],[96.11563,21.31386],[96.11515,21.31337],[96.11443,21.31354],[96.11486,21.31287],[96.11645,21.31305],[96.11632,21.31107],[96.11488,21.30876],[96.11518,21.3079],[96.11566,21.30777],[96.11527,21.30835],[96.11575,21.30912],[96.11619,21.3079],[96.11648,21.30804],[96.11666,21.30998],[96.117,21.3094],[96.11772,21.30936],[96.11695,21.3089],[96.11754,21.30814],[96.11595,21.30768],[96.11803,21.30638],[96.11629,21.30696],[96.11619,21.30646],[96.11697,21.30615],[96.11693,21.30452],[96.1177,21.30439],[96.1175,21.30529],[96.11813,21.30502],[96.11862,21.30421],[96.11809,21.30403],[96.11857,21.30376],[96.11838,21.30321],[96.11905,21.30304],[96.11862,21.3034],[96.1191,21.30362],[96.11832,21.30588],[96.11938,21.30466],[96.119,21.3043],[96.11929,21.30372],[96.11919,21.30426],[96.12001,21.30476],[96.12011,21.30408],[96.11958,21.30349],[96.12075,21.30219],[96.11905,21.30331],[96.11954,21.30245],[96.11916,21.30186],[96.11949,21.30204],[96.11954,21.30164],[96.11892,21.30145],[96.11964,21.30128],[96.11911,21.30091],[96.11989,21.30042],[96.11983,21.30132],[96.12027,21.30123],[96.12051,21.29988],[96.11998,21.30038],[96.11989,21.29974],[96.12081,21.29911],[96.12023,21.29884],[96.11893,21.29929],[96.11864,21.29784],[96.11811,21.29766],[96.11874,21.29703],[96.11942,21.2973],[96.11903,21.29743],[96.11903,21.29865],[96.12081,21.29875],[96.12028,21.29803],[96.12116,21.29695],[96.12097,21.29573],[96.12164,21.296],[96.12164,21.29659],[96.12179,21.29596],[96.12246,21.29582],[96.12294,21.29641],[96.12357,21.29492],[96.12406,21.29506],[96.12286,21.29207],[96.1219,21.29184],[96.12142,21.29229],[96.122,21.29112],[96.12133,21.29094],[96.12162,21.29058],[96.12085,21.29085],[96.12142,21.29166],[96.1205,21.29179],[96.12061,21.29067],[96.12022,21.29044],[96.12085,21.28967],[96.12234,21.29008],[96.12278,21.28959],[96.12259,21.28846],[96.12312,21.28914],[96.12297,21.28977],[96.12374,21.28959],[96.1236,21.28914],[96.12418,21.28887],[96.12336,21.28887],[96.12321,21.28937],[96.1225,21.28774],[96.12096,21.2866],[96.12097,21.28516],[96.12053,21.28511],[96.12034,21.28606],[96.12082,21.28642],[96.11947,21.28669],[96.11908,21.28759],[96.12091,21.28678],[96.12144,21.28805],[96.12047,21.28795],[96.12023,21.2884],[96.12124,21.28886],[96.12061,21.28926],[96.12018,21.28899],[96.11974,21.29089],[96.11887,21.29057],[96.11906,21.29179],[96.11833,21.29255],[96.11703,21.29196],[96.11818,21.29319],[96.1177,21.29354],[96.11828,21.29427],[96.11832,21.29481],[96.11774,21.29508],[96.11798,21.29562],[96.11769,21.29535],[96.11658,21.29621],[96.11759,21.29725],[96.11691,21.29774],[96.11653,21.29702],[96.11691,21.29688],[96.11638,21.29666],[96.11546,21.29846],[96.11537,21.29769],[96.11392,21.29809],[96.11343,21.29868],[96.11382,21.29854],[96.11362,21.29999],[96.11401,21.29967],[96.11392,21.29872],[96.11416,21.29922],[96.11493,21.29927],[96.11473,21.29981],[96.11536,21.29932],[96.11584,21.29968],[96.11613,21.29855],[96.11691,21.29847],[96.11637,21.29878],[96.11695,21.2991],[96.11719,21.3],[96.11627,21.29991],[96.11608,21.30031],[96.11468,21.29999],[96.11511,21.30022],[96.11487,21.30058],[96.1154,21.30171],[96.11574,21.30104],[96.11622,21.30113],[96.11641,21.30217],[96.11544,21.30225],[96.11568,21.30343],[96.11534,21.30302],[96.11476,21.3032],[96.11525,21.30271],[96.11472,21.30252],[96.1152,21.3023],[96.11472,21.30184],[96.11482,21.30035],[96.11372,21.30049],[96.11401,21.2999],[96.11309,21.30026],[96.11328,21.30134],[96.1139,21.30153],[96.11313,21.30166],[96.11356,21.30211],[96.11303,21.30193],[96.11293,21.3031],[96.11275,21.30039],[96.11208,21.30034],[96.11159,21.30102],[96.11217,21.30147],[96.11154,21.3017],[96.11081,21.30323],[96.11091,21.30355],[96.11211,21.30337],[96.11245,21.30414],[96.11138,21.30436],[96.11124,21.30373],[96.11052,21.30382],[96.11071,21.30508],[96.11018,21.30467],[96.1093,21.30593],[96.10815,21.30521],[96.10757,21.30566],[96.1081,21.30602],[96.10839,21.30543],[96.10834,21.30611],[96.10916,21.30647],[96.10872,21.3067],[96.10964,21.30684],[96.10939,21.3086],[96.10982,21.30905],[96.10919,21.30937],[96.1088,21.31077],[96.1088,21.31004],[96.10832,21.31031],[96.10856,21.31072],[96.10807,21.31176],[96.10943,21.31014],[96.1101,21.30996],[96.10972,21.30932],[96.11059,21.30955],[96.11088,21.30883],[96.11183,21.31105],[96.11213,21.31069],[96.11362,21.31173],[96.114,21.31291],[96.11302,21.3144],[96.1132,21.3176],[96.11185,21.31751],[96.11108,21.31809],[96.11132,21.31832],[96.10915,21.31854],[96.10866,21.31903],[96.10866,21.32012],[96.10847,21.31926],[96.10784,21.32052],[96.10678,21.32056],[96.10779,21.32106],[96.10759,21.32174],[96.10716,21.32165],[96.10793,21.32228],[96.10759,21.32287],[96.11039,21.32216],[96.11024,21.32175],[96.11072,21.32211],[96.11164,21.32184],[96.11097,21.32175],[96.1115,21.32099],[96.11183,21.32194],[96.11352,21.32208],[96.11183,21.32225],[96.114,21.32235],[96.11429,21.32289],[96.11424,21.32244],[96.11526,21.32199],[96.11589,21.31969],[96.1157,21.32014],[96.11446,21.31643],[96.1147,21.31598],[96.11379,21.31657],[96.11446,21.31756],[96.11335,21.31688],[96.11326,21.31467],[96.11457,21.31458],[96.11606,21.31576],[96.11576,21.31698],[96.11672,21.31834],[96.1158,21.31874],[96.11681,21.31925],[96.11575,21.31947],[96.11633,21.31933],[96.11675,21.32096],[96.1153,21.32204],[96.11573,21.32258],[96.11511,21.3229],[96.11501,21.32362],[96.11399,21.32389],[96.11429,21.3233],[96.11385,21.32307],[96.11308,21.32406],[96.1124,21.32352],[96.11303,21.32271],[96.11173,21.32329],[96.11241,21.32271],[96.11159,21.32297],[96.11115,21.32261],[96.11009,21.32292],[96.11038,21.32428],[96.10975,21.32324],[96.10811,21.32422],[96.10864,21.32323],[96.10995,21.32256],[96.10806,21.32368],[96.1082,21.32648],[96.10954,21.32821],[96.11073,21.3316],[96.11097,21.33101],[96.11045,21.32961],[96.11107,21.32988],[96.1115,21.33205],[96.11198,21.33192],[96.11135,21.33282],[96.11148,21.33467],[96.11116,21.33205],[96.11082,21.33291],[96.11015,21.33051],[96.10914,21.32992],[96.10963,21.32988],[96.10963,21.32906],[96.1091,21.32897],[96.10838,21.32734],[96.10776,21.32748],[96.10761,21.32711],[96.10824,21.32725],[96.10753,21.32472],[96.10773,21.32354],[96.10662,21.32304],[96.10585,21.32327],[96.10671,21.3239],[96.10729,21.32377],[96.10743,21.32454],[96.10719,21.32517],[96.10531,21.3257],[96.10506,21.32633],[96.10386,21.32529],[96.10544,21.32733],[96.104,21.32592],[96.10304,21.32587],[96.1023,21.32836],[96.10245,21.32903],[96.10336,21.32935],[96.10346,21.32981],[96.10172,21.32912],[96.10249,21.32989],[96.10369,21.33008],[96.1034,21.33048],[96.10417,21.33166],[96.10537,21.33198],[96.10614,21.33275],[96.10759,21.33267],[96.10763,21.33348],[96.10821,21.33349],[96.10792,21.33385],[96.10874,21.33367],[96.10884,21.33313],[96.1084,21.33349],[96.10812,21.33276],[96.10889,21.33254],[96.10961,21.33435],[96.11042,21.33489],[96.10995,21.33367],[96.11014,21.33254],[96.11019,21.33372],[96.11148,21.33576],[96.11432,21.33568],[96.11616,21.33456],[96.11823,21.33511],[96.11881,21.33583],[96.11616,21.33478],[96.11505,21.33564],[96.11606,21.33632],[96.11658,21.33749],[96.11658,21.33813],[96.11595,21.33835],[96.11633,21.33935],[96.11638,21.33867],[96.11807,21.33868],[96.1187,21.33773],[96.11909,21.33791],[96.11875,21.33859],[96.11966,21.33868],[96.11981,21.33832],[96.11909,21.33832],[96.11971,21.33828],[96.11967,21.33773],[96.12044,21.33801],[96.12063,21.33878],[96.12116,21.33891],[96.12072,21.33963],[96.12101,21.33909],[96.12183,21.33932],[96.12251,21.33883],[96.12183,21.33905],[96.12193,21.33869],[96.12309,21.33793],[96.12304,21.33757],[96.12251,21.33774],[96.12261,21.33738],[96.12387,21.33689],[96.12353,21.33752],[96.12396,21.33721],[96.12406,21.33761],[96.12352,21.33802],[96.12463,21.33775],[96.12463,21.33829],[96.12666,21.3383],[96.12685,21.33876],[96.12752,21.33849],[96.12762,21.33894],[96.12815,21.33863],[96.12713,21.3402],[96.12935,21.33999],[96.12911,21.33831],[96.12999,21.3375],[96.12917,21.33718],[96.13008,21.33719],[96.13023,21.33777],[96.13192,21.33719],[96.13158,21.3367],[96.13076,21.33674],[96.13076,21.33624],[96.13178,21.33602],[96.13168,21.33512],[96.13241,21.33489],[96.13251,21.33431],[96.1312,21.33489],[96.13072,21.33457],[96.13198,21.33421],[96.13154,21.33403],[96.1316,21.33331],[96.13193,21.33399],[96.13237,21.33372],[96.13251,21.33372]],[[96.12325,21.33346],[96.12239,21.33332],[96.12234,21.3339],[96.12161,21.3339],[96.12205,21.33404],[96.12171,21.33453],[96.12219,21.33449],[96.12228,21.33512],[96.12122,21.33462],[96.12118,21.33367],[96.12215,21.3335],[96.12186,21.33241],[96.12055,21.33363],[96.12109,21.333],[96.12095,21.33236],[96.12201,21.33228],[96.12278,21.33101],[96.12268,21.33183],[96.12389,21.33242],[96.12321,21.33346],[96.12325,21.33346]],[[96.12066,21.33101],[96.11999,21.33105],[96.1196,21.33041],[96.11931,21.33091],[96.11763,21.33063],[96.11797,21.32923],[96.1172,21.32891],[96.11831,21.32896],[96.1184,21.3296],[96.11869,21.32924],[96.11793,21.32779],[96.11687,21.32787],[96.1174,21.32733],[96.11683,21.32575],[96.1176,21.32625],[96.11798,21.32756],[96.11861,21.32734],[96.11827,21.3277],[96.11898,21.32883],[96.11908,21.33005],[96.12139,21.32916],[96.12245,21.33006],[96.12096,21.32956],[96.12061,21.33101],[96.12066,21.33101]],[[96.11895,21.32603],[96.11837,21.32521],[96.11924,21.32486],[96.11929,21.32441],[96.1177,21.32444],[96.11828,21.3239],[96.11963,21.32404],[96.11896,21.32264],[96.12133,21.32238],[96.12138,21.32139],[96.12283,21.3213],[96.12307,21.32166],[96.12273,21.32184],[96.12254,21.32139],[96.12162,21.32166],[96.12176,21.32243],[96.12229,21.32247],[96.12118,21.3236],[96.12165,21.32559],[96.12083,21.32541],[96.11905,21.32603],[96.11895,21.32603]],[[96.11892,21.32106],[96.11882,21.32196],[96.1193,21.32242],[96.11824,21.3221],[96.11708,21.32336],[96.11722,21.32426],[96.1167,21.32336],[96.11844,21.32165],[96.11801,21.32119],[96.11859,21.32097],[96.1184,21.31988],[96.11869,21.3188],[96.11918,21.31867],[96.11989,21.32025],[96.11888,21.32011],[96.11897,21.32106],[96.11892,21.32106]],[[96.11624,21.32719],[96.11591,21.32543],[96.11722,21.32503],[96.11737,21.32431],[96.11765,21.3249],[96.1163,21.32566],[96.11672,21.32787],[96.11595,21.3285],[96.11662,21.32882],[96.11667,21.32954],[96.11599,21.32932],[96.11545,21.33171],[96.11555,21.33225],[96.11723,21.33244],[96.11742,21.3333],[96.1167,21.33275],[96.11612,21.33293],[96.11603,21.33252],[96.11511,21.33279],[96.11531,21.3308],[96.11464,21.33103],[96.11508,21.32958],[96.11556,21.32958],[96.1146,21.32814],[96.11532,21.32832],[96.11523,21.32769],[96.11624,21.32805],[96.11629,21.32719],[96.11624,21.32719]],[[96.12922,21.33569],[96.12855,21.33501],[96.12841,21.33352],[96.12923,21.33362],[96.12986,21.33425],[96.12937,21.33465],[96.12981,21.33466],[96.13004,21.33543],[96.13067,21.33538],[96.13024,21.33579],[96.12927,21.33569],[96.12922,21.33569]],[[96.11368,21.31761],[96.11397,21.31923],[96.11358,21.31968],[96.11339,21.31905],[96.11295,21.31905],[96.11324,21.32068],[96.11406,21.31955],[96.11435,21.31996],[96.11387,21.32],[96.11304,21.3214],[96.11266,21.32054],[96.11309,21.32018],[96.11189,21.31936],[96.11276,21.319],[96.11146,21.31837],[96.11253,21.31801],[96.11238,21.31846],[96.1133,21.31842],[96.1133,21.3176],[96.11364,21.31761],[96.11368,21.31761]],[[96.11971,21.29644],[96.11857,21.2935],[96.12001,21.29351],[96.12002,21.29279],[96.12078,21.29419],[96.12021,21.29369],[96.11934,21.294],[96.11933,21.2945],[96.11991,21.29468],[96.11981,21.29608],[96.12024,21.29622],[96.11976,21.29644],[96.11971,21.29644]]],[[[96.23374,21.34064],[96.23379,21.3401],[96.23543,21.34037],[96.23596,21.33961],[96.23499,21.33996],[96.23282,21.33973],[96.2323,21.33864],[96.23234,21.3395],[96.23201,21.33878],[96.23177,21.33919],[96.23119,21.33905],[96.23143,21.33986],[96.23229,21.33977],[96.23239,21.34023],[96.23369,21.34064],[96.23374,21.34064]]],[[[95.79477,21.34131],[95.79695,21.34006],[95.79594,21.33951],[95.79666,21.33947],[95.79652,21.3387],[95.79561,21.33865],[95.79537,21.3381],[95.79454,21.33869],[95.79436,21.33747],[95.79379,21.33697],[95.79387,21.33832],[95.79488,21.33914],[95.79511,21.34],[95.79415,21.34004],[95.79366,21.34089],[95.79467,21.34131],[95.79477,21.34131]]],[[[96.25418,21.34156],[96.255,21.34098],[96.25496,21.33989],[96.2551,21.34044],[96.25549,21.34017],[96.25534,21.3412],[96.25548,21.34071],[96.25626,21.34067],[96.25587,21.34039],[96.25703,21.33886],[96.25771,21.33904],[96.25887,21.33851],[96.25843,21.33837],[96.25868,21.3376],[96.25819,21.33774],[96.25829,21.33837],[96.25771,21.33791],[96.25626,21.33823],[96.25583,21.33926],[96.25467,21.33935],[96.2538,21.34052],[96.25408,21.34156],[96.25418,21.34156]]],[[[96.20023,21.33944],[96.19985,21.3393],[96.20124,21.33958],[96.20216,21.33913],[96.20225,21.33985],[96.2025,21.3394],[96.20183,21.33863],[96.20086,21.3384],[96.20062,21.33876],[96.20019,21.33781],[96.20106,21.3375],[96.19932,21.33722],[96.19951,21.3379],[96.19879,21.33803],[96.19932,21.33871],[96.19937,21.33812],[96.20019,21.33817],[96.1998,21.33939],[96.1983,21.33893],[96.19604,21.3396],[96.19598,21.34182],[96.1967,21.34128],[96.19656,21.33979],[96.19801,21.33929],[96.197,21.34006],[96.19767,21.34002],[96.19753,21.34065],[96.19893,21.33988],[96.20071,21.33985],[96.20023,21.33948],[96.20023,21.33944]]],[[[96.25235,21.34092],[96.25105,21.34087],[96.25018,21.34155],[96.24936,21.34155],[96.24935,21.34259],[96.25013,21.34191],[96.25032,21.34254],[96.2508,21.342],[96.25123,21.34232],[96.25225,21.34201],[96.2523,21.34142],[96.25182,21.34137],[96.25162,21.34196],[96.25138,21.34155],[96.25235,21.34101],[96.25235,21.34092]]],[[[96.26859,21.34396],[96.26897,21.34369],[96.26888,21.3426],[96.2671,21.34115],[96.2662,21.33835],[96.26586,21.33916],[96.26629,21.33979],[96.26585,21.34015],[96.26614,21.34128],[96.26522,21.34051],[96.26474,21.34083],[96.26382,21.34358],[96.26521,21.3435],[96.26584,21.34395],[96.26705,21.34296],[96.26743,21.3431],[96.26738,21.34382],[96.26839,21.34396],[96.26859,21.34396]]],[[[95.9664,21.344],[95.96621,21.3436],[95.96659,21.34409],[95.96747,21.34279],[95.9679,21.34306],[95.96858,21.3423],[95.96853,21.34194],[95.96796,21.34198],[95.9682,21.34117],[95.96748,21.34157],[95.96762,21.34225],[95.96699,21.34261],[95.96732,21.34283],[95.96645,21.34333],[95.96578,21.34314],[95.9664,21.34427],[95.9664,21.344]]],[[[95.96066,21.3447],[95.96125,21.34312],[95.96141,21.34014],[95.96059,21.34023],[95.96048,21.34244],[95.95951,21.34266],[95.96033,21.34321],[95.96042,21.3447],[95.96066,21.3447]]],[[[96.26893,21.34215],[96.27009,21.34306],[96.27206,21.34243],[96.27081,21.34284],[96.27095,21.34338],[96.27037,21.34333],[96.27138,21.34532],[96.27201,21.34433],[96.27167,21.34397],[96.27216,21.34365],[96.27197,21.34315],[96.27322,21.34357],[96.27337,21.34289],[96.27433,21.34312],[96.27409,21.34262],[96.27443,21.34239],[96.27529,21.3428],[96.27597,21.34213],[96.27655,21.34236],[96.27675,21.34154],[96.27544,21.34177],[96.27487,21.3414],[96.27477,21.34185],[96.27563,21.34213],[96.2751,21.34226],[96.27448,21.34104],[96.2754,21.34104],[96.27568,21.34149],[96.27694,21.34132],[96.27569,21.34046],[96.2754,21.34077],[96.27521,21.33987],[96.27724,21.33879],[96.27314,21.3395],[96.27198,21.34035],[96.27202,21.34139],[96.27139,21.34144],[96.27149,21.34239],[96.27106,21.34121],[96.2684,21.34116],[96.2673,21.34047],[96.26826,21.34201],[96.26888,21.34215],[96.26893,21.34215]]],[[[95.97922,21.34538],[95.9799,21.34493],[95.97903,21.34506],[95.97918,21.34434],[95.97942,21.34479],[95.97999,21.34466],[95.98,21.34353],[95.98039,21.34353],[95.98029,21.34439],[95.98063,21.34331],[95.97827,21.34343],[95.97793,21.34383],[95.97865,21.3437],[95.97907,21.34538],[95.97922,21.34538]]],[[[95.90154,21.34552],[95.90219,21.34151],[95.90066,21.34028],[95.90084,21.34091],[95.90012,21.34059],[95.89988,21.34091],[95.9003,21.34249],[95.89987,21.34285],[95.90025,21.3433],[95.89991,21.34375],[95.90015,21.34416],[95.90092,21.34385],[95.90135,21.34421],[95.9014,21.34507],[95.90077,21.34525],[95.90149,21.34552],[95.90154,21.34552]]],[[[95.80563,21.34607],[95.80849,21.3441],[95.80998,21.34456],[95.81081,21.34267],[95.81188,21.34263],[95.81231,21.34313],[95.8126,21.34281],[95.81301,21.33938],[95.81052,21.33657],[95.81008,21.33656],[95.81012,21.33778],[95.80964,21.33792],[95.80959,21.33859],[95.80852,21.33936],[95.80698,21.33899],[95.80703,21.33962],[95.8062,21.34007],[95.80582,21.33948],[95.80457,21.33942],[95.80346,21.3386],[95.80255,21.33882],[95.80217,21.33787],[95.80164,21.33792],[95.80212,21.33738],[95.80213,21.33692],[95.80169,21.33692],[95.80135,21.33782],[95.80168,21.339],[95.80115,21.33931],[95.80182,21.33954],[95.80191,21.34022],[95.80142,21.34094],[95.80095,21.3404],[95.7993,21.34097],[95.79935,21.34143],[95.7979,21.34115],[95.79724,21.33974],[95.79651,21.341],[95.79713,21.34141],[95.7963,21.34222],[95.7962,21.34317],[95.79702,21.34304],[95.79745,21.34376],[95.79682,21.34389],[95.79793,21.34422],[95.79696,21.34466],[95.7972,21.34539],[95.79773,21.34544],[95.79735,21.34458],[95.79778,21.3444],[95.79797,21.3448],[95.79808,21.34422],[95.79957,21.34391],[95.79948,21.34355],[95.80005,21.34387],[95.8003,21.34351],[95.80164,21.34483],[95.80212,21.34465],[95.80199,21.34302],[95.80281,21.34258],[95.803,21.34316],[95.8045,21.34299],[95.80536,21.34372],[95.80554,21.34607],[95.80563,21.34607]]],[[[96.10887,21.34727],[96.10883,21.34627],[96.10805,21.3469],[96.10839,21.34609],[96.10917,21.34609],[96.10913,21.34424],[96.10869,21.34397],[96.11217,21.34371],[96.11217,21.34285],[96.1115,21.34271],[96.11116,21.34204],[96.11184,21.34113],[96.11155,21.34073],[96.11228,21.34037],[96.11146,21.33955],[96.11204,21.33942],[96.11229,21.33838],[96.11161,21.33788],[96.11157,21.33689],[96.11013,21.33616],[96.11085,21.33535],[96.11032,21.33521],[96.11032,21.3358],[96.10917,21.33561],[96.10907,21.33597],[96.10878,21.33502],[96.1083,21.33543],[96.10877,21.33724],[96.10814,21.33746],[96.1092,21.33755],[96.10892,21.3371],[96.10959,21.33706],[96.1094,21.33783],[96.11041,21.33761],[96.1106,21.33815],[96.10992,21.33837],[96.10944,21.33787],[96.109,21.33904],[96.10823,21.33918],[96.10857,21.33959],[96.10736,21.33958],[96.10789,21.33981],[96.10702,21.34048],[96.10736,21.34098],[96.1062,21.34003],[96.10654,21.34098],[96.1062,21.34161],[96.10663,21.34211],[96.10586,21.34192],[96.10547,21.34237],[96.1074,21.34288],[96.10774,21.34243],[96.10793,21.34315],[96.10686,21.34464],[96.10772,21.34518],[96.10753,21.34581],[96.10671,21.34599],[96.10681,21.34441],[96.10633,21.34418],[96.10624,21.34305],[96.1056,21.34472],[96.10469,21.34427],[96.10565,21.3445],[96.10566,21.34396],[96.10392,21.34408],[96.10464,21.34472],[96.10449,21.34576],[96.10377,21.34463],[96.10429,21.34666],[96.10839,21.34726],[96.10887,21.34727]]],[[[96.13062,21.34776],[96.13072,21.3465],[96.13038,21.34636],[96.13072,21.34627],[96.13,21.34591],[96.13072,21.34591],[96.13077,21.34451],[96.13058,21.34505],[96.13,21.34473],[96.12991,21.34401],[96.13044,21.34378],[96.12967,21.34337],[96.12861,21.34441],[96.1285,21.34536],[96.12893,21.34662],[96.12961,21.34636],[96.1296,21.34726],[96.12917,21.34757],[96.13028,21.34776],[96.13062,21.34776]]],[[[95.93639,21.34801],[95.93774,21.34747],[95.93808,21.34684],[95.9374,21.34738],[95.93745,21.34675],[95.93842,21.34576],[95.93698,21.34584],[95.93596,21.34706],[95.93658,21.34751],[95.93634,21.34801],[95.93639,21.34801]]],[[[96.15472,21.34803],[96.15516,21.34776],[96.15497,21.34727],[96.15545,21.34759],[96.15574,21.347],[96.15415,21.34672],[96.15454,21.34605],[96.15382,21.34573],[96.15347,21.34704],[96.15299,21.34685],[96.15324,21.34631],[96.15256,21.34622],[96.15193,21.34721],[96.15174,21.34689],[96.15169,21.34753],[96.15217,21.34735],[96.15217,21.3478],[96.154,21.34731],[96.15453,21.34803],[96.15472,21.34803]]],[[[96.24393,21.34822],[96.24446,21.34858],[96.2447,21.34813],[96.24331,21.34772],[96.24307,21.34708],[96.24244,21.34717],[96.24191,21.34631],[96.2422,21.34591],[96.24163,21.34545],[96.23979,21.3459],[96.24099,21.34708],[96.24138,21.34672],[96.24076,21.34626],[96.24153,21.34599],[96.24167,21.34694],[96.24109,21.34753],[96.24388,21.34822],[96.24393,21.34822]]],[[[96.20932,21.34597],[96.20884,21.34539],[96.20888,21.34579],[96.20806,21.34615],[96.20824,21.34904],[96.20773,21.3457],[96.20739,21.3457],[96.20724,21.34728],[96.2081,21.34922],[96.21013,21.34846],[96.21056,21.34928],[96.2109,21.34856],[96.21239,21.34824],[96.21278,21.34856],[96.21197,21.3468],[96.21124,21.34716],[96.21124,21.34792],[96.20945,21.34841],[96.20932,21.34588],[96.20932,21.34597]]],[[[96.12551,21.34706],[96.12522,21.34738],[96.1258,21.3453],[96.12335,21.34479],[96.12321,21.34425],[96.12402,21.34453],[96.12403,21.34398],[96.12219,21.34416],[96.12157,21.34366],[96.12215,21.34325],[96.12176,21.34307],[96.12085,21.34357],[96.12094,21.34433],[96.12017,21.34438],[96.12017,21.34361],[96.12138,21.34275],[96.12081,21.34135],[96.12028,21.34167],[96.12047,21.34194],[96.1197,21.34175],[96.12027,21.34225],[96.11955,21.34229],[96.11935,21.34306],[96.11777,21.34211],[96.11955,21.34207],[96.1197,21.34099],[96.11888,21.34094],[96.11922,21.34148],[96.11873,21.34193],[96.11888,21.34058],[96.11758,21.34021],[96.11773,21.33953],[96.11677,21.33957],[96.11512,21.34061],[96.1155,21.3425],[96.11454,21.34169],[96.11487,21.34313],[96.11419,21.34399],[96.11506,21.34363],[96.11521,21.34286],[96.11564,21.34354],[96.11699,21.34346],[96.11829,21.34423],[96.11781,21.34328],[96.11877,21.34387],[96.11805,21.34315],[96.11834,21.34261],[96.11949,21.34383],[96.11915,21.34433],[96.11949,21.34487],[96.11882,21.34451],[96.11958,21.34568],[96.11901,21.34523],[96.11886,21.34577],[96.11968,21.34595],[96.11963,21.34645],[96.11871,21.34667],[96.11817,21.34789],[96.1188,21.34776],[96.11856,21.34812],[96.11923,21.34839],[96.11865,21.34862],[96.11803,21.34807],[96.11754,21.34893],[96.11721,21.34834],[96.11672,21.34906],[96.11605,21.34815],[96.11648,21.34956],[96.11827,21.34875],[96.11904,21.34898],[96.11914,21.34853],[96.11976,21.34853],[96.11995,21.34916],[96.12193,21.34926],[96.12125,21.34912],[96.12174,21.34872],[96.12097,21.34835],[96.12155,21.3475],[96.12223,21.34737],[96.12122,21.34714],[96.12103,21.34623],[96.12175,21.34592],[96.12175,21.34651],[96.1229,21.34683],[96.12325,21.34565],[96.12436,21.34561],[96.12464,21.34593],[96.12392,21.3462],[96.12401,21.34751],[96.12324,21.34737],[96.12348,21.34814],[96.12237,21.34804],[96.12434,21.34882],[96.12303,21.35021],[96.12376,21.35049],[96.12501,21.34959],[96.12477,21.34918],[96.12598,21.34896],[96.12691,21.34689],[96.12637,21.34707],[96.12551,21.34706]],[[96.12122,21.34555],[96.12045,21.34677],[96.12136,21.3479],[96.11899,21.34794],[96.11991,21.34681],[96.12025,21.34695],[96.11959,21.34496],[96.12021,21.34532],[96.12045,21.34474],[96.1206,21.34533],[96.12113,21.34537],[96.1204,21.34578],[96.12113,21.34555],[96.12122,21.34555]]],[[[96.19797,21.35036],[96.19744,21.34968],[96.19831,21.34978],[96.19817,21.34914],[96.19715,21.3495],[96.19706,21.34869],[96.19658,21.34891],[96.19663,21.34841],[96.1961,21.34846],[96.19614,21.34941],[96.19532,21.35031],[96.19691,21.35],[96.19806,21.35036],[96.19797,21.35036]]],[[[96.13924,21.34888],[96.13905,21.34784],[96.13809,21.34833],[96.13823,21.34874],[96.13881,21.34842],[96.1388,21.34996],[96.13953,21.34992],[96.14015,21.35069],[96.14073,21.34929],[96.1403,21.34857],[96.13929,21.34888],[96.13924,21.34888]]],[[[96.21234,21.351],[96.21306,21.35001],[96.21325,21.35051],[96.21412,21.35051],[96.21335,21.35019],[96.21393,21.34974],[96.21287,21.34996],[96.21268,21.34919],[96.21186,21.34982],[96.21176,21.3491],[96.21239,21.34883],[96.21099,21.34883],[96.21104,21.35014],[96.21224,21.351],[96.21234,21.351]]],[[[96.16291,21.351],[96.16567,21.34916],[96.16369,21.3487],[96.16287,21.34897],[96.16281,21.351],[96.16291,21.351]]],[[[96.13193,21.3456],[96.13154,21.34541],[96.13226,21.34564],[96.13236,21.34673],[96.13197,21.34695],[96.13231,21.34722],[96.1311,21.34663],[96.1311,21.34767],[96.13153,21.34803],[96.13095,21.34812],[96.13075,21.35101],[96.13166,21.35093],[96.13142,21.35002],[96.13224,21.35003],[96.13167,21.34975],[96.13186,21.34939],[96.13253,21.34985],[96.13316,21.34935],[96.13293,21.3484],[96.13336,21.34813],[96.13235,21.3484],[96.13221,21.34808],[96.13226,21.3475],[96.13284,21.34732],[96.13289,21.34488],[96.13328,21.34524],[96.13352,21.34438],[96.13261,21.34447],[96.13231,21.3451],[96.1313,21.34451],[96.13111,21.34605],[96.13193,21.34569],[96.13193,21.3456]]],[[[96.06584,21.3512],[96.06603,21.3507],[96.06695,21.35093],[96.06705,21.35003],[96.06488,21.35024],[96.06421,21.34934],[96.06353,21.34929],[96.06372,21.35078],[96.06565,21.3507],[96.06507,21.35101],[96.0656,21.35119],[96.06584,21.3512]]],[[[96.15254,21.35146],[96.15255,21.34979],[96.15317,21.3497],[96.15385,21.34871],[96.1511,21.34992],[96.15143,21.35127],[96.15239,21.35146],[96.15254,21.35146]]],[[[96.14335,21.34713],[96.14349,21.34677],[96.14287,21.34681],[96.14277,21.3474],[96.1419,21.34753],[96.14214,21.34803],[96.1432,21.34813],[96.14272,21.34817],[96.14247,21.34907],[96.14295,21.35007],[96.14232,21.35047],[96.14217,21.35124],[96.144,21.35147],[96.14391,21.35066],[96.14608,21.35003],[96.14662,21.34841],[96.14638,21.34787],[96.14537,21.34791],[96.14508,21.34723],[96.14363,21.34808],[96.14344,21.34713],[96.14335,21.34713]]],[[[96.13011,21.35178],[96.13047,21.34803],[96.12898,21.34784],[96.12907,21.34857],[96.12998,21.34866],[96.12873,21.3492],[96.12969,21.3492],[96.12983,21.34997],[96.12858,21.35001],[96.12824,21.351],[96.12944,21.35123],[96.12968,21.35178],[96.13011,21.35178]]],[[[96.13253,21.35183],[96.13504,21.35058],[96.13547,21.35081],[96.13504,21.35108],[96.13591,21.35081],[96.13591,21.35027],[96.13494,21.35017],[96.13543,21.35004],[96.13413,21.34899],[96.13442,21.34814],[96.13389,21.34782],[96.13424,21.3466],[96.13482,21.3462],[96.13468,21.34565],[96.13347,21.34651],[96.13384,21.34926],[96.13326,21.34976],[96.13369,21.34999],[96.13214,21.35075],[96.13224,21.35183],[96.13253,21.35183]]],[[[96.07017,21.35248],[96.0695,21.35189],[96.07022,21.35189],[96.07032,21.35149],[96.06921,21.35139],[96.06994,21.35112],[96.06941,21.35058],[96.06816,21.35057],[96.06825,21.35143],[96.06748,21.35152],[96.06752,21.35247],[96.06839,21.35216],[96.06993,21.35248],[96.07017,21.35248]]],[[[96.23282,21.35256],[96.23374,21.35198],[96.23384,21.35103],[96.23312,21.35075],[96.23312,21.35193],[96.23278,21.35098],[96.23211,21.35089],[96.23221,21.35039],[96.23148,21.35102],[96.23162,21.35197],[96.23268,21.35256],[96.23282,21.35256]]],[[[96.10803,21.35146],[96.10803,21.35273],[96.10942,21.35278],[96.10933,21.35219],[96.11049,21.3522],[96.11078,21.35075],[96.11151,21.35094],[96.11194,21.35012],[96.11016,21.34958],[96.11011,21.35093],[96.10934,21.3507],[96.10885,21.35242],[96.10841,21.35196],[96.10894,21.35201],[96.10895,21.35129],[96.10861,21.35129],[96.10847,21.35034],[96.10804,21.35038],[96.10848,21.3493],[96.10775,21.34902],[96.10857,21.3488],[96.10785,21.34826],[96.10731,21.35051],[96.10803,21.35133],[96.10803,21.35146]]],[[[96.1601,21.35284],[96.16069,21.35194],[96.15948,21.35121],[96.15963,21.35045],[96.15886,21.35081],[96.15886,21.35144],[96.15837,21.35139],[96.15871,21.35198],[96.15832,21.35252],[96.15996,21.35284],[96.1601,21.35284]]],[[[96.07075,21.35325],[96.07335,21.35308],[96.0734,21.35227],[96.07075,21.35176],[96.07051,21.35325],[96.07075,21.35325]]],[[[96.12114,21.35364],[96.12215,21.35324],[96.12211,21.35242],[96.12254,21.3522],[96.12201,21.35152],[96.12231,21.3513],[96.12047,21.35093],[96.12105,21.35156],[96.12009,21.35156],[96.12018,21.35228],[96.12052,21.35237],[96.12066,21.35165],[96.12153,21.35197],[96.12129,21.35269],[96.12162,21.35287],[96.12114,21.35292],[96.12104,21.35364],[96.12114,21.35364]]],[[[96.25582,21.35377],[96.25718,21.35246],[96.25829,21.35224],[96.25776,21.35129],[96.25824,21.35052],[96.25772,21.35011],[96.25834,21.35029],[96.25825,21.34966],[96.25868,21.34944],[96.2583,21.3488],[96.25782,21.34912],[96.25729,21.34857],[96.2598,21.348],[96.25864,21.34749],[96.25879,21.34646],[96.25768,21.34713],[96.25749,21.34659],[96.25807,21.34654],[96.25836,21.34578],[96.25735,21.34586],[96.2571,21.34681],[96.25758,21.34767],[96.25806,21.34722],[96.2583,21.34799],[96.25782,21.34822],[96.25676,21.34753],[96.25696,21.34636],[96.25657,21.34649],[96.2555,21.34857],[96.25632,21.34916],[96.25617,21.35056],[96.25559,21.35074],[96.25539,21.35191],[96.25491,21.35132],[96.25419,21.35164],[96.25534,21.35254],[96.25568,21.35376],[96.25582,21.35377]]],[[[96.22539,21.3538],[96.22689,21.35331],[96.22588,21.35326],[96.22636,21.35245],[96.22583,21.35204],[96.2226,21.35216],[96.2225,21.35262],[96.224,21.3524],[96.22405,21.35289],[96.22332,21.35271],[96.22342,21.35303],[96.2253,21.3538],[96.22539,21.3538]]],[[[96.19024,21.35295],[96.19097,21.35192],[96.19049,21.35124],[96.18976,21.35241],[96.18972,21.35196],[96.18894,21.35191],[96.18899,21.35254],[96.19015,21.35273],[96.18947,21.35313],[96.18904,21.35281],[96.18899,21.35354],[96.1886,21.35286],[96.18773,21.35331],[96.18836,21.35385],[96.1899,21.35386],[96.1899,21.35336],[96.18942,21.35331],[96.19005,21.35295],[96.19024,21.35295]]],[[[96.06968,21.35446],[96.0704,21.35442],[96.07021,21.35374],[96.06944,21.3537],[96.06998,21.35343],[96.06974,21.35288],[96.06762,21.35283],[96.0678,21.35419],[96.06954,21.35446],[96.06968,21.35446]]],[[[96.18465,21.35316],[96.18397,21.35289],[96.18339,21.35338],[96.18344,21.35383],[96.18513,21.35379],[96.18397,21.35402],[96.18392,21.35469],[96.1857,21.35434],[96.18594,21.35475],[96.18576,21.35344],[96.18546,21.35416],[96.18532,21.35334],[96.18465,21.35311],[96.18465,21.35316]]],[[[96.23796,21.34689],[96.23752,21.34697],[96.23757,21.34639],[96.23887,21.3472],[96.23834,21.34729],[96.23834,21.34811],[96.23853,21.3477],[96.24051,21.34807],[96.24094,21.34771],[96.23979,21.34648],[96.23805,21.34661],[96.23777,21.34594],[96.23647,21.3458],[96.2367,21.34647],[96.23724,21.34657],[96.23526,21.34679],[96.23526,21.34647],[96.23622,21.34656],[96.23541,21.34507],[96.23493,21.34511],[96.23516,21.34611],[96.23396,21.3461],[96.2341,21.34674],[96.23468,21.34687],[96.23386,21.34678],[96.23376,21.34615],[96.23323,21.34646],[96.23251,21.34601],[96.23265,21.34646],[96.23135,21.34632],[96.23125,21.347],[96.23198,21.34682],[96.23217,21.34736],[96.23265,21.34732],[96.23232,21.34687],[96.23275,21.34655],[96.23308,21.34741],[96.23212,21.34754],[96.23178,21.34714],[96.22937,21.34762],[96.23144,21.34768],[96.23004,21.34812],[96.23062,21.34876],[96.23033,21.34907],[96.2312,21.34939],[96.23177,21.35034],[96.23178,21.34939],[96.23139,21.34926],[96.23269,21.34908],[96.23274,21.34854],[96.23308,21.34913],[96.23448,21.34945],[96.23529,21.35063],[96.23568,21.35036],[96.23722,21.35099],[96.23794,21.35018],[96.23712,21.35194],[96.23586,21.3518],[96.23519,21.35108],[96.23485,21.35239],[96.23557,21.35284],[96.23663,21.35244],[96.23735,21.3533],[96.2375,21.35289],[96.23798,21.35335],[96.2389,21.35321],[96.23913,21.35448],[96.24024,21.35412],[96.24125,21.3548],[96.24179,21.35386],[96.24097,21.35304],[96.24058,21.35349],[96.24083,21.3529],[96.23967,21.35254],[96.2391,21.35177],[96.23871,21.35068],[96.23906,21.34983],[96.23804,21.34987],[96.23882,21.34924],[96.2378,21.3491],[96.2379,21.34856],[96.23694,21.3481],[96.23762,21.34792],[96.23801,21.34689],[96.23796,21.34689]]],[[[96.2454,21.354],[96.24613,21.35373],[96.24637,21.35283],[96.24507,21.35201],[96.24614,21.35152],[96.24696,21.3517],[96.24701,21.35116],[96.24754,21.35112],[96.24715,21.35062],[96.24701,21.35112],[96.24643,21.35089],[96.24662,21.35062],[96.24556,21.35071],[96.24609,21.35147],[96.24561,21.35093],[96.24479,21.35115],[96.24474,21.35039],[96.24455,21.35115],[96.24445,21.35061],[96.24354,21.35052],[96.24209,21.35092],[96.24103,21.34952],[96.2419,21.34979],[96.24214,21.3506],[96.24369,21.34925],[96.24455,21.34984],[96.24513,21.3493],[96.24123,21.34825],[96.24075,21.34848],[96.24084,21.34961],[96.24031,21.34974],[96.23911,21.34924],[96.23925,21.34797],[96.23872,21.34806],[96.23853,21.34869],[96.23815,21.3482],[96.238,21.34865],[96.2393,21.3496],[96.24001,21.35213],[96.24155,21.35304],[96.24203,21.35286],[96.24198,21.35367],[96.24357,21.35526],[96.2454,21.35423],[96.2454,21.354]]],[[[96.12012,21.35535],[96.12041,21.35355],[96.11984,21.35332],[96.11994,21.35273],[96.11902,21.35264],[96.11975,21.35124],[96.11912,21.3511],[96.11917,21.35173],[96.11811,21.35164],[96.11805,21.35345],[96.11868,21.35304],[96.11926,21.35377],[96.11964,21.3535],[96.12007,21.35472],[96.11978,21.35535],[96.12012,21.35535]]],[[[96.07262,21.35547],[96.0731,21.35461],[96.07248,21.3543],[96.0733,21.35421],[96.07335,21.35376],[96.072,21.35407],[96.07229,21.35366],[96.07055,21.35361],[96.0707,21.35411],[96.07185,21.35411],[96.0718,21.35461],[96.07108,21.35465],[96.07093,21.3551],[96.07242,21.35547],[96.07262,21.35547]]],[[[96.22313,21.35357],[96.22062,21.35302],[96.21976,21.35229],[96.21903,21.35288],[96.21913,21.35188],[96.21985,21.35202],[96.21995,21.35157],[96.21894,21.35152],[96.21855,21.35247],[96.21889,21.35269],[96.21729,21.35305],[96.21879,21.35364],[96.21724,21.35346],[96.21729,21.35499],[96.21777,21.35504],[96.21777,21.354],[96.22138,21.35568],[96.22206,21.35528],[96.22187,21.35501],[96.22312,21.35492],[96.22303,21.35447],[96.22187,21.3546],[96.22197,21.35424],[96.22124,21.3546],[96.22153,21.35401],[96.21985,21.35328],[96.22226,21.35383],[96.22293,21.35357],[96.22313,21.35357]]],[[[95.92925,21.35624],[95.9307,21.3557],[95.93032,21.3539],[95.92907,21.35384],[95.92983,21.35565],[95.92896,21.35624],[95.92925,21.35624]]],[[[96.23566,21.35542],[96.23609,21.35497],[96.23503,21.35474],[96.23445,21.35573],[96.23436,21.35519],[96.2333,21.3545],[96.23369,21.35342],[96.23306,21.35374],[96.23292,21.35319],[96.23281,21.35649],[96.23624,21.35596],[96.23566,21.35591],[96.23561,21.35542],[96.23566,21.35542]]],[[[95.92018,21.35655],[95.921,21.35624],[95.9202,21.35326],[95.91948,21.35348],[95.92009,21.35655],[95.92018,21.35655]]],[[[95.91226,21.359],[95.91275,21.35755],[95.91209,21.3547],[95.91151,21.35484],[95.91184,21.35588],[95.9115,21.35655],[95.91221,21.359],[95.91226,21.359]]],[[[96.18269,21.35921],[96.18279,21.35857],[96.18313,21.35889],[96.18477,21.35827],[96.18492,21.35795],[96.18381,21.35749],[96.18478,21.35723],[96.18507,21.35646],[96.18642,21.35651],[96.18738,21.35615],[96.18719,21.35574],[96.18806,21.35606],[96.18792,21.35552],[96.18898,21.35521],[96.18903,21.3548],[96.18624,21.35371],[96.18594,21.35628],[96.1856,21.35587],[96.18435,21.35596],[96.18392,21.35515],[96.18391,21.35704],[96.18299,21.35641],[96.18276,21.35541],[96.18232,21.35541],[96.18257,21.35482],[96.18363,21.35478],[96.18349,21.35415],[96.1817,21.35478],[96.1814,21.35608],[96.18127,21.3545],[96.18315,21.35397],[96.1831,21.35338],[96.18267,21.35333],[96.18311,21.35266],[96.18219,21.35252],[96.18199,21.35347],[96.18035,21.35346],[96.1804,21.35459],[96.18117,21.35468],[96.17919,21.35544],[96.17899,21.35662],[96.17986,21.35667],[96.18001,21.35626],[96.18111,21.35676],[96.18179,21.35622],[96.18265,21.35821],[96.1826,21.35921],[96.18269,21.35921]]],[[[96.25722,21.35345],[96.2565,21.35336],[96.25587,21.35408],[96.25683,21.35576],[96.25595,21.35706],[96.25696,21.35856],[96.25793,21.35829],[96.25739,21.35901],[96.25888,21.36078],[96.25923,21.35879],[96.25865,21.35843],[96.2588,21.35671],[96.25856,21.35621],[96.25798,21.35626],[96.25827,21.35585],[96.25775,21.35458],[96.25867,21.35423],[96.25852,21.35314],[96.26031,21.35324],[96.26084,21.35215],[96.25988,21.35211],[96.25722,21.35341],[96.25722,21.35345]]],[[[96.22933,21.3591],[96.22937,21.35969],[96.22914,21.35878],[96.22894,21.35964],[96.22822,21.35964],[96.22812,21.3604],[96.22865,21.36072],[96.22797,21.36068],[96.22821,21.36135],[96.23029,21.36064],[96.22903,21.36014],[96.23019,21.36019],[96.22952,21.35951],[96.2301,21.35888],[96.22967,21.35883],[96.2301,21.35842],[96.22972,21.35716],[96.23243,21.3559],[96.23253,21.35486],[96.23156,21.35491],[96.23195,21.35441],[96.23123,21.35445],[96.23127,21.35522],[96.23089,21.35481],[96.22905,21.35562],[96.22977,21.35576],[96.22866,21.35724],[96.22909,21.35838],[96.22957,21.35842],[96.22938,21.3591],[96.22933,21.3591]]],[[[96.18099,21.36214],[96.18124,21.36119],[96.18273,21.36133],[96.18303,21.36007],[96.18351,21.36007],[96.18346,21.36115],[96.18384,21.3612],[96.18356,21.36075],[96.18429,21.35917],[96.18327,21.35912],[96.18279,21.35966],[96.18173,21.35943],[96.18212,21.35902],[96.18091,21.35911],[96.1812,21.35848],[96.18231,21.35839],[96.18154,21.35758],[96.1801,21.35766],[96.18029,21.35816],[96.17956,21.3582],[96.17932,21.3587],[96.17975,21.35906],[96.18053,21.35857],[96.18048,21.35906],[96.18163,21.35938],[96.18067,21.35961],[96.18148,21.36051],[96.18124,21.36078],[96.1811,21.36015],[96.18052,21.36028],[96.1808,21.36214],[96.18099,21.36214]]],[[[96.20728,21.36219],[96.20771,21.3611],[96.20612,21.36101],[96.20603,21.36033],[96.20313,21.36077],[96.20424,21.36177],[96.20525,21.36173],[96.20598,21.36101],[96.20631,21.36209],[96.20723,21.36219],[96.20728,21.36219]]],[[[96.13291,21.362],[96.13466,21.36083],[96.13442,21.36051],[96.1348,21.36029],[96.13432,21.3602],[96.135,21.3602],[96.13476,21.35961],[96.13408,21.35965],[96.13519,21.35898],[96.13466,21.35871],[96.13529,21.3583],[96.13467,21.35794],[96.13433,21.35807],[96.13461,21.35925],[96.13408,21.3592],[96.13384,21.35979],[96.13409,21.35884],[96.13365,21.35888],[96.13321,21.36024],[96.13253,21.36051],[96.13282,21.36128],[96.13398,21.35988],[96.13359,21.36114],[96.13272,21.36168],[96.13306,21.362],[96.13291,21.362]]],[[[96.18625,21.36157],[96.1863,21.36207],[96.18707,21.36162],[96.18679,21.36053],[96.18626,21.36066],[96.1866,21.35981],[96.18607,21.35972],[96.1866,21.3594],[96.1867,21.35845],[96.18569,21.3584],[96.18564,21.35917],[96.18496,21.35885],[96.18525,21.35949],[96.18467,21.35917],[96.18457,21.36021],[96.18515,21.36034],[96.18481,21.36138],[96.18442,21.36138],[96.18446,21.36238],[96.18529,21.3622],[96.18567,21.3613],[96.1862,21.36157],[96.18625,21.36157]]],[[[96.21465,21.3632],[96.21436,21.36289],[96.21475,21.36226],[96.21229,21.3622],[96.21277,21.36198],[96.21268,21.36103],[96.21123,21.36134],[96.21061,21.36062],[96.21003,21.36098],[96.21003,21.36152],[96.21152,21.36143],[96.21157,21.36175],[96.21056,21.36184],[96.21152,21.36202],[96.2121,21.36283],[96.21349,21.36316],[96.21359,21.3627],[96.21455,21.3632],[96.21465,21.3632]]],[[[96.00492,21.3633],[96.00628,21.36172],[96.0058,21.36154],[96.00551,21.36195],[96.00556,21.36145],[96.00503,21.36158],[96.00532,21.36118],[96.00493,21.36059],[96.00537,21.36086],[96.00575,21.3605],[96.00623,21.36141],[96.0062,21.35906],[96.00649,21.35919],[96.00678,21.35829],[96.00635,21.35824],[96.00635,21.35775],[96.00693,21.35725],[96.00698,21.35775],[96.00742,21.35617],[96.00931,21.35442],[96.01091,21.35194],[96.01077,21.3514],[96.01029,21.3514],[96.00758,21.35206],[96.00881,21.34732],[96.00829,21.34615],[96.00864,21.34389],[96.00729,21.34307],[96.00652,21.34329],[96.00623,21.34438],[96.00506,21.34536],[96.00545,21.34541],[96.00549,21.34627],[96.00433,21.34753],[96.00423,21.34879],[96.00523,21.34997],[96.00528,21.3507],[96.00416,21.35223],[96.00387,21.35209],[96.00328,21.35367],[96.00415,21.35476],[96.00371,21.35566],[96.00432,21.35738],[96.00384,21.35873],[96.00345,21.35864],[96.00364,21.35909],[96.00321,21.35882],[96.00214,21.36008],[96.00309,21.36257],[96.00444,21.36217],[96.00487,21.3633],[96.00492,21.3633]]],[[[96.22352,21.36333],[96.22575,21.36247],[96.22671,21.36185],[96.22662,21.36144],[96.2257,21.36121],[96.22555,21.36198],[96.22527,21.36125],[96.22469,21.36161],[96.22479,21.36112],[96.22392,21.36098],[96.22445,21.36148],[96.22392,21.36152],[96.22348,21.36333],[96.22352,21.36333]]],[[[96.11527,21.36021],[96.11493,21.36138],[96.11551,21.36188],[96.11676,21.36193],[96.11637,21.36284],[96.11733,21.36338],[96.11685,21.36284],[96.11743,21.36207],[96.11695,21.3618],[96.11816,21.36162],[96.11792,21.36113],[96.12004,21.36086],[96.11899,21.3591],[96.11957,21.35991],[96.12043,21.35978],[96.12029,21.36059],[96.12212,21.35916],[96.12193,21.3587],[96.12256,21.35857],[96.1215,21.35875],[96.12165,21.35843],[96.12112,21.35825],[96.12189,21.35771],[96.12184,21.35712],[96.12112,21.35748],[96.12117,21.35712],[96.12021,21.35711],[96.11991,21.35797],[96.11958,21.35707],[96.119,21.35716],[96.11784,21.35792],[96.11812,21.35864],[96.11827,21.35819],[96.11957,21.35833],[96.11875,21.35842],[96.1187,21.35946],[96.11798,21.35896],[96.11667,21.36062],[96.11595,21.36049],[96.11585,21.35985],[96.11648,21.35981],[96.11639,21.35864],[96.11547,21.35841],[96.11566,21.35981],[96.11527,21.36012],[96.11527,21.36021]]],[[[96.22058,21.36476],[96.2213,21.36427],[96.22131,21.36219],[96.22184,21.36228],[96.22154,21.36413],[96.22314,21.36341],[96.22304,21.36292],[96.22198,21.36287],[96.22343,21.3626],[96.22353,21.36179],[96.223,21.36183],[96.22334,21.36152],[96.22281,21.36106],[96.22059,21.3625],[96.22053,21.363],[96.22107,21.36309],[96.22034,21.3635],[96.22092,21.36359],[96.22024,21.36386],[96.22053,21.36476],[96.22058,21.36476]]],[[[96.23823,21.36496],[96.23823,21.36396],[96.23886,21.3641],[96.23837,21.36432],[96.23861,21.36482],[96.24006,21.36415],[96.24113,21.36289],[96.24214,21.36294],[96.24296,21.3619],[96.24239,21.36176],[96.24195,21.36271],[96.24209,21.36239],[96.24118,21.3618],[96.24098,21.36257],[96.24045,21.3627],[96.24074,21.36329],[96.23963,21.36284],[96.23953,21.36379],[96.23775,21.36392],[96.23799,21.36496],[96.23823,21.36496]]],[[[96.17674,21.36537],[96.17674,21.36429],[96.17751,21.36461],[96.17824,21.36402],[96.17766,21.36362],[96.17732,21.3642],[96.17776,21.36298],[96.1766,21.36343],[96.17684,21.36424],[96.17626,21.36447],[96.17626,21.3651],[96.17602,21.36433],[96.17553,21.36442],[96.17601,21.36528],[96.17669,21.36537],[96.17674,21.36537]]],[[[96.21879,21.36543],[96.22019,21.36476],[96.21831,21.36439],[96.21865,21.36381],[96.21798,21.3638],[96.21793,21.36344],[96.21672,21.36357],[96.21648,21.36312],[96.21552,21.36343],[96.21874,21.36543],[96.21879,21.36543]]],[[[96.10285,21.36603],[96.10406,21.3659],[96.10455,21.3645],[96.10527,21.36469],[96.10571,21.36338],[96.1046,21.3636],[96.10412,21.36319],[96.10286,21.36477],[96.10243,21.36404],[96.10286,21.36405],[96.10267,21.36359],[96.10412,21.36292],[96.1033,21.36247],[96.10224,21.36287],[96.10267,21.3631],[96.10262,21.36373],[96.10195,21.36373],[96.10233,21.36409],[96.1017,21.36476],[96.10127,21.36436],[96.10102,21.36517],[96.1028,21.36563],[96.1028,21.36603],[96.10285,21.36603]]],[[[96.21782,21.36606],[96.21744,21.36498],[96.21504,21.36352],[96.21421,21.36379],[96.21388,21.36329],[96.21152,21.36324],[96.21012,21.36188],[96.21012,21.36337],[96.21089,21.36414],[96.21156,21.36383],[96.21141,21.36487],[96.21199,21.36487],[96.21166,21.36428],[96.21272,21.36478],[96.21368,21.36429],[96.21503,21.36551],[96.21575,21.36461],[96.21609,21.3652],[96.21677,21.36493],[96.21681,21.36556],[96.21758,21.36606],[96.21782,21.36606]]],[[[96.12026,21.3661],[96.1206,21.36588],[96.12012,21.36574],[96.12022,21.36529],[96.12103,21.36602],[96.12219,21.36516],[96.12046,21.36511],[96.12046,21.36475],[96.12099,21.36489],[96.12085,21.36448],[96.12167,21.36448],[96.1208,21.36407],[96.12263,21.36413],[96.12234,21.36376],[96.11854,21.36303],[96.11772,21.36334],[96.11974,21.36402],[96.1193,21.36475],[96.12016,21.3661],[96.12026,21.3661]]],[[[96.12673,21.36401],[96.12634,21.36437],[96.12591,21.36437],[96.12601,21.36391],[96.12562,21.36409],[96.12557,21.36486],[96.12653,21.36514],[96.12605,21.36563],[96.12538,21.36482],[96.1248,21.36508],[96.12484,21.36554],[96.12658,21.36604],[96.12692,21.36527],[96.12663,21.36496],[96.12721,21.36514],[96.12687,21.36446],[96.1263,21.36459],[96.12673,21.3641],[96.12673,21.36401]]],[[[96.24319,21.36646],[96.24309,21.36592],[96.24353,21.36642],[96.2443,21.36633],[96.24367,21.36574],[96.24493,21.3648],[96.24372,21.36497],[96.24469,21.36448],[96.24469,21.3638],[96.24421,21.36358],[96.24469,21.36349],[96.24436,21.3624],[96.24373,21.36299],[96.24416,21.36358],[96.24339,21.36461],[96.24271,21.36452],[96.24203,21.36547],[96.24261,21.36547],[96.24222,21.36619],[96.24295,21.36646],[96.24319,21.36646]]],[[[96.11626,21.36659],[96.11708,21.36541],[96.11743,21.36374],[96.11679,21.36514],[96.11612,21.36514],[96.11631,21.36464],[96.11573,21.36455],[96.1153,21.36541],[96.11511,21.36446],[96.11467,21.36536],[96.1137,21.36576],[96.11529,21.36577],[96.11621,21.36659],[96.11626,21.36659]]],[[[96.07189,21.3669],[96.07281,21.3655],[96.07349,21.36523],[96.07349,21.36474],[96.07286,21.36487],[96.07306,21.36428],[96.07262,21.36423],[96.07257,21.36487],[96.0718,21.36491],[96.07257,21.36564],[96.07165,21.36563],[96.0716,21.36626],[96.07218,21.36622],[96.07179,21.3669],[96.07189,21.3669]]],[[[96.10598,21.36718],[96.10735,21.36348],[96.10532,21.36464],[96.10628,21.36532],[96.10565,21.36559],[96.10469,21.36496],[96.1043,21.36572],[96.10507,21.36613],[96.10502,21.36704],[96.10594,21.36654],[96.10593,21.36718],[96.10598,21.36718]]],[[[96.18512,21.36726],[96.18464,21.36744],[96.18502,21.3678],[96.1857,21.36708],[96.18599,21.36744],[96.18705,21.36731],[96.18637,21.36708],[96.18638,21.36595],[96.18599,21.36581],[96.18633,21.36514],[96.18527,21.3654],[96.1857,21.36572],[96.18541,21.36617],[96.18609,21.36645],[96.18546,21.36649],[96.18526,21.36726],[96.18512,21.36726]]],[[[96.10559,21.36794],[96.1041,21.3669],[96.1042,21.36654],[96.10468,21.36685],[96.10459,21.36627],[96.10348,21.36604],[96.10396,21.36658],[96.10323,21.36689],[96.10386,21.36708],[96.10362,21.36753],[96.10294,21.3668],[96.10212,21.3668],[96.10261,21.36648],[96.10184,21.36571],[96.10102,21.36643],[96.10193,21.36761],[96.10419,21.36762],[96.10458,21.36722],[96.10554,21.36794],[96.10559,21.36794]]],[[[96.25619,21.35977],[96.25658,21.35851],[96.25619,21.35865],[96.25638,21.35806],[96.25595,21.35788],[96.25561,21.35882],[96.25609,21.35883],[96.25368,21.36044],[96.25372,21.3609],[96.25295,21.36071],[96.25542,21.359],[96.25527,21.35828],[96.25126,21.3608],[96.25169,21.36157],[96.25203,21.36143],[96.25193,21.36225],[96.25256,21.36229],[96.25193,21.36301],[96.25227,21.36356],[96.25101,21.36337],[96.2516,21.36215],[96.25044,21.36251],[96.25136,21.36157],[96.25092,21.36107],[96.25078,21.36179],[96.25073,21.36134],[96.2503,21.36143],[96.24851,21.36264],[96.24884,21.36327],[96.24802,21.36291],[96.24657,21.36376],[96.24696,21.36399],[96.24662,21.36426],[96.24614,21.36372],[96.24658,21.36313],[96.24696,21.36295],[96.24701,21.36336],[96.25039,21.36111],[96.25049,21.36048],[96.25126,21.36057],[96.25117,21.35998],[96.25223,21.35999],[96.25286,21.35909],[96.25368,21.359],[96.25561,21.35756],[96.25533,21.35688],[96.25311,21.3571],[96.25268,21.35565],[96.25138,21.3561],[96.25185,21.3575],[96.25253,21.35764],[96.25185,21.35768],[96.25079,21.35944],[96.25069,21.35876],[96.25026,21.35899],[96.25064,21.36021],[96.24924,21.36052],[96.24938,21.3617],[96.24837,21.36187],[96.24813,21.36128],[96.24692,21.36282],[96.24668,21.36227],[96.24624,21.36263],[96.24595,21.3639],[96.24701,21.36449],[96.24643,21.36489],[96.24715,21.36539],[96.24671,21.36548],[96.24666,21.36611],[96.24628,21.36543],[96.24632,21.3662],[96.24531,21.3662],[96.2454,21.36787],[96.24588,21.36765],[96.24565,21.36683],[96.24719,21.36643],[96.24686,21.3658],[96.24748,21.36566],[96.24743,21.36634],[96.24791,21.36639],[96.24801,21.36567],[96.24859,21.36558],[96.24835,21.36481],[96.24903,21.36585],[96.25043,21.365],[96.25178,21.36514],[96.25173,21.36455],[96.25096,21.36477],[96.25111,21.36437],[96.25231,21.36432],[96.25207,21.36514],[96.25347,21.36514],[96.25332,21.36442],[96.254,21.36447],[96.25366,21.3641],[96.25429,21.36392],[96.25405,21.36343],[96.25328,21.36379],[96.25309,21.36333],[96.25347,21.36288],[96.25371,21.36329],[96.25453,21.36293],[96.25449,21.36248],[96.25347,21.36266],[96.25483,21.36189],[96.25435,21.36135],[96.25444,21.36176],[96.25396,21.36153],[96.25275,21.36238],[96.25256,21.36175],[96.25324,21.36189],[96.25348,21.36153],[96.25309,21.36126],[96.25367,21.36144],[96.25619,21.35986],[96.25619,21.35977]]],[[[96.21912,21.36833],[96.21864,21.36783],[96.21917,21.36774],[96.21931,21.36683],[96.21994,21.36729],[96.2195,21.3676],[96.22003,21.36824],[96.22027,21.36783],[96.22105,21.36797],[96.22134,21.36698],[96.2224,21.36648],[96.22361,21.36712],[96.22361,21.36649],[96.22486,21.36627],[96.22645,21.36709],[96.22545,21.36451],[96.22622,21.36483],[96.2268,21.36451],[96.22559,21.3641],[96.22695,21.36352],[96.22839,21.36375],[96.22859,21.36212],[96.22951,21.36199],[96.22951,21.36163],[96.22985,21.36195],[96.23009,21.36145],[96.22695,21.36225],[96.22714,21.36343],[96.22671,21.36334],[96.22676,21.36248],[96.22536,21.36302],[96.22473,21.36432],[96.2253,21.36496],[96.22482,21.366],[96.22424,21.36581],[96.22482,21.36536],[96.22415,21.36441],[96.22429,21.36342],[96.22342,21.36409],[96.22386,21.36455],[96.22246,21.36468],[96.22231,21.36423],[96.22048,21.36485],[96.22024,21.36571],[96.22014,21.3653],[96.21922,21.36561],[96.21908,21.36611],[96.21999,21.36652],[96.21811,21.36615],[96.21816,21.36683],[96.21739,21.36669],[96.21791,21.36715],[96.21777,21.36796],[96.21844,21.36846],[96.21916,21.36833],[96.21912,21.36833]]],[[[96.00214,21.36893],[96.00296,21.36875],[96.00311,21.36744],[96.00393,21.36754],[96.00437,21.36628],[96.00317,21.36645],[96.00287,21.36726],[96.00215,21.36762],[96.002,21.36893],[96.00214,21.36893]]],[[[96.13476,21.36996],[96.13616,21.36983],[96.13631,21.36929],[96.13428,21.36919],[96.13693,21.36906],[96.13713,21.36834],[96.13496,21.36824],[96.13525,21.36883],[96.13472,21.36883],[96.13491,21.36774],[96.13429,21.36765],[96.1337,21.36869],[96.13452,21.36996],[96.13476,21.36996]]],[[[95.96862,21.36963],[95.97007,21.36878],[95.96969,21.36755],[95.96921,21.36746],[95.9696,21.36679],[95.97061,21.36684],[95.9709,21.36788],[95.97114,21.36702],[95.97148,21.36729],[95.97279,21.36554],[95.97289,21.36477],[95.97274,21.36644],[95.97452,21.3664],[95.97526,21.36433],[95.97502,21.36352],[95.97541,21.36316],[95.97556,21.36103],[95.97479,21.36076],[95.97233,21.36115],[95.97232,21.36328],[95.97155,21.36309],[95.97117,21.36214],[95.9715,21.36341],[95.97111,21.3644],[95.97053,21.36444],[95.97034,21.36354],[95.96995,21.36421],[95.96894,21.36421],[95.96899,21.36376],[95.96856,21.36366],[95.96855,21.36475],[95.97,21.36439],[95.96928,21.36453],[95.96961,21.36498],[95.96922,21.36538],[95.9697,21.36543],[95.96946,21.36629],[95.96821,21.36606],[95.96941,21.3666],[95.96936,21.36706],[95.96916,21.36742],[95.96666,21.36718],[95.96656,21.36749],[95.96752,21.36768],[95.9667,21.36786],[95.96698,21.3689],[95.96655,21.3693],[95.96694,21.36903],[95.96756,21.36985],[95.96751,21.36922],[95.96838,21.36872],[95.96794,21.37003],[95.96862,21.36967],[95.96862,21.36963]]],[[[96.24723,21.36905],[96.24564,21.36855],[96.2453,21.36941],[96.24631,21.36932],[96.24554,21.3695],[96.2452,21.37045],[96.24617,21.36973],[96.24699,21.36991],[96.24689,21.36928],[96.24776,21.36928],[96.24728,21.36905],[96.24723,21.36905]]],[[[96.18308,21.3705],[96.18337,21.36992],[96.18246,21.36982],[96.18318,21.36951],[96.18353,21.36802],[96.18275,21.36806],[96.1828,21.36869],[96.18242,21.3682],[96.18212,21.36869],[96.18039,21.36909],[96.18091,21.36945],[96.1827,21.36874],[96.18294,21.36906],[96.18241,21.36914],[96.18275,21.36933],[96.18193,21.36968],[96.18241,21.36978],[96.18212,21.37045],[96.18265,21.37018],[96.18284,21.3705],[96.18308,21.3705]]],[[[96.12521,21.37069],[96.1269,21.37056],[96.1267,21.37002],[96.12738,21.36961],[96.12801,21.37002],[96.12849,21.3698],[96.12844,21.36925],[96.12786,21.36961],[96.12734,21.3693],[96.12806,21.36898],[96.12739,21.36884],[96.12739,21.36794],[96.1269,21.36853],[96.12667,21.36708],[96.12599,21.36717],[96.12661,21.36938],[96.12608,21.36888],[96.12536,21.36969],[96.12493,21.36892],[96.12449,21.36919],[96.12348,21.36801],[96.12314,21.36819],[96.12382,21.36896],[96.12376,21.36978],[96.12439,21.3696],[96.12506,21.37069],[96.12521,21.37069]]],[[[96.18477,21.37114],[96.1853,21.37087],[96.18525,21.36961],[96.18448,21.3692],[96.18502,21.36924],[96.18507,21.36879],[96.1855,21.36979],[96.18636,21.36966],[96.18665,21.3702],[96.18665,21.36939],[96.18617,21.36929],[96.18632,21.36789],[96.18541,21.36798],[96.18526,21.36857],[96.18406,21.36816],[96.18419,21.36951],[96.18352,21.36906],[96.18361,21.36965],[96.18458,21.37001],[96.18462,21.37114],[96.18477,21.37114]]],[[[96.17565,21.37215],[96.1758,21.37047],[96.17662,21.36917],[96.17474,21.36961],[96.17479,21.36898],[96.17624,21.3688],[96.17542,21.36821],[96.17571,21.3679],[96.17451,21.36762],[96.17475,21.36672],[96.1733,21.36839],[96.17402,21.36825],[96.17364,21.3687],[96.17397,21.36907],[96.17339,21.36952],[96.17373,21.36983],[96.17455,21.36925],[96.17406,21.37092],[96.1756,21.37215],[96.17565,21.37215]]],[[[96.05483,21.37251],[96.05315,21.37151],[96.05359,21.37106],[96.049,21.37145],[96.04685,21.36896],[96.04828,21.37068],[96.04866,21.37185],[96.05209,21.37151],[96.05503,21.37283],[96.05488,21.37251],[96.05483,21.37251]]],[[[96.24346,21.37229],[96.24298,21.37184],[96.24374,21.37256],[96.24471,21.37189],[96.24418,21.37157],[96.24529,21.37162],[96.24534,21.37112],[96.24442,21.37121],[96.24491,21.3704],[96.24414,21.37022],[96.2437,21.37085],[96.24322,21.37026],[96.24259,21.37071],[96.24216,21.37021],[96.24187,21.37102],[96.24235,21.37102],[96.24191,21.37161],[96.2422,21.37211],[96.24133,21.37206],[96.24172,21.3731],[96.24273,21.37315],[96.24346,21.37238],[96.24346,21.37229]]],[[[96.17684,21.37409],[96.17753,21.37256],[96.178,21.37342],[96.17863,21.37306],[96.17878,21.37365],[96.17859,21.37202],[96.17926,21.37211],[96.17931,21.37171],[96.17902,21.37252],[96.1797,21.37248],[96.17969,21.37311],[96.18008,21.37311],[96.17999,21.3718],[96.17888,21.37085],[96.17889,21.37012],[96.1785,21.37103],[96.17835,21.37071],[96.17729,21.37093],[96.17874,21.3699],[96.17797,21.36944],[96.17667,21.37043],[96.1772,21.37062],[96.17661,21.37147],[96.17743,21.37156],[96.17724,21.37116],[96.17816,21.37148],[96.1783,21.37225],[96.17777,21.37175],[96.17579,21.37305],[96.17656,21.37341],[96.17675,21.37409],[96.17684,21.37409]]],[[[96.11675,21.3744],[96.11685,21.37391],[96.11723,21.37427],[96.11786,21.37346],[96.11839,21.37396],[96.1183,21.37323],[96.11917,21.37297],[96.11951,21.37184],[96.12033,21.37175],[96.11802,21.37138],[96.1185,21.37102],[96.11821,21.37048],[96.11745,21.37002],[96.1173,21.37061],[96.11701,21.36998],[96.11701,21.37106],[96.11599,21.37169],[96.11556,21.37119],[96.11555,21.37232],[96.1144,21.37222],[96.11435,21.37272],[96.11507,21.373],[96.11425,21.37335],[96.11516,21.37363],[96.1157,21.37282],[96.11647,21.37336],[96.11758,21.37282],[96.11762,21.37346],[96.11642,21.37377],[96.1167,21.3744],[96.11675,21.3744]]],[[[96.11196,21.36819],[96.11259,21.36639],[96.11317,21.36644],[96.11332,21.36531],[96.11361,21.36513],[96.1137,21.36554],[96.11366,21.3649],[96.11429,21.36436],[96.11381,21.36409],[96.11342,21.36508],[96.11362,21.36368],[96.11285,21.36323],[96.11318,21.36454],[96.11241,21.36436],[96.11255,21.36508],[96.11154,21.36508],[96.1124,21.36567],[96.11144,21.3658],[96.11125,21.36503],[96.11062,21.36485],[96.11058,21.36385],[96.11029,21.36435],[96.11005,21.36403],[96.11044,21.36259],[96.11053,21.36349],[96.11174,21.36295],[96.11188,21.36359],[96.11251,21.36359],[96.11198,21.36232],[96.11271,21.36196],[96.11319,21.36242],[96.11261,21.3625],[96.11261,21.36296],[96.11352,21.36296],[96.11429,21.36387],[96.11511,21.36319],[96.11473,21.36251],[96.11343,21.36251],[96.11343,21.36219],[96.11449,21.3622],[96.1143,21.36174],[96.11319,21.3621],[96.11392,21.36147],[96.11228,21.35975],[96.11277,21.3597],[96.11249,21.35758],[96.11432,21.3565],[96.11475,21.35786],[96.11417,21.35804],[96.11389,21.35741],[96.11388,21.35813],[96.1148,21.35822],[96.11465,21.35899],[96.11504,21.35913],[96.11509,21.35777],[96.11553,21.3575],[96.1148,21.35745],[96.115,21.35696],[96.1177,21.35751],[96.11765,21.35697],[96.11837,21.35666],[96.11669,21.35507],[96.11616,21.35511],[96.11607,21.35439],[96.11602,21.35488],[96.11559,21.35479],[96.11603,21.3524],[96.11627,21.35358],[96.117,21.35132],[96.11762,21.35209],[96.11782,21.35119],[96.11749,21.35078],[96.1171,21.35105],[96.1172,21.35055],[96.11647,21.35037],[96.11638,21.34965],[96.11575,21.35073],[96.11579,21.3519],[96.11531,21.35213],[96.11521,21.35167],[96.11468,21.35172],[96.11555,21.3524],[96.1154,21.35312],[96.11448,21.35334],[96.1137,21.3556],[96.11274,21.35523],[96.11186,21.35771],[96.11085,21.35775],[96.11129,21.35622],[96.11067,21.35536],[96.1114,21.35374],[96.11126,21.35215],[96.10967,21.35242],[96.10966,21.35355],[96.11009,21.35378],[96.10942,21.35386],[96.10975,21.35418],[96.1096,21.35563],[96.10946,21.35472],[96.10874,21.35458],[96.10854,21.35562],[96.10787,21.35584],[96.10772,21.35702],[96.1067,21.35774],[96.10684,21.35842],[96.10732,21.35828],[96.10684,21.35869],[96.10737,21.35964],[96.1081,21.35842],[96.10853,21.35906],[96.10799,21.36104],[96.10683,21.36104],[96.10674,21.35945],[96.10606,21.35968],[96.10587,21.36053],[96.10668,21.36171],[96.10649,21.36234],[96.10571,21.36221],[96.10566,21.3632],[96.10643,21.36379],[96.10745,21.36334],[96.10779,21.36258],[96.1073,21.36239],[96.10788,21.36235],[96.10847,21.36109],[96.10808,21.36231],[96.10885,21.36281],[96.10788,21.36294],[96.10744,21.36402],[96.10817,21.36371],[96.107,21.36506],[96.10748,21.3656],[96.1069,21.36555],[96.10738,21.36619],[96.10661,21.36628],[96.10637,21.36713],[96.10685,21.36745],[96.10588,21.36794],[96.10622,21.36822],[96.10675,21.36786],[96.10699,21.36876],[96.10549,21.36903],[96.10481,21.37083],[96.10519,21.37097],[96.10578,21.36984],[96.10722,21.36994],[96.1065,21.37052],[96.10644,21.37129],[96.10688,21.37152],[96.10567,21.37246],[96.10567,21.37178],[96.10495,21.37146],[96.10465,21.373],[96.10398,21.373],[96.10407,21.37336],[96.10272,21.37313],[96.10378,21.37376],[96.10339,21.37381],[96.10305,21.37493],[96.10377,21.37539],[96.10445,21.37498],[96.10604,21.3754],[96.10696,21.37436],[96.10663,21.37296],[96.10842,21.37234],[96.10803,21.37288],[96.10861,21.37301],[96.1089,21.37256],[96.10856,21.37229],[96.11001,21.37157],[96.11006,21.37112],[96.10948,21.37085],[96.11017,21.36923],[96.10959,21.36886],[96.11017,21.36846],[96.10959,21.36832],[96.10915,21.36981],[96.10877,21.36985],[96.10781,21.36858],[96.1082,21.36773],[96.11003,21.36801],[96.11032,21.3676],[96.10998,21.36688],[96.11056,21.36742],[96.11124,21.36697],[96.11081,21.36661],[96.11129,21.36652],[96.11172,21.36774],[96.11124,21.3672],[96.11075,21.36747],[96.11104,21.36896],[96.11215,21.36819],[96.11196,21.36819]],[[96.10562,21.37287],[96.10523,21.37345],[96.10653,21.37337],[96.10585,21.37422],[96.10619,21.37459],[96.10522,21.37458],[96.10494,21.37395],[96.10528,21.37359],[96.10373,21.3743],[96.10538,21.37287],[96.10562,21.37287]]],[[[96.07736,21.37248],[96.07735,21.37297],[96.07832,21.3728],[96.07861,21.37357],[96.07808,21.37325],[96.07682,21.37464],[96.07638,21.37432],[96.07527,21.37509],[96.07537,21.37441],[96.07358,21.37449],[96.07339,21.37553],[96.07435,21.37567],[96.07648,21.375],[96.0788,21.3737],[96.07948,21.37249],[96.07875,21.37257],[96.07861,21.37302],[96.07827,21.37221],[96.07765,21.37216],[96.07833,21.37158],[96.0777,21.37176],[96.07756,21.37126],[96.07736,21.37243],[96.07736,21.37248]]],[[[96.11607,21.37589],[96.11675,21.37467],[96.11617,21.3744],[96.11617,21.37377],[96.11598,21.37431],[96.11574,21.3739],[96.11535,21.37417],[96.1142,21.37371],[96.11391,21.37426],[96.11406,21.37213],[96.11338,21.37245],[96.11376,21.37376],[96.11333,21.37403],[96.11448,21.37475],[96.11453,21.37566],[96.11511,21.37503],[96.11592,21.37589],[96.11607,21.37589]]],[[[96.12239,21.37596],[96.12301,21.37569],[96.12244,21.37533],[96.12345,21.37538],[96.12374,21.37497],[96.12311,21.37483],[96.12326,21.37366],[96.12249,21.37343],[96.1221,21.37424],[96.12229,21.37596],[96.12239,21.37596]]],[[[96.12798,21.37634],[96.12803,21.37562],[96.12721,21.37517],[96.12813,21.37508],[96.12789,21.3739],[96.12828,21.37318],[96.12785,21.37291],[96.12824,21.37278],[96.12625,21.37376],[96.12649,21.37413],[96.12712,21.37377],[96.12683,21.37526],[96.12606,21.37471],[96.12668,21.37444],[96.12572,21.3743],[96.12514,21.37471],[96.12591,21.37448],[96.12567,21.37516],[96.12456,21.37556],[96.12499,21.37611],[96.12658,21.37557],[96.12793,21.37634],[96.12798,21.37634]]],[[[96.06952,21.37664],[96.07319,21.37589],[96.0717,21.3748],[96.07136,21.3748],[96.07146,21.37588],[96.07112,21.37543],[96.06982,21.37565],[96.06992,21.37461],[96.06953,21.37475],[96.06997,21.37434],[96.06949,21.37375],[96.06915,21.37443],[96.06949,21.37448],[96.06948,21.37556],[96.06881,21.37533],[96.06924,21.3756],[96.06885,21.37664],[96.06952,21.37664]]],[[[96.10055,21.37393],[96.1005,21.37271],[96.09848,21.3732],[96.09746,21.3741],[96.09769,21.37627],[96.09717,21.37523],[96.09663,21.37572],[96.09682,21.37671],[96.09783,21.37645],[96.09894,21.3769],[96.09779,21.37627],[96.0976,21.37441],[96.09833,21.37347],[96.09935,21.37307],[96.09809,21.37419],[96.09813,21.37518],[96.09885,21.37564],[96.09924,21.37551],[96.09895,21.37505],[96.09991,21.37506],[96.09973,21.37406],[96.10026,21.37393],[96.10055,21.37393]]],[[[96.24156,21.37536],[96.24127,21.3768],[96.24257,21.37717],[96.24315,21.37618],[96.24257,21.37595],[96.24292,21.37446],[96.24388,21.37428],[96.2422,21.37364],[96.24162,21.37423],[96.2419,21.37486],[96.24156,21.37527],[96.24156,21.37536]]],[[[96.17331,21.37783],[96.17365,21.37724],[96.17398,21.37738],[96.17399,21.37593],[96.1722,21.37697],[96.17205,21.3776],[96.17326,21.37783],[96.17331,21.37783]]],[[[96.18044,21.3788],[96.18122,21.3779],[96.18223,21.37782],[96.1819,21.37705],[96.1817,21.3775],[96.18122,21.377],[96.18069,21.37718],[96.18073,21.37831],[96.18006,21.37844],[96.17972,21.37812],[96.18045,21.37781],[96.17977,21.37722],[96.18035,21.37691],[96.17944,21.37699],[96.17963,21.37758],[96.18016,21.37763],[96.17948,21.37862],[96.18025,21.3788],[96.18044,21.3788]]],[[[96.2239,21.37909],[96.22428,21.37855],[96.22361,21.37864],[96.22429,21.37801],[96.22318,21.37746],[96.22328,21.37692],[96.22275,21.37751],[96.2238,21.37805],[96.22265,21.37782],[96.22231,21.37859],[96.22375,21.37909],[96.2239,21.37909]]],[[[96.11253,21.36842],[96.11276,21.3705],[96.11166,21.37036],[96.11252,21.37027],[96.11244,21.36842],[96.1106,21.36995],[96.10996,21.37189],[96.1102,21.37329],[96.10856,21.3731],[96.10879,21.37446],[96.10831,21.37387],[96.10841,21.37455],[96.10754,21.37486],[96.1074,21.37351],[96.10687,21.37292],[96.1072,21.3745],[96.10715,21.37491],[96.10667,21.37486],[96.10719,21.37698],[96.10657,21.37621],[96.10574,21.37756],[96.10487,21.37801],[96.10487,21.37747],[96.10357,21.37697],[96.10348,21.37543],[96.10276,21.37493],[96.10311,21.37358],[96.10214,21.3733],[96.10055,21.37393],[96.10021,21.37461],[96.10044,21.37578],[96.09948,21.37537],[96.09957,21.376],[96.10213,21.37647],[96.10265,21.37755],[96.1028,21.3771],[96.10343,21.37706],[96.10294,21.37805],[96.10336,21.3799],[96.10448,21.37901],[96.10583,21.37915],[96.10635,21.38073],[96.10717,21.38069],[96.10708,21.37947],[96.10858,21.37848],[96.10903,21.37618],[96.11066,21.37695],[96.11046,21.3784],[96.112,21.37863],[96.11177,21.37745],[96.11085,21.37713],[96.11081,21.37515],[96.11164,21.37384],[96.11087,21.37402],[96.11091,21.37488],[96.10999,21.37505],[96.11063,21.37375],[96.10995,21.37356],[96.11039,21.37361],[96.11082,21.37284],[96.11184,21.37312],[96.11199,21.37217],[96.11242,21.37271],[96.11348,21.37163],[96.11421,21.37173],[96.11436,21.37073],[96.1132,21.37073],[96.11325,21.36992],[96.11363,21.37046],[96.11465,21.37001],[96.11571,21.37033],[96.11604,21.37115],[96.11595,21.37024],[96.11827,21.36921],[96.1185,21.37071],[96.11956,21.37143],[96.12019,21.37085],[96.12004,21.37139],[96.12048,21.37148],[96.12038,21.37067],[96.12304,21.37027],[96.12275,21.36968],[96.12019,21.37022],[96.11952,21.36913],[96.11899,21.36944],[96.11851,21.36863],[96.11769,21.36926],[96.11677,21.36907],[96.11721,21.36898],[96.11707,21.36849],[96.11798,21.36853],[96.1176,21.36817],[96.11856,21.36804],[96.11837,21.3675],[96.11741,21.36754],[96.11751,21.36677],[96.1191,21.36687],[96.11939,21.36755],[96.11982,21.36746],[96.11963,21.3671],[96.12016,21.36741],[96.12103,21.36701],[96.12243,21.36625],[96.12326,21.36404],[96.1218,21.36625],[96.11954,21.36628],[96.1192,21.36664],[96.11915,21.36619],[96.11848,21.36628],[96.11756,21.36555],[96.11799,21.36637],[96.11688,21.36627],[96.11674,21.36713],[96.11606,21.36767],[96.11562,21.36749],[96.11539,21.36627],[96.11346,21.36621],[96.11355,21.36694],[96.11273,21.36698],[96.11302,21.36779],[96.11253,21.36833],[96.11253,21.36842]]],[[[96.17756,21.37631],[96.17765,21.37703],[96.1765,21.3763],[96.17601,21.37675],[96.17635,21.37761],[96.17727,21.37726],[96.17745,21.37834],[96.17663,21.37852],[96.17692,21.37947],[96.17721,21.37866],[96.17779,21.37934],[96.17861,21.37898],[96.17841,21.3797],[96.17783,21.37965],[96.17754,21.38033],[96.1772,21.3801],[96.17744,21.38069],[96.17793,21.38065],[96.17793,21.37974],[96.17836,21.37984],[96.17826,21.3806],[96.17889,21.38051],[96.17899,21.38002],[96.18044,21.38034],[96.18005,21.37993],[96.18034,21.37903],[96.17943,21.37939],[96.17842,21.37853],[96.17924,21.37817],[96.17919,21.37762],[96.17861,21.37753],[96.17857,21.37672],[96.17794,21.3769],[96.1779,21.37636],[96.17857,21.3764],[96.17848,21.37563],[96.17756,21.37626],[96.17756,21.37631]]],[[[96.176,21.38091],[96.17643,21.3806],[96.17571,21.37892],[96.17528,21.37937],[96.17417,21.37937],[96.17543,21.37883],[96.17533,21.37838],[96.17408,21.37864],[96.17398,21.37959],[96.17359,21.37955],[96.17374,21.37896],[96.17258,21.37841],[96.17373,21.38081],[96.17494,21.38082],[96.17479,21.38018],[96.17523,21.37987],[96.17585,21.38059],[96.17527,21.38037],[96.17513,21.38086],[96.1759,21.38091],[96.176,21.38091]]],[[[96.23725,21.38113],[96.23797,21.38081],[96.23556,21.38008],[96.23571,21.379],[96.23754,21.37955],[96.23808,21.37896],[96.2389,21.37923],[96.2389,21.37874],[96.23808,21.3786],[96.23716,21.37918],[96.23716,21.37878],[96.23629,21.37873],[96.23605,21.37828],[96.23697,21.37846],[96.23726,21.37796],[96.23745,21.37837],[96.23885,21.37833],[96.23929,21.37725],[96.24016,21.37698],[96.24026,21.37621],[96.23717,21.37661],[96.23803,21.37747],[96.23789,21.37801],[96.23601,21.37719],[96.23567,21.37737],[96.23591,21.37778],[96.2349,21.37796],[96.2347,21.37981],[96.23528,21.37981],[96.23551,21.38058],[96.23653,21.38036],[96.23701,21.38112],[96.23725,21.38113]]],[[[95.79572,21.37104],[95.79428,21.3704],[95.79275,21.36876],[95.79178,21.36939],[95.79149,21.37024],[95.79196,21.3716],[95.79089,21.37263],[95.78872,21.37253],[95.78815,21.37076],[95.78734,21.37067],[95.78593,21.37202],[95.784,21.37178],[95.78009,21.37257],[95.77932,21.37243],[95.77999,21.37216],[95.77913,21.37216],[95.77758,21.37296],[95.77633,21.37268],[95.77541,21.37308],[95.7756,21.3734],[95.77521,21.37313],[95.77458,21.37353],[95.77492,21.37412],[95.77232,21.37365],[95.77198,21.3732],[95.77188,21.3741],[95.7713,21.37459],[95.77164,21.37437],[95.77144,21.37486],[95.77202,21.37482],[95.77168,21.37541],[95.77235,21.37573],[95.77186,21.3764],[95.77253,21.37758],[95.7734,21.37763],[95.77465,21.37854],[95.7759,21.37828],[95.77566,21.37859],[95.77648,21.37883],[95.77691,21.37838],[95.77879,21.37943],[95.7812,21.37881],[95.7811,21.38003],[95.78172,21.38021],[95.78206,21.37967],[95.78283,21.38072],[95.78433,21.37996],[95.78462,21.37928],[95.7853,21.37947],[95.78577,21.38037],[95.78688,21.38047],[95.78771,21.37885],[95.78863,21.37813],[95.78931,21.37836],[95.78975,21.37764],[95.79042,21.37773],[95.79047,21.37837],[95.79225,21.37802],[95.79229,21.37928],[95.79263,21.37937],[95.79496,21.37699],[95.79482,21.37645],[95.79564,21.3756],[95.79507,21.37501],[95.79565,21.37447],[95.79651,21.37605],[95.7952,21.37772],[95.79601,21.37926],[95.79503,21.38016],[95.79585,21.38016],[95.796,21.37953],[95.79658,21.37949],[95.79753,21.38153],[95.79792,21.38126],[95.7974,21.37981],[95.79794,21.3781],[95.79756,21.37773],[95.79901,21.37724],[95.79993,21.37621],[95.79965,21.37576],[95.80076,21.37572],[95.80096,21.37468],[95.79929,21.37183],[95.7974,21.37231],[95.79692,21.37186],[95.79684,21.37059],[95.79572,21.3709],[95.79572,21.37104]]],[[[96.23218,21.38111],[96.23218,21.38179],[96.23271,21.38188],[96.23334,21.38039],[96.23402,21.38017],[96.23379,21.37867],[96.23296,21.37899],[96.23228,21.38111],[96.23218,21.38111]]],[[[96.17835,21.38264],[96.17883,21.38255],[96.17879,21.38191],[96.17985,21.3816],[96.17957,21.38079],[96.17913,21.38169],[96.17903,21.38083],[96.17768,21.38114],[96.17816,21.38264],[96.17835,21.38264]]],[[[96.15924,21.38451],[96.15997,21.38365],[96.16079,21.3837],[96.16031,21.38334],[96.16041,21.38279],[96.16094,21.38325],[96.1607,21.38266],[96.15911,21.3822],[96.15819,21.38283],[96.15785,21.38346],[96.15963,21.38397],[96.1577,21.38364],[96.15775,21.384],[96.15905,21.38451],[96.15924,21.38451]]],[[[96.10385,21.37982],[96.10345,21.38135],[96.10293,21.37959],[96.1025,21.37958],[96.10269,21.3808],[96.10225,21.38067],[96.1023,21.37967],[96.10163,21.37967],[96.10148,21.38103],[96.10196,21.38184],[96.10128,21.38179],[96.10128,21.3831],[96.10262,21.38419],[96.1046,21.38411],[96.10435,21.38474],[96.10291,21.38501],[96.10531,21.38592],[96.10498,21.3852],[96.1057,21.38497],[96.10551,21.38425],[96.10614,21.38443],[96.10609,21.38516],[96.10633,21.38434],[96.10533,21.38326],[96.10465,21.38321],[96.10513,21.38303],[96.10485,21.38185],[96.10398,21.38198],[96.10433,21.38081],[96.10399,21.37982],[96.10385,21.37982]]],[[[96.17356,21.38628],[96.17347,21.38546],[96.17429,21.38511],[96.17352,21.3851],[96.17492,21.38457],[96.1741,21.38429],[96.17357,21.38488],[96.17357,21.38433],[96.17497,21.38411],[96.17516,21.38538],[96.17578,21.3852],[96.17545,21.38407],[96.17642,21.38426],[96.17714,21.38385],[96.1771,21.38286],[96.17685,21.38331],[96.17652,21.38286],[96.17695,21.38222],[96.17619,21.38109],[96.17546,21.38122],[96.17546,21.38299],[96.17536,21.38226],[96.17503,21.38235],[96.17492,21.38321],[96.17546,21.38312],[96.17545,21.38362],[96.17464,21.38321],[96.17483,21.38371],[96.17367,21.38415],[96.1743,21.3838],[96.17396,21.38321],[96.17473,21.38298],[96.1744,21.38235],[96.17343,21.38307],[96.17352,21.38424],[96.17285,21.38429],[96.17338,21.38406],[96.17299,21.38338],[96.17106,21.38491],[96.17173,21.38483],[96.17111,21.38527],[96.17192,21.38596],[96.17241,21.38578],[96.17222,21.38528],[96.17289,21.38582],[96.17313,21.38501],[96.17327,21.38632],[96.17361,21.38628],[96.17356,21.38628]]],[[[96.1683,21.38662],[96.16952,21.38509],[96.1698,21.38545],[96.17266,21.38311],[96.17121,21.3827],[96.17087,21.38306],[96.17068,21.38252],[96.1703,21.38261],[96.17034,21.3841],[96.17087,21.38414],[96.17063,21.38469],[96.16961,21.385],[96.16841,21.38436],[96.16811,21.38662],[96.1683,21.38662]]],[[[96.11433,21.38709],[96.11646,21.38574],[96.11679,21.38583],[96.11636,21.38646],[96.11747,21.38642],[96.11791,21.38534],[96.11882,21.38539],[96.11916,21.38494],[96.12022,21.38557],[96.11998,21.38607],[96.12133,21.38549],[96.12123,21.38517],[96.12225,21.38522],[96.12239,21.38486],[96.12196,21.38504],[96.12196,21.3845],[96.12114,21.38391],[96.1223,21.38441],[96.1222,21.384],[96.12129,21.38355],[96.12298,21.38369],[96.12322,21.38265],[96.12448,21.3827],[96.12477,21.38202],[96.12337,21.38202],[96.12289,21.38125],[96.12415,21.38067],[96.12487,21.3808],[96.12443,21.38139],[96.12506,21.38085],[96.12612,21.38108],[96.1269,21.38036],[96.12603,21.37982],[96.12497,21.38013],[96.12468,21.37972],[96.12405,21.38035],[96.12411,21.37927],[96.12328,21.37967],[96.12295,21.37913],[96.12372,21.3803],[96.12231,21.38138],[96.12265,21.38206],[96.12004,21.38237],[96.11888,21.38327],[96.11733,21.38358],[96.11728,21.38479],[96.11675,21.38425],[96.11617,21.38452],[96.11486,21.38632],[96.11399,21.38645],[96.11418,21.38709],[96.11433,21.38709]]],[[[96.06084,21.38704],[96.05719,21.38418],[96.05691,21.3826],[96.05685,21.38391],[96.05829,21.38595],[96.06089,21.38704],[96.06084,21.38704]]],[[[96.16492,21.38719],[96.16531,21.38697],[96.16507,21.38652],[96.1643,21.38624],[96.16503,21.38602],[96.16555,21.38665],[96.16604,21.3862],[96.16604,21.3848],[96.16706,21.38449],[96.16706,21.38381],[96.16788,21.38309],[96.1676,21.3826],[96.16721,21.383],[96.16654,21.38264],[96.16672,21.38354],[96.16547,21.38363],[96.16551,21.38471],[96.16498,21.38421],[96.16411,21.38471],[96.1645,21.38507],[96.16416,21.38575],[96.16324,21.38543],[96.16295,21.38579],[96.16329,21.38637],[96.16387,21.38633],[96.16396,21.38692],[96.16353,21.38701],[96.16483,21.38719],[96.16492,21.38719]]],[[[96.171,21.38789],[96.17273,21.38786],[96.17293,21.38628],[96.17105,21.38618],[96.1709,21.38726],[96.17182,21.38749],[96.17071,21.38789],[96.171,21.38789]]],[[[96.2324,21.38843],[96.23428,21.38744],[96.23448,21.38658],[96.2339,21.38595],[96.23516,21.38532],[96.23507,21.38446],[96.23448,21.38509],[96.23381,21.38504],[96.23386,21.38572],[96.23313,21.38631],[96.23332,21.38703],[96.2325,21.38712],[96.23153,21.38824],[96.23211,21.38843],[96.2324,21.38843]]],[[[96.11606,21.37688],[96.11577,21.37666],[96.11601,21.37765],[96.11553,21.3776],[96.11577,21.37792],[96.11533,21.37819],[96.11529,21.37787],[96.11499,21.37878],[96.11432,21.379],[96.11441,21.38027],[96.11378,21.37999],[96.11359,21.3808],[96.11392,21.38103],[96.11315,21.38171],[96.11276,21.38134],[96.11252,21.38193],[96.11194,21.38161],[96.11044,21.38201],[96.11064,21.38152],[96.1117,21.38152],[96.11141,21.3812],[96.11238,21.37981],[96.11181,21.37953],[96.10929,21.38201],[96.109,21.38164],[96.10847,21.38214],[96.10784,21.38196],[96.10774,21.38272],[96.10967,21.3825],[96.10976,21.38373],[96.1103,21.383],[96.11083,21.38314],[96.10976,21.38436],[96.10909,21.38399],[96.10957,21.38327],[96.1089,21.38331],[96.10908,21.38458],[96.10816,21.38544],[96.10902,21.38702],[96.10835,21.38697],[96.10839,21.38769],[96.11057,21.38653],[96.11038,21.38581],[96.11086,21.38639],[96.11139,21.38608],[96.1112,21.38545],[96.11163,21.38536],[96.11187,21.38622],[96.1111,21.38653],[96.11134,21.38698],[96.11071,21.38743],[96.11133,21.38771],[96.11109,21.38816],[96.11162,21.38884],[96.11215,21.3878],[96.11182,21.38753],[96.11322,21.38717],[96.11283,21.38704],[96.11298,21.38609],[96.11486,21.38596],[96.11559,21.38429],[96.11661,21.38384],[96.11671,21.38317],[96.11632,21.38325],[96.11647,21.38267],[96.11599,21.3823],[96.11662,21.3824],[96.11667,21.38186],[96.11792,21.38136],[96.11802,21.38087],[96.11706,21.38068],[96.1172,21.38037],[96.11822,21.38069],[96.1188,21.3801],[96.11827,21.37956],[96.11919,21.37934],[96.11909,21.38006],[96.11985,21.3811],[96.11903,21.38092],[96.11884,21.38128],[96.11884,21.38078],[96.11937,21.38074],[96.11909,21.38028],[96.11855,21.38051],[96.11792,21.38163],[96.1183,21.38236],[96.11734,21.3819],[96.11705,21.3833],[96.12072,21.38205],[96.12082,21.38147],[96.12188,21.38179],[96.12193,21.38084],[96.12106,21.38065],[96.12208,21.38043],[96.12102,21.38007],[96.12241,21.38007],[96.12232,21.3807],[96.12304,21.38026],[96.12169,21.37971],[96.12155,21.37898],[96.12223,21.37939],[96.12213,21.37885],[96.12266,21.37881],[96.1218,21.37704],[96.12151,21.37776],[96.12093,21.37776],[96.12078,21.37835],[96.12126,21.37885],[96.12054,21.37853],[96.12049,21.37948],[96.11996,21.37902],[96.11914,21.3792],[96.1203,21.3788],[96.11996,21.37798],[96.11842,21.37802],[96.1192,21.37753],[96.1204,21.3779],[96.12002,21.37731],[96.12064,21.37758],[96.12166,21.37659],[96.12099,21.37609],[96.12186,21.37578],[96.12191,21.37352],[96.12139,21.3732],[96.12071,21.37306],[96.12047,21.37347],[96.12037,21.37293],[96.11979,21.37301],[96.11984,21.37369],[96.11888,21.37346],[96.11897,21.37414],[96.11815,21.37423],[96.11805,21.37481],[96.11781,21.37436],[96.11704,21.37458],[96.11704,21.37499],[96.11766,21.37508],[96.11665,21.37562],[96.11689,21.37635],[96.11616,21.37688],[96.11606,21.37688]],[[96.11741,21.37757],[96.11813,21.37793],[96.11634,21.37896],[96.1161,21.37982],[96.11615,21.37919],[96.11484,21.37968],[96.11494,21.37905],[96.11591,21.3791],[96.11533,21.37855],[96.11601,21.37788],[96.11712,21.37757],[96.11741,21.37757]],[[96.11445,21.38216],[96.11372,21.38302],[96.11425,21.38383],[96.11357,21.38374],[96.11353,21.38311],[96.11328,21.38392],[96.11391,21.38437],[96.11385,21.38523],[96.11314,21.38415],[96.1127,21.38437],[96.11319,21.38369],[96.11198,21.3836],[96.11179,21.3831],[96.11203,21.38346],[96.11324,21.38342],[96.11363,21.38252],[96.11319,21.38211],[96.1144,21.38216],[96.11445,21.38216]]],[[[96.1121,21.38911],[96.11147,21.38924],[96.112,21.38961],[96.11137,21.39037],[96.11296,21.38979],[96.11384,21.38772],[96.11317,21.38799],[96.11322,21.38753],[96.11254,21.38762],[96.1121,21.38907],[96.1121,21.38911]]],[[[96.09728,21.39077],[96.09873,21.39023],[96.09879,21.3896],[96.09825,21.38987],[96.09807,21.38874],[96.09734,21.39009],[96.09734,21.38891],[96.09667,21.389],[96.09719,21.39077],[96.09728,21.39077]]],[[[96.15869,21.38938],[96.15918,21.38902],[96.15928,21.3878],[96.15773,21.38789],[96.15759,21.38866],[96.15735,21.3882],[96.15662,21.38834],[96.15657,21.39001],[96.15584,21.39041],[96.15633,21.39028],[96.157,21.39087],[96.15802,21.38974],[96.15888,21.38984],[96.15869,21.38947],[96.15869,21.38938]]],[[[96.17022,21.38889],[96.17071,21.38848],[96.16882,21.38974],[96.16853,21.38942],[96.168,21.39059],[96.16771,21.39001],[96.16713,21.39068],[96.1679,21.39082],[96.17095,21.38893],[96.17066,21.3883],[96.16989,21.38848],[96.17022,21.38875],[96.17022,21.38889]]],[[[96.10669,21.39112],[96.10963,21.39082],[96.10901,21.39045],[96.10939,21.39032],[96.10906,21.38969],[96.10834,21.38946],[96.10872,21.38892],[96.10805,21.38932],[96.10815,21.38864],[96.10906,21.38869],[96.10911,21.3881],[96.10979,21.38833],[96.10965,21.38743],[96.10873,21.38824],[96.10776,21.38805],[96.10762,21.38891],[96.10728,21.38832],[96.1053,21.38895],[96.10664,21.39112],[96.10669,21.39112]],[[96.10659,21.39094],[96.10631,21.38886],[96.1067,21.38891],[96.10674,21.38995],[96.10737,21.38981],[96.10742,21.38905],[96.10785,21.38927],[96.10761,21.38968],[96.10882,21.38991],[96.10876,21.39063],[96.10828,21.3904],[96.10862,21.39077],[96.10664,21.39094],[96.10659,21.39094]]],[[[95.96609,21.39148],[95.96754,21.39072],[95.96788,21.39004],[95.96846,21.39009],[95.96807,21.38982],[95.96827,21.38914],[95.96798,21.38882],[95.96793,21.38927],[95.96677,21.38949],[95.96533,21.38917],[95.96755,21.38918],[95.96818,21.38815],[95.9675,21.38796],[95.9675,21.38846],[95.96707,21.38846],[95.96707,21.38796],[95.96775,21.38783],[95.96785,21.38729],[95.96813,21.38792],[95.96828,21.38751],[95.96881,21.38761],[95.96887,21.3858],[95.96626,21.38628],[95.96688,21.3866],[95.96702,21.38751],[95.96596,21.38809],[95.96639,21.38818],[95.96658,21.38904],[95.96567,21.38854],[95.96572,21.38777],[95.96528,21.38885],[95.96485,21.3889],[95.96451,21.38858],[95.96486,21.38727],[95.96389,21.38718],[95.96399,21.38686],[95.96298,21.38672],[95.96293,21.38731],[95.96379,21.38722],[95.9622,21.38789],[95.96235,21.38685],[95.96168,21.38671],[95.96298,21.38649],[95.96332,21.38577],[95.96033,21.38589],[95.95994,21.38689],[95.96134,21.38703],[95.96109,21.38829],[95.96239,21.38843],[95.96142,21.38861],[95.96277,21.38975],[95.96223,21.39033],[95.96267,21.39065],[95.9631,21.39029],[95.96334,21.39065],[95.96522,21.39044],[95.96604,21.39148],[95.96609,21.39148]]],[[[95.94824,21.39171],[95.94959,21.39099],[95.94897,21.39017],[95.94839,21.39026],[95.94849,21.3899],[95.94699,21.39084],[95.94733,21.39111],[95.94805,21.39044],[95.94757,21.39125],[95.94809,21.3917],[95.94824,21.39171]]],[[[96.16635,21.39176],[96.16645,21.39127],[96.16722,21.39118],[96.1667,21.39018],[96.1682,21.38924],[96.16757,21.38806],[96.16714,21.38829],[96.16718,21.38914],[96.16665,21.38914],[96.16665,21.3886],[96.16627,21.38919],[96.16603,21.38846],[96.1668,21.38815],[96.16603,21.38779],[96.16545,21.38805],[96.16588,21.38878],[96.16506,21.38869],[96.16477,21.3899],[96.16501,21.39045],[96.1666,21.39027],[96.16607,21.39054],[96.16625,21.39176],[96.16635,21.39176]]],[[[96.22481,21.39179],[96.2266,21.39116],[96.22747,21.39135],[96.22747,21.39062],[96.22979,21.39009],[96.22931,21.38964],[96.228,21.39022],[96.22863,21.38932],[96.22791,21.38936],[96.22684,21.38994],[96.22713,21.39071],[96.2267,21.39062],[96.22684,21.39022],[96.22525,21.39039],[96.22467,21.39179],[96.22481,21.39179]]],[[[96.23108,21.3919],[96.23161,21.3919],[96.23195,21.391],[96.23302,21.39091],[96.23273,21.39042],[96.2335,21.39074],[96.23379,21.39037],[96.23307,21.39033],[96.23259,21.38933],[96.23345,21.39001],[96.23428,21.38929],[96.23336,21.38924],[96.23331,21.38848],[96.23129,21.3886],[96.23109,21.38951],[96.23157,21.38969],[96.23108,21.39118],[96.23065,21.39113],[96.23075,21.39059],[96.22993,21.39099],[96.23021,21.39167],[96.23108,21.39186],[96.23108,21.3919]]],[[[96.22661,21.38845],[96.22666,21.38796],[96.22666,21.38886],[96.22714,21.38895],[96.22782,21.38801],[96.22739,21.38737],[96.22637,21.38791],[96.22695,21.38714],[96.22666,21.38692],[96.22729,21.38724],[96.22739,21.38606],[96.22729,21.38683],[96.22758,21.3866],[96.22787,21.38728],[96.22787,21.38652],[96.22835,21.38683],[96.22855,21.38616],[96.22922,21.38625],[96.22937,21.38453],[96.22894,21.38458],[96.22899,21.38385],[96.22938,21.38417],[96.23005,21.38381],[96.22957,21.38444],[96.22966,21.38584],[96.22981,21.38512],[96.23014,21.38535],[96.23048,21.38481],[96.23039,21.3835],[96.23116,21.38427],[96.2314,21.38364],[96.23189,21.38373],[96.2316,21.38296],[96.23208,21.38323],[96.23218,21.38219],[96.23189,21.38246],[96.23151,21.38169],[96.23218,21.38111],[96.23199,21.38029],[96.23054,21.38124],[96.23063,21.38341],[96.23005,21.38359],[96.23006,21.38241],[96.22904,21.38245],[96.22943,21.38232],[96.2291,21.38178],[96.22885,21.38236],[96.22952,21.3834],[96.22847,21.38254],[96.22721,21.38394],[96.22783,21.38426],[96.22759,21.3848],[96.22677,21.3843],[96.22537,21.38547],[96.22546,21.38587],[96.22483,21.38601],[96.22556,21.38651],[96.22454,21.38619],[96.2241,21.38781],[96.22377,21.38736],[96.22309,21.38776],[96.22338,21.3884],[96.22415,21.38817],[96.22371,21.38876],[96.22395,21.38926],[96.22227,21.38812],[96.22159,21.38871],[96.22212,21.38907],[96.22231,21.39061],[96.22178,21.3907],[96.22212,21.39029],[96.22116,21.38907],[96.21903,21.39073],[96.21922,21.39141],[96.22013,21.39205],[96.22038,21.3911],[96.22081,21.39105],[96.22057,21.39155],[96.22115,21.39173],[96.22052,21.39182],[96.2209,21.3925],[96.2209,21.39209],[96.22303,21.39115],[96.2226,21.3902],[96.22428,21.39088],[96.22443,21.39025],[96.2253,21.38989],[96.22525,21.38953],[96.22429,21.38944],[96.22555,21.38926],[96.22661,21.3885],[96.22661,21.38845]]],[[[96.0843,21.39329],[96.08468,21.39293],[96.083,21.3926],[96.07694,21.38955],[96.07597,21.38959],[96.07331,21.39098],[96.06873,21.3915],[96.07307,21.3913],[96.07665,21.38978],[96.0842,21.39329],[96.0843,21.39329]]],[[[96.22384,21.39386],[96.22384,21.39255],[96.22597,21.39265],[96.22684,21.39193],[96.22679,21.39266],[96.22529,21.39288],[96.22572,21.39342],[96.22592,21.39292],[96.22645,21.39324],[96.22654,21.39279],[96.22736,21.39284],[96.22828,21.39207],[96.22742,21.39184],[96.22747,21.39148],[96.22443,21.39201],[96.22375,21.39115],[96.22385,21.39206],[96.22428,21.39206],[96.22346,21.39242],[96.22288,21.39196],[96.2221,21.39341],[96.22355,21.39319],[96.22374,21.39386],[96.22384,21.39386]]],[[[95.92203,21.39406],[95.92247,21.39388],[95.92238,21.39193],[95.92142,21.39157],[95.92069,21.39242],[95.92127,21.39224],[95.92079,21.39265],[95.92132,21.39261],[95.92141,21.39301],[95.92098,21.39283],[95.92093,21.39328],[95.92136,21.39319],[95.9217,21.39405],[95.92203,21.39406]]],[[[96.15579,21.39086],[96.15455,21.38905],[96.15411,21.38919],[96.15401,21.39009],[96.15305,21.39027],[96.15304,21.3914],[96.15222,21.39135],[96.15289,21.39203],[96.15164,21.39189],[96.15222,21.3923],[96.15096,21.3927],[96.15149,21.39306],[96.15134,21.39365],[96.15221,21.39374],[96.15225,21.39478],[96.1537,21.39483],[96.15375,21.39415],[96.1525,21.39374],[96.15501,21.39307],[96.15298,21.39334],[96.15289,21.3927],[96.15241,21.39257],[96.15391,21.3919],[96.15328,21.39126],[96.15372,21.39099],[96.15362,21.39027],[96.15401,21.39027],[96.15386,21.39099],[96.15444,21.39095],[96.15372,21.39126],[96.15381,21.39167],[96.15458,21.39154],[96.15439,21.39235],[96.1557,21.39086],[96.15579,21.39086]]],[[[96.13474,21.38554],[96.13411,21.3854],[96.1346,21.38495],[96.13421,21.38473],[96.13227,21.38653],[96.13131,21.38643],[96.1316,21.38693],[96.13107,21.38693],[96.13054,21.38616],[96.12976,21.38656],[96.12883,21.39031],[96.1286,21.38922],[96.12923,21.3871],[96.12769,21.38624],[96.12803,21.38692],[96.12754,21.387],[96.12709,21.39134],[96.12762,21.39179],[96.12723,21.39202],[96.12747,21.39279],[96.128,21.39234],[96.12863,21.39315],[96.12897,21.3927],[96.12973,21.39343],[96.13032,21.39212],[96.13056,21.39284],[96.13109,21.39294],[96.13079,21.39357],[96.13123,21.39352],[96.12925,21.3937],[96.12867,21.39487],[96.1292,21.39415],[96.12987,21.39465],[96.12915,21.39483],[96.12905,21.3955],[96.12973,21.39483],[96.13006,21.39537],[96.13146,21.39547],[96.13103,21.39474],[96.13166,21.39452],[96.13156,21.39402],[96.13195,21.3938],[96.1318,21.39447],[96.13253,21.39461],[96.13258,21.39371],[96.13161,21.39353],[96.13205,21.39312],[96.13167,21.3928],[96.13297,21.39227],[96.13282,21.39267],[96.13326,21.39258],[96.13375,21.3915],[96.1337,21.39186],[96.13485,21.39223],[96.13519,21.39191],[96.13442,21.39092],[96.1337,21.39073],[96.13394,21.39042],[96.13462,21.39078],[96.13476,21.39024],[96.13346,21.39001],[96.1337,21.39033],[96.13264,21.3905],[96.13308,21.38992],[96.13231,21.39009],[96.1324,21.39073],[96.13192,21.39009],[96.131,21.39068],[96.13047,21.39022],[96.13042,21.39104],[96.13095,21.39131],[96.13037,21.39198],[96.13032,21.39131],[96.12989,21.39167],[96.12945,21.3913],[96.13027,21.39113],[96.13038,21.3886],[96.13042,21.38995],[96.13178,21.38978],[96.13158,21.38941],[96.13115,21.38973],[96.13168,21.38919],[96.13115,21.38919],[96.13169,21.38788],[96.13053,21.38833],[96.13227,21.38684],[96.133,21.3868],[96.13251,21.38662],[96.13266,21.38608],[96.13348,21.38658],[96.13512,21.38613],[96.13498,21.38518],[96.13474,21.38541],[96.13474,21.38554]]],[[[96.10928,21.39362],[96.10971,21.39425],[96.10903,21.39479],[96.10942,21.3956],[96.10942,21.39466],[96.11121,21.39403],[96.11146,21.39286],[96.11262,21.39232],[96.1117,21.392],[96.11122,21.39073],[96.1106,21.39078],[96.11035,21.39141],[96.11097,21.39267],[96.11078,21.39303],[96.11064,21.39258],[96.10962,21.3928],[96.10895,21.3919],[96.10899,21.39298],[96.10957,21.39303],[96.10923,21.39362],[96.10928,21.39362]]],[[[96.12091,21.39267],[96.12105,21.39294],[96.12062,21.39235],[96.11869,21.39203],[96.11918,21.39054],[96.11827,21.39076],[96.11788,21.39022],[96.11846,21.39027],[96.11876,21.38932],[96.11996,21.38973],[96.11885,21.39013],[96.11962,21.39095],[96.11903,21.39194],[96.12004,21.39226],[96.12038,21.39199],[96.11995,21.39095],[96.12068,21.39118],[96.12062,21.39204],[96.12144,21.39199],[96.12159,21.39114],[96.12106,21.39082],[96.12135,21.39046],[96.12347,21.39087],[96.12367,21.39128],[96.12318,21.39119],[96.12328,21.3915],[96.12391,21.39128],[96.1241,21.3906],[96.12415,21.39142],[96.12492,21.39147],[96.12608,21.39084],[96.12574,21.39048],[96.12676,21.39052],[96.12691,21.38813],[96.12643,21.38822],[96.12575,21.38975],[96.12604,21.38867],[96.12571,21.38795],[96.12498,21.38817],[96.12504,21.38699],[96.12473,21.38966],[96.12425,21.3902],[96.12338,21.3897],[96.12271,21.39028],[96.12252,21.38951],[96.12329,21.38961],[96.12339,21.38911],[96.12372,21.38952],[96.12401,21.38898],[96.12425,21.38939],[96.12464,21.38921],[96.12446,21.38749],[96.12494,21.38609],[96.12417,21.38681],[96.12441,21.38735],[96.12363,21.38758],[96.1244,21.3883],[96.12146,21.38833],[96.12093,21.3891],[96.12078,21.38869],[96.12166,21.38797],[96.12162,21.38572],[96.12026,21.38693],[96.12031,21.38752],[96.12093,21.38734],[96.12035,21.38815],[96.11978,21.38761],[96.1192,21.3876],[96.11919,21.3881],[96.119,21.38774],[96.11813,21.38787],[96.11997,21.38724],[96.11944,21.3867],[96.12041,21.38661],[96.12036,21.38625],[96.11805,21.38629],[96.11824,21.38701],[96.1176,21.38814],[96.11761,21.38674],[96.11693,21.38674],[96.11674,21.38728],[96.11631,21.38687],[96.11553,21.38777],[96.11495,21.38718],[96.11428,21.38736],[96.11413,21.38826],[96.11495,21.38862],[96.11494,21.38948],[96.11543,21.38962],[96.11461,21.38948],[96.11427,21.3898],[96.11465,21.39025],[96.11402,21.39052],[96.11359,21.39034],[96.11393,21.3898],[96.1133,21.38979],[96.11277,21.39083],[96.11238,21.39051],[96.11214,21.39096],[96.11262,21.392],[96.11489,21.39161],[96.11469,21.39305],[96.1143,21.39242],[96.11324,21.39259],[96.11536,21.39332],[96.11569,21.39409],[96.1157,21.39333],[96.11628,21.39364],[96.11672,21.39211],[96.11705,21.39342],[96.11657,21.39342],[96.11656,21.39428],[96.1183,21.39429],[96.11816,21.3937],[96.11859,21.39361],[96.1195,21.39434],[96.11849,21.39392],[96.11854,21.39447],[96.11965,21.39497],[96.11921,21.39515],[96.11998,21.39569],[96.12133,21.39547],[96.12037,21.39506],[96.12056,21.39479],[96.12244,21.39602],[96.12316,21.39593],[96.12317,21.39525],[96.1237,21.39535],[96.1236,21.39413],[96.12438,21.39435],[96.1238,21.39377],[96.12424,21.39313],[96.12376,21.39291],[96.12361,21.3934],[96.12313,21.392],[96.12091,21.39249],[96.12091,21.39267]],[[96.1173,21.39162],[96.11556,21.39134],[96.11634,21.39107],[96.11581,21.38985],[96.1176,21.38936],[96.11668,21.38895],[96.11673,21.38841],[96.11799,21.38868],[96.11852,21.3881],[96.11866,21.38932],[96.11803,21.38941],[96.11822,21.3899],[96.11745,21.3899],[96.11759,21.39162],[96.1173,21.39162]]],[[[96.10547,21.39369],[96.10518,21.39297],[96.10441,21.39342],[96.10446,21.39296],[96.10364,21.39292],[96.10364,21.39246],[96.10306,21.39278],[96.10433,21.3898],[96.10366,21.38948],[96.10357,21.38858],[96.10433,21.38912],[96.10371,21.3884],[96.10381,21.38772],[96.10482,21.38745],[96.10507,21.3866],[96.10569,21.38705],[96.10584,21.3866],[96.10661,21.38678],[96.10685,21.38755],[96.10671,21.38575],[96.10362,21.38637],[96.10353,21.38551],[96.10185,21.38505],[96.10063,21.38635],[96.10015,21.38631],[96.10006,21.38549],[96.09943,21.38576],[96.09933,21.38639],[96.09837,21.38648],[96.09813,21.38557],[96.09736,21.38562],[96.09687,21.38634],[96.09591,21.38633],[96.09577,21.38525],[96.09731,21.38544],[96.09765,21.38453],[96.09852,21.38485],[96.09837,21.3853],[96.10093,21.3855],[96.10026,21.38405],[96.10041,21.38269],[96.09969,21.38197],[96.10075,21.38125],[96.10124,21.37999],[96.10023,21.37994],[96.10038,21.37876],[96.10086,21.37863],[96.10043,21.37822],[96.10072,21.37732],[96.10029,21.37808],[96.09884,21.37826],[96.09826,21.37771],[96.09827,21.37699],[96.09672,21.37721],[96.09605,21.37667],[96.09662,21.37762],[96.09561,21.37698],[96.09489,21.37711],[96.09522,21.37779],[96.09498,21.37901],[96.09373,21.37842],[96.09391,21.37973],[96.09488,21.38014],[96.09482,21.38068],[96.09439,21.38068],[96.09477,21.38159],[96.094,21.38176],[96.094,21.38258],[96.09578,21.38236],[96.09606,21.38439],[96.0949,21.38515],[96.09466,21.38461],[96.09355,21.38479],[96.09388,21.38551],[96.09157,21.38577],[96.09239,21.38582],[96.09205,21.38645],[96.09277,21.38614],[96.09272,21.38677],[96.09205,21.38672],[96.09185,21.38749],[96.09315,21.38795],[96.09295,21.38921],[96.09324,21.38881],[96.09353,21.38921],[96.09435,21.38908],[96.09363,21.3889],[96.0944,21.3885],[96.09417,21.38705],[96.0932,21.38655],[96.09402,21.38682],[96.09418,21.38506],[96.09436,21.38597],[96.09509,21.38592],[96.09504,21.38692],[96.09441,21.387],[96.09445,21.38746],[96.09518,21.38764],[96.09537,21.38714],[96.09653,21.38765],[96.09706,21.38643],[96.09691,21.38738],[96.09745,21.38693],[96.09846,21.38725],[96.09793,21.38743],[96.09821,21.38815],[96.09884,21.38725],[96.10107,21.38676],[96.10106,21.38717],[96.10034,21.38694],[96.10048,21.38721],[96.09923,21.38739],[96.09899,21.38784],[96.09913,21.38842],[96.09966,21.38838],[96.09989,21.39028],[96.09955,21.39118],[96.10056,21.39123],[96.1009,21.39028],[96.10216,21.39024],[96.1024,21.39097],[96.10302,21.39102],[96.10312,21.39187],[96.10209,21.39354],[96.10128,21.3934],[96.10166,21.39404],[96.10113,21.3939],[96.10079,21.39476],[96.10146,21.39503],[96.10137,21.39449],[96.10277,21.39318],[96.10287,21.39368],[96.10214,21.39417],[96.10252,21.39512],[96.10252,21.3944],[96.10397,21.39405],[96.10296,21.39404],[96.10374,21.39337],[96.1045,21.39436],[96.10368,21.39572],[96.10387,21.39635],[96.10449,21.39608],[96.10435,21.3954],[96.10532,21.39559],[96.10484,21.39504],[96.10522,21.39477],[96.10628,21.39505],[96.10657,21.39595],[96.10672,21.39555],[96.10705,21.396],[96.10763,21.39555],[96.10638,21.39514],[96.10677,21.39474],[96.10576,21.39387],[96.10644,21.39369],[96.10595,21.39351],[96.10639,21.39324],[96.10581,21.39306],[96.10571,21.39342],[96.10552,21.3927],[96.1062,21.39229],[96.1062,21.39279],[96.10663,21.39275],[96.10683,21.39221],[96.10611,21.39175],[96.10683,21.39184],[96.10712,21.3913],[96.10539,21.39112],[96.10548,21.39184],[96.1048,21.3922],[96.10547,21.39365],[96.10547,21.39369]],[[96.09616,21.38462],[96.09597,21.3824],[96.09675,21.38214],[96.09593,21.38195],[96.09588,21.38127],[96.0967,21.38119],[96.097,21.38006],[96.09869,21.3797],[96.09868,21.38074],[96.09801,21.38097],[96.09824,21.38169],[96.09767,21.38164],[96.09723,21.38241],[96.09804,21.3835],[96.09795,21.38277],[96.09867,21.38282],[96.09873,21.38129],[96.09955,21.38133],[96.09973,21.3831],[96.09905,21.38386],[96.09992,21.38387],[96.10002,21.3845],[96.09944,21.38459],[96.09953,21.38508],[96.09871,21.38494],[96.09862,21.38449],[96.09703,21.38417],[96.0979,21.38399],[96.09756,21.38372],[96.09635,21.38462],[96.09616,21.38462]]],[[[96.09591,21.39668],[96.09702,21.39573],[96.09707,21.3946],[96.09645,21.39456],[96.0964,21.39415],[96.09664,21.39365],[96.09746,21.39384],[96.0964,21.39356],[96.09694,21.39284],[96.09471,21.39378],[96.09461,21.39459],[96.09505,21.39401],[96.09557,21.39523],[96.09205,21.39621],[96.09287,21.39644],[96.09475,21.39563],[96.09639,21.39555],[96.09644,21.39605],[96.09562,21.39636],[96.09586,21.39668],[96.09591,21.39668]]],[[[96.2258,21.39721],[96.22585,21.39663],[96.22682,21.3965],[96.22774,21.39555],[96.22745,21.39483],[96.22818,21.39469],[96.22808,21.39415],[96.22746,21.39428],[96.2275,21.39469],[96.22678,21.39451],[96.22673,21.39582],[96.22547,21.39626],[96.22359,21.39549],[96.2235,21.39486],[96.22215,21.39521],[96.22393,21.39599],[96.22441,21.39671],[96.22528,21.39653],[96.22566,21.39721],[96.2258,21.39721]]],[[[96.11062,21.39696],[96.11129,21.39665],[96.11173,21.39548],[96.11057,21.39602],[96.1112,21.3953],[96.11077,21.39484],[96.11005,21.39502],[96.10951,21.39588],[96.10979,21.39737],[96.11057,21.39696],[96.11062,21.39696]]],[[[96.01544,21.39795],[96.01704,21.39701],[96.01709,21.39629],[96.01752,21.37849],[96.01656,21.3779],[96.0159,21.38381],[96.01591,21.39136],[96.01557,21.39199],[96.01369,21.39257],[96.01535,21.39795],[96.01544,21.39795]]],[[[95.93074,21.39817],[95.93224,21.39709],[95.93133,21.39605],[95.93072,21.39378],[95.93028,21.39378],[95.93048,21.39306],[95.93019,21.39319],[95.92991,21.39161],[95.92929,21.3912],[95.92769,21.39142],[95.92672,21.39295],[95.92812,21.39214],[95.92807,21.39291],[95.92764,21.39264],[95.92705,21.39327],[95.92595,21.39326],[95.92705,21.39453],[95.92758,21.39436],[95.92748,21.39476],[95.9293,21.39644],[95.92968,21.39744],[95.93089,21.39753],[95.93026,21.39794],[95.9306,21.39817],[95.93074,21.39817]]],[[[96.11308,21.39725],[96.11371,21.3963],[96.11413,21.39752],[96.11514,21.39829],[96.11582,21.39789],[96.11554,21.39676],[96.11491,21.39676],[96.11511,21.39617],[96.11424,21.39594],[96.11439,21.39544],[96.11269,21.39616],[96.11236,21.39548],[96.11187,21.39701],[96.11062,21.39696],[96.10974,21.39786],[96.11042,21.39832],[96.1109,21.39746],[96.11109,21.39796],[96.11196,21.3981],[96.11201,21.39738],[96.11293,21.39724],[96.11308,21.39725]]],[[[95.9113,21.39879],[95.91145,21.39698],[95.91073,21.39662],[95.91005,21.39837],[95.9111,21.39879],[95.9113,21.39879]]],[[[96.12393,21.39761],[96.12451,21.39743],[96.12431,21.39887],[96.12518,21.39833],[96.12479,21.39779],[96.12509,21.39716],[96.1247,21.39707],[96.12509,21.39639],[96.12591,21.39657],[96.12625,21.39621],[96.1264,21.39441],[96.12524,21.39436],[96.1251,21.39485],[96.12418,21.39458],[96.12447,21.39553],[96.12509,21.39571],[96.12514,21.39499],[96.12562,21.39567],[96.12514,21.39621],[96.12476,21.39567],[96.12384,21.39589],[96.1234,21.3967],[96.12393,21.39738],[96.12393,21.39761]]],[[[96.22589,21.39907],[96.22662,21.39902],[96.22739,21.39812],[96.22609,21.3983],[96.22556,21.39753],[96.22445,21.39757],[96.22483,21.39866],[96.2258,21.39907],[96.22589,21.39907]]],[[[95.87451,21.39583],[95.87495,21.39593],[95.87437,21.39592],[95.87315,21.39732],[95.87339,21.39768],[95.87242,21.39835],[95.87314,21.39931],[95.876,21.39738],[95.87687,21.39725],[95.87711,21.39761],[95.8763,21.39616],[95.87576,21.39643],[95.87557,21.39593],[95.87601,21.39575],[95.87496,21.39448],[95.87451,21.39574],[95.87451,21.39583]]],[[[96.01509,21.39975],[96.01476,21.39867],[96.0151,21.39795],[96.01453,21.39659],[96.01418,21.39912],[96.01365,21.39966],[96.01471,21.39975],[96.01509,21.39975]]],[[[96.15165,21.39988],[96.1519,21.39916],[96.15127,21.39938],[96.15146,21.39911],[96.15079,21.39857],[96.14997,21.39852],[96.15012,21.39816],[96.15084,21.3983],[96.15079,21.39767],[96.15181,21.39695],[96.15147,21.39681],[96.15172,21.39523],[96.15109,21.3955],[96.15095,21.39478],[96.15109,21.39663],[96.15022,21.39635],[96.15022,21.3955],[96.15071,21.39532],[96.14989,21.39486],[96.15023,21.39446],[96.14835,21.39427],[96.14825,21.39373],[96.14729,21.39435],[96.14632,21.39394],[96.14526,21.39462],[96.14598,21.39471],[96.14531,21.39493],[96.14574,21.39588],[96.14434,21.39583],[96.14414,21.39728],[96.14515,21.39706],[96.14438,21.39791],[96.1464,21.3981],[96.14679,21.39774],[96.14727,21.39828],[96.1479,21.39752],[96.14766,21.39811],[96.14819,21.39815],[96.14823,21.39897],[96.14915,21.39798],[96.14915,21.39861],[96.15035,21.3992],[96.15011,21.39974],[96.15103,21.39952],[96.15151,21.39988],[96.15165,21.39988]]],[[[96.09097,21.40032],[96.09126,21.39987],[96.09092,21.39973],[96.09136,21.39955],[96.09035,21.3995],[96.08944,21.39814],[96.0889,21.39895],[96.08871,21.39841],[96.08799,21.39845],[96.08813,21.39895],[96.08885,21.39904],[96.0889,21.39958],[96.09054,21.39982],[96.09073,21.40032],[96.09097,21.40032]]],[[[96.22262,21.39847],[96.22286,21.39743],[96.22189,21.39829],[96.22131,21.39819],[96.22165,21.39756],[96.22059,21.39756],[96.22136,21.39797],[96.2204,21.39792],[96.22011,21.39873],[96.21875,21.39927],[96.21885,21.39999],[96.21957,21.39999],[96.21947,21.40081],[96.22024,21.40058],[96.22078,21.40018],[96.22054,21.39959],[96.21943,21.39986],[96.22015,21.39878],[96.22262,21.39851],[96.22262,21.39847]]],[[[95.93183,21.4017],[95.93202,21.40129],[95.9327,21.40147],[95.93145,21.40002],[95.93214,21.39863],[95.929,21.39888],[95.92967,21.39911],[95.92996,21.4001],[95.92962,21.40069],[95.92938,21.40046],[95.92952,21.40119],[95.92981,21.40074],[95.93,21.40114],[95.93072,21.40106],[95.93092,21.40038],[95.93145,21.40043],[95.9312,21.40124],[95.93169,21.40102],[95.93168,21.40169],[95.93183,21.4017]]],[[[96.14094,21.40183],[96.1419,21.40111],[96.1421,21.40025],[96.14306,21.40048],[96.14379,21.40008],[96.14331,21.39913],[96.14384,21.39877],[96.14317,21.39881],[96.14356,21.39845],[96.14317,21.3984],[96.14332,21.39782],[96.14259,21.39872],[96.14254,21.39994],[96.14143,21.40002],[96.14095,21.39957],[96.14161,21.40088],[96.14089,21.4007],[96.14084,21.40183],[96.14094,21.40183]]],[[[96.11976,21.40116],[96.1199,21.40175],[96.12082,21.40139],[96.12029,21.40084],[96.12212,21.40148],[96.12141,21.40035],[96.12208,21.40062],[96.12199,21.40004],[96.12295,21.4],[96.12252,21.39972],[96.12237,21.40004],[96.1218,21.3994],[96.12257,21.3995],[96.12204,21.39868],[96.1232,21.39837],[96.12229,21.39782],[96.12089,21.39777],[96.12176,21.39733],[96.12359,21.39824],[96.12397,21.39774],[96.12123,21.39592],[96.11969,21.39601],[96.11931,21.3956],[96.11911,21.39641],[96.11804,21.39736],[96.11954,21.39781],[96.1192,21.39736],[96.11992,21.39718],[96.12012,21.39777],[96.12084,21.39795],[96.12026,21.39863],[96.12069,21.3985],[96.12098,21.39899],[96.11992,21.3989],[96.11929,21.39826],[96.11862,21.39858],[96.11857,21.39772],[96.11683,21.39952],[96.11783,21.40151],[96.11749,21.40183],[96.11802,21.40187],[96.11827,21.4012],[96.11923,21.4017],[96.11952,21.40116],[96.11919,21.40057],[96.11972,21.40066],[96.11967,21.40116],[96.11976,21.40116]]],[[[95.92372,21.40251],[95.92488,21.40207],[95.92412,21.39944],[95.9235,21.39948],[95.92358,21.40102],[95.92402,21.40107],[95.92339,21.40129],[95.92339,21.40188],[95.92387,21.40202],[95.92339,21.40206],[95.92367,21.40251],[95.92372,21.40251]]],[[[96.10431,21.40417],[96.10499,21.40385],[96.10427,21.40313],[96.10446,21.40268],[96.10504,21.40304],[96.10475,21.40232],[96.10365,21.40218],[96.10393,21.40281],[96.1035,21.40312],[96.10282,21.40249],[96.10292,21.40339],[96.10426,21.40417],[96.10431,21.40417]]],[[[96.10175,21.40434],[96.102,21.4028],[96.10119,21.40221],[96.10172,21.40199],[96.1011,21.40063],[96.10037,21.40027],[96.10029,21.39864],[96.09903,21.39881],[96.09956,21.39855],[96.09913,21.39814],[96.09971,21.39791],[96.09932,21.398],[96.09923,21.39723],[96.0986,21.39759],[96.09817,21.39709],[96.09807,21.39822],[96.0971,21.39844],[96.09681,21.39935],[96.09609,21.39921],[96.09662,21.39908],[96.09628,21.39826],[96.09556,21.39835],[96.09589,21.39961],[96.09637,21.39975],[96.09603,21.40025],[96.09565,21.39952],[96.0956,21.40047],[96.09502,21.40047],[96.0956,21.39925],[96.09474,21.39758],[96.09488,21.39993],[96.09415,21.40001],[96.09434,21.40096],[96.09381,21.40164],[96.09472,21.40169],[96.09492,21.40119],[96.09521,21.40173],[96.09598,21.40169],[96.09588,21.40219],[96.09627,21.40183],[96.09627,21.40034],[96.09718,21.40174],[96.09661,21.39984],[96.09739,21.39962],[96.09749,21.39858],[96.09865,21.39872],[96.09845,21.3999],[96.09907,21.40053],[96.09902,21.40125],[96.09834,21.40112],[96.09768,21.3998],[96.09719,21.4003],[96.09767,21.40134],[96.09902,21.40134],[96.09931,21.40198],[96.09951,21.40026],[96.10009,21.40022],[96.09984,21.40044],[96.10076,21.40099],[96.10051,21.40212],[96.10099,21.40207],[96.10181,21.40298],[96.10171,21.40434],[96.10175,21.40434]]],[[[96.14956,21.40448],[96.15014,21.40363],[96.14985,21.40295],[96.14952,21.40295],[96.1498,21.40376],[96.14942,21.40313],[96.14889,21.40358],[96.1486,21.4033],[96.15,21.40204],[96.14923,21.40231],[96.14875,21.40186],[96.14899,21.40245],[96.14841,21.40249],[96.14874,21.40299],[96.14778,21.40375],[96.14869,21.40403],[96.14922,21.40362],[96.14951,21.40448],[96.14956,21.40448]]],[[[96.09452,21.40372],[96.09495,21.40462],[96.09568,21.40454],[96.09558,21.40327],[96.09529,21.40363],[96.0951,21.40336],[96.09516,21.40201],[96.09438,21.40227],[96.09452,21.40363],[96.09385,21.40272],[96.09374,21.40534],[96.09476,21.40449],[96.09452,21.40395],[96.09452,21.40372]]],[[[96.04174,21.40552],[96.04295,21.40499],[96.04262,21.40331],[96.0418,21.40354],[96.04164,21.40552],[96.04174,21.40552]]],[[[96.09803,21.40586],[96.10002,21.40474],[96.10041,21.40406],[96.10127,21.40429],[96.1007,21.40352],[96.10075,21.40257],[96.10012,21.40248],[96.09789,21.40586],[96.09803,21.40586]]],[[[96.21845,21.4018],[96.21846,21.40121],[96.21792,21.40152],[96.21735,21.40098],[96.21739,21.40166],[96.21696,21.40166],[96.21663,21.40012],[96.21653,21.40057],[96.2159,21.40061],[96.21536,21.40283],[96.2158,21.40301],[96.21593,21.40603],[96.21632,21.40459],[96.21599,21.40369],[96.21691,21.40288],[96.21614,21.40247],[96.21705,21.40256],[96.2171,21.40202],[96.21788,21.40175],[96.21845,21.40193],[96.21845,21.4018]]],[[[96.12292,21.40695],[96.12316,21.40632],[96.12239,21.40609],[96.12235,21.40492],[96.12182,21.40532],[96.12138,21.40509],[96.12162,21.40582],[96.12109,21.40573],[96.1211,21.40473],[96.11989,21.40531],[96.12017,21.40608],[96.12071,21.40581],[96.12061,21.40627],[96.12162,21.40622],[96.12258,21.40695],[96.12292,21.40695]]],[[[96.14873,21.40696],[96.15037,21.40665],[96.15134,21.40535],[96.15173,21.40535],[96.15148,21.40571],[96.15211,21.40558],[96.15255,21.40522],[96.15226,21.4044],[96.15269,21.40422],[96.15284,21.4049],[96.15308,21.40409],[96.15139,21.4044],[96.1497,21.40611],[96.14834,21.40669],[96.14863,21.40696],[96.14873,21.40696]]],[[[96.11502,21.40335],[96.11459,21.40326],[96.11518,21.40168],[96.1146,21.40181],[96.1143,21.40263],[96.11393,21.40118],[96.11301,21.4014],[96.11324,21.40258],[96.11281,21.40257],[96.11267,21.40194],[96.11238,21.40235],[96.11267,21.40135],[96.11064,21.40135],[96.11059,21.40293],[96.11093,21.40275],[96.11117,21.40329],[96.10991,21.40428],[96.10995,21.40586],[96.10913,21.40608],[96.10865,21.40567],[96.1085,21.40689],[96.10985,21.40694],[96.11115,21.40578],[96.11212,21.40564],[96.11212,21.40465],[96.11164,21.40515],[96.11116,21.40487],[96.11126,21.40438],[96.11179,21.40438],[96.11131,21.40356],[96.11204,21.40244],[96.11247,21.4028],[96.11217,21.40415],[96.11406,21.40375],[96.1143,21.40267],[96.1143,21.40371],[96.11502,21.4034],[96.11502,21.40335]]],[[[96.09055,21.40723],[96.0908,21.40515],[96.09143,21.40438],[96.0909,21.40447],[96.09115,21.40361],[96.09163,21.40398],[96.09221,21.40366],[96.09191,21.40411],[96.09259,21.40502],[96.09224,21.40583],[96.09282,21.40593],[96.09283,21.40367],[96.09356,21.40353],[96.09356,21.40308],[96.09322,21.4034],[96.09284,21.40308],[96.09279,21.40358],[96.09183,21.40271],[96.09119,21.40339],[96.09091,21.40253],[96.09052,21.40293],[96.08922,21.40288],[96.08955,21.40388],[96.08902,21.40374],[96.08969,21.40505],[96.09013,21.40488],[96.08945,21.40451],[96.08989,21.40429],[96.0897,21.40379],[96.091,21.40366],[96.09032,21.40388],[96.09071,21.40406],[96.09032,21.4047],[96.0907,21.40537],[96.08993,21.40587],[96.0906,21.40723],[96.09055,21.40723]]],[[[96.12944,21.40576],[96.12992,21.40504],[96.12799,21.40639],[96.12596,21.40656],[96.12566,21.40854],[96.12639,21.40855],[96.12654,21.40692],[96.12871,21.40666],[96.12944,21.40589],[96.12944,21.40576]]],[[[96.14901,21.40841],[96.1495,21.40764],[96.14988,21.40774],[96.14989,21.40692],[96.1493,21.40778],[96.14877,21.40769],[96.14916,21.4071],[96.14839,21.40732],[96.14829,21.40787],[96.14766,21.40737],[96.148,21.40823],[96.14704,21.40782],[96.14636,21.40885],[96.14901,21.40846],[96.14901,21.40841]]],[[[96.21934,21.40921],[96.22017,21.40817],[96.21983,21.40713],[96.21887,21.40677],[96.21906,21.40785],[96.21794,21.40866],[96.21872,21.40866],[96.219,21.40921],[96.21934,21.40921]]],[[[96.12614,21.40963],[96.12971,21.40833],[96.13025,21.4073],[96.13092,21.40798],[96.13121,21.40744],[96.13059,21.40725],[96.13097,21.40707],[96.13083,21.40658],[96.12692,21.4071],[96.12667,21.40864],[96.12561,21.40913],[96.12575,21.40958],[96.12604,21.40913],[96.12599,21.40963],[96.12614,21.40963]]],[[[96.08378,21.40973],[96.08528,21.40892],[96.08596,21.40915],[96.08451,21.40842],[96.0849,21.4082],[96.08476,21.40716],[96.08418,21.40733],[96.08437,21.4077],[96.08404,21.40751],[96.08384,21.40864],[96.0836,21.40796],[96.08307,21.40796],[96.08321,21.40927],[96.08369,21.40973],[96.08378,21.40973]]],[[[96.11502,21.40335],[96.11517,21.40376],[96.11459,21.40403],[96.1156,21.40408],[96.11545,21.40516],[96.11381,21.40533],[96.11348,21.4042],[96.11391,21.40506],[96.11454,21.40434],[96.11377,21.40398],[96.11299,21.40429],[96.1126,21.40515],[96.11299,21.40605],[96.11366,21.40583],[96.11308,21.4056],[96.11328,21.40533],[96.11569,21.40548],[96.11603,21.40458],[96.11724,21.40463],[96.11834,21.40517],[96.11801,21.40522],[96.11805,21.40653],[96.11955,21.40563],[96.11906,21.40671],[96.12098,21.40821],[96.12098,21.40916],[96.12141,21.40925],[96.12122,21.40871],[96.12166,21.40848],[96.12175,21.40934],[96.12252,21.40966],[96.12324,21.40966],[96.12315,21.40867],[96.12363,21.40872],[96.12373,21.40994],[96.12407,21.40953],[96.12373,21.40935],[96.12431,21.40926],[96.12412,21.40863],[96.12335,21.4084],[96.12238,21.40898],[96.12219,21.40853],[96.12286,21.40835],[96.12215,21.40681],[96.11979,21.40622],[96.1195,21.40531],[96.11989,21.40437],[96.11859,21.40341],[96.11864,21.40296],[96.11729,21.40327],[96.11772,21.40409],[96.11691,21.40336],[96.1156,21.40353],[96.1158,21.40313],[96.11691,21.40304],[96.11589,21.4029],[96.11628,21.40268],[96.11599,21.40241],[96.11502,21.40331],[96.11502,21.40335]]],[[[95.99164,21.41021],[95.99113,21.40687],[95.99147,21.40606],[95.99119,21.40556],[95.99157,21.40543],[95.99119,21.40484],[95.99032,21.40488],[95.99012,21.40596],[95.99075,21.40687],[95.99036,21.40696],[95.9902,21.4093],[95.9914,21.41021],[95.99164,21.41021]]],[[[95.93549,21.4103],[95.93574,21.40976],[95.93636,21.41003],[95.93637,21.40953],[95.93584,21.40822],[95.93502,21.40808],[95.93463,21.40894],[95.93501,21.40957],[95.93458,21.40907],[95.93453,21.40975],[95.93535,21.4103],[95.93549,21.4103]]],[[[96.10371,21.409],[96.10439,21.40896],[96.10409,21.40945],[96.10486,21.41036],[96.10646,21.40991],[96.10535,21.40973],[96.10559,21.40946],[96.10506,21.40927],[96.1053,21.40846],[96.10492,21.40823],[96.10424,21.40873],[96.1042,21.40769],[96.10579,21.4081],[96.10492,21.40769],[96.10488,21.40715],[96.10329,21.4071],[96.104,21.40787],[96.1028,21.408],[96.10304,21.40701],[96.10261,21.40701],[96.10251,21.40863],[96.10173,21.40912],[96.10202,21.40962],[96.10158,21.41039],[96.10245,21.41026],[96.10212,21.40913],[96.10285,21.40832],[96.10381,21.40832],[96.10328,21.40913],[96.10371,21.40909],[96.10371,21.409]]],[[[96.08764,21.4097],[96.08822,21.4102],[96.08875,21.40952],[96.08713,21.4064],[96.08742,21.4069],[96.0865,21.4068],[96.08654,21.40739],[96.08717,21.40717],[96.0876,21.40785],[96.08789,21.40758],[96.08727,21.40803],[96.08774,21.40907],[96.08721,21.40929],[96.08759,21.41015],[96.08721,21.41037],[96.08783,21.41133],[96.08822,21.41083],[96.08764,21.4101],[96.08764,21.4097]]],[[[96.10804,21.412],[96.10925,21.41132],[96.10915,21.41065],[96.10838,21.41087],[96.10795,21.41037],[96.10848,21.41015],[96.10742,21.41059],[96.10698,21.41028],[96.10674,21.4114],[96.10741,21.41145],[96.10702,21.41199],[96.10833,21.41132],[96.10804,21.41173],[96.10804,21.412]]],[[[96.20727,21.41323],[96.20813,21.41315],[96.20761,21.41201],[96.20819,21.41102],[96.20786,21.41043],[96.20742,21.41075],[96.20767,21.40967],[96.20708,21.41052],[96.20732,21.41197],[96.20659,21.4121],[96.20722,21.4126],[96.2064,21.41251],[96.20722,21.41323],[96.20727,21.41323]]],[[[96.12897,21.41366],[96.1296,21.41335],[96.12941,21.4115],[96.12989,21.41123],[96.12917,21.41104],[96.12922,21.41],[96.1271,21.41036],[96.12643,21.40981],[96.12623,21.41031],[96.1257,21.40972],[96.12565,21.41076],[96.12662,21.41054],[96.12705,21.4114],[96.12782,21.4114],[96.1269,21.41171],[96.12662,21.41099],[96.12555,21.41107],[96.12545,21.41306],[96.12757,21.41293],[96.12762,21.41348],[96.12887,21.41366],[96.12897,21.41366]]],[[[96.10804,21.412],[96.10678,21.41339],[96.10861,21.41299],[96.10909,21.41381],[96.10876,21.41286],[96.10939,21.41245],[96.10982,21.41304],[96.11006,21.41259],[96.11035,21.41291],[96.11059,21.41196],[96.10939,21.41182],[96.1089,21.41254],[96.10876,21.41204],[96.10804,21.41218],[96.10804,21.412]]],[[[96.09622,21.41104],[96.09704,21.41109],[96.09676,21.41073],[96.09729,21.41028],[96.0982,21.41083],[96.0983,21.41006],[96.09854,21.41092],[96.09999,21.41061],[96.09956,21.40975],[96.09869,21.40993],[96.09855,21.40947],[96.09859,21.40997],[96.09787,21.40988],[96.09782,21.40924],[96.09864,21.40911],[96.0986,21.40807],[96.09908,21.40798],[96.09827,21.40753],[96.09856,21.40663],[96.09798,21.40644],[96.09982,21.40582],[96.10054,21.40587],[96.10068,21.40659],[96.10223,21.4066],[96.10199,21.40601],[96.10102,21.40605],[96.10117,21.40564],[96.10194,21.4056],[96.10282,21.40416],[96.1021,21.40163],[96.10292,21.40168],[96.10216,21.40104],[96.10293,21.40032],[96.10207,21.39941],[96.10198,21.39824],[96.10246,21.39838],[96.10255,21.39901],[96.10371,21.39892],[96.10289,21.3991],[96.10274,21.39964],[96.10303,21.39919],[96.10318,21.39964],[96.10424,21.39938],[96.10361,21.40005],[96.10389,21.40145],[96.10302,21.40163],[96.10297,21.40213],[96.10321,21.40172],[96.10495,21.40196],[96.10481,21.40128],[96.10543,21.40133],[96.10539,21.40092],[96.1049,21.40114],[96.105,21.40069],[96.1064,21.40106],[96.10592,21.40002],[96.10501,21.39979],[96.10631,21.39948],[96.10622,21.39884],[96.10675,21.39889],[96.10664,21.40142],[96.10809,21.40111],[96.10827,21.40292],[96.10741,21.40264],[96.10788,21.40346],[96.10934,21.40116],[96.10905,21.40288],[96.10827,21.40346],[96.10827,21.40396],[96.10851,21.40364],[96.10865,21.40396],[96.10827,21.40459],[96.10981,21.4041],[96.10996,21.40279],[96.11049,21.40261],[96.10987,21.40247],[96.10953,21.40143],[96.10983,21.40058],[96.10944,21.40048],[96.10974,21.39936],[96.10926,21.39922],[96.1094,21.39831],[96.10877,21.39885],[96.10853,21.39858],[96.10941,21.39795],[96.10912,21.39664],[96.10816,21.39641],[96.10787,21.39582],[96.10594,21.39636],[96.10599,21.39577],[96.10512,21.39577],[96.10502,21.39672],[96.1057,21.39694],[96.10584,21.39776],[96.10695,21.3979],[96.10718,21.39862],[96.10477,21.39821],[96.10497,21.39681],[96.10348,21.39689],[96.10387,21.39648],[96.10271,21.39621],[96.10309,21.39806],[96.10371,21.39793],[96.10395,21.39843],[96.10294,21.3986],[96.10213,21.39625],[96.10188,21.3972],[96.10111,21.39729],[96.10078,21.39656],[96.10107,21.39679],[96.10136,21.39611],[96.10054,21.39588],[96.10045,21.39507],[96.1002,21.39719],[96.10039,21.39746],[96.10059,21.39616],[96.10087,21.39792],[96.10039,21.39796],[96.10229,21.40276],[96.10233,21.40398],[96.10151,21.40515],[96.09905,21.4055],[96.0959,21.40747],[96.09692,21.40721],[96.09517,21.40865],[96.09478,21.41045],[96.09599,21.41009],[96.09603,21.4105],[96.09656,21.4105],[96.09511,21.41113],[96.09492,21.41199],[96.09458,21.41181],[96.09482,21.41271],[96.094,21.41289],[96.09414,21.41384],[96.09602,21.41402],[96.09612,21.41321],[96.09631,21.41398],[96.09679,21.41403],[96.09694,21.4129],[96.09737,21.41295],[96.09746,21.41408],[96.09799,21.41394],[96.09761,21.41372],[96.098,21.41327],[96.09838,21.41367],[96.09848,21.41273],[96.09916,21.41223],[96.09694,21.41227],[96.09626,21.41317],[96.09593,21.41276],[96.09646,21.41222],[96.09622,21.41109],[96.09622,21.41104]]],[[[96.15005,21.41433],[96.15058,21.41415],[96.15072,21.41348],[96.15121,21.41379],[96.15101,21.41334],[96.15199,21.41145],[96.15189,21.41104],[96.15112,21.41095],[96.15112,21.41045],[96.15021,21.41081],[96.14982,21.41036],[96.15011,21.41094],[96.15141,21.41136],[96.15054,21.4114],[96.15063,21.4123],[96.15015,21.41266],[96.15073,21.41271],[96.15077,21.41316],[96.15,21.41433],[96.15005,21.41433]]],[[[96.11661,21.41452],[96.11705,21.41416],[96.11666,21.4142],[96.11628,21.41302],[96.11783,21.41321],[96.1185,21.41236],[96.12078,21.4116],[96.12102,21.41042],[96.12073,21.41015],[96.11972,21.41096],[96.11793,21.411],[96.11759,21.41158],[96.11707,21.40923],[96.11644,21.40923],[96.11684,21.40815],[96.11597,21.40796],[96.11649,21.40882],[96.11587,21.40923],[96.11597,21.4086],[96.11534,21.40832],[96.11529,21.40778],[96.11602,21.40747],[96.11929,21.40861],[96.11973,21.40843],[96.11959,21.40784],[96.1178,21.40716],[96.11795,21.4068],[96.1168,21.40643],[96.11646,21.40584],[96.11424,21.40565],[96.11419,21.4061],[96.11269,21.40641],[96.11322,21.40669],[96.11284,21.40718],[96.11302,21.40917],[96.11239,21.40867],[96.11104,21.40975],[96.11061,21.40848],[96.10969,21.40857],[96.10969,21.40902],[96.11046,21.40921],[96.11007,21.40966],[96.1106,21.41025],[96.11152,21.41048],[96.11075,21.4107],[96.11151,21.41183],[96.11238,21.4121],[96.11262,21.41134],[96.11373,21.41243],[96.11324,21.41265],[96.1143,21.41293],[96.11392,21.41347],[96.1142,21.41392],[96.11474,21.41297],[96.11503,21.41329],[96.11449,21.41388],[96.11488,21.41437],[96.11613,21.41406],[96.11666,21.41452],[96.11661,21.41452]]],[[[96.11791,21.41515],[96.11845,21.41448],[96.11888,21.41466],[96.11874,21.41407],[96.11989,21.41444],[96.12008,21.41507],[96.12115,21.41476],[96.12023,21.4144],[96.12134,21.41449],[96.12077,21.41381],[96.12023,21.41403],[96.12057,21.41331],[96.1211,21.4134],[96.12145,21.41183],[96.12159,21.41268],[96.12188,21.41169],[96.12232,21.41233],[96.12285,21.41161],[96.12107,21.41092],[96.12106,21.412],[96.11874,21.41263],[96.11855,21.41308],[96.11898,21.41331],[96.11696,21.41343],[96.11748,21.41447],[96.11801,21.41443],[96.11772,21.41515],[96.11791,21.41515]]],[[[96.10104,21.41287],[96.10103,21.41368],[96.10055,21.41337],[96.09842,21.41471],[96.09814,21.41435],[96.09751,21.41462],[96.09761,21.41421],[96.09659,21.41457],[96.09731,21.41489],[96.09702,21.41525],[96.09785,21.41471],[96.09852,21.41516],[96.10002,21.41395],[96.10185,21.41391],[96.10273,21.41288],[96.10181,21.41211],[96.10225,21.41157],[96.10162,21.41134],[96.10099,21.4126],[96.10027,21.41233],[96.09925,21.41268],[96.10075,21.41287],[96.10104,21.41287]]],[[[96.14541,21.41558],[96.14522,21.41386],[96.14576,21.41359],[96.14523,21.41346],[96.14504,21.41264],[96.14421,21.41426],[96.14497,21.41558],[96.14541,21.41558]]],[[[96.11169,21.41599],[96.11198,21.41459],[96.11261,21.41509],[96.11257,21.4136],[96.11338,21.41387],[96.11305,21.41324],[96.11213,21.41373],[96.11218,21.41314],[96.11184,21.41314],[96.11184,21.41359],[96.11092,21.41391],[96.11087,21.41436],[96.1115,21.41418],[96.11121,21.41463],[96.10933,21.4148],[96.10942,21.41535],[96.11029,21.41476],[96.11126,21.41499],[96.11164,21.41599],[96.11169,21.41599]]],[[[96.20923,21.41658],[96.20976,21.41609],[96.20943,21.41523],[96.20991,21.41573],[96.21131,21.41424],[96.21059,21.41406],[96.21073,21.41474],[96.20991,21.41473],[96.2102,21.41415],[96.2089,21.41396],[96.20905,21.41346],[96.20847,21.41306],[96.20918,21.41658],[96.20923,21.41658]]],[[[95.95325,21.41698],[95.9535,21.41662],[95.95441,21.4169],[95.95553,21.41605],[95.95287,21.41585],[95.95239,21.41693],[95.95316,21.41698],[95.95325,21.41698]]],[[[96.21169,21.4174],[96.21241,21.41695],[96.21198,21.41677],[96.21222,21.41632],[96.21314,21.41651],[96.21295,21.41461],[96.21204,21.4146],[96.2129,21.41506],[96.21285,21.41547],[96.21189,21.41492],[96.21145,21.4174],[96.21169,21.4174]]],[[[96.20802,21.41789],[96.2086,21.4164],[96.20856,21.41486],[96.20803,21.41445],[96.20808,21.4136],[96.20741,21.41359],[96.20741,21.414],[96.20673,21.4135],[96.20663,21.41431],[96.20788,21.41518],[96.20697,21.41463],[96.20643,21.4158],[96.20822,21.41631],[96.20624,21.41617],[96.20624,21.41698],[96.20744,21.41725],[96.20773,21.41694],[96.20812,21.41744],[96.20778,21.41789],[96.20802,21.41789]]],[[[96.21168,21.41817],[96.21386,21.41705],[96.21439,21.41719],[96.21405,21.4166],[96.21492,21.41633],[96.21488,21.41565],[96.21435,21.41588],[96.21473,21.41525],[96.21396,21.41524],[96.2143,21.41543],[96.21415,21.41642],[96.21343,21.41565],[96.21333,21.41687],[96.21154,21.41767],[96.21159,21.41817],[96.21168,21.41817]]],[[[96.20946,21.41911],[96.21014,21.41794],[96.21019,21.41871],[96.2113,21.41822],[96.2113,21.41767],[96.21038,21.41781],[96.21053,21.41672],[96.20942,21.41681],[96.20884,21.41753],[96.20932,21.41911],[96.20946,21.41911]]],[[[96.21424,21.41931],[96.2153,21.41782],[96.21617,21.41778],[96.21617,21.41706],[96.21728,21.41733],[96.21767,21.41666],[96.2168,21.41692],[96.21647,21.41652],[96.21444,21.41777],[96.21361,21.41854],[96.21409,21.41931],[96.21424,21.41931]]],[[[95.9351,21.41933],[95.93544,21.41915],[95.93477,21.41797],[95.9355,21.41694],[95.93589,21.41735],[95.93584,21.41644],[95.93396,21.41688],[95.93463,21.4172],[95.93438,21.41919],[95.93496,21.41897],[95.93505,21.41933],[95.9351,21.41933]]],[[[96.1719,21.41473],[96.17214,21.41451],[96.17069,21.41486],[96.17103,21.41536],[96.17054,21.41567],[96.17011,21.41563],[96.17045,21.41513],[96.17006,21.41509],[96.16963,21.41576],[96.1704,21.41604],[96.17106,21.41794],[96.17155,21.41785],[96.1714,21.41866],[96.17193,21.41871],[96.17077,21.41947],[96.17236,21.41966],[96.1726,21.41916],[96.17222,21.41875],[96.1727,21.41862],[96.17198,21.41862],[96.17275,21.41803],[96.17213,21.41753],[96.17256,21.41731],[96.17213,21.41627],[96.17296,21.41559],[96.17204,21.41536],[96.17209,21.41491],[96.17127,21.41518],[96.17161,21.41473],[96.1719,21.41473]]],[[[95.99377,21.40919],[95.99285,21.40968],[95.99406,21.40977],[95.99343,21.40982],[95.99386,21.41027],[95.99328,21.41018],[95.99289,21.41117],[95.99318,21.41149],[95.99265,21.41148],[95.99177,21.41315],[95.99211,21.4132],[95.992,21.41509],[95.99514,21.41421],[95.99489,21.41565],[95.99533,21.41597],[95.99465,21.41633],[95.99465,21.41687],[95.99421,21.41682],[95.99483,21.41768],[95.99324,21.41813],[95.99362,21.41881],[95.99396,21.41867],[95.99323,21.41921],[95.99347,21.4198],[95.99477,21.42017],[95.9956,21.41949],[95.99482,21.41954],[95.99507,21.41868],[95.99608,21.41913],[96.00043,21.41726],[96.00198,21.41704],[96.0018,21.41342],[95.99954,21.41201],[95.99901,21.41296],[95.99664,21.41326],[95.99554,21.41145],[95.99588,21.41105],[95.9957,21.40874],[95.99527,21.40861],[95.99531,21.40946],[95.99479,21.40887],[95.99488,21.40973],[95.99469,21.40933],[95.9942,21.40968],[95.99454,21.40928],[95.99425,21.40901],[95.99392,21.40919],[95.99377,21.40919]]],[[[96.08759,21.42045],[96.08836,21.42018],[96.08793,21.41946],[96.0888,21.41933],[96.08784,21.41819],[96.0889,21.41856],[96.08862,21.41743],[96.08741,21.41787],[96.08784,21.41941],[96.08682,21.41963],[96.08754,21.42045],[96.08759,21.42045]]],[[[96.07915,21.42059],[96.07939,21.41965],[96.07901,21.41919],[96.07679,21.41986],[96.07683,21.42036],[96.07838,21.42059],[96.07915,21.42059]]],[[[96.14678,21.42137],[96.14665,21.41811],[96.14564,21.41811],[96.14631,21.41856],[96.14559,21.41861],[96.14549,21.41937],[96.1454,21.41829],[96.14496,21.41815],[96.1454,21.41761],[96.14448,21.41761],[96.14472,21.4182],[96.14409,21.41819],[96.144,21.41883],[96.14452,21.42014],[96.14515,21.42023],[96.14554,21.41969],[96.14544,21.42014],[96.14673,21.42137],[96.14678,21.42137]]],[[[96.14924,21.42088],[96.14847,21.42128],[96.15006,21.42102],[96.14973,21.42025],[96.15007,21.42007],[96.14969,21.41953],[96.14959,21.42016],[96.14905,21.42034],[96.14911,21.41934],[96.14819,21.41889],[96.14852,21.42056],[96.1493,21.42043],[96.14925,21.42079],[96.14924,21.42088]]],[[[96.1092,21.4223],[96.1105,21.421],[96.11209,21.42177],[96.11258,21.42132],[96.11166,21.42082],[96.11234,21.42091],[96.11369,21.4197],[96.11307,21.41929],[96.11287,21.41979],[96.1122,21.41978],[96.11186,21.4206],[96.11118,21.4201],[96.11007,21.42099],[96.10969,21.42032],[96.11056,21.42041],[96.10954,21.41995],[96.10939,21.42126],[96.10833,21.42194],[96.10934,21.4218],[96.109,21.4223],[96.1092,21.4223]]],[[[96.08024,21.42331],[96.08121,21.4225],[96.08073,21.42254],[96.08112,21.42205],[96.08228,21.42192],[96.08223,21.42142],[96.08044,21.42182],[96.08093,21.42074],[96.08001,21.42155],[96.07953,21.42218],[96.08063,21.42259],[96.0802,21.42331],[96.08024,21.42331]]],[[[96.07533,21.42261],[96.07374,21.42233],[96.07364,21.42319],[96.07292,21.42242],[96.073,21.42414],[96.07363,21.42409],[96.07378,21.42337],[96.07431,21.42405],[96.07493,21.42396],[96.07422,21.4227],[96.07484,21.42292],[96.07532,21.42388],[96.07604,21.42374],[96.07581,21.42325],[96.07735,21.42348],[96.07861,21.4224],[96.07866,21.42168],[96.07982,21.42109],[96.07924,21.42078],[96.07837,21.42118],[96.07688,21.42063],[96.07673,21.42176],[96.07567,21.42221],[96.07706,21.42266],[96.07533,21.42257],[96.07533,21.42261]]],[[[95.96836,21.42419],[95.96967,21.42384],[95.97006,21.42321],[95.97184,21.42358],[95.97257,21.42259],[95.973,21.42277],[95.97261,21.42304],[95.97334,21.423],[95.97329,21.42264],[95.97411,21.42291],[95.97445,21.42237],[95.9744,21.42278],[95.97479,21.42237],[95.97517,21.42274],[95.97518,21.42206],[95.97392,21.42251],[95.97353,21.42232],[95.97383,21.42196],[95.97291,21.42191],[95.97334,21.4221],[95.973,21.42223],[95.97214,21.42155],[95.97098,21.42163],[95.96895,21.42334],[95.9674,21.42347],[95.96745,21.42392],[95.96831,21.42419],[95.96836,21.42419]]],[[[96.12351,21.42484],[96.12439,21.42349],[96.124,21.42331],[96.12381,21.42399],[96.12332,21.42394],[96.12333,21.42182],[96.12275,21.42199],[96.12318,21.42281],[96.12193,21.42294],[96.12294,21.42362],[96.12337,21.42484],[96.12351,21.42484]]],[[[96.02051,21.42535],[96.02167,21.42508],[96.02139,21.42205],[96.01989,21.42322],[96.02031,21.42535],[96.02051,21.42535]]],[[[96.20727,21.42304],[96.20693,21.42529],[96.20611,21.42547],[96.20615,21.42592],[96.20514,21.42538],[96.20548,21.42624],[96.20654,21.4261],[96.20717,21.42511],[96.20794,21.42512],[96.20828,21.42575],[96.20828,21.42453],[96.20727,21.42376],[96.20766,21.42367],[96.20752,21.42304],[96.20727,21.42304]]],[[[96.07873,21.42633],[96.07985,21.42597],[96.07999,21.42539],[96.07951,21.42507],[96.08009,21.42503],[96.08,21.42439],[96.07961,21.42412],[96.07792,21.42461],[96.07831,21.42393],[96.07788,21.42339],[96.07725,21.42388],[96.07749,21.4247],[96.0771,21.42497],[96.07748,21.42542],[96.0771,21.42524],[96.07642,21.42605],[96.07821,21.42597],[96.07826,21.42511],[96.07893,21.42488],[96.07816,21.42484],[96.07951,21.42466],[96.07903,21.42552],[96.07845,21.42556],[96.07844,21.42633],[96.07873,21.42633]]],[[[96.21296,21.42427],[96.21262,21.42482],[96.21344,21.42423],[96.21364,21.42464],[96.21257,21.42509],[96.21291,21.42549],[96.21257,21.42531],[96.21247,21.42613],[96.21214,21.42536],[96.21156,21.42522],[96.21001,21.42625],[96.21184,21.42635],[96.21175,21.42698],[96.21237,21.42689],[96.21242,21.42617],[96.21324,21.42631],[96.21392,21.42509],[96.2132,21.42491],[96.21397,21.42491],[96.21422,21.42423],[96.21383,21.42378],[96.21335,21.42396],[96.21345,21.42333],[96.21403,21.42328],[96.21321,21.42301],[96.21296,21.424],[96.21296,21.42427]]],[[[96.00168,21.42792],[96.0025,21.4277],[96.00275,21.42671],[96.00145,21.42603],[96.00091,21.42693],[96.00139,21.42792],[96.00168,21.42792]]],[[[96.12229,21.42791],[96.12364,21.42764],[96.12374,21.42697],[96.12432,21.42711],[96.12437,21.42625],[96.12486,21.42607],[96.12413,21.42783],[96.12205,21.42899],[96.122,21.42958],[96.12446,21.42815],[96.12398,21.42805],[96.12495,21.42756],[96.12534,21.42648],[96.12515,21.42449],[96.12438,21.42498],[96.12447,21.42548],[96.12356,21.42525],[96.12316,21.42724],[96.12229,21.42777],[96.12229,21.42791]]],[[[96.20657,21.42985],[96.2073,21.428],[96.20629,21.42741],[96.20663,21.42678],[96.20586,21.42741],[96.20572,21.42682],[96.20518,21.42682],[96.20484,21.42727],[96.20532,21.42849],[96.20581,21.4275],[96.20658,21.42841],[96.20647,21.42985],[96.20657,21.42985]]],[[[96.07427,21.43078],[96.0739,21.42848],[96.07361,21.4278],[96.07346,21.42848],[96.07289,21.42838],[96.07308,21.42748],[96.0727,21.42698],[96.07265,21.42816],[96.07216,21.42865],[96.07298,21.42897],[96.07321,21.43069],[96.07403,21.43078],[96.07427,21.43078]]],[[[96.21057,21.43086],[96.21101,21.43032],[96.21115,21.43073],[96.21168,21.43046],[96.21174,21.42892],[96.21125,21.42897],[96.21155,21.42861],[96.21063,21.42901],[96.21077,21.42978],[96.20976,21.42964],[96.21023,21.43086],[96.21057,21.43086]]],[[[96.07153,21.43036],[96.07124,21.4295],[96.07052,21.42919],[96.07095,21.42874],[96.07028,21.42833],[96.0701,21.42638],[96.06932,21.42769],[96.06917,21.42909],[96.06989,21.42914],[96.0698,21.42859],[96.07023,21.42837],[96.07027,21.4304],[96.07186,21.43113],[96.07157,21.43036],[96.07153,21.43036]]],[[[96.08089,21.43022],[96.08031,21.43022],[96.08032,21.42855],[96.08128,21.42833],[96.0808,21.42733],[96.081,21.42634],[96.0798,21.4262],[96.0796,21.42692],[96.07863,21.42696],[96.07863,21.42755],[96.07907,21.42769],[96.07882,21.42832],[96.07839,21.42782],[96.07704,21.42813],[96.0782,21.42759],[96.07757,21.427],[96.07757,21.42745],[96.07646,21.42745],[96.0755,21.42663],[96.07381,21.42685],[96.07442,21.43006],[96.07524,21.43101],[96.07471,21.43087],[96.07475,21.43187],[96.07624,21.43228],[96.07572,21.43138],[96.07644,21.43147],[96.07616,21.43061],[96.07654,21.43057],[96.07746,21.4308],[96.07673,21.43124],[96.07746,21.43129],[96.0776,21.43215],[96.07789,21.4312],[96.07934,21.43071],[96.07886,21.43012],[96.07838,21.43026],[96.07852,21.43094],[96.07804,21.43039],[96.07804,21.43084],[96.0776,21.4308],[96.07804,21.43003],[96.07775,21.42985],[96.0792,21.42967],[96.07911,21.42868],[96.07949,21.42868],[96.0793,21.42972],[96.07968,21.42972],[96.07992,21.43076],[96.08146,21.43054],[96.08147,21.43005],[96.08098,21.43022],[96.08089,21.43022]]],[[[96.21655,21.43328],[96.21766,21.43247],[96.21935,21.43252],[96.21983,21.43139],[96.21945,21.43189],[96.21824,21.43188],[96.21804,21.43242],[96.21795,21.43152],[96.2167,21.43183],[96.21684,21.43292],[96.21626,21.4326],[96.21621,21.43328],[96.21655,21.43328]]],[[[96.08125,21.43452],[96.08097,21.43208],[96.07889,21.43302],[96.07884,21.43347],[96.07976,21.43338],[96.08111,21.43452],[96.08125,21.43452]]],[[[96.08484,21.43137],[96.0845,21.43132],[96.08435,21.43205],[96.08474,21.4316],[96.08531,21.43309],[96.08661,21.43391],[96.0882,21.43342],[96.08738,21.43323],[96.08715,21.4321],[96.08609,21.43178],[96.08629,21.43106],[96.08672,21.43106],[96.08653,21.43047],[96.08552,21.43074],[96.08716,21.42957],[96.08673,21.42885],[96.08688,21.42781],[96.08664,21.42808],[96.08553,21.42753],[96.08534,21.4269],[96.08476,21.42694],[96.0851,21.42658],[96.08481,21.4264],[96.08245,21.42653],[96.08134,21.42607],[96.08259,21.42671],[96.08365,21.42653],[96.08379,21.4278],[96.08543,21.42762],[96.08431,21.43019],[96.08252,21.43091],[96.08251,21.43294],[96.08173,21.43488],[96.08236,21.43493],[96.08197,21.43456],[96.0829,21.43285],[96.08281,21.43082],[96.08436,21.4306],[96.08585,21.43151],[96.08489,21.43137],[96.08484,21.43137]]],[[[96.10352,21.42801],[96.10401,21.42775],[96.10392,21.42662],[96.1043,21.42752],[96.10512,21.42748],[96.10416,21.42594],[96.10372,21.42643],[96.103,21.42593],[96.10151,21.42593],[96.10079,21.42525],[96.10025,21.42561],[96.09997,21.42533],[96.10084,21.4243],[96.10098,21.42475],[96.10214,21.4248],[96.10166,21.42462],[96.10185,21.42435],[96.10402,21.42535],[96.10417,21.42467],[96.10359,21.42517],[96.10359,21.42472],[96.10238,21.42417],[96.10426,21.4244],[96.1035,21.42377],[96.1036,21.42314],[96.10489,21.42418],[96.10658,21.42414],[96.10629,21.42364],[96.10509,21.4235],[96.10529,21.42287],[96.10591,21.42269],[96.10563,21.42238],[96.10509,21.42274],[96.10548,21.42147],[96.10486,21.4212],[96.10485,21.42251],[96.10384,21.42282],[96.10317,21.42182],[96.10404,21.42156],[96.10384,21.42187],[96.10423,21.42192],[96.10404,21.42092],[96.10327,21.42097],[96.10298,21.42164],[96.10303,21.4206],[96.10235,21.42038],[96.10196,21.42132],[96.10293,21.42119],[96.1034,21.423],[96.10205,21.42281],[96.10167,21.4215],[96.10157,21.42268],[96.10109,21.42308],[96.10066,21.42186],[96.10163,21.42091],[96.10096,21.42028],[96.10071,21.4215],[96.09979,21.42213],[96.09936,21.42136],[96.10032,21.42136],[96.10047,21.42064],[96.09965,21.42014],[96.09931,21.42063],[96.09922,21.41991],[96.09816,21.42076],[96.09825,21.42203],[96.09777,21.42158],[96.09684,21.42248],[96.09641,21.42157],[96.09714,21.42153],[96.09719,21.42035],[96.09782,21.42054],[96.0986,21.41955],[96.09922,21.41959],[96.09899,21.41828],[96.09855,21.41846],[96.09812,21.41769],[96.09947,21.41792],[96.09971,21.41847],[96.10087,21.41879],[96.10058,21.4191],[96.10183,21.41961],[96.10193,21.41911],[96.10255,21.41961],[96.10255,21.4187],[96.10352,21.41853],[96.10361,21.4193],[96.10308,21.41957],[96.10352,21.4197],[96.104,21.41907],[96.10367,21.4183],[96.10372,21.41776],[96.1042,21.41808],[96.10411,21.41727],[96.10483,21.41759],[96.10613,21.417],[96.10695,21.41759],[96.10695,21.41841],[96.10647,21.41809],[96.10613,21.41863],[96.10424,21.41862],[96.10501,21.41921],[96.10835,21.41819],[96.10758,21.41615],[96.10865,21.41606],[96.10946,21.41666],[96.11077,21.41616],[96.10942,21.4162],[96.10932,21.41548],[96.10807,21.41593],[96.10725,21.41493],[96.10802,21.41507],[96.10841,21.41439],[96.10918,21.41471],[96.10933,21.41408],[96.10678,21.4138],[96.10683,21.4129],[96.10553,21.4123],[96.10486,21.41113],[96.10288,21.41048],[96.10259,21.41071],[96.10302,21.41134],[96.10361,21.41071],[96.10384,21.41112],[96.10379,21.41171],[96.10312,21.41189],[96.10364,21.41266],[96.10311,21.41279],[96.10413,21.41293],[96.10399,21.41166],[96.10442,21.41153],[96.10494,21.41329],[96.10557,21.4128],[96.10644,21.41312],[96.10562,21.41312],[96.10533,21.41384],[96.10446,21.41343],[96.10398,21.41383],[96.10234,21.41364],[96.10267,21.41405],[96.1019,21.41405],[96.10044,21.41603],[96.10016,21.41567],[96.10074,21.41486],[96.10026,21.41526],[96.10031,21.41472],[96.09982,21.41512],[96.09958,21.41463],[96.09968,21.41544],[96.09885,21.4158],[96.09987,21.41589],[96.099,21.41634],[96.09909,21.4167],[96.09808,21.41557],[96.09683,21.41552],[96.09842,21.41629],[96.09735,21.41661],[96.09759,21.41719],[96.09697,21.41602],[96.09601,21.41601],[96.09566,21.41691],[96.0961,21.41732],[96.09793,21.41729],[96.09725,21.41932],[96.09681,21.41864],[96.09671,21.42103],[96.0955,21.42102],[96.0956,21.42026],[96.09492,21.42075],[96.09521,21.42143],[96.09463,21.42161],[96.09564,21.42166],[96.09578,21.42243],[96.0966,21.4222],[96.09665,21.42329],[96.09612,21.42311],[96.09587,21.4236],[96.0966,21.42392],[96.09534,21.42396],[96.09534,21.42351],[96.09467,21.42342],[96.09477,21.42292],[96.09366,21.42314],[96.09462,21.42337],[96.09471,21.42473],[96.09491,21.42414],[96.09655,21.42406],[96.09654,21.42478],[96.09606,21.4246],[96.09553,21.42527],[96.09456,21.42509],[96.09514,21.42518],[96.095,21.42563],[96.09606,21.42609],[96.09615,21.4255],[96.09683,21.42541],[96.09716,21.42632],[96.09779,21.426],[96.09784,21.42673],[96.09716,21.42632],[96.09678,21.42659],[96.09658,21.4283],[96.09788,21.42889],[96.09715,21.42948],[96.09715,21.43007],[96.09854,21.43025],[96.09878,21.43107],[96.09791,21.43124],[96.09801,21.43052],[96.09724,21.43025],[96.09738,21.43088],[96.09632,21.43155],[96.09723,21.43192],[96.09761,21.433],[96.09887,21.43369],[96.09886,21.43423],[96.09973,21.43369],[96.10022,21.43401],[96.09939,21.43405],[96.09949,21.43455],[96.0991,21.43432],[96.09982,21.43559],[96.10195,21.43465],[96.10282,21.43474],[96.10258,21.43366],[96.10215,21.43366],[96.10336,21.43312],[96.10278,21.43253],[96.10384,21.43249],[96.10337,21.43109],[96.10462,21.43145],[96.10491,21.43109],[96.10452,21.43091],[96.10482,21.4305],[96.10337,21.43036],[96.10544,21.43024],[96.10506,21.42983],[96.10588,21.42952],[96.1053,21.42915],[96.10467,21.42969],[96.10463,21.4291],[96.10405,21.4291],[96.10385,21.42996],[96.10318,21.42968],[96.1039,21.42942],[96.10366,21.42905],[96.10251,21.42891],[96.10236,21.42946],[96.1014,21.42932],[96.10144,21.43017],[96.10125,21.42923],[96.10198,21.42891],[96.10106,21.42891],[96.10096,21.42931],[96.1,21.42899],[96.09961,21.42881],[96.09986,21.42791],[96.10189,21.42765],[96.10217,21.42828],[96.10159,21.42864],[96.10236,21.42878],[96.10343,21.42801],[96.10352,21.42801]],[[96.10087,21.41761],[96.10232,21.41717],[96.10247,21.41663],[96.10358,21.41663],[96.1029,21.41798],[96.10145,21.4182],[96.10092,21.41761],[96.10087,21.41761]],[[96.10667,21.41628],[96.10633,21.41569],[96.10677,21.41533],[96.106,21.41529],[96.10571,21.41465],[96.10663,21.41429],[96.10576,21.41388],[96.1061,21.41352],[96.10702,21.41393],[96.10687,21.41425],[96.10788,21.41439],[96.10774,21.4148],[96.10696,21.41479],[96.10691,21.41524],[96.10788,21.41579],[96.10672,21.41628],[96.10667,21.41628]]],[[[96.07131,21.43502],[96.07151,21.43438],[96.07069,21.43384],[96.07161,21.43357],[96.07142,21.43172],[96.07055,21.43203],[96.07065,21.43149],[96.06974,21.43121],[96.07031,21.43153],[96.06958,21.43298],[96.0702,21.43501],[96.06957,21.43505],[96.06928,21.43573],[96.0702,21.43519],[96.0702,21.4356],[96.07092,21.43538],[96.07121,21.43614],[96.07111,21.43542],[96.0716,21.43533],[96.07131,21.43515],[96.07131,21.43502]]],[[[96.09305,21.41799],[96.09374,21.41668],[96.09277,21.41636],[96.09359,21.41609],[96.09465,21.41813],[96.09374,21.41551],[96.09376,21.41271],[96.09337,21.41252],[96.09395,21.41135],[96.09332,21.41198],[96.09333,21.41058],[96.0935,21.41578],[96.09317,21.41428],[96.09235,21.41405],[96.09162,21.41464],[96.09123,21.4159],[96.09152,21.41631],[96.09104,21.41653],[96.09113,21.41717],[96.09185,21.41712],[96.09147,21.41735],[96.09131,21.41893],[96.09194,21.4188],[96.09233,21.41803],[96.09232,21.41934],[96.09286,21.41934],[96.09256,21.41984],[96.0914,21.42028],[96.09065,21.41694],[96.09007,21.4168],[96.08992,21.4173],[96.08901,21.41698],[96.08881,21.41756],[96.08929,21.4182],[96.09074,21.41829],[96.0887,21.41978],[96.08928,21.42005],[96.08899,21.42073],[96.0874,21.42054],[96.08585,21.42126],[96.08478,21.42247],[96.08324,21.42215],[96.08401,21.42238],[96.0843,21.42301],[96.08092,21.42372],[96.08092,21.42426],[96.08154,21.42444],[96.08559,21.42428],[96.08482,21.42536],[96.08386,21.42486],[96.08361,21.42558],[96.08424,21.42599],[96.08351,21.4259],[96.08544,21.4264],[96.08501,21.42586],[96.08593,21.42491],[96.08584,21.42401],[96.08661,21.42451],[96.08743,21.42433],[96.08714,21.42501],[96.08776,21.42506],[96.08912,21.42389],[96.08912,21.4243],[96.0896,21.42394],[96.09061,21.42412],[96.08979,21.4247],[96.08983,21.4262],[96.09046,21.42642],[96.0893,21.42701],[96.08978,21.42728],[96.08944,21.42778],[96.08972,21.42863],[96.08833,21.42827],[96.08789,21.42845],[96.08818,21.42903],[96.08745,21.42912],[96.08745,21.42971],[96.08789,21.42939],[96.08827,21.4303],[96.08957,21.42958],[96.08991,21.43017],[96.0903,21.42954],[96.09121,21.43054],[96.09087,21.43153],[96.09,21.43135],[96.09033,21.43261],[96.08941,21.43297],[96.09032,21.43446],[96.08974,21.43478],[96.09022,21.43528],[96.08959,21.43555],[96.09056,21.43591],[96.08993,21.43622],[96.08897,21.43545],[96.08848,21.43559],[96.09041,21.43722],[96.09118,21.43704],[96.09128,21.43646],[96.09185,21.43723],[96.09538,21.43706],[96.09432,21.43548],[96.09495,21.43512],[96.09457,21.43412],[96.09356,21.43389],[96.09342,21.43299],[96.0924,21.43325],[96.09211,21.43289],[96.09207,21.43221],[96.09294,21.43199],[96.09348,21.43091],[96.09261,21.43036],[96.09222,21.43118],[96.09125,21.43122],[96.09117,21.42968],[96.09218,21.42973],[96.09228,21.4291],[96.09426,21.42825],[96.09364,21.42775],[96.09402,21.42694],[96.09446,21.4273],[96.09412,21.42784],[96.09455,21.42784],[96.0946,21.42866],[96.09508,21.42884],[96.09401,21.4291],[96.09401,21.4296],[96.09454,21.43033],[96.09526,21.43028],[96.09546,21.42884],[96.09508,21.42798],[96.09609,21.42798],[96.09639,21.42717],[96.09571,21.4269],[96.09465,21.42726],[96.09519,21.42613],[96.09374,21.42504],[96.09254,21.42463],[96.09258,21.42553],[96.09205,21.42562],[96.09167,21.42507],[96.09099,21.42516],[96.091,21.42421],[96.09317,21.42314],[96.09356,21.42269],[96.09211,21.42336],[96.09342,21.4221],[96.09424,21.42201],[96.09391,21.42138],[96.09436,21.41831],[96.09378,21.41745],[96.09373,21.41804],[96.0931,21.41799],[96.09305,21.41799]],[[96.09239,21.42616],[96.09263,21.42698],[96.09195,21.42756],[96.09079,21.42756],[96.09055,21.42688],[96.09113,21.42652],[96.0906,21.4262],[96.09234,21.42616],[96.09239,21.42616]]],[[[96.08507,21.43345],[96.08574,21.4344],[96.08506,21.43426],[96.08482,21.43467],[96.08444,21.43417],[96.08352,21.43475],[96.08299,21.43326],[96.08294,21.43389],[96.08246,21.43407],[96.0827,21.43502],[96.08385,21.43552],[96.08414,21.43521],[96.08443,21.43575],[96.08775,21.43712],[96.08968,21.43722],[96.08829,21.43599],[96.08713,21.43608],[96.08709,21.43508],[96.08525,21.43584],[96.08535,21.43499],[96.08631,21.43517],[96.08665,21.43477],[96.08531,21.43345],[96.08507,21.43345]]],[[[96.24587,21.43649],[96.24553,21.43613],[96.24606,21.43654],[96.2466,21.43523],[96.24573,21.43532],[96.24524,21.4359],[96.24452,21.43568],[96.24533,21.43789],[96.2451,21.43617],[96.24543,21.43699],[96.24635,21.43713],[96.24635,21.43663],[96.24587,21.43667],[96.24587,21.43649]]],[[[96.08751,21.4382],[96.08649,21.43797],[96.08712,21.43775],[96.08496,21.4367],[96.08495,21.4376],[96.08437,21.43778],[96.08697,21.4382],[96.08751,21.4382]]],[[[96.10531,21.43873],[96.10584,21.43787],[96.10666,21.43797],[96.10656,21.43846],[96.10758,21.43833],[96.10763,21.43788],[96.1069,21.43761],[96.10801,21.43761],[96.10811,21.43716],[96.10773,21.43693],[96.10783,21.43616],[96.10715,21.43711],[96.1073,21.43612],[96.11019,21.43563],[96.10928,21.43549],[96.1101,21.435],[96.1088,21.43477],[96.10967,21.43396],[96.10924,21.43305],[96.10832,21.43341],[96.10851,21.43472],[96.10783,21.43562],[96.10672,21.43584],[96.10764,21.43512],[96.10745,21.43436],[96.10648,21.43521],[96.10615,21.43412],[96.10325,21.43497],[96.10392,21.4371],[96.10243,21.43528],[96.10054,21.43586],[96.10112,21.43668],[96.1003,21.43618],[96.10068,21.43704],[96.10203,21.43781],[96.10319,21.43786],[96.10281,21.43705],[96.10334,21.43705],[96.10367,21.43836],[96.10396,21.43791],[96.10396,21.43841],[96.10449,21.4385],[96.10435,21.43773],[96.10473,21.4376],[96.10511,21.43873],[96.10531,21.43873]]],[[[96.19415,21.43491],[96.19348,21.43491],[96.19377,21.43433],[96.19251,21.43441],[96.19305,21.43401],[96.19256,21.43369],[96.19213,21.43378],[96.19184,21.43495],[96.1916,21.4345],[96.19049,21.43459],[96.19034,21.43404],[96.18996,21.43431],[96.19033,21.43644],[96.1911,21.43662],[96.19042,21.43838],[96.191,21.43807],[96.19312,21.43871],[96.19332,21.43807],[96.1925,21.43798],[96.19337,21.43789],[96.19361,21.43645],[96.19409,21.43762],[96.19448,21.43758],[96.19404,21.43839],[96.19549,21.43876],[96.19573,21.4384],[96.19501,21.43822],[96.19491,21.43709],[96.19612,21.43682],[96.19613,21.43596],[96.19762,21.4356],[96.19772,21.43524],[96.19676,21.43515],[96.19772,21.43497],[96.19719,21.43465],[96.19777,21.43452],[96.19666,21.43429],[96.197,21.43465],[96.19647,21.43542],[96.19618,21.43524],[96.19622,21.43592],[96.19603,21.43551],[96.19502,21.43573],[96.19458,21.43641],[96.1941,21.43604],[96.19589,21.4351],[96.19527,21.43374],[96.19473,21.43433],[96.19478,21.43537],[96.1942,21.43491],[96.19415,21.43491]]],[[[96.09204,21.43917],[96.09262,21.43845],[96.09324,21.43886],[96.09378,21.43773],[96.09137,21.43786],[96.09199,21.43917],[96.09204,21.43917]]],[[[96.07119,21.43922],[96.07197,21.43886],[96.07183,21.43741],[96.0712,21.4375],[96.07125,21.43809],[96.07015,21.43573],[96.06851,21.43604],[96.06903,21.43695],[96.0682,21.43871],[96.06936,21.43817],[96.06874,21.43808],[96.0698,21.43758],[96.0699,21.43664],[96.07009,21.43736],[96.07086,21.43754],[96.07043,21.43763],[96.07057,21.43831],[96.07004,21.43844],[96.0709,21.43922],[96.07119,21.43922]]],[[[96.15457,21.43969],[96.15698,21.43916],[96.15703,21.43839],[96.15419,21.43838],[96.15418,21.43969],[96.15457,21.43969]]],[[[96.18772,21.43724],[96.18709,21.43895],[96.18786,21.43909],[96.18824,21.43977],[96.18844,21.4386],[96.18758,21.43823],[96.18854,21.43828],[96.18869,21.43779],[96.18825,21.4376],[96.18749,21.43548],[96.1872,21.43584],[96.18759,21.43584],[96.18758,21.43634],[96.18705,21.43615],[96.1871,21.43692],[96.18758,21.43647],[96.18772,21.43715],[96.18772,21.43724]]],[[[96.09613,21.44131],[96.09666,21.44041],[96.09753,21.44037],[96.09792,21.43951],[96.0986,21.43924],[96.09951,21.43961],[96.10082,21.43903],[96.10019,21.43835],[96.10097,21.43799],[96.10102,21.43745],[96.09962,21.43699],[96.09856,21.43771],[96.09798,21.43757],[96.09706,21.43874],[96.09604,21.43905],[96.09585,21.43982],[96.09522,21.43832],[96.09412,21.43805],[96.09479,21.4385],[96.09397,21.43882],[96.09469,21.43918],[96.09319,21.43958],[96.0928,21.44048],[96.09381,21.44121],[96.09372,21.44085],[96.09464,21.44054],[96.09565,21.44113],[96.09584,21.43991],[96.09642,21.44014],[96.09599,21.44032],[96.09603,21.44131],[96.09613,21.44131]]],[[[96.18756,21.44144],[96.18766,21.44103],[96.18679,21.44076],[96.18462,21.44066],[96.18245,21.43993],[96.18395,21.44098],[96.18727,21.44103],[96.18737,21.44144],[96.18756,21.44144]]],[[[96.04551,21.44172],[96.0474,21.4411],[96.04731,21.43803],[96.04712,21.43879],[96.04601,21.43879],[96.04581,21.43978],[96.0448,21.44005],[96.04455,21.44086],[96.04353,21.44158],[96.04537,21.44172],[96.04551,21.44172]]],[[[96.19557,21.44174],[96.1962,21.4412],[96.19495,21.44115],[96.19664,21.44102],[96.19693,21.44066],[96.19645,21.43989],[96.19601,21.44043],[96.19476,21.43984],[96.19485,21.44056],[96.19442,21.4407],[96.19375,21.43979],[96.19282,21.44069],[96.19133,21.44078],[96.19263,21.44173],[96.19359,21.44173],[96.19306,21.44124],[96.19364,21.44079],[96.19364,21.44115],[96.19562,21.44174],[96.19557,21.44174]]],[[[96.07872,21.43947],[96.07915,21.43961],[96.07829,21.43843],[96.07887,21.43857],[96.07902,21.43776],[96.07979,21.43736],[96.07883,21.43686],[96.07917,21.43532],[96.07864,21.43469],[96.07811,21.43645],[96.07834,21.4378],[96.07761,21.43875],[96.0767,21.43861],[96.07674,21.43992],[96.07741,21.44019],[96.07635,21.44023],[96.07625,21.44082],[96.07736,21.44042],[96.07755,21.4415],[96.07818,21.44178],[96.07808,21.44132],[96.07871,21.44124],[96.07856,21.44178],[96.07948,21.44151],[96.07895,21.44201],[96.07957,21.4421],[96.08054,21.44124],[96.08055,21.44025],[96.07968,21.44002],[96.07959,21.43934],[96.08031,21.43858],[96.0794,21.4383],[96.07934,21.44016],[96.07867,21.44024],[96.07872,21.43952],[96.07872,21.43947]]],[[[96.08782,21.44245],[96.09068,21.43962],[96.09175,21.43935],[96.09059,21.43844],[96.09103,21.43849],[96.09098,21.43799],[96.09055,21.43776],[96.09021,21.43808],[96.0905,21.43844],[96.09011,21.43844],[96.08722,21.4377],[96.08794,21.43829],[96.09035,21.43867],[96.09093,21.43944],[96.08982,21.43884],[96.08933,21.43907],[96.08957,21.43939],[96.08794,21.43852],[96.0849,21.43833],[96.08466,21.43887],[96.08461,21.43837],[96.08335,21.43868],[96.08383,21.43941],[96.08432,21.43882],[96.08485,21.43946],[96.08755,21.4392],[96.08634,21.44064],[96.0875,21.44037],[96.08696,21.44168],[96.08763,21.44182],[96.08773,21.44245],[96.08782,21.44245]]],[[[96.1742,21.4404],[96.17343,21.44049],[96.17382,21.4404],[96.17409,21.44275],[96.17467,21.44248],[96.17468,21.44157],[96.17709,21.4414],[96.177,21.44082],[96.17787,21.44082],[96.17826,21.44014],[96.17782,21.44001],[96.17748,21.4405],[96.17758,21.44009],[96.17666,21.43973],[96.17589,21.44009],[96.17546,21.43982],[96.17526,21.44027],[96.17589,21.44063],[96.1754,21.44108],[96.17512,21.44067],[96.17449,21.4409],[96.17444,21.44058],[96.17497,21.44072],[96.17522,21.43972],[96.17464,21.43909],[96.17478,21.43986],[96.1742,21.44022],[96.1742,21.4404]]],[[[96.15532,21.44362],[96.15653,21.443],[96.15645,21.43956],[96.15427,21.4401],[96.15533,21.44087],[96.15427,21.44055],[96.15427,21.4419],[96.15499,21.4415],[96.15571,21.442],[96.15422,21.44254],[96.15469,21.44358],[96.15527,21.44362],[96.15532,21.44362]]],[[[96.10265,21.4403],[96.10226,21.44034],[96.1026,21.4407],[96.10182,21.44061],[96.10212,21.43998],[96.10159,21.43975],[96.10246,21.43976],[96.10217,21.43908],[96.10385,21.4403],[96.10434,21.43999],[96.1027,21.43903],[96.10319,21.438],[96.10208,21.43804],[96.10212,21.43903],[96.10125,21.43925],[96.10149,21.4398],[96.10024,21.43961],[96.10019,21.44033],[96.0985,21.44055],[96.09748,21.44204],[96.09641,21.44217],[96.09685,21.44244],[96.0965,21.44375],[96.09713,21.44285],[96.09698,21.44393],[96.09756,21.44385],[96.09742,21.44263],[96.09791,21.44249],[96.09757,21.44236],[96.09791,21.44195],[96.09834,21.44218],[96.09835,21.4415],[96.09965,21.44173],[96.09897,21.44241],[96.09964,21.44295],[96.10066,21.44255],[96.10003,21.44241],[96.10052,21.44201],[96.09969,21.44218],[96.10013,21.4416],[96.10095,21.44223],[96.10133,21.4421],[96.101,21.44165],[96.10163,21.44174],[96.10158,21.4421],[96.10249,21.4417],[96.10336,21.44206],[96.10356,21.44148],[96.10298,21.44134],[96.10279,21.4403],[96.10265,21.4403]]],[[[96.08023,21.44617],[96.08129,21.44576],[96.08052,21.44549],[96.08096,21.44513],[96.08149,21.44545],[96.08144,21.44468],[96.08289,21.44446],[96.0829,21.44333],[96.08256,21.44324],[96.08325,21.44076],[96.08305,21.44139],[96.08286,21.44076],[96.0819,21.44093],[96.08199,21.4417],[96.08112,21.4417],[96.08102,21.44238],[96.08039,21.4426],[96.08136,21.44265],[96.08159,21.44364],[96.08106,21.44409],[96.08005,21.44395],[96.08101,21.44472],[96.08043,21.4449],[96.08033,21.4459],[96.07941,21.44598],[96.08013,21.44617],[96.08023,21.44617]]],[[[96.08264,21.44627],[96.08313,21.44514],[96.08308,21.44622],[96.08559,21.44479],[96.08453,21.44492],[96.08391,21.44433],[96.08488,21.44334],[96.08598,21.44393],[96.08535,21.44434],[96.08617,21.44434],[96.08689,21.44507],[96.08695,21.44434],[96.08637,21.44452],[96.08637,21.44421],[96.08714,21.44434],[96.08874,21.44318],[96.08966,21.44178],[96.09164,21.44079],[96.09242,21.43958],[96.09083,21.43989],[96.09049,21.44061],[96.09165,21.44021],[96.08961,21.44146],[96.08879,21.44282],[96.087,21.4438],[96.08608,21.44353],[96.08792,21.44313],[96.08715,21.44204],[96.08599,21.4433],[96.08551,21.44262],[96.0857,21.44203],[96.08647,21.4419],[96.08629,21.44073],[96.0859,21.44073],[96.08599,21.44176],[96.08552,21.44068],[96.08402,21.44099],[96.08378,21.44135],[96.0844,21.44099],[96.0844,21.44225],[96.08536,21.44248],[96.08526,21.44321],[96.0842,21.44325],[96.0825,21.44627],[96.08264,21.44627]]],[[[96.1242,21.44391],[96.12414,21.44504],[96.12554,21.44541],[96.12535,21.44577],[96.12602,21.44618],[96.12554,21.44617],[96.12558,21.44658],[96.12641,21.4464],[96.12603,21.44401],[96.12463,21.44423],[96.12396,21.44355],[96.1242,21.44386],[96.1242,21.44391]]],[[[96.07873,21.44607],[96.0796,21.44571],[96.07888,21.4453],[96.07985,21.44458],[96.07821,21.44471],[96.07845,21.44526],[96.07773,21.44521],[96.0773,21.44403],[96.07807,21.4439],[96.07826,21.4434],[96.0761,21.44249],[96.07604,21.44385],[96.07566,21.44407],[96.07613,21.44534],[96.07565,21.44515],[96.0756,21.44556],[96.0769,21.4457],[96.07604,21.4447],[96.07662,21.44335],[96.07748,21.44552],[96.07825,21.44562],[96.07806,21.44602],[96.077,21.44597],[96.0796,21.44675],[96.07878,21.44607],[96.07873,21.44607]]],[[[96.1706,21.44712],[96.17113,21.44685],[96.17056,21.44657],[96.17104,21.44549],[96.1708,21.44499],[96.17187,21.44477],[96.17201,21.44409],[96.17037,21.44472],[96.17046,21.44571],[96.16974,21.44639],[96.17026,21.44711],[96.1706,21.44712]]],[[[96.19469,21.44359],[96.19359,21.4435],[96.19305,21.44444],[96.19329,21.44589],[96.19377,21.44485],[96.19377,21.44557],[96.1944,21.44567],[96.19333,21.44639],[96.19453,21.44806],[96.19429,21.44725],[96.19511,21.44752],[96.19516,21.44693],[96.19391,21.44698],[96.19357,21.44625],[96.19464,21.44616],[96.19469,21.44495],[96.19401,21.44472],[96.19469,21.44463],[96.19479,21.44404],[96.19416,21.44395],[96.19469,21.44382],[96.19469,21.44359]]],[[[96.21041,21.44843],[96.21108,21.44789],[96.21085,21.44631],[96.21162,21.44618],[96.21124,21.44532],[96.21099,21.44586],[96.21003,21.44572],[96.20911,21.44631],[96.2092,21.44753],[96.21007,21.44712],[96.21055,21.44794],[96.21031,21.44843],[96.21041,21.44843]]],[[[96.09711,21.44859],[96.09788,21.44818],[96.0986,21.44855],[96.09914,21.44778],[96.09976,21.44783],[96.09928,21.44774],[96.09948,21.44684],[96.1003,21.44729],[96.10194,21.44662],[96.09958,21.44638],[96.09924,21.44697],[96.09832,21.44701],[96.09779,21.44764],[96.09807,21.44791],[96.09716,21.44741],[96.09643,21.4484],[96.09715,21.44859],[96.09711,21.44859]]],[[[96.19409,21.44919],[96.19424,21.4482],[96.19309,21.44765],[96.19352,21.44738],[96.19319,21.44679],[96.19261,21.4467],[96.19227,21.44724],[96.19198,21.4467],[96.19135,21.44697],[96.19173,21.4476],[96.19284,21.44769],[96.19323,21.44892],[96.19404,21.44919],[96.19409,21.44919]]],[[[96.17585,21.44967],[96.17633,21.44953],[96.176,21.44768],[96.17649,21.44745],[96.17596,21.44727],[96.17644,21.44678],[96.17558,21.44492],[96.1751,21.44573],[96.17577,21.44614],[96.17591,21.44799],[96.17335,21.44862],[96.1732,21.44807],[96.17272,21.44825],[96.17286,21.44893],[96.17537,21.4484],[96.1758,21.44966],[96.17585,21.44967]]],[[[96.17131,21.45005],[96.17272,21.44893],[96.17214,21.44879],[96.17258,21.44821],[96.17137,21.44829],[96.17108,21.44793],[96.17132,21.44902],[96.16977,21.44896],[96.17098,21.45005],[96.17131,21.45005]]],[[[96.04108,21.45015],[96.04229,21.4497],[96.04297,21.44786],[96.0426,21.44564],[96.04347,21.44501],[96.04334,21.44212],[96.04235,21.44555],[96.04009,21.4454],[96.03989,21.44649],[96.04032,21.44717],[96.03988,21.44847],[96.04074,21.45015],[96.04108,21.45015]]],[[[96.07587,21.45026],[96.0778,21.44882],[96.07969,21.44815],[96.07955,21.44765],[96.08037,21.44775],[96.08047,21.44721],[96.07979,21.44693],[96.07993,21.44734],[96.07926,21.44765],[96.07931,21.44693],[96.07719,21.44624],[96.07602,21.44787],[96.07577,21.45026],[96.07587,21.45026]]],[[[96.12436,21.4506],[96.12456,21.44951],[96.12615,21.44943],[96.12596,21.44825],[96.12635,21.4478],[96.12587,21.44803],[96.12597,21.44749],[96.12664,21.44726],[96.1265,21.44681],[96.12428,21.44761],[96.12466,21.44893],[96.12388,21.44978],[96.1235,21.44951],[96.1236,21.44901],[96.12408,21.44906],[96.12379,21.4487],[96.12253,21.44892],[96.12234,21.45009],[96.12311,21.44973],[96.12422,21.4506],[96.12436,21.4506]]],[[[96.16745,21.45081],[96.16774,21.44963],[96.16726,21.44905],[96.16775,21.44927],[96.16765,21.4486],[96.16857,21.4481],[96.16809,21.44724],[96.16886,21.44711],[96.16939,21.44765],[96.16838,21.4476],[96.16973,21.44779],[96.16997,21.4472],[96.16954,21.44734],[96.16954,21.44661],[96.16742,21.44715],[96.1678,21.44801],[96.16731,21.44864],[96.16713,21.44769],[96.16659,21.44814],[96.16631,21.4476],[96.16679,21.44692],[96.16602,21.44741],[96.16583,21.44683],[96.16544,21.44692],[96.16625,21.44864],[96.16514,21.44854],[96.16543,21.4494],[96.16582,21.4494],[96.16567,21.44899],[96.16639,21.44945],[96.16707,21.449],[96.16673,21.4499],[96.1674,21.44999],[96.1674,21.45058],[96.16581,21.44963],[96.16504,21.45044],[96.16572,21.45021],[96.16596,21.45044],[96.16542,21.45071],[96.16735,21.45081],[96.16745,21.45081]]],[[[96.20808,21.45087],[96.2088,21.45082],[96.20866,21.45005],[96.20982,21.44952],[96.20978,21.44879],[96.20934,21.44924],[96.20857,21.44879],[96.20842,21.4492],[96.20688,21.44883],[96.20698,21.44937],[96.20818,21.44924],[96.20808,21.45001],[96.2075,21.45005],[96.20789,21.45086],[96.20808,21.45087]]],[[[96.16426,21.45093],[96.16432,21.44994],[96.1648,21.45008],[96.16528,21.44944],[96.16399,21.44786],[96.16346,21.44817],[96.16427,21.44989],[96.16335,21.45025],[96.16407,21.45093],[96.16426,21.45093]]],[[[96.09724,21.45021],[96.0972,21.44967],[96.09652,21.4503],[96.09479,21.4488],[96.09624,21.44854],[96.09567,21.44695],[96.09489,21.44731],[96.09556,21.44808],[96.09436,21.44727],[96.09485,21.44704],[96.09456,21.44632],[96.09509,21.44618],[96.09543,21.44677],[96.09514,21.44596],[96.09601,21.44578],[96.09398,21.44555],[96.09476,21.44501],[96.09414,21.44374],[96.09356,21.44378],[96.0938,21.44324],[96.09288,21.4436],[96.09298,21.44401],[96.0925,21.44387],[96.0923,21.44432],[96.09312,21.4441],[96.09283,21.44468],[96.0922,21.44455],[96.0923,21.44536],[96.09331,21.44613],[96.09258,21.44586],[96.09244,21.44635],[96.09215,21.4454],[96.09109,21.44526],[96.09206,21.445],[96.0923,21.44373],[96.09163,21.44364],[96.09226,21.44306],[96.09154,21.44283],[96.09245,21.44265],[96.09217,21.4422],[96.09275,21.44188],[96.09275,21.44107],[96.09033,21.44201],[96.0899,21.44255],[96.09067,21.44242],[96.09038,21.44323],[96.09081,21.44291],[96.09178,21.44319],[96.09105,21.44382],[96.09134,21.44441],[96.0908,21.4445],[96.09081,21.44386],[96.09032,21.44409],[96.09003,21.44521],[96.0895,21.44548],[96.08815,21.44498],[96.08843,21.44598],[96.09012,21.44621],[96.08987,21.44734],[96.08915,21.4472],[96.08915,21.44797],[96.08809,21.44774],[96.08843,21.44692],[96.0879,21.44697],[96.08828,21.44864],[96.08948,21.44878],[96.09059,21.44829],[96.08992,21.44752],[96.09055,21.44711],[96.09136,21.44992],[96.09184,21.44893],[96.09122,21.44829],[96.09335,21.44722],[96.09281,21.44852],[96.09392,21.44884],[96.09446,21.44799],[96.09416,21.44993],[96.09517,21.45048],[96.09483,21.45111],[96.09565,21.45079],[96.09521,21.45124],[96.09623,21.45107],[96.09647,21.45148],[96.09671,21.45071],[96.0968,21.45107],[96.09714,21.45057],[96.09864,21.45076],[96.09763,21.45053],[96.09768,21.44981],[96.09724,21.45017],[96.09724,21.45021]]],[[[96.12088,21.45266],[96.12127,21.45117],[96.12006,21.45071],[96.12055,21.44981],[96.11906,21.44976],[96.11872,21.44935],[96.11862,21.44976],[96.11982,21.45094],[96.12006,21.45225],[96.12073,21.45266],[96.12088,21.45266]]],[[[96.12782,21.45282],[96.12928,21.4517],[96.12831,21.45142],[96.12967,21.45111],[96.12788,21.45106],[96.1274,21.45165],[96.12778,21.45183],[96.12763,21.45282],[96.12782,21.45282]]],[[[96.20305,21.45302],[96.20335,21.45225],[96.20378,21.4523],[96.20359,21.45085],[96.20292,21.45035],[96.20118,21.45052],[96.20214,21.45125],[96.202,21.45179],[96.20291,21.45234],[96.20296,21.45302],[96.20305,21.45302]]],[[[96.09457,21.45327],[96.09487,21.45188],[96.09362,21.45074],[96.09386,21.45034],[96.09319,21.45038],[96.09357,21.45079],[96.09299,21.45142],[96.09337,21.45187],[96.0928,21.452],[96.09279,21.45282],[96.09404,21.45327],[96.09457,21.45327]]],[[[96.19788,21.45503],[96.19856,21.45499],[96.19798,21.45453],[96.19885,21.45436],[96.19895,21.4539],[96.19972,21.45454],[96.19943,21.45382],[96.2003,21.45359],[96.2004,21.45301],[96.19972,21.453],[96.19977,21.4535],[96.19958,21.45314],[96.199,21.45359],[96.19876,21.45332],[96.19924,21.45278],[96.20045,21.4526],[96.20011,21.45192],[96.1992,21.45196],[96.19949,21.45169],[96.199,21.45156],[96.19881,21.453],[96.19813,21.4525],[96.19779,21.45309],[96.19692,21.45295],[96.19673,21.45421],[96.19716,21.45453],[96.19731,21.45403],[96.19774,21.45503],[96.19788,21.45503]]],[[[96.17641,21.4554],[96.17656,21.45428],[96.17521,21.45346],[96.1768,21.45342],[96.17671,21.45251],[96.17608,21.45242],[96.17632,21.45319],[96.17545,21.45328],[96.17531,21.45292],[96.17598,21.45256],[96.1755,21.45274],[96.17531,21.45219],[96.17603,21.45229],[96.17599,21.45138],[96.17729,21.4508],[96.17599,21.45003],[96.1757,21.45039],[96.17633,21.45034],[96.17609,21.45111],[96.17464,21.45174],[96.17382,21.45101],[96.17328,21.45205],[96.17362,21.45277],[96.17439,21.45269],[96.17395,21.45345],[96.17458,21.45377],[96.17443,21.4544],[96.17491,21.4544],[96.17457,21.45508],[96.17559,21.45432],[96.17612,21.4554],[96.17641,21.4554]]],[[[96.06889,21.45592],[96.06966,21.45547],[96.06977,21.45425],[96.06876,21.45384],[96.06827,21.45461],[96.06884,21.45592],[96.06889,21.45592]]],[[[96.18094,21.45623],[96.1807,21.45556],[96.18152,21.45493],[96.18196,21.45529],[96.1835,21.45408],[96.18302,21.4538],[96.18104,21.45461],[96.181,21.45379],[96.18177,21.45285],[96.18071,21.45402],[96.18008,21.45379],[96.17998,21.45483],[96.17935,21.45519],[96.17978,21.45573],[96.18036,21.45537],[96.18089,21.45623],[96.18094,21.45623]]],[[[96.16941,21.45511],[96.16912,21.45529],[96.16989,21.45484],[96.16932,21.45443],[96.16994,21.45425],[96.17,21.45357],[96.1683,21.4542],[96.16869,21.45447],[96.1683,21.45501],[96.16863,21.45574],[96.16955,21.45533],[96.16897,21.45605],[96.17023,21.45606],[96.16946,21.45511],[96.16941,21.45511]]],[[[96.17413,21.4572],[96.17466,21.4568],[96.17341,21.45684],[96.17413,21.45634],[96.17307,21.45566],[96.17191,21.4562],[96.17191,21.45692],[96.17269,21.45652],[96.17278,21.45706],[96.17408,21.4572],[96.17413,21.4572]]],[[[96.0864,21.45798],[96.08737,21.45736],[96.08723,21.45573],[96.08829,21.45573],[96.08853,21.45628],[96.08814,21.45673],[96.0891,21.45682],[96.08901,21.45551],[96.08853,21.45528],[96.08878,21.45452],[96.08757,21.4551],[96.08656,21.45451],[96.08602,21.45685],[96.0862,21.45798],[96.0864,21.45798]]],[[[96.18508,21.45837],[96.18363,21.45792],[96.18353,21.45846],[96.18315,21.45746],[96.18272,21.45782],[96.18348,21.45886],[96.1846,21.45846],[96.18585,21.45905],[96.18484,21.45724],[96.1872,21.45806],[96.18682,21.45784],[96.18702,21.45689],[96.1861,21.45675],[96.18745,21.45621],[96.186,21.45648],[96.18504,21.45571],[96.1847,21.45787],[96.18374,21.45661],[96.18344,21.45706],[96.1846,21.4581],[96.18503,21.45788],[96.18508,21.45833],[96.18508,21.45837]]],[[[96.09141,21.45981],[96.09141,21.45864],[96.09189,21.459],[96.09195,21.45819],[96.09267,21.45792],[96.09219,21.45832],[96.09257,21.45869],[96.09339,21.45806],[96.09311,21.45756],[96.09267,21.45783],[96.09282,21.45702],[96.0918,21.4576],[96.09205,21.45692],[96.09157,21.45688],[96.09026,21.45818],[96.0904,21.45768],[96.08978,21.45791],[96.08968,21.45836],[96.0905,21.45836],[96.09131,21.45981],[96.09141,21.45981]]],[[[96.08918,21.46052],[96.09025,21.46035],[96.08981,21.45999],[96.09039,21.45954],[96.08977,21.45922],[96.08977,21.45868],[96.08794,21.45817],[96.08731,21.45876],[96.08789,21.45885],[96.08668,21.45943],[96.08745,21.45975],[96.08789,21.45898],[96.08788,21.45966],[96.08866,21.45985],[96.08899,21.46052],[96.08918,21.46052]]],[[[96.12783,21.46199],[96.12933,21.46141],[96.12793,21.46109],[96.12817,21.46055],[96.12765,21.46032],[96.12721,21.46086],[96.12552,21.46072],[96.12755,21.45978],[96.12736,21.45933],[96.1262,21.46],[96.12644,21.45955],[96.12586,21.45968],[96.12591,21.45923],[96.12553,21.45923],[96.12596,21.45995],[96.12552,21.46027],[96.125,21.45932],[96.12456,21.46017],[96.12523,21.46126],[96.12479,21.46117],[96.12465,21.46166],[96.12537,21.46117],[96.12595,21.46176],[96.12663,21.46122],[96.12773,21.46199],[96.12783,21.46199]]],[[[96.15795,21.46053],[96.15742,21.46084],[96.15853,21.46098],[96.15871,21.4622],[96.15939,21.46194],[96.15916,21.46076],[96.16022,21.46027],[96.15882,21.4599],[96.15979,21.45891],[96.15926,21.45805],[96.15849,21.458],[96.15863,21.45868],[96.15936,21.45886],[96.15853,21.45922],[96.15853,21.45967],[96.15805,21.45949],[96.1582,21.4589],[96.15757,21.45926],[96.15781,21.4599],[96.15819,21.45967],[96.15848,21.46085],[96.15805,21.46053],[96.15795,21.46053]]],[[[96.16509,21.45988],[96.1651,21.45938],[96.16456,21.45974],[96.16514,21.4606],[96.16379,21.46006],[96.16249,21.46023],[96.16201,21.45973],[96.16296,21.46204],[96.16547,21.46128],[96.16562,21.462],[96.1646,21.46241],[96.16605,21.46273],[96.16591,21.46169],[96.16707,21.46106],[96.16557,21.46083],[96.16534,21.45952],[96.16514,21.45988],[96.16509,21.45988]]],[[[96.15596,21.46287],[96.15659,21.4617],[96.15597,21.46093],[96.1566,21.46107],[96.1565,21.46061],[96.15471,21.46124],[96.15423,21.46065],[96.15346,21.46101],[96.15423,21.46192],[96.1552,21.46133],[96.15587,21.4621],[96.15582,21.46287],[96.15596,21.46287]]],[[[96.12416,21.46324],[96.12378,21.46207],[96.12455,21.4609],[96.12383,21.45994],[96.12446,21.45977],[96.12394,21.45873],[96.12384,21.45949],[96.12268,21.45985],[96.12234,21.45926],[96.12215,21.45953],[96.12287,21.46048],[96.12388,21.46004],[96.1233,21.46157],[96.12406,21.46324],[96.12416,21.46324]]],[[[96.08381,21.46344],[96.08391,21.46285],[96.08444,21.46312],[96.08507,21.4625],[96.08469,21.462],[96.0857,21.46218],[96.08551,21.46155],[96.08483,21.46182],[96.08484,21.46096],[96.08459,21.4615],[96.08242,21.46122],[96.08295,21.46185],[96.08237,21.46185],[96.08242,21.46303],[96.08372,21.46344],[96.08381,21.46344]]],[[[96.11219,21.4641],[96.11267,21.46387],[96.11248,21.4632],[96.11306,21.46239],[96.11335,21.46293],[96.11403,21.46262],[96.1133,21.46212],[96.11277,21.46229],[96.11234,21.46152],[96.11205,21.46207],[96.11248,21.46225],[96.11181,21.46243],[96.1119,21.4641],[96.11219,21.4641]]],[[[96.09689,21.46422],[96.09805,21.46359],[96.0982,21.46278],[96.09955,21.46265],[96.09801,21.46174],[96.09844,21.46151],[96.09821,21.46061],[96.09767,21.46151],[96.0981,21.46232],[96.09748,21.46201],[96.09733,21.46264],[96.09617,21.46335],[96.09795,21.46291],[96.09563,21.46367],[96.09674,21.46422],[96.09689,21.46422]]],[[[96.08101,21.46424],[96.08039,21.46324],[96.08159,21.4637],[96.08212,21.46334],[96.08204,21.46],[96.08098,21.4599],[96.08083,21.46099],[96.07963,21.46103],[96.07992,21.46053],[96.07958,21.46026],[96.07837,21.4607],[96.0791,21.46107],[96.07876,21.46147],[96.07923,21.46252],[96.07957,21.46261],[96.07996,21.4618],[96.08126,21.46167],[96.07947,21.46279],[96.08024,21.46297],[96.07991,21.4632],[96.08091,21.46424],[96.08101,21.46424]]],[[[96.1478,21.46415],[96.14824,21.46311],[96.14838,21.46347],[96.14916,21.46321],[96.14949,21.46375],[96.14954,21.46303],[96.1481,21.46257],[96.14718,21.46311],[96.14756,21.46442],[96.14838,21.46474],[96.14785,21.46415],[96.1478,21.46415]]],[[[96.16314,21.46484],[96.16117,21.4633],[96.15943,21.46415],[96.16011,21.46298],[96.15929,21.46325],[96.15928,21.46442],[96.15981,21.46469],[96.16189,21.46425],[96.16305,21.46484],[96.16314,21.46484]]],[[[96.08356,21.46579],[96.08395,21.46561],[96.08366,21.46461],[96.08202,21.46451],[96.08188,21.46415],[96.08106,21.46451],[96.08101,21.46505],[96.08178,21.46555],[96.08342,21.46579],[96.08356,21.46579]]],[[[96.23741,21.46533],[96.23794,21.46601],[96.23813,21.46547],[96.23881,21.46538],[96.23886,21.46434],[96.23819,21.46448],[96.23818,21.46511],[96.23746,21.46407],[96.23891,21.46421],[96.23911,21.46357],[96.23669,21.46352],[96.23751,21.46465],[96.23736,21.46533],[96.23741,21.46533]]],[[[96.0643,21.46629],[96.06609,21.46549],[96.06653,21.46445],[96.06658,21.46368],[96.06576,21.46354],[96.06494,21.46453],[96.06572,21.46191],[96.06436,21.4639],[96.06464,21.46539],[96.06402,21.46417],[96.06316,21.46412],[96.0631,21.46488],[96.06354,21.46498],[96.06247,21.46538],[96.06266,21.46615],[96.06421,21.46629],[96.0643,21.46629]]],[[[96.08544,21.46652],[96.08568,21.46607],[96.0852,21.46534],[96.08675,21.46521],[96.08554,21.46485],[96.08569,21.46381],[96.08622,21.46386],[96.08594,21.46318],[96.0855,21.4634],[96.08575,21.46304],[96.08531,21.46259],[96.08502,21.46313],[96.0856,21.46367],[96.0855,21.46467],[96.08448,21.46475],[96.08487,21.4652],[96.08434,21.46507],[96.08414,21.46552],[96.08534,21.46652],[96.08544,21.46652]]],[[[96.16474,21.46318],[96.16344,21.46254],[96.16175,21.46285],[96.16315,21.46303],[96.16325,21.46353],[96.16435,21.4639],[96.16459,21.46458],[96.16406,21.46512],[96.16502,21.46571],[96.16468,21.46656],[96.1655,21.46548],[96.16517,21.46498],[96.16575,21.46485],[96.16565,21.46422],[96.16483,21.46422],[96.16541,21.46395],[96.16542,21.46336],[96.16489,21.46318],[96.16474,21.46318]]],[[[96.11459,21.46664],[96.11502,21.46601],[96.11449,21.46573],[96.11493,21.46547],[96.11474,21.4647],[96.11435,21.4646],[96.11459,21.4651],[96.11291,21.46478],[96.11247,21.4641],[96.11262,21.46482],[96.11377,21.46501],[96.1131,21.46532],[96.11444,21.46664],[96.11459,21.46664]]],[[[96.14518,21.46726],[96.1461,21.46622],[96.14369,21.46495],[96.14331,21.46504],[96.14326,21.46585],[96.14331,21.46458],[96.14288,21.46418],[96.14273,21.46549],[96.14166,21.46611],[96.14185,21.46688],[96.14315,21.46689],[96.14238,21.46657],[96.14292,21.46621],[96.14398,21.46657],[96.14451,21.46617],[96.14489,21.46649],[96.14465,21.46707],[96.14513,21.46726],[96.14518,21.46726]]],[[[96.14808,21.46632],[96.14765,21.46618],[96.14827,21.46618],[96.14818,21.46501],[96.14703,21.4646],[96.14741,21.46523],[96.14712,21.46614],[96.14557,21.46735],[96.14711,21.46713],[96.14716,21.4665],[96.14764,21.4669],[96.14808,21.46636],[96.14808,21.46632]]],[[[96.12394,21.46749],[96.12452,21.4674],[96.12414,21.46708],[96.12568,21.46709],[96.12565,21.46497],[96.12439,21.46483],[96.12535,21.46573],[96.12462,21.46668],[96.12279,21.46626],[96.1238,21.46749],[96.12394,21.46749]]],[[[96.11955,21.46847],[96.12056,21.4682],[96.12086,21.4673],[96.11946,21.46725],[96.11922,21.46679],[96.11956,21.46661],[96.11835,21.46643],[96.11926,21.46765],[96.12047,21.46775],[96.11917,21.46774],[96.11936,21.46846],[96.11955,21.46847]]],[[[96.14826,21.46957],[96.1485,21.46921],[96.14764,21.46858],[96.14793,21.46804],[96.1487,21.46831],[96.14923,21.46795],[96.1499,21.46849],[96.15087,21.468],[96.15135,21.46823],[96.1516,21.46719],[96.14977,21.46714],[96.15005,21.46768],[96.14894,21.46727],[96.14933,21.46781],[96.14802,21.4679],[96.14793,21.467],[96.14745,21.46776],[96.14793,21.46781],[96.14725,21.46848],[96.14682,21.46803],[96.14609,21.46821],[96.14638,21.46871],[96.14749,21.46862],[96.14768,21.4693],[96.14826,21.46948],[96.14826,21.46957]]],[[[96.1444,21.4701],[96.14551,21.46852],[96.14464,21.46825],[96.14489,21.46766],[96.14262,21.46711],[96.14267,21.46761],[96.1446,21.46816],[96.14368,21.46897],[96.14435,21.4701],[96.1444,21.4701]]],[[[96.12306,21.4706],[96.12345,21.47015],[96.12388,21.47047],[96.1235,21.46961],[96.12379,21.46988],[96.12418,21.46952],[96.1236,21.46929],[96.12437,21.46912],[96.12355,21.46907],[96.12327,21.46825],[96.12361,21.46785],[96.12278,21.46821],[96.12249,21.46879],[96.12283,21.46902],[96.12215,21.46888],[96.12274,21.46794],[96.12231,21.46726],[96.12288,21.46753],[96.12289,21.46685],[96.12211,21.46735],[96.12182,21.46843],[96.12215,21.47015],[96.12311,21.4706],[96.12306,21.4706]]],[[[96.11186,21.47096],[96.11303,21.46916],[96.1138,21.46876],[96.11376,21.46736],[96.11275,21.46821],[96.11284,21.46912],[96.1109,21.47028],[96.11148,21.47096],[96.11186,21.47096]]],[[[96.14882,21.47265],[96.15076,21.47175],[96.14946,21.47166],[96.1496,21.47102],[96.14893,21.47093],[96.14868,21.47161],[96.14776,21.47206],[96.14858,21.47265],[96.14882,21.47265]]],[[[96.07334,21.47274],[96.07378,21.47202],[96.07431,21.47216],[96.07417,21.47094],[96.07494,21.47153],[96.07557,21.47122],[96.07451,21.47189],[96.07653,21.47213],[96.07634,21.47136],[96.07543,21.47095],[96.07572,21.46977],[96.07375,21.46954],[96.07385,21.46873],[96.07307,21.46913],[96.07365,21.46972],[96.07316,21.47134],[96.07234,21.4708],[96.07277,21.47066],[96.07317,21.46945],[96.07263,21.47048],[96.0721,21.47016],[96.07214,21.47179],[96.07315,21.47274],[96.07334,21.47274]]],[[[96.11841,21.47501],[96.11909,21.47461],[96.11856,21.47379],[96.11783,21.47424],[96.11851,21.47339],[96.11764,21.47334],[96.1175,21.47401],[96.11711,21.47333],[96.11648,21.4746],[96.11701,21.47496],[96.11725,21.47451],[96.11793,21.47456],[96.11831,21.47501],[96.11841,21.47501]]],[[[96.26484,21.47486],[96.26411,21.4745],[96.26537,21.47513],[96.26522,21.47441],[96.26017,21.472],[96.26373,21.47499],[96.26484,21.47491],[96.26484,21.47486]]],[[[96.11551,21.47518],[96.11634,21.47396],[96.11543,21.4722],[96.11644,21.47234],[96.11668,21.47293],[96.11755,21.47252],[96.11693,21.47202],[96.11794,21.47221],[96.11804,21.47031],[96.11631,21.47012],[96.11659,21.47148],[96.11572,21.47161],[96.11505,21.47116],[96.1148,21.47192],[96.11456,21.47147],[96.11408,21.47161],[96.11408,21.4721],[96.11475,21.47201],[96.11485,21.47247],[96.11437,21.47224],[96.11364,21.47305],[96.11296,21.47296],[96.11306,21.47354],[96.11364,21.47318],[96.11499,21.47351],[96.11451,21.4731],[96.11528,21.47337],[96.11566,21.47455],[96.11527,21.47518],[96.11551,21.47518]]],[[[96.14292,21.47529],[96.14375,21.47507],[96.14331,21.47497],[96.1438,21.47471],[96.14361,21.47335],[96.14303,21.47335],[96.14337,21.47281],[96.14235,21.47375],[96.14288,21.47529],[96.14292,21.47529]]],[[[96.14485,21.47548],[96.14524,21.4753],[96.14491,21.47457],[96.14543,21.47521],[96.14592,21.47435],[96.14573,21.47381],[96.14713,21.47449],[96.14732,21.47391],[96.14481,21.47353],[96.14544,21.47304],[96.14506,21.47182],[96.14607,21.47232],[96.1468,21.47178],[96.14603,21.47101],[96.14521,21.47173],[96.14531,21.47092],[96.14391,21.47014],[96.14319,21.47077],[96.14415,21.47091],[96.14391,21.4715],[96.14492,21.47195],[96.14419,21.47227],[96.14458,21.47286],[96.14385,21.4724],[96.14361,21.47285],[96.1437,21.47358],[96.14482,21.47317],[96.14409,21.47462],[96.14471,21.47475],[96.14481,21.47548],[96.14485,21.47548]]],[[[96.0889,21.45],[96.08861,21.44955],[96.08793,21.45008],[96.08711,21.44972],[96.08731,21.44931],[96.08866,21.44927],[96.08856,21.44887],[96.08687,21.44945],[96.08668,21.44877],[96.08596,21.44872],[96.08702,21.44882],[96.08707,21.44791],[96.08645,21.44791],[96.08639,21.44841],[96.08606,21.44782],[96.08534,21.44795],[96.08562,21.4484],[96.08509,21.44899],[96.08388,21.44867],[96.08428,21.44709],[96.08509,21.44858],[96.08501,21.44537],[96.08409,21.44596],[96.08442,21.44704],[96.08409,21.44668],[96.08379,21.44722],[96.08361,21.44641],[96.08225,21.44721],[96.08264,21.44749],[96.08317,21.44686],[96.08326,21.44862],[96.08384,21.44844],[96.08383,21.45002],[96.08306,21.45006],[96.08282,21.44916],[96.08301,21.45056],[96.08262,21.45069],[96.08234,21.44974],[96.08272,21.4492],[96.08137,21.44933],[96.08113,21.4487],[96.08099,21.44924],[96.08055,21.44919],[96.08065,21.44798],[96.08012,21.44815],[96.07809,21.4495],[96.07862,21.44968],[96.07842,21.45013],[96.0778,21.45027],[96.07756,21.44968],[96.07562,21.45075],[96.07523,21.45175],[96.07499,21.4512],[96.07456,21.45134],[96.0748,21.45197],[96.07571,21.45179],[96.07611,21.45085],[96.07596,21.45193],[96.07528,21.45224],[96.07672,21.45266],[96.07663,21.45211],[96.0775,21.45185],[96.07755,21.45067],[96.07842,21.45068],[96.07841,21.45294],[96.07745,21.45311],[96.07755,21.45221],[96.07711,21.4523],[96.07696,21.45465],[96.07609,21.45437],[96.07676,21.45442],[96.07701,21.4537],[96.07493,21.45333],[96.07503,21.45382],[96.0746,21.45373],[96.07426,21.45409],[96.07464,21.45432],[96.07416,21.45441],[96.07469,21.45477],[96.07401,21.45477],[96.07449,21.45545],[96.07338,21.45526],[96.07275,21.45652],[96.07266,21.45544],[96.07227,21.45544],[96.07271,21.45512],[96.07189,21.45508],[96.07193,21.4558],[96.07145,21.45516],[96.07048,21.45647],[96.07136,21.45462],[96.07102,21.45403],[96.0717,21.45385],[96.0719,21.45309],[96.07146,21.45313],[96.07238,21.45228],[96.07195,21.45187],[96.07287,21.45088],[96.07277,21.45187],[96.07311,21.45169],[96.07311,21.45088],[96.07438,21.44912],[96.07424,21.44799],[96.07266,21.44573],[96.07286,21.44342],[96.07446,21.4419],[96.07591,21.44204],[96.0749,21.44163],[96.07345,21.44216],[96.07262,21.44365],[96.07242,21.44532],[96.07404,21.44822],[96.07409,21.44939],[96.07302,21.45056],[96.07152,21.45083],[96.07118,21.45214],[96.0704,21.45281],[96.07074,21.45335],[96.07006,21.45434],[96.07102,21.45376],[96.0696,21.45841],[96.07003,21.46031],[96.06954,21.46017],[96.06964,21.46067],[96.06906,21.46085],[96.06945,21.45963],[96.06853,21.45949],[96.06815,21.46016],[96.06843,21.46075],[96.068,21.4608],[96.06785,21.46147],[96.06891,21.46143],[96.06901,21.46098],[96.06968,21.4613],[96.07012,21.46067],[96.07065,21.46117],[96.06983,21.46157],[96.06978,21.46211],[96.07069,21.46216],[96.07099,21.46126],[96.07142,21.46198],[96.07122,21.46298],[96.07194,21.46303],[96.07243,21.46222],[96.07286,21.46285],[96.07431,21.46331],[96.07464,21.46381],[96.07363,21.46335],[96.07377,21.46439],[96.07223,21.46438],[96.07135,21.46497],[96.07149,21.46592],[96.07313,21.46633],[96.0743,21.46539],[96.07496,21.46692],[96.07212,21.46678],[96.07028,21.4674],[96.07144,21.4665],[96.07125,21.46609],[96.06971,21.46627],[96.07024,21.46505],[96.06889,21.4655],[96.06884,21.46599],[96.06851,21.46541],[96.06899,21.46473],[96.06904,21.46509],[96.06976,21.46509],[96.06943,21.46378],[96.06991,21.46406],[96.07035,21.46293],[96.07083,21.46284],[96.06944,21.46265],[96.06959,21.46162],[96.06785,21.46179],[96.06687,21.4649],[96.06812,21.46446],[96.06725,21.46472],[96.06735,21.46545],[96.06701,21.46495],[96.06638,21.46607],[96.06546,21.46648],[96.0669,21.46716],[96.06783,21.46635],[96.06744,21.46685],[96.06772,21.46748],[96.06826,21.46658],[96.0699,21.46659],[96.06941,21.46744],[96.07023,21.46763],[96.06922,21.46803],[96.06936,21.46839],[96.0681,21.46997],[96.06757,21.46892],[96.06873,21.46843],[96.06709,21.4682],[96.067,21.46784],[96.06772,21.46753],[96.06599,21.46702],[96.06622,21.4682],[96.06714,21.46888],[96.06713,21.4701],[96.06742,21.46969],[96.0679,21.47001],[96.06742,21.47028],[96.0679,21.47046],[96.06785,21.47141],[96.06838,21.47214],[96.06896,21.4716],[96.06905,21.47205],[96.07112,21.47255],[96.07281,21.47414],[96.07155,21.47369],[96.07093,21.47291],[96.07165,21.47396],[96.07329,21.4746],[96.07304,21.47527],[96.07362,21.47473],[96.07381,21.47559],[96.07454,21.47537],[96.0742,21.47514],[96.07449,21.47487],[96.07574,21.47565],[96.07507,21.47487],[96.07503,21.47397],[96.07435,21.47401],[96.07478,21.47469],[96.07401,21.4746],[96.07392,21.47361],[96.07238,21.4722],[96.0706,21.47196],[96.07022,21.47092],[96.07099,21.46971],[96.07066,21.46876],[96.06945,21.46884],[96.06819,21.47105],[96.06834,21.46992],[96.06999,21.4679],[96.07008,21.46844],[96.07124,21.46862],[96.07081,21.4679],[96.07163,21.46817],[96.07216,21.46754],[96.0724,21.46813],[96.07187,21.4689],[96.07438,21.46814],[96.07496,21.46855],[96.07505,21.46954],[96.07548,21.4695],[96.07496,21.46769],[96.07395,21.46746],[96.07361,21.46782],[96.07337,21.46732],[96.07241,21.46723],[96.07366,21.46692],[96.07636,21.46792],[96.07568,21.46833],[96.07621,21.46883],[96.07582,21.46896],[96.07635,21.47068],[96.07711,21.47213],[96.0787,21.47254],[96.07895,21.47168],[96.07852,21.47078],[96.07707,21.46987],[96.07678,21.47073],[96.07649,21.46987],[96.07688,21.46955],[96.0777,21.46987],[96.07933,21.47164],[96.07915,21.47051],[96.07857,21.47033],[96.07867,21.46961],[96.0791,21.46952],[96.07906,21.46839],[96.08007,21.46821],[96.08003,21.46767],[96.07921,21.46789],[96.0794,21.46694],[96.08042,21.46686],[96.08051,21.4674],[96.08085,21.46699],[96.07975,21.46591],[96.07897,21.46599],[96.07892,21.46717],[96.07805,21.46716],[96.07762,21.46657],[96.07787,21.46499],[96.07661,21.46544],[96.07609,21.46453],[96.07642,21.46539],[96.07546,21.4653],[96.07527,21.46412],[96.07483,21.46408],[96.0758,21.46381],[96.07465,21.46209],[96.07591,21.4616],[96.07616,21.4602],[96.07577,21.45943],[96.07577,21.46096],[96.07495,21.46101],[96.07471,21.45997],[96.07389,21.4601],[96.07403,21.46154],[96.07485,21.46168],[96.07436,21.46218],[96.07234,21.46181],[96.07215,21.46054],[96.0735,21.45964],[96.07293,21.45896],[96.07332,21.45847],[96.0738,21.4587],[96.07384,21.45969],[96.0749,21.4597],[96.07558,21.45925],[96.07549,21.4588],[96.07611,21.45898],[96.07728,21.45799],[96.07834,21.45777],[96.07825,21.45705],[96.07877,21.45786],[96.08013,21.45714],[96.08022,21.45787],[96.0808,21.45814],[96.08148,21.45697],[96.08086,21.45624],[96.08197,21.45593],[96.08207,21.45476],[96.08135,21.45444],[96.0826,21.4544],[96.08226,21.4558],[96.08289,21.45562],[96.08308,21.45485],[96.08414,21.45562],[96.08375,21.45648],[96.08313,21.45589],[96.08255,21.45602],[96.08269,21.45706],[96.08225,21.45733],[96.08177,21.45652],[96.0823,21.45611],[96.08163,21.45625],[96.08196,21.45765],[96.08162,21.45787],[96.08234,21.45815],[96.08215,21.45778],[96.08268,21.45747],[96.08297,21.45788],[96.0837,21.45779],[96.08384,21.45734],[96.08447,21.45793],[96.08422,21.45865],[96.08336,21.45824],[96.08407,21.45955],[96.08456,21.45892],[96.08519,21.45897],[96.08504,21.45825],[96.08562,21.45879],[96.08572,21.45762],[96.08495,21.45807],[96.08447,21.45707],[96.08496,21.45658],[96.08486,21.45563],[96.08626,21.45586],[96.08603,21.45414],[96.08671,21.4541],[96.08685,21.45347],[96.08574,21.45369],[96.0856,21.45238],[96.08671,21.4522],[96.08691,21.45171],[96.08783,21.45185],[96.08681,21.45265],[96.08738,21.45343],[96.08768,21.45239],[96.08797,21.45284],[96.08908,21.45266],[96.08918,21.45212],[96.08831,21.45207],[96.08836,21.45126],[96.08783,21.45121],[96.08841,21.45117],[96.08875,21.45],[96.0889,21.45]],[[96.07961,21.45371],[96.08077,21.45462],[96.07903,21.4556],[96.07841,21.45393],[96.07923,21.45371],[96.07961,21.45371]],[[96.0708,21.46013],[96.07046,21.46017],[96.07109,21.46],[96.07119,21.45905],[96.07043,21.45778],[96.07115,21.45733],[96.07182,21.45882],[96.07148,21.45932],[96.0723,21.45973],[96.07195,21.46122],[96.07137,21.46122],[96.0708,21.46022],[96.0708,21.46013]]],[[[96.12497,21.47612],[96.12574,21.47567],[96.12411,21.4744],[96.12469,21.47431],[96.1255,21.47499],[96.1257,21.47459],[96.12608,21.47509],[96.12604,21.47427],[96.12416,21.47354],[96.12417,21.47196],[96.12315,21.47345],[96.12364,21.47083],[96.1232,21.47173],[96.12253,21.47128],[96.12258,21.47056],[96.12195,21.47046],[96.12219,21.47186],[96.12272,21.47223],[96.12247,21.47345],[96.1231,21.47367],[96.12155,21.47502],[96.12468,21.47612],[96.12497,21.47612]]],[[[96.05701,21.47683],[96.05783,21.47611],[96.05702,21.47516],[96.05774,21.4748],[96.05823,21.47349],[96.05881,21.47349],[96.05882,21.473],[96.05848,21.47327],[96.05877,21.47227],[96.05911,21.473],[96.0594,21.47273],[96.06023,21.46921],[96.05937,21.46862],[96.06033,21.4688],[96.06063,21.46758],[96.06155,21.46709],[96.06218,21.46592],[96.06155,21.46583],[96.06108,21.46501],[96.06113,21.46393],[96.06026,21.46379],[96.05973,21.46487],[96.06054,21.46564],[96.06084,21.46483],[96.06083,21.46569],[96.06141,21.4661],[96.06001,21.46582],[96.05894,21.46654],[96.05912,21.46997],[96.05897,21.47051],[96.05835,21.47051],[96.05854,21.47105],[96.05897,21.47056],[96.05907,21.47128],[96.05848,21.47173],[96.05892,21.47209],[96.05858,21.47277],[96.05829,21.47241],[96.05771,21.47295],[96.0579,21.47344],[96.05703,21.47322],[96.0562,21.47398],[96.05707,21.47466],[96.05687,21.47683],[96.05701,21.47683]]],[[[96.12905,21.48025],[96.12997,21.48021],[96.1305,21.47958],[96.12988,21.4779],[96.13061,21.47795],[96.13051,21.47723],[96.13138,21.47723],[96.13133,21.47682],[96.1323,21.47633],[96.13197,21.47547],[96.13081,21.47502],[96.13082,21.47384],[96.13019,21.47397],[96.13038,21.47479],[96.12975,21.47587],[96.12859,21.47573],[96.12811,21.47519],[96.12805,21.47663],[96.12733,21.47649],[96.12825,21.47681],[96.128,21.47758],[96.12733,21.47722],[96.128,21.47767],[96.12809,21.47839],[96.12862,21.47835],[96.12891,21.47907],[96.12857,21.47916],[96.1292,21.47912],[96.12838,21.47948],[96.12847,21.47984],[96.12886,21.47962],[96.12891,21.48025],[96.12905,21.48025]]],[[[96.13151,21.48039],[96.13181,21.47936],[96.13219,21.47994],[96.13282,21.47972],[96.13273,21.4785],[96.13321,21.47855],[96.13292,21.47801],[96.13205,21.47791],[96.13297,21.4776],[96.13254,21.47678],[96.13317,21.47638],[96.1322,21.47669],[96.13249,21.4771],[96.13152,21.47836],[96.13036,21.47818],[96.13075,21.47881],[96.13157,21.47877],[96.13108,21.47877],[96.13074,21.47958],[96.13137,21.47958],[96.13141,21.48039],[96.13151,21.48039]]],[[[96.1355,21.47305],[96.13473,21.47286],[96.13506,21.47377],[96.13612,21.47436],[96.13602,21.47594],[96.13496,21.47557],[96.13467,21.47598],[96.13448,21.47517],[96.13365,21.4762],[96.13495,21.47711],[96.135,21.4777],[96.13558,21.47806],[96.13616,21.47779],[96.13678,21.47834],[96.13529,21.4782],[96.13577,21.47887],[96.13547,21.47919],[96.1349,21.47896],[96.1349,21.47792],[96.13432,21.47778],[96.13441,21.47982],[96.13407,21.47995],[96.13479,21.48014],[96.13591,21.47933],[96.13494,21.48023],[96.1359,21.48032],[96.1361,21.47982],[96.13619,21.48077],[96.13663,21.48078],[96.13736,21.47924],[96.13658,21.47937],[96.13625,21.47888],[96.13702,21.47843],[96.1375,21.47906],[96.1377,21.47852],[96.13592,21.47725],[96.13693,21.4777],[96.13751,21.4773],[96.13746,21.47662],[96.13709,21.4745],[96.13617,21.4744],[96.13627,21.4735],[96.1355,21.47296],[96.1355,21.47305]]],[[[95.85836,21.47001],[95.85788,21.47023],[95.85692,21.46923],[95.85644,21.46927],[95.85654,21.46869],[95.85567,21.46895],[95.856,21.47045],[95.85615,21.46963],[95.85692,21.46959],[95.85677,21.47049],[95.85735,21.47018],[95.85739,21.47063],[95.85773,21.47027],[95.85831,21.47077],[95.85816,21.47177],[95.85758,21.47158],[95.85763,21.47217],[95.85714,21.47221],[95.85691,21.4714],[95.85652,21.4714],[95.85603,21.47221],[95.85656,21.47239],[95.85646,21.4737],[95.85583,21.47311],[95.85598,21.47356],[95.85511,21.47392],[95.85505,21.47455],[95.85443,21.47414],[95.85462,21.47455],[95.85414,21.47432],[95.85394,21.47486],[95.85259,21.47454],[95.85206,21.4749],[95.85177,21.47444],[95.85201,21.47526],[95.85167,21.47498],[95.8509,21.4757],[95.8522,21.47598],[95.85379,21.47545],[95.85364,21.47612],[95.85297,21.47648],[95.85417,21.47689],[95.8548,21.47658],[95.85474,21.47776],[95.85518,21.47803],[95.85513,21.4774],[95.85551,21.4779],[95.85614,21.47772],[95.8557,21.47876],[95.85503,21.47866],[95.85537,21.47826],[95.85465,21.47794],[95.85469,21.47911],[95.85599,21.47943],[95.85598,21.48016],[95.85656,21.47966],[95.85632,21.48088],[95.85728,21.48089],[95.85742,21.48143],[95.8608,21.48082],[95.86303,21.47979],[95.86472,21.48034],[95.86496,21.47944],[95.86569,21.47913],[95.86565,21.47804],[95.86716,21.47602],[95.86718,21.47277],[95.86897,21.4712],[95.86914,21.46826],[95.86866,21.4679],[95.86897,21.46478],[95.86753,21.46211],[95.86585,21.46219],[95.86547,21.46097],[95.86508,21.46164],[95.86479,21.4611],[95.86445,21.4615],[95.86378,21.46136],[95.86295,21.46249],[95.86164,21.46284],[95.86092,21.46239],[95.86082,21.46302],[95.86019,21.46288],[95.85995,21.46347],[95.86082,21.46361],[95.8611,21.46442],[95.8626,21.46438],[95.86289,21.46475],[95.86086,21.46474],[95.8594,21.46568],[95.86061,21.46564],[95.86172,21.46659],[95.86312,21.46637],[95.86325,21.46741],[95.86035,21.46839],[95.85948,21.46934],[95.859,21.46888],[95.85919,21.46983],[95.85846,21.47001],[95.85836,21.47001]]],[[[96.05143,21.48281],[96.05148,21.48164],[96.05216,21.48123],[96.05216,21.48069],[96.05082,21.4801],[96.0499,21.48023],[96.04984,21.4819],[96.05129,21.48281],[96.05143,21.48281]]],[[[96.10389,21.48403],[96.10394,21.48259],[96.10462,21.48182],[96.10438,21.48141],[96.10322,21.48132],[96.10336,21.48331],[96.10292,21.48353],[96.10365,21.48403],[96.10389,21.48403]]],[[[96.10306,21.48489],[96.10269,21.48249],[96.10225,21.48249],[96.10255,21.48199],[96.10173,21.48109],[96.10153,21.48167],[96.10221,21.48222],[96.1011,21.48244],[96.10177,21.48321],[96.1023,21.4829],[96.10186,21.48371],[96.10244,21.48452],[96.10282,21.48425],[96.10301,21.48489],[96.10306,21.48489]]],[[[96.11397,21.48543],[96.11368,21.48516],[96.11402,21.48466],[96.11469,21.48539],[96.11537,21.48467],[96.11446,21.4834],[96.11383,21.48353],[96.11388,21.4847],[96.11339,21.48506],[96.11392,21.48543],[96.11397,21.48543]]],[[[96.07183,21.48579],[96.07208,21.48444],[96.07054,21.48398],[96.07059,21.48339],[96.07001,21.48307],[96.07039,21.48452],[96.0701,21.48502],[96.07048,21.48524],[96.07044,21.48457],[96.07111,21.48448],[96.07097,21.48516],[96.07178,21.48579],[96.07183,21.48579]]],[[[96.11393,21.48317],[96.11263,21.48334],[96.11461,21.48222],[96.11476,21.48078],[96.11442,21.48096],[96.11438,21.48042],[96.11389,21.48068],[96.11414,21.48005],[96.11259,21.48063],[96.11254,21.48122],[96.11341,21.48131],[96.1135,21.48177],[96.11268,21.48154],[96.112,21.48217],[96.1119,21.48289],[96.11253,21.48334],[96.11152,21.48271],[96.11239,21.48131],[96.11196,21.48068],[96.11167,21.48221],[96.1108,21.48252],[96.11089,21.48392],[96.11006,21.48415],[96.11002,21.4832],[96.10968,21.48351],[96.10987,21.48473],[96.10852,21.48419],[96.10799,21.48441],[96.10905,21.485],[96.11059,21.4851],[96.11122,21.48478],[96.1105,21.48474],[96.11089,21.48397],[96.11181,21.48352],[96.11175,21.48465],[96.11107,21.48533],[96.11203,21.48623],[96.11281,21.4847],[96.11349,21.48443],[96.1133,21.4833],[96.11393,21.48321],[96.11393,21.48317]]],[[[96.13583,21.48683],[96.13617,21.48647],[96.13544,21.48615],[96.13641,21.48615],[96.13674,21.48665],[96.13723,21.48633],[96.13733,21.48493],[96.1368,21.48416],[96.13714,21.48335],[96.13584,21.48407],[96.13661,21.48466],[96.13617,21.48601],[96.13434,21.48501],[96.13458,21.48402],[96.13391,21.48406],[96.13404,21.48682],[96.13568,21.48682],[96.13583,21.48683]]],[[[96.11053,21.48776],[96.11101,21.48758],[96.11136,21.48628],[96.11088,21.4856],[96.11006,21.48537],[96.11025,21.48591],[96.10972,21.4864],[96.1102,21.48659],[96.10962,21.48667],[96.109,21.48563],[96.10851,21.48604],[96.1076,21.48509],[96.10658,21.48517],[96.10653,21.48644],[96.10971,21.48677],[96.11015,21.48713],[96.10995,21.48762],[96.11048,21.48776],[96.11053,21.48776]]],[[[96.06242,21.47532],[96.06306,21.4727],[96.06254,21.47216],[96.06236,21.46935],[96.06139,21.46903],[96.06193,21.468],[96.06164,21.46777],[96.06081,21.46899],[96.06144,21.46989],[96.06086,21.46939],[96.06085,21.47084],[96.06047,21.47088],[96.06071,21.47138],[96.06012,21.47174],[96.05988,21.47309],[96.06167,21.47233],[96.06167,21.47188],[96.06066,21.47156],[96.06167,21.47165],[96.06139,21.47021],[96.06187,21.46967],[96.06163,21.47025],[96.06235,21.4703],[96.06182,21.47035],[96.0623,21.47148],[96.06186,21.47138],[96.06186,21.47256],[96.06128,21.47296],[96.06248,21.47328],[96.06238,21.47401],[96.06204,21.47382],[96.0619,21.47423],[96.0619,21.47351],[96.06147,21.47342],[96.06089,21.47355],[96.06079,21.47414],[96.06141,21.47441],[96.05953,21.47436],[96.05967,21.47494],[96.06088,21.47513],[96.0602,21.47508],[96.06025,21.47603],[96.05982,21.47522],[96.05933,21.47553],[96.05966,21.47743],[96.05855,21.47819],[96.0581,21.48013],[96.05651,21.48098],[96.05535,21.48102],[96.0551,21.48283],[96.05631,21.48274],[96.05616,21.4831],[96.05398,21.48368],[96.05408,21.48296],[96.05486,21.4826],[96.05457,21.48228],[96.05496,21.4822],[96.05491,21.4812],[96.05347,21.48115],[96.05279,21.48038],[96.05299,21.47984],[96.05207,21.47992],[96.0527,21.48065],[96.0522,21.48282],[96.05282,21.48395],[96.05214,21.48503],[96.05301,21.4844],[96.05291,21.48566],[96.05185,21.48602],[96.05233,21.48544],[96.05118,21.48511],[96.05171,21.48476],[96.05152,21.48399],[96.05085,21.48317],[96.04988,21.48308],[96.0507,21.48434],[96.04978,21.48488],[96.04978,21.48542],[96.05017,21.48484],[96.05055,21.48534],[96.04997,21.48597],[96.05107,21.48624],[96.05088,21.4871],[96.05117,21.48647],[96.05141,21.48683],[96.05199,21.48661],[96.05121,21.48737],[96.05126,21.48801],[96.05208,21.48792],[96.05228,21.48733],[96.05324,21.48693],[96.05334,21.48765],[96.05401,21.48734],[96.05392,21.4877],[96.05464,21.48793],[96.05575,21.48721],[96.05575,21.48685],[96.05517,21.48726],[96.05464,21.48671],[96.05455,21.48721],[96.05411,21.48698],[96.05547,21.4855],[96.05649,21.48518],[96.05523,21.48531],[96.05407,21.48662],[96.05335,21.48589],[96.05417,21.48599],[96.05383,21.48549],[96.05456,21.48463],[96.05736,21.48478],[96.05713,21.48221],[96.05809,21.48234],[96.05751,21.48279],[96.0578,21.48293],[96.05911,21.48212],[96.05917,21.47923],[96.06043,21.4782],[96.06014,21.47761],[96.06058,21.47815],[96.06188,21.47798],[96.06197,21.47879],[96.06279,21.47893],[96.06269,21.47984],[96.06317,21.48002],[96.06324,21.47704],[96.06256,21.47681],[96.06261,21.47627],[96.06232,21.47672],[96.06232,21.47627],[96.06141,21.47599],[96.06242,21.47563],[96.06242,21.47532]]],[[[95.96727,21.48851],[95.96733,21.48739],[95.96579,21.48724],[95.9627,21.48601],[95.9625,21.48741],[95.96352,21.48696],[95.96299,21.48736],[95.96308,21.48831],[95.96429,21.48782],[95.96718,21.48851],[95.96727,21.48851]]],[[[96.06791,21.47868],[96.06777,21.47819],[96.06791,21.47868],[96.06839,21.47832],[96.06819,21.48063],[96.06678,21.48293],[96.06562,21.48306],[96.06566,21.48378],[96.06508,21.48364],[96.06494,21.48405],[96.06427,21.48341],[96.06464,21.48477],[96.06349,21.48404],[96.06349,21.48458],[96.06296,21.48435],[96.06165,21.48543],[96.06083,21.48534],[96.06194,21.48602],[96.06271,21.48535],[96.06208,21.48611],[96.06304,21.48652],[96.06217,21.48697],[96.06313,21.48752],[96.06366,21.48851],[96.06405,21.48811],[96.06439,21.48811],[96.06419,21.48852],[96.0654,21.48816],[96.06463,21.48825],[96.06492,21.48716],[96.06362,21.48711],[96.06473,21.48639],[96.06435,21.48603],[96.06459,21.48558],[96.0655,21.48649],[96.06604,21.48626],[96.06609,21.48586],[96.06561,21.48577],[96.06624,21.48523],[96.06623,21.48572],[96.06686,21.48586],[96.06657,21.48505],[96.06866,21.48357],[96.06842,21.48284],[96.07069,21.48163],[96.07291,21.48232],[96.07339,21.48191],[96.07316,21.48128],[96.07481,21.47939],[96.07374,21.48006],[96.07403,21.47957],[96.07355,21.4797],[96.07331,21.47916],[96.07389,21.47885],[96.07269,21.47848],[96.07191,21.47965],[96.07158,21.47893],[96.07042,21.4786],[96.07061,21.47811],[96.06965,21.47887],[96.06758,21.47764],[96.06728,21.47967],[96.06669,21.48035],[96.06708,21.47945],[96.06646,21.47859],[96.06719,21.47859],[96.06734,21.47742],[96.06878,21.47738],[96.06926,21.47797],[96.06966,21.47666],[96.06989,21.47806],[96.07067,21.47716],[96.07004,21.47702],[96.07004,21.47643],[96.07086,21.47689],[96.07125,21.47644],[96.07082,21.47585],[96.06976,21.47607],[96.07025,21.47377],[96.06996,21.47327],[96.07078,21.4735],[96.06948,21.47255],[96.06909,21.47376],[96.06972,21.47404],[96.06884,21.47521],[96.06866,21.47241],[96.06746,21.47177],[96.06784,21.47263],[96.06736,21.47258],[96.06721,21.47303],[96.06717,21.47177],[96.06693,21.47231],[96.06654,21.47208],[96.06673,21.47317],[96.06562,21.47285],[96.06577,21.47172],[96.06419,21.47049],[96.0636,21.47257],[96.06398,21.47302],[96.06345,21.47306],[96.06393,21.47325],[96.06383,21.47428],[96.06484,21.4747],[96.06402,21.47487],[96.06319,21.4764],[96.06372,21.4774],[96.06357,21.47817],[96.06415,21.47767],[96.06453,21.4779],[96.06443,21.47849],[96.06381,21.47817],[96.06448,21.47921],[96.06374,21.48151],[96.06452,21.48161],[96.0636,21.48232],[96.06447,21.48192],[96.06499,21.48228],[96.06413,21.48251],[96.06403,21.483],[96.06509,21.48265],[96.06514,21.48206],[96.06548,21.48238],[96.06596,21.48202],[96.06601,21.48143],[96.06538,21.48156],[96.06597,21.48111],[96.06611,21.48184],[96.06674,21.48157],[96.06791,21.47909],[96.06791,21.47868]],[[96.06617,21.47841],[96.06578,21.47913],[96.06579,21.47696],[96.06657,21.47547],[96.06518,21.47465],[96.06538,21.47366],[96.06494,21.47379],[96.06499,21.47452],[96.0645,21.47442],[96.0647,21.47334],[96.06571,21.47343],[96.06571,21.4747],[96.06706,21.47439],[96.06682,21.47353],[96.06726,21.47321],[96.06788,21.47417],[96.06832,21.47331],[96.06807,21.4757],[96.06773,21.47566],[96.06788,21.47498],[96.06677,21.47502],[96.06701,21.47592],[96.06633,21.47628],[96.06594,21.47727],[96.06617,21.47822],[96.06617,21.47841]]],[[[96.10565,21.48987],[96.10685,21.48937],[96.10681,21.48892],[96.10715,21.48915],[96.1072,21.48856],[96.10748,21.48888],[96.1084,21.48848],[96.10816,21.48789],[96.10904,21.48753],[96.10927,21.48816],[96.10971,21.48776],[96.10942,21.48708],[96.10807,21.48726],[96.10774,21.4868],[96.10735,21.48739],[96.1074,21.4868],[96.10701,21.48684],[96.10706,21.4873],[96.10658,21.48702],[96.10609,21.48788],[96.10406,21.48841],[96.10426,21.48783],[96.1059,21.48752],[96.106,21.48666],[96.10435,21.48765],[96.10363,21.48737],[96.10271,21.48791],[96.10372,21.48927],[96.10545,21.48987],[96.10565,21.48987]]],[[[96.09661,21.491],[96.09681,21.4901],[96.09787,21.49015],[96.09763,21.48974],[96.09696,21.48987],[96.09739,21.48974],[96.0973,21.48929],[96.09672,21.48938],[96.09711,21.48897],[96.09619,21.48879],[96.09605,21.48779],[96.09523,21.48847],[96.09436,21.48783],[96.09412,21.48855],[96.0945,21.48892],[96.09537,21.48869],[96.09561,21.48978],[96.09686,21.48969],[96.09628,21.49028],[96.09652,21.491],[96.09661,21.491]]],[[[96.05844,21.48971],[96.05883,21.4894],[96.0584,21.48894],[96.05714,21.48889],[96.05806,21.48966],[96.05699,21.49015],[96.05767,21.49016],[96.05762,21.49056],[96.05872,21.49125],[96.05804,21.49197],[96.05881,21.49233],[96.05892,21.4908],[96.05844,21.4898],[96.05844,21.48971]]],[[[96.06986,21.49306],[96.06992,21.49197],[96.07122,21.49184],[96.07065,21.49071],[96.07118,21.48977],[96.07162,21.48972],[96.07166,21.4904],[96.07215,21.49027],[96.07254,21.48968],[96.07181,21.48968],[96.07181,21.48927],[96.07336,21.48919],[96.07365,21.48806],[96.07278,21.4881],[96.0724,21.48765],[96.071,21.48818],[96.07071,21.48877],[96.06989,21.48872],[96.07017,21.48917],[96.06945,21.48998],[96.06988,21.49026],[96.06944,21.49012],[96.06901,21.49066],[96.07002,21.49121],[96.07007,21.49053],[96.0705,21.49053],[96.07016,21.49125],[96.06944,21.49125],[96.06972,21.49202],[96.06934,21.49116],[96.06814,21.49079],[96.06891,21.49021],[96.06756,21.48979],[96.06703,21.49038],[96.06665,21.49002],[96.06857,21.49143],[96.06808,21.49187],[96.06861,21.49206],[96.06895,21.49165],[96.0689,21.49233],[96.06977,21.49306],[96.06986,21.49306]]],[[[96.07396,21.49457],[96.07454,21.49353],[96.07377,21.49321],[96.07445,21.49321],[96.07469,21.49258],[96.07513,21.49303],[96.07518,21.49227],[96.07484,21.4924],[96.07455,21.49159],[96.07301,21.49163],[96.07257,21.49257],[96.07132,21.49248],[96.07112,21.49311],[96.07059,21.49292],[96.07069,21.49234],[96.07016,21.49234],[96.07054,21.49351],[96.07155,21.49383],[96.07305,21.4928],[96.07295,21.49361],[96.07353,21.49375],[96.07193,21.49411],[96.07381,21.49456],[96.07396,21.49457]]],[[[96.31473,21.49177],[96.31096,21.49352],[96.30807,21.49361],[96.30719,21.49442],[96.30831,21.49401],[96.31096,21.4942],[96.31188,21.49321],[96.31241,21.49362],[96.31256,21.49317],[96.31584,21.49155],[96.31512,21.49177],[96.31473,21.49177]]],[[[96.05007,21.49478],[96.05041,21.49455],[96.05012,21.49405],[96.05069,21.49455],[96.05104,21.49397],[96.05046,21.49279],[96.04886,21.49387],[96.04901,21.49432],[96.04949,21.49387],[96.04944,21.49459],[96.04997,21.4941],[96.05002,21.49478],[96.05007,21.49478]]],[[[96.06841,21.49522],[96.06889,21.49409],[96.07024,21.49478],[96.06985,21.49504],[96.07053,21.49487],[96.07015,21.4941],[96.07102,21.4941],[96.06991,21.49383],[96.06996,21.49342],[96.06962,21.49382],[96.0688,21.49355],[96.0686,21.49436],[96.06744,21.49449],[96.06836,21.49522],[96.06841,21.49522]]],[[[96.06049,21.49541],[96.06016,21.49387],[96.06084,21.49347],[96.06055,21.49216],[96.0605,21.49351],[96.05992,21.49369],[96.05925,21.4926],[96.05891,21.49328],[96.05905,21.49405],[96.05963,21.49419],[96.05929,21.49464],[96.06001,21.49473],[96.05933,21.49509],[96.06044,21.49541],[96.06049,21.49541]]],[[[96.05136,21.49609],[96.05132,21.49537],[96.05219,21.49501],[96.05277,21.49501],[96.05291,21.49533],[96.05233,21.49551],[96.05305,21.49565],[96.0533,21.49506],[96.0546,21.49516],[96.0547,21.49421],[96.05321,21.49443],[96.05272,21.49492],[96.0519,21.4946],[96.05137,21.49523],[96.05103,21.49469],[96.05103,21.49541],[96.05089,21.49501],[96.0504,21.49519],[96.05107,21.49609],[96.05136,21.49609]]],[[[96.10108,21.49617],[96.10166,21.49581],[96.10132,21.49545],[96.10248,21.49559],[96.10297,21.49473],[96.10234,21.49432],[96.1023,21.49329],[96.10075,21.49373],[96.10055,21.49472],[96.10103,21.49617],[96.10108,21.49617]]],[[[96.06743,21.49716],[96.06951,21.49662],[96.06994,21.49703],[96.07091,21.49564],[96.06879,21.49649],[96.06637,21.49661],[96.06618,21.49593],[96.06584,21.49607],[96.06623,21.49679],[96.06738,21.49716],[96.06743,21.49716]]],[[[96.10397,21.49722],[96.10489,21.49686],[96.1048,21.49537],[96.10562,21.49506],[96.10543,21.49474],[96.10422,21.49487],[96.10349,21.49586],[96.10431,21.49609],[96.10383,21.49722],[96.10397,21.49722]]],[[[96.12947,21.49353],[96.12962,21.49263],[96.12821,21.49493],[96.12677,21.49415],[96.12657,21.49501],[96.12792,21.49538],[96.12801,21.49628],[96.12946,21.49638],[96.12999,21.49746],[96.1297,21.49606],[96.13043,21.49584],[96.13087,21.49458],[96.13029,21.49444],[96.12927,21.4952],[96.13024,21.49444],[96.13,21.49408],[96.13164,21.49431],[96.13213,21.49368],[96.13362,21.49377],[96.13382,21.49314],[96.13338,21.49309],[96.13348,21.49251],[96.13213,21.49286],[96.1331,21.49287],[96.13338,21.4935],[96.1328,21.49323],[96.13082,21.49394],[96.12952,21.49353],[96.12947,21.49353]]],[[[96.06507,21.49529],[96.06488,21.49471],[96.06527,21.49462],[96.0657,21.49521],[96.06473,21.4957],[96.06526,21.49706],[96.06512,21.49566],[96.06667,21.49562],[96.06642,21.49629],[96.06715,21.4963],[96.06677,21.4939],[96.06567,21.49299],[96.06484,21.49335],[96.06479,21.49367],[96.06557,21.49367],[96.06474,21.4938],[96.0645,21.49475],[96.0645,21.49376],[96.06315,21.49447],[96.0628,21.49623],[96.06111,21.49654],[96.0613,21.49722],[96.06203,21.49691],[96.06222,21.49718],[96.06164,21.49754],[96.06265,21.49754],[96.0626,21.49709],[96.06323,21.49678],[96.06314,21.49587],[96.06377,21.49592],[96.06377,21.49524],[96.0644,21.4948],[96.06488,21.49529],[96.06507,21.49529]]],[[[96.04786,21.49255],[96.04887,21.49369],[96.04907,21.49179],[96.04955,21.49184],[96.04955,21.49265],[96.05153,21.49234],[96.0521,21.49284],[96.05312,21.4924],[96.05229,21.49348],[96.05277,21.49384],[96.05369,21.49375],[96.05374,21.49308],[96.05475,21.49349],[96.05476,21.49249],[96.05533,21.49376],[96.05558,21.49245],[96.05557,21.49385],[96.05702,21.49418],[96.05648,21.49539],[96.05745,21.49499],[96.05817,21.49554],[96.05875,21.49482],[96.05769,21.49431],[96.05809,21.49296],[96.05881,21.49323],[96.05794,21.49269],[96.05824,21.49246],[96.05708,21.49214],[96.05741,21.4926],[96.05683,21.49291],[96.05616,21.49246],[96.05592,21.49155],[96.05467,21.49209],[96.05544,21.49164],[96.05544,21.49105],[96.05341,21.49145],[96.05351,21.49186],[96.0525,21.4914],[96.05274,21.49077],[96.05182,21.49081],[96.05158,21.49135],[96.05159,21.48968],[96.05222,21.48891],[96.05135,21.48932],[96.05053,21.48904],[96.05029,21.48958],[96.04947,21.48917],[96.04898,21.48994],[96.04826,21.48939],[96.04908,21.48872],[96.0488,21.48845],[96.04967,21.48813],[96.05029,21.48872],[96.05135,21.48882],[96.05324,21.48779],[96.0514,21.4885],[96.05034,21.4876],[96.04962,21.48786],[96.0502,21.48741],[96.04967,21.48682],[96.04774,21.48686],[96.04789,21.48641],[96.04731,21.48632],[96.04755,21.48682],[96.04629,21.48681],[96.04702,21.48708],[96.04696,21.48776],[96.04668,21.48717],[96.04566,21.48717],[96.04547,21.48757],[96.046,21.48767],[96.04628,21.48889],[96.04764,21.48813],[96.04812,21.48876],[96.04792,21.4893],[96.0473,21.48903],[96.04744,21.48948],[96.04696,21.48903],[96.04599,21.48938],[96.04613,21.49002],[96.04633,21.48938],[96.04676,21.49002],[96.04723,21.49219],[96.04776,21.49228],[96.04679,21.49287],[96.04699,21.49187],[96.04675,21.49128],[96.04665,21.49178],[96.04632,21.49133],[96.04612,21.49214],[96.04574,21.49214],[96.04597,21.49264],[96.04549,21.49263],[96.04588,21.49151],[96.04555,21.49155],[96.04531,21.49064],[96.04584,21.48979],[96.04502,21.4897],[96.04536,21.49001],[96.04464,21.49024],[96.04385,21.49226],[96.04462,21.49353],[96.0436,21.49375],[96.04272,21.49646],[96.04412,21.49633],[96.04466,21.49525],[96.04437,21.49493],[96.04557,21.49557],[96.04621,21.49467],[96.04479,21.49796],[96.04604,21.49806],[96.04562,21.49647],[96.04668,21.4963],[96.0473,21.49675],[96.04804,21.49513],[96.04862,21.49504],[96.04862,21.49454],[96.0478,21.49481],[96.04809,21.4945],[96.04766,21.49395],[96.04814,21.49332],[96.04766,21.49319],[96.04786,21.49278],[96.04786,21.49255]]],[[[96.04429,21.50171],[96.0453,21.50099],[96.04497,21.50004],[96.04453,21.50058],[96.0441,21.50013],[96.04313,21.50044],[96.04347,21.50094],[96.04299,21.5008],[96.04313,21.50143],[96.04443,21.50117],[96.04419,21.50171],[96.04429,21.50171]]],[[[96.05611,21.50262],[96.05674,21.50226],[96.05573,21.50122],[96.05529,21.5014],[96.0553,21.50049],[96.05472,21.50044],[96.05443,21.49981],[96.0525,21.50021],[96.05298,21.50098],[96.05366,21.50026],[96.05548,21.50221],[96.05597,21.50221],[96.05592,21.50262],[96.05611,21.50262]]],[[[96.29695,21.49881],[96.29225,21.50223],[96.29192,21.50205],[96.2923,21.50273],[96.29186,21.50318],[96.29153,21.50291],[96.29157,21.50358],[96.29331,21.50214],[96.29312,21.50147],[96.29394,21.50169],[96.29457,21.50093],[96.29554,21.50075],[96.29714,21.49886],[96.29888,21.49927],[96.29873,21.49886],[96.29835,21.49904],[96.29849,21.49823],[96.29835,21.49868],[96.29782,21.49814],[96.29695,21.49868],[96.29695,21.49881]]],[[[96.06093,21.50395],[96.06151,21.50337],[96.06137,21.50255],[96.06195,21.50233],[96.06123,21.50205],[96.06127,21.50251],[96.0606,21.50205],[96.06128,21.50178],[96.06094,21.50128],[96.06046,21.50192],[96.05993,21.50182],[96.06007,21.50101],[96.05925,21.50182],[96.05959,21.50114],[96.0593,21.50083],[96.05906,21.50119],[96.05781,21.50091],[96.05776,21.50127],[96.05616,21.50149],[96.05732,21.50177],[96.05717,21.50244],[96.05997,21.502],[96.05997,21.50268],[96.06084,21.50268],[96.05982,21.503],[96.06088,21.50318],[96.06035,21.50345],[96.06074,21.50395],[96.06093,21.50395]]],[[[96.28896,21.50403],[96.28983,21.50385],[96.28916,21.50335],[96.2881,21.50357],[96.28708,21.50307],[96.28675,21.50339],[96.28626,21.50276],[96.28482,21.50239],[96.28506,21.50275],[96.28467,21.50293],[96.28534,21.50397],[96.28588,21.5037],[96.28554,21.50348],[96.28655,21.5033],[96.28877,21.50403],[96.28896,21.50403]]],[[[96.0544,21.50573],[96.05436,21.50519],[96.05469,21.50568],[96.05638,21.50533],[96.05639,21.50497],[96.05547,21.5051],[96.05629,21.50483],[96.05664,21.50307],[96.05866,21.50358],[96.05886,21.50259],[96.0563,21.50271],[96.05552,21.50347],[96.05542,21.50483],[96.05446,21.50433],[96.05436,21.50491],[96.05383,21.50496],[96.05369,21.50441],[96.05354,21.50545],[96.05426,21.50573],[96.0544,21.50573]]],[[[96.12357,21.50629],[96.12387,21.50557],[96.12507,21.50535],[96.1257,21.50571],[96.1257,21.50494],[96.12604,21.50558],[96.12681,21.50522],[96.12769,21.50382],[96.12721,21.50355],[96.12609,21.50404],[96.12522,21.50521],[96.12324,21.50512],[96.12276,21.5057],[96.12333,21.50629],[96.12357,21.50629]]],[[[96.12197,21.50881],[96.12294,21.50837],[96.1227,21.50764],[96.12207,21.50728],[96.12154,21.50782],[96.12091,21.50714],[96.12125,21.50759],[96.12062,21.50854],[96.12192,21.50881],[96.12197,21.50881]]],[[[95.97903,21.50886],[95.98169,21.50842],[95.98174,21.50792],[95.98343,21.50842],[95.98334,21.50802],[95.98396,21.50775],[95.98358,21.50739],[95.98383,21.50671],[95.98334,21.50666],[95.98296,21.50549],[95.98234,21.50517],[95.98248,21.50603],[95.9831,21.50616],[95.98242,21.50688],[95.98315,21.5072],[95.9818,21.50711],[95.9818,21.50575],[95.98137,21.50598],[95.9806,21.5052],[95.98083,21.50638],[95.97958,21.50615],[95.97962,21.50719],[95.9804,21.5071],[95.98034,21.50796],[95.97967,21.50782],[95.97884,21.50885],[95.97903,21.50886]]],[[[96.04985,21.50959],[96.05009,21.50815],[96.04904,21.50729],[96.04633,21.50768],[96.04798,21.50638],[96.04875,21.50634],[96.0488,21.50683],[96.04933,21.50693],[96.04976,21.50657],[96.04957,21.50602],[96.04991,21.50616],[96.04962,21.5058],[96.04996,21.50571],[96.04919,21.5057],[96.04928,21.50629],[96.0489,21.50638],[96.04779,21.50552],[96.04793,21.50615],[96.04702,21.50606],[96.04667,21.50673],[96.04673,21.50601],[96.0462,21.50583],[96.04659,21.50529],[96.04842,21.50507],[96.04842,21.50557],[96.04909,21.50548],[96.04852,21.50462],[96.04891,21.50426],[96.04867,21.50358],[96.04828,21.50331],[96.04804,21.50453],[96.04814,21.50385],[96.04761,21.50385],[96.04742,21.50308],[96.04722,21.50384],[96.04669,21.50384],[96.04557,21.50506],[96.04557,21.50619],[96.04629,21.50664],[96.04638,21.50736],[96.04397,21.50771],[96.04541,21.50763],[96.04536,21.50844],[96.04604,21.50845],[96.04923,21.50769],[96.04961,21.50855],[96.04908,21.50869],[96.04912,21.50932],[96.04965,21.50959],[96.04985,21.50959]]],[[[96.03932,21.51063],[96.04019,21.50996],[96.03932,21.51022],[96.03947,21.50982],[96.04067,21.5096],[96.04029,21.50937],[96.04025,21.5081],[96.03943,21.50742],[96.03923,21.50855],[96.03981,21.50806],[96.03962,21.50873],[96.04005,21.50887],[96.03889,21.50909],[96.03985,21.50941],[96.03903,21.50945],[96.03912,21.51063],[96.03932,21.51063]]],[[[96.0972,21.51088],[96.09758,21.51039],[96.09716,21.50885],[96.09648,21.50966],[96.09653,21.50862],[96.096,21.50839],[96.0959,21.50984],[96.0971,21.51088],[96.0972,21.51088]]],[[[96.04989,21.51108],[96.04955,21.51059],[96.04994,21.51],[96.04878,21.50954],[96.04869,21.50868],[96.04444,21.50853],[96.04319,21.50902],[96.04295,21.50798],[96.04333,21.50848],[96.04396,21.50848],[96.04396,21.50808],[96.04339,21.50785],[96.04315,21.50681],[96.043,21.50762],[96.04179,21.50793],[96.04237,21.50829],[96.04068,21.50847],[96.04116,21.50879],[96.04097,21.5091],[96.04193,21.50947],[96.04232,21.50938],[96.04208,21.50843],[96.04285,21.50866],[96.04256,21.50902],[96.04323,21.51069],[96.04531,21.50975],[96.04583,21.5107],[96.04743,21.51062],[96.04743,21.50981],[96.04685,21.50958],[96.04767,21.50945],[96.04815,21.5099],[96.04782,21.5099],[96.04801,21.51067],[96.04835,21.51017],[96.04873,21.51058],[96.04936,21.51013],[96.04955,21.51108],[96.04989,21.51108]]],[[[96.12292,21.51153],[96.12399,21.51099],[96.12341,21.51027],[96.12356,21.50936],[96.12284,21.50936],[96.12326,21.51049],[96.12245,21.51004],[96.1222,21.51062],[96.12259,21.51108],[96.12143,21.51026],[96.12104,21.51044],[96.12287,21.51153],[96.12292,21.51153]]],[[[96.05878,21.50832],[96.05955,21.50864],[96.05859,21.50828],[96.05883,21.5076],[96.05811,21.5085],[96.05849,21.50891],[96.05743,21.50936],[96.05767,21.50881],[96.05724,21.50854],[96.05801,21.50841],[96.05869,21.50733],[96.05845,21.50701],[96.05962,21.50598],[96.05904,21.50539],[96.05957,21.50489],[96.05846,21.50471],[96.05846,21.50534],[96.05894,21.50557],[96.05846,21.50561],[96.05801,21.50751],[96.05734,21.50759],[96.05651,21.50885],[96.05608,21.50881],[96.05573,21.50984],[96.0553,21.50926],[96.0539,21.50979],[96.05355,21.51246],[96.05437,21.51165],[96.055,21.51237],[96.05519,21.51183],[96.05462,21.51138],[96.05602,21.51143],[96.05616,21.5108],[96.0552,21.51102],[96.05525,21.51038],[96.05583,21.51075],[96.05588,21.51003],[96.05626,21.51048],[96.05732,21.51053],[96.05868,21.50968],[96.0609,21.50973],[96.06134,21.50829],[96.06192,21.50829],[96.06221,21.50888],[96.06264,21.50847],[96.0626,21.50739],[96.06333,21.50608],[96.0642,21.50622],[96.06352,21.50631],[96.06357,21.50708],[96.064,21.50713],[96.06487,21.50659],[96.0643,21.50618],[96.06526,21.506],[96.06396,21.50527],[96.06338,21.50536],[96.06353,21.50577],[96.0628,21.50572],[96.06305,21.50536],[96.06247,21.50549],[96.06242,21.50513],[96.0614,21.50535],[96.06149,21.50797],[96.06091,21.50725],[96.06003,21.50919],[96.05931,21.50936],[96.06018,21.50828],[96.06009,21.50797],[96.0596,21.50824],[96.05956,21.50733],[96.06019,21.50743],[96.06019,21.50783],[96.06062,21.50747],[96.05966,21.50661],[96.05937,21.50711],[96.05932,21.50629],[96.05893,21.50733],[96.05941,21.50742],[96.05878,21.50828],[96.05878,21.50832]]],[[[96.05302,21.5129],[96.05298,21.5111],[96.05361,21.51002],[96.05327,21.50979],[96.05366,21.50911],[96.05467,21.50943],[96.05473,21.50885],[96.05391,21.50866],[96.05371,21.50902],[96.05304,21.50843],[96.05294,21.50798],[96.05362,21.50785],[96.05371,21.50839],[96.05401,21.50789],[96.05304,21.50717],[96.05091,21.50833],[96.05082,21.5077],[96.05179,21.50739],[96.05266,21.50631],[96.05271,21.50563],[96.05194,21.50549],[96.05155,21.50648],[96.0501,21.50747],[96.05014,21.50887],[96.05067,21.50937],[96.05033,21.50937],[96.05062,21.51018],[96.05096,21.50942],[96.05144,21.50955],[96.0512,21.51001],[96.05177,21.51046],[96.05177,21.51163],[96.05143,21.51213],[96.05249,21.51218],[96.05248,21.51272],[96.05297,21.51268],[96.05268,21.5129],[96.05302,21.5129]]],[[[96.09342,21.51358],[96.09434,21.51241],[96.09347,21.51308],[96.09255,21.51308],[96.09241,21.5128],[96.09347,21.51267],[96.09367,21.51209],[96.09188,21.51172],[96.09192,21.5133],[96.09327,21.51358],[96.09342,21.51358]]],[[[96.09607,21.51404],[96.09689,21.5135],[96.09622,21.51282],[96.09564,21.513],[96.09545,21.51223],[96.09482,21.5125],[96.09575,21.51119],[96.09483,21.51092],[96.09522,21.50992],[96.09406,21.51037],[96.09358,21.50992],[96.09329,21.51032],[96.09315,21.50992],[96.09208,21.50996],[96.09464,21.51105],[96.0941,21.51137],[96.09434,21.51177],[96.09502,21.51137],[96.09497,21.51196],[96.09434,21.51204],[96.09473,21.51241],[96.09405,21.51344],[96.09583,21.51404],[96.09607,21.51404]]],[[[96.09719,21.51192],[96.09622,21.51201],[96.09723,21.51323],[96.09621,21.51458],[96.09704,21.514],[96.09732,21.51508],[96.09867,21.51545],[96.09819,21.51527],[96.0981,21.51432],[96.09713,21.514],[96.09767,21.51341],[96.09753,21.51183],[96.09806,21.51229],[96.09816,21.51165],[96.09729,21.51192],[96.09719,21.51192]]],[[[96.04368,21.51652],[96.04489,21.51617],[96.04383,21.51612],[96.04238,21.51507],[96.04214,21.51638],[96.04358,21.51652],[96.04368,21.51652]]],[[[96.1033,21.51673],[96.10369,21.51556],[96.10407,21.51638],[96.10683,21.51499],[96.10519,21.51494],[96.10452,21.5143],[96.10398,21.51461],[96.10375,21.51403],[96.10244,21.51375],[96.10263,21.5147],[96.10365,21.51461],[96.10442,21.51511],[96.10316,21.51524],[96.10335,21.51574],[96.10258,21.51655],[96.10315,21.51673],[96.1033,21.51673]]],[[[96.09924,21.51785],[96.10074,21.51681],[96.1004,21.51618],[96.10079,21.516],[96.09973,21.51658],[96.09944,21.51609],[96.09794,21.51608],[96.09794,21.51649],[96.09905,21.51636],[96.09852,21.51703],[96.09919,21.51785],[96.09924,21.51785]]],[[[96.09726,21.51784],[96.09576,21.51842],[96.09619,21.51869],[96.0958,21.51905],[96.09643,21.5191],[96.09634,21.51838],[96.09672,21.51888],[96.09803,21.51884],[96.09749,21.51938],[96.09899,21.51907],[96.09919,21.51848],[96.09817,21.51829],[96.09804,21.51698],[96.09731,21.51662],[96.09765,21.51608],[96.09606,21.51585],[96.09591,21.51634],[96.09659,21.51666],[96.09707,21.51784],[96.09726,21.51784]]],[[[96.04111,21.5194],[96.04175,21.51678],[96.04097,21.51737],[96.04112,21.51592],[96.0403,21.51583],[96.04011,21.51664],[96.04016,21.51587],[96.03972,21.51601],[96.04002,21.51551],[96.03895,21.51537],[96.03871,21.51609],[96.03948,21.51632],[96.03933,21.51695],[96.04083,21.51768],[96.03971,21.51795],[96.04001,21.51754],[96.03923,21.51718],[96.03889,21.51862],[96.04014,21.51863],[96.0402,21.51822],[96.04121,21.51805],[96.04126,21.51859],[96.04048,21.51863],[96.04058,21.51931],[96.04101,21.5194],[96.04111,21.5194]]],[[[96.1155,21.51841],[96.11497,21.5185],[96.11511,21.51918],[96.11598,21.51954],[96.11618,21.51823],[96.1157,21.51769],[96.11604,21.51737],[96.11551,21.51719],[96.11648,21.51706],[96.11634,21.51561],[96.11696,21.51616],[96.11668,21.51521],[96.11726,21.51521],[96.1175,21.51462],[96.11697,21.51462],[96.1177,21.51422],[96.11722,21.51313],[96.11615,21.51349],[96.11668,21.51381],[96.1162,21.51466],[96.11538,21.51453],[96.11586,21.51502],[96.11509,21.51466],[96.11465,21.51506],[96.11595,21.51516],[96.11576,21.51597],[96.11388,21.51533],[96.11373,21.51605],[96.11416,21.51637],[96.11585,21.51651],[96.11479,21.51678],[96.1155,21.51837],[96.1155,21.51841]]],[[[96.0523,21.52031],[96.05351,21.5195],[96.0539,21.5186],[96.05352,21.51873],[96.05352,21.51824],[96.05511,21.51838],[96.05623,21.51716],[96.05453,21.51797],[96.05362,21.51643],[96.05381,21.51733],[96.05319,21.51738],[96.05367,21.51765],[96.05299,21.51792],[96.0527,21.51738],[96.05245,21.51932],[96.05177,21.51945],[96.05139,21.52012],[96.05211,21.52031],[96.0523,21.52031]]],[[[95.98143,21.52079],[95.98225,21.52003],[95.98192,21.51967],[95.98255,21.51818],[95.98086,21.51858],[95.98067,21.51794],[95.98075,21.52079],[95.98143,21.52079]]],[[[96.09029,21.52124],[96.09087,21.52106],[96.09073,21.52025],[96.09136,21.52039],[96.09165,21.51962],[96.09059,21.5198],[96.08934,21.51884],[96.08895,21.51835],[96.08944,21.51794],[96.08881,21.51735],[96.08885,21.51947],[96.09001,21.51989],[96.08962,21.52025],[96.09025,21.52034],[96.08991,21.52056],[96.09039,21.52075],[96.09019,21.52124],[96.09029,21.52124]]],[[[96.11757,21.5214],[96.11747,21.52072],[96.11883,21.51978],[96.11815,21.51987],[96.11801,21.51892],[96.11734,21.51887],[96.11816,21.5186],[96.11807,21.51792],[96.11739,21.51864],[96.11705,21.51842],[96.11715,21.5176],[96.11778,21.51779],[96.11783,21.51716],[96.11749,21.51688],[96.11696,21.51747],[96.11711,21.51634],[96.11672,21.51638],[96.11647,21.51819],[96.11786,21.51946],[96.11743,21.51946],[96.11772,21.51991],[96.11709,21.52013],[96.11733,21.52045],[96.11689,21.52081],[96.11742,21.5214],[96.11757,21.5214]]],[[[96.09159,21.52143],[96.09155,21.52111],[96.09213,21.52125],[96.09363,21.52044],[96.0942,21.52063],[96.09537,21.51887],[96.0947,21.51864],[96.09464,21.51981],[96.09392,21.52013],[96.09296,21.51931],[96.09286,21.51994],[96.0916,21.52034],[96.0913,21.52143],[96.09159,21.52143]]],[[[96.10767,21.52204],[96.10777,21.52113],[96.1084,21.52109],[96.10816,21.52059],[96.10859,21.52064],[96.10854,21.52023],[96.10739,21.51946],[96.10686,21.51964],[96.10734,21.51982],[96.1071,21.52018],[96.10671,21.52009],[96.10599,21.51932],[96.10642,21.52032],[96.10545,21.52009],[96.1057,21.51878],[96.10517,21.51868],[96.10522,21.51774],[96.10441,21.51746],[96.10392,21.51832],[96.10334,21.5175],[96.10358,21.51818],[96.10522,21.51932],[96.10497,21.5209],[96.1068,21.52136],[96.10627,21.52104],[96.10685,21.52063],[96.10748,21.52104],[96.10757,21.52204],[96.10767,21.52204]]],[[[96.09585,21.52041],[96.094,21.52203],[96.09603,21.52208],[96.09589,21.5214],[96.09541,21.52149],[96.09555,21.52095],[96.09759,21.5196],[96.09691,21.51919],[96.09681,21.51991],[96.09614,21.51964],[96.09643,21.52009],[96.09585,21.52032],[96.09585,21.52041]]],[[[96.11211,21.52224],[96.11177,21.52147],[96.11245,21.52102],[96.11092,21.5188],[96.11193,21.51776],[96.11136,21.51713],[96.11194,21.51704],[96.11131,21.51686],[96.11039,21.51758],[96.11029,21.51825],[96.11102,21.51821],[96.11048,21.51929],[96.11086,21.51975],[96.11028,21.51993],[96.11071,21.5211],[96.1111,21.52083],[96.11081,21.52119],[96.11206,21.52224],[96.11211,21.52224]]],[[[96.08632,21.52276],[96.08783,21.52191],[96.08932,21.52223],[96.09024,21.5216],[96.08913,21.52128],[96.08937,21.52174],[96.08893,21.52205],[96.08884,21.52151],[96.08817,21.52114],[96.08739,21.52146],[96.08711,21.52082],[96.08614,21.52159],[96.08628,21.52276],[96.08632,21.52276]]],[[[96.04384,21.52294],[96.04413,21.52258],[96.04336,21.5223],[96.04408,21.52226],[96.04443,21.52113],[96.04322,21.52131],[96.04434,21.52005],[96.04435,21.51856],[96.04367,21.51846],[96.04371,21.52018],[96.04294,21.52004],[96.04352,21.51986],[96.04343,21.51828],[96.04464,21.51824],[96.04435,21.51725],[96.04508,21.51684],[96.04406,21.51702],[96.04416,21.51774],[96.04324,21.51774],[96.04309,21.51887],[96.04265,21.51864],[96.04339,21.51729],[96.04209,21.5167],[96.04208,21.51728],[96.04228,21.51688],[96.04252,21.51728],[96.04198,21.51755],[96.04188,21.51868],[96.04125,21.51945],[96.04207,21.52017],[96.04236,21.5199],[96.04164,21.5194],[96.04279,21.51972],[96.0424,21.52108],[96.04293,21.52144],[96.04182,21.52189],[96.04196,21.52239],[96.04264,21.52234],[96.04249,21.52284],[96.04379,21.52294],[96.04384,21.52294]]],[[[96.10076,21.52264],[96.10013,21.52246],[96.09946,21.52133],[96.09835,21.52222],[96.09811,21.52114],[96.09724,21.52222],[96.09975,21.5225],[96.10023,21.52305],[96.10105,21.52296],[96.10076,21.52278],[96.10076,21.52264]]],[[[96.10936,21.52128],[96.10864,21.52105],[96.10897,21.52177],[96.10839,21.52218],[96.10839,21.52308],[96.1096,21.52209],[96.10959,21.52272],[96.11013,21.52273],[96.11032,21.52223],[96.11061,21.52273],[96.11104,21.52255],[96.111,21.52164],[96.11047,21.52155],[96.11042,21.52218],[96.10936,21.52137],[96.10936,21.52128]]],[[[96.08516,21.52452],[96.08584,21.52411],[96.08545,21.52402],[96.08584,21.52226],[96.08483,21.5233],[96.08405,21.52293],[96.08352,21.52338],[96.08376,21.52442],[96.08458,21.5233],[96.08443,21.5242],[96.08492,21.52452],[96.08516,21.52452]]],[[[96.05692,21.52449],[96.05643,21.52403],[96.05687,21.52381],[96.05591,21.52358],[96.05528,21.52272],[96.05427,21.5228],[96.05436,21.52344],[96.05547,21.52394],[96.05552,21.52443],[96.05696,21.52449],[96.05692,21.52449]]],[[[96.09241,21.5227],[96.09222,21.52233],[96.09163,21.52278],[96.09149,21.52238],[96.09106,21.52251],[96.09125,21.52305],[96.09081,21.52332],[96.09139,21.52342],[96.09192,21.52464],[96.09274,21.52441],[96.09327,21.52356],[96.09333,21.52247],[96.09241,21.52265],[96.09241,21.5227]]],[[[96.05493,21.52624],[96.05624,21.52502],[96.05493,21.52484],[96.05436,21.52375],[96.05339,21.52375],[96.05315,21.52402],[96.05407,21.52447],[96.05382,21.52497],[96.05459,21.52529],[96.05478,21.52624],[96.05493,21.52624]]],[[[96.10475,21.52636],[96.10591,21.52592],[96.10582,21.52465],[96.10505,21.52429],[96.10509,21.5251],[96.10442,21.52537],[96.10462,21.52388],[96.1037,21.52392],[96.10269,21.52324],[96.10206,21.5236],[96.10162,21.5254],[96.1034,21.52559],[96.1034,21.52636],[96.10436,21.52627],[96.10398,21.52559],[96.10355,21.52563],[96.10365,21.52428],[96.1047,21.52636],[96.10475,21.52636]]],[[[96.0896,21.52363],[96.08926,21.52422],[96.08903,21.52259],[96.08777,21.52295],[96.08825,21.52327],[96.08791,21.52336],[96.08729,21.52245],[96.08627,21.52312],[96.08641,21.5243],[96.08564,21.52447],[96.08573,21.5252],[96.08439,21.52433],[96.08414,21.52474],[96.08535,21.52529],[96.0853,21.52596],[96.08472,21.52551],[96.08476,21.52592],[96.0865,21.52642],[96.08646,21.52403],[96.08753,21.52376],[96.08772,21.52403],[96.0869,21.52439],[96.08679,21.52556],[96.08752,21.52597],[96.08689,21.52642],[96.08756,21.52634],[96.08843,21.52589],[96.08761,21.52575],[96.08786,21.52507],[96.08926,21.52508],[96.0894,21.52539],[96.08853,21.52566],[96.08969,21.5258],[96.0895,21.52544],[96.09095,21.52441],[96.09095,21.52387],[96.09008,21.52386],[96.09052,21.52278],[96.08941,21.52291],[96.08985,21.52309],[96.08951,21.52363],[96.0896,21.52363]]],[[[96.10731,21.52678],[96.10784,21.52619],[96.10716,21.52615],[96.10721,21.52574],[96.10794,21.52561],[96.10837,21.5266],[96.10866,21.52602],[96.10761,21.5247],[96.1064,21.52506],[96.10678,21.5266],[96.10726,21.52678],[96.10731,21.52678]]],[[[96.04493,21.52687],[96.04682,21.52571],[96.04744,21.52639],[96.04831,21.52644],[96.04779,21.52553],[96.04822,21.52526],[96.04865,21.52617],[96.04918,21.52621],[96.04943,21.52513],[96.04871,21.52486],[96.04962,21.52472],[96.04991,21.52536],[96.05006,21.52455],[96.05034,21.52536],[96.05121,21.52532],[96.05132,21.52442],[96.05199,21.52388],[96.0489,21.52413],[96.0475,21.52485],[96.04754,21.52535],[96.04697,21.52512],[96.04692,21.52557],[96.04629,21.52543],[96.04668,21.52516],[96.0446,21.52488],[96.04426,21.52556],[96.04488,21.52687],[96.04493,21.52687]]],[[[96.04411,21.52578],[96.04315,21.52528],[96.04228,21.5255],[96.04228,21.52591],[96.04112,21.52541],[96.04121,21.52649],[96.04059,21.52636],[96.04049,21.52739],[96.04377,21.52777],[96.0429,21.52677],[96.04421,21.52678],[96.04416,21.52578],[96.04411,21.52578]]],[[[96.10773,21.52904],[96.10841,21.5285],[96.10913,21.52873],[96.10841,21.528],[96.10928,21.52715],[96.10905,21.52629],[96.1089,21.52683],[96.10817,21.52696],[96.10837,21.52742],[96.10764,21.52701],[96.10841,21.52846],[96.10764,21.52791],[96.1073,21.52841],[96.10687,21.52813],[96.1073,21.52904],[96.10773,21.52904]]],[[[96.09662,21.53057],[96.09716,21.52909],[96.09658,21.52886],[96.09677,21.52818],[96.09591,21.52831],[96.09601,21.52714],[96.09553,21.5265],[96.09499,21.52759],[96.09533,21.52799],[96.09465,21.52795],[96.09455,21.52876],[96.09407,21.52844],[96.09484,21.52917],[96.09503,21.53025],[96.09657,21.53057],[96.09662,21.53057]]],[[[96.10636,21.53211],[96.10704,21.53202],[96.10729,21.53112],[96.10588,21.53138],[96.10589,21.53061],[96.10714,21.53035],[96.1057,21.53034],[96.10579,21.52989],[96.10637,21.53003],[96.10613,21.52948],[96.10555,21.52975],[96.10585,21.52903],[96.10507,21.52916],[96.10489,21.52821],[96.10455,21.52857],[96.10406,21.52826],[96.10396,21.52957],[96.10444,21.5297],[96.10454,21.53034],[96.10372,21.52997],[96.10328,21.53105],[96.10429,21.53065],[96.10429,21.53119],[96.10617,21.5321],[96.10636,21.53211]]],[[[96.09589,21.53238],[96.09695,21.53125],[96.09531,21.53093],[96.09517,21.53129],[96.09469,21.53048],[96.09464,21.53093],[96.0942,21.53088],[96.09421,21.53011],[96.09353,21.52934],[96.09391,21.53056],[96.09295,21.53074],[96.09396,21.53074],[96.09569,21.53238],[96.09589,21.53238]]],[[[96.09941,21.53239],[96.0999,21.5319],[96.09941,21.53185],[96.09942,21.53131],[96.1001,21.53045],[96.09995,21.53127],[96.10188,21.53132],[96.10246,21.53073],[96.10212,21.5301],[96.10323,21.5302],[96.10353,21.5297],[96.10319,21.52925],[96.10232,21.52969],[96.10324,21.5288],[96.10281,21.52789],[96.1033,21.52685],[96.10218,21.52757],[96.10276,21.52793],[96.10194,21.52816],[96.10219,21.52707],[96.10141,21.52721],[96.10103,21.52657],[96.10137,21.52621],[96.10114,21.52454],[96.10093,21.52729],[96.09976,21.53068],[96.09864,21.53117],[96.09932,21.53153],[96.09922,21.53239],[96.09941,21.53239]]],[[[96.09203,21.53105],[96.09266,21.53124],[96.09155,21.53123],[96.09179,21.5306],[96.09116,21.5306],[96.09087,21.53082],[96.09121,21.53105],[96.09015,21.53136],[96.09078,21.53073],[96.08981,21.53059],[96.09063,21.53041],[96.09088,21.52987],[96.09015,21.52973],[96.08976,21.53014],[96.08962,21.52914],[96.08841,21.52991],[96.08865,21.5305],[96.08788,21.53],[96.08808,21.52964],[96.08759,21.52981],[96.08828,21.52796],[96.08746,21.52841],[96.08528,21.52845],[96.08552,21.52967],[96.08498,21.53021],[96.08547,21.53066],[96.08517,21.53143],[96.0858,21.53206],[96.08609,21.53112],[96.08903,21.53131],[96.08938,21.53072],[96.09,21.53113],[96.08985,21.53213],[96.08879,21.53194],[96.08874,21.53285],[96.09019,21.53244],[96.0911,21.53331],[96.09082,21.5324],[96.0913,21.53146],[96.09164,21.5315],[96.09149,21.53209],[96.09256,21.53196],[96.09275,21.53151],[96.09251,21.53078],[96.09203,21.53092],[96.09203,21.53105]]],[[[96.19549,21.53335],[96.19477,21.53195],[96.19452,21.5324],[96.19317,21.53194],[96.19375,21.53231],[96.19331,21.53357],[96.19278,21.53307],[96.19293,21.53262],[96.19201,21.53253],[96.19192,21.53212],[96.191,21.53234],[96.19297,21.53384],[96.19389,21.53326],[96.19476,21.5334],[96.19404,21.53294],[96.19433,21.53249],[96.19471,21.53294],[96.19486,21.5324],[96.19524,21.53367],[96.19635,21.53399],[96.19553,21.53335],[96.19549,21.53335]]],[[[96.20055,21.53477],[96.20156,21.53437],[96.19969,21.53287],[96.1992,21.53282],[96.19964,21.53337],[96.19906,21.53291],[96.19867,21.53314],[96.19954,21.53377],[96.20012,21.53337],[96.19973,21.53414],[96.19824,21.53354],[96.20026,21.53477],[96.20055,21.53477]]],[[[96.04795,21.53041],[96.04636,21.53063],[96.04505,21.53166],[96.04342,21.5293],[96.04376,21.52894],[96.04308,21.52894],[96.04338,21.52813],[96.04298,21.53012],[96.04255,21.52998],[96.04265,21.52894],[96.04217,21.52903],[96.04197,21.5297],[96.04183,21.52894],[96.04082,21.52898],[96.04251,21.52876],[96.04261,21.52813],[96.04043,21.52821],[96.04087,21.52857],[96.04062,21.52988],[96.04143,21.53192],[96.04268,21.5326],[96.04278,21.53124],[96.04235,21.53102],[96.04303,21.53088],[96.04307,21.53206],[96.04365,21.53211],[96.04393,21.53283],[96.04354,21.53346],[96.04446,21.53324],[96.04412,21.53432],[96.04474,21.535],[96.04436,21.53401],[96.04495,21.53198],[96.04587,21.53189],[96.04786,21.53041],[96.04795,21.53041]]],[[[96.04686,21.53686],[96.04677,21.5361],[96.04739,21.53641],[96.0471,21.53587],[96.04788,21.53452],[96.0476,21.53425],[96.04871,21.53371],[96.04847,21.53285],[96.04741,21.53312],[96.04756,21.53226],[96.04838,21.53258],[96.04814,21.53208],[96.0494,21.53114],[96.04684,21.53144],[96.04591,21.53266],[96.04475,21.53301],[96.04523,21.5336],[96.0448,21.53396],[96.04513,21.53487],[96.04552,21.53428],[96.04561,21.53487],[96.04619,21.53496],[96.04676,21.53686],[96.04686,21.53686]]],[[[96.10098,21.53723],[96.10069,21.53633],[96.1019,21.53697],[96.102,21.53629],[96.10335,21.53629],[96.10302,21.53512],[96.10239,21.53471],[96.10123,21.53507],[96.10114,21.53448],[96.10012,21.53524],[96.09969,21.53456],[96.09935,21.53488],[96.0994,21.53447],[96.09897,21.53447],[96.09891,21.53596],[96.09833,21.5365],[96.0992,21.53637],[96.09939,21.53682],[96.09987,21.53651],[96.09987,21.53714],[96.10084,21.53723],[96.10098,21.53723]]],[[[96.09745,21.53875],[96.09731,21.53771],[96.0961,21.53762],[96.09644,21.53676],[96.09543,21.53685],[96.09524,21.53631],[96.09509,21.53685],[96.09456,21.53662],[96.09422,21.53702],[96.09528,21.53816],[96.09615,21.53794],[96.0974,21.53875],[96.09745,21.53875]]],[[[96.09551,21.53983],[96.09711,21.53916],[96.09697,21.53862],[96.09556,21.53924],[96.09576,21.53897],[96.09503,21.53892],[96.0947,21.53825],[96.0933,21.53819],[96.09315,21.5386],[96.09542,21.53983],[96.09551,21.53983]]],[[[96.09185,21.53814],[96.09413,21.53675],[96.09394,21.53635],[96.09364,21.53702],[96.09301,21.53715],[96.09321,21.53652],[96.09258,21.53648],[96.09404,21.53549],[96.09394,21.53499],[96.09297,21.53566],[96.0937,21.53485],[96.09361,21.53422],[96.09395,21.53418],[96.09389,21.53472],[96.09457,21.53404],[96.09515,21.53423],[96.0952,21.53378],[96.09472,21.53368],[96.09554,21.53301],[96.09419,21.53287],[96.09472,21.53341],[96.09438,21.53382],[96.09434,21.53346],[96.09255,21.53336],[96.09313,21.53381],[96.09269,21.53458],[96.0911,21.5338],[96.09071,21.53452],[96.09003,21.53421],[96.09032,21.53538],[96.08998,21.53556],[96.08959,21.53547],[96.08974,21.53479],[96.0894,21.53506],[96.08849,21.53433],[96.08858,21.53515],[96.08805,21.53465],[96.0881,21.53537],[96.08935,21.53633],[96.08785,21.53677],[96.08856,21.53899],[96.09016,21.53827],[96.08969,21.5366],[96.09022,21.53669],[96.09064,21.53809],[96.09127,21.53751],[96.09084,21.53728],[96.09118,21.53674],[96.092,21.53706],[96.08977,21.53972],[96.08962,21.54093],[96.09057,21.54252],[96.08999,21.54315],[96.09115,21.54315],[96.08995,21.54076],[96.09001,21.5399],[96.09073,21.5394],[96.09074,21.53886],[96.09185,21.53832],[96.09185,21.53814]]],[[[96.08835,21.54237],[96.08812,21.54129],[96.08801,21.54255],[96.08778,21.54201],[96.08734,21.54219],[96.08729,21.5435],[96.08633,21.54219],[96.08599,21.54115],[96.08696,21.54065],[96.08638,21.5406],[96.08658,21.54002],[96.08615,21.53966],[96.08654,21.53893],[96.08581,21.53889],[96.08591,21.53952],[96.08475,21.53956],[96.08398,21.53843],[96.08364,21.53942],[96.0832,21.53946],[96.08393,21.53956],[96.08363,21.54005],[96.0832,21.53978],[96.08329,21.54014],[96.08469,21.54055],[96.08325,21.54046],[96.08344,21.54109],[96.0829,21.54131],[96.08372,21.5415],[96.08387,21.54105],[96.08551,21.54173],[96.08594,21.54232],[96.08574,21.54327],[96.08689,21.54458],[96.08848,21.54531],[96.0894,21.54513],[96.08941,21.54455],[96.09013,21.545],[96.08955,21.54419],[96.08989,21.54324],[96.08878,21.54328],[96.08835,21.54242],[96.08835,21.54237]]],[[[96.18877,21.54548],[96.1908,21.54445],[96.19071,21.54332],[96.18984,21.54291],[96.18946,21.54345],[96.18791,21.54367],[96.18747,21.54471],[96.188,21.54548],[96.18863,21.54548],[96.18877,21.54548]]],[[[96.03686,21.54698],[96.03735,21.54586],[96.03658,21.54594],[96.03648,21.54486],[96.0361,21.54467],[96.0359,21.54526],[96.03489,21.54413],[96.03436,21.54503],[96.03546,21.54648],[96.03691,21.54698],[96.03686,21.54698]]],[[[96.09296,21.54777],[96.09476,21.54633],[96.09442,21.54538],[96.09437,21.54615],[96.09404,21.54556],[96.09331,21.54596],[96.09403,21.54642],[96.09215,21.54718],[96.09282,21.54777],[96.09296,21.54777]]],[[[96.08968,21.54794],[96.09036,21.54595],[96.08988,21.54604],[96.08997,21.54663],[96.08882,21.54608],[96.08805,21.54626],[96.0879,21.54703],[96.08843,21.54694],[96.08833,21.5473],[96.08877,21.54716],[96.08953,21.54794],[96.08968,21.54794]]],[[[96.18021,21.54839],[96.18108,21.54816],[96.18113,21.54744],[96.18056,21.54699],[96.18128,21.54717],[96.18148,21.54613],[96.17974,21.54707],[96.17973,21.54748],[96.17809,21.54716],[96.17814,21.5477],[96.17954,21.54784],[96.18016,21.54839],[96.18021,21.54839]]],[[[96.03348,21.54602],[96.0344,21.54562],[96.03359,21.54444],[96.03383,21.54534],[96.03267,21.54565],[96.03281,21.54511],[96.03344,21.54516],[96.0333,21.54457],[96.03282,21.54461],[96.03277,21.54349],[96.03364,21.54385],[96.03393,21.54336],[96.03436,21.54399],[96.0349,21.54408],[96.03499,21.54363],[96.03562,21.54413],[96.03557,21.54345],[96.03451,21.54295],[96.0347,21.54363],[96.03437,21.54367],[96.03379,21.54263],[96.0335,21.54322],[96.03234,21.54258],[96.03123,21.54271],[96.03127,21.54393],[96.03157,21.54343],[96.03195,21.54389],[96.03069,21.54537],[96.03097,21.54605],[96.03054,21.54569],[96.03005,21.54663],[96.03058,21.54772],[96.03,21.54767],[96.03024,21.54713],[96.02986,21.54691],[96.02961,21.54794],[96.03048,21.5484],[96.03116,21.54736],[96.03242,21.54732],[96.03223,21.54674],[96.03285,21.5466],[96.03237,21.54619],[96.03315,21.54584],[96.033,21.54638],[96.03353,21.54633],[96.03367,21.54688],[96.03343,21.54737],[96.0328,21.54705],[96.03299,21.54832],[96.03386,21.54828],[96.03381,21.54882],[96.0354,21.54869],[96.03439,21.54806],[96.03503,21.54652],[96.03426,21.54607],[96.0345,21.54661],[96.03377,21.54674],[96.03406,21.54607],[96.03353,21.54602],[96.03348,21.54602]]],[[[96.18827,21.54945],[96.18973,21.54828],[96.18973,21.54652],[96.1892,21.54648],[96.18925,21.54566],[96.18838,21.5458],[96.18824,21.54679],[96.1877,21.54683],[96.18857,21.54846],[96.18822,21.54945],[96.18827,21.54945]]],[[[96.04332,21.54954],[96.04491,21.54878],[96.04511,21.54828],[96.04438,21.54869],[96.04424,21.54742],[96.04333,21.54742],[96.04357,21.54801],[96.04299,21.54814],[96.04289,21.54877],[96.04322,21.54954],[96.04332,21.54954]]],[[[96.04723,21.54974],[96.04767,21.54861],[96.04907,21.54871],[96.04893,21.5478],[96.05066,21.54813],[96.05091,21.54741],[96.05019,21.54673],[96.05067,21.54682],[96.05106,21.5465],[96.05058,21.54623],[96.05135,21.5461],[96.05058,21.54573],[96.0513,21.54551],[96.05082,21.54546],[96.0504,21.54352],[96.04977,21.54343],[96.05016,21.54316],[96.04982,21.54212],[96.04949,21.54216],[96.04988,21.54144],[96.0492,21.54135],[96.04968,21.54117],[96.04935,21.54099],[96.04974,21.53954],[96.04936,21.53895],[96.04825,21.53908],[96.04873,21.53931],[96.04824,21.53958],[96.04901,21.54071],[96.04881,21.54153],[96.04872,21.54058],[96.04805,21.54066],[96.048,21.54003],[96.0466,21.54039],[96.04795,21.53976],[96.04776,21.53935],[96.04689,21.53948],[96.04859,21.53832],[96.04792,21.5375],[96.04733,21.53881],[96.04622,21.53885],[96.04583,21.53934],[96.04669,21.54084],[96.04756,21.54098],[96.04713,21.54116],[96.04746,21.54179],[96.04804,21.5422],[96.04876,21.54202],[96.04804,21.54238],[96.04712,21.54188],[96.04837,21.54297],[96.04842,21.5436],[96.04952,21.54419],[96.04899,21.54437],[96.04913,21.54591],[96.04831,21.54586],[96.04806,21.54658],[96.04763,21.54613],[96.04744,21.54676],[96.04864,21.54789],[96.04762,21.54857],[96.0468,21.54838],[96.04684,21.54892],[96.04723,21.54888],[96.04689,21.54911],[96.04713,21.54974],[96.04723,21.54974]]],[[[96.18107,21.55074],[96.18136,21.55015],[96.18199,21.55061],[96.18185,21.54979],[96.1836,21.54781],[96.18234,21.54848],[96.18186,21.54821],[96.18098,21.55074],[96.18107,21.55074]]],[[[96.03091,21.54994],[96.03072,21.54935],[96.03139,21.54904],[96.03135,21.54863],[96.03057,21.54876],[96.02956,21.54821],[96.02941,21.54939],[96.02898,21.54948],[96.02859,21.54916],[96.02908,21.54848],[96.0286,21.54839],[96.0284,21.54961],[96.02926,21.55002],[96.02969,21.55088],[96.02975,21.54871],[96.03033,21.54885],[96.03023,21.54975],[96.03086,21.54994],[96.03091,21.54994]]],[[[96.0871,21.5528],[96.08758,21.55163],[96.08681,21.55131],[96.08677,21.55068],[96.08716,21.55059],[96.08715,21.55113],[96.08797,21.55096],[96.08827,21.54978],[96.08904,21.5497],[96.0889,21.5492],[96.08938,21.54916],[96.089,21.54834],[96.0874,21.5501],[96.08677,21.55018],[96.08677,21.55063],[96.08595,21.55018],[96.08567,21.549],[96.08528,21.54932],[96.08556,21.55153],[96.08695,21.5528],[96.0871,21.5528]]],[[[96.05633,21.55344],[96.05605,21.55285],[96.05644,21.55254],[96.05585,21.55271],[96.05547,21.5519],[96.05484,21.5519],[96.05528,21.55181],[96.05538,21.55113],[96.0536,21.54927],[96.05317,21.5494],[96.05326,21.55112],[96.05412,21.55171],[96.05185,21.55188],[96.0534,21.55153],[96.05296,21.5513],[96.05293,21.54936],[96.05409,21.54905],[96.05419,21.54819],[96.05346,21.54873],[96.05308,21.54841],[96.05307,21.54891],[96.05284,21.54827],[96.05192,21.54877],[96.05268,21.54936],[96.05229,21.55021],[96.05147,21.55007],[96.05148,21.54899],[96.05071,21.54899],[96.0504,21.55152],[96.05012,21.5507],[96.0506,21.55012],[96.05008,21.54944],[96.05042,21.54912],[96.0497,21.54849],[96.04955,21.54943],[96.04906,21.54943],[96.04926,21.54894],[96.04877,21.54952],[96.04963,21.55187],[96.05011,21.55192],[96.05035,21.55341],[96.05001,21.55359],[96.04997,21.55219],[96.04958,21.55219],[96.04938,21.55323],[96.04822,21.55426],[96.04914,21.55404],[96.04884,21.5544],[96.04971,21.5549],[96.0487,21.55517],[96.04822,21.55453],[96.04792,21.55525],[96.04841,21.55498],[96.04845,21.55562],[96.04937,21.55544],[96.0497,21.55644],[96.05178,21.55617],[96.05203,21.55441],[96.05034,21.55427],[96.05218,21.55414],[96.05165,21.55378],[96.05223,21.5536],[96.05189,21.55279],[96.05252,21.55288],[96.05253,21.55229],[96.05291,21.55279],[96.05392,21.55239],[96.05412,21.55298],[96.05436,21.5523],[96.0544,21.55311],[96.05523,21.55285],[96.05532,21.55339],[96.05619,21.55344],[96.05633,21.55344]]],[[[96.03705,21.55706],[96.0371,21.55606],[96.03633,21.55565],[96.03662,21.55534],[96.03469,21.55519],[96.03435,21.55632],[96.0356,21.55705],[96.03618,21.5566],[96.0369,21.55706],[96.03705,21.55706]]],[[[96.17279,21.55735],[96.17304,21.55572],[96.17396,21.555],[96.17376,21.55455],[96.17347,21.55478],[96.17357,21.55419],[96.17226,21.55545],[96.1727,21.55617],[96.17207,21.5568],[96.17274,21.55735],[96.17279,21.55735]]],[[[96.10952,21.55877],[96.11093,21.55787],[96.11059,21.5571],[96.11137,21.55675],[96.11142,21.55593],[96.11074,21.55584],[96.11084,21.55638],[96.11006,21.5562],[96.10948,21.55665],[96.10947,21.55877],[96.10952,21.55877]]],[[[96.0593,21.55946],[96.06051,21.55933],[96.06041,21.55856],[96.0608,21.55834],[96.05998,21.5582],[96.0608,21.55816],[96.06071,21.5577],[96.05863,21.5581],[96.05915,21.55946],[96.0593,21.55946]]],[[[96.03968,21.56186],[96.04064,21.56204],[96.0409,21.55992],[96.04027,21.56068],[96.03998,21.56014],[96.04032,21.55992],[96.03945,21.55973],[96.0394,21.56041],[96.03969,21.56],[96.04002,21.56055],[96.03949,21.56064],[96.03992,21.56163],[96.03886,21.56172],[96.03896,21.56118],[96.03934,21.56145],[96.03881,21.56099],[96.03925,21.56086],[96.03911,21.55996],[96.03843,21.56063],[96.03809,21.56031],[96.03771,21.56072],[96.03747,21.56022],[96.03693,21.56076],[96.03631,21.55994],[96.03602,21.56039],[96.03583,21.55967],[96.03448,21.55953],[96.03486,21.56043],[96.03539,21.56008],[96.03573,21.56071],[96.03534,21.56125],[96.0363,21.5613],[96.03659,21.56238],[96.03895,21.56249],[96.03953,21.56289],[96.03915,21.56235],[96.03963,21.56186],[96.03968,21.56186]]],[[[96.03611,21.51549],[96.03582,21.51567],[96.03722,21.51541],[96.03828,21.51446],[96.03879,21.50999],[96.03803,21.50809],[96.03807,21.50909],[96.03725,21.50899],[96.03672,21.50822],[96.03624,21.50908],[96.0358,21.50899],[96.03706,21.50764],[96.03581,21.50718],[96.03548,21.50628],[96.03688,21.50624],[96.03702,21.5066],[96.03727,21.5057],[96.03775,21.50556],[96.03809,21.50593],[96.03736,21.5066],[96.03987,21.50616],[96.03948,21.50688],[96.03982,21.50742],[96.04103,21.50675],[96.04252,21.50712],[96.04229,21.50576],[96.04132,21.50581],[96.04495,21.50325],[96.04695,21.49969],[96.04554,21.5018],[96.04467,21.50212],[96.04462,21.50275],[96.04327,21.50229],[96.04375,21.50234],[96.04394,21.50306],[96.04346,21.50329],[96.04332,21.50274],[96.04317,21.50369],[96.04409,21.50315],[96.04418,21.50379],[96.04152,21.50531],[96.04055,21.50499],[96.04031,21.5058],[96.03973,21.50575],[96.03944,21.50462],[96.04041,21.50467],[96.04003,21.50435],[96.04056,21.50404],[96.04052,21.50273],[96.04104,21.50327],[96.0407,21.50377],[96.04167,21.50373],[96.04176,21.5045],[96.04235,21.50364],[96.04297,21.50364],[96.04235,21.50319],[96.04307,21.50315],[96.04303,21.50279],[96.04206,21.50283],[96.04289,21.50206],[96.04294,21.50116],[96.04241,21.50111],[96.04246,21.50062],[96.04183,21.50129],[96.0414,21.50061],[96.04231,21.50034],[96.04164,21.50007],[96.04261,21.49863],[96.04198,21.49899],[96.04179,21.49858],[96.04229,21.49569],[96.04181,21.49582],[96.04156,21.49758],[96.04078,21.49767],[96.04073,21.4988],[96.03976,21.49875],[96.03976,21.49925],[96.04068,21.49912],[96.04106,21.49998],[96.04034,21.50006],[96.04039,21.49961],[96.03933,21.49934],[96.03947,21.50024],[96.04048,21.50034],[96.04067,21.50196],[96.04033,21.50142],[96.03994,21.50164],[96.04024,21.50042],[96.03864,21.50109],[96.03989,21.50264],[96.03786,21.50245],[96.03718,21.50335],[96.0368,21.50312],[96.03728,21.50294],[96.03618,21.50181],[96.03444,21.50076],[96.03251,21.50125],[96.03222,21.5021],[96.03293,21.50414],[96.03335,21.50794],[96.03464,21.50916],[96.03566,21.50899],[96.03551,21.51002],[96.03473,21.51038],[96.03493,21.50953],[96.03305,21.5097],[96.03349,21.50866],[96.03296,21.50861],[96.03247,21.50942],[96.03271,21.50979],[96.03087,21.51005],[96.03111,21.511],[96.03038,21.51104],[96.0313,21.51123],[96.03155,21.51055],[96.03261,21.51028],[96.03246,21.51064],[96.03372,21.51092],[96.03381,21.51178],[96.03294,21.51223],[96.034,21.5121],[96.03395,21.51277],[96.03457,21.51305],[96.03332,21.51259],[96.03182,21.51331],[96.03105,21.51308],[96.03027,21.51366],[96.02931,21.51361],[96.02858,21.51478],[96.02684,21.51536],[96.0264,21.51604],[96.02668,21.51807],[96.02735,21.51893],[96.02653,21.5183],[96.02605,21.51852],[96.0274,21.51952],[96.02749,21.51898],[96.0301,21.51989],[96.02918,21.52016],[96.02836,21.51979],[96.02816,21.52034],[96.03028,21.52098],[96.02985,21.52152],[96.03081,21.52211],[96.03023,21.52224],[96.03017,21.52342],[96.031,21.52319],[96.0308,21.52428],[96.03022,21.52364],[96.02954,21.52423],[96.03012,21.52455],[96.03055,21.52622],[96.03128,21.52464],[96.03234,21.52537],[96.03214,21.52618],[96.03108,21.52663],[96.03136,21.52708],[96.03097,21.52848],[96.03416,21.52777],[96.03368,21.52727],[96.03436,21.52709],[96.03421,21.52673],[96.03344,21.52628],[96.03407,21.52637],[96.03349,21.52574],[96.03354,21.52537],[96.03388,21.5256],[96.03374,21.52452],[96.03452,21.52434],[96.03451,21.5252],[96.03466,21.52488],[96.03543,21.52534],[96.03461,21.52529],[96.03508,21.52629],[96.03417,21.52583],[96.03523,21.52683],[96.03458,21.53085],[96.0341,21.52953],[96.0342,21.52836],[96.03464,21.52809],[96.03179,21.52862],[96.03183,21.52934],[96.03097,21.52884],[96.03087,21.52934],[96.03034,21.52902],[96.02995,21.52942],[96.03019,21.53042],[96.03077,21.53051],[96.03028,21.53074],[96.03037,21.53245],[96.03095,21.53277],[96.03055,21.53435],[96.03123,21.53435],[96.03151,21.53512],[96.02977,21.53575],[96.02952,21.53724],[96.0312,21.54004],[96.0326,21.54068],[96.03549,21.54047],[96.03646,21.54084],[96.03694,21.5412],[96.03665,21.5417],[96.03616,21.54183],[96.03578,21.54101],[96.03515,21.54101],[96.03438,21.54128],[96.03471,21.54169],[96.03442,21.54187],[96.03823,21.54337],[96.0402,21.54515],[96.04029,21.54596],[96.03996,21.54542],[96.03928,21.54582],[96.03947,21.5465],[96.04019,21.54627],[96.04014,21.54668],[96.03845,21.54712],[96.03894,21.54609],[96.03822,21.54622],[96.03788,21.54581],[96.03768,21.54649],[96.03807,21.5464],[96.03729,21.54744],[96.03863,21.54929],[96.041,21.55025],[96.04201,21.55021],[96.04181,21.55062],[96.04162,21.55017],[96.04061,21.5507],[96.03916,21.55015],[96.03892,21.55065],[96.03998,21.55075],[96.03964,21.55129],[96.0394,21.55079],[96.03843,21.5506],[96.03886,21.55142],[96.03824,21.55155],[96.03915,21.55187],[96.0407,21.55116],[96.04012,21.5521],[96.03925,21.55201],[96.03842,21.55309],[96.03838,21.552],[96.03727,21.55191],[96.03727,21.55259],[96.03789,21.55254],[96.03789,21.55313],[96.03722,21.55263],[96.03745,21.55326],[96.03813,21.55318],[96.03774,21.55385],[96.03697,21.5534],[96.03759,21.55417],[96.03768,21.55697],[96.03965,21.55779],[96.04018,21.55757],[96.04028,21.55793],[96.04105,21.55744],[96.04139,21.55798],[96.04236,21.55749],[96.04231,21.55704],[96.0427,21.55731],[96.04245,21.55794],[96.0411,21.55834],[96.04221,21.55884],[96.04226,21.55821],[96.04298,21.55853],[96.04307,21.55988],[96.04249,21.55993],[96.04196,21.55902],[96.0422,21.5606],[96.04278,21.56074],[96.04234,21.56097],[96.04204,21.56336],[96.04281,21.56345],[96.04316,21.56201],[96.04417,21.56147],[96.04379,21.56129],[96.04403,21.56075],[96.0449,21.56089],[96.0449,21.56021],[96.04509,21.56053],[96.04635,21.55985],[96.04465,21.56251],[96.04368,21.56282],[96.04354,21.56246],[96.04339,21.56282],[96.04358,21.56359],[96.04421,21.56341],[96.04431,21.56278],[96.0445,21.56378],[96.04648,21.5641],[96.04663,21.56347],[96.0459,21.56383],[96.04547,21.56346],[96.04619,21.56306],[96.04595,21.5627],[96.04498,21.56346],[96.0447,21.56314],[96.04605,21.56243],[96.04601,21.56166],[96.04557,21.56152],[96.04601,21.56157],[96.04645,21.5608],[96.04673,21.56103],[96.04645,21.56049],[96.04732,21.5599],[96.04757,21.55891],[96.04815,21.55896],[96.04809,21.55964],[96.04891,21.55955],[96.04877,21.55883],[96.05022,21.55847],[96.05037,21.55793],[96.05066,21.55852],[96.05124,21.55771],[96.04816,21.55589],[96.04806,21.55629],[96.04859,21.55643],[96.04806,21.55738],[96.04758,21.5571],[96.04763,21.55597],[96.04695,21.55638],[96.0469,21.55715],[96.04667,21.55565],[96.04614,21.55547],[96.04579,21.55597],[96.04609,21.55502],[96.04512,21.55502],[96.04527,21.55447],[96.0444,21.55393],[96.04426,21.5546],[96.04348,21.55465],[96.04396,21.55555],[96.04285,21.55532],[96.04275,21.55604],[96.04429,21.55741],[96.04594,21.55646],[96.04656,21.55674],[96.0467,21.55737],[96.04627,21.55769],[96.04631,21.55868],[96.0439,21.55908],[96.04418,21.55975],[96.04365,21.56011],[96.04342,21.55853],[96.04448,21.55867],[96.04429,21.55808],[96.04366,21.55776],[96.04337,21.55817],[96.04284,21.55686],[96.04154,21.55635],[96.04188,21.55595],[96.0415,21.55559],[96.0402,21.5554],[96.03986,21.55594],[96.03938,21.5549],[96.03943,21.55395],[96.03996,21.55386],[96.03929,21.55332],[96.03944,21.55255],[96.04133,21.55184],[96.04215,21.55098],[96.04269,21.54963],[96.04266,21.54638],[96.04309,21.54633],[96.0429,21.54534],[96.04083,21.54397],[96.03968,21.54374],[96.0404,21.54338],[96.03925,21.54184],[96.0379,21.54148],[96.03844,21.54094],[96.03786,21.54075],[96.03782,21.53958],[96.03714,21.53976],[96.03728,21.54093],[96.03631,21.54047],[96.03603,21.53903],[96.03579,21.53921],[96.03604,21.53831],[96.03735,21.53714],[96.03787,21.53849],[96.03903,21.53818],[96.03846,21.53692],[96.03875,21.53633],[96.03826,21.53678],[96.03802,21.53651],[96.03963,21.53421],[96.03843,21.53258],[96.03959,21.53249],[96.038,21.5324],[96.03863,21.5319],[96.03791,21.53104],[96.03902,21.53154],[96.03897,21.5305],[96.03797,21.52923],[96.03835,21.52892],[96.03827,21.52625],[96.03707,21.52562],[96.03678,21.52607],[96.03721,21.52657],[96.03662,21.52733],[96.03624,21.52724],[96.03634,21.52647],[96.03585,21.52737],[96.03571,21.52692],[96.03629,21.52643],[96.03669,21.52467],[96.03712,21.52539],[96.03755,21.52472],[96.0391,21.52423],[96.04017,21.52233],[96.0396,21.52179],[96.03974,21.52215],[96.03897,21.52233],[96.0397,21.52052],[96.03932,21.51939],[96.03547,21.51779],[96.03456,21.51553],[96.03355,21.51553],[96.03291,21.51814],[96.0305,21.51759],[96.03132,21.51728],[96.03094,21.51547],[96.03143,21.51511],[96.0319,21.51687],[96.03228,21.51688],[96.0321,21.51561],[96.03254,21.51521],[96.03321,21.51544],[96.03264,21.51381],[96.03351,21.51322],[96.03457,21.51363],[96.03611,21.51545],[96.03611,21.51549]],[[96.02761,21.51536],[96.0293,21.51619],[96.02857,21.51641],[96.02861,21.51763],[96.02683,21.51748],[96.02693,21.51572],[96.02756,21.51536],[96.02761,21.51536]],[[96.03323,21.51986],[96.03387,21.51896],[96.03435,21.5191],[96.03362,21.51964],[96.0359,21.51888],[96.03768,21.51884],[96.03459,21.51969],[96.03468,21.52059],[96.03415,21.52122],[96.03443,21.52244],[96.03346,21.52253],[96.03375,21.52334],[96.03341,21.52343],[96.03322,21.52262],[96.03269,21.52257],[96.03256,21.52058],[96.03198,21.52026],[96.03226,21.52135],[96.03178,21.52031],[96.03087,21.52008],[96.03309,21.51986],[96.03328,21.52045],[96.03328,21.51986],[96.03323,21.51986]],[[96.03823,21.52422],[96.03756,21.52395],[96.03775,21.52354],[96.03693,21.52363],[96.03698,21.52318],[96.03877,21.52233],[96.0393,21.52251],[96.03935,21.52346],[96.03799,21.52368],[96.03852,21.52395],[96.03828,21.52422],[96.03823,21.52422]],[[96.03829,21.52214],[96.03786,21.52155],[96.03835,21.5207],[96.03738,21.52029],[96.03777,21.51984],[96.03835,21.51984],[96.03854,21.52034],[96.03893,21.52007],[96.03922,21.52061],[96.03916,21.52143],[96.03844,21.52214],[96.03829,21.52214]],[[96.03531,21.52882],[96.0355,21.53004],[96.03699,21.53104],[96.03664,21.53257],[96.03626,21.53162],[96.03588,21.53153],[96.03558,21.53225],[96.03501,21.53139],[96.03507,21.52881],[96.03531,21.52882]],[[96.03496,21.53157],[96.03669,21.53352],[96.03843,21.53357],[96.03885,21.53489],[96.03861,21.53556],[96.03769,21.53596],[96.03726,21.53528],[96.03779,21.53538],[96.03794,21.53493],[96.0376,21.53515],[96.03736,21.53443],[96.03605,21.53487],[96.03591,21.53415],[96.03504,21.53401],[96.03568,21.53306],[96.03447,21.53315],[96.03437,21.53414],[96.03466,21.53392],[96.03504,21.53455],[96.03417,21.53441],[96.03325,21.53495],[96.03335,21.53545],[96.03446,21.53473],[96.03465,21.53505],[96.0332,21.53581],[96.03315,21.53639],[96.03382,21.53699],[96.03348,21.53739],[96.03291,21.53603],[96.03171,21.53517],[96.03422,21.53423],[96.03428,21.5327],[96.03476,21.5331],[96.03515,21.53247],[96.0338,21.53224],[96.03467,21.53207],[96.03399,21.53184],[96.03458,21.5313],[96.03491,21.53157],[96.03496,21.53157]]],[[[96.1361,21.5648],[96.13731,21.56453],[96.13717,21.5634],[96.13553,21.56348],[96.13576,21.56479],[96.1361,21.5648]]],[[[96.08168,21.56511],[96.08067,21.56416],[96.08235,21.56462],[96.08303,21.56376],[96.08154,21.56394],[96.08058,21.56303],[96.08044,21.56204],[96.08087,21.56136],[96.08049,21.56118],[96.07952,21.56221],[96.07995,21.56249],[96.07937,21.56343],[96.0799,21.56393],[96.0799,21.56339],[96.08043,21.56371],[96.08013,21.56438],[96.08163,21.56511],[96.08168,21.56511]]],[[[96.09983,21.56673],[96.09979,21.56465],[96.10051,21.56515],[96.10042,21.56433],[96.10119,21.56425],[96.09998,21.56393],[96.09959,21.56474],[96.09848,21.56496],[96.09825,21.56383],[96.09907,21.56365],[96.09849,21.56329],[96.09854,21.56266],[96.09767,21.56369],[96.09766,21.5645],[96.09843,21.56564],[96.0994,21.56578],[96.09973,21.56673],[96.09983,21.56673]]],[[[96.17375,21.56901],[96.17646,21.56789],[96.17776,21.56816],[96.17733,21.56762],[96.17776,21.5678],[96.17849,21.56681],[96.17873,21.56726],[96.17941,21.56668],[96.17831,21.56509],[96.1771,21.565],[96.17754,21.56464],[96.17701,21.56319],[96.17633,21.56427],[96.17551,21.564],[96.1756,21.56581],[96.17541,21.56517],[96.17498,21.56517],[96.17527,21.56445],[96.17483,21.5644],[96.17502,21.5649],[96.17459,21.56526],[96.17512,21.56607],[96.17705,21.56509],[96.17594,21.56608],[96.17468,21.56616],[96.17487,21.56743],[96.17347,21.56806],[96.17365,21.56901],[96.17375,21.56901]]],[[[96.08214,21.56914],[96.08117,21.56976],[96.08349,21.57036],[96.08469,21.57037],[96.08499,21.56951],[96.08527,21.57001],[96.08619,21.5697],[96.08677,21.57042],[96.08696,21.56992],[96.08648,21.56934],[96.08706,21.56925],[96.08557,21.56856],[96.08518,21.5691],[96.08538,21.56779],[96.085,21.5677],[96.08475,21.56856],[96.08417,21.56847],[96.08398,21.56738],[96.08331,21.56702],[96.08258,21.56747],[96.08287,21.56796],[96.08214,21.569],[96.08214,21.56914]]],[[[96.08909,21.56935],[96.08948,21.57007],[96.09068,21.57012],[96.09188,21.57144],[96.09305,21.57085],[96.0931,21.5704],[96.09329,21.57117],[96.09415,21.57145],[96.09401,21.5705],[96.09391,21.57126],[96.09358,21.57068],[96.09406,21.57014],[96.09383,21.56919],[96.09272,21.56914],[96.0932,21.56878],[96.09175,21.56841],[96.09049,21.56895],[96.09044,21.56949],[96.0903,21.56894],[96.08948,21.56885],[96.08891,21.56772],[96.09021,21.56786],[96.09031,21.56732],[96.08973,21.56772],[96.0891,21.56713],[96.08857,21.56749],[96.08943,21.56881],[96.08909,21.5693],[96.08909,21.56935]]],[[[96.08909,21.56935],[96.08761,21.56677],[96.0891,21.56709],[96.08978,21.56655],[96.09036,21.56669],[96.09032,21.56547],[96.09075,21.56511],[96.09062,21.56398],[96.09047,21.56511],[96.08965,21.56461],[96.08946,21.56248],[96.08985,21.56199],[96.08971,21.56144],[96.08899,21.56135],[96.08904,21.56085],[96.09077,21.56104],[96.09106,21.56158],[96.09232,21.56136],[96.09217,21.56177],[96.09275,21.56222],[96.09222,21.56191],[96.09197,21.56245],[96.09246,21.56267],[96.09299,21.56218],[96.09333,21.5625],[96.09348,21.56169],[96.09309,21.56128],[96.09357,21.56128],[96.09358,21.56083],[96.09439,21.56173],[96.09522,21.56142],[96.09483,21.56101],[96.09551,21.56129],[96.09546,21.56088],[96.09565,21.5612],[96.09652,21.56084],[96.09604,21.5607],[96.0959,21.55971],[96.09657,21.56025],[96.09658,21.55944],[96.09585,21.55948],[96.09494,21.55844],[96.09557,21.55813],[96.09576,21.55858],[96.096,21.55822],[96.09572,21.55686],[96.09625,21.55691],[96.09658,21.55781],[96.09808,21.55768],[96.09798,21.55881],[96.09866,21.559],[96.09697,21.55903],[96.09745,21.55953],[96.09687,21.55935],[96.09686,21.5598],[96.09773,21.56057],[96.09845,21.56058],[96.09836,21.56103],[96.09884,21.56108],[96.09889,21.5599],[96.10015,21.56013],[96.10025,21.55964],[96.09962,21.55905],[96.1028,21.55996],[96.10155,21.56023],[96.10251,21.56096],[96.10285,21.56032],[96.10343,21.56078],[96.10415,21.56051],[96.10353,21.56028],[96.10387,21.55961],[96.10445,21.55965],[96.10415,21.56065],[96.10473,21.56087],[96.10566,21.55934],[96.10624,21.55921],[96.10628,21.56007],[96.107,21.56012],[96.10749,21.55989],[96.10749,21.55903],[96.10865,21.55899],[96.10855,21.55935],[96.10909,21.55886],[96.10764,21.55818],[96.10716,21.5584],[96.10755,21.55804],[96.10615,21.55727],[96.1059,21.55844],[96.10581,21.55799],[96.10494,21.55803],[96.1044,21.55893],[96.10363,21.55879],[96.10349,21.55807],[96.1045,21.55861],[96.10373,21.55802],[96.10426,21.55776],[96.10378,21.55762],[96.10363,21.55798],[96.10257,21.55793],[96.10194,21.55865],[96.09948,21.55905],[96.09851,21.55863],[96.09885,21.55841],[96.09775,21.55696],[96.09654,21.55668],[96.09659,21.55601],[96.09766,21.5552],[96.10012,21.55485],[96.10037,21.55422],[96.10109,21.55413],[96.10066,21.55327],[96.10124,21.55286],[96.10028,21.55259],[96.09892,21.55344],[96.09946,21.55322],[96.09902,21.55267],[96.09859,21.55339],[96.09801,21.55335],[96.09873,21.55308],[96.09859,21.55267],[96.09757,21.55276],[96.09796,21.5533],[96.09714,21.55366],[96.09713,21.55425],[96.09554,21.55429],[96.09598,21.55375],[96.0952,21.55365],[96.09559,21.55356],[96.09526,21.55293],[96.09608,21.55293],[96.09666,21.55226],[96.0958,21.55076],[96.09493,21.55049],[96.09599,21.55027],[96.09522,21.5499],[96.09643,21.54918],[96.09528,21.54895],[96.09648,21.54896],[96.09634,21.54778],[96.09683,21.54756],[96.09698,21.54657],[96.09615,21.54683],[96.09543,21.54638],[96.09538,21.54692],[96.09485,21.54696],[96.09494,21.54782],[96.09417,21.54759],[96.09349,21.54877],[96.09257,21.54863],[96.09305,21.54935],[96.09276,21.54985],[96.09334,21.55008],[96.09333,21.55193],[96.0941,21.55225],[96.09322,21.55486],[96.09423,21.55491],[96.09452,21.55568],[96.09472,21.55491],[96.09491,21.55541],[96.09549,21.55537],[96.09539,21.55614],[96.09635,21.55619],[96.0964,21.55664],[96.09481,21.55613],[96.09432,21.55672],[96.09471,21.55609],[96.09408,21.55577],[96.09422,21.55672],[96.09369,21.55712],[96.09398,21.55631],[96.09278,21.55667],[96.09282,21.55707],[96.09162,21.55689],[96.09166,21.55734],[96.09133,21.55689],[96.09118,21.55752],[96.09026,21.5577],[96.09046,21.55688],[96.09084,21.55702],[96.09056,21.55648],[96.09152,21.55626],[96.09181,21.55675],[96.09191,21.55612],[96.09114,21.55616],[96.09167,21.55504],[96.09023,21.55322],[96.09005,21.55164],[96.09063,21.55119],[96.0901,21.55078],[96.08971,21.55223],[96.09056,21.55562],[96.08979,21.55593],[96.08973,21.55634],[96.09046,21.55666],[96.08958,21.55747],[96.0891,21.55729],[96.08847,21.5581],[96.0877,21.55809],[96.08843,21.55755],[96.08814,21.55696],[96.0892,21.55665],[96.08882,21.55606],[96.08935,21.55602],[96.08872,21.55552],[96.08809,21.55665],[96.0881,21.55588],[96.08728,21.5557],[96.08776,21.55502],[96.08699,21.55497],[96.08554,21.55601],[96.08516,21.55474],[96.08438,21.55442],[96.08414,21.55501],[96.08308,21.55505],[96.08162,21.55594],[96.08356,21.55609],[96.0824,21.55622],[96.0835,21.55654],[96.08341,21.5569],[96.08408,21.55726],[96.0849,21.55704],[96.08393,21.55776],[96.08504,21.55795],[96.08514,21.55853],[96.08606,21.55831],[96.08519,21.5579],[96.0863,21.55772],[96.08611,21.55678],[96.08707,21.55723],[96.08688,21.55768],[96.08751,21.55773],[96.0876,21.55818],[96.08683,21.5584],[96.08707,21.55877],[96.08581,21.55876],[96.08716,21.55904],[96.08687,21.55967],[96.08634,21.55989],[96.08518,21.55935],[96.0859,21.55971],[96.08551,21.56061],[96.08643,21.56007],[96.08638,21.56084],[96.08387,21.56119],[96.08349,21.56042],[96.0831,21.56119],[96.08338,21.56232],[96.08492,21.5626],[96.08569,21.56396],[96.08463,21.56404],[96.08492,21.56427],[96.08448,21.56445],[96.08434,21.564],[96.08385,21.56404],[96.08433,21.5649],[96.08423,21.56639],[96.08467,21.56607],[96.085,21.56671],[96.08485,21.5673],[96.08447,21.56725],[96.08625,21.56757],[96.08645,21.56703],[96.08659,21.56762],[96.08717,21.5674],[96.08722,21.56685],[96.08761,21.56731],[96.08741,21.56776],[96.08698,21.56762],[96.08721,21.56816],[96.08673,21.56857],[96.08741,21.56871],[96.08711,21.56961],[96.08745,21.57011],[96.08657,21.57128],[96.08797,21.57151],[96.08836,21.57007],[96.0889,21.57007],[96.08842,21.56916],[96.08909,21.56939],[96.08909,21.56935]],[[96.08723,21.56568],[96.0867,21.56482],[96.08626,21.56563],[96.08632,21.564],[96.08864,21.56406],[96.08858,21.56474],[96.08723,21.56581],[96.08723,21.56568]],[[96.09203,21.56082],[96.09213,21.55938],[96.09127,21.5591],[96.0933,21.55839],[96.09324,21.56056],[96.09213,21.56123],[96.09198,21.56082],[96.09203,21.56082]]],[[[96.09637,21.57177],[96.0971,21.57123],[96.09705,21.57069],[96.09633,21.57073],[96.09691,21.56979],[96.0974,21.56965],[96.09797,21.57038],[96.09725,21.5701],[96.0973,21.57083],[96.0988,21.57011],[96.10106,21.57025],[96.10035,21.56872],[96.10146,21.56822],[96.10088,21.56836],[96.10074,21.56795],[96.10247,21.56854],[96.10363,21.56801],[96.10262,21.56755],[96.10219,21.56782],[96.10292,21.56687],[96.1021,21.56665],[96.10233,21.56737],[96.10171,21.56737],[96.1018,21.56786],[96.10093,21.56727],[96.10049,21.56831],[96.10011,21.56763],[96.09915,21.56772],[96.09909,21.56826],[96.09967,21.56835],[96.09991,21.56903],[96.09933,21.56907],[96.09957,21.56876],[96.09905,21.56839],[96.0987,21.56903],[96.09914,21.5693],[96.09846,21.56925],[96.09807,21.56988],[96.09759,21.56925],[96.0959,21.56919],[96.09581,21.56883],[96.09508,21.56942],[96.09494,21.56892],[96.09421,21.56878],[96.09411,21.5705],[96.09454,21.57063],[96.09518,21.56951],[96.09474,21.57082],[96.09603,21.57177],[96.09637,21.57177]]],[[[96.172,21.57243],[96.17601,21.57105],[96.17558,21.57005],[96.17515,21.57],[96.17549,21.56983],[96.1752,21.56892],[96.17443,21.56932],[96.17471,21.57086],[96.17414,21.56941],[96.17268,21.57058],[96.17215,21.57022],[96.17239,21.57121],[96.17195,21.57243],[96.172,21.57243]]],[[[96.18608,21.57714],[96.18507,21.57673],[96.18507,21.57722],[96.18478,21.57682],[96.18517,21.57641],[96.18415,21.57605],[96.18459,21.57645],[96.18401,21.57663],[96.18405,21.5779],[96.18323,21.57713],[96.18304,21.57762],[96.18424,21.57799],[96.18453,21.57935],[96.18738,21.57859],[96.18651,21.578],[96.187,21.57714],[96.18623,21.57714],[96.18608,21.57714]]],[[[96.17996,21.57468],[96.18044,21.57441],[96.17972,21.57413],[96.18064,21.57368],[96.18083,21.57301],[96.18055,21.57269],[96.17938,21.57305],[96.18021,21.57264],[96.17871,21.57228],[96.179,21.57277],[96.17832,21.57291],[96.17832,21.57345],[96.17918,21.57467],[96.18009,21.57806],[96.1796,21.57878],[96.18057,21.57874],[96.17975,21.57901],[96.17989,21.57987],[96.18076,21.58005],[96.18104,21.58087],[96.18399,21.58034],[96.1839,21.57984],[96.18433,21.58016],[96.18279,21.57767],[96.18081,21.57874],[96.18212,21.57757],[96.18111,21.57685],[96.18135,21.57567],[96.18092,21.57486],[96.18001,21.57468],[96.17996,21.57468]]],[[[96.18674,21.58229],[96.18688,21.58188],[96.1864,21.58179],[96.18761,21.58166],[96.18761,21.5808],[96.188,21.58076],[96.18757,21.58012],[96.18761,21.58076],[96.18689,21.58039],[96.18762,21.57972],[96.18714,21.57904],[96.18481,21.57948],[96.18496,21.57998],[96.18447,21.58029],[96.18645,21.58229],[96.18674,21.58229]]],[[[96.14902,21.58183],[96.14907,21.58088],[96.15047,21.58075],[96.15009,21.57989],[96.15101,21.57958],[96.15057,21.5794],[96.15096,21.57935],[96.15091,21.57854],[96.14966,21.5779],[96.14995,21.57741],[96.14947,21.57786],[96.1487,21.57776],[96.1485,21.57925],[96.14831,21.57826],[96.14787,21.57817],[96.1485,21.57794],[96.14768,21.57794],[96.14778,21.57835],[96.14729,21.57853],[96.1472,21.57717],[96.14667,21.5774],[96.14676,21.57794],[96.14508,21.57752],[96.14498,21.57712],[96.1443,21.5777],[96.1444,21.57712],[96.14329,21.5767],[96.1428,21.57878],[96.14285,21.57756],[96.14237,21.57742],[96.143,21.57625],[96.14242,21.57661],[96.14243,21.57598],[96.14117,21.57615],[96.14193,21.57828],[96.14159,21.57878],[96.14092,21.57855],[96.14057,21.57958],[96.14096,21.57968],[96.14076,21.58035],[96.14163,21.58054],[96.14144,21.58103],[96.14255,21.58122],[96.14284,21.57996],[96.14169,21.57963],[96.14275,21.57946],[96.14299,21.57996],[96.14419,21.58023],[96.14429,21.58145],[96.14544,21.58173],[96.14506,21.58145],[96.14574,21.58064],[96.14565,21.5796],[96.14666,21.58042],[96.14569,21.58082],[96.14583,21.58182],[96.14868,21.58233],[96.14911,21.58201],[96.14921,21.58242],[96.15181,21.58284],[96.15254,21.58261],[96.15201,21.58207],[96.15259,21.58171],[96.15119,21.58143],[96.15235,21.58144],[96.15211,21.58112],[96.15279,21.58067],[96.1526,21.58004],[96.15294,21.5799],[96.15221,21.58026],[96.15207,21.57986],[96.15158,21.57999],[96.15134,21.58085],[96.15091,21.58048],[96.15129,21.58134],[96.14926,21.58102],[96.14911,21.58183],[96.14902,21.58183]]],[[[96.16294,21.57922],[96.1624,21.57999],[96.1625,21.57962],[96.16178,21.57949],[96.16187,21.5803],[96.16144,21.58043],[96.16187,21.58089],[96.16105,21.58075],[96.16095,21.58025],[96.16081,21.58093],[96.16134,21.58125],[96.16085,21.58143],[96.16114,21.58183],[96.16056,21.58197],[96.16051,21.58251],[96.15921,21.58223],[96.16002,21.58273],[96.15997,21.58327],[96.15915,21.58291],[96.15901,21.58354],[96.15862,21.58268],[96.15843,21.58372],[96.15765,21.58381],[96.15886,21.58395],[96.1591,21.58359],[96.15954,21.58399],[96.15978,21.58341],[96.16219,21.58382],[96.16268,21.58315],[96.16253,21.58383],[96.1633,21.58392],[96.1638,21.58117],[96.16404,21.58162],[96.16501,21.58121],[96.16776,21.58172],[96.16843,21.58136],[96.16844,21.58073],[96.16684,21.5805],[96.16665,21.57987],[96.16564,21.58004],[96.16594,21.57783],[96.16492,21.57774],[96.16507,21.57823],[96.16449,21.57832],[96.16377,21.57755],[96.16371,21.57895],[96.16338,21.57859],[96.16284,21.57922],[96.16294,21.57922]]],[[[96.16568,21.58239],[96.16582,21.58185],[96.16404,21.58198],[96.16378,21.585],[96.1674,21.58565],[96.16789,21.58538],[96.16793,21.58574],[96.16977,21.58607],[96.16991,21.58571],[96.17001,21.58611],[96.17165,21.58639],[96.17113,21.58417],[96.17133,21.58124],[96.16906,21.58173],[96.16938,21.58579],[96.16813,21.58547],[96.16909,21.58521],[96.16853,21.58173],[96.1678,21.5824],[96.16718,21.58199],[96.16727,21.58258],[96.16693,21.5819],[96.16664,21.5824],[96.16626,21.58194],[96.16552,21.58515],[96.1648,21.58438],[96.16553,21.58302],[96.16505,21.58275],[96.16568,21.58253],[96.16568,21.58239]]],[[[96.18027,21.58028],[96.17863,21.58036],[96.17955,21.57991],[96.17931,21.57851],[96.1797,21.57833],[96.17885,21.57485],[96.17832,21.57422],[96.1775,21.57435],[96.17759,21.57525],[96.17701,21.5753],[96.17711,21.57444],[96.17581,21.57272],[96.17412,21.57307],[96.17383,21.5737],[96.17354,21.57339],[96.17401,21.57533],[96.1731,21.57506],[96.17334,21.57456],[96.17373,21.57483],[96.17334,21.57393],[96.17219,21.57365],[96.17232,21.57542],[96.17194,21.57523],[96.17174,21.57596],[96.1717,21.57546],[96.17102,21.5755],[96.17193,21.57754],[96.17111,21.57735],[96.17096,21.57771],[96.1726,21.57772],[96.17279,21.57826],[96.17159,21.57803],[96.17187,21.57907],[96.17135,21.57808],[96.17115,21.57875],[96.17081,21.57817],[96.16985,21.57834],[96.1698,21.57875],[96.16907,21.57888],[96.16931,21.57924],[96.16883,21.57974],[96.1694,21.58092],[96.16901,21.58132],[96.17134,21.58056],[96.17176,21.58291],[96.17727,21.58122],[96.17669,21.58185],[96.17157,21.58314],[96.17189,21.58603],[96.17261,21.58657],[96.17503,21.58694],[96.17774,21.58623],[96.1775,21.58537],[96.17836,21.58605],[96.18064,21.58516],[96.18136,21.5853],[96.18136,21.58462],[96.18247,21.58521],[96.18363,21.58481],[96.18349,21.58417],[96.18393,21.58409],[96.18426,21.58495],[96.1846,21.58391],[96.18547,21.5845],[96.18552,21.58391],[96.18629,21.58387],[96.18577,21.58269],[96.18514,21.58292],[96.18514,21.58147],[96.18428,21.58065],[96.18123,21.58114],[96.18027,21.58019],[96.18027,21.58028]]],[[[96.18434,21.58842],[96.18454,21.58684],[96.18411,21.58698],[96.18406,21.58625],[96.18377,21.5868],[96.18319,21.58643],[96.18305,21.58693],[96.18174,21.58607],[96.18189,21.58575],[96.18131,21.58624],[96.18126,21.58584],[96.18039,21.58574],[96.18073,21.58611],[96.18039,21.58647],[96.17996,21.58601],[96.17822,21.58641],[96.17821,21.58732],[96.17769,21.58659],[96.1772,21.58664],[96.1773,21.5874],[96.18439,21.58842],[96.18434,21.58842]]]]}}],"bbox":[95.77127,20.27378,96.31584,21.58842]}
