{"type":"FeatureCollection","features":[{"type":"Feature","properties":{"Water_Clas":"Flood Water","Sensor_ID":"Sentinel-1","Sensor_Dat":"2021-08-31","Confidence":"To be evaluated","EventCode":"FL20210831MMR"},"geometry":{"type":"MultiPolygon","coordinates":[[[[96.80429,16.8457],[96.80375,16.84742],[96.80339,16.84751],[96.80348,16.84828],[96.80303,16.84906],[96.80321,16.85026],[96.80276,16.8512],[96.80321,16.85181],[96.80294,16.85189],[96.80285,16.85155],[96.80249,16.85172],[96.80276,16.85198],[96.80258,16.85275],[96.80312,16.85275],[96.80303,16.8531],[96.80348,16.85318],[96.80326,16.85383],[96.8038,16.85509],[96.80677,16.85976],[96.80793,16.86101],[96.80932,16.86144],[96.80923,16.86109],[96.80982,16.86111],[96.80686,16.8585],[96.80461,16.85347],[96.80452,16.84988],[96.80479,16.84808],[96.80569,16.8453],[96.80699,16.84286],[96.80672,16.84295],[96.80672,16.84261],[96.806,16.84235],[96.80483,16.84424],[96.80474,16.84501],[96.80429,16.84536],[96.80429,16.8457]]],[[[96.81314,16.86641],[96.81153,16.86401],[96.81031,16.86444],[96.80937,16.86436],[96.80982,16.86569],[96.8104,16.8653],[96.81193,16.86548],[96.81229,16.86608],[96.81323,16.86641],[96.81314,16.86641]]],[[[96.81291,16.87648],[96.813,16.87579],[96.81157,16.87364],[96.81126,16.87235],[96.81126,16.87351],[96.81288,16.87648],[96.81291,16.87648]]],[[[96.81426,16.8635],[96.8139,16.86384],[96.81408,16.86358],[96.81444,16.86376],[96.81462,16.86427],[96.81435,16.86453],[96.81309,16.86444],[96.81246,16.8641],[96.81175,16.86247],[96.81139,16.86237],[96.81166,16.86298],[96.81108,16.86264],[96.81252,16.86416],[96.8135,16.86587],[96.81363,16.86556],[96.81336,16.86539],[96.81363,16.86539],[96.81363,16.86505],[96.81399,16.8653],[96.81417,16.86505],[96.81732,16.86522],[96.8183,16.86608],[96.81875,16.86608],[96.81884,16.86642],[96.8192,16.86634],[96.81974,16.86685],[96.82136,16.86737],[96.82172,16.86797],[96.82271,16.86848],[96.82262,16.86883],[96.82315,16.86883],[96.82414,16.86969],[96.82459,16.86969],[96.82666,16.87098],[96.82863,16.87149],[96.83043,16.87313],[96.83097,16.87321],[96.83115,16.87381],[96.83142,16.87373],[96.83232,16.8745],[96.83465,16.87725],[96.83465,16.87777],[96.83429,16.87794],[96.82998,16.87828],[96.82971,16.87863],[96.82872,16.87871],[96.8281,16.87914],[96.82738,16.87906],[96.82729,16.8794],[96.83219,16.87818],[96.83749,16.87818],[96.83875,16.87764],[96.83839,16.87593],[96.83704,16.87386],[96.83623,16.87189],[96.83533,16.87108],[96.83488,16.86973],[96.83156,16.86569],[96.83012,16.86443],[96.83021,16.86407],[96.8294,16.8638],[96.82976,16.86299],[96.8294,16.86299],[96.82958,16.86273],[96.82913,16.86237],[96.8286,16.86299],[96.82545,16.86273],[96.82249,16.86362],[96.81916,16.86389],[96.81683,16.86389],[96.81426,16.86326],[96.81426,16.8635]]],[[[96.81875,16.88129],[96.81827,16.88069],[96.8183,16.87975],[96.81777,16.88061],[96.81848,16.88129],[96.81875,16.88129]]],[[[96.84755,16.9027],[96.84701,16.89956],[96.84611,16.89857],[96.84575,16.89749],[96.84504,16.89704],[96.84477,16.89596],[96.84414,16.89506],[96.84391,16.89548],[96.84355,16.8953],[96.84373,16.89505],[96.84346,16.89513],[96.84319,16.89565],[96.84346,16.89608],[96.84373,16.89599],[96.84678,16.90072],[96.84723,16.90295],[96.84764,16.90295],[96.84764,16.9027],[96.84755,16.9027]]],[[[96.84818,16.90522],[96.848,16.90387],[96.84732,16.9039],[96.84768,16.90527],[96.84827,16.90522],[96.84818,16.90522]]],[[[96.80133,16.90605],[96.8016,16.90579],[96.80097,16.90562],[96.80115,16.9051],[96.80034,16.90553],[96.80043,16.90596],[96.80115,16.90605],[96.80133,16.90605]]],[[[96.84692,16.90755],[96.84732,16.90699],[96.84696,16.90717],[96.84669,16.90682],[96.84552,16.90682],[96.8466,16.90755],[96.84692,16.90755]]],[[[96.84759,16.93063],[96.84809,16.93037],[96.84795,16.93011],[96.84845,16.92956],[96.84831,16.929],[96.8475,16.93063],[96.84759,16.93063]]],[[[96.83839,16.9407],[96.8409,16.93971],[96.84261,16.93845],[96.84486,16.93578],[96.84355,16.93707],[96.83955,16.93819],[96.83753,16.93828],[96.83704,16.93785],[96.83722,16.94007],[96.83776,16.9407],[96.83839,16.9407]]],[[[96.82522,16.94996],[96.82262,16.95435],[96.82181,16.95692],[96.82109,16.95847],[96.82055,16.9589],[96.82082,16.95916],[96.82028,16.95933],[96.81992,16.96019],[96.82132,16.95876],[96.82258,16.95606],[96.82321,16.95543],[96.82375,16.95399],[96.8259,16.95049],[96.82976,16.94555],[96.83021,16.94447],[96.82976,16.9424],[96.82899,16.94403],[96.82783,16.94549],[96.82783,16.94601],[96.82693,16.94687],[96.82522,16.94979],[96.82522,16.94996]]],[[[96.80169,17.02634],[96.80213,17.02608],[96.80249,17.02625],[96.80204,17.02548],[96.80213,17.02505],[96.80186,17.02505],[96.80169,17.02574],[96.80204,17.02608],[96.80115,17.02591],[96.8016,17.02634],[96.80169,17.02634]]],[[[96.8431,17.06344],[96.84346,17.0631],[96.84337,17.06164],[96.84391,17.06078],[96.844,17.05932],[96.84328,17.05597],[96.84247,17.05511],[96.84229,17.05631],[96.84166,17.05743],[96.84175,17.05795],[96.8413,17.0582],[96.8413,17.06078],[96.84166,17.06198],[96.84238,17.06215],[96.84229,17.06267],[96.84283,17.06344],[96.8431,17.06344]]],[[[96.51557,17.09324],[96.51638,17.09315],[96.51683,17.09238],[96.51638,17.09135],[96.51616,17.09144],[96.51652,17.09233],[96.51625,17.09296],[96.51517,17.09305],[96.51485,17.09247],[96.5153,17.09324],[96.51557,17.09324]]],[[[96.8413,17.0971],[96.84157,17.09684],[96.84157,17.09633],[96.84103,17.0965],[96.8413,17.09602],[96.84022,17.0965],[96.84022,17.09674],[96.84108,17.09665],[96.84121,17.0971],[96.8413,17.0971]]],[[[96.83914,17.09873],[96.83995,17.09796],[96.83977,17.09762],[96.84067,17.09692],[96.83977,17.09693],[96.83968,17.09727],[96.83906,17.09753],[96.83888,17.0983],[96.83843,17.09848],[96.83902,17.09873],[96.83914,17.09873]]],[[[96.84067,17.09882],[96.84094,17.0983],[96.84148,17.09839],[96.84121,17.09822],[96.84139,17.09719],[96.84094,17.0971],[96.84085,17.09753],[96.84112,17.09762],[96.84049,17.09753],[96.84058,17.09796],[96.84022,17.09787],[96.84049,17.09813],[96.84013,17.09865],[96.84076,17.09882],[96.84067,17.09882]]],[[[96.85025,17.10338],[96.85051,17.10293],[96.85034,17.10195],[96.85082,17.10165],[96.85136,17.10177],[96.851,17.10157],[96.85109,17.10131],[96.85064,17.10148],[96.85037,17.10114],[96.84939,17.10174],[96.84921,17.1026],[96.84989,17.10276],[96.85016,17.10338],[96.85025,17.10338]]],[[[96.85091,17.10423],[96.84989,17.10473],[96.84989,17.10509],[96.85127,17.10483],[96.85082,17.10466],[96.85091,17.1044],[96.85127,17.10457],[96.85118,17.10423],[96.85091,17.10423]]],[[[96.83151,17.10663],[96.83151,17.10612],[96.83205,17.10603],[96.83174,17.10554],[96.83183,17.10466],[96.83142,17.10492],[96.83025,17.10449],[96.83034,17.10517],[96.83088,17.10552],[96.8307,17.10586],[96.83106,17.10595],[96.83097,17.10663],[96.83133,17.10663],[96.83151,17.10663]]],[[[96.8334,17.10844],[96.83367,17.10886],[96.83331,17.10844],[96.83322,17.10929],[96.83393,17.10895],[96.83402,17.10835],[96.83426,17.10852],[96.83435,17.10801],[96.83411,17.10818],[96.83429,17.10783],[96.83393,17.10715],[96.83313,17.10749],[96.83322,17.10792],[96.83277,17.10766],[96.83255,17.10921],[96.83277,17.10869],[96.8334,17.10835],[96.8334,17.10844]]],[[[96.85972,17.11453],[96.85999,17.11376],[96.86124,17.1135],[96.86178,17.11273],[96.86142,17.11307],[96.86115,17.1129],[96.86106,17.11324],[96.86052,17.11273],[96.86008,17.11307],[96.86022,17.11213],[96.85981,17.11221],[96.85972,17.11273],[96.85918,17.11307],[96.85927,17.11384],[96.85882,17.11402],[96.85891,17.11445],[96.85945,17.11419],[96.85945,17.11453],[96.85972,17.11453]]],[[[96.97461,17.11771],[96.97506,17.11694],[96.97497,17.11651],[96.97416,17.11668],[96.97434,17.11711],[96.97407,17.11762],[96.97443,17.11745],[96.97452,17.11771],[96.97461,17.11771]]],[[[96.83699,17.11848],[96.83726,17.11797],[96.83699,17.11805],[96.83681,17.11771],[96.83708,17.11788],[96.83722,17.11762],[96.83699,17.11754],[96.83717,17.11702],[96.83681,17.11633],[96.83627,17.11633],[96.83681,17.11685],[96.83654,17.11754],[96.8369,17.11822],[96.83681,17.11874],[96.83708,17.11848],[96.83699,17.11848]]],[[[96.97062,17.12593],[96.97107,17.12539],[96.97107,17.12485],[96.9717,17.12449],[96.97152,17.12342],[96.97179,17.12342],[96.9717,17.12297],[96.97143,17.12297],[96.9717,17.12189],[96.97098,17.12045],[96.97071,17.12045],[96.97053,17.11937],[96.97062,17.11767],[96.97098,17.11749],[96.97062,17.11677],[96.97107,17.11632],[96.97107,17.11551],[96.97008,17.11551],[96.96927,17.11452],[96.96918,17.11353],[96.96855,17.11362],[96.9681,17.11264],[96.96721,17.11237],[96.96703,17.11147],[96.96667,17.11147],[96.9664,17.11066],[96.96595,17.11066],[96.96532,17.10886],[96.96469,17.10859],[96.96379,17.10689],[96.96307,17.10671],[96.9628,17.10599],[96.96209,17.10599],[96.96227,17.10482],[96.96191,17.10473],[96.96182,17.10419],[96.9611,17.10419],[96.96101,17.10365],[96.96074,17.10365],[96.9602,17.10401],[96.95966,17.10518],[96.9593,17.10518],[96.95921,17.10581],[96.95948,17.10581],[96.95975,17.10707],[96.96047,17.10734],[96.96047,17.10797],[96.96074,17.10797],[96.96074,17.1085],[96.96146,17.10931],[96.96164,17.11012],[96.96236,17.11039],[96.96236,17.11138],[96.96298,17.11291],[96.96334,17.11336],[96.96406,17.11336],[96.96379,17.11362],[96.96397,17.11443],[96.96469,17.11452],[96.96487,17.11488],[96.96451,17.11578],[96.96478,17.11587],[96.96478,17.11641],[96.96532,17.11641],[96.96514,17.11767],[96.96559,17.11812],[96.96577,17.11892],[96.96613,17.11946],[96.96712,17.11964],[96.96676,17.12018],[96.96739,17.12144],[96.96837,17.12144],[96.96837,17.12171],[96.96766,17.12189],[96.9681,17.12342],[96.96855,17.12405],[96.96918,17.12405],[96.96936,17.12458],[96.96981,17.12458],[96.96981,17.12557],[96.97026,17.12557],[96.97026,17.12593],[96.97062,17.12593]],[[96.96586,17.11632],[96.96613,17.11578],[96.9655,17.11587],[96.96559,17.11533],[96.96532,17.11506],[96.96622,17.11524],[96.96667,17.11497],[96.96622,17.11632],[96.96586,17.11632]]],[[[96.85145,17.12981],[96.85154,17.12947],[96.851,17.12938],[96.851,17.12895],[96.85181,17.12827],[96.85217,17.12835],[96.85235,17.12724],[96.8528,17.12775],[96.85334,17.12749],[96.8537,17.12767],[96.85424,17.12741],[96.85415,17.12681],[96.85442,17.12698],[96.85451,17.12664],[96.85343,17.12655],[96.85316,17.12672],[96.85379,17.12698],[96.85307,17.12707],[96.85271,17.12655],[96.85235,17.12655],[96.85262,17.12707],[96.85226,17.12698],[96.8519,17.12801],[96.85145,17.12784],[96.85154,17.1281],[96.85109,17.1281],[96.851,17.12767],[96.85046,17.12852],[96.84975,17.12844],[96.84992,17.12895],[96.84912,17.12887],[96.84957,17.12904],[96.84957,17.12956],[96.85064,17.12895],[96.85127,17.13024],[96.85154,17.12981],[96.85145,17.12981]]],[[[96.78965,17.13041],[96.78965,17.12844],[96.78938,17.12844],[96.78884,17.12998],[96.78884,17.13024],[96.78938,17.13041],[96.78965,17.13041]]],[[[96.79306,17.13041],[96.79333,17.12964],[96.79288,17.12973],[96.79306,17.1293],[96.79261,17.12904],[96.79252,17.12964],[96.79297,17.12998],[96.79243,17.13016],[96.79234,17.1299],[96.79225,17.13033],[96.79297,17.13041],[96.79306,17.13041]]],[[[96.79189,17.12964],[96.79225,17.12973],[96.79243,17.1293],[96.79198,17.12913],[96.79073,17.12947],[96.79109,17.13024],[96.7918,17.13016],[96.7918,17.1305],[96.79207,17.1305],[96.79189,17.12981],[96.79189,17.12964]]],[[[96.6054,17.13067],[96.60531,17.13033],[96.60567,17.13024],[96.60549,17.12981],[96.60603,17.12956],[96.60567,17.12852],[96.60531,17.1287],[96.60549,17.12947],[96.60513,17.12964],[96.6054,17.12998],[96.60468,17.1305],[96.60531,17.13067],[96.6054,17.13067]]],[[[96.60909,17.13127],[96.60837,17.1305],[96.60765,17.13059],[96.60792,17.13144],[96.60918,17.13127],[96.60909,17.13127]]],[[[96.7918,17.1305],[96.79162,17.13024],[96.79135,17.13041],[96.79153,17.13067],[96.79109,17.13041],[96.79073,17.13076],[96.79064,17.13024],[96.79046,17.13076],[96.79109,17.1311],[96.79055,17.1311],[96.79055,17.13144],[96.79091,17.13162],[96.79109,17.13136],[96.79117,17.1317],[96.79153,17.13084],[96.79207,17.13101],[96.7918,17.13059],[96.7918,17.1305]]],[[[96.74554,17.1311],[96.74545,17.13187],[96.74581,17.13179],[96.74617,17.13222],[96.74635,17.1317],[96.74572,17.13153],[96.74608,17.13144],[96.74635,17.13084],[96.74662,17.13101],[96.74662,17.13059],[96.74563,17.1305],[96.74554,17.13084],[96.74554,17.1311]]],[[[96.60855,17.13247],[96.60918,17.1323],[96.60909,17.1317],[96.60819,17.1317],[96.60846,17.13247],[96.60855,17.13247]]],[[[96.55393,17.13256],[96.55438,17.13239],[96.5542,17.13204],[96.55465,17.13196],[96.55402,17.13136],[96.55357,17.13179],[96.55384,17.13256],[96.55393,17.13256]]],[[[96.79225,17.13196],[96.79171,17.13179],[96.79153,17.13247],[96.79252,17.13239],[96.79297,17.13187],[96.79225,17.13179],[96.79225,17.13196]]],[[[96.59804,17.13247],[96.59795,17.13136],[96.59723,17.13119],[96.59723,17.13187],[96.5975,17.13187],[96.59705,17.13222],[96.59741,17.13213],[96.59759,17.13265],[96.59759,17.13213],[96.59795,17.13265],[96.59813,17.13247],[96.59804,17.13247]]],[[[96.60756,17.13204],[96.6072,17.13076],[96.60603,17.1305],[96.60612,17.13187],[96.60675,17.13187],[96.6063,17.13222],[96.60648,17.13265],[96.60684,17.13273],[96.6072,17.13222],[96.60774,17.13239],[96.60774,17.13204],[96.60756,17.13204]]],[[[96.78947,17.13256],[96.78974,17.13059],[96.78911,17.13041],[96.78911,17.13084],[96.78875,17.13033],[96.78848,17.13127],[96.78893,17.13179],[96.78947,17.13162],[96.78929,17.13196],[96.78839,17.1317],[96.78857,17.13204],[96.78812,17.13213],[96.7883,17.13247],[96.78803,17.1329],[96.78857,17.13299],[96.78866,17.13265],[96.78902,17.13299],[96.78947,17.13265],[96.78947,17.13256]]],[[[96.74285,17.13316],[96.74365,17.13307],[96.74356,17.13187],[96.74338,17.1323],[96.7432,17.13196],[96.74294,17.13213],[96.74303,17.13256],[96.74258,17.1323],[96.74285,17.13187],[96.7424,17.13204],[96.74231,17.13273],[96.74276,17.13316],[96.74285,17.13316]]],[[[96.74842,17.13282],[96.74967,17.13299],[96.74895,17.13273],[96.74842,17.13204],[96.74922,17.13179],[96.74824,17.13179],[96.74815,17.13213],[96.74859,17.1323],[96.74815,17.13256],[96.74815,17.13316],[96.74842,17.13316],[96.74842,17.13282]]],[[[96.851,17.13333],[96.85118,17.13273],[96.85082,17.1323],[96.85019,17.13265],[96.84939,17.13256],[96.84939,17.13307],[96.85019,17.1329],[96.85019,17.13316],[96.85064,17.13299],[96.85082,17.13333],[96.851,17.13333]]],[[[96.79028,17.13299],[96.79028,17.13342],[96.79055,17.13342],[96.79082,17.1323],[96.79064,17.13179],[96.79028,17.13179],[96.79028,17.13204],[96.78992,17.13187],[96.7901,17.13213],[96.78983,17.1329],[96.7901,17.13299],[96.79028,17.13299]]],[[[96.85325,17.13359],[96.85361,17.13299],[96.85424,17.13299],[96.85442,17.13265],[96.85298,17.13204],[96.85316,17.13359],[96.85325,17.13359]]],[[[96.86861,17.13299],[96.86888,17.13316],[96.86915,17.13282],[96.86888,17.13247],[96.86852,17.13273],[96.86825,17.13247],[96.86852,17.13204],[96.86825,17.13204],[96.86789,17.13256],[96.86843,17.13307],[96.86816,17.13316],[96.86843,17.13359],[96.86879,17.13359],[96.86861,17.13325],[96.86861,17.13299]]],[[[96.54863,17.13333],[96.5489,17.1335],[96.5498,17.13307],[96.54836,17.13273],[96.54827,17.13376],[96.54854,17.13333],[96.54863,17.13333]]],[[[96.5374,17.13436],[96.53749,17.13316],[96.53641,17.13299],[96.53632,17.13402],[96.53605,17.13419],[96.53713,17.13436],[96.5374,17.13436]]],[[[96.61034,17.13307],[96.60989,17.13316],[96.60989,17.13282],[96.60963,17.13282],[96.60972,17.13307],[96.60936,17.13316],[96.6098,17.13436],[96.61043,17.13393],[96.61043,17.13325],[96.6107,17.13333],[96.61115,17.13282],[96.61052,17.13256],[96.61034,17.13299],[96.61034,17.13307]]],[[[96.54216,17.13445],[96.54252,17.13376],[96.54306,17.13428],[96.54414,17.1341],[96.54414,17.13376],[96.54333,17.13393],[96.54297,17.13342],[96.54234,17.13359],[96.5427,17.13256],[96.54297,17.13256],[96.54279,17.1323],[96.54144,17.13265],[96.54162,17.13445],[96.54207,17.13445],[96.54216,17.13445]]],[[[96.77941,17.1335],[96.77905,17.13376],[96.77914,17.13436],[96.78031,17.13436],[96.78057,17.13428],[96.7804,17.13393],[96.78102,17.13402],[96.78093,17.13368],[96.78048,17.13368],[96.78093,17.1335],[96.78084,17.13307],[96.78031,17.13299],[96.78031,17.13342],[96.78004,17.13342],[96.78004,17.13299],[96.77977,17.13325],[96.77914,17.13299],[96.77905,17.13325],[96.77941,17.13333],[96.77941,17.1335]]],[[[96.87535,17.13436],[96.8749,17.13479],[96.87535,17.13488],[96.87571,17.13436],[96.87625,17.13445],[96.87634,17.13402],[96.87598,17.1341],[96.87625,17.13359],[96.87553,17.13402],[96.87535,17.13359],[96.87535,17.13419],[96.87535,17.13436]]],[[[96.74904,17.13479],[96.74949,17.1341],[96.74886,17.1341],[96.74868,17.13453],[96.74806,17.13445],[96.74833,17.13488],[96.74877,17.13471],[96.74904,17.13496],[96.74904,17.13479]]],[[[96.60181,17.13531],[96.60199,17.13471],[96.60262,17.13453],[96.60217,17.13402],[96.6028,17.1341],[96.60199,17.13368],[96.60262,17.13179],[96.60307,17.13179],[96.60271,17.13162],[96.60307,17.1311],[96.60262,17.13093],[96.60253,17.13033],[96.60316,17.13024],[96.60343,17.13084],[96.60433,17.13033],[96.60289,17.12938],[96.60235,17.12964],[96.60199,17.13033],[96.60253,17.13076],[96.60244,17.13204],[96.60136,17.13282],[96.60145,17.13307],[96.6019,17.13273],[96.60163,17.13333],[96.60163,17.13368],[96.6019,17.1335],[96.60172,17.13531],[96.60181,17.13531]]],[[[96.78956,17.13359],[96.7892,17.13325],[96.78866,17.13393],[96.78776,17.1341],[96.78785,17.13505],[96.78749,17.13548],[96.78794,17.13548],[96.78794,17.13436],[96.7892,17.13445],[96.7892,17.1341],[96.78983,17.13376],[96.78983,17.13316],[96.78965,17.13359],[96.78956,17.13359]]],[[[96.60504,17.13556],[96.60558,17.13522],[96.60576,17.13548],[96.60612,17.13522],[96.60702,17.13531],[96.60702,17.13462],[96.60657,17.13419],[96.60657,17.13479],[96.60531,17.13496],[96.60513,17.13453],[96.60612,17.13453],[96.60657,17.13393],[96.60612,17.13393],[96.60558,17.13325],[96.60441,17.13376],[96.60424,17.13333],[96.60486,17.13325],[96.60477,17.13273],[96.60388,17.13273],[96.6037,17.13325],[96.60415,17.13333],[96.60415,17.13359],[96.60343,17.13359],[96.60325,17.13419],[96.60415,17.13453],[96.60343,17.13471],[96.60424,17.13479],[96.6045,17.13496],[96.60424,17.13531],[96.60495,17.13556],[96.60504,17.13556]]],[[[96.55097,17.13488],[96.55114,17.13505],[96.55088,17.13488],[96.55097,17.13556],[96.55052,17.13574],[96.55079,17.13582],[96.55061,17.13599],[96.55097,17.13599],[96.55097,17.13565],[96.5515,17.13574],[96.5515,17.13471],[96.55204,17.13505],[96.55204,17.13453],[96.55141,17.13453],[96.55168,17.13376],[96.55052,17.13393],[96.55025,17.13462],[96.55061,17.13436],[96.55097,17.13479],[96.55097,17.13488]]],[[[96.55061,17.13599],[96.55025,17.13565],[96.55034,17.13522],[96.55025,17.13548],[96.5498,17.13539],[96.54998,17.13522],[96.54944,17.13462],[96.54962,17.13428],[96.54872,17.13419],[96.54926,17.13453],[96.54989,17.13591],[96.55061,17.13608],[96.55061,17.13599]]],[[[96.55842,17.13496],[96.55788,17.13574],[96.55815,17.13608],[96.5604,17.13574],[96.56076,17.13505],[96.5604,17.13376],[96.5604,17.13462],[96.56004,17.13419],[96.55968,17.13428],[96.55995,17.1341],[96.55977,17.13376],[96.55878,17.13393],[96.55842,17.13453],[96.55842,17.13496]]],[[[96.87454,17.13625],[96.87454,17.13599],[96.87562,17.13574],[96.87535,17.13496],[96.87472,17.13505],[96.87472,17.13548],[96.87427,17.13539],[96.87436,17.13625],[96.87454,17.13625]]],[[[96.50928,17.13694],[96.51,17.13677],[96.50991,17.13617],[96.51045,17.13548],[96.51,17.13428],[96.50982,17.13402],[96.50919,17.13419],[96.50892,17.13376],[96.50847,17.13402],[96.50856,17.1335],[96.50785,17.1335],[96.50722,17.13428],[96.50713,17.13505],[96.5074,17.13488],[96.5074,17.13565],[96.50767,17.13556],[96.50785,17.13617],[96.50919,17.13694],[96.50928,17.13694]]],[[[96.60864,17.13702],[96.60873,17.13608],[96.60774,17.13599],[96.60774,17.13556],[96.6063,17.13565],[96.60684,17.13617],[96.60729,17.13608],[96.60747,17.13659],[96.60828,17.13642],[96.60855,17.13659],[96.60846,17.13702],[96.60864,17.13702]]],[[[96.61555,17.1372],[96.61519,17.13625],[96.61564,17.13617],[96.61546,17.13565],[96.61591,17.13565],[96.61493,17.13548],[96.61484,17.13591],[96.61546,17.1372],[96.61555,17.1372]]],[[[96.60918,17.1372],[96.60936,17.13694],[96.60918,17.13728],[96.60963,17.13754],[96.61007,17.13711],[96.60972,17.13677],[96.60936,17.13685],[96.60927,17.13651],[96.60882,17.13694],[96.60909,17.1372],[96.60918,17.1372]]],[[[96.62112,17.1378],[96.62211,17.13745],[96.62193,17.13677],[96.62121,17.13694],[96.62085,17.13745],[96.62076,17.13702],[96.62049,17.13737],[96.62014,17.13728],[96.62014,17.13754],[96.62103,17.1378],[96.62112,17.1378]]],[[[96.60271,17.13805],[96.60262,17.13737],[96.60289,17.13754],[96.6028,17.13814],[96.60379,17.13762],[96.60495,17.13762],[96.60459,17.13737],[96.60477,17.13711],[96.6045,17.13668],[96.60495,17.13659],[96.60486,17.13582],[96.60522,17.13574],[96.6045,17.13548],[96.60352,17.13574],[96.6037,17.13531],[96.60307,17.13531],[96.60379,17.13642],[96.60415,17.13625],[96.60415,17.13685],[96.60343,17.13702],[96.60352,17.13737],[96.60298,17.13694],[96.60316,17.13668],[96.6028,17.13668],[96.60298,17.1372],[96.60235,17.13737],[96.60226,17.13685],[96.60262,17.13694],[96.60262,17.13634],[96.60226,17.13659],[96.60244,17.13634],[96.60208,17.13625],[96.6019,17.13677],[96.60235,17.13788],[96.6019,17.13831],[96.60271,17.13823],[96.60271,17.13805]]],[[[96.53399,17.13848],[96.53408,17.13797],[96.53345,17.13788],[96.53345,17.13762],[96.5339,17.13771],[96.53381,17.13711],[96.53273,17.1372],[96.53273,17.13745],[96.53228,17.13728],[96.53183,17.1378],[96.53201,17.13814],[96.53219,17.13788],[96.53264,17.13797],[96.53264,17.1384],[96.53318,17.1384],[96.53327,17.13797],[96.5339,17.13848],[96.53399,17.13848]]],[[[96.81193,17.13788],[96.81148,17.13823],[96.81175,17.13771],[96.81229,17.13797],[96.8122,17.13762],[96.81255,17.13762],[96.81229,17.13711],[96.81255,17.13737],[96.81264,17.13677],[96.8122,17.13694],[96.81229,17.13634],[96.81211,17.13668],[96.81121,17.13677],[96.81121,17.13642],[96.81175,17.13651],[96.81166,17.13625],[96.81112,17.13634],[96.81157,17.13608],[96.81148,17.13582],[96.81139,17.13608],[96.81094,17.13599],[96.81103,17.13659],[96.81067,17.13642],[96.81049,17.13668],[96.81022,17.13625],[96.81031,17.13685],[96.80986,17.13659],[96.81022,17.13737],[96.81022,17.13771],[96.80986,17.13771],[96.80986,17.13814],[96.81013,17.13788],[96.81013,17.13865],[96.8104,17.13865],[96.81049,17.13823],[96.81076,17.13857],[96.81103,17.13831],[96.81202,17.13865],[96.81193,17.13814],[96.81193,17.13788]]],[[[96.52959,17.13814],[96.52985,17.13831],[96.52976,17.13797],[96.52932,17.13797],[96.52959,17.13771],[96.52905,17.13762],[96.52869,17.13788],[96.52869,17.13874],[96.52923,17.1384],[96.52905,17.13805],[96.52941,17.13814],[96.52959,17.13814]]],[[[96.54953,17.13797],[96.54944,17.13754],[96.54971,17.13762],[96.54953,17.13797],[96.55016,17.13788],[96.55052,17.13823],[96.5507,17.13788],[96.55159,17.13788],[96.55168,17.13668],[96.55141,17.13651],[96.55168,17.13642],[96.55132,17.13608],[96.55123,17.13659],[96.55034,17.13642],[96.55016,17.13754],[96.54917,17.13711],[96.54908,17.13771],[96.54863,17.13745],[96.54899,17.13702],[96.54863,17.13711],[96.54836,17.13771],[96.54881,17.13771],[96.54863,17.13814],[96.54926,17.13805],[96.5489,17.13857],[96.54962,17.13891],[96.54998,17.13848],[96.54953,17.13814],[96.54953,17.13797]]],[[[96.60576,17.139],[96.60567,17.13814],[96.60603,17.13745],[96.60567,17.13728],[96.60567,17.13651],[96.60594,17.13625],[96.60549,17.13634],[96.60513,17.13591],[96.60558,17.139],[96.60576,17.139]]],[[[96.6143,17.1396],[96.61403,17.139],[96.61439,17.13926],[96.6143,17.1396],[96.61493,17.13968],[96.61439,17.13788],[96.61376,17.1378],[96.61376,17.13754],[96.6143,17.13762],[96.61376,17.13694],[96.6134,17.13797],[96.61295,17.1378],[96.61295,17.1372],[96.61277,17.13754],[96.6125,17.13745],[96.61286,17.13711],[96.6125,17.13599],[96.61178,17.13642],[96.61133,17.13599],[96.60989,17.13642],[96.61097,17.13737],[96.61079,17.13771],[96.60989,17.13737],[96.61025,17.13814],[96.61079,17.13814],[96.61151,17.13883],[96.61151,17.1378],[96.61268,17.13891],[96.61259,17.13831],[96.61214,17.13814],[96.6125,17.1378],[96.61322,17.13908],[96.61295,17.13943],[96.61322,17.13926],[96.61349,17.13986],[96.61367,17.13934],[96.61394,17.13934],[96.61376,17.13977],[96.6143,17.13968],[96.6143,17.1396]]],[[[96.61079,17.14003],[96.61133,17.13926],[96.61115,17.13883],[96.6107,17.13891],[96.61052,17.14003],[96.61079,17.14003]]],[[[96.76476,17.14003],[96.76476,17.13977],[96.76557,17.13977],[96.76575,17.13943],[96.76458,17.13934],[96.76467,17.139],[96.76441,17.139],[96.76467,17.14003],[96.76476,17.14003]]],[[[96.62112,17.14003],[96.62076,17.14037],[96.62112,17.14003],[96.62085,17.13986],[96.62049,17.14046],[96.62166,17.14037],[96.6222,17.1396],[96.62148,17.14003],[96.62112,17.14003]]],[[[96.60037,17.14054],[96.60037,17.14011],[96.59938,17.13994],[96.59929,17.13917],[96.59849,17.13951],[96.59885,17.14011],[96.59965,17.14029],[96.59974,17.14097],[96.60019,17.14106],[96.6001,17.14071],[96.60037,17.14063],[96.60037,17.14054]]],[[[96.55168,17.14114],[96.55204,17.139],[96.55231,17.13883],[96.55222,17.13805],[96.55097,17.13823],[96.5507,17.1396],[96.55052,17.13926],[96.54998,17.13934],[96.55105,17.1408],[96.55123,17.14054],[96.55168,17.14063],[96.55141,17.1408],[96.55159,17.14114],[96.55168,17.14114]]],[[[96.58878,17.13986],[96.58905,17.14054],[96.58914,17.13994],[96.58977,17.13994],[96.58977,17.14037],[96.59022,17.14071],[96.58995,17.14123],[96.59076,17.1414],[96.59085,17.14114],[96.59031,17.14089],[96.5904,17.14063],[96.59067,17.1408],[96.5904,17.14046],[96.59049,17.13968],[96.59103,17.13968],[96.59121,17.14003],[96.59085,17.14037],[96.5913,17.14063],[96.59121,17.13968],[96.59175,17.13986],[96.59202,17.13943],[96.59157,17.13926],[96.59112,17.1396],[96.58986,17.13926],[96.58896,17.13943],[96.58896,17.13986],[96.58878,17.13986]]],[[[96.74338,17.14132],[96.74365,17.1408],[96.74356,17.14046],[96.74329,17.14054],[96.74347,17.13977],[96.74311,17.13994],[96.7432,17.14029],[96.74249,17.14063],[96.74267,17.1402],[96.7424,17.13994],[96.74285,17.14003],[96.74285,17.13977],[96.74213,17.13986],[96.74204,17.1396],[96.74186,17.14037],[96.74222,17.14149],[96.74267,17.14114],[96.74258,17.14071],[96.74285,17.14071],[96.74276,17.1414],[96.74347,17.14132],[96.74338,17.14132]]],[[[96.85469,17.14003],[96.85451,17.13968],[96.85424,17.14063],[96.8537,17.1408],[96.85379,17.14149],[96.85415,17.14123],[96.85442,17.14166],[96.85442,17.14132],[96.85469,17.14149],[96.85514,17.14097],[96.8554,17.13943],[96.85469,17.13986],[96.85469,17.14003]]],[[[96.60936,17.1384],[96.60927,17.13805],[96.60801,17.13805],[96.60801,17.13762],[96.60774,17.13762],[96.60747,17.13831],[96.60756,17.13797],[96.60702,17.13805],[96.60702,17.13728],[96.60675,17.1378],[96.60675,17.1372],[96.6063,17.13737],[96.6063,17.1378],[96.60693,17.13788],[96.60675,17.13857],[96.60729,17.13857],[96.60729,17.13883],[96.60657,17.13883],[96.60666,17.1384],[96.60621,17.13831],[96.6063,17.13926],[96.60684,17.13917],[96.60675,17.13968],[96.6072,17.13951],[96.60702,17.1402],[96.60747,17.14029],[96.60756,17.14003],[96.60783,17.14063],[96.6081,17.14071],[96.60819,17.14037],[96.60864,17.14063],[96.60864,17.14089],[96.60747,17.14097],[96.60756,17.14174],[96.60792,17.14114],[96.60927,17.14114],[96.60945,17.1414],[96.61007,17.14114],[96.6098,17.14063],[96.61016,17.13994],[96.60936,17.1396],[96.60936,17.14003],[96.609,17.14003],[96.60909,17.14046],[96.60882,17.14046],[96.60855,17.14011],[96.6081,17.14029],[96.6081,17.13977],[96.60774,17.13977],[96.60801,17.13926],[96.6081,17.13968],[96.60837,17.13968],[96.60864,17.13883],[96.60963,17.13883],[96.60972,17.13823],[96.60945,17.1384],[96.60936,17.1384]]],[[[96.77294,17.14209],[96.77339,17.14132],[96.77321,17.14097],[96.7724,17.14097],[96.7724,17.14132],[96.77312,17.14123],[96.77276,17.1414],[96.77303,17.14174],[96.77267,17.14174],[96.77258,17.1414],[96.77249,17.14209],[96.77294,17.14209]]],[[[96.6107,17.14192],[96.61043,17.14235],[96.61241,17.14243],[96.61313,17.14192],[96.61331,17.1414],[96.61151,17.14097],[96.6107,17.14174],[96.6107,17.14192]]],[[[96.62364,17.14123],[96.62373,17.14037],[96.6231,17.14011],[96.62103,17.14071],[96.6204,17.14149],[96.6213,17.14166],[96.62328,17.14132],[96.62355,17.14149],[96.62337,17.14183],[96.62328,17.14157],[96.62301,17.14157],[96.62319,17.14192],[96.62283,17.14166],[96.62292,17.14252],[96.62328,17.1426],[96.62319,17.14226],[96.62382,17.14192],[96.62373,17.14123],[96.62364,17.14123]]],[[[96.55321,17.14269],[96.55357,17.14209],[96.55294,17.14226],[96.55227,17.14165],[96.55272,17.14147],[96.55294,17.14183],[96.55312,17.14149],[96.55195,17.14123],[96.55195,17.14166],[96.55303,17.14269],[96.55321,17.14269]]],[[[96.59498,17.14226],[96.59489,17.142],[96.59516,17.142],[96.59498,17.14235],[96.59534,17.14217],[96.59516,17.14174],[96.59426,17.14132],[96.59408,17.14183],[96.5948,17.14226],[96.5939,17.14217],[96.5939,17.14269],[96.59444,17.14235],[96.59444,17.14278],[96.59471,17.14278],[96.59489,17.14226],[96.59498,17.14226]]],[[[96.61915,17.14235],[96.61951,17.14226],[96.61906,17.142],[96.61933,17.14192],[96.61933,17.14114],[96.61879,17.14132],[96.61879,17.14183],[96.61843,17.14183],[96.61897,17.14278],[96.61969,17.14286],[96.61924,17.14235],[96.61915,17.14235]]],[[[96.63774,17.14243],[96.63792,17.14226],[96.63774,17.1426],[96.6381,17.14286],[96.63828,17.14149],[96.63756,17.14123],[96.63747,17.14166],[96.63783,17.14157],[96.63756,17.14183],[96.63765,17.14243],[96.63774,17.14243]]],[[[96.63154,17.14303],[96.63154,17.14217],[96.63074,17.14217],[96.63065,17.14269],[96.63127,17.14243],[96.63101,17.14278],[96.63118,17.14303],[96.63154,17.14303]]],[[[96.61439,17.1432],[96.61609,17.14286],[96.61537,17.1426],[96.61528,17.14157],[96.61466,17.14149],[96.61439,17.142],[96.6134,17.142],[96.61403,17.1426],[96.61412,17.1432],[96.61439,17.1432]]],[[[96.74213,17.14235],[96.74204,17.14192],[96.7424,17.14217],[96.74213,17.14243],[96.74267,17.14252],[96.74222,17.1426],[96.74231,17.14303],[96.74285,17.14278],[96.74294,17.1432],[96.74329,17.1432],[96.74347,17.14183],[96.74276,17.14217],[96.74258,17.14192],[96.74311,17.14174],[96.74213,17.14174],[96.74186,17.142],[96.74204,17.14235],[96.74213,17.14235]]],[[[96.76081,17.1432],[96.76072,17.14252],[96.76054,17.14295],[96.75982,17.14269],[96.75937,17.14303],[96.75982,17.14338],[96.75982,17.14303],[96.76018,17.14312],[96.76,17.14329],[96.76081,17.14329],[96.76081,17.1432]]],[[[96.77653,17.1408],[96.7768,17.14106],[96.77626,17.14089],[96.77617,17.14114],[96.77653,17.14174],[96.77626,17.14243],[96.77662,17.14269],[96.7759,17.14286],[96.77644,17.14286],[96.77653,17.14346],[96.77689,17.14346],[96.77662,17.14286],[96.7768,17.14243],[96.77707,17.14252],[96.77698,17.14149],[96.77743,17.14132],[96.77689,17.14132],[96.77698,17.13994],[96.77653,17.13994],[96.77635,17.1408],[96.77653,17.1408]]],[[[96.79845,17.14381],[96.79881,17.1432],[96.79755,17.14329],[96.79764,17.14303],[96.79737,17.14303],[96.79719,17.14329],[96.7971,17.14295],[96.79683,17.14346],[96.79755,17.14372],[96.798,17.14346],[96.79836,17.14381],[96.79845,17.14381]]],[[[96.54171,17.14157],[96.54153,17.14226],[96.54099,17.14235],[96.54162,17.14252],[96.54144,17.14278],[96.54171,17.14278],[96.54153,17.1432],[96.5418,17.1432],[96.54189,17.14389],[96.5427,17.14398],[96.54306,17.14372],[96.54306,17.14312],[96.54261,17.14303],[96.54288,17.14252],[96.54261,17.14217],[96.54333,17.14209],[96.54279,17.142],[96.54279,17.14157],[96.54171,17.1414],[96.54171,17.14157]]],[[[96.62804,17.14346],[96.62831,17.14338],[96.62795,17.14346],[96.62822,17.14389],[96.62858,17.14372],[96.62903,17.14398],[96.62867,17.14363],[96.62876,17.14312],[96.62804,17.14312],[96.62804,17.14338],[96.62804,17.14346]]],[[[96.63092,17.14338],[96.63074,17.1432],[96.63065,17.14363],[96.63101,17.14406],[96.63172,17.14406],[96.63172,17.14363],[96.63127,17.14338],[96.63092,17.14338]]],[[[96.578,17.14363],[96.57782,17.14346],[96.57809,17.14363],[96.57827,17.14329],[96.57782,17.14338],[96.57791,17.14295],[96.57836,17.14329],[96.57854,17.14312],[96.57827,17.14303],[96.57827,17.14243],[96.57765,17.14243],[96.57765,17.14312],[96.5772,17.14355],[96.57747,17.14372],[96.57765,17.14338],[96.57747,17.14398],[96.57773,17.14415],[96.578,17.14372],[96.578,17.14363]]],[[[96.76162,17.14338],[96.76135,17.14312],[96.76171,17.14338],[96.7618,17.14303],[96.76144,17.14295],[96.76171,17.1426],[96.76108,17.1426],[96.76108,17.14295],[96.76135,17.14295],[96.76081,17.1432],[96.76126,17.14346],[96.76063,17.14363],[96.76144,17.14363],[96.7609,17.14389],[96.76135,17.14415],[96.76162,17.14346],[96.76162,17.14338]]],[[[96.82989,17.14415],[96.82962,17.14338],[96.83025,17.14329],[96.83025,17.14295],[96.82935,17.14286],[96.82917,17.14346],[96.82971,17.14415],[96.82989,17.14415]]],[[[96.59175,17.14449],[96.59184,17.14398],[96.59247,17.14415],[96.59265,17.14389],[96.59121,17.14338],[96.59103,17.14355],[96.59166,17.14389],[96.59112,17.14415],[96.59085,17.14338],[96.59022,17.14363],[96.59022,17.14398],[96.59166,17.14449],[96.59175,17.14449]]],[[[96.57944,17.14449],[96.57944,17.14423],[96.58007,17.14415],[96.57881,17.14389],[96.57881,17.14355],[96.57926,17.14372],[96.57917,17.14312],[96.57881,17.14295],[96.57863,17.14406],[96.57917,17.14415],[96.57917,17.14458],[96.57953,17.14449],[96.57944,17.14449]]],[[[96.52878,17.14278],[96.5286,17.14312],[96.52806,17.14312],[96.52833,17.14338],[96.52806,17.14466],[96.52878,17.14415],[96.5286,17.14346],[96.52932,17.14346],[96.52932,17.14381],[96.52968,17.14381],[96.52941,17.14398],[96.52968,17.14406],[96.52959,17.14449],[96.53066,17.14432],[96.53075,17.14389],[96.53012,17.14398],[96.53048,17.14363],[96.53039,17.14278],[96.53003,17.14286],[96.53012,17.14209],[96.52932,17.14217],[96.52851,17.14174],[96.52806,17.14252],[96.5286,17.14278],[96.52878,17.14278]]],[[[96.60495,17.14363],[96.60513,17.14406],[96.60558,17.14372],[96.60558,17.14209],[96.6054,17.1426],[96.60513,17.1426],[96.60531,17.14338],[96.60504,17.14338],[96.60504,17.14303],[96.60433,17.14312],[96.6045,17.14406],[96.60424,17.14406],[96.60424,17.14475],[96.60468,17.14458],[96.60495,17.14372],[96.60495,17.14363]]],[[[96.6284,17.14475],[96.62921,17.14475],[96.6293,17.14441],[96.62813,17.14423],[96.62804,17.14475],[96.6284,17.14484],[96.6284,17.14475]]],[[[96.63711,17.14492],[96.63684,17.14458],[96.63738,17.14458],[96.63747,17.14389],[96.63702,17.14389],[96.63693,17.14355],[96.63747,17.14363],[96.63756,17.14286],[96.63648,17.1426],[96.63613,17.14432],[96.63666,17.14492],[96.63711,17.14492]]],[[[96.6116,17.14441],[96.61102,17.14417],[96.61102,17.14354],[96.61097,17.14381],[96.6107,17.14372],[96.61075,17.1432],[96.61057,17.14444],[96.61084,17.14471],[96.61183,17.14462],[96.61187,17.14509],[96.61214,17.14501],[96.61205,17.14458],[96.6116,17.14449],[96.6116,17.14441]]],[[[96.7583,17.14415],[96.75884,17.14381],[96.75902,17.14492],[96.75937,17.14492],[96.75946,17.14526],[96.75946,17.14475],[96.75991,17.14492],[96.75902,17.14423],[96.75919,17.14389],[96.75893,17.14312],[96.7583,17.1432],[96.7583,17.14423],[96.7583,17.14415]]],[[[96.53614,17.14544],[96.53623,17.14518],[96.53704,17.14518],[96.53722,17.14484],[96.53722,17.14509],[96.53785,17.14501],[96.53785,17.14466],[96.53839,17.14458],[96.53776,17.14449],[96.53758,17.14475],[96.53749,17.14441],[96.53713,17.14466],[96.53659,17.14449],[96.53632,17.14492],[96.53578,17.14466],[96.5356,17.14518],[96.53605,17.14544],[96.53614,17.14544]]],[[[96.63945,17.14544],[96.64026,17.14526],[96.64026,17.14501],[96.63819,17.14458],[96.63792,17.14346],[96.63774,17.14435],[96.63806,17.14381],[96.63806,17.14453],[96.6395,17.14498],[96.63945,17.14535],[96.63945,17.14544]]],[[[96.56758,17.14552],[96.56785,17.14518],[96.56758,17.14492],[96.56794,17.14492],[96.56821,17.14406],[96.56731,17.14432],[96.56767,17.14449],[96.56722,17.14475],[96.56731,17.14501],[96.56704,17.14492],[96.56713,17.14458],[96.56669,17.14475],[96.56669,17.14518],[96.5674,17.14509],[96.56722,17.14561],[96.56767,17.14552],[96.56758,17.14552]]],[[[96.76809,17.14423],[96.76782,17.14441],[96.76782,17.14406],[96.76764,17.14458],[96.76737,17.14441],[96.76728,17.14466],[96.768,17.14501],[96.76773,17.14509],[96.76782,17.14552],[96.76827,17.14535],[96.76836,17.14561],[96.76845,17.14441],[96.76809,17.14449],[96.76809,17.14423]]],[[[96.59399,17.14217],[96.59399,17.1414],[96.59328,17.14071],[96.5931,17.14123],[96.59238,17.14123],[96.59256,17.14071],[96.5931,17.14054],[96.59516,17.1384],[96.59453,17.13857],[96.59417,17.13908],[96.59346,17.13917],[96.59346,17.13968],[96.59301,17.13968],[96.59292,17.1402],[96.59274,17.13994],[96.59184,17.14029],[96.59175,17.14097],[96.59085,17.14183],[96.59049,17.14166],[96.59022,17.14235],[96.5895,17.14192],[96.59004,17.14157],[96.58968,17.1414],[96.5895,17.14166],[96.58941,17.14132],[96.58896,17.14149],[96.58878,17.14114],[96.58896,17.14097],[96.58914,17.14132],[96.58959,17.14097],[96.58905,17.14097],[96.58914,17.14063],[96.58878,17.14054],[96.58887,17.14089],[96.58851,17.1408],[96.58878,17.13977],[96.58834,17.13943],[96.5869,17.13968],[96.5878,17.13977],[96.58717,17.1402],[96.58573,17.14046],[96.58528,17.14037],[96.58564,17.13986],[96.58456,17.13994],[96.58456,17.14037],[96.5851,17.14029],[96.58474,17.14054],[96.58411,17.14063],[96.58438,17.14011],[96.58357,17.13994],[96.58304,17.14037],[96.58321,17.14089],[96.58348,17.14071],[96.58348,17.14106],[96.58295,17.1414],[96.58339,17.14157],[96.5833,17.142],[96.58295,17.14174],[96.58304,17.14217],[96.58348,17.14217],[96.58348,17.14183],[96.58402,17.14157],[96.58384,17.14209],[96.58402,17.14192],[96.58447,17.14243],[96.58474,17.14226],[96.58438,17.14209],[96.58447,17.14166],[96.58483,17.14183],[96.58492,17.14157],[96.58546,17.14157],[96.58555,17.14192],[96.58609,17.14192],[96.58618,17.14269],[96.58645,17.14269],[96.58627,17.14217],[96.58681,17.142],[96.58663,17.14183],[96.58726,17.14192],[96.58726,17.14303],[96.58753,17.14278],[96.58744,17.14217],[96.58771,17.14217],[96.58762,17.14252],[96.58798,17.14243],[96.58807,17.14286],[96.58762,17.14329],[96.58798,17.14303],[96.58834,17.14372],[96.58735,17.14346],[96.58726,17.14381],[96.58726,17.14406],[96.5878,17.14398],[96.58771,17.14449],[96.58807,17.14501],[96.58798,17.14526],[96.58753,17.14518],[96.5878,17.14569],[96.58807,17.14561],[96.58851,17.14406],[96.58941,17.14441],[96.5895,17.14381],[96.59112,17.14217],[96.59175,17.14217],[96.59193,17.14252],[96.5922,17.14235],[96.59211,17.1426],[96.59265,17.14252],[96.59265,17.14278],[96.59319,17.14217],[96.59256,17.14183],[96.59337,17.14209],[96.59372,17.14174],[96.59399,17.14209],[96.59399,17.14217]]],[[[96.59696,17.14561],[96.59777,17.14569],[96.59786,17.14484],[96.59759,17.14466],[96.5975,17.14509],[96.59696,17.14441],[96.59669,17.14484],[96.59714,17.14518],[96.59606,17.14484],[96.59597,17.14535],[96.59696,17.14552],[96.59696,17.14561]]],[[[96.63118,17.14569],[96.63092,17.14484],[96.63065,17.14526],[96.63011,17.14518],[96.6302,17.14569],[96.63074,17.14544],[96.63092,17.14578],[96.63127,17.14569],[96.63118,17.14569]]],[[[96.57989,17.14561],[96.57917,17.14552],[96.57899,17.14587],[96.58043,17.14587],[96.58052,17.14526],[96.58016,17.14535],[96.57998,17.14484],[96.57971,17.14509],[96.57989,17.14526],[96.57989,17.14561]]],[[[96.60082,17.14552],[96.60055,17.14578],[96.601,17.14595],[96.60127,17.14544],[96.60091,17.14509],[96.60118,17.14509],[96.60127,17.14449],[96.60091,17.14432],[96.60073,17.14458],[96.60019,17.14423],[96.60001,17.14458],[96.60073,17.14492],[96.60082,17.14518],[96.60046,17.14535],[96.60073,17.14552],[96.60082,17.14552]]],[[[96.52985,17.14612],[96.52985,17.14561],[96.53039,17.14544],[96.53039,17.14518],[96.52994,17.14509],[96.53003,17.14484],[96.52941,17.14561],[96.5295,17.14612],[96.52976,17.14569],[96.52976,17.14612],[96.52985,17.14612]]],[[[96.60909,17.14621],[96.60936,17.14587],[96.60927,17.14329],[96.60954,17.1432],[96.60959,17.14346],[96.60977,17.143],[96.61025,17.14303],[96.60972,17.14278],[96.60927,17.1432],[96.60882,17.14286],[96.60765,17.14303],[96.60756,17.14269],[96.60594,17.14269],[96.60585,17.14355],[96.6063,17.14363],[96.60576,17.14363],[96.60576,17.14415],[96.60621,17.14441],[96.60585,17.14518],[96.60594,17.14604],[96.60675,17.14578],[96.60711,17.14587],[96.60702,17.14612],[96.609,17.14621],[96.60909,17.14621]]],[[[96.61322,17.14389],[96.61277,17.14406],[96.61259,17.14458],[96.61268,17.14561],[96.61241,17.14595],[96.61277,17.14655],[96.61403,17.14629],[96.61358,17.14372],[96.61322,17.14381],[96.61322,17.14389]]],[[[96.73234,17.14629],[96.73198,17.14561],[96.73162,17.14569],[96.7318,17.14518],[96.73153,17.14484],[96.73207,17.14458],[96.73287,17.14484],[96.73287,17.14509],[96.73243,17.14518],[96.73296,17.14518],[96.73341,17.14484],[96.73341,17.14398],[96.73377,17.14398],[96.73296,17.14389],[96.73269,17.14423],[96.73305,17.14441],[96.73269,17.14458],[96.7326,17.14415],[96.73216,17.14398],[96.73225,17.14346],[96.73207,17.14398],[96.73162,17.14415],[96.73108,17.14355],[96.73126,17.14406],[96.73099,17.14406],[96.73099,17.14475],[96.73144,17.14475],[96.73126,17.14526],[96.73162,17.14535],[96.73144,17.14552],[96.7309,17.14509],[96.7309,17.14569],[96.73135,17.14561],[96.73108,17.14578],[96.73126,17.14621],[96.7309,17.14612],[96.7309,17.14638],[96.7326,17.14655],[96.73243,17.14629],[96.73234,17.14629]]],[[[96.55878,17.14664],[96.55986,17.14621],[96.55815,17.14578],[96.55824,17.14664],[96.5586,17.14664],[96.55878,17.14664]]],[[[96.60792,17.14672],[96.609,17.14664],[96.60909,17.14629],[96.60531,17.14629],[96.6054,17.14672],[96.60693,17.14647],[96.60774,17.14672],[96.60792,17.14672]]],[[[96.72677,17.14655],[96.72659,17.14681],[96.72712,17.14698],[96.72757,17.14664],[96.7273,17.14578],[96.72695,17.14578],[96.72677,17.14629],[96.72677,17.14655]]],[[[96.7574,17.14698],[96.75812,17.14604],[96.75695,17.14629],[96.75722,17.14698],[96.7574,17.14698]]],[[[96.8493,17.14604],[96.84903,17.14715],[96.84966,17.14621],[96.84975,17.14509],[96.8493,17.14535],[96.84948,17.14578],[96.84903,17.14569],[96.8493,17.14595],[96.8493,17.14604]]],[[[96.64017,17.14724],[96.64053,17.14715],[96.6408,17.14647],[96.63972,17.14595],[96.63963,17.14629],[96.63936,17.14595],[96.63846,17.14621],[96.63801,17.14578],[96.63729,17.14621],[96.63756,17.14724],[96.63891,17.1469],[96.63981,17.14724],[96.64017,17.14724]]],[[[96.75928,17.14707],[96.75928,17.14612],[96.7583,17.14621],[96.75821,17.14698],[96.75911,17.14681],[96.75937,17.14707],[96.75928,17.14707]]],[[[96.768,17.14758],[96.76809,17.14724],[96.76773,17.1469],[96.76809,17.14629],[96.76782,17.14621],[96.76755,17.14629],[96.76782,17.14681],[96.76728,17.14698],[96.76719,17.14672],[96.76683,17.14715],[96.76737,17.14732],[96.76764,17.14707],[96.76791,17.14758],[96.768,17.14758]]],[[[96.56875,17.14767],[96.56893,17.14664],[96.56839,17.14664],[96.56803,17.14732],[96.56839,17.14724],[96.56857,17.1475],[96.56812,17.14758],[96.56866,17.14767],[96.56875,17.14767]]],[[[96.5701,17.1469],[96.57109,17.14655],[96.57073,17.14724],[96.57055,17.1469],[96.57001,17.1469],[96.56983,17.14741],[96.57145,17.14767],[96.57118,17.14698],[96.57154,17.14681],[96.57136,17.14612],[96.57082,17.14629],[96.57019,17.14595],[96.56992,17.14621],[96.5701,17.14681],[96.5701,17.1469]]],[[[96.63235,17.14732],[96.63226,17.14664],[96.63127,17.14655],[96.63145,17.14732],[96.63226,17.14784],[96.63244,17.14732],[96.63235,17.14732]]],[[[96.63352,17.14587],[96.63361,17.14492],[96.6337,17.14518],[96.63505,17.14509],[96.63496,17.14449],[96.63532,17.14518],[96.63568,17.14518],[96.63586,17.14372],[96.63559,17.14355],[96.63586,17.14346],[96.63595,17.14278],[96.63496,17.14303],[96.63523,17.14252],[96.63487,17.14157],[96.63496,17.14071],[96.63388,17.14063],[96.63379,17.14097],[96.63406,17.1414],[96.63397,17.1426],[96.6346,17.14398],[96.63514,17.14441],[96.6346,17.14449],[96.63433,17.14415],[96.6337,17.14217],[96.63199,17.14217],[96.63163,17.14252],[96.63199,17.14312],[96.63253,17.14672],[96.63307,17.14664],[96.63307,17.14715],[96.63334,17.14647],[96.63379,17.14655],[96.6337,17.14612],[96.63397,17.14612],[96.63397,17.14664],[96.6346,17.14681],[96.6346,17.14758],[96.63496,17.1475],[96.63496,17.14784],[96.6355,17.14793],[96.63523,17.14775],[96.6355,17.14767],[96.63523,17.14681],[96.6355,17.14647],[96.63514,17.14638],[96.63514,17.14544],[96.63388,17.14552],[96.63388,17.14604],[96.6337,17.14587],[96.63352,17.14587]]],[[[96.60711,17.14801],[96.60819,17.14715],[96.6072,17.14707],[96.6072,17.14767],[96.60657,17.14758],[96.60693,17.14801],[96.60711,17.14801]]],[[[96.60567,17.14767],[96.60549,17.14741],[96.60585,17.1475],[96.60567,17.14775],[96.60612,17.1481],[96.60612,17.14741],[96.60684,17.14758],[96.60702,17.14715],[96.60585,17.14698],[96.60576,17.14741],[96.60576,17.14707],[96.60513,17.14698],[96.60495,17.14767],[96.60549,17.14767],[96.60567,17.14767]]],[[[96.76602,17.14818],[96.76602,17.14767],[96.76557,17.14758],[96.76602,17.14741],[96.76602,17.14707],[96.76539,17.14715],[96.76539,17.14655],[96.76512,17.14698],[96.76503,17.14664],[96.76458,17.14664],[96.76503,17.1475],[96.76548,17.14741],[96.76548,17.14793],[96.7653,17.14767],[96.76467,17.14793],[96.76521,17.14818],[96.76584,17.14775],[96.76584,17.14818],[96.76602,17.14818]]],[[[96.86178,17.14801],[96.86178,17.14767],[96.86142,17.14775],[96.86079,17.14707],[96.86044,17.14724],[96.86088,17.14775],[96.86147,17.14785],[96.86174,17.14839],[96.86241,17.14848],[96.86187,17.14801],[96.86178,17.14801]]],[[[96.84642,17.1481],[96.84696,17.14793],[96.84651,17.14758],[96.84624,17.14835],[96.84597,17.14801],[96.84552,17.1481],[96.84606,17.14844],[96.84597,17.1487],[96.84633,17.1487],[96.84642,17.14835],[96.84678,17.1487],[96.84678,17.14818],[96.84642,17.14827],[96.84642,17.1481]]],[[[96.5984,17.14878],[96.59849,17.1481],[96.59732,17.14741],[96.59714,17.1481],[96.59822,17.14827],[96.59795,17.14853],[96.59818,17.14878],[96.5984,17.14878]]],[[[96.63675,17.14844],[96.63648,17.14818],[96.63729,17.14853],[96.63729,17.1481],[96.63657,17.14793],[96.63595,17.14818],[96.63622,17.14878],[96.63675,17.14861],[96.63675,17.14844]]],[[[96.60001,17.1475],[96.60001,17.14715],[96.60073,17.14741],[96.60091,17.14681],[96.59947,17.14647],[96.5992,17.14784],[96.60019,17.14818],[96.60001,17.14844],[96.5992,17.14818],[96.59903,17.1487],[96.60064,17.14896],[96.60064,17.14801],[96.60037,17.14801],[96.60028,17.1475],[96.60001,17.1475]]],[[[96.61564,17.14887],[96.61564,17.14775],[96.61618,17.14767],[96.61596,17.14741],[96.6151,17.1475],[96.61537,17.14655],[96.61349,17.14681],[96.61358,17.14767],[96.61412,17.14793],[96.6143,17.14767],[96.61528,17.14775],[96.61528,17.14844],[96.61573,17.14887],[96.61564,17.14887]]],[[[96.57818,17.1481],[96.57773,17.1481],[96.578,17.14853],[96.57854,17.14827],[96.57818,17.14904],[96.57899,17.14913],[96.57899,17.14887],[96.57863,17.14896],[96.5789,17.1487],[96.57863,17.14827],[96.57944,17.1481],[96.57818,17.14801],[96.57818,17.1481]]],[[[96.86762,17.14638],[96.86789,17.14629],[96.86771,17.14578],[96.86816,17.14612],[96.86933,17.14449],[96.86861,17.14432],[96.86852,17.14475],[96.86816,17.14475],[96.86726,17.14578],[96.86681,17.14587],[96.86582,17.1469],[96.86538,17.1469],[96.86538,17.14741],[96.86511,17.14724],[96.86484,17.14767],[96.86448,17.1475],[96.86439,17.14784],[96.86412,17.14775],[96.86412,17.14844],[96.86394,17.1481],[96.86367,17.14844],[96.86264,17.14853],[96.86282,17.14911],[96.86309,17.14938],[96.86376,17.1493],[96.86439,17.14887],[96.8643,17.14853],[96.86493,17.14853],[96.86547,17.14818],[96.86516,17.14812],[96.86534,17.14785],[96.866,17.14784],[96.86636,17.14732],[96.86654,17.1475],[96.86708,17.14707],[96.86735,17.14668],[96.86677,17.14686],[96.86677,17.14659],[96.86722,17.14587],[96.86767,17.14605],[96.86762,17.14632],[96.86762,17.14638]]],[[[96.5551,17.14956],[96.55438,17.14887],[96.55447,17.14861],[96.55402,17.14878],[96.55384,17.14844],[96.55267,17.1481],[96.55285,17.14861],[96.55339,17.14853],[96.55483,17.14956],[96.5551,17.14956]]],[[[96.57738,17.1487],[96.57765,17.14853],[96.57747,17.1481],[96.57675,17.1481],[96.57684,17.14853],[96.57729,17.14853],[96.57657,17.1487],[96.57827,17.1499],[96.57818,17.14938],[96.5772,17.14896],[96.57729,17.1487],[96.57738,17.1487]]],[[[96.57567,17.14904],[96.57513,17.14878],[96.57558,17.14861],[96.57576,17.14913],[96.57612,17.14887],[96.5754,17.1481],[96.57504,17.14853],[96.57495,17.14793],[96.5736,17.14835],[96.57369,17.14904],[96.57414,17.14896],[96.57405,17.14947],[96.57441,17.14896],[96.57432,17.14827],[96.57459,17.14844],[96.5745,17.14887],[96.57486,17.14896],[96.57405,17.14956],[96.57414,17.15007],[96.57441,17.14947],[96.57495,17.14964],[96.57513,17.1493],[96.5754,17.14956],[96.57522,17.15007],[96.57603,17.15007],[96.57621,17.14938],[96.57567,17.14913],[96.57567,17.14904]]],[[[96.58375,17.15007],[96.58393,17.14964],[96.58348,17.1493],[96.58375,17.14896],[96.58339,17.1487],[96.58339,17.15033],[96.58384,17.15033],[96.58384,17.15007],[96.58375,17.15007]]],[[[96.60001,17.15041],[96.60046,17.1493],[96.59929,17.14904],[96.59974,17.15041],[96.60001,17.15041]]],[[[96.60253,17.14921],[96.60181,17.14913],[96.60199,17.14896],[96.60136,17.1487],[96.60181,17.14956],[96.60136,17.14956],[96.60127,17.15041],[96.60199,17.15041],[96.60181,17.1499],[96.60235,17.14921],[96.60253,17.14921]]],[[[96.86035,17.15041],[96.86061,17.15024],[96.86044,17.14973],[96.86142,17.1499],[96.86142,17.14956],[96.86103,17.14938],[96.86246,17.14947],[96.86147,17.14878],[96.86106,17.14887],[96.86035,17.14956],[96.86026,17.15041],[96.86035,17.15041]]],[[[96.63235,17.15041],[96.63235,17.15007],[96.63199,17.15024],[96.6319,17.14981],[96.63208,17.14904],[96.63244,17.14904],[96.63244,17.14835],[96.63074,17.14784],[96.63056,17.1481],[96.63083,17.14827],[96.63199,17.14861],[96.6319,17.14896],[96.63154,17.14887],[96.63101,17.15033],[96.63154,17.15007],[96.63163,17.15059],[96.63253,17.15041],[96.63235,17.15041]]],[[[96.52195,17.15076],[96.52186,17.15024],[96.52222,17.14973],[96.52204,17.14921],[96.52159,17.14896],[96.52087,17.14956],[96.52105,17.14913],[96.52042,17.14913],[96.52087,17.14921],[96.52069,17.14973],[96.52114,17.14964],[96.5215,17.14999],[96.52159,17.15076],[96.52195,17.15076]]],[[[96.84894,17.14964],[96.84939,17.14956],[96.84939,17.14861],[96.84903,17.14878],[96.8493,17.14913],[96.84912,17.14947],[96.84858,17.1493],[96.8484,17.14981],[96.84786,17.14973],[96.84822,17.1499],[96.84822,17.15033],[96.84777,17.1505],[96.84831,17.15041],[96.84831,17.15076],[96.84876,17.15033],[96.84867,17.14973],[96.84903,17.15007],[96.84894,17.14981],[96.84894,17.14964]]],[[[96.58187,17.15084],[96.58259,17.14981],[96.58232,17.14938],[96.58205,17.14964],[96.58178,17.14938],[96.58169,17.15016],[96.58133,17.15024],[96.58178,17.15084],[96.58187,17.15084]]],[[[96.54719,17.15102],[96.54674,17.15119],[96.54683,17.15093],[96.54755,17.15093],[96.54728,17.1505],[96.54773,17.1505],[96.54782,17.15007],[96.54728,17.15024],[96.54746,17.14973],[96.54701,17.14999],[96.5471,17.14964],[96.54647,17.1493],[96.54638,17.14964],[96.54656,17.14947],[96.54674,17.14981],[96.54629,17.14964],[96.5462,17.1499],[96.54692,17.15024],[96.54692,17.1505],[96.5462,17.15041],[96.54638,17.15076],[96.54683,17.15076],[96.54647,17.15127],[96.54719,17.15144],[96.54728,17.15102],[96.54719,17.15102]]],[[[96.58088,17.14741],[96.5807,17.14698],[96.58034,17.14707],[96.57962,17.14638],[96.57944,17.14672],[96.57872,17.14672],[96.57845,17.14724],[96.57845,17.14784],[96.57989,17.14793],[96.57989,17.14853],[96.5807,17.14827],[96.58025,17.14853],[96.58007,17.14938],[96.57953,17.14938],[96.57944,17.1499],[96.57944,17.15016],[96.58007,17.14999],[96.58025,17.15033],[96.57998,17.15024],[96.5798,17.15102],[96.5807,17.15144],[96.58106,17.15136],[96.58106,17.1511],[96.58079,17.15119],[96.58079,17.15093],[96.58115,17.15093],[96.58097,17.1505],[96.58124,17.1505],[96.58097,17.15007],[96.58142,17.14981],[96.58178,17.14861],[96.58178,17.14801],[96.58106,17.14775],[96.58097,17.14741],[96.58088,17.14741]]],[[[96.56983,17.15067],[96.5701,17.1505],[96.56983,17.15084],[96.57019,17.15076],[96.57028,17.15102],[96.57055,17.15033],[96.56929,17.15016],[96.56893,17.15059],[96.56893,17.15144],[96.5683,17.15136],[96.56866,17.15127],[96.56866,17.15084],[96.56812,17.15127],[96.56866,17.1517],[96.56902,17.15162],[96.56929,17.1505],[96.56965,17.15067],[96.56983,17.15067]]],[[[96.58259,17.15196],[96.58286,17.1511],[96.58321,17.1511],[96.5833,17.1505],[96.58295,17.15033],[96.58286,17.15084],[96.58277,17.15041],[96.58241,17.15041],[96.5825,17.15196],[96.58259,17.15196]]],[[[96.56687,17.15205],[96.56704,17.1517],[96.56767,17.15196],[96.56794,17.15127],[96.56722,17.15162],[96.56669,17.15127],[96.56669,17.15205],[96.56687,17.15205]]],[[[96.51934,17.15153],[96.51907,17.15179],[96.51907,17.15153],[96.51952,17.15144],[96.51943,17.15076],[96.5197,17.1505],[96.51961,17.14973],[96.51934,17.14973],[96.5197,17.14947],[96.51916,17.14913],[96.51899,17.14938],[96.51934,17.14921],[96.51934,17.14956],[96.51899,17.14947],[96.51872,17.14981],[96.51899,17.15016],[96.51872,17.15076],[96.51907,17.15093],[96.51863,17.15127],[96.51899,17.15153],[96.51872,17.1517],[96.51863,17.15144],[96.51845,17.15179],[96.51943,17.15222],[96.51943,17.15153],[96.51934,17.15153]]],[[[96.57666,17.15222],[96.57666,17.1511],[96.5763,17.15119],[96.57657,17.15076],[96.57603,17.15076],[96.57549,17.15136],[96.57612,17.15102],[96.57657,17.15222],[96.57666,17.15222]]],[[[96.60792,17.15222],[96.60855,17.15205],[96.60846,17.15144],[96.60756,17.1511],[96.60774,17.15059],[96.60738,17.15033],[96.60783,17.15016],[96.6072,17.15016],[96.60711,17.14981],[96.6072,17.15033],[96.60666,17.15007],[96.60612,17.15059],[96.60657,17.15059],[96.60684,17.15093],[96.60666,17.15119],[96.60711,17.15127],[96.6072,17.15102],[96.60747,17.15153],[96.60819,17.15153],[96.60765,17.1517],[96.60774,17.15222],[96.60792,17.15222]]],[[[96.55079,17.15222],[96.55132,17.15239],[96.55114,17.15196],[96.5515,17.15205],[96.55123,17.1517],[96.55159,17.15119],[96.55123,17.15119],[96.55123,17.15024],[96.55097,17.15033],[96.55114,17.15084],[96.55079,17.15084],[96.55025,17.15007],[96.55007,17.1505],[96.55034,17.15084],[96.55061,17.15067],[96.5507,17.15102],[96.55007,17.15144],[96.55114,17.1517],[96.55061,17.15187],[96.55034,17.15239],[96.55061,17.15222],[96.55079,17.15222]]],[[[96.57729,17.15239],[96.57756,17.15196],[96.57711,17.15187],[96.57711,17.15153],[96.57738,17.1517],[96.57738,17.1511],[96.57782,17.15119],[96.57729,17.15041],[96.57693,17.15153],[96.57711,17.15239],[96.57729,17.15239]]],[[[96.57827,17.15239],[96.5789,17.15205],[96.57836,17.15153],[96.5789,17.15162],[96.5789,17.15136],[96.57809,17.15093],[96.57791,17.15162],[96.57836,17.15196],[96.57818,17.15239],[96.57827,17.15239]]],[[[96.61519,17.15247],[96.61537,17.15205],[96.61591,17.15205],[96.61591,17.15127],[96.61546,17.1511],[96.6169,17.15076],[96.61627,17.1499],[96.61627,17.15033],[96.61555,17.15016],[96.61591,17.15041],[96.61555,17.15076],[96.61528,17.15067],[96.61537,17.15033],[96.61502,17.15033],[96.61528,17.1499],[96.61439,17.15007],[96.61484,17.15024],[96.61466,17.15067],[96.61502,17.15076],[96.61466,17.15102],[96.61475,17.15136],[96.61412,17.15041],[96.61376,17.15093],[96.61304,17.15076],[96.61268,17.15102],[96.61268,17.15059],[96.6134,17.15084],[96.61367,17.1505],[96.61241,17.15016],[96.61223,17.1505],[96.61214,17.15024],[96.61106,17.15033],[96.61106,17.15102],[96.61079,17.15102],[96.6107,17.15007],[96.61142,17.15007],[96.61151,17.14973],[96.61196,17.15007],[96.6125,17.1499],[96.61223,17.14938],[96.61178,17.14947],[96.61214,17.14913],[96.61124,17.14887],[96.61133,17.14793],[96.61079,17.14818],[96.60989,17.14801],[96.60989,17.14844],[96.60945,17.14861],[96.60918,17.14844],[96.60927,17.14775],[96.609,17.1481],[96.60819,17.14784],[96.60774,17.14844],[96.60675,17.14827],[96.60738,17.14887],[96.60756,17.14853],[96.60783,17.14861],[96.60783,17.1493],[96.60891,17.14904],[96.60864,17.14938],[96.60828,17.1493],[96.60801,17.14981],[96.60864,17.15041],[96.60918,17.15016],[96.60972,17.15033],[96.60927,17.14981],[96.60954,17.14999],[96.60972,17.14973],[96.60989,17.15024],[96.60998,17.14973],[96.61043,17.14981],[96.61016,17.14981],[96.61025,17.15016],[96.61061,17.15016],[96.61061,17.15041],[96.61016,17.15041],[96.61043,17.15093],[96.6098,17.15084],[96.60998,17.15041],[96.60864,17.15067],[96.60909,17.15067],[96.60891,17.15144],[96.60927,17.15187],[96.60998,17.15179],[96.61016,17.1511],[96.61034,17.15187],[96.61079,17.1517],[96.61088,17.15196],[96.61043,17.15196],[96.61079,17.15222],[96.61025,17.1523],[96.61016,17.15265],[96.61133,17.15247],[96.61106,17.1523],[96.61124,17.15179],[96.6116,17.15247],[96.61232,17.15239],[96.6125,17.15205],[96.61223,17.15187],[96.61286,17.15179],[96.61277,17.1511],[96.61349,17.1511],[96.6134,17.15162],[96.61412,17.15213],[96.61519,17.15222],[96.61519,17.15247]]],[[[96.84759,17.1511],[96.84741,17.15136],[96.84741,17.15084],[96.84705,17.15144],[96.84705,17.15187],[96.84732,17.15179],[96.8475,17.15222],[96.84687,17.15205],[96.84687,17.1523],[96.84714,17.15213],[96.84741,17.15265],[96.84822,17.15265],[96.84858,17.15102],[96.84795,17.15076],[96.84786,17.1511],[96.84759,17.1511]]],[[[96.61897,17.15282],[96.61825,17.15213],[96.61798,17.14964],[96.6169,17.14973],[96.6178,17.15016],[96.61708,17.15067],[96.61744,17.15093],[96.61708,17.1523],[96.61789,17.15273],[96.61771,17.1523],[96.61798,17.15205],[96.61798,17.15256],[96.61879,17.15282],[96.61897,17.15282]]],[[[96.82558,17.15239],[96.82594,17.15256],[96.82567,17.15196],[96.82621,17.15162],[96.82567,17.15136],[96.8254,17.15187],[96.8254,17.15136],[96.82486,17.15127],[96.82486,17.15102],[96.82369,17.15179],[96.82414,17.15196],[96.82432,17.15162],[96.82504,17.15162],[96.82477,17.15265],[96.82522,17.15282],[96.8254,17.15239],[96.82558,17.15239]]],[[[96.5418,17.15308],[96.54234,17.15265],[96.54288,17.15273],[96.54315,17.1517],[96.54288,17.15144],[96.54324,17.15093],[96.54261,17.15076],[96.54243,17.15119],[96.54189,17.15102],[96.54225,17.15127],[96.54189,17.15136],[96.54189,17.15067],[96.54162,17.15093],[96.5409,17.15076],[96.54081,17.15273],[96.54117,17.15265],[96.54126,17.15308],[96.54171,17.15308],[96.5418,17.15308]]],[[[96.60406,17.15059],[96.60388,17.14981],[96.60424,17.14887],[96.60486,17.14904],[96.60424,17.14904],[96.60424,17.14973],[96.60459,17.1499],[96.60406,17.14999],[96.60406,17.15059],[96.60486,17.15076],[96.60468,17.15033],[96.60576,17.1505],[96.60549,17.15024],[96.60621,17.14956],[96.60567,17.14921],[96.60585,17.1487],[96.60549,17.14835],[96.60522,17.14827],[96.60513,17.14921],[96.60495,17.14818],[96.60406,17.14853],[96.60424,17.14878],[96.60334,17.14887],[96.60334,17.14921],[96.60253,17.14921],[96.60271,17.14956],[96.60226,17.1505],[96.60316,17.15067],[96.60325,17.15136],[96.60289,17.15119],[96.60298,17.15076],[96.60208,17.15067],[96.60199,17.1511],[96.60091,17.1517],[96.60118,17.15205],[96.60154,17.1517],[96.60136,17.15273],[96.60226,17.15316],[96.60235,17.15273],[96.60298,17.15282],[96.60289,17.15239],[96.60208,17.15247],[96.60208,17.15205],[96.60271,17.15144],[96.60298,17.15179],[96.60334,17.15136],[96.60415,17.15144],[96.60406,17.15084],[96.60406,17.15059]]],[[[96.56507,17.15342],[96.56516,17.15316],[96.56597,17.15325],[96.56597,17.15239],[96.56516,17.15213],[96.56534,17.1517],[96.56498,17.15222],[96.56444,17.15196],[96.56498,17.15273],[96.56579,17.15282],[96.5648,17.15282],[96.56471,17.15333],[96.56498,17.15342],[96.56507,17.15342]]],[[[96.58663,17.15256],[96.58672,17.15179],[96.58573,17.15179],[96.58546,17.1529],[96.58582,17.15299],[96.58546,17.15316],[96.58591,17.15342],[96.58654,17.15256],[96.58663,17.15256]]],[[[96.5754,17.15299],[96.57495,17.15299],[96.57495,17.15265],[96.57441,17.15273],[96.57459,17.15333],[96.57504,17.15316],[96.57477,17.15333],[96.57495,17.15359],[96.57513,17.15325],[96.57558,17.15325],[96.57549,17.15299],[96.5754,17.15299]]],[[[96.59929,17.15299],[96.5992,17.15265],[96.59938,17.15316],[96.59992,17.15308],[96.59974,17.15265],[96.60019,17.15179],[96.59974,17.15162],[96.60001,17.15162],[96.6001,17.15119],[96.59965,17.15119],[96.59929,17.15041],[96.59867,17.15041],[96.59885,17.15007],[96.59849,17.14999],[96.59858,17.15093],[96.59885,17.1511],[96.59831,17.15119],[96.59831,17.1505],[96.5975,17.15102],[96.59804,17.15102],[96.59849,17.15144],[96.59867,17.15256],[96.59813,17.15247],[96.59822,17.15282],[96.59777,17.1529],[96.59822,17.15308],[96.59867,17.15273],[96.59858,17.15359],[96.59903,17.15299],[96.59929,17.15299]]],[[[96.63343,17.15205],[96.63307,17.15162],[96.6319,17.15179],[96.6319,17.15256],[96.63253,17.15196],[96.63253,17.15239],[96.63226,17.15239],[96.63253,17.1529],[96.63208,17.15299],[96.63226,17.15359],[96.6328,17.15342],[96.63253,17.15299],[96.63298,17.1529],[96.63316,17.15222],[96.63316,17.15325],[96.63406,17.15359],[96.63442,17.15342],[96.6346,17.15299],[96.63415,17.15308],[96.63415,17.15265],[96.63406,17.1529],[96.6337,17.15282],[96.63379,17.15196],[96.63352,17.15205],[96.63343,17.15205]]],[[[96.57854,17.15265],[96.57827,17.15273],[96.57845,17.15308],[96.57926,17.15299],[96.57971,17.15256],[96.57953,17.15359],[96.58007,17.15376],[96.57998,17.15325],[96.58034,17.15333],[96.58034,17.15273],[96.58016,17.15308],[96.5798,17.1529],[96.58043,17.15265],[96.58034,17.15187],[96.57998,17.15205],[96.57989,17.1517],[96.57953,17.1517],[96.57962,17.15222],[96.57998,17.15239],[96.57854,17.15256],[96.57854,17.15265]]],[[[96.56803,17.15385],[96.56767,17.15316],[96.56749,17.15342],[96.56651,17.15325],[96.5666,17.15359],[96.56687,17.15342],[96.5674,17.15393],[96.5683,17.15385],[96.56803,17.15385]]],[[[96.58465,17.15402],[96.5851,17.15333],[96.5851,17.15213],[96.58447,17.15333],[96.5842,17.15325],[96.5842,17.15273],[96.58456,17.15282],[96.58474,17.1523],[96.58366,17.15282],[96.58411,17.1535],[96.58447,17.15342],[96.58456,17.15402],[96.58465,17.15402]]],[[[96.86097,17.15411],[96.86106,17.15213],[96.86044,17.15119],[96.86079,17.15076],[96.86044,17.15059],[96.86026,17.15127],[96.86088,17.15308],[96.86052,17.15387],[96.86085,17.15411],[96.86097,17.15411]]],[[[96.59067,17.15419],[96.59103,17.1535],[96.59067,17.15342],[96.59013,17.15393],[96.59004,17.15368],[96.58914,17.15385],[96.59058,17.15419],[96.59067,17.15419]]],[[[96.81426,17.15428],[96.81426,17.15402],[96.81453,17.15411],[96.81444,17.1535],[96.81507,17.15333],[96.8148,17.15299],[96.81498,17.15265],[96.81444,17.15256],[96.81471,17.15308],[96.81444,17.15308],[96.81462,17.15333],[96.81435,17.15359],[96.81381,17.15342],[96.81381,17.15368],[96.81426,17.15376],[96.81399,17.15402],[96.81417,17.15428],[96.81426,17.15428]]],[[[96.57055,17.15059],[96.57109,17.15093],[96.57163,17.15084],[96.57145,17.15308],[96.57118,17.15342],[96.57154,17.15402],[96.57199,17.15368],[96.57172,17.15419],[96.57208,17.15445],[96.57243,17.1535],[96.57172,17.1535],[96.57154,17.15316],[96.57235,17.15308],[96.57235,17.15273],[96.57163,17.15265],[96.5719,17.15247],[96.5719,17.15144],[96.57243,17.15153],[96.57199,17.15256],[96.57261,17.15247],[96.57279,17.15316],[96.57315,17.15325],[96.57342,17.15222],[96.57315,17.15222],[96.57333,17.15127],[96.57297,17.15127],[96.57297,17.15102],[96.57369,17.15093],[96.57387,17.15119],[96.57405,17.15067],[96.57432,17.15076],[96.57369,17.1505],[96.57369,17.1499],[96.57315,17.15016],[96.57333,17.15076],[96.57306,17.15067],[96.57315,17.14904],[96.57351,17.14844],[96.57226,17.14853],[96.57199,17.15041],[96.5719,17.14896],[96.57217,17.14844],[96.57181,17.14835],[96.57127,17.14887],[96.57154,17.14913],[96.57127,17.1493],[96.57145,17.14999],[96.57118,17.15033],[96.57082,17.15016],[96.57064,17.15059],[96.57055,17.15059]]],[[[96.54459,17.15453],[96.54477,17.15393],[96.54522,17.15376],[96.54549,17.15402],[96.54575,17.15376],[96.54531,17.1535],[96.54602,17.1535],[96.54567,17.15342],[96.54593,17.15308],[96.54575,17.15282],[96.54522,17.15316],[96.54513,17.15282],[96.54477,17.15299],[96.54387,17.15256],[96.5436,17.15325],[96.5445,17.15368],[96.54423,17.15411],[96.5445,17.15453],[96.54459,17.15453]]],[[[96.53498,17.15376],[96.53515,17.15402],[96.53489,17.15376],[96.53462,17.15436],[96.53435,17.15419],[96.53471,17.15419],[96.5348,17.15376],[96.53417,17.15402],[96.53417,17.15453],[96.5348,17.15462],[96.53515,17.15445],[96.53506,17.15419],[96.53542,17.15419],[96.53515,17.15333],[96.53453,17.15342],[96.53498,17.15368],[96.53498,17.15376]]],[[[96.53857,17.15419],[96.53938,17.15393],[96.54028,17.15428],[96.54072,17.15385],[96.54063,17.15342],[96.54019,17.15359],[96.53947,17.15308],[96.54054,17.15316],[96.54063,17.1529],[96.53965,17.1529],[96.53929,17.15247],[96.53911,17.15299],[96.53938,17.15325],[96.53857,17.15333],[96.53857,17.15376],[96.53893,17.15385],[96.53857,17.15393],[96.53803,17.15368],[96.53812,17.15316],[96.53785,17.15299],[96.53875,17.15299],[96.53875,17.15256],[96.53785,17.15256],[96.53785,17.15333],[96.53731,17.15368],[96.53794,17.15376],[96.53713,17.15376],[96.53695,17.15402],[96.5374,17.15402],[96.53758,17.15462],[96.53785,17.15453],[96.53767,17.15411],[96.53848,17.15419],[96.53857,17.15419]]],[[[96.88855,17.15385],[96.88873,17.15342],[96.88909,17.1535],[96.889,17.15308],[96.88936,17.15316],[96.88927,17.1529],[96.88999,17.15239],[96.88855,17.15299],[96.88873,17.15333],[96.88783,17.15308],[96.88837,17.15342],[96.88703,17.15359],[96.88729,17.15393],[96.88783,17.15385],[96.88756,17.15411],[96.88783,17.15428],[96.88765,17.15462],[96.88855,17.15393],[96.88855,17.15385]]],[[[96.60441,17.15479],[96.6045,17.15445],[96.6054,17.15445],[96.60513,17.15368],[96.60486,17.15376],[96.60504,17.15419],[96.60468,17.15419],[96.60441,17.15376],[96.60406,17.15393],[96.60433,17.15479],[96.60441,17.15479]]],[[[96.60918,17.15453],[96.60927,17.15333],[96.60846,17.15325],[96.60828,17.1535],[96.609,17.15368],[96.60909,17.15471],[96.60936,17.15479],[96.60936,17.15453],[96.60918,17.15453]]],[[[96.563,17.15479],[96.56327,17.15393],[96.56237,17.15359],[96.56273,17.15471],[96.56318,17.15479],[96.563,17.15479]]],[[[96.57495,17.15496],[96.57531,17.15445],[96.57522,17.15393],[96.57468,17.15393],[96.57477,17.15496],[96.57495,17.15496]]],[[[96.54728,17.15342],[96.54719,17.15368],[96.54701,17.15308],[96.54692,17.15385],[96.54638,17.15342],[96.54611,17.15359],[96.54638,17.15522],[96.54719,17.15496],[96.5471,17.15411],[96.54728,17.15479],[96.54773,17.15436],[96.54854,17.15471],[96.54836,17.15368],[96.54764,17.15333],[96.54791,17.1529],[96.54755,17.15256],[96.54782,17.15247],[96.54701,17.15205],[96.54701,17.15247],[96.54737,17.15247],[96.54728,17.15308],[96.54728,17.15342]]],[[[96.57845,17.15308],[96.578,17.1535],[96.57818,17.15428],[96.57773,17.15419],[96.57765,17.15462],[96.57773,17.15514],[96.57809,17.15531],[96.57836,17.15445],[96.57863,17.15445],[96.57854,17.15402],[96.57917,17.15428],[96.57926,17.15385],[96.57899,17.15368],[96.57935,17.15359],[96.57935,17.15316],[96.57899,17.15316],[96.5789,17.15385],[96.57863,17.15385],[96.57845,17.15316],[96.57845,17.15308]]],[[[96.55591,17.15548],[96.55564,17.15496],[96.55671,17.15539],[96.55671,17.15479],[96.55689,17.15505],[96.55698,17.15479],[96.55653,17.15445],[96.55636,17.15479],[96.55609,17.15453],[96.55537,17.15479],[96.55573,17.15548],[96.55591,17.15548]]],[[[96.5674,17.15582],[96.56731,17.15496],[96.56776,17.15479],[96.56713,17.15428],[96.56696,17.15565],[96.56731,17.15582],[96.5674,17.15582]]],[[[96.60271,17.15565],[96.60316,17.15565],[96.60307,17.15522],[96.60334,17.15505],[96.60307,17.15479],[96.60361,17.15496],[96.6037,17.15471],[96.60334,17.15453],[96.60397,17.15453],[96.60379,17.15393],[96.60334,17.15402],[96.6037,17.1535],[96.60325,17.15376],[96.60307,17.1535],[96.60235,17.15376],[96.60181,17.15359],[96.60217,17.15411],[96.6019,17.15402],[96.60172,17.15436],[96.60217,17.15436],[96.60208,17.15488],[96.60244,17.15531],[96.60226,17.15582],[96.60271,17.15574],[96.60271,17.15565]]],[[[96.82226,17.15591],[96.82244,17.15556],[96.82298,17.15574],[96.82298,17.15539],[96.8236,17.15514],[96.8236,17.15471],[96.82307,17.15514],[96.82307,17.15471],[96.82342,17.15453],[96.8228,17.15428],[96.82271,17.1535],[96.82199,17.15342],[96.82208,17.15385],[96.82244,17.15376],[96.82217,17.15411],[96.82271,17.15411],[96.82253,17.15471],[96.82298,17.15471],[96.8228,17.15556],[96.82235,17.15539],[96.82217,17.15591],[96.82226,17.15591]]],[[[96.56462,17.15556],[96.56489,17.15556],[96.56462,17.15539],[96.56489,17.15514],[96.56417,17.15496],[96.56426,17.15556],[96.56399,17.15556],[96.5639,17.15617],[96.56453,17.15608],[96.56462,17.15574],[96.56462,17.15556]]],[[[96.54019,17.15539],[96.54072,17.15599],[96.53974,17.15582],[96.54019,17.15539],[96.53965,17.15462],[96.53965,17.15488],[96.53911,17.15505],[96.53893,17.15582],[96.53956,17.15548],[96.53974,17.15625],[96.54072,17.15634],[96.54108,17.15608],[96.54099,17.15539],[96.54207,17.15556],[96.54189,17.15522],[96.54117,17.15505],[96.54135,17.15471],[96.54019,17.15522],[96.54019,17.15539]]],[[[96.57154,17.15462],[96.57118,17.15445],[96.57091,17.15496],[96.57073,17.15462],[96.57064,17.15548],[96.57154,17.15539],[96.57127,17.15531],[96.57136,17.15471],[96.57199,17.15548],[96.57199,17.15514],[96.57306,17.15539],[96.57333,17.15625],[96.57396,17.15634],[96.57396,17.15599],[96.5745,17.15582],[96.57495,17.15608],[96.57513,17.15582],[96.57459,17.15582],[96.57432,17.15539],[96.57432,17.15582],[96.57378,17.15556],[96.57369,17.15599],[96.57333,17.15599],[96.57351,17.15548],[96.57315,17.15514],[96.5727,17.15522],[96.57199,17.15453],[96.57163,17.15462],[96.57154,17.15462]]],[[[96.59031,17.15634],[96.59085,17.15539],[96.59049,17.15505],[96.59094,17.15471],[96.59049,17.15445],[96.59022,17.15488],[96.59031,17.15445],[96.59004,17.15436],[96.5895,17.15428],[96.58896,17.15462],[96.58851,17.15436],[96.58807,17.15599],[96.58977,17.15617],[96.59004,17.15591],[96.59022,17.15634],[96.59031,17.15634]]],[[[96.6169,17.15608],[96.61717,17.15634],[96.61798,17.15625],[96.61798,17.15548],[96.61771,17.15556],[96.61789,17.15462],[96.61762,17.15436],[96.61843,17.15436],[96.61816,17.15479],[96.61852,17.15496],[96.61852,17.15445],[96.61879,17.15445],[96.6187,17.15471],[96.61978,17.15471],[96.61969,17.15445],[96.61852,17.15419],[96.61933,17.15411],[96.61951,17.15436],[96.61969,17.15411],[96.61861,17.15385],[96.61789,17.15419],[96.61798,17.15393],[96.61744,17.1535],[96.61708,17.15359],[96.61717,17.15411],[96.6169,17.15428],[96.61672,17.15376],[96.61627,17.15376],[96.61645,17.1529],[96.61573,17.15299],[96.61555,17.15247],[96.61502,17.15247],[96.61502,17.1535],[96.61555,17.15342],[96.61564,17.15368],[96.61555,17.15316],[96.616,17.15325],[96.61573,17.15402],[96.61591,17.15436],[96.61385,17.15428],[96.61385,17.15496],[96.61367,17.15471],[96.61331,17.15496],[96.61349,17.15548],[96.61376,17.15522],[96.61376,17.15591],[96.61412,17.15574],[96.61439,17.15617],[96.61484,17.15591],[96.6151,17.15634],[96.61573,17.15642],[96.61564,17.15617],[96.61627,17.15625],[96.61627,17.15548],[96.61555,17.15556],[96.61546,17.15582],[96.6151,17.15556],[96.61663,17.15548],[96.61672,17.15505],[96.61699,17.15505],[96.61708,17.15556],[96.61645,17.15556],[96.61654,17.15642],[96.6169,17.15617],[96.6169,17.15608]]],[[[96.58663,17.15256],[96.58681,17.15299],[96.58636,17.15419],[96.5869,17.15428],[96.58699,17.15625],[96.58744,17.15608],[96.58762,17.15651],[96.5886,17.15256],[96.58699,17.1523],[96.58681,17.15256],[96.58663,17.15256]]],[[[96.73036,17.15556],[96.73045,17.15522],[96.73072,17.15531],[96.73027,17.15608],[96.73108,17.15651],[96.73189,17.15539],[96.73135,17.15556],[96.73153,17.15514],[96.73126,17.15496],[96.73117,17.15531],[96.73018,17.15514],[96.73018,17.15556],[96.73036,17.15556]]],[[[96.85999,17.15651],[96.86044,17.15565],[96.86008,17.15522],[96.85981,17.15531],[96.86026,17.15565],[96.86008,17.15634],[96.85909,17.15617],[96.859,17.15642],[96.85977,17.15651],[96.85999,17.15651]]],[[[96.57145,17.15634],[96.57235,17.15617],[96.5727,17.15659],[96.57288,17.15642],[96.57261,17.15625],[96.57306,17.15591],[96.57243,17.15591],[96.57252,17.15556],[96.57217,17.15548],[96.5719,17.15608],[96.57145,17.15599],[96.57145,17.15625],[96.57145,17.15634]]],[[[96.60145,17.15548],[96.60163,17.15505],[96.60091,17.15402],[96.60091,17.15471],[96.60127,17.15505],[96.60073,17.15514],[96.60064,17.15651],[96.60145,17.15651],[96.60145,17.15556],[96.60145,17.15548]]],[[[96.56642,17.15668],[96.56669,17.15659],[96.56642,17.15694],[96.56678,17.15694],[96.56696,17.15625],[96.5674,17.15668],[96.5674,17.15625],[96.56687,17.15608],[96.56651,17.15642],[96.56615,17.15608],[96.56624,17.15668],[96.56642,17.15668]]],[[[96.78462,17.15694],[96.78507,17.15625],[96.78489,17.15651],[96.78462,17.15617],[96.78435,17.15634],[96.78408,17.15574],[96.78408,17.15608],[96.78372,17.15617],[96.7839,17.15659],[96.78444,17.15651],[96.78444,17.15694],[96.78462,17.15694]]],[[[96.60424,17.15677],[96.60406,17.15634],[96.60433,17.15625],[96.60415,17.15651],[96.6045,17.15685],[96.60441,17.15565],[96.60361,17.15565],[96.6037,17.15591],[96.60352,17.15548],[96.60316,17.15599],[96.60343,17.15625],[96.60208,17.15617],[96.60226,17.15651],[96.60271,17.15642],[96.60226,17.15668],[96.60262,17.15711],[96.60361,17.1572],[96.60379,17.15685],[96.60424,17.15685],[96.60424,17.15677]]],[[[96.87229,17.1572],[96.87247,17.15668],[96.87184,17.15642],[96.87175,17.15668],[96.87077,17.15685],[96.87113,17.1572],[96.8722,17.1572],[96.87229,17.1572]]],[[[96.61519,17.15737],[96.61546,17.15702],[96.61528,17.15659],[96.61448,17.15642],[96.61466,17.15685],[96.6143,17.15659],[96.61358,17.15685],[96.61493,17.15737],[96.61519,17.15737]]],[[[96.73548,17.15737],[96.73602,17.15651],[96.73584,17.15617],[96.73539,17.15651],[96.73521,17.15634],[96.73512,17.15702],[96.73476,17.15711],[96.7353,17.15737],[96.73548,17.15737]]],[[[96.72209,17.15694],[96.72281,17.15677],[96.72272,17.15651],[96.72227,17.15685],[96.72263,17.15659],[96.72236,17.15651],[96.72236,17.15582],[96.72218,17.15608],[96.722,17.15591],[96.72209,17.15651],[96.72156,17.15668],[96.72182,17.15685],[96.72129,17.15745],[96.72165,17.15737],[96.72174,17.15762],[96.72209,17.15702],[96.72209,17.15694]]],[[[96.82064,17.15659],[96.82091,17.15694],[96.82127,17.15659],[96.82163,17.15668],[96.82172,17.15608],[96.82109,17.15625],[96.82082,17.15574],[96.82064,17.15617],[96.821,17.15608],[96.821,17.15634],[96.8201,17.15651],[96.82019,17.15625],[96.81983,17.15625],[96.82001,17.15659],[96.81947,17.15737],[96.81983,17.15728],[96.82019,17.15762],[96.82019,17.15659],[96.82064,17.15677],[96.82064,17.15659]]],[[[96.60693,17.15754],[96.60693,17.15694],[96.60774,17.15694],[96.60765,17.15599],[96.60639,17.15591],[96.60621,17.15617],[96.60585,17.15591],[96.60612,17.15659],[96.60585,17.15677],[96.60684,17.15685],[96.60684,17.15728],[96.6063,17.15711],[96.60612,17.15762],[96.60702,17.15754],[96.60693,17.15754]]],[[[96.73808,17.15711],[96.73817,17.15685],[96.73817,17.15745],[96.73781,17.15771],[96.73844,17.15762],[96.73844,17.15737],[96.7388,17.15762],[96.7388,17.15677],[96.7379,17.15668],[96.7379,17.15711],[96.73808,17.15711]]],[[[96.6143,17.15823],[96.61412,17.15754],[96.61295,17.15745],[96.61331,17.1578],[96.61367,17.15762],[96.61385,17.15823],[96.6143,17.15823]]],[[[96.55977,17.1584],[96.55977,17.15797],[96.5604,17.15797],[96.56076,17.15754],[96.55986,17.15694],[96.55914,17.1572],[96.55977,17.15737],[96.55959,17.1584],[96.55977,17.1584]]],[[[96.58717,17.1584],[96.58762,17.15788],[96.58699,17.1578],[96.58699,17.15711],[96.58654,17.15685],[96.58627,17.15771],[96.5869,17.1578],[96.58708,17.1584],[96.58717,17.1584]]],[[[96.83807,17.15762],[96.83816,17.15737],[96.83771,17.15745],[96.83789,17.15685],[96.83762,17.15702],[96.83762,17.15668],[96.83789,17.15677],[96.83816,17.15599],[96.8378,17.15531],[96.83816,17.15488],[96.83708,17.15496],[96.83708,17.15548],[96.8369,17.15531],[96.83663,17.15591],[96.83591,17.15591],[96.83582,17.15617],[96.83564,17.15582],[96.83564,17.15617],[96.83537,17.15608],[96.83546,17.15642],[96.83591,17.15625],[96.83609,17.15694],[96.83636,17.15677],[96.83636,17.15728],[96.836,17.15728],[96.83564,17.15659],[96.83519,17.15651],[96.83582,17.15771],[96.83645,17.15762],[96.83672,17.15848],[96.8369,17.1572],[96.83762,17.15728],[96.83798,17.15823],[96.83807,17.15771],[96.83807,17.15762]]],[[[96.52312,17.15891],[96.52348,17.1584],[96.52339,17.15788],[96.52375,17.1578],[96.52384,17.15823],[96.52384,17.15762],[96.52339,17.15745],[96.52285,17.15771],[96.5233,17.15814],[96.52276,17.15814],[96.52285,17.15848],[96.52267,17.15831],[96.52303,17.15891],[96.52312,17.15891]]],[[[96.55716,17.15857],[96.55761,17.15857],[96.55779,17.15891],[96.55761,17.15788],[96.55824,17.15788],[96.55806,17.15745],[96.55725,17.15754],[96.55752,17.15805],[96.55689,17.15823],[96.55716,17.15865],[96.55716,17.15857]]],[[[96.55555,17.159],[96.55555,17.15762],[96.55483,17.1578],[96.55474,17.15754],[96.55528,17.15737],[96.55519,17.15694],[96.55483,17.15685],[96.55501,17.15642],[96.55474,17.15574],[96.55375,17.15642],[96.55312,17.15591],[96.55312,17.15685],[96.55339,17.15711],[96.55249,17.15728],[96.55312,17.15745],[96.55258,17.15754],[96.5524,17.15788],[96.55339,17.15771],[96.55348,17.15883],[96.55375,17.15874],[96.55348,17.15788],[96.55411,17.15814],[96.55384,17.15848],[96.55411,17.15874],[96.55501,17.15848],[96.55429,17.15814],[96.55519,17.15805],[96.55537,17.159],[96.55555,17.159]]],[[[96.53318,17.15857],[96.53363,17.15831],[96.53318,17.15788],[96.53273,17.15805],[96.53201,17.1578],[96.53246,17.15883],[96.53309,17.15883],[96.53309,17.15908],[96.53318,17.15865],[96.53318,17.15857]]],[[[96.55213,17.15874],[96.55204,17.15797],[96.55231,17.15823],[96.55204,17.15891],[96.55231,17.15883],[96.55231,17.15908],[96.55276,17.15805],[96.5524,17.15814],[96.55204,17.1578],[96.55231,17.15762],[96.55186,17.15754],[96.55168,17.15788],[96.55195,17.15814],[96.55168,17.15831],[96.55195,17.1584],[96.55132,17.15865],[96.55159,17.159],[96.55195,17.15874],[96.55213,17.15874]]],[[[96.57324,17.15762],[96.57432,17.15745],[96.57414,17.15788],[96.57324,17.15762],[96.57315,17.15805],[96.57369,17.15823],[96.57387,17.15908],[96.57423,17.15874],[96.57441,17.159],[96.57486,17.15874],[96.57549,17.15908],[96.57549,17.15883],[96.57612,17.15883],[96.57621,17.15908],[96.57639,17.15874],[96.57576,17.15814],[96.57594,17.1578],[96.57549,17.15788],[96.57558,17.15737],[96.57504,17.15694],[96.57459,17.15702],[96.57459,17.15634],[96.57414,17.15642],[96.57432,17.15711],[96.57369,17.15728],[96.57378,17.15694],[96.57351,17.15694],[96.57315,17.15762],[96.57324,17.15762]]],[[[96.74401,17.15908],[96.74464,17.159],[96.74455,17.15865],[96.74491,17.15848],[96.74473,17.15823],[96.74437,17.15848],[96.74401,17.1578],[96.74347,17.15848],[96.74365,17.15883],[96.74392,17.1584],[96.74419,17.15848],[96.74392,17.15908],[96.74401,17.15908]]],[[[96.5789,17.15951],[96.57917,17.15917],[96.5789,17.15908],[96.57899,17.15865],[96.57872,17.1584],[96.578,17.15848],[96.578,17.159],[96.57854,17.15891],[96.57836,17.15934],[96.57872,17.15951],[96.5789,17.15951]]],[[[96.74653,17.15917],[96.74635,17.159],[96.74662,17.15917],[96.7468,17.15883],[96.74581,17.159],[96.74581,17.15865],[96.74554,17.15883],[96.74518,17.15848],[96.74473,17.15934],[96.74644,17.15951],[96.74653,17.15926],[96.74653,17.15917]]],[[[96.52411,17.1596],[96.52446,17.15934],[96.52411,17.15883],[96.52482,17.15891],[96.52464,17.15848],[96.525,17.15814],[96.52455,17.15805],[96.52473,17.15771],[96.52437,17.15745],[96.52402,17.15771],[96.52402,17.15823],[96.52446,17.1584],[96.52393,17.15848],[96.52402,17.1596],[96.52411,17.1596]]],[[[96.57172,17.15642],[96.57163,17.15668],[96.57145,17.15634],[96.57091,17.15642],[96.57091,17.15599],[96.57127,17.15582],[96.57064,17.15582],[96.57064,17.15651],[96.57127,17.15685],[96.57127,17.1572],[96.57163,17.15702],[96.5719,17.15728],[96.571,17.15771],[96.57136,17.15823],[96.57127,17.15874],[96.57181,17.15874],[96.57181,17.15908],[96.57136,17.159],[96.57109,17.15934],[96.57127,17.15977],[96.57181,17.15977],[96.57172,17.16003],[96.57235,17.15977],[96.5719,17.15874],[96.57226,17.15883],[96.57235,17.15823],[96.5727,17.15814],[96.57226,17.1578],[96.57226,17.15728],[96.57199,17.15737],[96.57208,17.15668],[96.57181,17.15642],[96.57172,17.15642]]],[[[96.81929,17.15926],[96.81902,17.15943],[96.81911,17.16003],[96.81929,17.15951],[96.81965,17.1596],[96.81956,17.15874],[96.8201,17.15831],[96.82001,17.1578],[96.81947,17.15788],[96.81956,17.15754],[96.81911,17.15926],[96.81929,17.15926]]],[[[96.55105,17.15943],[96.55034,17.15968],[96.55132,17.16011],[96.5515,17.15908],[96.55114,17.15943],[96.55105,17.15943]]],[[[96.57082,17.16029],[96.571,17.15977],[96.57073,17.15994],[96.57064,17.15951],[96.57037,17.15951],[96.57046,17.15908],[96.5701,17.159],[96.57001,17.16011],[96.57055,17.16003],[96.57073,17.16029],[96.57082,17.16029]]],[[[96.60998,17.15934],[96.60963,17.15943],[96.60963,17.16011],[96.6107,17.16029],[96.61079,17.15917],[96.61088,17.15891],[96.61124,17.15908],[96.61124,17.15831],[96.61007,17.15823],[96.60963,17.15865],[96.60963,17.15917],[96.60998,17.15926],[96.60998,17.15934]]],[[[96.56237,17.16046],[96.56291,17.16011],[96.56148,17.15994],[96.5613,17.15968],[96.56085,17.16003],[96.56139,17.15994],[96.56157,17.16037],[96.56201,17.16003],[96.56219,17.16046],[96.56237,17.16046]]],[[[96.77195,17.1596],[96.77204,17.15994],[96.7724,17.15994],[96.77204,17.16037],[96.77294,17.16037],[96.77294,17.15986],[96.77231,17.15934],[96.77267,17.15891],[96.77213,17.159],[96.77222,17.15865],[96.77177,17.15831],[96.77177,17.15865],[96.77105,17.15848],[96.77078,17.15891],[96.77105,17.15926],[96.77069,17.15943],[96.77096,17.15994],[96.77078,17.1602],[96.77114,17.16003],[96.77141,17.16054],[96.77123,17.16011],[96.7715,17.16003],[96.77114,17.15968],[96.77159,17.15951],[96.77177,17.15994],[96.77177,17.1596],[96.77195,17.1596]]],[[[96.55276,17.16063],[96.55276,17.16029],[96.55321,17.16046],[96.55321,17.16003],[96.55357,17.15994],[96.55321,17.15943],[96.55294,17.15968],[96.55303,17.15934],[96.55285,17.15968],[96.5524,17.1596],[96.55222,17.16003],[96.55267,17.16063],[96.55276,17.16063]]],[[[96.59004,17.15831],[96.59022,17.15848],[96.58995,17.15831],[96.58995,17.15874],[96.58959,17.15874],[96.58941,17.15951],[96.59013,17.15934],[96.5904,17.15986],[96.58941,17.15968],[96.58914,17.1602],[96.59013,17.16063],[96.59031,17.1602],[96.58995,17.16037],[96.58968,17.16003],[96.59049,17.16003],[96.59049,17.16037],[96.59076,17.16037],[96.59121,17.15814],[96.59085,17.15831],[96.59076,17.15788],[96.59013,17.1578],[96.59004,17.15823],[96.59004,17.15831]]],[[[96.7415,17.15917],[96.74177,17.1596],[96.74231,17.1596],[96.74186,17.15977],[96.74123,17.15908],[96.74123,17.15797],[96.74051,17.15831],[96.74033,17.15728],[96.73961,17.15737],[96.74033,17.15762],[96.74024,17.15823],[96.73979,17.15823],[96.73988,17.15874],[96.74051,17.15883],[96.7406,17.15848],[96.74105,17.15865],[96.74123,17.15951],[96.74096,17.15934],[96.74096,17.16003],[96.74177,17.15986],[96.74195,17.16011],[96.74222,17.15986],[96.74204,17.1602],[96.74258,17.16011],[96.74249,17.16046],[96.74294,17.16063],[96.74267,17.15977],[96.74231,17.15994],[96.74285,17.1596],[96.74249,17.15891],[96.74168,17.159],[96.74159,17.15874],[96.7415,17.159],[96.7415,17.15917]]],[[[96.84651,17.15496],[96.84624,17.15514],[96.84714,17.15453],[96.84714,17.15402],[96.8466,17.15419],[96.84642,17.15462],[96.84561,17.15445],[96.84552,17.15471],[96.84579,17.15462],[96.84597,17.15496],[96.84516,17.15539],[96.84525,17.15565],[96.8448,17.15565],[96.84489,17.15625],[96.84453,17.15617],[96.8448,17.15642],[96.84462,17.15685],[96.84507,17.15694],[96.84471,17.15771],[96.84427,17.1578],[96.84427,17.15848],[96.84489,17.15831],[96.84489,17.15874],[96.84534,17.1584],[96.84543,17.15865],[96.84489,17.15917],[96.84489,17.15891],[96.84453,17.159],[96.84462,17.15848],[96.84418,17.15857],[96.84445,17.16003],[96.84471,17.15977],[96.84471,17.1602],[96.84543,17.16071],[96.84584,17.15998],[96.84651,17.15977],[96.8457,17.15908],[96.84579,17.1596],[96.84543,17.15977],[96.84516,17.159],[96.8457,17.15857],[96.84606,17.15883],[96.84606,17.1578],[96.84642,17.15745],[96.84633,17.15805],[96.84669,17.15814],[96.84669,17.15754],[96.84705,17.15754],[96.84732,17.15711],[96.84723,17.15668],[96.84777,17.15659],[96.8475,17.15617],[96.84768,17.15574],[96.84723,17.15574],[96.84741,17.15548],[96.84768,17.15565],[96.8475,17.15531],[96.84669,17.15574],[96.84633,17.15711],[96.84597,17.15685],[96.8466,17.15496],[96.84651,17.15496]]],[[[96.56911,17.15685],[96.5692,17.15651],[96.56848,17.15711],[96.56848,17.15634],[96.56803,17.15677],[96.56803,17.15625],[96.56776,17.15625],[96.56767,17.15685],[96.56731,17.15677],[96.5674,17.1572],[96.56687,17.1572],[96.56704,17.15771],[96.56731,17.15754],[96.56713,17.15728],[96.56767,17.1572],[96.56767,17.15762],[96.56731,17.15754],[96.56758,17.15814],[96.56785,17.1584],[96.56839,17.15823],[96.56794,17.15857],[96.56794,17.15951],[96.56758,17.1596],[96.56767,17.15986],[96.56785,17.1596],[96.5683,17.15977],[96.56821,17.16011],[96.56758,17.15994],[96.56749,17.1602],[96.56794,17.1608],[96.5683,17.16011],[96.56839,17.16063],[96.56884,17.16063],[96.56893,17.16011],[96.56848,17.15986],[96.56884,17.1596],[96.56848,17.15968],[96.56848,17.15943],[96.56884,17.15943],[96.56893,17.15908],[96.56947,17.15934],[96.5692,17.15951],[96.5692,17.16037],[96.56983,17.16029],[96.56983,17.15891],[96.56911,17.159],[96.56884,17.15874],[96.56956,17.15848],[96.56956,17.15737],[96.56911,17.15694],[96.56911,17.15685]]],[[[96.59355,17.16011],[96.59372,17.16029],[96.59346,17.16011],[96.59328,17.16071],[96.59364,17.16114],[96.59408,17.16011],[96.5939,17.16029],[96.59355,17.15977],[96.59355,17.16011]]],[[[96.73153,17.16037],[96.73063,17.16054],[96.73108,17.16089],[96.73144,17.16054],[96.73135,17.16123],[96.73198,17.16106],[96.73216,17.1608],[96.73153,17.16029],[96.73153,17.16037]]],[[[96.52563,17.16054],[96.52545,17.16037],[96.52518,17.16063],[96.52545,17.16063],[96.52536,17.16089],[96.52644,17.16097],[96.52635,17.16132],[96.52716,17.16106],[96.52644,17.16071],[96.52608,17.16089],[96.52617,17.15986],[96.52572,17.16003],[96.52572,17.16054],[96.52563,17.16054]]],[[[96.54989,17.16071],[96.54926,17.16063],[96.54917,17.16029],[96.54935,17.16054],[96.54989,17.16029],[96.54989,17.16071],[96.55016,17.16071],[96.55016,17.15943],[96.54971,17.15917],[96.54989,17.15883],[96.55025,17.15917],[96.55061,17.15883],[96.55007,17.15831],[96.55025,17.15788],[96.55052,17.15814],[96.55061,17.15711],[96.55097,17.15728],[96.55097,17.15771],[96.55097,17.15702],[96.5524,17.15634],[96.5524,17.15591],[96.55177,17.15591],[96.5515,17.15479],[96.55061,17.15479],[96.55052,17.15522],[96.55025,17.15505],[96.5498,17.15531],[96.5498,17.15565],[96.55007,17.15556],[96.54989,17.15591],[96.54935,17.15548],[96.54917,17.15625],[96.54917,17.15591],[96.54854,17.15582],[96.54863,17.15522],[96.54818,17.15522],[96.54845,17.15582],[96.54791,17.15574],[96.54728,17.15668],[96.54701,17.15642],[96.54764,17.15591],[96.54746,17.15514],[96.5471,17.15539],[96.5462,17.15531],[96.54611,17.15556],[96.54683,17.15565],[96.54656,17.15582],[96.54683,17.15617],[96.54638,17.15608],[96.54638,17.15634],[96.54683,17.15625],[96.54683,17.15685],[96.54567,17.15617],[96.54593,17.15608],[96.54593,17.15539],[96.54549,17.15496],[96.54567,17.15565],[96.5454,17.15565],[96.5454,17.15702],[96.54567,17.1572],[96.54549,17.15702],[96.5454,17.15745],[96.54513,17.15711],[96.54531,17.15677],[96.54468,17.15677],[96.54477,17.15574],[96.5445,17.15539],[96.54387,17.15514],[96.54315,17.15539],[96.54324,17.15617],[96.54396,17.15659],[96.54387,17.15762],[96.54333,17.15685],[96.54369,17.15823],[96.54423,17.15805],[96.54441,17.15848],[96.54522,17.15857],[96.54522,17.15934],[96.54575,17.15926],[96.54584,17.15865],[96.54611,17.15874],[96.54593,17.15926],[96.54683,17.15917],[96.54683,17.15857],[96.5471,17.15848],[96.54728,17.15874],[96.54701,17.15891],[96.54818,17.15917],[96.54764,17.15926],[96.54746,17.16071],[96.54656,17.15968],[96.54593,17.16011],[96.54531,17.15977],[96.54486,17.16003],[96.54504,17.16029],[96.54567,17.16037],[96.54567,17.16071],[96.54611,17.1602],[96.54611,17.1608],[96.54656,17.1608],[96.54674,17.16132],[96.54836,17.1608],[96.54845,17.16132],[96.54989,17.16097],[96.54989,17.16071]]],[[[96.57046,17.16037],[96.5701,17.16037],[96.57001,17.16149],[96.57091,17.16149],[96.571,17.16054],[96.57064,17.16037],[96.57046,17.16037]]],[[[96.57342,17.1596],[96.57315,17.1596],[96.57333,17.15908],[96.57243,17.159],[96.57243,17.16054],[96.57279,17.16071],[96.57252,17.16089],[96.57252,17.16166],[96.57315,17.16157],[96.57324,17.162],[96.57342,17.16174],[96.57423,17.162],[96.57396,17.16157],[96.57441,17.16123],[96.57405,17.16106],[96.57378,17.16149],[96.5736,17.16132],[96.57387,17.16097],[96.57441,17.16097],[96.5745,17.16063],[96.5736,17.15917],[96.57342,17.15951],[96.57342,17.1596]]],[[[96.59543,17.16166],[96.59615,17.162],[96.59678,17.16192],[96.59678,17.16166],[96.59624,17.16157],[96.59615,17.16106],[96.59534,17.1608],[96.59543,17.16157],[96.59543,17.16166]]],[[[96.53309,17.16174],[96.53336,17.16149],[96.53282,17.16157],[96.53273,17.16132],[96.53309,17.16123],[96.53246,17.16089],[96.53264,17.16149],[96.53237,17.1614],[96.53228,17.16192],[96.53273,17.16157],[96.53282,17.16217],[96.53363,17.162],[96.53336,17.16252],[96.53363,17.1626],[96.5339,17.16157],[96.53309,17.16183],[96.53309,17.16174]]],[[[96.58654,17.16277],[96.58654,17.16149],[96.58591,17.16157],[96.58582,17.16243],[96.58645,17.16252],[96.58645,17.16277],[96.58654,17.16277]]],[[[96.86636,17.16303],[96.86807,17.16235],[96.86807,17.16174],[96.866,17.16303],[96.86636,17.16303]]],[[[96.59543,17.16166],[96.59507,17.16166],[96.59462,17.16277],[96.59507,17.16295],[96.59507,17.1626],[96.59534,17.1626],[96.59525,17.16295],[96.59597,17.16329],[96.59615,17.16295],[96.59525,17.16252],[96.59561,17.16209],[96.59543,17.16192],[96.59543,17.16166]]],[[[96.76818,17.16329],[96.76836,17.16286],[96.76917,17.1626],[96.76836,17.1626],[96.76863,17.16217],[96.76827,17.16192],[96.768,17.16209],[96.768,17.16329],[96.76818,17.16329]]],[[[96.57827,17.16166],[96.57827,17.16106],[96.57711,17.16123],[96.57782,17.162],[96.57773,17.16286],[96.57747,17.16295],[96.57782,17.16303],[96.57773,17.16338],[96.57809,17.16303],[96.578,17.16226],[96.57827,17.16217],[96.57827,17.16166]]],[[[96.5816,17.16269],[96.58124,17.16243],[96.58187,17.16277],[96.58205,17.16166],[96.58133,17.16166],[96.58124,17.16106],[96.58079,17.16097],[96.58133,17.15977],[96.5807,17.15977],[96.58052,17.1602],[96.57971,17.16011],[96.5798,17.1608],[96.58025,17.16114],[96.57989,17.16157],[96.57944,17.1614],[96.5798,17.16089],[96.57872,17.16097],[96.57908,17.1614],[96.57872,17.16132],[96.57854,17.162],[96.57899,17.16243],[96.57971,17.16252],[96.57971,17.16286],[96.58052,17.16295],[96.58079,17.16338],[96.58088,17.16277],[96.58124,17.16277],[96.58133,17.16312],[96.5816,17.16286],[96.5816,17.16269]]],[[[96.84498,17.16209],[96.84525,17.16312],[96.84579,17.16303],[96.84624,17.16346],[96.84602,17.16285],[96.84624,17.16226],[96.84534,17.162],[96.84516,17.16243],[96.84507,17.16209],[96.84498,17.16209]]],[[[96.55905,17.1608],[96.55878,17.16089],[96.5595,17.16071],[96.55932,17.16123],[96.55977,17.16089],[96.55959,17.16029],[96.55905,17.16029],[96.55914,17.15986],[96.55968,17.15977],[96.55977,17.16011],[96.5604,17.1596],[96.56076,17.15994],[96.56085,17.15934],[96.56148,17.15968],[96.56157,17.15883],[96.56103,17.15857],[96.56112,17.15797],[96.56076,17.15805],[96.56085,17.15891],[96.56067,17.15865],[96.56022,17.15891],[96.55941,17.15857],[96.55932,17.15891],[96.55851,17.15883],[96.55869,17.15926],[96.55833,17.15926],[96.55707,17.15883],[96.55725,17.15917],[96.55788,17.15917],[96.55761,17.15943],[96.55815,17.15968],[96.55788,17.16003],[96.55761,17.15977],[96.55725,17.15994],[96.55752,17.16071],[96.55698,17.16054],[96.55689,17.15968],[96.55653,17.15968],[96.55653,17.16011],[96.55618,17.15968],[96.55618,17.15994],[96.55519,17.16037],[96.5551,17.15977],[96.55384,17.15951],[96.55411,17.15986],[96.55393,17.16063],[96.55501,17.1608],[96.55438,17.16106],[96.55492,17.16183],[96.55384,17.16157],[96.55375,17.16209],[96.55429,17.16226],[96.55447,17.16269],[96.55492,17.16226],[96.55492,17.16269],[96.55555,17.16312],[96.55582,17.16286],[96.55573,17.16235],[96.55609,17.16235],[96.55582,17.16252],[96.556,17.16286],[96.55707,17.16286],[96.55734,17.16252],[96.55662,17.16226],[96.5568,17.16174],[96.55644,17.16174],[96.55636,17.16209],[96.55591,17.1608],[96.55653,17.16114],[96.55653,17.16071],[96.55698,17.16071],[96.55698,17.16123],[96.55725,17.1608],[96.55761,17.16097],[96.55761,17.1614],[96.55734,17.1614],[96.55743,17.16277],[96.55824,17.16355],[96.55833,17.16303],[96.55797,17.16312],[96.55788,17.16277],[96.55923,17.16277],[96.55932,17.16226],[96.55896,17.16226],[96.55923,17.16174],[96.55905,17.1614],[96.55797,17.16157],[96.5577,17.16054],[96.55797,17.16046],[96.55788,17.16114],[96.55914,17.16123],[96.55914,17.1608],[96.55905,17.1608]]],[[[96.74222,17.16355],[96.74231,17.16295],[96.74267,17.16329],[96.74311,17.16252],[96.74222,17.16226],[96.74204,17.16355],[96.74222,17.16355]]],[[[96.76665,17.16312],[96.76692,17.16329],[96.76638,17.16312],[96.76638,17.16355],[96.76737,17.16338],[96.76719,17.16295],[96.76764,17.16252],[96.76737,17.16269],[96.76737,17.16226],[96.76602,17.16217],[96.76602,17.16252],[96.76665,17.16269],[96.76683,17.16243],[96.76665,17.16295],[96.76665,17.16312]]],[[[96.54638,17.16295],[96.5462,17.16217],[96.54593,17.16209],[96.54602,17.16252],[96.54575,17.16226],[96.54602,17.16132],[96.54513,17.1614],[96.54522,17.162],[96.54477,17.16174],[96.54432,17.16192],[96.54423,17.16277],[96.54513,17.16209],[96.54531,17.16243],[96.54558,17.16235],[96.54522,17.16295],[96.54567,17.16363],[96.54629,17.16355],[96.54602,17.1632],[96.54638,17.1632],[96.54638,17.16295]]],[[[96.8298,17.1608],[96.82962,17.16097],[96.82998,17.16132],[96.8298,17.16157],[96.82953,17.16132],[96.82944,17.16183],[96.82863,17.16123],[96.82837,17.16372],[96.82908,17.16363],[96.82917,17.16303],[96.82944,17.16338],[96.82926,17.16355],[96.83007,17.16355],[96.83007,17.16303],[96.8307,17.16295],[96.83079,17.16252],[96.83115,17.16243],[96.83079,17.1614],[96.83106,17.16089],[96.83025,17.16054],[96.83034,17.1602],[96.83079,17.1602],[96.83034,17.15977],[96.83097,17.15986],[96.83088,17.15951],[96.83151,17.15934],[96.83097,17.159],[96.83124,17.1584],[96.83079,17.15831],[96.8307,17.15934],[96.83034,17.15934],[96.83016,17.15874],[96.8298,17.159],[96.8298,17.16071],[96.8298,17.1608]],[[96.83057,17.16168],[96.83048,17.16222],[96.82967,17.16267],[96.8294,17.16249],[96.83012,17.16142],[96.83048,17.16168],[96.83057,17.16168]]],[[[96.5436,17.16303],[96.5436,17.16157],[96.54333,17.16157],[96.54342,17.16243],[96.54297,17.16235],[96.54288,17.16269],[96.54261,17.16226],[96.54324,17.16226],[96.54315,17.16192],[96.54198,17.16174],[96.54207,17.1626],[96.54243,17.16269],[96.54243,17.16295],[96.54207,17.16277],[96.54207,17.16338],[96.5427,17.16338],[96.54207,17.16406],[96.5427,17.16398],[96.54288,17.16355],[96.54342,17.16389],[96.54333,17.1626],[96.54342,17.16303],[96.5436,17.16303]]],[[[96.60262,17.16415],[96.60307,17.16355],[96.60289,17.16312],[96.60253,17.16312],[96.60217,17.16372],[96.60244,17.16415],[96.60262,17.16415]]],[[[96.60774,17.16415],[96.60774,17.16363],[96.60828,17.16363],[96.60828,17.16329],[96.60765,17.16363],[96.6063,17.16338],[96.60675,17.16346],[96.60693,17.16398],[96.60765,17.16389],[96.60765,17.16415],[96.60774,17.16415]]],[[[96.58717,17.16406],[96.58726,17.16346],[96.58654,17.16312],[96.58654,17.16423],[96.58726,17.16406],[96.58717,17.16406]]],[[[96.83879,17.16338],[96.83888,17.16372],[96.83932,17.16346],[96.83986,17.16372],[96.83977,17.16295],[96.8404,17.16286],[96.84031,17.1626],[96.84112,17.162],[96.84094,17.16157],[96.84121,17.16149],[96.84121,17.16037],[96.84175,17.15934],[96.84112,17.15934],[96.84103,17.15857],[96.84031,17.15797],[96.83986,17.15805],[96.84022,17.1584],[96.84004,17.15874],[96.8395,17.15823],[96.83941,17.15908],[96.83968,17.15926],[96.83914,17.15951],[96.83941,17.16054],[96.83977,17.16071],[96.84,17.16016],[96.84045,17.16079],[96.84018,17.16177],[96.83991,17.16177],[96.83982,17.16071],[96.8395,17.16114],[96.83986,17.16183],[96.83968,17.16209],[96.83897,17.16235],[96.83834,17.16157],[96.83798,17.16157],[96.83834,17.16192],[96.83807,17.16295],[96.83852,17.16303],[96.83807,17.16312],[96.83834,17.16363],[96.83798,17.16389],[96.83843,17.16423],[96.8387,17.16423],[96.8387,17.16338],[96.83879,17.16338]]],[[[96.57414,17.1632],[96.57387,17.16329],[96.57414,17.16312],[96.57432,17.16338],[96.57441,17.16226],[96.57333,17.16209],[96.57306,17.16243],[96.57306,17.16174],[96.57127,17.16209],[96.57145,17.1626],[96.57118,17.16277],[96.57145,17.16277],[96.57154,17.1632],[96.5719,17.16312],[96.57199,17.16235],[96.57199,17.1632],[96.57226,17.16329],[96.57243,17.16235],[96.57235,17.16329],[96.57315,17.16423],[96.57378,17.16432],[96.57387,17.16346],[96.57414,17.16338],[96.57414,17.1632]]],[[[96.54019,17.16363],[96.53992,17.16346],[96.54028,17.16329],[96.54019,17.16363],[96.54108,17.16372],[96.5409,17.16355],[96.54135,17.16346],[96.54117,17.1632],[96.54171,17.16338],[96.54135,17.16277],[96.54198,17.16295],[96.54135,17.16235],[96.5418,17.16209],[96.54135,17.16192],[96.54153,17.16149],[96.5418,17.16174],[96.54216,17.16157],[96.5418,17.1608],[96.54135,17.1608],[96.54198,17.16011],[96.54162,17.1596],[96.54243,17.15977],[96.54261,17.15934],[96.54297,17.1596],[96.54288,17.16011],[96.5436,17.16003],[96.54342,17.15977],[96.54414,17.16011],[96.54414,17.15951],[96.54459,17.15943],[96.5445,17.15908],[96.54351,17.15883],[96.5436,17.15951],[96.54324,17.15951],[96.54333,17.15857],[96.5427,17.15797],[96.54288,17.15625],[96.54225,17.15651],[96.54225,17.1572],[96.54189,17.15702],[96.54126,17.15823],[96.54063,17.15857],[96.5409,17.15883],[96.54036,17.15874],[96.54028,17.15926],[96.53983,17.15917],[96.53956,17.15986],[96.53911,17.15986],[96.5392,17.16011],[96.53848,17.16046],[96.53911,17.16123],[96.53938,17.16114],[96.53911,17.1608],[96.53965,17.16097],[96.53965,17.16054],[96.5401,17.16097],[96.54081,17.16029],[96.5409,17.16071],[96.54054,17.16063],[96.54063,17.16089],[96.54117,17.16063],[96.54099,17.16037],[96.54135,17.16046],[96.54126,17.16132],[96.54063,17.16106],[96.54063,17.1614],[96.54019,17.16123],[96.53956,17.16166],[96.53956,17.16123],[96.53929,17.16149],[96.53884,17.16123],[96.53902,17.16166],[96.53839,17.16226],[96.53938,17.162],[96.53983,17.16286],[96.53974,17.16355],[96.53929,17.16277],[96.53929,17.16329],[96.53866,17.16312],[96.53848,17.16372],[96.53929,17.16363],[96.53893,17.16415],[96.53956,17.16423],[96.53983,17.16398],[96.53974,17.16441],[96.54001,17.16449],[96.53992,17.16423],[96.54045,17.16406],[96.54019,17.1638],[96.54019,17.16363]]],[[[96.53309,17.16423],[96.53345,17.16415],[96.53363,17.16346],[96.53426,17.16338],[96.53399,17.16338],[96.53408,17.16269],[96.53354,17.16277],[96.53372,17.1632],[96.53291,17.16295],[96.53318,17.16355],[96.53273,17.16346],[96.533,17.16329],[96.53255,17.16329],[96.53273,17.16303],[96.53246,17.16286],[96.53255,17.16423],[96.53291,17.16458],[96.53408,17.16441],[96.53408,17.16398],[96.53363,17.16389],[96.53345,17.16441],[96.53327,17.16423],[96.53309,17.16423]]],[[[96.56121,17.16398],[96.56166,17.16389],[96.56157,17.16363],[96.56103,17.16363],[96.56103,17.16312],[96.56058,17.16338],[96.56004,17.16303],[96.55995,17.16363],[96.55932,17.16355],[96.55941,17.16398],[96.5604,17.16398],[96.5604,17.16355],[96.56067,17.16355],[96.56085,17.16389],[96.56058,17.16389],[96.56076,17.16406],[96.5604,17.16423],[96.56049,17.16449],[96.56103,17.16432],[96.56174,17.16466],[96.56183,17.16432],[96.56121,17.16432],[96.56121,17.16406],[96.56121,17.16398]]],[[[96.59579,17.16483],[96.59579,17.16432],[96.59615,17.16423],[96.59606,17.16398],[96.5957,17.16406],[96.59588,17.16346],[96.59525,17.16312],[96.59561,17.16406],[96.59498,17.16389],[96.59507,17.16432],[96.5948,17.16449],[96.59552,17.16441],[96.5957,17.16483],[96.59579,17.16483]]],[[[96.75964,17.16483],[96.75964,17.16406],[96.75982,17.16432],[96.76027,17.16423],[96.76,17.16355],[96.75911,17.16415],[96.75911,17.16483],[96.75964,17.16483]]],[[[96.78794,17.16432],[96.78812,17.16398],[96.78749,17.16406],[96.7874,17.1638],[96.78659,17.16415],[96.78803,17.16483],[96.78794,17.16449],[96.78794,17.16432]]],[[[96.74096,17.16355],[96.74078,17.16372],[96.74096,17.16346],[96.7406,17.16338],[96.74024,17.16406],[96.74078,17.16423],[96.73988,17.16415],[96.73979,17.16475],[96.74033,17.16483],[96.73997,17.16449],[96.74015,17.16432],[96.74051,17.16441],[96.74042,17.16483],[96.74123,17.16466],[96.74096,17.16432],[96.7415,17.16406],[96.74141,17.16372],[96.74105,17.16398],[96.74105,17.16355],[96.74096,17.16355]]],[[[96.70934,17.16406],[96.7088,17.16483],[96.70997,17.16501],[96.70988,17.16458],[96.70952,17.16458],[96.70952,17.16406],[96.70934,17.16406]]],[[[96.60334,17.16449],[96.60334,17.16415],[96.60397,17.16389],[96.60316,17.16355],[96.60343,17.16398],[96.60289,17.16406],[96.60253,17.16492],[96.60298,17.16509],[96.60334,17.16458],[96.60334,17.16449]]],[[[96.59462,17.16518],[96.5948,17.16475],[96.59426,17.16423],[96.59444,17.16398],[96.5939,17.16449],[96.59364,17.16398],[96.59319,17.16432],[96.59283,17.16406],[96.59283,17.16483],[96.59346,17.16475],[96.59444,17.16518],[96.59462,17.16518]]],[[[96.55438,17.16475],[96.55456,17.16406],[96.55402,17.16406],[96.55438,17.16372],[96.55393,17.16372],[96.55366,17.16441],[96.55366,17.16363],[96.55294,17.16338],[96.55312,17.1632],[96.5533,17.16346],[96.55366,17.16269],[96.55339,17.16252],[96.55366,17.16123],[96.55339,17.16089],[96.55276,17.16089],[96.55213,17.1614],[96.55222,17.16183],[96.55249,17.16166],[96.55249,17.162],[96.55294,17.162],[96.55276,17.16226],[96.55258,17.162],[96.55258,17.1626],[96.55231,17.16252],[96.55249,17.162],[96.55195,17.16209],[96.55222,17.16277],[96.55186,17.16269],[96.55204,17.16226],[96.55168,17.16209],[96.55213,17.16183],[96.55177,17.16089],[96.5515,17.16123],[96.55123,17.16089],[96.55097,17.16097],[96.55105,17.16132],[96.55061,17.16123],[96.55043,17.16174],[96.55097,17.16209],[96.55097,17.16243],[96.54998,17.1626],[96.54926,17.16312],[96.54854,17.16303],[96.54863,17.16235],[96.54836,17.16243],[96.54845,17.16312],[96.54917,17.16338],[96.54944,17.16312],[96.54944,17.16355],[96.54971,17.16355],[96.54971,17.16389],[96.54881,17.16363],[96.54881,17.16432],[96.54845,17.16432],[96.54854,17.16389],[96.54827,17.1638],[96.54818,17.16252],[96.54782,17.16286],[96.548,17.16338],[96.54746,17.1632],[96.54764,17.1638],[96.54818,17.16346],[96.54863,17.16526],[96.5489,17.16501],[96.54872,17.16441],[96.54953,17.16458],[96.5498,17.16509],[96.5515,17.16466],[96.55097,17.16372],[96.55114,17.16346],[96.55141,17.16346],[96.55132,17.16389],[96.55204,17.16389],[96.55195,17.16415],[96.55141,17.16406],[96.55141,17.16432],[96.55177,17.16423],[96.55186,17.16475],[96.55294,17.16432],[96.55285,17.16526],[96.55375,17.16458],[96.55411,17.16475],[96.55393,17.16526],[96.55447,17.16526],[96.55438,17.16483],[96.55438,17.16475]]],[[[96.56839,17.16217],[96.56821,17.16192],[96.56758,17.16235],[96.56758,17.16157],[96.56731,17.16166],[96.56687,17.16114],[96.5666,17.1614],[96.56615,17.16097],[96.56615,17.16157],[96.56561,17.16183],[96.56615,17.162],[96.56624,17.16174],[96.56642,17.162],[96.56651,17.16149],[96.56704,17.1614],[96.56696,17.16166],[96.56758,17.162],[96.56669,17.16192],[96.56651,17.16226],[96.56687,17.16243],[96.56713,17.16217],[96.5674,17.16269],[96.56821,17.16286],[96.56821,17.16329],[96.56767,17.1632],[96.56794,17.16303],[96.56767,17.16277],[96.56758,17.16312],[96.56704,17.16277],[96.56669,17.16329],[96.56678,17.16269],[96.56615,17.16243],[96.56534,17.16243],[96.56489,17.16277],[96.56534,17.1632],[96.56525,17.16372],[96.5657,17.16346],[96.56588,17.1638],[96.56642,17.1638],[96.56633,17.16432],[96.5666,17.16441],[96.56624,17.16449],[96.56633,17.16483],[96.56722,17.16526],[96.56776,17.16501],[96.56767,17.16406],[96.56866,17.16415],[96.56866,17.16355],[96.56839,17.16363],[96.56866,17.16329],[96.56839,17.16303],[96.56893,17.16312],[96.56911,17.16475],[96.56938,17.16432],[96.56974,17.16466],[96.57001,17.16423],[96.56938,17.1638],[96.5692,17.16269],[96.56857,17.16217],[96.56839,17.16217]]],[[[96.55698,17.16398],[96.55671,17.16406],[96.55671,17.1638],[96.55698,17.16398],[96.55743,17.16346],[96.55636,17.16329],[96.55627,17.16363],[96.55662,17.16372],[96.55644,17.16415],[96.55707,17.16449],[96.55671,17.16458],[96.55671,17.16432],[96.55662,17.16475],[96.55734,17.16561],[96.55743,17.16449],[96.55716,17.16432],[96.55743,17.16415],[96.55707,17.16398],[96.55698,17.16398]]],[[[96.58887,17.16518],[96.58905,17.16466],[96.58816,17.16475],[96.58834,17.16552],[96.58887,17.16552],[96.58887,17.16526],[96.58887,17.16518]]],[[[96.58052,17.16423],[96.58079,17.16578],[96.58115,17.16569],[96.58124,17.16483],[96.58178,17.16509],[96.58169,17.16449],[96.58196,17.16475],[96.58232,17.16449],[96.58214,17.16406],[96.58205,17.16441],[96.58187,17.16415],[96.58133,17.16441],[96.58133,17.16389],[96.58169,17.16389],[96.58097,17.16338],[96.58115,17.16423],[96.58052,17.16423]]],[[[96.74716,17.16466],[96.7468,17.16475],[96.74689,17.16509],[96.74734,17.16535],[96.74716,17.16569],[96.74761,17.16578],[96.7477,17.16475],[96.74716,17.16458],[96.74716,17.16466]]],[[[96.84229,17.16578],[96.84229,17.16509],[96.84211,17.16535],[96.84175,17.16509],[96.84112,17.16535],[96.84121,17.16578],[96.84157,17.16535],[96.84175,17.16578],[96.8422,17.16578],[96.84229,17.16578]]],[[[96.74554,17.16518],[96.74563,17.16492],[96.74518,17.16492],[96.74527,17.16578],[96.74545,17.16535],[96.74572,17.16535],[96.74554,17.16586],[96.74635,17.16578],[96.74608,17.16501],[96.74563,17.16518],[96.74554,17.16518]]],[[[96.55842,17.16595],[96.55842,17.16535],[96.55896,17.16535],[96.5586,17.16492],[96.55896,17.16441],[96.55842,17.16441],[96.55833,17.1638],[96.55797,17.16483],[96.55851,17.16475],[96.55815,17.16526],[96.55824,17.16595],[96.55842,17.16595]]],[[[96.83771,17.16535],[96.83807,17.16509],[96.8378,17.16449],[96.83816,17.16449],[96.83807,17.16398],[96.83744,17.16423],[96.83726,17.16406],[96.83753,17.16372],[96.83645,17.1638],[96.83654,17.16346],[96.83591,17.16346],[96.83654,17.16398],[96.83654,17.16432],[96.83708,17.16423],[96.83717,17.16492],[96.83681,17.16501],[96.83708,17.16544],[96.83681,17.16578],[96.83789,17.16569],[96.83789,17.16535],[96.83771,17.16535]]],[[[96.60477,17.16604],[96.60522,17.16535],[96.60522,17.16483],[96.60477,17.16466],[96.60558,17.16449],[96.6054,17.16423],[96.60513,17.16449],[96.60424,17.16432],[96.60415,17.16406],[96.6037,17.16552],[96.6045,17.16552],[96.60468,17.16604],[96.60477,17.16604]]],[[[96.75749,17.16544],[96.75722,17.16569],[96.75749,17.16535],[96.75695,17.16526],[96.75695,17.16604],[96.75749,17.16604],[96.75758,17.16569],[96.7583,17.16544],[96.7583,17.16509],[96.75776,17.16544],[96.75749,17.16544]]],[[[96.77123,17.16578],[96.77096,17.16518],[96.77132,17.16526],[96.77141,17.16492],[96.77105,17.16466],[96.76997,17.16475],[96.77123,17.16432],[96.77096,17.16398],[96.7706,17.16415],[96.77051,17.16363],[96.77033,17.16406],[96.77006,17.16398],[96.77042,17.16432],[96.76997,17.16441],[96.76988,17.16406],[96.76971,17.16475],[96.76988,17.16509],[96.77096,17.16501],[96.77069,17.16561],[96.77105,17.16604],[96.77141,17.16578],[96.77123,17.16578]]],[[[96.84445,17.16629],[96.84445,17.16432],[96.84409,17.16466],[96.84355,17.16441],[96.84373,17.16492],[96.84409,17.16501],[96.844,17.16604],[96.84436,17.16629],[96.84445,17.16629]]],[[[96.56875,17.16638],[96.56983,17.16612],[96.56974,17.16535],[96.56866,17.16552],[96.56839,17.16578],[96.56857,17.16638],[96.56875,17.16638]]],[[[96.81202,17.16645],[96.8122,17.16569],[96.81255,17.16569],[96.81229,17.16509],[96.81144,17.16595],[96.81198,17.16645],[96.81202,17.16645]]],[[[96.69919,17.16647],[96.69928,17.16509],[96.69901,17.16475],[96.69973,17.16483],[96.69973,17.16423],[96.69928,17.16398],[96.69865,17.16415],[96.69901,17.16647],[96.69919,17.16647]]],[[[96.86277,17.16604],[96.86304,17.16595],[96.86286,17.16569],[96.86313,17.16518],[96.86385,17.16535],[96.86367,17.16483],[96.86259,17.16526],[96.86268,17.16561],[96.86205,17.16595],[96.86268,17.16647],[96.86277,17.16621],[96.86313,17.16638],[96.86295,17.16604],[96.86277,17.16604]]],[[[96.73036,17.16604],[96.73054,17.16578],[96.73072,17.16621],[96.73126,17.16612],[96.73081,17.16586],[96.7309,17.16552],[96.72991,17.16561],[96.72982,17.16535],[96.73,17.16604],[96.72946,17.16595],[96.72946,17.16621],[96.72982,17.16655],[96.73,17.16621],[96.73054,17.16638],[96.73054,17.16604],[96.73036,17.16604]]],[[[96.53174,17.16638],[96.53201,17.16621],[96.53129,17.16638],[96.53129,17.16595],[96.53156,17.16612],[96.53174,17.16586],[96.53138,17.16569],[96.53147,17.16535],[96.53111,17.16544],[96.5312,17.16655],[96.53174,17.16664],[96.53174,17.16638]]],[[[96.59265,17.16492],[96.59247,17.16518],[96.59265,17.16475],[96.59193,17.16458],[96.59202,17.16415],[96.59247,17.16458],[96.59274,17.16415],[96.5922,17.16329],[96.59202,17.16406],[96.59193,17.16363],[96.59139,17.16355],[96.59175,17.16501],[96.59211,17.16501],[96.59184,17.16526],[96.59202,17.16621],[96.59175,17.16647],[96.59256,17.16672],[96.59292,17.16638],[96.59256,17.16586],[96.59301,17.16544],[96.59292,17.16492],[96.59265,17.16492]]],[[[96.83699,17.16595],[96.83618,17.16595],[96.83663,17.16621],[96.83609,17.16681],[96.83672,17.16707],[96.83699,17.16612],[96.83699,17.16595]]],[[[96.54584,17.16586],[96.54558,17.16604],[96.54683,17.16561],[96.54656,17.16441],[96.54692,17.16441],[96.54692,17.16406],[96.54549,17.16432],[96.54549,17.16475],[96.5462,17.16441],[96.54647,17.16458],[96.54549,17.16501],[96.54522,17.16483],[96.5454,17.16441],[96.54459,17.16458],[96.54513,17.16415],[96.54486,17.16398],[96.54504,17.16372],[96.5445,17.1638],[96.54477,17.16406],[96.54414,17.16415],[96.5445,17.16458],[96.54441,17.16501],[96.54504,17.16483],[96.5445,17.16509],[96.5445,17.16655],[96.54504,17.16647],[96.54504,17.16689],[96.54593,17.16724],[96.54575,17.16681],[96.54602,17.16664],[96.54567,17.16672],[96.54593,17.16655],[96.54593,17.16586],[96.54584,17.16586]]],[[[96.75048,17.16629],[96.74994,17.16629],[96.74994,17.16672],[96.74931,17.16707],[96.74985,17.16724],[96.74958,17.16689],[96.75012,17.16707],[96.75066,17.16647],[96.75057,17.16612],[96.75102,17.16621],[96.75138,17.16586],[96.75057,17.16586],[96.75048,17.16612],[96.75048,17.16629]]],[[[96.53695,17.16561],[96.53677,17.16544],[96.53704,17.16561],[96.53758,17.16509],[96.53749,17.16475],[96.53785,17.16535],[96.53848,17.16518],[96.5383,17.16501],[96.53857,17.16475],[96.53875,17.16552],[96.53929,17.16561],[96.5392,17.16604],[96.53974,17.16595],[96.53938,17.16595],[96.53947,17.16518],[96.53893,17.16509],[96.53893,17.16483],[96.53929,17.16501],[96.53929,17.16458],[96.53866,17.16398],[96.53812,17.16415],[96.53839,17.16389],[96.53731,17.16355],[96.53731,17.16406],[96.53785,17.16389],[96.53758,17.16449],[96.53803,17.16423],[96.53731,17.16501],[96.5374,17.16432],[96.53722,17.16466],[96.53713,17.16406],[96.53677,17.16432],[96.53695,17.16363],[96.53659,17.16372],[96.53659,17.16329],[96.53614,17.16329],[96.53587,17.16338],[96.53614,17.16363],[96.53605,17.16432],[96.53542,17.16423],[96.53587,17.16398],[96.53578,17.16363],[96.53515,17.16423],[96.53569,17.16483],[96.53551,17.16544],[96.53587,17.16544],[96.5356,17.16569],[96.53578,17.16629],[96.53515,17.16655],[96.53426,17.16638],[96.53399,17.16664],[96.53417,17.16689],[96.53453,17.16672],[96.53471,17.16715],[96.53498,17.16698],[96.53498,17.16741],[96.53542,17.16715],[96.53533,17.16681],[96.53596,17.16715],[96.53605,17.16672],[96.53623,17.16698],[96.5365,17.16672],[96.53677,17.16707],[96.53659,17.16621],[96.53695,17.16578],[96.53695,17.16561]]],[[[96.57791,17.16638],[96.57765,17.16638],[96.57773,17.16604],[96.57791,17.16638],[96.57791,17.16492],[96.57729,17.16492],[96.57756,17.16466],[96.5772,17.16458],[96.57738,17.16415],[96.57684,17.16389],[96.57738,17.16346],[96.57684,17.16303],[96.57621,17.16526],[96.57684,17.16526],[96.57657,17.16561],[96.57738,17.16655],[96.57729,17.16741],[96.57809,17.16707],[96.578,17.16638],[96.57791,17.16638]]],[[[96.58232,17.16732],[96.58232,17.16629],[96.58268,17.16621],[96.5825,17.16595],[96.58169,17.16638],[96.58196,17.16664],[96.5816,17.16681],[96.58241,17.16732],[96.58232,17.16732]]],[[[96.84804,17.16655],[96.84777,17.16681],[96.84777,17.16647],[96.84813,17.16638],[96.84741,17.16604],[96.84759,17.16569],[96.84732,17.16586],[96.84777,17.16552],[96.84746,17.16535],[96.84723,17.16561],[96.84696,17.16526],[96.84714,17.16586],[96.84687,17.16595],[96.84669,17.16492],[96.84642,17.16501],[96.84696,17.16629],[96.84678,17.16655],[96.84741,17.16672],[96.84705,17.16689],[96.84732,17.1675],[96.84768,17.16732],[96.84759,17.16689],[96.84804,17.16715],[96.84813,17.16655],[96.84804,17.16655]]],[[[96.54153,17.16767],[96.54189,17.16664],[96.54162,17.16672],[96.54135,17.16629],[96.54135,17.16689],[96.5409,17.16689],[96.54108,17.16724],[96.54153,17.16724],[96.54144,17.16767],[96.54153,17.16767]]],[[[96.6028,17.16689],[96.60199,17.16715],[96.60208,17.16689],[96.6028,17.16689],[96.60262,17.16655],[96.60316,17.16655],[96.60325,17.16629],[96.6028,17.16595],[96.60298,17.16629],[96.60253,17.16647],[96.60262,17.16561],[96.60154,17.16509],[96.60154,17.16535],[96.60199,17.16526],[96.60163,17.16578],[96.60127,17.16561],[96.60154,17.16612],[96.60199,17.16595],[96.60208,17.16552],[96.60244,17.16561],[96.6019,17.16612],[96.60235,17.16604],[96.6019,17.16647],[96.60235,17.16664],[96.60172,17.16681],[96.6019,17.16741],[96.60235,17.16767],[96.60217,17.16732],[96.60253,17.16724],[96.60262,17.16767],[96.60289,17.16689],[96.6028,17.16689]]],[[[96.59894,17.16466],[96.59938,17.16372],[96.59911,17.16329],[96.59876,17.16312],[96.5984,17.16372],[96.5984,17.16329],[96.59813,17.16329],[96.59858,17.1632],[96.59831,17.16269],[96.59732,17.16329],[96.5975,17.16277],[96.59795,17.16286],[96.59795,17.16226],[96.59732,17.16217],[96.59768,17.1626],[96.59714,17.16277],[96.59714,17.16312],[96.59678,17.16303],[96.59687,17.16252],[96.59651,17.16243],[96.59642,17.16312],[96.59678,17.1632],[96.59678,17.1638],[96.59705,17.16363],[96.59678,17.16423],[96.59714,17.16398],[96.59741,17.16423],[96.59705,17.16501],[96.59687,17.16441],[96.59624,17.16449],[96.59606,17.16483],[96.59642,17.16492],[96.59606,17.16492],[96.59597,17.16535],[96.59696,17.16552],[96.59687,17.16595],[96.59723,17.16595],[96.59705,17.16664],[96.59669,17.16578],[96.59633,17.16612],[96.59678,17.16629],[96.59687,17.16689],[96.59732,17.16698],[96.59732,17.1675],[96.59768,17.16732],[96.59795,17.16784],[96.59885,17.16767],[96.59894,17.16741],[96.59831,17.16741],[96.59885,17.16689],[96.59759,17.16681],[96.59858,17.16612],[96.59831,17.16578],[96.59876,17.16552],[96.59876,17.16501],[96.59885,17.16578],[96.59929,17.16569],[96.59938,17.16483],[96.59903,17.16466],[96.59894,17.16466]]],[[[96.56848,17.16801],[96.56857,17.16732],[96.5692,17.16741],[96.56893,17.16732],[96.5692,17.16698],[96.56893,17.16672],[96.56938,17.16664],[96.56893,17.16638],[96.56857,17.16707],[96.56812,17.16707],[96.56803,17.16767],[96.5683,17.16801],[96.56848,17.16801]]],[[[96.60361,17.16801],[96.60397,17.16732],[96.60397,17.16672],[96.6037,17.16664],[96.60343,17.16664],[96.60352,17.16732],[96.60325,17.1675],[96.60343,17.16801],[96.60361,17.16801]]],[[[96.83717,17.16801],[96.83735,17.16732],[96.83771,17.16715],[96.83726,17.16698],[96.8378,17.16638],[96.83762,17.16595],[96.83717,17.16595],[96.83744,17.16647],[96.83717,17.16629],[96.83726,17.16672],[96.83699,17.16681],[96.83708,17.16801],[96.83717,17.16801]]],[[[96.5303,17.16664],[96.53021,17.16707],[96.52985,17.16698],[96.52994,17.16629],[96.53003,17.16672],[96.53039,17.16638],[96.53021,17.16586],[96.52869,17.16604],[96.52914,17.1681],[96.52959,17.16818],[96.52968,17.16758],[96.53066,17.16741],[96.53084,17.16767],[96.53138,17.16732],[96.53066,17.16724],[96.53111,17.16698],[96.53102,17.16638],[96.53057,17.16664],[96.5303,17.16664]]],[[[96.55788,17.1681],[96.55806,17.16775],[96.55779,17.1675],[96.55815,17.16707],[96.55779,17.16724],[96.55761,17.16681],[96.55716,17.16689],[96.5577,17.16818],[96.55797,17.1681],[96.55788,17.1681]]],[[[96.56192,17.16792],[96.5621,17.16767],[96.56174,17.16741],[96.5621,17.16715],[96.56228,17.16767],[96.56219,17.16724],[96.56273,17.16707],[96.56192,17.16707],[96.56201,17.16672],[96.56094,17.16698],[96.56094,17.16801],[96.56201,17.16818],[96.56201,17.16792],[96.56192,17.16792]]],[[[96.61241,17.1675],[96.61259,17.16732],[96.61214,17.16758],[96.61214,17.16861],[96.61268,17.16853],[96.6125,17.16818],[96.61295,17.16784],[96.6125,17.16801],[96.61277,17.16741],[96.61232,17.16681],[96.61205,17.16724],[96.61241,17.16741],[96.61241,17.1675]]],[[[96.52851,17.16878],[96.52842,17.16767],[96.5277,17.16767],[96.52824,17.16835],[96.52743,17.16835],[96.52725,17.1681],[96.52716,17.16844],[96.52788,17.16878],[96.52824,17.16853],[96.52842,17.16878],[96.52851,17.16878]]],[[[96.55088,17.16724],[96.55052,17.16672],[96.54962,17.16672],[96.5498,17.16724],[96.55061,17.16758],[96.55114,17.16887],[96.55132,17.16853],[96.55079,17.16784],[96.55088,17.16732],[96.55088,17.16724]]],[[[96.59435,17.16895],[96.59453,17.16724],[96.59328,17.16732],[96.59328,17.16853],[96.59399,17.16835],[96.59417,17.16895],[96.59435,17.16895]]],[[[96.58097,17.16604],[96.5807,17.16578],[96.58079,17.16647],[96.58025,17.16689],[96.58052,17.16655],[96.58043,17.16483],[96.57971,17.16501],[96.57971,17.16432],[96.58034,17.16449],[96.58052,17.16406],[96.5798,17.16338],[96.5798,17.16398],[96.57935,17.16406],[96.57944,17.16338],[96.57899,17.16338],[96.57917,17.16398],[96.57872,17.16432],[96.57881,17.16483],[96.57854,17.16483],[96.57872,17.16526],[96.57827,17.16501],[96.57845,17.16535],[96.57818,17.16535],[96.57809,17.16578],[96.57854,17.16595],[96.57872,17.16544],[96.57926,17.16664],[96.57854,17.16715],[96.57863,17.16664],[96.57827,17.16647],[96.57827,17.16707],[96.57845,17.16732],[96.57908,17.16715],[96.57863,17.16741],[96.57944,17.1675],[96.57953,17.16775],[96.57962,17.1675],[96.58007,17.16767],[96.58025,17.16715],[96.57998,17.16707],[96.58043,17.16698],[96.58034,17.16767],[96.58061,17.16758],[96.58052,17.1681],[96.58097,17.16827],[96.58106,17.16921],[96.58142,17.16878],[96.58142,17.16913],[96.58178,17.16913],[96.58178,17.16818],[96.58142,17.16792],[96.58205,17.16801],[96.58187,17.16724],[96.58106,17.16724],[96.5816,17.16672],[96.58133,17.16604],[96.58097,17.16604]]],[[[96.836,17.16844],[96.83591,17.16818],[96.83618,17.16878],[96.83627,17.16844],[96.83663,17.16853],[96.83618,17.16827],[96.83618,17.16758],[96.83573,17.16861],[96.83501,17.16895],[96.83555,17.16921],[96.836,17.16861],[96.836,17.16844]]],[[[96.53641,17.1693],[96.5365,17.16887],[96.53614,17.16844],[96.53659,17.16818],[96.5365,17.16792],[96.53605,17.16792],[96.53578,17.1675],[96.53569,17.16775],[96.53515,17.16758],[96.53542,17.16861],[96.53578,17.16861],[96.53623,17.1693],[96.53641,17.1693]]],[[[96.84346,17.16853],[96.84373,17.16853],[96.84373,17.16792],[96.84445,17.16784],[96.84471,17.16732],[96.84453,17.16698],[96.84427,17.16689],[96.84427,17.16724],[96.84292,17.16784],[96.84247,17.16767],[96.84211,17.1681],[96.84175,17.16792],[96.84166,17.16732],[96.8413,17.1675],[96.84139,17.16775],[96.84094,17.16775],[96.84085,17.1675],[96.84121,17.16741],[96.84067,17.16664],[96.84058,17.16767],[96.83995,17.16835],[96.84022,17.1687],[96.83995,17.16947],[96.84076,17.16887],[96.84148,17.16878],[96.84229,17.16878],[96.84238,17.16921],[96.84274,17.16904],[96.84301,17.16938],[96.84364,17.1693],[96.84373,17.16887],[96.84328,17.16887],[96.84346,17.1687],[96.84346,17.16853]]],[[[96.77078,17.16921],[96.77177,17.16887],[96.76962,17.16904],[96.76997,17.16913],[96.76988,17.16947],[96.77051,17.16913],[96.77087,17.16956],[96.77078,17.1693],[96.77078,17.16921]]],[[[96.60495,17.16741],[96.60531,17.16758],[96.60513,17.16827],[96.6054,17.16801],[96.60567,17.16878],[96.6063,17.16904],[96.60594,17.1693],[96.60684,17.16964],[96.60729,17.16835],[96.60684,17.16801],[96.6063,17.1681],[96.60603,17.16758],[96.60567,17.16801],[96.60576,17.16741],[96.6054,17.16715],[96.60504,17.16732],[96.60495,17.16689],[96.60459,17.16715],[96.60433,17.16681],[96.60424,17.16767],[96.60495,17.16767],[96.60495,17.16741]]],[[[96.54396,17.16784],[96.54333,17.16707],[96.5436,17.16835],[96.54405,17.16878],[96.54387,17.16895],[96.54351,17.16853],[96.54387,17.16973],[96.54396,17.16947],[96.54432,17.16964],[96.54441,17.16904],[96.54396,17.16818],[96.54468,17.16758],[96.54414,17.16741],[96.54396,17.16775],[96.54396,17.16784]]],[[[96.83322,17.16973],[96.83376,17.16938],[96.8334,17.16878],[96.83367,17.16878],[96.83376,17.16792],[96.83349,17.16784],[96.83376,17.16775],[96.83384,17.16707],[96.8334,17.16595],[96.83349,17.16724],[96.83322,17.16741],[96.83367,17.1675],[96.83322,17.16784],[96.83331,17.16904],[96.83286,17.16904],[96.83313,17.16921],[96.83286,17.16973],[96.83322,17.16973]]],[[[96.84786,17.16853],[96.84804,17.16818],[96.84768,17.1681],[96.84705,17.16973],[96.84732,17.16973],[96.84732,17.1693],[96.84759,17.16938],[96.84786,17.16861],[96.84786,17.16853]]],[[[96.58995,17.16895],[96.58977,17.16913],[96.58986,17.16878],[96.58932,17.16878],[96.58941,17.16921],[96.58896,17.1693],[96.58887,17.16904],[96.58887,17.16947],[96.58851,17.16964],[96.59022,17.16973],[96.5904,17.16921],[96.59013,17.16895],[96.58995,17.16895]]],[[[96.60792,17.16938],[96.60828,17.16938],[96.60837,17.16895],[96.60729,17.16921],[96.6072,17.16964],[96.60792,17.17007],[96.60792,17.16947],[96.60792,17.16938]]],[[[96.53722,17.16981],[96.53767,17.17024],[96.53848,17.16998],[96.53821,17.16938],[96.53722,17.16964],[96.53722,17.16981]]],[[[96.54872,17.16698],[96.54881,17.16732],[96.54845,17.16724],[96.54872,17.16707],[96.54845,17.16698],[96.54845,17.16638],[96.548,17.16647],[96.54845,17.16621],[96.54827,17.16518],[96.54782,17.16552],[96.54737,17.16501],[96.54746,17.16621],[96.54737,17.16647],[96.54701,17.16638],[96.54701,17.16672],[96.54737,17.16655],[96.54746,17.16698],[96.54836,17.16724],[96.54791,17.16732],[96.54791,17.16767],[96.54728,17.16741],[96.54755,17.16904],[96.54683,17.16921],[96.54683,17.16981],[96.54782,17.16964],[96.54782,17.17007],[96.54845,17.17024],[96.54899,17.16973],[96.54854,17.16947],[96.54881,17.16921],[96.54827,17.16913],[96.54836,17.16947],[96.54809,17.16921],[96.54845,17.16844],[96.54863,17.16904],[96.54872,17.16861],[96.54953,17.1687],[96.54935,17.16827],[96.54989,17.16844],[96.54971,17.1681],[96.55007,17.16784],[96.54962,17.16775],[96.54935,17.16792],[96.54953,17.16818],[96.54881,17.16818],[96.54863,17.16767],[96.54953,17.16775],[96.54962,17.16741],[96.54863,17.16758],[96.54899,17.16732],[96.54899,17.16681],[96.54935,17.16698],[96.54944,17.16664],[96.54872,17.16681],[96.54872,17.16698]]],[[[96.61178,17.16973],[96.61187,17.16947],[96.61178,17.16981],[96.61223,17.16981],[96.61214,17.1693],[96.61124,17.16913],[96.61088,17.16973],[96.61106,17.16904],[96.6107,17.16904],[96.61061,17.17016],[96.61142,17.17016],[96.6116,17.16973],[96.61178,17.16973]]],[[[96.59157,17.17041],[96.59193,17.1699],[96.59238,17.17016],[96.59238,17.16981],[96.59265,17.16981],[96.59256,17.1693],[96.59283,17.16938],[96.59292,17.16904],[96.59256,17.16861],[96.59211,17.16861],[96.59247,17.16964],[96.59112,17.16998],[96.59139,17.17041],[96.59157,17.17041]]],[[[96.60855,17.17016],[96.60909,17.16998],[96.60909,17.17041],[96.60936,17.17033],[96.60927,17.16956],[96.60891,17.16973],[96.60846,17.16947],[96.60855,17.16998],[96.60855,17.17016]]],[[[96.5648,17.17041],[96.56471,17.17016],[96.56525,17.16973],[96.56516,17.16913],[96.56543,17.16904],[96.56489,17.16861],[96.56471,17.16878],[96.56471,17.16853],[96.56435,17.16861],[96.56453,17.1693],[96.56318,17.16956],[96.563,17.17016],[96.56264,17.17007],[96.56291,17.1699],[96.56237,17.1699],[96.56246,17.17033],[96.56489,17.17041],[96.5648,17.17041]]],[[[96.61861,17.16973],[96.61861,17.17033],[96.61906,17.17016],[96.61897,17.17041],[96.61933,17.1705],[96.61924,17.16947],[96.61807,17.16921],[96.61807,17.16998],[96.61852,17.16973],[96.61861,17.16973]]],[[[96.83672,17.16956],[96.83699,17.16878],[96.83726,17.16878],[96.83663,17.17016],[96.83713,17.1705],[96.83749,17.16986],[96.83807,17.17007],[96.83735,17.16947],[96.83789,17.16895],[96.83735,17.1687],[96.83762,17.16844],[96.83708,17.16835],[96.83717,17.16861],[96.83663,17.16895],[96.83663,17.16956],[96.83672,17.16956]]],[[[96.60666,17.17059],[96.60693,17.17016],[96.6063,17.17016],[96.60639,17.16973],[96.60585,17.16956],[96.60594,17.1705],[96.60639,17.17024],[96.60639,17.17059],[96.60666,17.17059]]],[[[96.5401,17.17016],[96.5401,17.17076],[96.54063,17.17024],[96.54144,17.17024],[96.5409,17.17007],[96.54081,17.16973],[96.5401,17.16998],[96.5401,17.17016]]],[[[96.52869,17.17084],[96.52932,17.17067],[96.52905,17.17016],[96.52976,17.17016],[96.52994,17.16981],[96.52914,17.16981],[96.52887,17.17041],[96.52887,17.16998],[96.52824,17.16998],[96.52833,17.17041],[96.52788,17.17007],[96.52761,17.17041],[96.52824,17.17067],[96.52851,17.17041],[96.5286,17.17084],[96.52869,17.17084]]],[[[96.54845,17.17024],[96.54773,17.17067],[96.5489,17.17076],[96.54926,17.1705],[96.54989,17.17093],[96.55016,17.1705],[96.54881,17.17059],[96.54854,17.17024],[96.54845,17.17024]]],[[[96.69784,17.17127],[96.69856,17.17093],[96.69829,17.1705],[96.69757,17.17041],[96.69757,17.17093],[96.69703,17.17084],[96.69694,17.17127],[96.69793,17.17127],[96.69784,17.17127]]],[[[96.56157,17.17144],[96.56192,17.17127],[96.56148,17.17084],[96.56192,17.17076],[96.56183,17.17033],[96.56166,17.17059],[96.5613,17.1705],[96.56148,17.17033],[96.56112,17.1705],[96.56139,17.17144],[96.56157,17.17144]]],[[[96.78075,17.17127],[96.78093,17.17162],[96.78102,17.17127],[96.78174,17.1711],[96.78129,17.17093],[96.78129,17.17007],[96.78147,17.17041],[96.78174,17.17007],[96.78138,17.1693],[96.7812,17.16981],[96.78084,17.16981],[96.78102,17.17033],[96.78048,17.17016],[96.78057,17.16947],[96.77968,17.16956],[96.7795,17.1699],[96.78013,17.17007],[96.78013,17.17084],[96.77977,17.17136],[96.7804,17.17162],[96.78066,17.17127],[96.78075,17.17127]]],[[[96.82953,17.16981],[96.82917,17.16956],[96.82971,17.16981],[96.82971,17.16956],[96.83007,17.16973],[96.83079,17.16921],[96.83106,17.17024],[96.83124,17.16973],[96.83178,17.16981],[96.83178,17.16956],[96.83151,17.16973],[96.83151,17.16878],[96.83106,17.16861],[96.83106,17.16672],[96.83079,17.16629],[96.83034,17.16638],[96.83007,17.16561],[96.8298,17.16561],[96.83007,17.16509],[96.83025,17.16544],[96.8307,17.16518],[96.8307,17.16569],[96.83133,17.16544],[96.83034,17.16492],[96.82926,17.16483],[96.82962,17.16432],[96.82819,17.16406],[96.82837,17.16441],[96.82765,17.16441],[96.82765,17.16466],[96.82828,17.16458],[96.82837,17.16501],[96.82881,17.16501],[96.82881,17.16552],[96.82926,17.16544],[96.82926,17.16569],[96.82881,17.16561],[96.8289,17.16595],[96.82917,17.16647],[96.8298,17.16621],[96.82976,17.16689],[96.83039,17.16761],[96.83075,17.16905],[96.83066,17.16932],[96.82922,17.1695],[96.82913,17.16797],[96.82905,17.1677],[96.82881,17.16784],[96.82899,17.16844],[96.82846,17.16895],[96.82899,17.16887],[96.82872,17.16913],[96.82908,17.16947],[96.82908,17.17033],[96.82863,17.1705],[96.8289,17.17084],[96.82872,17.17127],[96.8289,17.17153],[96.82926,17.17136],[96.82926,17.1717],[96.82953,17.17144],[96.83052,17.17153],[96.82998,17.17127],[96.82998,17.17093],[96.82917,17.17093],[96.82917,17.17067],[96.82962,17.17076],[96.82953,17.17016],[96.82926,17.17016],[96.82953,17.16998],[96.82953,17.16981]]],[[[96.5931,17.17093],[96.59337,17.17127],[96.5931,17.17093],[96.59274,17.17119],[96.59301,17.17084],[96.59274,17.17024],[96.59238,17.1705],[96.59247,17.17136],[96.59166,17.17119],[96.59166,17.17144],[96.59238,17.17144],[96.59247,17.17179],[96.59247,17.17144],[96.59283,17.17136],[96.59301,17.1717],[96.59301,17.17127],[96.59346,17.17136],[96.59346,17.17101],[96.59417,17.1711],[96.59399,17.17076],[96.59426,17.1705],[96.59381,17.1705],[96.59355,17.16998],[96.59301,17.16998],[96.59346,17.17007],[96.5931,17.17076],[96.5931,17.17093]]],[[[96.74842,17.17093],[96.74797,17.17093],[96.74725,17.17179],[96.74779,17.17153],[96.74824,17.17179],[96.74877,17.17136],[96.74913,17.1717],[96.74994,17.17153],[96.74967,17.1711],[96.74833,17.17127],[96.74842,17.17101],[96.74842,17.17093]]],[[[96.57845,17.16998],[96.578,17.16998],[96.57809,17.17033],[96.57773,17.17041],[96.57756,17.16956],[96.57845,17.16998],[96.5798,17.16981],[96.5798,17.17016],[96.58007,17.16964],[96.58052,17.1699],[96.58061,17.16904],[96.58016,17.16895],[96.57998,17.16921],[96.57989,17.16895],[96.58025,17.16861],[96.58016,17.16792],[96.57953,17.16792],[96.57917,17.16758],[96.57863,17.16784],[96.57818,17.16767],[96.57827,17.16801],[96.57926,17.16792],[96.57926,17.16895],[96.57953,17.16921],[96.57899,17.1693],[96.57899,17.16895],[96.57854,17.1687],[96.57782,17.16878],[96.57773,17.1693],[96.5772,17.16904],[96.57639,17.16956],[96.57648,17.1699],[96.57729,17.16964],[96.57711,17.16981],[96.57738,17.17016],[96.57693,17.17059],[96.57693,17.1711],[96.57738,17.17179],[96.578,17.17187],[96.578,17.17076],[96.57872,17.17076],[96.57845,17.17007],[96.57845,17.16998]]],[[[96.60972,17.1717],[96.60998,17.17222],[96.6107,17.17196],[96.61007,17.1717],[96.61007,17.17144],[96.61061,17.17162],[96.61052,17.17136],[96.60972,17.17101],[96.60909,17.17136],[96.60945,17.1717],[96.60972,17.1717]]],[[[96.83474,17.1717],[96.83501,17.17136],[96.83447,17.17119],[96.83447,17.17196],[96.83492,17.17213],[96.83528,17.17187],[96.8351,17.17213],[96.83537,17.17222],[96.83582,17.17144],[96.83483,17.1717],[96.83474,17.1717]]],[[[96.5551,17.17024],[96.55555,17.17033],[96.55582,17.16981],[96.55591,17.17033],[96.55555,17.17033],[96.55528,17.17093],[96.55671,17.17084],[96.5568,17.17041],[96.55636,17.16981],[96.55716,17.17007],[96.55734,17.16956],[96.55653,17.16947],[96.55653,17.16981],[96.55636,17.16921],[96.556,17.16921],[96.556,17.16964],[96.55573,17.16913],[96.55537,17.16938],[96.5551,17.16904],[96.55492,17.16947],[96.55447,17.16904],[96.55465,17.16956],[96.55429,17.16973],[96.55483,17.1699],[96.55483,17.17033],[96.55348,17.17033],[96.55366,17.17093],[96.55411,17.17076],[96.55411,17.1711],[96.55339,17.17101],[96.55348,17.17016],[96.55267,17.16981],[96.5524,17.17033],[96.55204,17.17024],[96.55231,17.17059],[96.55213,17.1711],[96.55231,17.17084],[96.55249,17.17144],[96.55258,17.17084],[96.55321,17.1711],[96.55294,17.1717],[96.55348,17.1717],[96.55285,17.17187],[96.55294,17.17222],[96.5533,17.1723],[96.5533,17.17196],[96.55402,17.17213],[96.55438,17.17187],[96.55429,17.17101],[96.55474,17.17101],[96.55465,17.17059],[96.55501,17.17067],[96.5551,17.17033],[96.5551,17.17024]]],[[[96.54755,17.1723],[96.54746,17.17187],[96.54719,17.17204],[96.5471,17.17179],[96.54863,17.17179],[96.54872,17.17144],[96.54827,17.17127],[96.54809,17.17153],[96.54764,17.17136],[96.54692,17.17162],[96.54683,17.17247],[96.54737,17.17256],[96.54737,17.1723],[96.54755,17.1723]]],[[[96.87463,17.17265],[96.87472,17.17187],[96.87508,17.17179],[96.87499,17.17144],[96.87463,17.17162],[96.87499,17.17127],[96.87499,17.17067],[96.87445,17.17067],[96.87436,17.17033],[96.87427,17.17067],[96.87472,17.1711],[96.87427,17.17265],[96.87463,17.17265]]],[[[96.61349,17.1729],[96.61331,17.17239],[96.61376,17.1723],[96.61358,17.17187],[96.61394,17.17162],[96.61286,17.17162],[96.61313,17.17196],[96.61295,17.17222],[96.61223,17.17196],[96.61223,17.17239],[96.61241,17.17213],[96.61304,17.1723],[96.6134,17.1729],[96.61349,17.1729]]],[[[96.84651,17.17307],[96.84633,17.17256],[96.84714,17.1711],[96.84696,17.17084],[96.84642,17.17119],[96.84624,17.17222],[96.84615,17.17153],[96.84597,17.17247],[96.8457,17.17247],[96.84624,17.17265],[96.84615,17.17307],[96.84651,17.17307]]],[[[96.83816,17.17067],[96.83749,17.17309],[96.83798,17.17256],[96.83807,17.17187],[96.83852,17.17179],[96.83825,17.1717],[96.83852,17.17144],[96.83816,17.17127],[96.83816,17.17084],[96.83816,17.17067]]],[[[96.69559,17.1723],[96.69541,17.17187],[96.69488,17.17204],[96.69523,17.17239],[96.69523,17.17325],[96.69559,17.17325],[96.6955,17.1729],[96.69586,17.17265],[96.69559,17.17247],[96.69559,17.1723]]],[[[96.70745,17.17256],[96.70718,17.17239],[96.70772,17.17239],[96.70709,17.17222],[96.70682,17.1729],[96.70736,17.17325],[96.70763,17.1729],[96.70826,17.17307],[96.70799,17.17265],[96.70727,17.17282],[96.70745,17.17265],[96.70745,17.17256]]],[[[96.78857,17.17256],[96.78956,17.17273],[96.78911,17.17325],[96.78974,17.17307],[96.78983,17.17273],[96.78956,17.17265],[96.78965,17.17222],[96.7892,17.17213],[96.78929,17.17179],[96.78875,17.17222],[96.78812,17.17187],[96.78821,17.17265],[96.78857,17.17282],[96.78857,17.17256]]],[[[96.78704,17.17256],[96.78704,17.17325],[96.78785,17.17307],[96.78749,17.17247],[96.78704,17.17239],[96.78704,17.17256]]],[[[96.84049,17.17342],[96.84085,17.17247],[96.8413,17.17273],[96.84148,17.17213],[96.84175,17.17247],[96.84211,17.17222],[96.84166,17.17204],[96.84157,17.17153],[96.84121,17.17153],[96.84139,17.17101],[96.84094,17.17101],[96.84076,17.17136],[96.84076,17.17076],[96.8404,17.1705],[96.84103,17.17024],[96.84058,17.17016],[96.8404,17.16964],[96.83941,17.16947],[96.83932,17.17007],[96.83959,17.17024],[96.83906,17.17016],[96.83897,17.17067],[96.83941,17.17059],[96.83906,17.1711],[96.84013,17.17101],[96.83986,17.17179],[96.84022,17.17162],[96.84013,17.17204],[96.84067,17.17204],[96.8404,17.17222],[96.8404,17.17342],[96.84049,17.17342]]],[[[96.58663,17.17333],[96.58708,17.1729],[96.58717,17.17213],[96.58636,17.17204],[96.58627,17.1729],[96.58654,17.1735],[96.58681,17.17333],[96.58663,17.17333]]],[[[96.54971,17.17316],[96.55034,17.17316],[96.55034,17.17368],[96.55079,17.17307],[96.55043,17.17282],[96.55088,17.1729],[96.55097,17.17247],[96.55123,17.17256],[96.55105,17.17204],[96.5507,17.17196],[96.55079,17.17256],[96.55025,17.17247],[96.55007,17.17265],[96.55034,17.17282],[96.54998,17.17273],[96.54971,17.17307],[96.54971,17.17316]]],[[[96.82846,17.17265],[96.82863,17.17247],[96.82828,17.17316],[96.82872,17.17282],[96.8289,17.17368],[96.82962,17.17376],[96.8298,17.1735],[96.83007,17.17393],[96.83043,17.1735],[96.8307,17.17402],[96.83079,17.17368],[96.8298,17.1729],[96.82953,17.1723],[96.8289,17.17213],[96.82828,17.17247],[96.82819,17.17222],[96.82783,17.17256],[96.82774,17.17222],[96.82783,17.17265],[96.82846,17.17265]]],[[[96.5259,17.17428],[96.52671,17.17402],[96.5268,17.17368],[96.52716,17.17385],[96.52716,17.17359],[96.52671,17.17359],[96.52671,17.17333],[96.52617,17.17359],[96.52617,17.17333],[96.52572,17.17325],[96.52572,17.17393],[96.52626,17.17368],[96.52581,17.17428],[96.5259,17.17428]]],[[[96.69937,17.17419],[96.69973,17.17419],[96.69946,17.17393],[96.69964,17.17342],[96.69937,17.1735],[96.69964,17.17307],[96.69919,17.17299],[96.69919,17.17265],[96.69901,17.17307],[96.69928,17.17359],[96.69892,17.17402],[96.6991,17.17436],[96.69937,17.17428],[96.69937,17.17419]]],[[[96.71167,17.17445],[96.71212,17.1735],[96.71122,17.17325],[96.7114,17.17445],[96.71167,17.17445]]],[[[96.71509,17.17445],[96.71527,17.17419],[96.71491,17.1741],[96.71518,17.17359],[96.71473,17.17333],[96.71446,17.17342],[96.71437,17.17419],[96.71491,17.17445],[96.71509,17.17445]]],[[[96.54971,17.17316],[96.54944,17.17282],[96.54953,17.17307],[96.54908,17.1729],[96.5489,17.17333],[96.54908,17.17368],[96.54962,17.17333],[96.5498,17.17385],[96.54926,17.1741],[96.54962,17.17428],[96.54944,17.17462],[96.55007,17.17462],[96.54971,17.17325],[96.54971,17.17316]]],[[[96.56606,17.17187],[96.56615,17.17247],[96.56552,17.1723],[96.56543,17.17282],[96.56579,17.17307],[96.56606,17.1729],[96.56633,17.17342],[96.56669,17.17333],[96.5666,17.17453],[96.56704,17.17462],[96.56713,17.17393],[96.56678,17.17359],[96.56713,17.1735],[96.56687,17.17333],[96.56713,17.17256],[96.56615,17.17187],[96.56606,17.17187]]],[[[96.8731,17.17376],[96.87319,17.17402],[96.87283,17.17376],[96.87301,17.17462],[96.87337,17.17453],[96.87355,17.17359],[96.87391,17.17368],[96.87382,17.17299],[96.87427,17.17325],[96.87436,17.17273],[96.87382,17.17256],[96.87364,17.17333],[96.87319,17.17282],[96.8731,17.17368],[96.8731,17.17376]]],[[[96.54216,17.17376],[96.54243,17.1735],[96.54162,17.17299],[96.54324,17.17299],[96.5436,17.17265],[96.54378,17.1729],[96.54324,17.17299],[96.54315,17.1735],[96.54387,17.17385],[96.54405,17.17325],[96.54432,17.17342],[96.54378,17.17222],[96.54396,17.17179],[96.54486,17.17196],[96.5445,17.17127],[96.54477,17.17119],[96.54486,17.17153],[96.54513,17.17136],[96.54441,17.17101],[96.54477,17.17067],[96.54423,17.1705],[96.54423,17.17016],[96.54396,17.17016],[96.54405,17.17041],[96.54378,17.17007],[96.54342,17.17033],[96.54315,17.16998],[96.54252,17.17016],[96.5427,17.16973],[96.54225,17.16964],[96.54243,17.17119],[96.54225,17.17076],[96.54198,17.17067],[96.5418,17.17101],[96.54135,17.1705],[96.54099,17.17136],[96.54019,17.17127],[96.54072,17.17144],[96.54036,17.1717],[96.54072,17.17196],[96.54045,17.17204],[96.54054,17.17256],[96.5401,17.17213],[96.53956,17.17222],[96.53956,17.17256],[96.53875,17.17256],[96.53911,17.17307],[96.53893,17.17333],[96.53857,17.17307],[96.53857,17.1735],[96.53911,17.1735],[96.53938,17.17419],[96.53974,17.17436],[96.53974,17.17393],[96.54019,17.1741],[96.53974,17.17445],[96.54001,17.17471],[96.5409,17.17445],[96.5409,17.17419],[96.54144,17.17436],[96.54126,17.1741],[96.54189,17.17428],[96.54216,17.17385],[96.54216,17.17376]],[[96.54261,17.17265],[96.54261,17.1723],[96.54207,17.1723],[96.54189,17.17187],[96.54252,17.17204],[96.54225,17.1717],[96.54261,17.17101],[96.54315,17.17093],[96.54288,17.17119],[96.54324,17.17179],[96.54306,17.17222],[96.54351,17.17213],[96.54369,17.17239],[96.54279,17.17265],[96.54261,17.17265]]],[[[96.60217,17.17471],[96.60217,17.17359],[96.60181,17.17359],[96.60199,17.17325],[96.60154,17.17316],[96.6019,17.1741],[96.60163,17.17462],[96.60208,17.17471],[96.60217,17.17471]]],[[[96.69506,17.17428],[96.69532,17.17419],[96.69523,17.17462],[96.69568,17.17471],[96.69506,17.17316],[96.69434,17.17316],[96.69425,17.1729],[96.69425,17.17368],[96.69479,17.1741],[96.6947,17.17453],[96.69506,17.17436],[96.69506,17.17428]]],[[[96.83376,17.17471],[96.83358,17.17419],[96.8342,17.1741],[96.83429,17.17359],[96.83358,17.1735],[96.83358,17.17402],[96.83268,17.17419],[96.83349,17.17419],[96.83358,17.17471],[96.83376,17.17471]]],[[[96.56148,17.17479],[96.56148,17.17385],[96.56094,17.17393],[96.56067,17.17453],[96.56139,17.17479],[96.56148,17.17479]]],[[[96.59983,17.17393],[96.6001,17.17376],[96.60001,17.17333],[96.59938,17.17299],[96.59911,17.1735],[96.59894,17.17325],[96.59822,17.17385],[96.59768,17.17359],[96.59741,17.1741],[96.59768,17.17436],[96.59759,17.1741],[96.59795,17.17428],[96.59813,17.17402],[96.59831,17.17436],[96.59795,17.17488],[96.59822,17.17488],[96.59894,17.1741],[96.59938,17.17445],[96.59929,17.17471],[96.59965,17.17471],[96.60001,17.17393],[96.59983,17.17393]]],[[[96.55375,17.17445],[96.55447,17.17436],[96.55429,17.1735],[96.55375,17.17368],[96.55339,17.17333],[96.55258,17.17359],[96.55285,17.1741],[96.55303,17.17376],[96.5533,17.17402],[96.55303,17.17462],[96.55339,17.17471],[96.55321,17.17505],[96.55366,17.17505],[96.55375,17.17453],[96.55375,17.17445]]],[[[96.57845,17.17496],[96.57899,17.17471],[96.57881,17.17402],[96.578,17.1741],[96.57791,17.17359],[96.57756,17.17359],[96.57782,17.17385],[96.57756,17.17428],[96.57791,17.17436],[96.578,17.17496],[96.57854,17.17496],[96.57845,17.17496]]],[[[96.62175,17.17513],[96.62175,17.17393],[96.62148,17.17402],[96.62112,17.17359],[96.62067,17.17393],[96.6204,17.17376],[96.62058,17.17471],[96.62085,17.17488],[96.62103,17.1741],[96.62112,17.17513],[96.62121,17.17462],[96.62166,17.17513],[96.62175,17.17513]]],[[[96.55231,17.17522],[96.5524,17.17436],[96.55186,17.17428],[96.55186,17.17471],[96.55141,17.17505],[96.55222,17.17522],[96.55231,17.17522]]],[[[96.58079,17.17445],[96.5807,17.17471],[96.58097,17.17462],[96.58106,17.17496],[96.58169,17.17522],[96.58115,17.1741],[96.58061,17.17402],[96.58061,17.17445],[96.58079,17.17445]]],[[[96.61097,17.17522],[96.61106,17.17488],[96.6116,17.17513],[96.61205,17.17471],[96.61187,17.17445],[96.61214,17.17419],[96.61169,17.17419],[96.61178,17.17462],[96.61106,17.17445],[96.61097,17.17385],[96.61133,17.17393],[96.61151,17.17325],[96.61115,17.17359],[96.61052,17.17333],[96.60998,17.1735],[96.61016,17.17376],[96.60989,17.17402],[96.61061,17.1741],[96.6107,17.17522],[96.61097,17.17522]]],[[[96.62283,17.17445],[96.62247,17.17436],[96.6222,17.17513],[96.62274,17.17505],[96.62283,17.17531],[96.62328,17.17488],[96.62319,17.17453],[96.62346,17.17445],[96.62283,17.17419],[96.62283,17.17445]]],[[[96.57145,17.17488],[96.57145,17.17445],[96.57091,17.1741],[96.57118,17.17385],[96.57082,17.17376],[96.57055,17.1741],[96.57046,17.17333],[96.56965,17.17385],[96.56947,17.17273],[96.56893,17.17273],[96.56965,17.17222],[96.5692,17.17222],[96.56938,17.1717],[96.56911,17.17076],[96.56938,17.17041],[96.5683,17.17067],[96.56785,17.17041],[96.56794,17.17093],[96.56839,17.17093],[96.56857,17.17144],[96.56893,17.17136],[96.56893,17.17196],[96.56866,17.17187],[96.56821,17.17256],[96.56857,17.17273],[96.56875,17.17247],[96.56911,17.17307],[96.56902,17.17471],[96.56938,17.17462],[96.56911,17.17513],[96.57136,17.17539],[96.57154,17.17488],[96.57145,17.17488]]],[[[96.59103,17.17539],[96.59157,17.17462],[96.59103,17.17453],[96.59094,17.17479],[96.59094,17.17428],[96.59049,17.17376],[96.59184,17.17445],[96.59175,17.17385],[96.5922,17.1735],[96.59148,17.17359],[96.5913,17.17222],[96.59103,17.17273],[96.59058,17.17282],[96.59013,17.17385],[96.58932,17.17359],[96.58995,17.17419],[96.59076,17.17436],[96.59058,17.17471],[96.59094,17.17539],[96.59103,17.17539]]],[[[96.60998,17.17522],[96.61043,17.17513],[96.61043,17.17488],[96.60989,17.17479],[96.60972,17.17505],[96.60963,17.17393],[96.60927,17.17453],[96.60963,17.17539],[96.61016,17.17522],[96.60998,17.17522]]],[[[96.57729,17.17479],[96.57765,17.17471],[96.57729,17.17419],[96.57684,17.1741],[96.57657,17.17453],[96.57657,17.17385],[96.57738,17.17368],[96.57666,17.17368],[96.57666,17.17307],[96.57558,17.17282],[96.57558,17.17213],[96.57504,17.1723],[96.5754,17.17196],[96.57513,17.17119],[96.57468,17.17127],[96.57459,17.1717],[96.57495,17.17162],[96.57459,17.17196],[96.57468,17.1723],[96.5745,17.17187],[96.57396,17.1717],[96.57243,17.17204],[96.57199,17.17179],[96.5719,17.1711],[96.57243,17.17101],[96.57217,17.1711],[96.57235,17.1717],[96.57306,17.17119],[96.57288,17.17084],[96.57315,17.17084],[96.57315,17.17136],[96.57333,17.1711],[96.57378,17.17119],[96.57387,17.17059],[96.5745,17.17024],[96.5745,17.16998],[96.57423,17.17007],[96.57432,17.1693],[96.57342,17.1693],[96.57297,17.16973],[96.5727,17.16878],[96.57243,17.16895],[96.57208,17.16844],[96.57127,17.16853],[96.57226,17.16741],[96.57217,17.16655],[96.5719,17.16647],[96.57208,17.16732],[96.57154,17.16732],[96.5719,17.16698],[96.57154,17.16681],[96.57118,17.16698],[96.57118,17.16767],[96.57037,17.16775],[96.57037,17.16818],[96.57118,17.16818],[96.57109,17.16853],[96.57019,17.16878],[96.57028,17.16844],[96.56974,17.16835],[96.56947,17.16844],[96.56947,17.16895],[96.56893,17.16904],[96.56938,17.16835],[96.56902,17.16818],[96.5692,17.16844],[96.56875,17.16835],[96.56875,17.1687],[96.56821,17.16861],[96.56848,17.16904],[96.5683,17.16956],[96.56758,17.1693],[96.56803,17.17016],[96.56812,17.16981],[96.56884,17.16998],[96.56857,17.16956],[96.56938,17.16921],[96.56965,17.16921],[96.56956,17.16973],[96.56929,17.16947],[96.56893,17.16981],[96.57028,17.16973],[96.57028,17.16904],[96.57055,17.16895],[96.57046,17.16921],[96.57082,17.16921],[96.57046,17.16964],[96.57064,17.17007],[96.57064,17.16981],[96.57127,17.16981],[96.57118,17.16913],[96.57154,17.16921],[96.57118,17.1687],[96.57181,17.16887],[96.57199,17.16861],[96.57226,17.16895],[96.57208,17.16938],[96.57172,17.16921],[96.57181,17.16964],[96.57145,17.16947],[96.57145,17.17016],[96.57082,17.17007],[96.571,17.17033],[96.57046,17.17067],[96.57082,17.1711],[96.57154,17.17119],[96.57145,17.17153],[96.57091,17.17136],[96.57064,17.17162],[96.5719,17.17162],[96.57136,17.17273],[96.57199,17.17265],[96.57217,17.17213],[96.57235,17.17247],[96.5727,17.17247],[96.57279,17.17213],[96.57279,17.17239],[96.57324,17.17247],[96.57342,17.17204],[96.57369,17.17239],[96.57414,17.1723],[96.57423,17.17265],[96.57522,17.17265],[96.57495,17.17299],[96.57396,17.1729],[96.57522,17.17316],[96.57504,17.1741],[96.57549,17.1729],[96.57585,17.17299],[96.57567,17.1735],[96.57594,17.17342],[96.57594,17.17368],[96.57621,17.17316],[96.57648,17.17393],[96.5754,17.17402],[96.57648,17.17445],[96.57612,17.17471],[96.5763,17.17513],[96.57675,17.17471],[96.57675,17.17531],[96.57738,17.17522],[96.57765,17.17548],[96.57756,17.17488],[96.57729,17.17488],[96.57729,17.17479]]],[[[96.61951,17.17548],[96.61969,17.17505],[96.62005,17.17539],[96.61978,17.17479],[96.62023,17.17436],[96.61987,17.17393],[96.62014,17.17385],[96.62005,17.17342],[96.6196,17.17342],[96.61924,17.17428],[96.6187,17.17428],[96.61879,17.17453],[96.61798,17.17445],[96.61807,17.17531],[96.61942,17.17548],[96.61951,17.17548]]],[[[96.55986,17.17239],[96.55959,17.1729],[96.55995,17.17307],[96.55977,17.17342],[96.56013,17.17342],[96.56013,17.17376],[96.55977,17.17368],[96.55968,17.17419],[96.56004,17.17479],[96.56004,17.17565],[96.56049,17.17565],[96.56076,17.17522],[96.56049,17.17462],[96.56067,17.17419],[96.56004,17.17307],[96.56058,17.17282],[96.56022,17.1729],[96.56031,17.17222],[96.55986,17.17213],[96.55986,17.17239]]],[[[96.84948,17.17453],[96.84992,17.17393],[96.8501,17.17428],[96.85064,17.1741],[96.85082,17.1735],[96.85118,17.17368],[96.85127,17.17325],[96.85172,17.17316],[96.85127,17.17316],[96.85127,17.17273],[96.85028,17.17213],[96.85001,17.1723],[96.84992,17.1711],[96.84939,17.17101],[96.84912,17.1723],[96.84876,17.17222],[96.84939,17.17307],[96.84903,17.17385],[96.8493,17.17436],[96.84903,17.17453],[96.84885,17.17419],[96.84939,17.17582],[96.84983,17.17582],[96.85001,17.17548],[96.85001,17.17488],[96.84966,17.17453],[96.84948,17.17453]]],[[[96.69667,17.17591],[96.69676,17.17565],[96.69721,17.17573],[96.69712,17.17531],[96.69775,17.17513],[96.69766,17.17462],[96.69721,17.17479],[96.6973,17.17522],[96.69685,17.17505],[96.69658,17.17531],[96.69649,17.17591],[96.69667,17.17591]]],[[[96.80321,17.17582],[96.80276,17.17539],[96.80249,17.17556],[96.80169,17.17496],[96.80097,17.17488],[96.80276,17.17591],[96.8033,17.17582],[96.80321,17.17582]]],[[[96.58402,17.17599],[96.58429,17.17522],[96.58357,17.17479],[96.58339,17.17522],[96.58393,17.17599],[96.58402,17.17599]]],[[[96.70242,17.17445],[96.70161,17.17462],[96.70188,17.17548],[96.70233,17.17522],[96.70269,17.17573],[96.70323,17.17565],[96.70323,17.17608],[96.7035,17.17608],[96.70323,17.17548],[96.7035,17.17573],[96.70413,17.17565],[96.70377,17.17496],[96.70341,17.17488],[96.70341,17.17436],[96.70314,17.17445],[96.70314,17.17513],[96.7026,17.17471],[96.7026,17.17436],[96.70287,17.17445],[96.7026,17.17393],[96.70197,17.17385],[96.70242,17.17436],[96.70242,17.17445]]],[[[96.79908,17.17608],[96.79989,17.17556],[96.79926,17.17531],[96.79863,17.17573],[96.798,17.17531],[96.79818,17.17591],[96.79899,17.17608],[96.79908,17.17608]]],[[[96.8272,17.17616],[96.82729,17.17591],[96.82774,17.17608],[96.82738,17.17565],[96.82801,17.17556],[96.82819,17.17488],[96.82774,17.17488],[96.82801,17.17513],[96.8272,17.17539],[96.82729,17.17582],[96.82684,17.17565],[96.82675,17.17599],[96.82711,17.17616],[96.8272,17.17616]]],[[[96.7114,17.17599],[96.71113,17.17625],[96.71158,17.17642],[96.71176,17.17573],[96.71203,17.17608],[96.71248,17.17582],[96.71221,17.17539],[96.71158,17.17548],[96.71149,17.17513],[96.71078,17.17531],[96.71105,17.17548],[96.71096,17.17599],[96.71122,17.17582],[96.71113,17.17539],[96.7114,17.17573],[96.7114,17.17599]]],[[[96.83169,17.17608],[96.83187,17.17565],[96.83214,17.17616],[96.83241,17.17591],[96.83273,17.17624],[96.83336,17.17624],[96.83426,17.17552],[96.83542,17.1757],[96.83506,17.17408],[96.83587,17.17327],[96.83641,17.17318],[96.83623,17.17247],[96.836,17.17265],[96.83555,17.1723],[96.83564,17.17282],[96.83537,17.17282],[96.83555,17.17256],[96.83528,17.1723],[96.83501,17.17256],[96.8351,17.17213],[96.83447,17.17222],[96.83429,17.17282],[96.83456,17.17307],[96.8351,17.17273],[96.83456,17.17359],[96.83465,17.17393],[96.83438,17.17385],[96.83438,17.17488],[96.83384,17.17479],[96.8342,17.17505],[96.83393,17.17531],[96.83286,17.17496],[96.83259,17.17513],[96.83196,17.17445],[96.83151,17.17445],[96.83142,17.17471],[96.83214,17.17548],[96.83178,17.17539],[96.8316,17.17582],[96.83106,17.17573],[96.83088,17.17616],[96.83124,17.17599],[96.83106,17.17634],[96.83196,17.17642],[96.83187,17.17608],[96.83169,17.17608]]],[[[96.56031,17.17565],[96.56049,17.17651],[96.56157,17.17599],[96.56031,17.17573],[96.56031,17.17565]]],[[[96.56507,17.17599],[96.56507,17.17548],[96.56606,17.17573],[96.56597,17.17522],[96.56498,17.17539],[96.56534,17.17513],[96.5639,17.17513],[96.5639,17.17539],[96.56444,17.17556],[96.56435,17.17651],[96.56498,17.17642],[96.56525,17.17599],[96.56507,17.17599]]],[[[96.76791,17.17616],[96.76746,17.17651],[96.76755,17.17573],[96.76719,17.17565],[96.76701,17.17599],[96.76665,17.17591],[96.76665,17.17556],[96.76575,17.17573],[96.76584,17.17616],[96.7662,17.17591],[96.76692,17.17634],[96.76683,17.17659],[96.76809,17.17668],[96.76791,17.17625],[96.76791,17.17616]]],[[[96.53237,17.17591],[96.53255,17.17565],[96.53237,17.17599],[96.53291,17.17625],[96.53372,17.17573],[96.53408,17.17608],[96.53462,17.17565],[96.53291,17.17582],[96.53291,17.17471],[96.53228,17.17419],[96.53246,17.17316],[96.53219,17.17247],[96.53228,17.17213],[96.53282,17.17256],[96.533,17.1723],[96.53336,17.17247],[96.53336,17.17222],[96.53381,17.17222],[96.53381,17.17187],[96.53336,17.17213],[96.53309,17.17153],[96.5321,17.17162],[96.53192,17.17127],[96.53183,17.17153],[96.5312,17.17144],[96.53192,17.17093],[96.53192,17.17127],[96.533,17.17119],[96.53291,17.17067],[96.53255,17.17093],[96.53174,17.17076],[96.53246,17.17024],[96.53201,17.17007],[96.53174,17.17041],[96.53174,17.16998],[96.5312,17.16973],[96.53111,17.17016],[96.53066,17.1699],[96.53003,17.17024],[96.53039,17.17016],[96.53012,17.17084],[96.53102,17.17076],[96.53057,17.17119],[96.53102,17.17144],[96.53057,17.17144],[96.53057,17.17187],[96.53012,17.17153],[96.53012,17.17247],[96.52985,17.17239],[96.53021,17.17265],[96.52994,17.1729],[96.53003,17.17342],[96.52968,17.1729],[96.52932,17.17307],[96.52932,17.17247],[96.5286,17.17282],[96.52923,17.17282],[96.52994,17.1741],[96.53039,17.17419],[96.53021,17.17385],[96.53057,17.17385],[96.53057,17.1741],[96.53093,17.17393],[96.53066,17.17471],[96.5312,17.17445],[96.53138,17.17479],[96.53093,17.17471],[96.53102,17.17513],[96.53075,17.17522],[96.53111,17.17573],[96.53138,17.17565],[96.53129,17.17513],[96.53156,17.17548],[96.53093,17.17651],[96.53138,17.17634],[96.53156,17.17676],[96.53147,17.17599],[96.53183,17.17591],[96.53165,17.17616],[96.53192,17.17634],[96.53201,17.17591],[96.53228,17.17591],[96.53237,17.17591]]],[[[96.55932,17.17642],[96.55995,17.17582],[96.55977,17.17539],[96.55896,17.17539],[96.55905,17.17591],[96.55869,17.17556],[96.55824,17.17565],[96.55851,17.17616],[96.55869,17.17582],[96.55878,17.17659],[96.55914,17.17642],[96.5595,17.17676],[96.55941,17.17642],[96.55932,17.17642]]],[[[96.61942,17.17685],[96.6196,17.17608],[96.61924,17.17599],[96.61915,17.17642],[96.61861,17.17625],[96.61852,17.17591],[96.6178,17.17616],[96.61816,17.17651],[96.61897,17.17651],[96.61906,17.17685],[96.61942,17.17685]]],[[[96.57378,17.17625],[96.57351,17.17634],[96.57351,17.17573],[96.57378,17.17625],[96.5745,17.17625],[96.57495,17.17608],[96.57495,17.17556],[96.57423,17.17573],[96.57414,17.17548],[96.57315,17.17531],[96.57306,17.17573],[96.57288,17.17531],[96.57315,17.17513],[96.57261,17.17539],[96.5727,17.17591],[96.57306,17.17591],[96.57297,17.17616],[96.57261,17.17608],[96.57279,17.17668],[96.57342,17.17702],[96.57324,17.17651],[96.57378,17.17642],[96.57378,17.17625]]],[[[96.59525,17.17711],[96.59579,17.17694],[96.59579,17.17659],[96.59498,17.17634],[96.59444,17.17694],[96.59516,17.17711],[96.59525,17.17711]]],[[[96.5966,17.17719],[96.59687,17.17694],[96.59651,17.17685],[96.5966,17.17625],[96.59606,17.17616],[96.59606,17.17694],[96.59579,17.17711],[96.59651,17.17719],[96.5966,17.17719]]],[[[96.56642,17.17728],[96.56678,17.17719],[96.56651,17.17694],[96.56669,17.17608],[96.5657,17.17659],[96.56606,17.17685],[96.56597,17.17719],[96.56633,17.17728],[96.56642,17.17728]]],[[[96.57136,17.17539],[96.5692,17.17539],[96.56911,17.17591],[96.56947,17.17591],[96.56947,17.17651],[96.56974,17.17659],[96.56974,17.17634],[96.56974,17.17668],[96.57046,17.17694],[96.57055,17.17728],[96.57145,17.17728],[96.57145,17.17539],[96.57136,17.17539]]],[[[96.69604,17.17676],[96.69586,17.17694],[96.69604,17.17659],[96.69631,17.17668],[96.69613,17.17634],[96.69559,17.17625],[96.69514,17.17711],[96.6955,17.17702],[96.69559,17.17737],[96.69631,17.17737],[96.69631,17.17702],[96.69667,17.17728],[96.69694,17.17711],[96.69613,17.17676],[96.69604,17.17676]]],[[[96.55779,17.17745],[96.55923,17.17728],[96.55914,17.17668],[96.55869,17.17685],[96.55824,17.17634],[96.55797,17.17668],[96.55752,17.17642],[96.55743,17.17685],[96.5577,17.17668],[96.55806,17.17711],[96.55725,17.17711],[96.55779,17.17754],[96.55779,17.17745]]],[[[96.7759,17.17728],[96.77608,17.17668],[96.77563,17.17642],[96.77617,17.17625],[96.77608,17.17573],[96.77554,17.17573],[96.77492,17.17616],[96.77501,17.17702],[96.77536,17.17659],[96.7751,17.17625],[96.77536,17.17616],[96.77536,17.17694],[96.77572,17.17685],[96.77536,17.17711],[96.77545,17.17745],[96.77572,17.17737],[96.77554,17.17762],[96.77608,17.17762],[96.77599,17.17728],[96.7759,17.17728]]],[[[96.60765,17.17676],[96.6072,17.17685],[96.60675,17.17642],[96.60657,17.17771],[96.60684,17.17728],[96.60693,17.17779],[96.60774,17.17745],[96.60765,17.17642],[96.60765,17.17676]]],[[[96.61169,17.17745],[96.6116,17.17711],[96.61169,17.17745],[96.61205,17.17737],[96.61178,17.17754],[96.61196,17.17779],[96.61241,17.17762],[96.6125,17.17788],[96.61295,17.17702],[96.6125,17.17728],[96.61205,17.17702],[96.61205,17.17668],[96.61142,17.17702],[96.61151,17.17634],[96.61196,17.17642],[96.61151,17.17565],[96.61142,17.17591],[96.61088,17.17591],[96.61106,17.17651],[96.61079,17.17711],[96.61043,17.17685],[96.61007,17.17702],[96.61016,17.17728],[96.60954,17.17668],[96.60918,17.17711],[96.60954,17.17737],[96.60918,17.17737],[96.60927,17.17788],[96.61025,17.17745],[96.61079,17.17797],[96.61088,17.17745],[96.61142,17.17737],[96.61142,17.17797],[96.61214,17.1784],[96.61223,17.17805],[96.61151,17.17788],[96.61169,17.17754],[96.61169,17.17745]]],[[[96.58016,17.17822],[96.57989,17.17779],[96.58016,17.17771],[96.58034,17.17831],[96.58034,17.17771],[96.5807,17.17754],[96.57989,17.17737],[96.58043,17.17694],[96.57989,17.17659],[96.57944,17.17685],[96.57908,17.17668],[96.57872,17.17702],[96.57908,17.17771],[96.57881,17.17788],[96.5789,17.17848],[96.57944,17.17831],[96.57917,17.17762],[96.5798,17.17814],[96.57953,17.17814],[96.57953,17.17865],[96.58007,17.17822],[96.58016,17.17822]]],[[[96.5268,17.17453],[96.52698,17.17436],[96.52599,17.17453],[96.5259,17.17522],[96.52482,17.17488],[96.52464,17.17513],[96.52491,17.17531],[96.52446,17.17573],[96.52482,17.17582],[96.52446,17.17608],[96.52473,17.17625],[96.52536,17.17531],[96.52509,17.17625],[96.52545,17.17599],[96.52662,17.17625],[96.52644,17.17591],[96.5268,17.17548],[96.52689,17.17625],[96.52725,17.17625],[96.52716,17.17582],[96.52743,17.17582],[96.52743,17.17616],[96.52824,17.17616],[96.52815,17.17642],[96.52779,17.17634],[96.52779,17.17711],[96.52815,17.17711],[96.52824,17.17771],[96.52797,17.17797],[96.52824,17.17874],[96.52797,17.17891],[96.52833,17.17891],[96.52824,17.17822],[96.52878,17.17797],[96.52869,17.17728],[96.52905,17.17702],[96.52941,17.17728],[96.52985,17.17711],[96.52941,17.17668],[96.52941,17.17625],[96.52985,17.17625],[96.52932,17.17582],[96.52994,17.17582],[96.53048,17.17539],[96.5295,17.17556],[96.52941,17.17488],[96.52985,17.17462],[96.52941,17.17445],[96.52941,17.17471],[96.52896,17.17471],[96.52869,17.17359],[96.52824,17.17462],[96.52779,17.17445],[96.52779,17.17471],[96.52707,17.17479],[96.52698,17.17453],[96.5268,17.17453]]],[[[96.57585,17.17891],[96.57738,17.1784],[96.57729,17.17788],[96.57684,17.17762],[96.57684,17.17831],[96.57675,17.17788],[96.57639,17.17788],[96.57657,17.1784],[96.57603,17.17831],[96.57603,17.17805],[96.57549,17.1784],[96.5754,17.17797],[96.57378,17.1784],[96.57423,17.17865],[96.5754,17.1784],[96.57585,17.17865],[96.57576,17.17891],[96.57585,17.17891]]],[[[96.55429,17.17831],[96.55375,17.17822],[96.55384,17.17719],[96.55411,17.17719],[96.55375,17.17694],[96.5533,17.17771],[96.55339,17.17822],[96.55312,17.17831],[96.55321,17.17711],[96.55348,17.17719],[96.55384,17.17659],[96.55366,17.17616],[96.55339,17.17694],[96.55285,17.17719],[96.55258,17.17814],[96.55303,17.17822],[96.55294,17.17857],[96.55339,17.179],[96.55393,17.17891],[96.55375,17.17831],[96.55429,17.17857],[96.55429,17.17831]]],[[[96.71024,17.179],[96.71006,17.17779],[96.71051,17.17762],[96.7097,17.17745],[96.7097,17.179],[96.71006,17.179],[96.71024,17.179]]],[[[96.56318,17.17908],[96.56399,17.17865],[96.56345,17.17882],[96.56336,17.17848],[96.56282,17.17857],[96.56264,17.17831],[96.56264,17.17908],[96.563,17.17908],[96.56318,17.17908]]],[[[96.5242,17.17754],[96.52411,17.17779],[96.5242,17.17745],[96.52375,17.17737],[96.52375,17.17805],[96.525,17.17822],[96.525,17.17848],[96.52393,17.17831],[96.52357,17.17908],[96.52411,17.17891],[96.5242,17.17857],[96.52429,17.17882],[96.52473,17.17874],[96.52437,17.17882],[96.52455,17.17917],[96.52626,17.17882],[96.52599,17.17865],[96.52608,17.17805],[96.52581,17.17805],[96.52626,17.17779],[96.52617,17.17728],[96.52509,17.17728],[96.52509,17.17771],[96.52455,17.17711],[96.52429,17.17754],[96.5242,17.17754]]],[[[96.61142,17.17797],[96.61088,17.17788],[96.61043,17.17822],[96.61025,17.17917],[96.61088,17.17917],[96.61097,17.17882],[96.6107,17.17874],[96.61106,17.17848],[96.61079,17.17814],[96.61142,17.17805],[96.61142,17.17797]]],[[[96.61591,17.17822],[96.61618,17.17831],[96.61618,17.17762],[96.61573,17.17702],[96.61537,17.17711],[96.61555,17.17737],[96.6151,17.17779],[96.61502,17.17925],[96.61555,17.17891],[96.61528,17.17857],[96.61546,17.17822],[96.61591,17.17822]]],[[[96.69461,17.17934],[96.69461,17.17857],[96.69488,17.17848],[96.69443,17.17831],[96.69344,17.179],[96.69353,17.17925],[96.6947,17.17934],[96.69461,17.17934]]],[[[96.8422,17.17943],[96.84247,17.179],[96.84373,17.17925],[96.84391,17.179],[96.84373,17.17865],[96.84346,17.17891],[96.84346,17.17857],[96.8431,17.17857],[96.84328,17.17822],[96.84292,17.17814],[96.84301,17.17779],[96.84256,17.17779],[96.84265,17.17737],[96.84157,17.17711],[96.84157,17.17737],[96.84184,17.17728],[96.84148,17.17754],[96.84166,17.17797],[96.84103,17.17822],[96.84184,17.17908],[96.84184,17.17951],[96.84229,17.17943],[96.8422,17.17943]]],[[[96.78264,17.17848],[96.783,17.17874],[96.78291,17.17917],[96.78246,17.17857],[96.78273,17.17822],[96.78192,17.17822],[96.78201,17.17865],[96.7821,17.17831],[96.78237,17.17848],[96.7821,17.179],[96.78273,17.17917],[96.78264,17.1796],[96.78327,17.1796],[96.78318,17.17822],[96.78273,17.17848],[96.78264,17.17848]]],[[[96.56157,17.17985],[96.56192,17.17968],[96.56166,17.17882],[96.56121,17.17874],[96.56157,17.17857],[96.56139,17.17831],[96.56103,17.17891],[96.56148,17.17985],[96.56157,17.17985]]],[[[96.62076,17.17985],[96.62112,17.17925],[96.62112,17.1784],[96.62184,17.17848],[96.62175,17.17814],[96.6213,17.17822],[96.62184,17.17797],[96.62175,17.17728],[96.62148,17.17779],[96.62049,17.17754],[96.6204,17.17882],[96.62067,17.17943],[96.62014,17.17968],[96.62067,17.17985],[96.62076,17.17985]]],[[[96.82064,17.18028],[96.82091,17.17968],[96.82028,17.17968],[96.81992,17.17934],[96.82127,17.17934],[96.82091,17.17891],[96.82046,17.179],[96.82073,17.17857],[96.81938,17.17908],[96.81983,17.17925],[96.81956,17.17985],[96.81992,17.17985],[96.81992,17.1796],[96.82046,17.17977],[96.82037,17.18028],[96.82064,17.18028]]],[[[96.77959,17.17968],[96.77995,17.17968],[96.77968,17.17908],[96.77968,17.17951],[96.77932,17.1796],[96.7795,17.17985],[96.77878,17.18003],[96.77914,17.17968],[96.77887,17.17882],[96.77887,17.17977],[96.7786,17.17968],[96.77869,17.17925],[96.77833,17.17943],[96.77833,17.18003],[96.77878,17.18028],[96.77923,17.18003],[96.77896,17.18037],[96.77977,17.18028],[96.77986,17.17977],[96.77959,17.17977],[96.77959,17.17968]]],[[[96.55716,17.17874],[96.55725,17.17831],[96.55752,17.17882],[96.5586,17.1784],[96.55788,17.17917],[96.55725,17.17908],[96.55698,17.17985],[96.55761,17.17977],[96.55797,17.17994],[96.55788,17.18028],[96.5586,17.18037],[96.55932,17.18011],[96.55905,17.17943],[96.55869,17.17985],[96.55824,17.17943],[96.55797,17.17977],[96.55779,17.1796],[96.55779,17.17934],[96.55878,17.17917],[96.55878,17.17771],[96.55743,17.17754],[96.55725,17.17779],[96.55716,17.17719],[96.5568,17.17711],[96.55698,17.17745],[96.55671,17.17771],[96.556,17.17737],[96.55627,17.17762],[96.55582,17.17831],[96.55627,17.17831],[96.55609,17.17882],[96.55546,17.17822],[96.55591,17.17805],[96.55573,17.17754],[96.55537,17.17814],[96.55537,17.17762],[96.55447,17.17779],[96.55438,17.17857],[96.55501,17.17934],[96.5542,17.17994],[96.55438,17.18054],[96.55519,17.18037],[96.5551,17.17951],[96.55698,17.17925],[96.55725,17.17874],[96.55716,17.17874]]],[[[96.61268,17.18063],[96.6134,17.17951],[96.61322,17.17925],[96.61286,17.17943],[96.61295,17.17908],[96.61241,17.17951],[96.61268,17.179],[96.6125,17.17857],[96.61223,17.17891],[96.6116,17.17891],[96.6116,17.18037],[96.61223,17.18063],[96.61268,17.18063]]],[[[96.54836,17.18028],[96.548,17.17968],[96.54827,17.17925],[96.54782,17.17925],[96.54791,17.17891],[96.54845,17.17908],[96.54836,17.17968],[96.54872,17.17977],[96.54845,17.17994],[96.54899,17.17977],[96.54917,17.18011],[96.54926,17.17968],[96.55016,17.1796],[96.55043,17.17891],[96.55061,17.17968],[96.55114,17.17951],[96.55105,17.17917],[96.55168,17.17943],[96.55123,17.17882],[96.55177,17.17857],[96.55114,17.17857],[96.55097,17.17814],[96.5507,17.17848],[96.54989,17.17814],[96.54989,17.17882],[96.54962,17.1784],[96.54926,17.17848],[96.54917,17.17788],[96.54971,17.17788],[96.54971,17.17745],[96.55034,17.17728],[96.55016,17.17676],[96.54971,17.17685],[96.54953,17.17651],[96.54935,17.17685],[96.54908,17.17651],[96.54863,17.17676],[96.54863,17.17634],[96.54791,17.17651],[96.54764,17.17599],[96.54809,17.17599],[96.54755,17.17573],[96.54836,17.17565],[96.54809,17.17531],[96.54737,17.17548],[96.54746,17.17496],[96.54674,17.17496],[96.54665,17.17539],[96.54638,17.17513],[96.54611,17.17539],[96.54567,17.17522],[96.54522,17.17573],[96.54531,17.17436],[96.54441,17.17436],[96.5445,17.17471],[96.54423,17.17479],[96.54405,17.17436],[96.54351,17.17419],[96.54351,17.17385],[96.54342,17.17445],[96.54234,17.17513],[96.54189,17.17453],[96.54162,17.17471],[96.54198,17.17591],[96.5418,17.17634],[96.54216,17.17668],[96.54405,17.17651],[96.54459,17.17676],[96.54387,17.17668],[96.54369,17.17728],[96.54441,17.17814],[96.54423,17.17848],[96.5445,17.17874],[96.54423,17.179],[96.5445,17.17977],[96.54513,17.17985],[96.54513,17.17943],[96.54549,17.1796],[96.54584,17.179],[96.54522,17.17917],[96.54558,17.17831],[96.54495,17.17831],[96.54495,17.17805],[96.54638,17.17805],[96.54629,17.17771],[96.54674,17.17797],[96.54638,17.17685],[96.54728,17.17694],[96.54719,17.17642],[96.54764,17.17642],[96.54764,17.17779],[96.54809,17.17865],[96.54764,17.17831],[96.54764,17.17874],[96.54755,17.17831],[96.5471,17.17822],[96.54674,17.17848],[96.54674,17.17917],[96.54692,17.17934],[96.54701,17.17865],[96.54728,17.17977],[96.5471,17.18028],[96.54764,17.18097],[96.54872,17.18063],[96.54845,17.18028],[96.54836,17.18028]]],[[[96.56633,17.17951],[96.56669,17.17951],[96.5666,17.179],[96.56588,17.17925],[96.5657,17.17891],[96.56597,17.17874],[96.56615,17.179],[96.56642,17.17814],[96.56597,17.17822],[96.56606,17.17865],[96.56543,17.17814],[96.56561,17.17934],[96.56507,17.17908],[96.56471,17.17934],[96.5657,17.17977],[96.56561,17.18028],[96.56606,17.17985],[96.56606,17.1802],[96.56552,17.18054],[96.5657,17.18088],[96.56633,17.18097],[96.56624,17.18054],[96.5666,17.18028],[96.56633,17.1796],[96.56633,17.17951]]],[[[96.54468,17.18037],[96.54504,17.1802],[96.54468,17.18054],[96.54513,17.18063],[96.54513,17.17994],[96.5445,17.17994],[96.54459,17.18028],[96.54423,17.18028],[96.54441,17.18114],[96.54486,17.18088],[96.5445,17.1808],[96.5445,17.18037],[96.54468,17.18037]]],[[[96.59274,17.1814],[96.5931,17.18088],[96.59319,17.18114],[96.59355,17.18114],[96.59355,17.18088],[96.59238,17.18054],[96.59229,17.1814],[96.59274,17.1814]]],[[[96.71203,17.18149],[96.71284,17.18106],[96.71365,17.18106],[96.71383,17.18063],[96.715,17.18037],[96.71509,17.18011],[96.71482,17.18028],[96.71464,17.18003],[96.71428,17.18046],[96.71374,17.18037],[96.71338,17.1808],[96.7123,17.18097],[96.71185,17.18149],[96.71203,17.18149]]],[[[96.83663,17.17934],[96.83708,17.17934],[96.83672,17.17874],[96.83735,17.17925],[96.83753,17.17857],[96.83843,17.17882],[96.83843,17.17925],[96.8387,17.17925],[96.83852,17.1784],[96.83906,17.17822],[96.8387,17.17805],[96.8387,17.17754],[96.83843,17.17771],[96.83861,17.17822],[96.83825,17.17788],[96.83744,17.17848],[96.83654,17.17771],[96.83654,17.17737],[96.83717,17.17685],[96.83636,17.17719],[96.83627,17.17779],[96.83609,17.17737],[96.83654,17.17676],[96.8369,17.17685],[96.83735,17.17642],[96.83735,17.17599],[96.83879,17.17513],[96.83879,17.17471],[96.83914,17.17453],[96.83879,17.17445],[96.83879,17.17368],[96.83843,17.17419],[96.83776,17.1741],[96.83848,17.17453],[96.8383,17.17489],[96.83767,17.17525],[96.83677,17.17516],[96.83623,17.17606],[96.8356,17.17579],[96.83488,17.17651],[96.83336,17.17651],[96.83282,17.17687],[96.83241,17.17676],[96.83241,17.17719],[96.83232,17.17694],[96.83151,17.17719],[96.83106,17.17762],[96.83178,17.17771],[96.83205,17.17728],[96.83241,17.17737],[96.83196,17.17779],[96.8325,17.17805],[96.83241,17.1784],[96.8316,17.17874],[96.83169,17.179],[96.83115,17.17891],[96.83061,17.1796],[96.83232,17.1796],[96.83268,17.17925],[96.83286,17.18003],[96.83358,17.18003],[96.83349,17.17951],[96.83376,17.1796],[96.83456,17.17831],[96.83465,17.179],[96.8342,17.17891],[96.83474,17.17908],[96.83465,17.17934],[96.8351,17.17917],[96.83474,17.179],[96.83483,17.1784],[96.83519,17.17857],[96.83555,17.17831],[96.83591,17.17951],[96.83537,17.18071],[96.83609,17.18149],[96.83654,17.18063],[96.83591,17.17985],[96.83699,17.17994],[96.83735,17.1796],[96.83663,17.17943],[96.83663,17.17934]]],[[[96.5471,17.18088],[96.54719,17.18114],[96.54692,17.18063],[96.54647,17.18071],[96.54665,17.18037],[96.5471,17.18046],[96.5471,17.17977],[96.54656,17.17925],[96.54611,17.17985],[96.54647,17.18003],[96.54638,17.17968],[96.54665,17.17968],[96.54665,17.1802],[96.54638,17.1802],[96.5462,17.18071],[96.54567,17.18054],[96.54558,17.18088],[96.54584,17.18071],[96.54629,17.18114],[96.54656,17.1808],[96.54692,17.18088],[96.54665,17.18149],[96.54701,17.1814],[96.54728,17.18174],[96.54782,17.1814],[96.54728,17.18123],[96.54737,17.18088],[96.5471,17.18088]]],[[[96.8175,17.182],[96.81759,17.18226],[96.81785,17.18209],[96.81803,17.18131],[96.81768,17.18123],[96.81723,17.18174],[96.81633,17.18166],[96.8175,17.18209],[96.8175,17.182]]],[[[96.61762,17.18191],[96.61726,17.18166],[96.61735,17.18123],[96.6169,17.18106],[96.61708,17.18063],[96.61735,17.18071],[96.61726,17.18106],[96.61762,17.18106],[96.61771,17.18071],[96.61735,17.18063],[96.61726,17.17994],[96.61699,17.1802],[96.61609,17.17994],[96.61654,17.17951],[96.61645,17.17925],[96.61609,17.17943],[96.616,17.179],[96.61564,17.17985],[96.616,17.17977],[96.61609,17.18046],[96.61654,17.18046],[96.61654,17.1808],[96.61627,17.18088],[96.61609,17.18046],[96.61546,17.18063],[96.61555,17.18131],[96.61493,17.1808],[96.61448,17.18166],[96.61573,17.18166],[96.616,17.18106],[96.61672,17.18097],[96.61681,17.18174],[96.61726,17.18183],[96.61708,17.18226],[96.61735,17.18243],[96.61762,17.182],[96.61762,17.18191]]],[[[96.58016,17.18157],[96.58043,17.1808],[96.58007,17.18097],[96.58034,17.18046],[96.58007,17.1802],[96.58034,17.17994],[96.57998,17.17985],[96.57998,17.18149],[96.57953,17.18183],[96.57953,17.18217],[96.57989,17.18191],[96.5798,17.18277],[96.58016,17.18277],[96.58016,17.182],[96.58061,17.18174],[96.58025,17.18157],[96.58016,17.18157]]],[[[96.85352,17.18209],[96.85334,17.18191],[96.85397,17.18234],[96.85406,17.18157],[96.85334,17.18131],[96.85235,17.18166],[96.85235,17.182],[96.85181,17.18234],[96.85118,17.18217],[96.8519,17.18252],[96.85217,17.18209],[96.85199,17.18243],[96.85226,17.18277],[96.85262,17.18269],[96.85262,17.18226],[96.85325,17.18217],[96.85352,17.18243],[96.85352,17.18209]]],[[[96.61762,17.18191],[96.61807,17.182],[96.61816,17.18286],[96.6187,17.18286],[96.61834,17.18243],[96.61897,17.18217],[96.6187,17.18209],[96.61879,17.18166],[96.61816,17.18183],[96.6178,17.18157],[96.61762,17.18183],[96.61762,17.18191]]],[[[96.75201,17.18234],[96.75228,17.1826],[96.75192,17.18234],[96.75183,17.18269],[96.75255,17.1826],[96.75264,17.18294],[96.75273,17.18252],[96.75309,17.18269],[96.75345,17.18243],[96.75327,17.18209],[96.75309,17.18243],[96.75273,17.18243],[96.753,17.18209],[96.75201,17.18226],[96.75201,17.18234]]],[[[96.84139,17.18071],[96.84121,17.18088],[96.84139,17.18063],[96.84094,17.18037],[96.84103,17.18003],[96.84022,17.18011],[96.84031,17.1796],[96.83968,17.17831],[96.83959,17.17977],[96.83995,17.17985],[96.83941,17.18011],[96.83968,17.18037],[96.83968,17.18166],[96.84004,17.18183],[96.84004,17.18157],[96.8404,17.18174],[96.84139,17.1814],[96.84225,17.18181],[96.84211,17.18303],[96.84256,17.18286],[96.84229,17.18252],[96.84301,17.18269],[96.84274,17.18097],[96.84148,17.18071],[96.84139,17.18071]]],[[[96.61376,17.18252],[96.61376,17.18277],[96.61376,17.18243],[96.61322,17.18234],[96.61232,17.1826],[96.61286,17.18312],[96.61286,17.1826],[96.61322,17.18269],[96.61304,17.18294],[96.61403,17.18286],[96.61385,17.18252],[96.61376,17.18252]]],[[[96.84076,17.18312],[96.8409,17.18262],[96.84144,17.18253],[96.84157,17.18217],[96.84058,17.18234],[96.84049,17.18209],[96.8404,17.18277],[96.83977,17.18243],[96.84058,17.18312],[96.84076,17.18312]]],[[[96.58286,17.18312],[96.5825,17.18286],[96.58295,17.18234],[96.58286,17.18191],[96.58178,17.18157],[96.58133,17.18157],[96.58115,17.18191],[96.58115,17.18123],[96.58079,17.1814],[96.58079,17.18303],[96.58169,17.18303],[96.58187,17.18277],[96.58241,17.1832],[96.58295,17.18312],[96.58286,17.18312]]],[[[96.7848,17.18234],[96.78471,17.18209],[96.78489,17.18234],[96.78534,17.18183],[96.78516,17.18209],[96.78417,17.18191],[96.78426,17.18269],[96.7848,17.18286],[96.78462,17.18346],[96.78507,17.18294],[96.78471,17.18277],[96.7848,17.18243],[96.7848,17.18234]]],[[[96.62912,17.18363],[96.62948,17.18217],[96.62894,17.18269],[96.62831,17.18243],[96.6284,17.18312],[96.62894,17.1832],[96.62894,17.18363],[96.62912,17.18363]]],[[[96.60594,17.18303],[96.6054,17.18294],[96.60531,17.18363],[96.60639,17.18363],[96.60657,17.18329],[96.60603,17.18303],[96.60594,17.18303]]],[[[96.74437,17.18372],[96.74446,17.18346],[96.74491,17.18363],[96.74491,17.18329],[96.74473,17.18269],[96.7441,17.18243],[96.74446,17.18303],[96.74428,17.18372],[96.74437,17.18372]]],[[[96.7812,17.18354],[96.7812,17.1832],[96.7812,17.18354],[96.78165,17.18329],[96.7812,17.18303],[96.78165,17.1826],[96.78093,17.1826],[96.78111,17.18312],[96.78084,17.18277],[96.78013,17.18269],[96.78022,17.18303],[96.78048,17.18294],[96.78031,17.18372],[96.7812,17.18363],[96.7812,17.18354]]],[[[96.72542,17.18329],[96.72551,17.18294],[96.72578,17.18329],[96.72542,17.18329],[96.72542,17.18372],[96.72605,17.18389],[96.72578,17.18243],[96.72533,17.18277],[96.72569,17.18217],[96.72515,17.18243],[96.72533,17.18329],[96.72542,17.18329]]],[[[96.61088,17.18423],[96.61205,17.18415],[96.61214,17.18252],[96.6116,17.18226],[96.61079,17.1826],[96.6107,17.182],[96.61007,17.18183],[96.61016,17.18303],[96.61025,17.18269],[96.61061,17.18294],[96.61025,17.18346],[96.6107,17.18363],[96.6098,17.18406],[96.61079,17.18423],[96.61088,17.18423]]],[[[96.58232,17.185],[96.58268,17.18415],[96.58133,17.18372],[96.58133,17.18432],[96.58223,17.185],[96.58232,17.185]]],[[[96.58546,17.18475],[96.58528,17.18492],[96.58564,17.185],[96.58555,17.18423],[96.586,17.1844],[96.586,17.18363],[96.58537,17.18389],[96.58519,17.1844],[96.58546,17.18449],[96.58546,17.18475]]],[[[96.85145,17.185],[96.85172,17.18457],[96.85154,17.18406],[96.85082,17.1838],[96.851,17.18363],[96.85073,17.18346],[96.85073,17.18475],[96.85136,17.185],[96.85145,17.185]]],[[[96.77725,17.18466],[96.77698,17.18475],[96.77689,17.18432],[96.77725,17.18432],[96.77734,17.18466],[96.77734,17.18397],[96.77671,17.18406],[96.77689,17.18492],[96.77599,17.18457],[96.77581,17.18483],[96.77689,17.18535],[96.77725,17.18475],[96.77725,17.18466]]],[[[96.58348,17.18578],[96.5833,17.18449],[96.58277,17.18449],[96.58268,17.18518],[96.58339,17.18578],[96.58348,17.18578]]],[[[96.61475,17.18586],[96.61466,17.18483],[96.6151,17.18483],[96.6151,17.18457],[96.61403,17.18457],[96.6143,17.185],[96.61394,17.185],[96.61367,17.18457],[96.61358,17.18518],[96.61457,17.18509],[96.61457,17.18586],[96.61475,17.18586]]],[[[96.70503,17.18595],[96.7053,17.18535],[96.70566,17.18535],[96.70566,17.18483],[96.70431,17.18569],[96.70494,17.18595],[96.70503,17.18595]]],[[[96.5392,17.18603],[96.5392,17.18543],[96.53956,17.18569],[96.53947,17.18526],[96.53992,17.18492],[96.5383,17.18526],[96.53848,17.18552],[96.53911,17.18543],[96.53911,17.18603],[96.5392,17.18603]]],[[[96.60819,17.18603],[96.60828,17.18535],[96.60783,17.18535],[96.60783,17.185],[96.60828,17.18509],[96.60828,17.18483],[96.60765,17.18475],[96.60747,17.18595],[96.6081,17.18603],[96.60819,17.18603]]],[[[96.54549,17.18552],[96.5454,17.18638],[96.54629,17.18646],[96.54593,17.18621],[96.5462,17.18603],[96.54584,17.1856],[96.54602,17.18509],[96.54531,17.18552],[96.54549,17.18552]]],[[[96.61627,17.18397],[96.61591,17.18397],[96.61627,17.18397],[96.61591,17.18354],[96.61618,17.18303],[96.61573,17.18312],[96.61564,17.18363],[96.61528,17.18354],[96.61519,17.18406],[96.61475,17.18389],[96.61484,17.18432],[96.61537,17.18432],[96.61546,17.18483],[96.61519,17.18509],[96.61555,17.185],[96.61573,17.18535],[96.61555,17.18569],[96.61528,17.18543],[96.61546,17.18526],[96.61493,17.18535],[96.61519,17.18595],[96.616,17.18578],[96.61573,17.185],[96.61591,17.18475],[96.61609,17.18552],[96.61654,17.18509],[96.61672,17.18578],[96.61699,17.18492],[96.61726,17.18603],[96.61771,17.18552],[96.61789,17.18629],[96.61753,17.18638],[96.61789,17.18646],[96.61735,17.18638],[96.61744,17.18663],[96.61843,17.18663],[96.61843,17.18603],[96.61915,17.18603],[96.61915,17.18552],[96.61861,17.18535],[96.61897,17.18526],[96.61915,17.18457],[96.61861,17.18406],[96.61852,17.18432],[96.61798,17.18415],[96.61798,17.18475],[96.61771,17.18432],[96.61681,17.18415],[96.6169,17.18346],[96.61654,17.18346],[96.61654,17.1832],[96.61708,17.18337],[96.61708,17.18363],[96.61762,17.18354],[96.61762,17.1832],[96.61726,17.18337],[96.61708,17.18303],[96.61681,17.1832],[96.61645,17.18294],[96.61645,17.18397],[96.61627,17.18397]]],[[[96.58259,17.18689],[96.58304,17.18629],[96.58196,17.18595],[96.58178,17.18646],[96.58205,17.18689],[96.58241,17.18689],[96.58259,17.18689]]],[[[96.56597,17.18715],[96.56633,17.18706],[96.56633,17.18681],[96.56597,17.18681],[96.56615,17.18603],[96.56534,17.18629],[96.56534,17.18698],[96.56579,17.18689],[96.56588,17.18715],[96.56597,17.18715]]],[[[96.6293,17.18655],[96.62939,17.18621],[96.62984,17.18646],[96.62966,17.18552],[96.6293,17.18552],[96.62948,17.18586],[96.62921,17.18586],[96.62885,17.18535],[96.62858,17.18612],[96.62822,17.18612],[96.62831,17.18663],[96.62894,17.18646],[96.62858,17.18698],[96.62885,17.18715],[96.62894,17.18689],[96.62948,17.18698],[96.62957,17.18655],[96.6293,17.18655]]],[[[96.62867,17.18569],[96.62822,17.18509],[96.62687,17.18569],[96.62696,17.18638],[96.62651,17.18663],[96.62624,17.18732],[96.62813,17.18715],[96.62777,17.18569],[96.62858,17.18569],[96.62867,17.18569]]],[[[96.59328,17.18766],[96.5939,17.18612],[96.59328,17.18569],[96.59274,17.18638],[96.59288,17.18657],[96.59342,17.18594],[96.5936,17.18657],[96.59324,17.18747],[96.59265,17.18711],[96.59265,17.18758],[96.59292,17.18766],[96.59328,17.18766]]],[[[96.77662,17.18741],[96.77626,17.18646],[96.77563,17.18638],[96.77581,17.18672],[96.77492,17.18681],[96.77501,17.18732],[96.77501,17.18698],[96.77608,17.18732],[96.77617,17.18698],[96.77581,17.18681],[96.77635,17.18681],[96.77635,17.18758],[96.7768,17.18784],[96.77671,17.18741],[96.77662,17.18741]]],[[[96.82324,17.18784],[96.8236,17.18706],[96.82324,17.18732],[96.82342,17.18663],[96.82289,17.18646],[96.82244,17.18681],[96.82244,17.18732],[96.82307,17.18741],[96.82307,17.18784],[96.82324,17.18784]]],[[[96.84786,17.18672],[96.8475,17.18681],[96.84822,17.18724],[96.84804,17.18672],[96.84867,17.18672],[96.84921,17.18784],[96.84957,17.18775],[96.84966,17.18715],[96.84804,17.18638],[96.84822,17.18612],[96.84795,17.18595],[96.84741,17.18612],[96.84786,17.18663],[96.84786,17.18672]]],[[[96.56273,17.18749],[96.56282,17.18715],[96.56318,17.18715],[96.56327,17.18758],[96.56345,17.18706],[96.56282,17.18706],[96.56264,17.18663],[96.56183,17.18672],[96.56201,17.18706],[96.5613,17.18681],[96.56148,17.18724],[96.56174,17.18715],[96.56121,17.18749],[96.56148,17.18792],[96.56282,17.18792],[96.56282,17.18749],[96.56273,17.18749]]],[[[96.59849,17.18792],[96.59885,17.18784],[96.59885,17.18655],[96.59795,17.18638],[96.59786,17.18766],[96.5984,17.18792],[96.59849,17.18792]]],[[[96.8263,17.18801],[96.82675,17.18758],[96.82621,17.18732],[96.8263,17.18663],[96.82594,17.18663],[96.82585,17.18629],[96.82594,17.18698],[96.82522,17.18715],[96.82567,17.18732],[96.82549,17.18766],[96.82612,17.18766],[96.82612,17.18801],[96.8263,17.18801]]],[[[96.53992,17.18809],[96.54081,17.18672],[96.54028,17.18621],[96.54099,17.18621],[96.54063,17.18603],[96.54063,17.1856],[96.54036,17.1856],[96.54045,17.18603],[96.5401,17.18621],[96.53992,17.18706],[96.53929,17.18715],[96.53956,17.18724],[96.53929,17.18758],[96.53983,17.18809],[96.53992,17.18809]]],[[[96.76611,17.18689],[96.76575,17.18732],[96.76476,17.18741],[96.76494,17.18809],[96.7653,17.18818],[96.7653,17.18749],[96.7653,17.18792],[96.76557,17.18741],[96.76629,17.18758],[96.7662,17.18689],[96.76611,17.18689]]],[[[96.58995,17.18827],[96.59139,17.18792],[96.59139,17.18741],[96.59018,17.18792],[96.58959,17.18724],[96.58932,17.18741],[96.58941,17.18801],[96.58977,17.18827],[96.58995,17.18827]]],[[[96.72686,17.18775],[96.72632,17.18801],[96.72677,17.18844],[96.72748,17.18835],[96.72748,17.18809],[96.72712,17.18818],[96.72748,17.18775],[96.72686,17.18758],[96.72686,17.18775]]],[[[96.54836,17.18827],[96.54827,17.18801],[96.54845,17.18835],[96.54917,17.18827],[96.54881,17.18818],[96.54881,17.18732],[96.54989,17.18706],[96.54935,17.18603],[96.54971,17.18603],[96.54998,17.18663],[96.55034,17.18603],[96.55114,17.18629],[96.55052,17.18638],[96.55025,17.18715],[96.55043,17.18689],[96.55079,17.18715],[96.55159,17.18698],[96.5515,17.18638],[96.55258,17.18621],[96.55303,17.18681],[96.55231,17.18663],[96.55222,17.18706],[96.55276,17.18698],[96.55276,17.18775],[96.55321,17.18784],[96.55375,17.18732],[96.55402,17.18741],[96.55465,17.18655],[96.55465,17.18603],[96.5542,17.18552],[96.55438,17.185],[96.55483,17.18535],[96.55492,17.18612],[96.55528,17.18578],[96.55474,17.18509],[96.55501,17.18483],[96.55474,17.18483],[96.55465,17.18415],[96.55546,17.18466],[96.55609,17.18457],[96.55627,17.18415],[96.55653,17.18475],[96.55653,17.18415],[96.55689,17.1838],[96.55779,17.1838],[96.5577,17.18243],[96.55707,17.18243],[96.5568,17.182],[96.55689,17.18277],[96.55752,17.18337],[96.55716,17.1832],[96.55716,17.18363],[96.55546,17.18389],[96.55573,17.18354],[96.55546,17.18354],[96.55564,17.18312],[96.55528,17.18303],[96.55519,17.1826],[96.55555,17.18217],[96.556,17.18234],[96.556,17.18183],[96.55662,17.18166],[96.55636,17.18114],[96.55573,17.1814],[96.556,17.18149],[96.55582,17.18183],[96.55537,17.18123],[96.55483,17.1814],[96.55438,17.18054],[96.5533,17.18054],[96.5533,17.1802],[96.55285,17.1802],[96.55276,17.18046],[96.55321,17.18071],[96.55267,17.18097],[96.55384,17.18106],[96.55384,17.18149],[96.5542,17.18157],[96.55402,17.18183],[96.55483,17.18209],[96.55357,17.18243],[96.55357,17.18269],[96.55393,17.18252],[96.55393,17.18337],[96.55438,17.18312],[96.55411,17.18363],[96.55312,17.18346],[96.55294,17.18372],[96.55285,17.18312],[96.55249,17.1832],[96.5524,17.18294],[96.55222,17.1832],[96.55213,17.18269],[96.55132,17.18286],[96.5524,17.18226],[96.55231,17.18166],[96.55267,17.18183],[96.55258,17.18149],[96.55186,17.18191],[96.55186,17.1814],[96.55231,17.18149],[96.5524,17.18123],[96.55159,17.18131],[96.55141,17.18054],[96.55097,17.18063],[96.55061,17.18028],[96.55052,17.18054],[96.55123,17.18088],[96.55105,17.18114],[96.54989,17.18106],[96.54998,17.18149],[96.54962,17.18157],[96.54989,17.18183],[96.54953,17.182],[96.5507,17.18277],[96.55052,17.18209],[96.55007,17.182],[96.55061,17.18191],[96.55088,17.18243],[96.55097,17.18191],[96.55132,17.18234],[96.55097,17.18252],[96.55105,17.18286],[96.55034,17.1832],[96.55016,17.18252],[96.54989,17.18252],[96.55007,17.18277],[96.5498,17.18294],[96.54971,17.1826],[96.5489,17.18277],[96.54926,17.1832],[96.54962,17.18312],[96.54953,17.18363],[96.5498,17.18363],[96.54989,17.18406],[96.54944,17.18389],[96.54881,17.18432],[96.54836,17.18329],[96.54755,17.18269],[96.54719,17.18329],[96.54764,17.18303],[96.54782,17.18346],[96.54728,17.18337],[96.54719,17.18363],[96.54764,17.18509],[96.54728,17.18475],[96.54692,17.18483],[96.54737,17.185],[96.54728,17.1856],[96.54683,17.18535],[96.54656,17.18552],[96.54647,17.18526],[96.54647,17.18586],[96.54683,17.1856],[96.54665,17.18586],[96.5471,17.18655],[96.54701,17.18681],[96.54665,17.18655],[96.54656,17.18706],[96.54629,17.18681],[96.54656,17.18749],[96.54638,17.18792],[96.54674,17.18801],[96.54647,17.18809],[96.54665,17.18861],[96.54836,17.18835],[96.54836,17.18827]]],[[[96.61897,17.18869],[96.6196,17.18861],[96.61978,17.18809],[96.62023,17.18792],[96.61987,17.18775],[96.61924,17.18801],[96.61933,17.18766],[96.61879,17.18724],[96.61807,17.18758],[96.6178,17.18741],[96.61789,17.18801],[96.61834,17.18775],[96.61906,17.18792],[96.61861,17.18818],[96.61879,17.18869],[96.61897,17.18869]]],[[[96.61169,17.18698],[96.61142,17.18655],[96.61016,17.18689],[96.61061,17.18698],[96.6107,17.18749],[96.61124,17.18732],[96.61106,17.18801],[96.61061,17.18809],[96.61079,17.18869],[96.61205,17.18852],[96.61205,17.18801],[96.61241,17.18852],[96.61241,17.18775],[96.61304,17.18758],[96.61304,17.18732],[96.61349,17.18741],[96.61358,17.18698],[96.61304,17.18698],[96.61313,17.18663],[96.61349,17.18672],[96.6134,17.18646],[96.61223,17.18646],[96.61169,17.18663],[96.61169,17.18689],[96.61169,17.18698]]],[[[96.62777,17.18895],[96.62786,17.18818],[96.62858,17.18835],[96.6284,17.18766],[96.62822,17.18801],[96.62696,17.18818],[96.62759,17.18852],[96.62759,17.18895],[96.62777,17.18895]]],[[[96.84391,17.18818],[96.84373,17.18801],[96.84436,17.18861],[96.84471,17.18835],[96.84427,17.18792],[96.84391,17.18801],[96.84391,17.18775],[96.84355,17.18784],[96.84355,17.18758],[96.84328,17.18784],[96.84337,17.18749],[96.84301,17.18775],[96.84337,17.18698],[96.8431,17.18732],[96.84265,17.18698],[96.8422,17.18749],[96.84238,17.18887],[96.84373,17.18835],[96.84364,17.18861],[96.84328,17.18852],[96.84301,17.18912],[96.84355,17.18904],[96.84355,17.18878],[96.84391,17.18878],[96.84391,17.18827],[96.84391,17.18818]]],[[[96.62606,17.18827],[96.62615,17.18852],[96.62588,17.18827],[96.62571,17.18861],[96.6266,17.18921],[96.62678,17.18792],[96.62606,17.18818],[96.62606,17.18827]]],[[[96.82711,17.18938],[96.82702,17.18895],[96.82747,17.18887],[96.8272,17.18852],[96.82738,17.18818],[96.82648,17.18784],[96.82684,17.18809],[96.82702,17.18938],[96.82711,17.18938]]],[[[96.61852,17.18947],[96.61834,17.18904],[96.61888,17.18955],[96.61924,17.18912],[96.61897,17.18878],[96.61816,17.18869],[96.61807,17.18827],[96.61762,17.18844],[96.61762,17.18878],[96.61708,17.18887],[96.61717,17.18947],[96.61852,17.18955],[96.61852,17.18947]]],[[[96.63127,17.18964],[96.63163,17.18955],[96.63118,17.18921],[96.63172,17.18895],[96.6319,17.18827],[96.63163,17.18775],[96.63217,17.18775],[96.63217,17.18732],[96.63136,17.18724],[96.63136,17.18689],[96.63109,17.18689],[96.63065,17.18732],[96.62993,17.18732],[96.62975,17.18947],[96.6302,17.18955],[96.6302,17.18921],[96.63047,17.18921],[96.63118,17.18964],[96.63127,17.18964]]],[[[96.54207,17.18827],[96.54216,17.18861],[96.54207,17.18827],[96.54162,17.18818],[96.54117,17.18844],[96.54189,17.18921],[96.54225,17.18912],[96.54243,17.18964],[96.54306,17.18964],[96.54315,17.18861],[96.54288,17.18852],[96.54279,17.18784],[96.54252,17.18766],[96.54207,17.18818],[96.54207,17.18827]]],[[[96.5833,17.18912],[96.58411,17.18904],[96.58447,17.18938],[96.58241,17.18921],[96.58205,17.18964],[96.58312,17.18981],[96.58321,17.18947],[96.58339,17.18981],[96.58375,17.18955],[96.5851,17.18981],[96.58519,17.18904],[96.5842,17.18861],[96.58519,17.18878],[96.58582,17.18844],[96.58546,17.18835],[96.58537,17.18784],[96.58501,17.18784],[96.58546,17.18681],[96.58528,17.18638],[96.58492,17.18784],[96.58375,17.18758],[96.58393,17.18741],[96.58366,17.18732],[96.58312,17.18749],[96.58312,17.18809],[96.58375,17.18818],[96.58402,17.18861],[96.58321,17.18861],[96.58312,17.18912],[96.5833,17.18912]]],[[[96.64053,17.18981],[96.64116,17.18947],[96.64089,17.18912],[96.639,17.18904],[96.63918,17.18972],[96.63954,17.18964],[96.63954,17.18912],[96.64067,17.18926],[96.64076,17.18962],[96.64044,17.18981],[96.64053,17.18981]]],[[[96.58968,17.18929],[96.58932,17.18929],[96.58941,17.1899],[96.59049,17.18964],[96.59031,17.18921],[96.58995,17.18929],[96.58968,17.18929]]],[[[96.76423,17.18998],[96.76449,17.18981],[96.76423,17.18938],[96.76324,17.18947],[96.76315,17.1899],[96.76369,17.18998],[96.76387,17.18972],[96.76414,17.18998],[96.76423,17.18998]]],[[[96.52554,17.19007],[96.52617,17.18955],[96.52518,17.18895],[96.52545,17.19007],[96.52554,17.19007]]],[[[96.84418,17.19015],[96.84427,17.18972],[96.84498,17.18972],[96.84525,17.18921],[96.84561,17.18955],[96.84579,17.18904],[96.84525,17.18878],[96.84498,17.18904],[96.84462,17.18861],[96.84418,17.18938],[96.84337,17.18955],[96.84346,17.18998],[96.84364,17.18981],[96.84409,17.19015],[96.84418,17.19015]]],[[[96.61457,17.1899],[96.61457,17.18964],[96.61493,17.1899],[96.61528,17.18964],[96.6151,17.18895],[96.61475,17.18904],[96.61484,17.18955],[96.6143,17.18904],[96.61439,17.18964],[96.61367,17.18972],[96.61394,17.19007],[96.61439,17.18972],[96.61448,17.19024],[96.61466,17.1899],[96.61457,17.1899]]],[[[96.56911,17.19032],[96.56947,17.19007],[96.56929,17.18955],[96.56866,17.18921],[96.56875,17.18869],[96.56839,17.18869],[96.56866,17.18998],[96.56902,17.18972],[96.56893,17.19032],[96.56911,17.19032]]],[[[96.56013,17.19041],[96.5604,17.19032],[96.56058,17.18947],[96.55923,17.18938],[96.5595,17.19024],[96.55995,17.19041],[96.56013,17.19041]]],[[[96.54962,17.19067],[96.54953,17.19041],[96.54998,17.19032],[96.5498,17.18921],[96.55016,17.18904],[96.54872,17.18887],[96.54845,17.18904],[96.54863,17.18972],[96.54827,17.1899],[96.54872,17.18981],[96.54917,17.19015],[96.54908,17.19067],[96.54953,17.19067],[96.54962,17.19067]]],[[[96.82926,17.18998],[96.82926,17.19067],[96.83016,17.19067],[96.82989,17.18998],[96.82962,17.19015],[96.82962,17.18955],[96.82926,17.18981],[96.82926,17.18998]]],[[[96.82657,17.19084],[96.82684,17.19041],[96.82567,17.19015],[96.82513,17.18938],[96.82504,17.19067],[96.82549,17.19015],[96.82576,17.19032],[96.8254,17.19067],[96.82603,17.19058],[96.82585,17.19024],[96.82612,17.19015],[96.82639,17.19024],[96.82639,17.19084],[96.82657,17.19084]]],[[[96.58321,17.19101],[96.58321,17.19067],[96.58357,17.19093],[96.58411,17.19075],[96.5842,17.19024],[96.58312,17.19058],[96.58339,17.19007],[96.58277,17.19015],[96.58268,17.18981],[96.58259,17.19024],[96.58295,17.19058],[96.58241,17.19067],[96.58196,17.18998],[96.58232,17.1905],[96.58214,17.19075],[96.58312,17.19067],[96.58312,17.19101],[96.58321,17.19101]]],[[[96.60531,17.19127],[96.60675,17.19058],[96.60531,17.19032],[96.60504,17.1905],[96.60522,17.19127],[96.60531,17.19127]]],[[[96.6408,17.19153],[96.64098,17.18998],[96.64044,17.19007],[96.64076,17.19034],[96.64058,17.19133],[96.64013,17.19133],[96.64008,17.19093],[96.63999,17.19135],[96.63954,17.1911],[96.63927,17.19135],[96.64062,17.19153],[96.6408,17.19153]]],[[[96.61493,17.1917],[96.61493,17.19144],[96.61367,17.19144],[96.61349,17.1911],[96.6134,17.19153],[96.61295,17.19153],[96.61322,17.19196],[96.61475,17.1917],[96.61493,17.1917]]],[[[96.70053,17.19007],[96.70152,17.18938],[96.70143,17.18887],[96.70269,17.18749],[96.70233,17.18749],[96.70188,17.18792],[96.70206,17.18818],[96.70161,17.18827],[96.69955,17.19032],[96.6991,17.19032],[96.69874,17.19075],[96.69829,17.19067],[96.69757,17.19135],[96.69712,17.19127],[96.69739,17.19144],[96.69712,17.19196],[96.69748,17.19153],[96.69847,17.19127],[96.69883,17.19075],[96.69919,17.19084],[96.70053,17.19015],[96.70053,17.19007]]],[[[96.59067,17.19204],[96.59121,17.19178],[96.59112,17.19135],[96.59157,17.19161],[96.59166,17.19101],[96.5913,17.1911],[96.5913,17.19084],[96.59202,17.19093],[96.59211,17.19032],[96.59139,17.1905],[96.59148,17.18998],[96.5904,17.19032],[96.59076,17.1905],[96.59022,17.19161],[96.59058,17.19204],[96.59067,17.19204]]],[[[96.57297,17.19213],[96.57324,17.19204],[96.57324,17.19067],[96.57279,17.18981],[96.57118,17.18998],[96.57118,17.19101],[96.57154,17.19084],[96.57208,17.19127],[96.57199,17.19075],[96.57243,17.19093],[96.57243,17.19144],[96.57261,17.19084],[96.57288,17.19127],[96.57235,17.19161],[96.57288,17.19213],[96.57297,17.19213]]],[[[96.77932,17.1911],[96.77923,17.1917],[96.77887,17.19161],[96.77896,17.19101],[96.77842,17.1911],[96.77815,17.19187],[96.77878,17.19127],[96.77869,17.19187],[96.77842,17.19187],[96.7786,17.19213],[96.77878,17.19178],[96.77959,17.19196],[96.7795,17.1911],[96.77932,17.1911]]],[[[96.63532,17.18887],[96.63514,17.19093],[96.63541,17.19187],[96.63505,17.19187],[96.63505,17.19093],[96.63469,17.19093],[96.63496,17.19032],[96.63447,17.19032],[96.63447,17.19088],[96.63492,17.19133],[96.63474,17.19221],[96.63505,17.19196],[96.63604,17.19213],[96.639,17.19153],[96.63864,17.18998],[96.6381,17.18947],[96.63819,17.18895],[96.63559,17.18852],[96.63523,17.18852],[96.63514,17.18887],[96.63532,17.18887]]],[[[96.84184,17.18801],[96.84157,17.18758],[96.84202,17.18801],[96.84211,17.18749],[96.84103,17.18706],[96.84103,17.18663],[96.8404,17.18689],[96.83968,17.18655],[96.83977,17.18612],[96.84022,17.18629],[96.84022,17.18603],[96.83968,17.18586],[96.84067,17.18586],[96.84049,17.1856],[96.84076,17.18552],[96.84121,17.18415],[96.84004,17.18423],[96.83986,17.18354],[96.83959,17.18363],[96.83888,17.18294],[96.8387,17.18243],[96.83834,17.1826],[96.83852,17.18217],[96.83816,17.18209],[96.83816,17.18149],[96.8378,17.18166],[96.83771,17.18226],[96.8369,17.18234],[96.836,17.1832],[96.83564,17.1832],[96.83573,17.1826],[96.83555,17.18286],[96.8351,17.1826],[96.83546,17.1832],[96.83492,17.18294],[96.83483,17.18346],[96.83438,17.18354],[96.83438,17.18397],[96.83501,17.18346],[96.83501,17.18372],[96.836,17.18389],[96.83609,17.18432],[96.83708,17.18457],[96.83708,17.18621],[96.83681,17.18603],[96.83645,17.18646],[96.83735,17.18655],[96.8378,17.18603],[96.83861,17.18638],[96.83825,17.18672],[96.83861,17.18741],[96.83825,17.18827],[96.83861,17.18809],[96.83888,17.18844],[96.83843,17.18852],[96.83843,17.18887],[96.83906,17.18852],[96.83897,17.18904],[96.83914,17.18878],[96.83941,17.18895],[96.83897,17.18964],[96.83959,17.18972],[96.8395,17.19015],[96.84004,17.19007],[96.83995,17.19041],[96.83932,17.19032],[96.83932,17.19093],[96.83968,17.19075],[96.84022,17.19101],[96.83995,17.19067],[96.84022,17.19058],[96.8404,17.1911],[96.84072,17.1911],[96.84027,17.19025],[96.84036,17.18872],[96.84117,17.18845],[96.84144,17.18944],[96.84243,17.19097],[96.84252,17.19196],[96.8422,17.19221],[96.84256,17.19204],[96.84247,17.19238],[96.84292,17.19247],[96.84301,17.19221],[96.84328,17.19247],[96.84364,17.1923],[96.84364,17.19178],[96.84328,17.19204],[96.84265,17.19187],[96.84283,17.19127],[96.84247,17.19093],[96.84283,17.19093],[96.84274,17.19058],[96.84247,17.19067],[96.84265,17.19041],[96.84184,17.18972],[96.8422,17.18887],[96.8413,17.18887],[96.84184,17.18818],[96.84184,17.18801]],[[96.83941,17.18612],[96.83923,17.18586],[96.83906,17.18621],[96.8387,17.18603],[96.83906,17.18586],[96.83879,17.18552],[96.83852,17.18578],[96.83861,17.18526],[96.83825,17.18543],[96.83834,17.18509],[96.8387,17.18509],[96.83834,17.18483],[96.83843,17.18432],[96.83914,17.18415],[96.83888,17.18406],[96.83906,17.18372],[96.8395,17.18415],[96.83986,17.18406],[96.83977,17.18449],[96.84013,17.18449],[96.84004,17.18492],[96.83977,17.18483],[96.84013,17.185],[96.84013,17.18543],[96.83986,17.18526],[96.83995,17.1856],[96.83968,17.18569],[96.83968,17.18526],[96.83941,17.18535],[96.8395,17.18612],[96.83914,17.18638],[96.83923,17.18612],[96.83941,17.18612]]],[[[96.83438,17.1917],[96.83438,17.19204],[96.83393,17.19213],[96.83393,17.19135],[96.83358,17.19196],[96.83376,17.19238],[96.83474,17.19213],[96.8351,17.19256],[96.83519,17.19213],[96.83438,17.19161],[96.83438,17.1917]]],[[[96.525,17.19153],[96.52473,17.19118],[96.52527,17.19144],[96.52518,17.19093],[96.52473,17.19101],[96.52473,17.19058],[96.52437,17.1905],[96.52384,17.19118],[96.52384,17.19153],[96.52411,17.19153],[96.52366,17.19161],[96.52393,17.19178],[96.52393,17.19256],[96.52446,17.19238],[96.52446,17.19187],[96.52509,17.19213],[96.52527,17.19153],[96.525,17.19161],[96.525,17.19153]]],[[[96.83061,17.19247],[96.83088,17.19144],[96.83052,17.19153],[96.83052,17.19084],[96.83034,17.19144],[96.82971,17.19144],[96.82953,17.19093],[96.8289,17.19084],[96.82872,17.1905],[96.82881,17.1911],[96.82944,17.19118],[96.82935,17.19161],[96.83016,17.19161],[96.82989,17.19178],[96.82998,17.19221],[96.82953,17.19213],[96.82953,17.19247],[96.82926,17.19247],[96.82989,17.1923],[96.83016,17.19264],[96.83034,17.19221],[96.83043,17.19247],[96.83061,17.19247]]],[[[96.84525,17.19238],[96.84579,17.19264],[96.84588,17.19221],[96.84633,17.19213],[96.84629,17.19178],[96.84687,17.19187],[96.84723,17.19144],[96.84642,17.1917],[96.84588,17.19153],[96.84561,17.19221],[96.84525,17.19221],[96.84525,17.19238]]],[[[96.58717,17.19247],[96.58735,17.19221],[96.58708,17.19196],[96.5869,17.19221],[96.58672,17.19178],[96.58609,17.19196],[96.58636,17.19101],[96.58699,17.1911],[96.5869,17.1905],[96.58636,17.19058],[96.58636,17.19084],[96.58573,17.1905],[96.58573,17.19101],[96.5851,17.1911],[96.5851,17.19067],[96.58555,17.19093],[96.58537,17.19041],[96.58474,17.19007],[96.58438,17.19032],[96.58447,17.19178],[96.5842,17.19238],[96.58501,17.1923],[96.58492,17.19135],[96.58519,17.19118],[96.58519,17.19221],[96.58645,17.19213],[96.58663,17.19247],[96.58699,17.1923],[96.58708,17.19273],[96.58726,17.19247],[96.58717,17.19247]]],[[[96.61493,17.1917],[96.61537,17.19273],[96.61555,17.19204],[96.61528,17.19178],[96.61564,17.1917],[96.61555,17.19127],[96.61502,17.19144],[96.61502,17.1917],[96.61493,17.1917]]],[[[96.54908,17.19247],[96.54917,17.19204],[96.54935,17.1929],[96.5498,17.19247],[96.54962,17.19178],[96.54989,17.19187],[96.54989,17.19101],[96.54881,17.19135],[96.54863,17.19238],[96.5489,17.19247],[96.54908,17.19247]]],[[[96.59067,17.19204],[96.59076,17.1923],[96.59166,17.19221],[96.59184,17.1929],[96.59229,17.19256],[96.59202,17.19204],[96.59076,17.19204],[96.59067,17.19204]]],[[[96.56354,17.19127],[96.5639,17.19118],[96.56381,17.19007],[96.56309,17.19015],[96.56363,17.19067],[96.56255,17.19084],[96.56282,17.19135],[96.56282,17.19196],[96.56255,17.19204],[96.56291,17.19238],[96.56237,17.19238],[96.56264,17.19256],[96.56246,17.19299],[96.56309,17.19247],[96.56363,17.19256],[96.56345,17.19213],[96.56381,17.19213],[96.5639,17.19161],[96.56345,17.19161],[96.56345,17.19127],[96.56354,17.19127]]],[[[96.76297,17.19299],[96.76306,17.19273],[96.76396,17.19273],[96.76396,17.19247],[96.76449,17.19273],[96.76449,17.1923],[96.76306,17.19238],[96.76288,17.19299],[96.76297,17.19299]]],[[[96.56687,17.19307],[96.56731,17.19307],[96.56731,17.19281],[96.56794,17.19307],[96.56803,17.1923],[96.56767,17.19153],[96.56669,17.19144],[96.56696,17.19204],[96.56767,17.19196],[96.56722,17.19221],[96.56749,17.19256],[96.56687,17.1929],[96.56687,17.19307]]],[[[96.62121,17.19307],[96.62157,17.19264],[96.6213,17.19187],[96.62166,17.19187],[96.62166,17.19153],[96.6213,17.19144],[96.62076,17.1917],[96.62058,17.19299],[96.62085,17.19307],[96.62121,17.19307]]],[[[96.63559,17.19324],[96.63586,17.19299],[96.63559,17.19256],[96.63397,17.19281],[96.63388,17.19307],[96.63523,17.19324],[96.63559,17.19324]]],[[[96.58375,17.19196],[96.58357,17.19213],[96.58357,17.19118],[96.5833,17.19135],[96.58178,17.19084],[96.58124,17.1911],[96.58142,17.19247],[96.58196,17.19264],[96.5825,17.1923],[96.5825,17.19273],[96.58304,17.19221],[96.58339,17.19281],[96.58393,17.19281],[96.58348,17.19316],[96.58411,17.19333],[96.58438,17.19307],[96.58411,17.19307],[96.58402,17.19264],[96.58348,17.19264],[96.58384,17.19247],[96.58384,17.19196],[96.58375,17.19196]]],[[[96.57423,17.19307],[96.5745,17.19307],[96.5745,17.19256],[96.57495,17.19333],[96.57495,17.19247],[96.57531,17.19264],[96.57558,17.19204],[96.57576,17.19221],[96.5754,17.19264],[96.57711,17.19238],[96.57675,17.19204],[96.578,17.19196],[96.57765,17.19161],[96.57782,17.19135],[96.57845,17.19187],[96.57845,17.1911],[96.57738,17.19135],[96.57738,17.19058],[96.57693,17.19024],[96.57756,17.19015],[96.57765,17.1905],[96.57791,17.19015],[96.57773,17.19093],[96.57854,17.19093],[96.5789,17.1905],[96.57935,17.1905],[96.57899,17.19015],[96.57962,17.19015],[96.58088,17.18947],[96.58088,17.18724],[96.58151,17.18681],[96.58043,17.18672],[96.58151,17.18586],[96.58115,17.18595],[96.58133,17.18552],[96.58061,17.18466],[96.57989,17.18509],[96.58052,17.18509],[96.58043,17.18543],[96.58007,17.18526],[96.5798,17.18552],[96.57953,17.18526],[96.57935,17.18543],[96.57926,17.18475],[96.5789,17.18492],[96.57872,17.18466],[96.57863,17.18518],[96.57773,17.185],[96.57908,17.18457],[96.5789,17.18432],[96.57863,17.18449],[96.57854,17.18415],[96.57944,17.18337],[96.58025,17.18423],[96.57971,17.18337],[96.5798,17.18303],[96.57935,17.18303],[96.57953,17.1826],[96.57926,17.18131],[96.57818,17.18157],[96.57836,17.18183],[96.57899,17.18149],[96.57926,17.18312],[96.578,17.1832],[96.57773,17.18286],[96.57738,17.1832],[96.57702,17.18312],[96.57756,17.18294],[96.5772,17.18217],[96.57756,17.18217],[96.57765,17.18183],[96.57729,17.18149],[96.57594,17.18174],[96.57567,17.18106],[96.57513,17.182],[96.57486,17.18174],[96.57414,17.182],[96.57414,17.18166],[96.5754,17.18157],[96.57531,17.18123],[96.57414,17.18123],[96.57441,17.18097],[96.5754,17.18114],[96.57531,17.18054],[96.57576,17.1808],[96.57576,17.18037],[96.57531,17.1802],[96.5754,17.17977],[96.5763,17.18106],[96.57621,17.18063],[96.57648,17.18054],[96.57594,17.18028],[96.57639,17.1796],[96.57621,17.179],[96.5754,17.17925],[96.57531,17.17882],[96.57522,17.17917],[96.57459,17.17943],[96.57513,17.17951],[96.57504,17.17985],[96.57459,17.17977],[96.57495,17.18028],[96.5745,17.18037],[96.5745,17.17951],[96.57414,17.1802],[96.57378,17.18011],[96.57378,17.18063],[96.57414,17.18071],[96.57387,17.1808],[96.57387,17.18131],[96.57387,17.18097],[96.5736,17.18106],[96.5736,17.17917],[96.57297,17.17891],[96.57297,17.17857],[96.57369,17.17882],[96.57351,17.1784],[96.57297,17.1784],[96.57261,17.17797],[96.57109,17.17822],[96.57082,17.17797],[96.57154,17.17805],[96.57154,17.17762],[96.57001,17.17737],[96.56974,17.17788],[96.5701,17.17797],[96.57019,17.17848],[96.571,17.1784],[96.57109,17.17874],[96.57082,17.17951],[96.57046,17.17951],[96.57073,17.17917],[96.57037,17.17917],[96.57028,17.17985],[96.56974,17.17985],[96.56965,17.18028],[96.57001,17.18011],[96.56992,17.18063],[96.57019,17.18071],[96.57019,17.18097],[96.56992,17.18088],[96.57001,17.18157],[96.57046,17.18217],[96.57001,17.182],[96.5701,17.18234],[96.56974,17.18234],[96.57028,17.18269],[96.56965,17.18286],[96.56965,17.18329],[96.56992,17.18312],[96.57001,17.18337],[96.56956,17.18337],[96.56947,17.18389],[96.57001,17.18543],[96.57037,17.18552],[96.5701,17.18586],[96.57118,17.18578],[96.57136,17.18612],[96.57127,17.18646],[96.57037,17.18646],[96.57046,17.18689],[96.57082,17.18689],[96.57055,17.18706],[96.57073,17.18801],[96.57037,17.18827],[96.57037,17.18887],[96.571,17.18904],[96.571,17.18964],[96.57261,17.18964],[96.57306,17.18921],[96.5727,17.18878],[96.57261,17.18912],[96.57136,17.18912],[96.57118,17.18938],[96.57118,17.18904],[96.57208,17.18895],[96.57235,17.18844],[96.57288,17.18852],[96.5727,17.18672],[96.57243,17.18681],[96.57261,17.18629],[96.57199,17.18638],[96.57243,17.18732],[96.5719,17.18698],[96.5719,17.18621],[96.5727,17.18621],[96.57235,17.18586],[96.57261,17.18552],[96.57243,17.18518],[96.57288,17.18543],[96.57306,17.18672],[96.57387,17.18672],[96.57396,17.18646],[96.57495,17.18663],[96.57477,17.18612],[96.57531,17.18655],[96.57639,17.18612],[96.57747,17.18655],[96.57747,17.18595],[96.57791,17.18612],[96.57773,17.18655],[96.57845,17.18655],[96.57702,17.18681],[96.57594,17.18638],[96.57576,17.18672],[96.57612,17.18698],[96.57657,17.18663],[96.57693,17.18698],[96.57648,17.18766],[96.57603,17.18749],[96.57576,17.18681],[96.5754,17.18681],[96.57495,17.18698],[96.57486,17.18741],[96.57513,17.18758],[96.57468,17.18775],[96.57477,17.18681],[96.5745,17.18681],[96.57459,17.18724],[96.57423,17.18741],[96.5745,17.18775],[96.57387,17.18766],[96.57369,17.18792],[96.57414,17.18809],[96.57432,17.18784],[96.57459,17.18809],[96.57459,17.18784],[96.57504,17.18792],[96.5754,17.18758],[96.57567,17.18801],[96.57423,17.18818],[96.57369,17.18861],[96.57432,17.18972],[96.57531,17.18938],[96.57558,17.18972],[96.57369,17.18998],[96.57333,17.19032],[96.57351,17.1911],[96.57378,17.19084],[96.5736,17.19127],[96.57423,17.19196],[96.57423,17.19238],[96.57369,17.19221],[96.57369,17.19135],[96.57315,17.19127],[96.57378,17.19299],[96.57414,17.19324],[96.57387,17.1935],[96.5745,17.19341],[96.5745,17.19316],[96.57423,17.19324],[96.57423,17.19307]],[[96.57998,17.18689],[96.57908,17.18689],[96.57854,17.18672],[96.57854,17.18646],[96.57872,17.18629],[96.5789,17.18663],[96.57908,17.18578],[96.57953,17.18569],[96.57953,17.18638],[96.58034,17.18663],[96.58016,17.18689],[96.57998,17.18689]],[[96.57459,17.18603],[96.57414,17.18586],[96.57432,17.18638],[96.57378,17.18638],[96.57369,17.1856],[96.57324,17.18578],[96.57369,17.18552],[96.57369,17.185],[96.57342,17.18518],[96.57315,17.18492],[96.57297,17.18406],[96.57324,17.18372],[96.57369,17.18397],[96.57414,17.18363],[96.57423,17.18415],[96.57369,17.18397],[96.57351,17.18423],[96.57441,17.18475],[96.57432,17.18509],[96.57396,17.18509],[96.57396,17.18578],[96.57504,17.18578],[96.57468,17.18603],[96.57459,17.18603]],[[96.57549,17.18423],[96.57477,17.18389],[96.57459,17.18415],[96.57468,17.18346],[96.57405,17.18337],[96.57504,17.18294],[96.57513,17.18252],[96.57468,17.18217],[96.57513,17.18226],[96.5754,17.18312],[96.57576,17.18303],[96.57585,17.18372],[96.57612,17.18337],[96.57585,17.1826],[96.57612,17.18269],[96.57594,17.18294],[96.57693,17.18294],[96.57675,17.18329],[96.57747,17.18363],[96.57827,17.18354],[96.57782,17.1838],[96.57782,17.18432],[96.57729,17.18397],[96.5763,17.18397],[96.57639,17.1844],[96.57594,17.18449],[96.57621,17.18363],[96.57567,17.18372],[96.57549,17.18397],[96.57585,17.18423],[96.57549,17.1844],[96.57576,17.185],[96.57522,17.18492],[96.57558,17.18483],[96.5754,17.18423],[96.57549,17.18423]],[[96.57387,17.18243],[96.57378,17.18312],[96.57217,17.1832],[96.57235,17.18277],[96.57315,17.18286],[96.57324,17.1826],[96.57297,17.18277],[96.57279,17.18243],[96.57333,17.18217],[96.57369,17.18209],[96.57378,17.18243],[96.57387,17.18243]]],[[[96.56687,17.19307],[96.56651,17.19221],[96.56624,17.19273],[96.56597,17.19264],[96.56579,17.19161],[96.56615,17.1917],[96.56606,17.19144],[96.56498,17.19144],[96.56525,17.19221],[96.56471,17.1923],[96.56543,17.19256],[96.56516,17.19359],[96.56624,17.19393],[96.56606,17.19307],[96.56651,17.1929],[96.56687,17.19316],[96.56687,17.19307]]],[[[96.77617,17.19436],[96.7768,17.19401],[96.77815,17.19427],[96.77887,17.1941],[96.77581,17.19393],[96.77608,17.19436],[96.77617,17.19436]]],[[[96.57747,17.19281],[96.57782,17.1929],[96.57765,17.19324],[96.57747,17.19281],[96.57693,17.19264],[96.57684,17.19367],[96.5763,17.19333],[96.5754,17.19341],[96.57522,17.19281],[96.57531,17.19341],[96.57459,17.19376],[96.57486,17.19401],[96.57621,17.19393],[96.5763,17.19427],[96.57684,17.19444],[96.57693,17.19376],[96.57756,17.19401],[96.57747,17.19341],[96.578,17.19341],[96.57809,17.19299],[96.57863,17.19316],[96.57935,17.19281],[96.57881,17.19221],[96.57827,17.1923],[96.57827,17.19256],[96.57863,17.19256],[96.57827,17.19281],[96.578,17.19281],[96.578,17.1923],[96.57747,17.19247],[96.57747,17.19273],[96.57747,17.19281]]],[[[96.69488,17.19444],[96.69559,17.19401],[96.69613,17.19264],[96.69488,17.1941],[96.69488,17.19444]]],[[[96.60576,17.19333],[96.60549,17.19359],[96.60576,17.19324],[96.6054,17.19213],[96.60495,17.19247],[96.60468,17.19221],[96.60433,17.19264],[96.60468,17.19316],[96.60406,17.19281],[96.60406,17.19316],[96.60325,17.19341],[96.60334,17.19316],[96.60289,17.19299],[96.60307,17.19341],[96.6028,17.19341],[96.6028,17.19376],[96.60208,17.19384],[96.60181,17.19419],[96.60199,17.19444],[96.60307,17.19453],[96.60352,17.1941],[96.60397,17.19419],[96.60388,17.19444],[96.60415,17.19444],[96.60415,17.1941],[96.60495,17.1941],[96.60477,17.19453],[96.60513,17.19453],[96.60513,17.1941],[96.60585,17.19384],[96.60585,17.19333],[96.60576,17.19333]]],[[[96.78938,17.19427],[96.79055,17.19453],[96.79078,17.1942],[96.79144,17.1942],[96.78938,17.19401],[96.78938,17.19427]]],[[[96.69622,17.19496],[96.69667,17.19487],[96.69658,17.19427],[96.6973,17.19436],[96.69685,17.19384],[96.69748,17.19393],[96.69739,17.19316],[96.69694,17.19307],[96.69694,17.19281],[96.69667,17.1929],[96.69667,17.19376],[96.69613,17.19324],[96.69577,17.19384],[96.6955,17.19462],[96.69595,17.19496],[96.69622,17.19496]]],[[[96.83402,17.19444],[96.83358,17.19436],[96.83358,17.19401],[96.83411,17.1941],[96.83456,17.19359],[96.8342,17.19376],[96.83358,17.19341],[96.83358,17.19384],[96.83322,17.19393],[96.83259,17.1935],[96.83259,17.19307],[96.83205,17.19316],[96.83205,17.19264],[96.83151,17.19281],[96.83142,17.19247],[96.83169,17.19273],[96.83205,17.19247],[96.8316,17.19196],[96.83151,17.1923],[96.83115,17.19204],[96.83097,17.19256],[96.83061,17.19247],[96.83061,17.19281],[96.83133,17.19316],[96.83124,17.19341],[96.83187,17.1935],[96.83205,17.1941],[96.83286,17.19419],[96.83295,17.19453],[96.83367,17.19462],[96.83411,17.19513],[96.83474,17.19496],[96.83402,17.1947],[96.83402,17.19444]]],[[[96.55384,17.18869],[96.55357,17.18827],[96.55312,17.18878],[96.55231,17.18887],[96.55276,17.18904],[96.55267,17.18938],[96.5524,17.18912],[96.55231,17.18955],[96.5524,17.18998],[96.55294,17.19007],[96.55285,17.19032],[96.55249,17.19024],[96.55267,17.1911],[96.5533,17.19118],[96.55321,17.19075],[96.55393,17.1911],[96.55357,17.19153],[96.55366,17.19196],[96.5533,17.19187],[96.55339,17.19264],[96.55312,17.19273],[96.55348,17.19307],[96.55375,17.1929],[96.55384,17.19333],[96.55429,17.1935],[96.55411,17.19367],[96.55447,17.19376],[96.55402,17.19401],[96.55375,17.19367],[96.55375,17.19401],[96.55456,17.19427],[96.55447,17.19504],[96.55474,17.19522],[96.55501,17.19436],[96.55456,17.19376],[96.55465,17.19333],[96.55519,17.19333],[96.5551,17.19444],[96.55555,17.19444],[96.55627,17.1935],[96.55671,17.1935],[96.55636,17.19393],[96.55689,17.19376],[96.55716,17.1929],[96.55662,17.19238],[96.55609,17.19264],[96.55671,17.19204],[96.55644,17.19187],[96.55618,17.19213],[96.55609,17.19187],[96.55555,17.19204],[96.55582,17.19213],[96.55555,17.19316],[96.55483,17.1929],[96.55474,17.19316],[96.55438,17.19307],[96.55537,17.19204],[96.55474,17.19204],[96.55465,17.19075],[96.55429,17.19058],[96.55456,17.18981],[96.5542,17.18964],[96.55411,17.18998],[96.55312,17.19015],[96.55321,17.18964],[96.55366,17.18955],[96.55375,17.18912],[96.55348,17.18895],[96.55393,17.18895],[96.55393,17.18869],[96.55384,17.18869]]],[[[96.58241,17.19522],[96.58411,17.19436],[96.58447,17.19359],[96.58348,17.19341],[96.58321,17.19427],[96.58214,17.19419],[96.58232,17.19522],[96.58241,17.19522]]],[[[96.84804,17.19522],[96.84822,17.19453],[96.84759,17.19393],[96.84849,17.19376],[96.84849,17.19333],[96.84822,17.19359],[96.84768,17.19324],[96.84696,17.19341],[96.84696,17.19384],[96.84642,17.19367],[96.84633,17.19401],[96.84552,17.19401],[96.8457,17.1947],[96.84687,17.19453],[96.84669,17.19496],[96.84705,17.19479],[96.84795,17.19522],[96.84804,17.19522]]],[[[96.84121,17.19547],[96.84121,17.19479],[96.84085,17.19522],[96.84067,17.1947],[96.8404,17.19496],[96.83986,17.1947],[96.83986,17.19504],[96.83941,17.1947],[96.83941,17.1953],[96.84022,17.19513],[96.84112,17.19547],[96.84121,17.19547]]],[[[96.63577,17.1959],[96.63577,17.19556],[96.63505,17.1953],[96.63586,17.19513],[96.63541,17.1947],[96.63559,17.19427],[96.63586,17.19436],[96.63532,17.19393],[96.6355,17.1935],[96.63415,17.19367],[96.63118,17.19333],[96.63127,17.19376],[96.63056,17.19547],[96.63235,17.19565],[96.63235,17.1947],[96.63307,17.19453],[96.63352,17.19487],[96.63343,17.19565],[96.63568,17.1959],[96.63577,17.1959]]],[[[96.79324,17.1959],[96.7936,17.19547],[96.79225,17.19547],[96.79216,17.19496],[96.79207,17.1953],[96.79189,17.19513],[96.79324,17.19401],[96.79243,17.19393],[96.79225,17.1942],[96.79279,17.1941],[96.79266,17.19456],[96.79185,17.19456],[96.79185,17.19501],[96.79144,17.19519],[96.79153,17.19565],[96.79306,17.19565],[96.79315,17.1959],[96.79324,17.1959]]],[[[96.79432,17.1959],[96.79432,17.19565],[96.79531,17.19573],[96.7954,17.19539],[96.79468,17.19522],[96.7945,17.19547],[96.79369,17.19547],[96.79369,17.19573],[96.79423,17.1959],[96.79432,17.1959]]],[[[96.6054,17.19607],[96.60558,17.19565],[96.60513,17.19573],[96.60495,17.19539],[96.60388,17.19522],[96.6037,17.19547],[96.6045,17.19556],[96.60513,17.19607],[96.6054,17.19607]]],[[[96.61295,17.19161],[96.61268,17.19204],[96.61304,17.19281],[96.61304,17.19333],[96.61277,17.19333],[96.61304,17.19401],[96.61268,17.19444],[96.61277,17.19504],[96.61205,17.1953],[96.61214,17.19573],[96.61268,17.19607],[96.61322,17.1953],[96.61277,17.19453],[96.61304,17.19444],[96.61349,17.19504],[96.6143,17.19316],[96.61403,17.19256],[96.61421,17.19213],[96.61304,17.1923],[96.61295,17.19178],[96.61295,17.19161]]],[[[96.62885,17.19522],[96.62822,17.1953],[96.62831,17.1959],[96.62957,17.19616],[96.62957,17.19565],[96.62885,17.19565],[96.62885,17.1953],[96.62885,17.19522]]],[[[96.59229,17.19504],[96.59202,17.1947],[96.59247,17.19444],[96.59202,17.19444],[96.59139,17.19522],[96.59175,17.1947],[96.59067,17.19504],[96.59121,17.1947],[96.59121,17.19419],[96.59058,17.19444],[96.59049,17.1941],[96.58959,17.19427],[96.58834,17.19393],[96.58851,17.19324],[96.5895,17.19307],[96.5895,17.19247],[96.58986,17.19264],[96.5895,17.1917],[96.58923,17.1917],[96.58914,17.19221],[96.58851,17.19273],[96.58851,17.1923],[96.58923,17.1917],[96.58923,17.1911],[96.58896,17.19161],[96.58851,17.1917],[96.5886,17.19213],[96.58771,17.1923],[96.58798,17.19264],[96.58842,17.19247],[96.58842,17.19281],[96.58771,17.19316],[96.58825,17.1935],[96.58762,17.19419],[96.58726,17.1941],[96.58717,17.19496],[96.5869,17.19462],[96.58726,17.19376],[96.58681,17.19359],[96.58681,17.19427],[96.58636,17.19419],[96.58672,17.19436],[96.58663,17.19487],[96.58618,17.19487],[96.58663,17.19513],[96.5869,17.19479],[96.58681,17.19504],[96.58726,17.19513],[96.58654,17.1953],[96.58654,17.19556],[96.58807,17.19573],[96.58816,17.19539],[96.58851,17.19582],[96.58995,17.19582],[96.59022,17.19547],[96.59013,17.19582],[96.59157,17.19565],[96.59166,17.19599],[96.59247,17.19625],[96.59292,17.19573],[96.59319,17.1959],[96.59319,17.19556],[96.59292,17.19487],[96.59247,17.1953],[96.59238,17.19504],[96.59229,17.19504]]],[[[96.60989,17.1965],[96.61142,17.19607],[96.61088,17.19539],[96.61097,17.19504],[96.61061,17.19496],[96.61025,17.19547],[96.60945,17.19539],[96.60945,17.19565],[96.60918,17.19522],[96.60891,17.1953],[96.60954,17.1965],[96.60989,17.1965]]],[[[96.78372,17.19522],[96.78345,17.19522],[96.78381,17.19522],[96.78363,17.19479],[96.78345,17.19504],[96.78336,17.19479],[96.78282,17.19496],[96.78327,17.1953],[96.78228,17.19522],[96.78237,17.19479],[96.7821,17.19504],[96.78291,17.1959],[96.78354,17.19573],[96.78381,17.1965],[96.78372,17.1953],[96.78372,17.19522]]],[[[96.56552,17.19668],[96.56498,17.19616],[96.56444,17.19659],[96.56435,17.19565],[96.56399,17.19565],[96.56435,17.19616],[96.56399,17.1965],[96.56417,17.19676],[96.56561,17.19668],[96.56552,17.19668]]],[[[96.57486,17.19401],[96.57441,17.19401],[96.57432,17.19367],[96.57387,17.19401],[96.57414,17.19427],[96.57378,17.19436],[96.57378,17.19401],[96.5736,17.19436],[96.57261,17.19427],[96.57261,17.19453],[96.57306,17.19462],[96.57324,17.19427],[96.5736,17.19479],[96.5736,17.1953],[96.57315,17.19556],[96.57261,17.1953],[96.5727,17.19676],[96.57432,17.19668],[96.57396,17.19522],[96.57432,17.19479],[96.57387,17.19496],[96.57378,17.19462],[96.57486,17.1941],[96.57486,17.19401]]],[[[96.5957,17.19668],[96.59552,17.1965],[96.59597,17.19659],[96.59597,17.19616],[96.59561,17.19599],[96.59552,17.19633],[96.59552,17.19599],[96.59525,17.19599],[96.5957,17.19565],[96.59516,17.19513],[96.59462,17.19565],[96.59444,17.1953],[96.59471,17.19487],[96.59543,17.19487],[96.59579,17.1953],[96.59579,17.1947],[96.59552,17.19479],[96.59543,17.19444],[96.59579,17.19393],[96.59624,17.19401],[96.59606,17.19453],[96.59579,17.19453],[96.59624,17.19479],[96.59633,17.1953],[96.59588,17.19547],[96.59642,17.19547],[96.59624,17.19642],[96.5966,17.19676],[96.59804,17.19607],[96.59741,17.1959],[96.59732,17.19547],[96.59777,17.19565],[96.59804,17.19539],[96.59786,17.19565],[96.59831,17.19556],[96.5984,17.19582],[96.59911,17.19513],[96.59938,17.19539],[96.60091,17.19384],[96.60217,17.1935],[96.6019,17.19341],[96.60181,17.19221],[96.60145,17.1917],[96.60217,17.19153],[96.60208,17.19084],[96.60235,17.1911],[96.60316,17.19084],[96.60289,17.19041],[96.60316,17.19007],[96.60253,17.1905],[96.60091,17.19007],[96.60091,17.19093],[96.60001,17.19101],[96.60019,17.19153],[96.59974,17.19161],[96.59992,17.19196],[96.60019,17.19187],[96.60037,17.19264],[96.59938,17.19264],[96.59929,17.19496],[96.59894,17.1947],[96.59911,17.19427],[96.59885,17.19462],[96.5984,17.19444],[96.59849,17.19479],[96.59813,17.19419],[96.59768,17.19444],[96.59813,17.19384],[96.59795,17.19359],[96.59768,17.19359],[96.59768,17.19401],[96.59741,17.19384],[96.59705,17.19264],[96.5975,17.19281],[96.5975,17.19256],[96.59813,17.19256],[96.59795,17.19196],[96.59849,17.19221],[96.59831,17.19178],[96.59876,17.19118],[96.59911,17.19093],[96.59947,17.1911],[96.59956,17.18929],[96.59813,17.18904],[96.59813,17.18938],[96.59786,17.18938],[96.5975,17.18904],[96.5975,17.18947],[96.59804,17.18947],[96.59813,17.1899],[96.59903,17.19024],[96.59947,17.18998],[96.5992,17.19075],[96.59903,17.19041],[96.59858,17.1905],[96.5975,17.18981],[96.59768,17.19135],[96.59741,17.1923],[96.59714,17.1923],[96.59732,17.19135],[96.59669,17.19161],[96.59615,17.19144],[96.59606,17.19187],[96.59579,17.19178],[96.5957,17.19127],[96.59624,17.1911],[96.59615,17.19041],[96.59579,17.1905],[96.59597,17.19093],[96.59471,17.19093],[96.59444,17.19144],[96.59408,17.19144],[96.59444,17.19196],[96.59426,17.19256],[96.59453,17.19247],[96.59471,17.19299],[96.59346,17.19281],[96.59319,17.19333],[96.59292,17.19273],[96.59229,17.1929],[96.5922,17.19324],[96.59274,17.19359],[96.59292,17.19333],[96.59328,17.19376],[96.59355,17.19341],[96.59399,17.1935],[96.59399,17.19307],[96.59453,17.19376],[96.59453,17.19427],[96.59372,17.19444],[96.59364,17.19419],[96.59355,17.19547],[96.5939,17.19599],[96.59453,17.19599],[96.59498,17.19668],[96.5957,17.19676],[96.5957,17.19668]],[[96.59606,17.19238],[96.59579,17.19221],[96.59606,17.19221],[96.59615,17.1929],[96.5966,17.19307],[96.59543,17.19333],[96.5957,17.19384],[96.59498,17.19427],[96.59498,17.19307],[96.59525,17.19299],[96.59489,17.19221],[96.59561,17.19238],[96.59534,17.19264],[96.59606,17.19247],[96.59606,17.19238]]],[[[96.60459,17.19676],[96.60522,17.19676],[96.60531,17.19616],[96.60379,17.19582],[96.60379,17.19642],[96.60459,17.19668],[96.60459,17.19676]]],[[[96.58851,17.19582],[96.586,17.19599],[96.58573,17.19659],[96.58762,17.19668],[96.58722,17.19618],[96.5883,17.19609],[96.58884,17.19654],[96.59036,17.19627],[96.59117,17.19693],[96.59139,17.19668],[96.59121,17.19616],[96.59085,17.19633],[96.58851,17.1959],[96.58851,17.19582]]],[[[96.79962,17.19453],[96.80007,17.19453],[96.79998,17.19427],[96.79962,17.19436],[96.79962,17.19393],[96.7989,17.19444],[96.79935,17.19479],[96.79953,17.19462],[96.79917,17.19513],[96.80007,17.1953],[96.79971,17.19565],[96.80025,17.19556],[96.80034,17.1965],[96.80061,17.19659],[96.80052,17.19625],[96.80079,17.1965],[96.80034,17.19702],[96.80097,17.19702],[96.80088,17.19659],[96.80115,17.1965],[96.80052,17.19616],[96.80079,17.19556],[96.80052,17.19496],[96.80025,17.19496],[96.80034,17.19444],[96.80007,17.19513],[96.79998,17.1947],[96.79962,17.19462],[96.79962,17.19453]]],[[[96.58016,17.19728],[96.58034,17.19625],[96.57989,17.19607],[96.57989,17.1965],[96.57908,17.19659],[96.57998,17.19728],[96.58016,17.19728]]],[[[96.69488,17.19444],[96.69434,17.19539],[96.69362,17.19547],[96.6938,17.1959],[96.69335,17.1959],[96.69317,17.19659],[96.69362,17.19668],[96.69335,17.19676],[96.69344,17.19736],[96.6938,17.19676],[96.69425,17.19685],[96.69416,17.19607],[96.69479,17.19573],[96.69461,17.19539],[96.69506,17.19487],[96.69488,17.19453],[96.69488,17.19444]]],[[[96.54459,17.19728],[96.5445,17.19702],[96.54459,17.19736],[96.54486,17.19728],[96.54504,17.19633],[96.54522,17.19753],[96.54549,17.1965],[96.54522,17.1959],[96.5445,17.19607],[96.54459,17.19573],[96.54423,17.19565],[96.54378,17.19625],[96.54387,17.19668],[96.54414,17.19659],[96.54378,17.19685],[96.54378,17.19736],[96.54441,17.19728],[96.54459,17.19728]]],[[[96.83636,17.19693],[96.83659,17.19736],[96.83726,17.19719],[96.83807,17.19762],[96.83789,17.1971],[96.83708,17.19702],[96.83708,17.19668],[96.83636,17.19685],[96.83636,17.19693]]],[[[96.59319,17.19745],[96.59292,17.19702],[96.59337,17.19702],[96.59319,17.19659],[96.59184,17.19633],[96.59184,17.19745],[96.59301,17.19745],[96.59319,17.19745]]],[[[96.84624,17.19745],[96.84597,17.19728],[96.84642,17.19745],[96.84669,17.1971],[96.84777,17.19702],[96.84777,17.1965],[96.84732,17.19685],[96.84714,17.1965],[96.8475,17.19633],[96.84705,17.19633],[96.84687,17.19693],[96.84597,17.19702],[96.8457,17.19753],[96.84624,17.19753],[96.84624,17.19745]]],[[[96.83636,17.19693],[96.83609,17.19685],[96.83618,17.19633],[96.83609,17.19668],[96.83555,17.19659],[96.83591,17.1971],[96.83537,17.19668],[96.83564,17.19719],[96.83474,17.19659],[96.83429,17.19676],[96.8342,17.19633],[96.8342,17.19668],[96.83393,17.19668],[96.83402,17.19642],[96.83331,17.19573],[96.83241,17.19582],[96.83205,17.19616],[96.83178,17.19539],[96.83097,17.19522],[96.83115,17.1947],[96.83052,17.19487],[96.83079,17.19436],[96.83025,17.19479],[96.82998,17.19462],[96.83025,17.19462],[96.83007,17.19393],[96.82926,17.19419],[96.82854,17.19384],[96.82819,17.19419],[96.8281,17.19376],[96.82783,17.19376],[96.82747,17.19436],[96.82711,17.19419],[96.82675,17.19496],[96.82585,17.1953],[96.82648,17.19565],[96.82621,17.19599],[96.82666,17.1959],[96.82657,17.19625],[96.82738,17.19625],[96.82702,17.19633],[96.82729,17.19693],[96.82801,17.19668],[96.82801,17.19693],[96.82899,17.19693],[96.82899,17.19736],[96.82944,17.19745],[96.83097,17.1971],[96.8316,17.19779],[96.83205,17.19779],[96.83232,17.19744],[96.83138,17.19699],[96.83165,17.19654],[96.83524,17.19753],[96.83596,17.19753],[96.83636,17.19702],[96.83636,17.19693]]],[[[96.57019,17.19676],[96.56992,17.19659],[96.57064,17.19685],[96.57127,17.19676],[96.57127,17.1965],[96.57073,17.1965],[96.57037,17.19607],[96.571,17.1959],[96.57118,17.19539],[96.57082,17.19539],[96.57073,17.19427],[96.57019,17.19419],[96.5701,17.19316],[96.56947,17.1935],[96.57001,17.1935],[96.56965,17.1941],[96.56974,17.19444],[96.57019,17.19444],[96.5701,17.1947],[96.56974,17.19462],[96.56992,17.19504],[96.56965,17.19513],[96.56956,17.19599],[96.56947,17.19522],[96.56911,17.19504],[96.56893,17.1953],[96.56902,17.19504],[96.56866,17.19487],[96.56875,17.19444],[96.56839,17.19487],[96.56857,17.19547],[96.5683,17.1959],[96.56767,17.19496],[96.56597,17.19513],[96.5666,17.19582],[96.56624,17.19685],[96.56678,17.19685],[96.56696,17.19719],[96.56758,17.19676],[96.56803,17.19685],[96.5683,17.19633],[96.5683,17.19676],[96.56911,17.19676],[96.5692,17.19762],[96.56983,17.1977],[96.57001,17.19745],[96.57019,17.19779],[96.57046,17.19753],[96.57118,17.19788],[96.57163,17.1977],[96.57154,17.19736],[96.57073,17.19736],[96.57136,17.19693],[96.57019,17.19693],[96.57019,17.19676]]],[[[96.63038,17.19796],[96.63127,17.19779],[96.63127,17.19728],[96.63106,17.19771],[96.6307,17.19762],[96.6307,17.19699],[96.63106,17.1969],[96.63118,17.19726],[96.63118,17.19676],[96.63011,17.19659],[96.62984,17.19779],[96.63029,17.19796],[96.63038,17.19796]]],[[[96.6196,17.19805],[96.61969,17.19753],[96.62014,17.19753],[96.62067,17.1965],[96.62049,17.19607],[96.61978,17.19573],[96.61897,17.19659],[96.61897,17.19702],[96.61933,17.19736],[96.61969,17.19728],[96.61942,17.1977],[96.61942,17.19805],[96.61969,17.19805],[96.6196,17.19805]],[[96.61983,17.19735],[96.61929,17.19699],[96.61956,17.196],[96.62046,17.19636],[96.61992,17.19735],[96.61983,17.19735]]],[[[96.84,17.19816],[96.84031,17.19779],[96.83914,17.1977],[96.83906,17.19702],[96.83897,17.19728],[96.83852,17.1971],[96.83875,17.1978],[96.83956,17.19816],[96.84,17.19816]]],[[[96.54144,17.19685],[96.54162,17.19668],[96.54144,17.1971],[96.54108,17.1971],[96.5409,17.19822],[96.54126,17.19805],[96.54126,17.19736],[96.54171,17.19736],[96.54198,17.19659],[96.5418,17.19616],[96.54216,17.19616],[96.5418,17.1959],[96.54099,17.19607],[96.5409,17.19642],[96.54126,17.19625],[96.54135,17.19659],[96.54072,17.19659],[96.54117,17.19685],[96.54144,17.19685]]],[[[96.70628,17.19668],[96.70592,17.19676],[96.7061,17.19753],[96.70691,17.19753],[96.70691,17.19822],[96.70754,17.19813],[96.70745,17.19762],[96.70772,17.19753],[96.70727,17.19728],[96.70709,17.1959],[96.70646,17.19573],[96.70682,17.19547],[96.70673,17.19504],[96.70548,17.19513],[96.70566,17.19582],[96.70628,17.19556],[96.70628,17.19616],[96.70682,17.19616],[96.70682,17.1965],[96.70628,17.1965],[96.70628,17.19668]]],[[[96.71464,17.19822],[96.715,17.19745],[96.71401,17.1971],[96.71419,17.19796],[96.71455,17.19822],[96.71464,17.19822]]],[[[96.78102,17.19796],[96.78084,17.19736],[96.78022,17.19745],[96.77995,17.19719],[96.77977,17.19745],[96.78031,17.19762],[96.77977,17.19788],[96.7795,17.19728],[96.77833,17.19736],[96.77824,17.1977],[96.77797,17.1977],[96.77824,17.19736],[96.77779,17.19745],[96.77797,17.19805],[96.7786,17.19779],[96.77887,17.19831],[96.77977,17.19796],[96.78084,17.19822],[96.78084,17.19796],[96.78102,17.19796]]],[[[96.78102,17.19796],[96.78192,17.19831],[96.78201,17.19779],[96.78174,17.1977],[96.7821,17.19728],[96.78174,17.19753],[96.78111,17.19736],[96.7812,17.19796],[96.78102,17.19796]]],[[[96.8431,17.19728],[96.84382,17.19728],[96.84391,17.19762],[96.84346,17.19805],[96.84283,17.19779],[96.84265,17.19805],[96.84175,17.19796],[96.84166,17.19822],[96.844,17.19822],[96.84418,17.19719],[96.84328,17.19728],[96.8431,17.19728]]],[[[96.8431,17.19779],[96.8431,17.1971],[96.84265,17.19728],[96.84211,17.19693],[96.84202,17.19736],[96.84166,17.19728],[96.84211,17.19685],[96.84157,17.1971],[96.84157,17.19753],[96.84067,17.19753],[96.84067,17.19719],[96.8404,17.19753],[96.84054,17.19822],[96.84112,17.19822],[96.84103,17.19848],[96.84148,17.19839],[96.84103,17.19813],[96.84148,17.1977],[96.84238,17.1977],[96.8422,17.19736],[96.84301,17.19779],[96.8431,17.19779]]],[[[96.70844,17.19891],[96.70907,17.19822],[96.7088,17.19822],[96.7088,17.19779],[96.70817,17.19805],[96.70853,17.19745],[96.70826,17.1977],[96.7079,17.19745],[96.7079,17.19848],[96.70835,17.19865],[96.70826,17.19891],[96.70844,17.19891]]],[[[96.79545,17.19896],[96.79576,17.19865],[96.79621,17.19873],[96.79647,17.19788],[96.79612,17.19779],[96.79603,17.19839],[96.79549,17.19865],[96.79495,17.19856],[96.79486,17.19891],[96.79549,17.19896],[96.79545,17.19896]]],[[[96.83205,17.19908],[96.83232,17.19856],[96.83268,17.19899],[96.83286,17.19779],[96.83327,17.19762],[96.8325,17.19753],[96.83268,17.19788],[96.83259,17.19813],[96.83214,17.19805],[96.83196,17.19908],[96.83205,17.19908]]],[[[96.85271,17.19805],[96.85325,17.19831],[96.85289,17.19848],[96.85298,17.19882],[96.85352,17.19865],[96.85379,17.19908],[96.85424,17.19839],[96.85352,17.19813],[96.85352,17.19779],[96.85469,17.19728],[96.85522,17.19745],[96.85531,17.1971],[96.85514,17.19676],[96.85406,17.19668],[96.85397,17.19633],[96.85496,17.1965],[96.85469,17.19616],[96.85505,17.19607],[96.85522,17.19642],[96.85531,17.19599],[96.85451,17.19582],[96.85415,17.19616],[96.85424,17.19582],[96.85397,17.19599],[96.8537,17.19556],[96.85334,17.19556],[96.85352,17.1959],[96.85199,17.19599],[96.85199,17.19556],[96.85136,17.19582],[96.85136,17.19547],[96.85109,17.19565],[96.85091,17.1953],[96.85064,17.19607],[96.85136,17.19625],[96.85136,17.19659],[96.85163,17.19659],[96.85145,17.19685],[96.85226,17.1971],[96.85244,17.19788],[96.85208,17.19753],[96.85208,17.19796],[96.85271,17.19813],[96.85271,17.19805]]],[[[96.60819,17.19504],[96.60855,17.19522],[96.60801,17.19539],[96.60846,17.19676],[96.6081,17.19668],[96.60801,17.19582],[96.60774,17.19573],[96.60756,17.19607],[96.60765,17.1953],[96.60819,17.19504],[96.60783,17.19462],[96.60801,17.19419],[96.60765,17.19401],[96.60783,17.19316],[96.60729,17.19281],[96.60675,17.19341],[96.6063,17.19513],[96.60729,17.19539],[96.60756,17.19496],[96.60738,17.19556],[96.60711,17.19547],[96.60684,17.19607],[96.60657,17.19547],[96.60612,17.19547],[96.6063,17.19642],[96.60549,17.19659],[96.60549,17.19736],[96.60504,17.19745],[96.60477,17.19856],[96.60433,17.19831],[96.6037,17.19916],[96.60459,17.19916],[96.60486,17.19856],[96.60531,17.19865],[96.60549,17.19908],[96.60684,17.19891],[96.60756,17.19779],[96.60837,17.19753],[96.60864,17.19796],[96.609,17.19788],[96.60927,17.19693],[96.60989,17.19805],[96.61178,17.19805],[96.61205,17.19753],[96.61187,17.19633],[96.60909,17.19685],[96.60918,17.19633],[96.60864,17.19547],[96.60864,17.19487],[96.60837,17.19462],[96.60819,17.19496],[96.60819,17.19504]]],[[[96.62139,17.19916],[96.6213,17.19873],[96.62175,17.19873],[96.62166,17.19779],[96.62112,17.19805],[96.62094,17.19856],[96.62103,17.19899],[96.62148,17.19916],[96.62139,17.19916]]],[[[96.83986,17.19899],[96.84013,17.19843],[96.83947,17.19879],[96.83785,17.19887],[96.83771,17.19865],[96.8378,17.19934],[96.83744,17.19959],[96.83798,17.19951],[96.83834,17.19899],[96.83959,17.19899],[96.83986,17.19899]]],[[[96.60424,17.19779],[96.60316,17.19762],[96.60316,17.19719],[96.60343,17.19719],[96.60307,17.19702],[96.60271,17.19745],[96.60235,17.19719],[96.60217,17.19813],[96.60145,17.19839],[96.60127,17.19745],[96.60163,17.19693],[96.60217,17.1971],[96.60226,17.1959],[96.60172,17.19616],[96.60181,17.1965],[96.60136,17.19693],[96.60091,17.19702],[96.60199,17.19565],[96.60199,17.19539],[96.60163,17.19547],[96.60172,17.19513],[96.60208,17.19522],[96.60199,17.1947],[96.60109,17.19487],[96.60109,17.19453],[96.59938,17.1959],[96.59849,17.19633],[96.59804,17.19607],[96.59786,17.19685],[96.59669,17.19685],[96.59642,17.19745],[96.59714,17.19745],[96.59795,17.19693],[96.59786,17.19728],[96.59831,17.19719],[96.59885,17.19779],[96.5992,17.19702],[96.59911,17.19607],[96.59956,17.19616],[96.59938,17.19668],[96.6001,17.19676],[96.59983,17.1977],[96.59903,17.19865],[96.59956,17.19968],[96.60118,17.19934],[96.60172,17.19951],[96.60172,17.19916],[96.60208,17.19942],[96.60298,17.19925],[96.60352,17.19899],[96.60424,17.19796],[96.60424,17.19779]]],[[[96.5816,17.19873],[96.5825,17.19873],[96.58259,17.19831],[96.58223,17.19796],[96.58259,17.19779],[96.58205,17.19762],[96.58187,17.19788],[96.5816,17.19762],[96.58169,17.19813],[96.58214,17.19805],[96.58169,17.19856],[96.58124,17.19788],[96.57971,17.19788],[96.57935,17.19839],[96.57836,17.19822],[96.57872,17.19796],[96.57836,17.19762],[96.57827,17.19848],[96.57738,17.19831],[96.57729,17.19856],[96.57756,17.19916],[96.57765,17.19891],[96.57845,17.19908],[96.57863,17.19882],[96.57944,17.19882],[96.57962,17.19916],[96.58034,17.19908],[96.58043,17.19942],[96.5807,17.19891],[96.58133,17.19891],[96.58124,17.19925],[96.58052,17.19942],[96.58088,17.19976],[96.5816,17.19891],[96.5816,17.19873]]],[[[96.70727,17.19976],[96.70727,17.19951],[96.70754,17.19959],[96.70736,17.19891],[96.70682,17.19848],[96.70646,17.19891],[96.70709,17.19976],[96.70727,17.19976]]],[[[96.62382,17.20002],[96.62481,17.19934],[96.62436,17.19882],[96.62324,17.19925],[96.62369,17.20002],[96.62382,17.20002]]],[[[96.76845,17.20002],[96.76845,17.19959],[96.76872,17.19976],[96.76881,17.19951],[96.7689,17.19891],[96.76854,17.19891],[96.76881,17.19856],[96.76782,17.19848],[96.76755,17.19968],[96.768,17.19985],[96.76827,17.19959],[96.76836,17.20002],[96.76845,17.20002]]],[[[96.61115,17.20011],[96.6116,17.19994],[96.61151,17.19934],[96.61187,17.19934],[96.61196,17.19968],[96.61196,17.19848],[96.61061,17.19873],[96.61061,17.19925],[96.61106,17.19951],[96.6107,17.19968],[96.61061,17.19934],[96.61034,17.19968],[96.61097,17.20011],[96.61115,17.20011]]],[[[96.76593,17.19951],[96.76494,17.19968],[96.76521,17.20054],[96.76575,17.20054],[96.76575,17.19976],[96.76647,17.20011],[96.76647,17.19925],[96.76593,17.19942],[96.76593,17.19951]]],[[[96.78336,17.20071],[96.78345,17.20028],[96.78426,17.20019],[96.78377,17.19977],[96.78462,17.19976],[96.78453,17.19925],[96.78399,17.19934],[96.78399,17.19968],[96.78332,17.19934],[96.7835,17.19995],[96.78327,17.20071],[96.78336,17.20071]]],[[[96.57567,17.20002],[96.57567,17.19908],[96.57621,17.19831],[96.57621,17.19685],[96.57432,17.19685],[96.57432,17.19848],[96.5754,17.19865],[96.5745,17.19891],[96.57423,17.19891],[96.57414,17.19685],[96.57351,17.19685],[96.57351,17.19736],[96.57306,17.19762],[96.57333,17.19788],[96.5736,17.19762],[96.57405,17.19822],[96.57369,17.19813],[96.57378,17.19856],[96.57351,17.19848],[96.57342,17.19882],[96.57405,17.19908],[96.57414,17.19942],[96.57441,17.19925],[96.57441,17.20011],[96.57486,17.20019],[96.57513,17.20079],[96.57558,17.20002],[96.57567,17.20002]]],[[[96.59319,17.19745],[96.5931,17.19779],[96.59372,17.19779],[96.59328,17.19805],[96.59328,17.19908],[96.59372,17.19908],[96.59328,17.19951],[96.59364,17.19976],[96.59507,17.19976],[96.59498,17.19925],[96.59525,17.19925],[96.59534,17.20011],[96.59597,17.19968],[96.5966,17.19968],[96.59633,17.20045],[96.5966,17.20011],[96.59678,17.20079],[96.59741,17.20045],[96.59678,17.19968],[96.59777,17.19985],[96.59759,17.20011],[96.59786,17.20011],[96.59849,17.19951],[96.59804,17.19891],[96.59858,17.19856],[96.59858,17.19805],[96.59813,17.19805],[96.59813,17.19779],[96.59705,17.19796],[96.59723,17.19848],[96.59678,17.19899],[96.59696,17.19951],[96.59651,17.19951],[96.5957,17.19925],[96.59579,17.19848],[96.59606,17.19848],[96.59597,17.19908],[96.59651,17.19908],[96.59651,17.19796],[96.59624,17.19822],[96.59507,17.19813],[96.59561,17.19762],[96.59507,17.19693],[96.59364,17.19642],[96.59337,17.19745],[96.59319,17.19745]]],[[[96.7053,17.19916],[96.70449,17.19873],[96.7044,17.19925],[96.70413,17.19916],[96.7044,17.20019],[96.7053,17.20002],[96.70449,17.20045],[96.70476,17.20079],[96.70557,17.20045],[96.7053,17.19925],[96.7053,17.19916]]],[[[96.54315,17.20002],[96.5427,17.20011],[96.54261,17.19976],[96.54342,17.20011],[96.54351,17.19934],[96.54315,17.19942],[96.54324,17.19968],[96.54306,17.19942],[96.54225,17.19968],[96.54243,17.20037],[96.54279,17.20037],[96.54243,17.20045],[96.54252,17.20079],[96.54279,17.20062],[96.54261,17.20088],[96.54297,17.20097],[96.54315,17.20011],[96.54315,17.20002]]],[[[96.62103,17.20097],[96.62148,17.20071],[96.62148,17.20011],[96.62112,17.20019],[96.62085,17.19985],[96.62023,17.20002],[96.6204,17.19968],[96.61987,17.19916],[96.61915,17.19951],[96.61915,17.19985],[96.62058,17.20054],[96.62085,17.20097],[96.62103,17.20097]]],[[[96.57836,17.20114],[96.57863,17.20079],[96.57845,17.20045],[96.57791,17.20062],[96.57836,17.19985],[96.57765,17.19959],[96.57747,17.20019],[96.578,17.20011],[96.57765,17.20037],[96.57773,17.20088],[96.57827,17.20114],[96.57836,17.20114]]],[[[96.57567,17.20002],[96.57576,17.20088],[96.57639,17.20097],[96.57639,17.20131],[96.57711,17.20131],[96.57702,17.20062],[96.57738,17.20062],[96.57738,17.20011],[96.57693,17.20054],[96.57666,17.19994],[96.57603,17.19994],[96.57612,17.20028],[96.57576,17.20002],[96.57567,17.20002]]],[[[96.77914,17.20105],[96.77986,17.20122],[96.78018,17.20045],[96.7795,17.20045],[96.77914,17.20088],[96.77914,17.20105]]],[[[96.57585,17.2014],[96.57495,17.20071],[96.57495,17.20114],[96.5745,17.20071],[96.57423,17.20097],[96.57432,17.2014],[96.57594,17.2014],[96.57585,17.2014]]],[[[96.62705,17.20157],[96.62723,17.20114],[96.62759,17.20114],[96.62723,17.20097],[96.62741,17.20002],[96.62804,17.20019],[96.62732,17.19959],[96.62687,17.19976],[96.62737,17.19995],[96.62719,17.2004],[96.62687,17.20037],[96.62687,17.20157],[96.62705,17.20157]]],[[[96.77887,17.20122],[96.77923,17.20114],[96.77842,17.20037],[96.7777,17.20079],[96.77779,17.20157],[96.77851,17.20157],[96.77842,17.20122],[96.77806,17.20122],[96.77815,17.20088],[96.77887,17.20131],[96.77887,17.20122]]],[[[96.80483,17.20062],[96.80492,17.20088],[96.80447,17.20062],[96.80447,17.20097],[96.8042,17.20071],[96.80375,17.20105],[96.80393,17.20062],[96.80357,17.20002],[96.80312,17.20002],[96.80321,17.20054],[96.80276,17.20114],[96.80339,17.20148],[96.80366,17.20122],[96.80456,17.20148],[96.80474,17.20191],[96.80546,17.20174],[96.80528,17.2014],[96.80564,17.20165],[96.80582,17.2014],[96.80573,17.202],[96.806,17.202],[96.80618,17.20114],[96.80654,17.20105],[96.80645,17.20062],[96.806,17.20062],[96.80618,17.20011],[96.80537,17.20045],[96.80555,17.19968],[96.80519,17.19968],[96.80483,17.20037],[96.80483,17.20062]]],[[[96.58672,17.20217],[96.58708,17.202],[96.58681,17.20157],[96.58537,17.20097],[96.58537,17.20165],[96.58627,17.20165],[96.58663,17.20217],[96.58672,17.20217]]],[[[96.60073,17.20148],[96.60082,17.20174],[96.60181,17.20157],[96.60136,17.20208],[96.60091,17.20191],[96.60082,17.20242],[96.60145,17.20242],[96.60226,17.20157],[96.60271,17.20165],[96.60316,17.19994],[96.60271,17.19994],[96.60253,17.19959],[96.60181,17.19968],[96.60181,17.20037],[96.60127,17.20045],[96.60136,17.20097],[96.60109,17.20071],[96.60055,17.20088],[96.60028,17.20054],[96.6001,17.20131],[96.60055,17.20114],[96.60055,17.20148],[96.60073,17.20148]]],[[[96.77069,17.20242],[96.77069,17.20217],[96.77105,17.20225],[96.77096,17.20148],[96.77051,17.2014],[96.77096,17.20097],[96.77015,17.20011],[96.77033,17.19942],[96.77006,17.19942],[96.76979,17.20122],[96.7706,17.20157],[96.77051,17.20242],[96.77069,17.20242]]],[[[96.783,17.202],[96.78228,17.20157],[96.78246,17.20174],[96.78183,17.20182],[96.78147,17.20242],[96.78183,17.202],[96.78228,17.20242],[96.78336,17.20234],[96.78327,17.202],[96.783,17.20208],[96.783,17.202]]],[[[96.59202,17.2026],[96.59247,17.20234],[96.59283,17.20251],[96.5931,17.20217],[96.59175,17.20217],[96.59112,17.20182],[96.59148,17.20148],[96.59103,17.20131],[96.59094,17.20242],[96.59193,17.2026],[96.59202,17.2026]]],[[[96.69973,17.20148],[96.69964,17.20174],[96.69973,17.20088],[96.69919,17.20114],[96.69892,17.20062],[96.69847,17.20114],[96.69856,17.20148],[96.69919,17.20122],[96.69946,17.20157],[96.69874,17.20148],[96.69847,17.20191],[96.6991,17.20217],[96.69901,17.2026],[96.69946,17.2026],[96.69955,17.20225],[96.7,17.20242],[96.69982,17.20191],[96.7,17.20208],[96.70009,17.20165],[96.69982,17.20148],[96.69973,17.20148]]],[[[96.54432,17.20174],[96.54378,17.20182],[96.5436,17.20157],[96.54315,17.20217],[96.54288,17.20191],[96.54279,17.20251],[96.54324,17.20285],[96.54387,17.202],[96.54414,17.20234],[96.54459,17.20174],[96.54432,17.20174]]],[[[96.71078,17.20303],[96.71131,17.20234],[96.71078,17.20234],[96.7106,17.20182],[96.71006,17.20182],[96.70988,17.20242],[96.71051,17.20303],[96.71078,17.20303]]],[[[96.58825,17.20311],[96.5886,17.20303],[96.58851,17.20225],[96.58726,17.20182],[96.58699,17.20208],[96.58717,17.20268],[96.5878,17.2026],[96.5878,17.20311],[96.58816,17.20311],[96.58825,17.20311]]],[[[96.62984,17.20311],[96.62993,17.20268],[96.62962,17.20256],[96.63002,17.20242],[96.62993,17.20217],[96.6289,17.20193],[96.62908,17.20157],[96.62876,17.20148],[96.62876,17.20208],[96.62957,17.20225],[96.62948,17.2026],[96.62903,17.20242],[96.62903,17.20294],[96.62948,17.20277],[96.62975,17.20311],[96.62984,17.20311]]],[[[96.68769,17.20311],[96.68796,17.20285],[96.68697,17.20294],[96.68688,17.20268],[96.68841,17.20225],[96.68841,17.202],[96.68778,17.202],[96.68778,17.20165],[96.6885,17.20114],[96.68787,17.20114],[96.68787,17.20148],[96.68643,17.2026],[96.68679,17.20303],[96.68742,17.20311],[96.68769,17.20311]]],[[[96.57612,17.20182],[96.57495,17.20148],[96.57387,17.20182],[96.5736,17.20165],[96.57342,17.2026],[96.57468,17.2026],[96.57486,17.20165],[96.57495,17.2032],[96.57621,17.20294],[96.57513,17.20277],[96.57522,17.20251],[96.57773,17.2026],[96.57747,17.20208],[96.57639,17.20217],[96.57612,17.20191],[96.57612,17.20182]]],[[[96.59417,17.20242],[96.59399,17.20285],[96.59417,17.20234],[96.59346,17.20225],[96.59346,17.20303],[96.59426,17.20303],[96.59426,17.20242],[96.59417,17.20242]]],[[[96.60765,17.20234],[96.60783,17.2026],[96.60819,17.20225],[96.60855,17.20242],[96.60864,17.202],[96.60792,17.20157],[96.60801,17.20122],[96.60774,17.20122],[96.60783,17.20174],[96.60738,17.20148],[96.60747,17.20079],[96.60792,17.20097],[96.60783,17.19994],[96.60855,17.20011],[96.60837,17.19865],[96.60765,17.19908],[96.60833,17.19914],[96.60824,17.19977],[96.60765,17.19968],[96.60774,17.20054],[96.60738,17.20062],[96.60747,17.19934],[96.60648,17.19951],[96.60675,17.19976],[96.60657,17.20011],[96.6063,17.19985],[96.60621,17.20097],[96.60576,17.2014],[96.60522,17.20097],[96.60549,17.20037],[96.60603,17.20019],[96.60603,17.19934],[96.6045,17.19976],[96.60477,17.19985],[96.60477,17.20054],[96.6045,17.19985],[96.60424,17.20002],[96.60415,17.19959],[96.60388,17.19959],[96.60397,17.20011],[96.60361,17.20011],[96.60361,17.19968],[96.60298,17.20148],[96.60343,17.20174],[96.60343,17.20225],[96.60298,17.20208],[96.60271,17.20285],[96.60406,17.20277],[96.60495,17.20311],[96.60468,17.20234],[96.60406,17.20225],[96.6045,17.20182],[96.60459,17.20208],[96.60504,17.20191],[96.6054,17.2032],[96.6063,17.2026],[96.60765,17.20285],[96.60756,17.20234],[96.60765,17.20234]]],[[[96.54989,17.20242],[96.54971,17.20268],[96.54998,17.20234],[96.54971,17.20182],[96.55016,17.202],[96.55016,17.20234],[96.55079,17.20234],[96.55097,17.20303],[96.55141,17.20242],[96.55097,17.20242],[96.55123,17.20208],[96.55061,17.202],[96.55052,17.20165],[96.55105,17.20165],[96.55123,17.20131],[96.5507,17.20114],[96.54998,17.20148],[96.54989,17.20097],[96.54737,17.20131],[96.54737,17.20105],[96.54773,17.20114],[96.54773,17.20019],[96.54746,17.20011],[96.54755,17.19976],[96.54701,17.19985],[96.54701,17.19959],[96.54665,17.20037],[96.54567,17.20054],[96.54584,17.20079],[96.54638,17.20062],[96.54674,17.2014],[96.5471,17.20114],[96.54737,17.20191],[96.54764,17.20174],[96.54809,17.20208],[96.54791,17.20242],[96.54827,17.20268],[96.54773,17.20268],[96.54809,17.2032],[96.55061,17.20303],[96.55061,17.20251],[96.54998,17.20242],[96.54989,17.20242]]],[[[96.76521,17.20337],[96.76584,17.20303],[96.76665,17.20328],[96.76665,17.20303],[96.76638,17.20311],[96.76638,17.20268],[96.76566,17.20285],[96.76557,17.20242],[96.76503,17.20242],[96.76512,17.20337],[96.76521,17.20337]]],[[[96.52788,17.20285],[96.5277,17.20174],[96.52743,17.20191],[96.52725,17.20165],[96.52734,17.20217],[96.52698,17.20225],[96.52716,17.20165],[96.52689,17.20148],[96.52653,17.20165],[96.5268,17.20242],[96.52653,17.20277],[96.52599,17.20277],[96.5268,17.20303],[96.52698,17.20268],[96.52707,17.20311],[96.52716,17.20234],[96.52743,17.20251],[96.52743,17.20345],[96.5277,17.20337],[96.52752,17.20285],[96.52788,17.20294],[96.52788,17.20285]]],[[[96.76396,17.20345],[96.76414,17.2032],[96.76467,17.20328],[96.76467,17.20268],[96.76432,17.2026],[96.76414,17.20294],[96.76423,17.20268],[96.76378,17.20285],[96.76378,17.20251],[96.76306,17.20285],[96.76324,17.20337],[96.76351,17.2032],[96.76351,17.20345],[96.76387,17.20345],[96.76396,17.20345]]],[[[96.6169,17.20363],[96.61726,17.20303],[96.61834,17.20311],[96.61825,17.20268],[96.61699,17.20294],[96.61699,17.2026],[96.61789,17.2026],[96.61807,17.20217],[96.6178,17.20191],[96.61636,17.20191],[96.61627,17.20217],[96.61627,17.20182],[96.61537,17.20182],[96.61528,17.20225],[96.61555,17.20242],[96.61636,17.20225],[96.61636,17.20268],[96.61672,17.20242],[96.6169,17.20285],[96.61627,17.20303],[96.61645,17.20328],[96.61618,17.20354],[96.61681,17.20363],[96.6169,17.20363]]],[[[96.70233,17.20311],[96.70215,17.20337],[96.7026,17.20363],[96.7026,17.20277],[96.70224,17.20217],[96.70197,17.20277],[96.70233,17.20294],[96.70233,17.20311]]],[[[96.53668,17.2032],[96.53704,17.20251],[96.53668,17.20217],[96.53623,17.20225],[96.53659,17.20242],[96.53632,17.2026],[96.53641,17.2038],[96.53695,17.20363],[96.53695,17.20328],[96.53668,17.20328],[96.53668,17.2032]]],[[[96.76243,17.20354],[96.76288,17.20328],[96.76288,17.20285],[96.76171,17.20285],[96.76171,17.20328],[96.76225,17.20311],[96.76234,17.20371],[96.76279,17.2038],[96.76252,17.20354],[96.76243,17.20354]]],[[[96.58851,17.20397],[96.5886,17.2032],[96.58762,17.20328],[96.5878,17.20397],[96.58851,17.20397]]],[[[96.69101,17.20397],[96.69119,17.20371],[96.69083,17.20311],[96.69056,17.2032],[96.69065,17.20277],[96.69011,17.20277],[96.69011,17.20303],[96.68967,17.20285],[96.68967,17.20242],[96.69002,17.20234],[96.68975,17.20174],[96.68886,17.20217],[96.68904,17.20251],[96.68949,17.20242],[96.6894,17.20294],[96.68975,17.20303],[96.68958,17.20345],[96.68984,17.20388],[96.6902,17.20371],[96.69083,17.20397],[96.69101,17.20397]]],[[[96.69523,17.20414],[96.69586,17.20388],[96.69559,17.2032],[96.69523,17.20345],[96.69541,17.2038],[96.69497,17.20337],[96.69461,17.20354],[96.69479,17.20414],[96.69523,17.20414]]],[[[96.54683,17.20242],[96.54692,17.20268],[96.54656,17.20234],[96.5462,17.20251],[96.54665,17.2032],[96.5462,17.2032],[96.54638,17.20388],[96.54584,17.20406],[96.54665,17.20423],[96.54692,17.20328],[96.54737,17.20354],[96.54737,17.20303],[96.54692,17.20311],[96.54692,17.20285],[96.54773,17.20234],[96.54755,17.202],[96.54683,17.20234],[96.54683,17.20242]]],[[[96.53848,17.20388],[96.5383,17.20431],[96.53866,17.2044],[96.5392,17.20354],[96.53839,17.20328],[96.53848,17.2038],[96.53848,17.20388]]],[[[96.6938,17.20414],[96.69371,17.2038],[96.69335,17.20397],[96.69317,17.20371],[96.6938,17.20363],[96.69398,17.2032],[96.6938,17.20414],[96.69434,17.20397],[96.69443,17.20354],[96.69398,17.20277],[96.69371,17.20277],[96.69371,17.20311],[96.69344,17.20294],[96.69389,17.20268],[96.69389,17.20225],[96.69353,17.20217],[96.69353,17.2026],[96.69335,17.20234],[96.69263,17.20251],[96.69281,17.20217],[96.69236,17.20208],[96.69263,17.20311],[96.69299,17.20311],[96.69281,17.20354],[96.69317,17.2044],[96.6938,17.2044],[96.6938,17.20414]]],[[[96.54764,17.20363],[96.54719,17.20448],[96.54791,17.20448],[96.54782,17.20414],[96.548,17.2044],[96.54818,17.20414],[96.54863,17.20423],[96.54827,17.20345],[96.54791,17.20328],[96.54764,17.20354],[96.54764,17.20363]]],[[[96.76755,17.20448],[96.76764,17.20406],[96.76791,17.20431],[96.76818,17.20345],[96.76728,17.20345],[96.76764,17.20397],[96.7671,17.20406],[96.7671,17.20431],[96.76746,17.20448],[96.76755,17.20448]]],[[[96.80258,17.20431],[96.80267,17.2038],[96.80312,17.2038],[96.80285,17.20285],[96.8024,17.20294],[96.80258,17.20328],[96.80231,17.20345],[96.80285,17.20354],[96.80258,17.20388],[96.80222,17.2038],[96.80204,17.20303],[96.80142,17.20328],[96.8016,17.20354],[96.80115,17.20337],[96.80115,17.20371],[96.80151,17.2038],[96.80133,17.2044],[96.80213,17.20448],[96.80213,17.20423],[96.80178,17.20423],[96.80169,17.20345],[96.80249,17.20431],[96.80258,17.20431]]],[[[96.53614,17.20457],[96.5365,17.20423],[96.53605,17.2038],[96.53614,17.20345],[96.53533,17.20345],[96.53542,17.20448],[96.53605,17.20457],[96.53614,17.20457]]],[[[96.75363,17.20457],[96.75488,17.20397],[96.75497,17.20345],[96.75363,17.20354],[96.75318,17.20397],[96.75282,17.2038],[96.75273,17.20414],[96.75309,17.20406],[96.753,17.20448],[96.75336,17.20457],[96.75363,17.20457]]],[[[96.7636,17.20466],[96.76414,17.20406],[96.76432,17.20457],[96.76458,17.20457],[96.76467,17.2038],[96.76387,17.20354],[96.76396,17.20406],[96.76324,17.20406],[96.76369,17.20431],[96.76351,17.20466],[96.7636,17.20466]]],[[[96.57576,17.20388],[96.57594,17.20371],[96.57576,17.20397],[96.57648,17.20474],[96.57747,17.20397],[96.57782,17.20406],[96.57773,17.20345],[96.57693,17.20328],[96.5754,17.20345],[96.57567,17.20388],[96.57576,17.20388]]],[[[96.60693,17.20337],[96.60693,17.20311],[96.60594,17.20303],[96.6063,17.20371],[96.60594,17.20337],[96.60603,17.20388],[96.6054,17.20388],[96.60513,17.20423],[96.60567,17.20406],[96.60603,17.20431],[96.60585,17.20474],[96.60747,17.20474],[96.60756,17.2038],[96.60738,17.20354],[96.60711,17.20371],[96.60711,17.20337],[96.60693,17.20337]]],[[[96.55447,17.20242],[96.55429,17.2026],[96.55465,17.202],[96.55429,17.20191],[96.55438,17.20157],[96.55276,17.20079],[96.55276,17.20131],[96.55222,17.20191],[96.55231,17.20242],[96.55186,17.20234],[96.55204,17.20277],[96.55168,17.20406],[96.55204,17.20414],[96.55213,17.20491],[96.5524,17.2044],[96.55348,17.20466],[96.55339,17.20337],[96.55393,17.20354],[96.55384,17.20311],[96.55465,17.20311],[96.55456,17.20242],[96.55447,17.20242]]],[[[96.60406,17.2044],[96.60459,17.205],[96.60504,17.20474],[96.60495,17.20414],[96.60406,17.20431],[96.60406,17.2044]]],[[[96.79046,17.20328],[96.79109,17.20406],[96.79126,17.205],[96.79144,17.20397],[96.79117,17.20406],[96.79064,17.20311],[96.79028,17.20328],[96.79046,17.20328]]],[[[96.6019,17.20508],[96.60217,17.20457],[96.60109,17.20431],[96.60091,17.20491],[96.60154,17.20483],[96.60154,17.20517],[96.60181,17.20508],[96.6019,17.20508]]],[[[96.55025,17.20526],[96.5507,17.20517],[96.5507,17.2044],[96.54998,17.20431],[96.54971,17.20371],[96.54917,17.2038],[96.54917,17.20508],[96.54998,17.20508],[96.54998,17.20474],[96.55025,17.20474],[96.55016,17.20526],[96.55025,17.20526]]],[[[96.58968,17.20526],[96.58959,17.20483],[96.58968,17.20526],[96.58995,17.20526],[96.58977,17.20457],[96.58923,17.20457],[96.58887,17.20534],[96.58968,17.20534],[96.58968,17.20526]]],[[[96.7724,17.20569],[96.77339,17.20526],[96.77321,17.20474],[96.77258,17.20483],[96.77267,17.20526],[96.77186,17.205],[96.77231,17.20569],[96.7724,17.20569]]],[[[96.77527,17.20569],[96.7751,17.20517],[96.77536,17.205],[96.77483,17.205],[96.77527,17.20466],[96.77456,17.20491],[96.77357,17.20466],[96.77384,17.20517],[96.77501,17.20517],[96.7751,17.20569],[96.77527,17.20569]]],[[[96.58357,17.20354],[96.58411,17.20345],[96.58393,17.20311],[96.58447,17.20337],[96.58492,17.2032],[96.58483,17.20251],[96.5842,17.20251],[96.58411,17.20277],[96.58348,17.20251],[96.58366,17.202],[96.58402,17.202],[96.58393,17.20157],[96.5842,17.20157],[96.5842,17.20217],[96.58483,17.20208],[96.58483,17.20131],[96.58402,17.20122],[96.58384,17.20062],[96.58286,17.20037],[96.58277,17.20088],[96.58214,17.20122],[96.58169,17.20079],[96.58097,17.20105],[96.58115,17.20071],[96.58061,17.20045],[96.58079,17.20019],[96.58034,17.20028],[96.57971,17.19985],[96.57944,17.19994],[96.57953,17.20054],[96.57926,17.20054],[96.57935,17.19976],[96.57908,17.19976],[96.5789,17.20062],[96.5789,17.20019],[96.57854,17.20028],[96.57881,17.20097],[96.57917,17.20097],[96.57899,17.20148],[96.57845,17.20165],[96.57935,17.202],[96.57935,17.20251],[96.58043,17.20251],[96.58043,17.20217],[96.57998,17.20217],[96.58034,17.202],[96.58043,17.2014],[96.58052,17.20191],[96.58106,17.202],[96.58088,17.2026],[96.58133,17.20294],[96.58088,17.2032],[96.58088,17.20285],[96.58043,17.2026],[96.58034,17.20303],[96.58079,17.20337],[96.5816,17.2032],[96.58151,17.20277],[96.58205,17.20303],[96.58205,17.20363],[96.58133,17.20337],[96.58187,17.20388],[96.5816,17.20423],[96.58133,17.20423],[96.58124,17.20371],[96.58088,17.20371],[96.58052,17.20431],[96.58079,17.20345],[96.58007,17.20303],[96.57944,17.20337],[96.57926,17.20268],[96.57899,17.20285],[96.57953,17.2038],[96.57989,17.2038],[96.57998,17.20337],[96.58025,17.20354],[96.57998,17.20414],[96.58025,17.20406],[96.58079,17.20483],[96.58142,17.20431],[96.58133,17.205],[96.58187,17.20431],[96.58151,17.205],[96.5816,17.20551],[96.58187,17.20543],[96.58241,17.20594],[96.58268,17.20577],[96.58286,17.20483],[96.58196,17.20414],[96.5825,17.20406],[96.5825,17.20363],[96.58312,17.20354],[96.5833,17.2032],[96.58357,17.20345],[96.58357,17.20354]]],[[[96.71042,17.20517],[96.70988,17.20491],[96.71006,17.20543],[96.70988,17.20517],[96.70907,17.20526],[96.70952,17.20543],[96.70889,17.20526],[96.70889,17.20551],[96.70925,17.20594],[96.71033,17.20586],[96.7106,17.20577],[96.71051,17.20517],[96.71042,17.20517]]],[[[96.57594,17.20603],[96.57594,17.20577],[96.57567,17.20594],[96.57567,17.20543],[96.57603,17.20526],[96.57612,17.20474],[96.57477,17.20354],[96.57459,17.20371],[96.57495,17.20414],[96.5745,17.20406],[96.57414,17.20543],[96.57432,17.20577],[96.57558,17.20569],[96.57549,17.20603],[96.57594,17.20603]]],[[[96.68958,17.20603],[96.68993,17.20594],[96.68984,17.20534],[96.69011,17.205],[96.68967,17.20483],[96.68949,17.20517],[96.68975,17.2044],[96.68877,17.20423],[96.68922,17.20551],[96.68904,17.20586],[96.6894,17.20577],[96.6894,17.20543],[96.68958,17.2056],[96.68931,17.20603],[96.68958,17.20603]]],[[[96.58573,17.20637],[96.58591,17.2062],[96.58546,17.2056],[96.58591,17.20586],[96.586,17.20466],[96.58546,17.20491],[96.58555,17.20431],[96.58501,17.2038],[96.58537,17.20483],[96.58519,17.20517],[96.58564,17.20534],[96.58528,17.20577],[96.5851,17.20534],[96.58447,17.20551],[96.58474,17.20551],[96.58474,17.20586],[96.58492,17.2056],[96.58519,17.20603],[96.58537,17.20586],[96.58555,17.20637],[96.58573,17.20637]]],[[[96.59301,17.20611],[96.59328,17.20577],[96.59301,17.20611],[96.59319,17.20646],[96.59399,17.20569],[96.59355,17.20586],[96.59346,17.20534],[96.59328,17.20569],[96.59292,17.20543],[96.59292,17.20611],[96.59301,17.20611]]],[[[96.84166,17.20672],[96.84202,17.2062],[96.8431,17.2062],[96.84301,17.20594],[96.84418,17.20594],[96.84445,17.20603],[96.84427,17.20646],[96.84516,17.2062],[96.84543,17.20654],[96.84552,17.20526],[96.84633,17.20543],[96.84615,17.20483],[96.84642,17.20448],[96.84579,17.20448],[96.84579,17.20423],[96.84552,17.20483],[96.84471,17.20483],[96.8448,17.20508],[96.84373,17.20577],[96.84319,17.2056],[96.84202,17.20594],[96.84157,17.20672],[96.84166,17.20672]]],[[[96.62346,17.20689],[96.62373,17.20594],[96.62265,17.2056],[96.62265,17.20629],[96.62229,17.20663],[96.62328,17.20689],[96.62346,17.20689]]],[[[96.53821,17.20637],[96.53857,17.20603],[96.53794,17.20603],[96.53776,17.20654],[96.53875,17.20697],[96.53884,17.20646],[96.53839,17.20637],[96.53821,17.20637]]],[[[96.60406,17.2044],[96.60388,17.20371],[96.60415,17.20345],[96.60388,17.2032],[96.6028,17.2032],[96.60307,17.20491],[96.6037,17.20517],[96.60298,17.20517],[96.60298,17.2056],[96.60271,17.2056],[96.60298,17.20637],[96.60262,17.20629],[96.60271,17.20577],[96.60226,17.20586],[96.60244,17.20646],[96.60208,17.2068],[96.60181,17.20646],[96.60208,17.20637],[96.60217,17.205],[96.60163,17.20543],[96.60181,17.20577],[96.60145,17.20577],[96.60127,17.20508],[96.60082,17.20517],[96.601,17.20551],[96.60136,17.20543],[96.60118,17.20586],[96.60064,17.2056],[96.60019,17.20569],[96.60046,17.20577],[96.60019,17.20603],[96.59956,17.20551],[96.59956,17.20586],[96.59992,17.20577],[96.59965,17.20586],[96.59965,17.20646],[96.5992,17.20637],[96.59947,17.20577],[96.59903,17.2056],[96.59911,17.20517],[96.59867,17.20526],[96.59894,17.20466],[96.5984,17.20483],[96.59849,17.20603],[96.59876,17.2062],[96.59867,17.20689],[96.5984,17.20689],[96.59831,17.205],[96.59804,17.20491],[96.59831,17.20448],[96.59804,17.20448],[96.59804,17.20406],[96.5984,17.20414],[96.59867,17.2038],[96.5984,17.2038],[96.59858,17.20354],[96.59813,17.2038],[96.5975,17.20354],[96.5984,17.20328],[96.59822,17.20277],[96.59849,17.20277],[96.59813,17.20242],[96.59867,17.20225],[96.59858,17.20088],[96.59732,17.20105],[96.59714,17.20165],[96.59642,17.20182],[96.59642,17.20208],[96.59696,17.20225],[96.59786,17.20165],[96.59768,17.20208],[96.59795,17.20268],[96.59723,17.20294],[96.59678,17.20277],[96.5966,17.20311],[96.59615,17.20285],[96.5957,17.20303],[96.59579,17.20371],[96.59624,17.20363],[96.59624,17.20397],[96.59714,17.2038],[96.59687,17.20448],[96.59642,17.20406],[96.59705,17.20517],[96.59786,17.20491],[96.59696,17.20543],[96.59741,17.20569],[96.5975,17.20629],[96.59777,17.20611],[96.59759,17.20637],[96.59822,17.20714],[96.59929,17.20672],[96.6001,17.2068],[96.60001,17.20637],[96.60064,17.20611],[96.60082,17.20646],[96.60172,17.20629],[96.60163,17.20663],[96.601,17.20646],[96.60082,17.20689],[96.60262,17.20697],[96.60262,17.20654],[96.60325,17.20689],[96.60307,17.20637],[96.60343,17.2062],[96.60352,17.20526],[96.60415,17.2068],[96.60468,17.2068],[96.60477,17.20526],[96.60388,17.20517],[96.60406,17.20448],[96.60406,17.2044]]],[[[96.61097,17.20689],[96.61007,17.20689],[96.60998,17.20723],[96.61142,17.2074],[96.61142,17.20663],[96.61106,17.20689],[96.61097,17.20689]]],[[[96.57558,17.20757],[96.57612,17.20663],[96.57513,17.20637],[96.57495,17.20663],[96.57549,17.20714],[96.57549,17.20757],[96.57558,17.20757]]],[[[96.72389,17.20732],[96.72416,17.20757],[96.72425,17.20697],[96.72335,17.20697],[96.72308,17.20637],[96.72326,17.2074],[96.72362,17.20714],[96.72389,17.20749],[96.72389,17.20732]]],[[[96.85226,17.20775],[96.85397,17.20723],[96.85388,17.2068],[96.85433,17.20689],[96.85469,17.20654],[96.85361,17.20629],[96.85352,17.2068],[96.85271,17.2068],[96.85307,17.20697],[96.8528,17.20749],[96.85208,17.2074],[96.85199,17.20775],[96.85226,17.20775]]],[[[96.58825,17.208],[96.58905,17.20766],[96.58887,17.20697],[96.58923,17.2074],[96.58923,17.20672],[96.58851,17.2068],[96.5886,17.2074],[96.58807,17.20775],[96.58816,17.208],[96.58825,17.208]]],[[[96.59911,17.208],[96.59938,17.20783],[96.59929,17.20723],[96.59849,17.2074],[96.59858,17.20792],[96.59911,17.20809],[96.59911,17.208]]],[[[96.60235,17.20826],[96.60271,17.20783],[96.60244,17.20706],[96.6019,17.20732],[96.59974,17.20714],[96.59983,17.20792],[96.60226,17.20826],[96.60235,17.20826]]],[[[96.75686,17.20783],[96.75668,17.20714],[96.75614,17.20714],[96.75614,17.2086],[96.75767,17.20877],[96.75794,17.20817],[96.75758,17.20783],[96.75722,17.20792],[96.75713,17.20749],[96.75686,17.20775],[96.75686,17.20783]]],[[[96.76827,17.20877],[96.76863,17.20835],[96.7689,17.2086],[96.76917,17.20835],[96.76809,17.2074],[96.76899,17.20732],[96.76908,17.20697],[96.76809,17.20714],[96.768,17.20689],[96.76683,17.20672],[96.76656,17.20714],[96.76665,17.20869],[96.76818,17.20877],[96.76827,17.20877]]],[[[96.59067,17.20877],[96.59121,17.20869],[96.59094,17.20835],[96.5913,17.20843],[96.5913,17.20783],[96.58977,17.20809],[96.58977,17.20843],[96.59013,17.20826],[96.59013,17.20852],[96.59085,17.20826],[96.59067,17.20869],[96.59067,17.20877]]],[[[96.72991,17.20757],[96.73009,17.20706],[96.72928,17.20809],[96.72937,17.20895],[96.73018,17.20869],[96.72973,17.20826],[96.72991,17.20766],[96.72991,17.20757]]],[[[96.55177,17.20886],[96.55168,17.20783],[96.55204,17.20766],[96.55213,17.20817],[96.55231,17.2074],[96.55177,17.20706],[96.55114,17.20714],[96.55114,17.2074],[96.55159,17.20732],[96.55105,17.20749],[96.55159,17.20757],[96.55114,17.20817],[96.5515,17.20826],[96.5515,17.20895],[96.55186,17.20886],[96.55177,17.20886]]],[[[96.7583,17.205],[96.75794,17.20526],[96.7574,17.20483],[96.75749,17.20526],[96.75713,17.20517],[96.7574,17.20543],[96.75731,17.20629],[96.75776,17.20551],[96.75812,17.20569],[96.75767,17.20586],[96.75803,17.2062],[96.75794,17.20654],[96.75821,17.20637],[96.75839,17.2068],[96.75937,17.20663],[96.75955,17.20689],[96.75884,17.20697],[96.75893,17.20757],[96.75848,17.20706],[96.75794,17.20723],[96.75821,17.20732],[96.75794,17.20757],[96.75821,17.2092],[96.75821,17.20877],[96.75884,17.20852],[96.75955,17.20886],[96.76036,17.20869],[96.76045,17.20792],[96.76027,17.20697],[96.75964,17.20706],[96.75973,17.20663],[96.76045,17.20654],[96.76045,17.20491],[96.75839,17.205],[96.7583,17.205]]],[[[96.61843,17.20929],[96.61879,17.2092],[96.61879,17.20877],[96.61744,17.20869],[96.61744,17.20903],[96.61816,17.20895],[96.61825,17.20929],[96.61843,17.20929]]],[[[96.63972,17.20929],[96.63981,17.20809],[96.6395,17.20876],[96.63864,17.2086],[96.63873,17.20912],[96.63954,17.20895],[96.63945,17.20929],[96.63981,17.20929],[96.63972,17.20929]]],[[[96.57693,17.20955],[96.57782,17.20912],[96.57791,17.20877],[96.5763,17.20877],[96.5763,17.20938],[96.57684,17.20955],[96.57693,17.20955]]],[[[96.87508,17.20946],[96.87535,17.20963],[96.87508,17.20946],[96.87499,17.2098],[96.87535,17.2098],[96.87544,17.20946],[96.87571,17.20946],[96.87562,17.20972],[96.87634,17.20955],[96.87481,17.20843],[96.8749,17.20869],[96.8745,17.20869],[96.87441,17.20921],[96.8736,17.20972],[96.87472,17.20929],[96.8749,17.20946],[96.87508,17.20946]]],[[[96.55698,17.20766],[96.55743,17.208],[96.55734,17.20757],[96.55797,17.20817],[96.55779,17.20843],[96.5568,17.20843],[96.55707,17.20869],[96.55662,17.20877],[96.55698,17.20766],[96.55653,17.2074],[96.55725,17.20672],[96.55842,17.20654],[96.55842,17.2062],[96.5577,17.20629],[96.55752,17.20586],[96.55707,17.20577],[96.55662,17.20603],[96.55653,17.2056],[96.55725,17.20551],[96.55671,17.20551],[96.55689,17.20466],[96.55582,17.2044],[96.55573,17.20517],[96.55546,17.20508],[96.55582,17.20534],[96.55555,17.2056],[96.55582,17.20569],[96.55564,17.20611],[96.55519,17.20603],[96.55555,17.20594],[96.55528,17.20551],[96.5551,17.20586],[96.55465,17.2056],[96.55429,17.20646],[96.55366,17.20637],[96.55321,17.20577],[96.55276,17.20594],[96.55249,17.20491],[96.55195,17.20517],[96.55258,17.20629],[96.55294,17.20629],[96.55321,17.20672],[96.55285,17.2074],[96.55321,17.20749],[96.55321,17.20697],[96.55348,17.20714],[96.55339,17.20766],[96.55249,17.20775],[96.55267,17.20835],[96.55294,17.20835],[96.55285,17.208],[96.55303,17.20826],[96.55357,17.20817],[96.55357,17.20929],[96.5533,17.20912],[96.55294,17.2098],[96.55339,17.20946],[96.5533,17.20989],[96.55393,17.20989],[96.5542,17.20938],[96.55402,17.20766],[96.55519,17.2074],[96.55528,17.20697],[96.55483,17.20689],[96.55555,17.20672],[96.55555,17.20723],[96.55582,17.20706],[96.55591,17.20766],[96.55636,17.20766],[96.55644,17.20809],[96.55644,17.20869],[96.55609,17.20843],[96.55591,17.20877],[96.55573,17.20843],[96.55555,17.2086],[96.55564,17.20929],[96.55591,17.2092],[96.55564,17.2098],[96.55707,17.20989],[96.55653,17.20955],[96.55689,17.20963],[96.55716,17.20929],[96.55734,17.2098],[96.55761,17.20895],[96.55797,17.20903],[96.55824,17.2086],[96.55797,17.2068],[96.55734,17.20697],[96.55761,17.20732],[96.55698,17.20757],[96.55698,17.20766]]],[[[96.82962,17.20929],[96.82944,17.20912],[96.82989,17.20929],[96.83025,17.20903],[96.82989,17.20903],[96.82989,17.20877],[96.82935,17.20895],[96.82953,17.2086],[96.8289,17.20869],[96.8289,17.20835],[96.82872,17.20869],[96.82756,17.20817],[96.82774,17.20852],[96.82747,17.20877],[96.82801,17.20886],[96.8281,17.20843],[96.82819,17.20912],[96.82846,17.20869],[96.82872,17.20895],[96.82917,17.20877],[96.82935,17.2092],[96.82881,17.20955],[96.82863,17.20938],[96.82863,17.2098],[96.83025,17.20972],[96.82962,17.20938],[96.82962,17.20929]]],[[[96.61933,17.20998],[96.61924,17.20963],[96.61771,17.20938],[96.6178,17.2098],[96.61825,17.20963],[96.61861,17.21006],[96.61879,17.2098],[96.61942,17.20998],[96.61933,17.20998]]],[[[96.59256,17.20955],[96.59301,17.21015],[96.59364,17.20972],[96.5931,17.20946],[96.59319,17.20912],[96.59238,17.20929],[96.59247,17.20955],[96.59256,17.20955]]],[[[96.74833,17.21015],[96.74868,17.21006],[96.74815,17.20998],[96.74859,17.20946],[96.74833,17.20972],[96.74806,17.20946],[96.74868,17.20929],[96.74877,17.20895],[96.7468,17.2092],[96.74671,17.20963],[96.74698,17.20972],[96.74671,17.20998],[96.74725,17.21015],[96.74788,17.2098],[96.74815,17.21015],[96.74833,17.21015]]],[[[96.60325,17.21023],[96.6037,17.20749],[96.60361,17.20723],[96.60289,17.20714],[96.60307,17.20757],[96.60271,17.20826],[96.60316,17.2086],[96.60271,17.20886],[96.60262,17.20972],[96.60316,17.21023],[96.60325,17.21023]]],[[[96.59876,17.21041],[96.59965,17.21023],[96.59974,17.2098],[96.59965,17.20895],[96.59911,17.20886],[96.5992,17.20843],[96.59894,17.20826],[96.59911,17.2092],[96.59876,17.20912],[96.59876,17.20955],[96.59903,17.20929],[96.59903,17.20955],[96.59956,17.20946],[96.59956,17.20972],[96.59911,17.2098],[96.5992,17.21006],[96.59885,17.20972],[96.59831,17.2098],[96.59858,17.21041],[96.59876,17.21041]]],[[[96.60747,17.21041],[96.60801,17.20963],[96.60774,17.20903],[96.60747,17.20903],[96.60765,17.20989],[96.6072,17.2098],[96.60702,17.21006],[96.6072,17.21041],[96.60747,17.21041]]],[[[96.7556,17.21041],[96.75596,17.21015],[96.75587,17.20946],[96.75488,17.20963],[96.7556,17.20912],[96.75515,17.20869],[96.75488,17.20886],[96.75506,17.20912],[96.75443,17.2092],[96.75443,17.20972],[96.75542,17.21006],[96.75551,17.21041],[96.7556,17.21041]]],[[[96.59732,17.20955],[96.59732,17.20998],[96.59813,17.21049],[96.59786,17.20869],[96.59786,17.20955],[96.5975,17.20963],[96.59723,17.20877],[96.59732,17.20946],[96.59732,17.20955]]],[[[96.59067,17.20877],[96.59013,17.20877],[96.59049,17.20912],[96.59022,17.2092],[96.59049,17.20998],[96.59013,17.21023],[96.59076,17.21066],[96.59139,17.21049],[96.59184,17.21075],[96.59139,17.21032],[96.59193,17.21023],[96.59193,17.20989],[96.59166,17.2098],[96.59139,17.21023],[96.59139,17.2092],[96.59112,17.20895],[96.59085,17.2092],[96.59067,17.20886],[96.59067,17.20877]]],[[[96.59732,17.20955],[96.59669,17.20843],[96.59651,17.20877],[96.59606,17.20852],[96.59669,17.2098],[96.59624,17.21023],[96.59624,17.21075],[96.59642,17.21015],[96.59705,17.21015],[96.59732,17.20963],[96.59732,17.20955]]],[[[96.57639,17.21066],[96.57639,17.21041],[96.57693,17.21058],[96.57702,17.21015],[96.57756,17.2098],[96.57603,17.21015],[96.57621,17.21041],[96.57594,17.21075],[96.57648,17.21066],[96.57639,17.21066]]],[[[96.77213,17.20955],[96.77222,17.20929],[96.77177,17.20929],[96.77294,17.20895],[96.77249,17.20869],[96.77357,17.20895],[96.7733,17.20886],[96.77348,17.20843],[96.77258,17.20809],[96.77285,17.20835],[96.77258,17.20852],[96.77231,17.20757],[96.77159,17.20757],[96.7715,17.20697],[96.7715,17.20766],[96.7706,17.20749],[96.77087,17.20775],[96.7706,17.20809],[96.77069,17.20869],[96.77114,17.2086],[96.77114,17.20809],[96.77141,17.20809],[96.77141,17.20852],[96.77204,17.20852],[96.77213,17.20826],[96.77222,17.2086],[96.77249,17.20852],[96.7724,17.20886],[96.77078,17.20886],[96.77078,17.2092],[96.77159,17.20929],[96.77087,17.20929],[96.77078,17.20972],[96.77042,17.20938],[96.76926,17.20946],[96.76935,17.21006],[96.76971,17.21006],[96.76926,17.21083],[96.76979,17.21023],[96.77033,17.21023],[96.77051,17.2098],[96.77177,17.20955],[96.77213,17.20955]]],[[[96.74581,17.21092],[96.74599,17.21066],[96.74635,17.21083],[96.74626,17.21006],[96.74662,17.21006],[96.74635,17.20955],[96.74527,17.20972],[96.74554,17.20989],[96.74527,17.20989],[96.74536,17.21015],[96.74581,17.21006],[96.74545,17.21032],[96.74545,17.21083],[96.74572,17.21092],[96.74581,17.21092]]],[[[96.76881,17.21092],[96.76908,17.21083],[96.76899,17.20998],[96.76872,17.21006],[96.7689,17.20929],[96.76854,17.20938],[96.76854,17.20903],[96.76791,17.20886],[96.76755,17.20903],[96.76755,17.21032],[96.76845,17.21041],[96.76827,17.21075],[96.76863,17.21092],[96.76881,17.21092]]],[[[96.55034,17.21092],[96.55043,17.21058],[96.5507,17.21092],[96.55079,17.21058],[96.55043,17.21049],[96.55007,17.20929],[96.54989,17.2098],[96.54881,17.20989],[96.54917,17.21006],[96.54935,17.21075],[96.5498,17.21041],[96.54989,17.21083],[96.55043,17.21092],[96.55034,17.21092]]],[[[96.76629,17.21101],[96.76665,17.21083],[96.76656,17.2098],[96.76629,17.20972],[96.76656,17.2092],[96.76638,17.20895],[96.76566,17.20912],[96.76566,17.20886],[96.76494,17.20886],[96.76494,17.21101],[96.7662,17.21101],[96.76629,17.21101]]],[[[96.81211,17.21058],[96.81238,17.21058],[96.81246,17.21101],[96.81273,17.21092],[96.81246,17.21066],[96.81264,17.20946],[96.81148,17.20989],[96.81193,17.21058],[96.81211,17.21058]]],[[[96.61187,17.21109],[96.61214,17.21066],[96.61214,17.2092],[96.61187,17.20912],[96.61151,17.20955],[96.61115,17.20946],[96.61196,17.21006],[96.61151,17.21049],[96.61151,17.21101],[96.61178,17.21109],[96.61187,17.21109]]],[[[96.62813,17.21109],[96.62831,17.21041],[96.62804,17.2092],[96.62831,17.20869],[96.6266,17.21032],[96.62678,17.21092],[96.62705,17.21092],[96.62687,17.21015],[96.62714,17.21015],[96.62723,17.21075],[96.62786,17.21109],[96.62813,17.21109]]],[[[96.78965,17.21109],[96.79001,17.21015],[96.78956,17.21032],[96.7892,17.20972],[96.78866,17.20972],[96.78857,17.20998],[96.78902,17.20998],[96.78893,17.21041],[96.78965,17.21049],[96.78902,17.21109],[96.78956,17.21109],[96.78965,17.21109]]],[[[96.78264,17.21032],[96.78237,17.21032],[96.78237,17.21083],[96.78192,17.21075],[96.7821,17.21126],[96.78255,17.21109],[96.78246,17.21066],[96.78273,17.21058],[96.78354,17.21058],[96.78363,17.21118],[96.78408,17.21041],[96.78381,17.21006],[96.78354,17.21023],[96.78354,17.20998],[96.78354,17.21041],[96.78264,17.21015],[96.78264,17.21032]]],[[[96.79064,17.21118],[96.79109,17.21032],[96.79073,17.21058],[96.79082,17.2098],[96.79028,17.20886],[96.79073,17.21118],[96.79064,17.21118]]],[[[96.80097,17.21083],[96.80169,17.21126],[96.80222,17.21109],[96.80178,17.21101],[96.80178,17.21075],[96.80142,17.21092],[96.80151,17.21066],[96.80115,17.21058],[96.80133,17.21023],[96.80106,17.21049],[96.80016,17.21041],[96.80034,17.21083],[96.80097,17.21066],[96.80097,17.21083]]],[[[96.63972,17.21143],[96.64008,17.21041],[96.64053,17.21058],[96.64116,17.20972],[96.63873,17.20972],[96.63918,17.21023],[96.63918,17.21101],[96.63864,17.21092],[96.63855,17.21126],[96.63945,17.21118],[96.63963,17.21143],[96.63972,17.21143]]],[[[96.55285,17.21075],[96.5524,17.21075],[96.55249,17.21109],[96.55366,17.21092],[96.55366,17.21126],[96.5533,17.21135],[96.55366,17.21152],[96.55375,17.21092],[96.55411,17.21092],[96.55285,17.21066],[96.55285,17.21075]]],[[[96.58528,17.21023],[96.58528,17.21066],[96.58456,17.21083],[96.58492,17.21109],[96.58465,17.21143],[96.58501,17.21152],[96.58501,17.21092],[96.58537,17.21101],[96.58546,17.21066],[96.58582,17.21075],[96.58564,17.21101],[96.58627,17.21101],[96.58582,17.21066],[96.58582,17.21015],[96.58537,17.21023],[96.58528,17.21023]]],[[[96.77276,17.20998],[96.77267,17.21041],[96.77213,17.21023],[96.77267,17.21015],[96.77267,17.2098],[96.7724,17.20989],[96.77267,17.20929],[96.77186,17.20972],[96.77204,17.21049],[96.77123,17.21023],[96.77087,17.21092],[96.77069,17.21058],[96.77024,17.21066],[96.76944,17.21101],[96.76935,17.21135],[96.77006,17.21152],[96.77114,17.21109],[96.77141,17.21143],[96.77159,17.21092],[96.77132,17.21058],[96.77177,17.21092],[96.77186,17.21066],[96.77249,17.21083],[96.77258,17.21049],[96.7733,17.21066],[96.77339,17.21032],[96.77312,17.21023],[96.77339,17.21006],[96.77321,17.2098],[96.77285,17.20998],[96.77276,17.20998]]],[[[96.58851,17.20929],[96.58851,17.20903],[96.58798,17.20929],[96.58798,17.20886],[96.58735,17.20972],[96.58672,17.2098],[96.58708,17.21041],[96.58798,17.21041],[96.58744,17.21058],[96.58771,17.21092],[96.58896,17.21058],[96.58887,17.21092],[96.58932,17.21083],[96.58932,17.21152],[96.58959,17.21161],[96.58959,17.21023],[96.58807,17.21049],[96.5886,17.21006],[96.58834,17.20929],[96.58851,17.20929]]],[[[96.59624,17.21075],[96.59597,17.21075],[96.59597,17.21109],[96.59525,17.21075],[96.59534,17.21101],[96.5957,17.21092],[96.5957,17.21152],[96.59678,17.21152],[96.59669,17.21083],[96.59624,17.21083],[96.59624,17.21075]]],[[[96.58402,17.21126],[96.58384,17.21143],[96.58402,17.21109],[96.58447,17.21109],[96.5842,17.21058],[96.58501,17.21049],[96.58501,17.21015],[96.58546,17.20998],[96.58537,17.20946],[96.5851,17.20972],[96.58528,17.20886],[96.5842,17.20809],[96.58384,17.20817],[96.58375,17.20757],[96.5833,17.20783],[96.58321,17.20714],[96.58187,17.20603],[96.58115,17.20654],[96.58124,17.2056],[96.58016,17.20466],[96.5798,17.20483],[96.57971,17.20423],[96.57908,17.2044],[96.57926,17.20397],[96.5789,17.20363],[96.57863,17.20423],[96.57917,17.20483],[96.57881,17.20491],[96.57863,17.2044],[96.57809,17.20448],[96.5789,17.20569],[96.57827,17.2056],[96.57809,17.20508],[96.57702,17.205],[96.57738,17.20517],[96.57729,17.20577],[96.57666,17.20629],[96.57702,17.2068],[96.57693,17.20714],[96.57648,17.20714],[96.5763,17.20783],[96.57693,17.20809],[96.57675,17.20732],[96.57702,17.20757],[96.57782,17.2074],[96.57782,17.20775],[96.57827,17.208],[96.57917,17.20783],[96.57854,17.20809],[96.57899,17.20938],[96.57863,17.21006],[96.57953,17.20989],[96.57899,17.21023],[96.57917,17.21066],[96.57989,17.21049],[96.58025,17.21083],[96.58052,17.20972],[96.58079,17.21015],[96.58106,17.20998],[96.58097,17.20895],[96.58196,17.2092],[96.58151,17.20886],[96.58169,17.20843],[96.58097,17.20809],[96.58169,17.20783],[96.58169,17.20843],[96.58214,17.20895],[96.58214,17.20955],[96.58169,17.20955],[96.58178,17.20989],[96.58232,17.20989],[96.58277,17.20938],[96.58339,17.2098],[96.58312,17.21006],[96.58259,17.2098],[96.5816,17.21015],[96.58223,17.21032],[96.58259,17.21006],[96.58241,17.21058],[96.58277,17.21075],[96.58241,17.21109],[96.5833,17.21092],[96.58339,17.21135],[96.58277,17.21126],[96.58304,17.21152],[96.58268,17.21152],[96.58268,17.21186],[96.58402,17.21169],[96.58411,17.21126],[96.58402,17.21126]],[[96.57917,17.20586],[96.57989,17.20637],[96.57998,17.20603],[96.58034,17.20611],[96.57998,17.2068],[96.58007,17.20732],[96.57935,17.2074],[96.57953,17.2062],[96.57917,17.20594],[96.57917,17.20586]]],[[[96.57612,17.21178],[96.57648,17.21143],[96.578,17.21143],[96.57836,17.21075],[96.57854,17.21092],[96.57854,17.21049],[96.57827,17.21066],[96.57809,17.21023],[96.57747,17.21032],[96.57648,17.21135],[96.5763,17.21101],[96.57594,17.21169],[96.57567,17.21161],[96.57594,17.21195],[96.57621,17.21178],[96.57612,17.21178]]],[[[96.62292,17.21195],[96.62319,17.21169],[96.62265,17.21126],[96.62328,17.21101],[96.62301,17.21058],[96.62229,17.21083],[96.62229,17.21161],[96.62283,17.21195],[96.62292,17.21195]]],[[[96.5745,17.21212],[96.57477,17.21169],[96.57459,17.21143],[96.57531,17.21143],[96.57504,17.21126],[96.57522,17.21075],[96.5745,17.21032],[96.57486,17.21023],[96.57495,17.2098],[96.57468,17.20929],[96.57513,17.20929],[96.57513,17.2098],[96.57549,17.21006],[96.57531,17.20946],[96.57567,17.20938],[96.57486,17.20903],[96.57576,17.20903],[96.57576,17.20817],[96.57531,17.20775],[96.57495,17.20792],[96.57459,17.20723],[96.57387,17.208],[96.57405,17.20989],[96.57432,17.20989],[96.57441,17.21049],[96.57441,17.21212],[96.5745,17.21212]]],[[[96.57145,17.21083],[96.57127,17.21109],[96.57118,17.21075],[96.57226,17.21032],[96.57199,17.20963],[96.57243,17.20963],[96.57235,17.20912],[96.57288,17.20886],[96.57261,17.20826],[96.57279,17.20749],[96.57252,17.2074],[96.57226,17.2062],[96.57181,17.20654],[96.57154,17.20603],[96.57127,17.2062],[96.57172,17.20508],[96.57154,17.20431],[96.57181,17.20448],[96.57181,17.2038],[96.57217,17.2038],[96.57208,17.20251],[96.57172,17.20277],[96.5719,17.20345],[96.57145,17.20345],[96.57091,17.20277],[96.56983,17.20311],[96.56956,17.20242],[96.56785,17.20225],[96.56785,17.20191],[96.56821,17.20191],[96.56821,17.20122],[96.56794,17.20105],[96.56821,17.20019],[96.56785,17.19985],[96.56812,17.19959],[96.56749,17.19959],[96.5674,17.19925],[96.56803,17.19934],[96.56776,17.19865],[96.56812,17.19856],[96.56848,17.20037],[96.56983,17.20037],[96.57001,17.20011],[96.57163,17.20037],[96.57199,17.20028],[96.5719,17.19916],[96.57055,17.19916],[96.5701,17.19976],[96.56974,17.19959],[96.57001,17.19925],[96.56956,17.19865],[96.57001,17.19822],[96.56965,17.19822],[96.56965,17.19779],[96.56839,17.19762],[96.56857,17.19839],[96.56803,17.19848],[96.56794,17.19753],[96.5674,17.19745],[96.5674,17.19779],[96.56731,17.19745],[96.56669,17.19745],[96.5666,17.19788],[96.56696,17.19831],[96.5666,17.19856],[96.56713,17.19882],[96.56561,17.19873],[96.5657,17.19916],[96.56534,17.19925],[96.56507,17.19908],[96.56534,17.19908],[96.56534,17.19856],[96.56489,17.19865],[96.56471,17.20208],[96.5639,17.20242],[96.56444,17.2026],[96.56417,17.20431],[96.56444,17.205],[96.56345,17.205],[96.56345,17.20526],[96.56354,17.20569],[96.56417,17.20526],[96.56417,17.20551],[96.5648,17.20543],[96.56498,17.20586],[96.56471,17.20637],[96.56417,17.20654],[96.56444,17.2068],[96.56435,17.2074],[96.56408,17.20732],[96.56417,17.20826],[96.5639,17.20749],[96.563,17.2086],[96.56345,17.20869],[96.56336,17.20912],[96.56399,17.20869],[96.56363,17.20955],[96.56426,17.20989],[96.56417,17.21032],[96.56507,17.21041],[96.56525,17.21006],[96.56507,17.21049],[96.56651,17.21101],[96.56722,17.21118],[96.56767,17.21075],[96.56839,17.21092],[96.56821,17.21126],[96.56884,17.21092],[96.5692,17.21135],[96.56983,17.21075],[96.56974,17.21135],[96.57001,17.21152],[96.56974,17.21186],[96.57109,17.21195],[96.57136,17.21255],[96.57172,17.21083],[96.57145,17.21083]],[[96.56713,17.2086],[96.56687,17.20826],[96.56731,17.20826],[96.56704,17.20835],[96.56722,17.2086],[96.56749,17.20809],[96.56767,17.20843],[96.56776,17.20809],[96.56803,17.20817],[96.56794,17.20869],[96.56749,17.2086],[96.56731,17.20895],[96.56767,17.20903],[96.56794,17.2098],[96.56767,17.21015],[96.56704,17.20989],[96.56642,17.21006],[96.56669,17.20955],[96.56624,17.20903],[96.56713,17.20886],[96.56713,17.2086]],[[96.56435,17.20903],[96.56525,17.20963],[96.56525,17.2092],[96.5657,17.20938],[96.56597,17.20903],[96.56615,17.20929],[96.56579,17.20963],[96.56606,17.21006],[96.56453,17.20955],[96.56435,17.20903],[96.56408,17.20903],[96.56408,17.20843],[96.56435,17.20895],[96.56435,17.20903]],[[96.57118,17.20706],[96.57091,17.2068],[96.57055,17.20706],[96.56947,17.20697],[96.56974,17.20646],[96.56992,17.2068],[96.57055,17.20672],[96.57037,17.20637],[96.57001,17.20646],[96.57028,17.20629],[96.56992,17.20594],[96.57019,17.20551],[96.57073,17.20551],[96.57118,17.20689],[96.57172,17.20663],[96.57172,17.20706],[96.57145,17.20706],[96.57118,17.20706]]],[[[96.55788,17.21264],[96.55842,17.21229],[96.55788,17.21221],[96.55788,17.21152],[96.55815,17.21152],[96.55815,17.21118],[96.55779,17.21135],[96.55797,17.21058],[96.55788,17.21092],[96.55743,17.21058],[96.55707,17.21118],[96.55743,17.21126],[96.55734,17.21246],[96.55779,17.21264],[96.55788,17.21264]]],[[[96.58726,17.21264],[96.58726,17.21195],[96.58672,17.21186],[96.58681,17.21161],[96.58726,17.21169],[96.58717,17.21126],[96.5869,17.21143],[96.5869,17.21066],[96.58636,17.21075],[96.58636,17.21126],[96.58528,17.21118],[96.58537,17.21161],[96.58564,17.21135],[96.58645,17.21161],[96.58645,17.21126],[96.58681,17.21126],[96.58681,17.21152],[96.58636,17.21186],[96.58582,17.21169],[96.58591,17.21204],[96.58564,17.21178],[96.58492,17.21195],[96.58483,17.21246],[96.5869,17.21264],[96.58726,17.21264]]],[[[96.75937,17.21083],[96.75973,17.21101],[96.75964,17.21178],[96.76018,17.21204],[96.76009,17.21255],[96.76045,17.21264],[96.76018,17.21238],[96.76036,17.21015],[96.75955,17.21006],[96.75911,17.21058],[96.75848,17.21023],[96.75857,17.21075],[96.75919,17.21083],[96.75937,17.21083]]],[[[96.58941,17.21221],[96.58887,17.21229],[96.58896,17.21186],[96.58932,17.21221],[96.58968,17.21195],[96.58905,17.21161],[96.58851,17.21246],[96.58959,17.21272],[96.58959,17.21221],[96.58941,17.21221]]],[[[96.60172,17.21272],[96.6019,17.21204],[96.60244,17.21221],[96.60199,17.21161],[96.60253,17.21169],[96.60262,17.21126],[96.60298,17.21135],[96.60253,17.21101],[96.60235,17.21143],[96.60208,17.21135],[96.60244,17.21032],[96.60298,17.21058],[96.60271,17.21023],[96.60208,17.21041],[96.60217,17.21006],[96.60154,17.21032],[96.60136,17.2098],[96.60118,17.21023],[96.60082,17.21023],[96.601,17.21041],[96.60064,17.21092],[96.60118,17.21126],[96.60127,17.21186],[96.60091,17.21221],[96.60127,17.21221],[96.60127,17.21246],[96.60154,17.21229],[96.60163,17.21272],[96.60172,17.21272]]],[[[96.62522,17.21272],[96.62531,17.21217],[96.6263,17.21154],[96.62692,17.21154],[96.62728,17.21199],[96.628,17.21154],[96.62836,17.21229],[96.6284,17.21186],[96.62804,17.21143],[96.62615,17.21152],[96.62517,17.21212],[96.62517,17.21272],[96.62522,17.21272]]],[[[96.77186,17.21178],[96.77231,17.21169],[96.77069,17.21152],[96.77006,17.21178],[96.76971,17.21152],[96.76935,17.21212],[96.76988,17.21195],[96.76953,17.21255],[96.77051,17.21246],[96.77024,17.21212],[96.77069,17.21221],[96.77096,17.21281],[96.77132,17.21281],[96.77123,17.21238],[96.77186,17.21186],[96.77186,17.21178]]],[[[96.77536,17.21281],[96.77554,17.21221],[96.77483,17.21212],[96.7751,17.21178],[96.77429,17.21186],[96.77483,17.21255],[96.77518,17.21229],[96.77527,17.21281],[96.77536,17.21281]]],[[[96.75632,17.21289],[96.75641,17.21238],[96.75695,17.21246],[96.75641,17.21229],[96.75677,17.21109],[96.75632,17.21101],[96.75605,17.21109],[96.75614,17.21289],[96.75632,17.21289]]],[[[96.78462,17.21238],[96.78417,17.21246],[96.78417,17.21195],[96.78471,17.21238],[96.78489,17.21186],[96.78399,17.21169],[96.78363,17.21186],[96.7839,17.21221],[96.78345,17.21264],[96.78417,17.21264],[96.78426,17.21289],[96.78462,17.21246],[96.78462,17.21238]]],[[[96.54989,17.21264],[96.55025,17.21255],[96.54989,17.21281],[96.55043,17.21307],[96.55034,17.21272],[96.55105,17.21204],[96.55061,17.21204],[96.55052,17.21238],[96.5498,17.21204],[96.5498,17.21264],[96.54989,17.21264]]],[[[96.59399,17.21221],[96.59381,17.21298],[96.59408,17.21324],[96.59435,17.21204],[96.59408,17.21204],[96.59417,17.21178],[96.59346,17.21186],[96.59346,17.21221],[96.59355,17.21195],[96.59381,17.21221],[96.59399,17.21221]]],[[[96.69901,17.21272],[96.69982,17.21229],[96.70089,17.21272],[96.70116,17.21246],[96.70089,17.21246],[96.7008,17.21195],[96.70053,17.21204],[96.70062,17.21161],[96.7,17.21169],[96.69973,17.21212],[96.69973,17.21161],[96.69937,17.21143],[96.69946,17.21221],[96.69838,17.21281],[96.69829,17.21315],[96.69919,17.21272],[96.69901,17.21272]]],[[[96.56381,17.21367],[96.56417,17.21264],[96.56345,17.21264],[96.56381,17.21238],[96.56372,17.21195],[96.56345,17.21195],[96.56363,17.21221],[96.56318,17.21289],[96.56372,17.21307],[96.56354,17.21367],[96.56381,17.21367]]],[[[96.64125,17.21101],[96.64035,17.21092],[96.64035,17.21307],[96.64143,17.21315],[96.64205,17.21367],[96.64268,17.21307],[96.6425,17.21229],[96.64286,17.21143],[96.64259,17.21109],[96.64125,17.21092],[96.64125,17.21101]]],[[[96.75794,17.21289],[96.75776,17.21307],[96.75812,17.21375],[96.75866,17.21384],[96.75866,17.21315],[96.75821,17.21298],[96.75848,17.21255],[96.75758,17.21246],[96.75794,17.21281],[96.75794,17.21289]]],[[[96.55465,17.21255],[96.55474,17.21281],[96.55474,17.21204],[96.5551,17.21229],[96.5551,17.21143],[96.55483,17.21143],[96.55465,17.21195],[96.55429,17.21161],[96.55366,17.21186],[96.55294,17.21152],[96.55312,17.21135],[96.55258,17.21135],[96.55285,17.21186],[96.55249,17.21204],[96.5533,17.21204],[96.55321,17.21255],[96.55375,17.21255],[96.55393,17.21324],[96.55438,17.21324],[96.55429,17.21392],[96.55465,17.21375],[96.55465,17.21298],[96.5551,17.21315],[96.55546,17.21281],[96.55528,17.21315],[96.55564,17.21349],[96.55609,17.21332],[96.55582,17.21307],[96.55609,17.21264],[96.55555,17.21255],[96.55582,17.21221],[96.55573,17.21161],[96.55528,17.21143],[96.55537,17.21186],[96.55564,17.21186],[96.55528,17.21204],[96.55546,17.21238],[96.55465,17.21246],[96.55465,17.21255]]],[[[96.58079,17.21186],[96.58124,17.21178],[96.58115,17.21204],[96.58079,17.21186],[96.58061,17.21272],[96.58097,17.21281],[96.58124,17.21221],[96.58106,17.21298],[96.58151,17.21367],[96.58106,17.21367],[96.58142,17.21384],[96.58187,17.21272],[96.58223,17.21298],[96.58187,17.21289],[96.58178,17.21324],[96.58214,17.21324],[96.58259,17.21384],[96.58286,17.21367],[96.5833,17.21392],[96.58411,17.21358],[96.5842,17.21221],[96.58465,17.21238],[96.58456,17.21195],[96.58357,17.21186],[96.58384,17.21221],[96.5833,17.21221],[96.58339,17.21186],[96.58304,17.21186],[96.58214,17.21264],[96.58241,17.21212],[96.58097,17.21152],[96.58079,17.21109],[96.58106,17.21083],[96.57989,17.21126],[96.57989,17.21186],[96.5807,17.21186],[96.58079,17.21186]]],[[[96.60819,17.21401],[96.60783,17.21358],[96.60639,17.21349],[96.60684,17.21324],[96.60747,17.21349],[96.60774,17.21307],[96.60639,17.21298],[96.6063,17.21341],[96.60576,17.21375],[96.60783,17.21401],[96.60819,17.21401]]],[[[96.56237,17.21409],[96.56246,17.21367],[96.56219,17.21358],[96.56273,17.21341],[96.56255,17.21246],[96.56219,17.21289],[96.5621,17.21204],[96.5613,17.21195],[96.56085,17.21135],[96.56112,17.21204],[96.56058,17.21221],[96.56076,17.21255],[96.5604,17.21358],[96.56103,17.21392],[96.56094,17.21349],[96.56121,17.21341],[96.56139,17.21384],[96.56219,17.21409],[96.56237,17.21409]]],[[[96.61232,17.21409],[96.61241,17.21272],[96.61187,17.21264],[96.61178,17.21392],[96.61223,17.21409],[96.61232,17.21409]]],[[[96.62669,17.21409],[96.6266,17.21315],[96.6271,17.21298],[96.62594,17.21271],[96.6254,17.21325],[96.62517,17.21281],[96.62571,17.21401],[96.62648,17.2137],[96.6266,17.21409],[96.62669,17.21409]]],[[[96.57962,17.21427],[96.58088,17.21392],[96.58052,17.21367],[96.58034,17.21238],[96.57962,17.21229],[96.57962,17.21272],[96.57944,17.21238],[96.57899,17.21238],[96.57908,17.21358],[96.57881,17.21358],[96.57863,17.21204],[96.57791,17.21178],[96.57782,17.21229],[96.57729,17.21152],[96.57648,17.21169],[96.57684,17.21195],[96.5763,17.21204],[96.57657,17.21221],[96.57621,17.21281],[96.57639,17.21332],[96.57684,17.21341],[96.57693,17.21272],[96.578,17.21264],[96.57791,17.21307],[96.5772,17.21289],[96.57711,17.21358],[96.57944,17.21427],[96.57962,17.21427]]],[[[96.54881,17.21341],[96.54899,17.21358],[96.54845,17.21341],[96.54872,17.21358],[96.54854,17.21384],[96.54881,17.21384],[96.54854,17.21409],[96.54908,17.21444],[96.5489,17.21375],[96.54953,17.21367],[96.54944,17.21307],[96.54998,17.21349],[96.55052,17.21332],[96.55043,17.21375],[96.55079,17.21324],[96.55088,17.21349],[96.55141,17.21332],[96.55123,17.21358],[96.55195,17.21384],[96.55231,17.21375],[96.55249,17.21307],[96.55321,17.21307],[96.55267,17.21289],[96.55294,17.21246],[96.55258,17.21272],[96.55114,17.21255],[96.55097,17.21315],[96.55016,17.21324],[96.54998,17.21289],[96.54953,17.21298],[96.54962,17.21255],[96.54917,17.21229],[96.54935,17.21307],[96.54881,17.21281],[96.54881,17.21332],[96.54881,17.21341]]],[[[96.76117,17.21418],[96.76108,17.21444],[96.76189,17.21409],[96.76252,17.21444],[96.76279,17.21418],[96.76252,17.21384],[96.7627,17.21341],[96.7609,17.21307],[96.76144,17.21341],[96.76126,17.21384],[96.7609,17.21367],[96.76108,17.21418],[96.76117,17.21418]]],[[[96.77563,17.21444],[96.77572,17.21418],[96.77662,17.21401],[96.77581,17.21384],[96.77581,17.21358],[96.77626,17.21375],[96.77608,17.21349],[96.77644,17.21341],[96.77635,17.21307],[96.77572,17.21375],[96.77536,17.21375],[96.77554,17.21444],[96.77563,17.21444]]],[[[96.59543,17.21384],[96.59516,17.21401],[96.59525,17.21452],[96.59642,17.21409],[96.59552,17.21384],[96.59543,17.21384]]],[[[96.60406,17.21478],[96.60477,17.21375],[96.60424,17.21332],[96.6045,17.21315],[96.60486,17.21358],[96.60495,17.21246],[96.60558,17.21169],[96.6054,17.21126],[96.60567,17.21118],[96.6054,17.21101],[96.60495,17.21101],[96.60477,17.21143],[96.60468,17.21092],[96.60441,17.21135],[96.60352,17.21427],[96.60379,17.21478],[96.60406,17.21478]]],[[[96.77779,17.21478],[96.77797,17.21367],[96.7768,17.21358],[96.77689,17.21452],[96.77752,17.21478],[96.77779,17.21478]]],[[[96.7751,17.21487],[96.77536,17.21409],[96.77465,17.21349],[96.77447,17.21409],[96.77501,17.21427],[96.77501,17.21487],[96.7751,17.21487]]],[[[96.58429,17.21495],[96.58429,17.21367],[96.58357,17.21392],[96.5842,17.21495],[96.58429,17.21495]]],[[[96.63568,17.21332],[96.63595,17.21324],[96.6355,17.21341],[96.63586,17.21401],[96.63756,17.21375],[96.6369,17.21361],[96.63654,17.21316],[96.63636,17.2119],[96.63702,17.21169],[96.63586,17.21169],[96.63586,17.21143],[96.6364,17.21152],[96.63613,17.21066],[96.63675,17.21066],[96.63666,17.21101],[96.63738,17.21092],[96.63738,17.20972],[96.63657,17.20998],[96.63648,17.2092],[96.63792,17.20955],[96.63846,17.20852],[96.63801,17.20843],[96.63783,17.20869],[96.63824,17.20858],[96.63824,17.20894],[96.63783,17.20877],[96.63738,17.2092],[96.63648,17.20895],[96.63631,17.20938],[96.63622,17.20903],[96.63591,17.20903],[96.63618,17.20939],[96.63582,17.20955],[96.63631,17.20955],[96.63613,17.2098],[96.63559,17.20972],[96.6346,17.21015],[96.63433,17.20989],[96.63316,17.20989],[96.63307,17.21058],[96.63334,17.21023],[96.63406,17.21023],[96.63433,17.21083],[96.63532,17.21066],[96.63559,17.21092],[96.63541,17.21135],[96.63577,17.21143],[96.63559,17.21178],[96.63523,17.21161],[96.63541,17.21281],[96.63496,17.21204],[96.6328,17.21272],[96.63307,17.21289],[96.63289,17.21358],[96.63316,17.21367],[96.63316,17.21478],[96.63397,17.21495],[96.63397,17.21461],[96.63532,17.21435],[96.6355,17.21401],[96.63523,17.21289],[96.63577,17.21281],[96.63559,17.21332],[96.63568,17.21332]]],[[[96.80914,17.21435],[96.8086,17.21341],[96.80905,17.21358],[96.80968,17.21264],[96.80959,17.21229],[96.8095,17.21255],[96.80914,17.21246],[96.80923,17.21221],[96.8086,17.21255],[96.80842,17.21195],[96.80878,17.21195],[96.80869,17.21161],[96.80914,17.21186],[96.8095,17.21143],[96.80977,17.21186],[96.80977,17.21118],[96.80995,17.21169],[96.81148,17.21161],[96.81085,17.21161],[96.81076,17.21126],[96.8104,17.21152],[96.81067,17.21092],[96.81004,17.21101],[96.81031,17.21092],[96.81031,17.21058],[96.80995,17.21066],[96.81013,17.21032],[96.81067,17.21032],[96.81058,17.2098],[96.8104,17.21006],[96.81013,17.20989],[96.8104,17.20938],[96.80968,17.20938],[96.81013,17.20946],[96.80995,17.20989],[96.80968,17.20955],[96.80878,17.2098],[96.8095,17.21032],[96.80869,17.21015],[96.80842,17.20998],[96.80851,17.20929],[96.80815,17.20912],[96.80851,17.20886],[96.80842,17.20843],[96.80779,17.20843],[96.80797,17.20809],[96.80761,17.20792],[96.80636,17.208],[96.80564,17.2074],[96.80699,17.20749],[96.8069,17.20783],[96.80716,17.20732],[96.80752,17.20775],[96.80878,17.20775],[96.8086,17.20877],[96.80914,17.2086],[96.80887,17.20835],[96.80941,17.20809],[96.80914,17.20783],[96.80986,17.20783],[96.8095,17.20732],[96.80959,17.20603],[96.80914,17.20586],[96.80905,17.20611],[96.80941,17.20714],[96.80905,17.20775],[96.80896,17.20723],[96.80797,17.20766],[96.80824,17.2074],[96.80806,17.20654],[96.8086,17.20654],[96.80815,17.20689],[96.80851,17.20732],[96.80851,17.20706],[96.80905,17.20689],[96.80887,17.20629],[96.80851,17.20646],[96.80815,17.20603],[96.80734,17.20611],[96.80725,17.20569],[96.80681,17.20594],[96.80699,17.2056],[96.80672,17.20543],[96.80734,17.20551],[96.80708,17.20517],[96.80752,17.205],[96.80806,17.20534],[96.80959,17.20534],[96.8095,17.20466],[96.80887,17.20457],[96.80878,17.20491],[96.80851,17.20474],[96.80869,17.2044],[96.8077,17.20423],[96.80761,17.20483],[96.80734,17.20483],[96.80734,17.20414],[96.8069,17.20423],[96.80654,17.20448],[96.80672,17.20483],[96.80716,17.20457],[96.80654,17.20569],[96.80636,17.20508],[96.80672,17.20483],[96.80618,17.20466],[96.80609,17.20491],[96.806,17.20431],[96.80645,17.20423],[96.80645,17.20397],[96.80654,17.20431],[96.8069,17.20423],[96.8069,17.20388],[96.80654,17.20388],[96.8069,17.20354],[96.80627,17.20371],[96.80573,17.20345],[96.80609,17.20294],[96.80564,17.20268],[96.8051,17.2032],[96.80564,17.20311],[96.8051,17.20345],[96.80483,17.20303],[96.80537,17.20277],[96.80501,17.2026],[96.80519,17.20217],[96.80474,17.20285],[96.80402,17.20242],[96.80357,17.20251],[96.8033,17.20303],[96.80339,17.20388],[96.80366,17.2044],[96.8042,17.20457],[96.80321,17.20457],[96.80303,17.20526],[96.80357,17.2056],[96.80348,17.20603],[96.80366,17.20586],[96.80402,17.20629],[96.80411,17.20594],[96.80411,17.20637],[96.80456,17.20629],[96.80456,17.20654],[96.80501,17.20637],[96.80456,17.2062],[96.80465,17.20594],[96.80438,17.20611],[96.80447,17.20569],[96.80393,17.20577],[96.80393,17.20551],[96.80465,17.20551],[96.80438,17.20534],[96.80474,17.205],[96.80456,17.20388],[96.80483,17.2044],[96.8051,17.20431],[96.80492,17.20388],[96.80555,17.20397],[96.8051,17.20457],[96.80474,17.20457],[96.8051,17.20474],[96.80492,17.2056],[96.80519,17.20517],[96.806,17.20517],[96.80573,17.2056],[96.80483,17.20569],[96.80519,17.20603],[96.80564,17.20586],[96.80537,17.20637],[96.8051,17.20629],[96.80492,17.20792],[96.80555,17.20775],[96.80591,17.208],[96.80618,17.20783],[96.80618,17.20809],[96.80564,17.20835],[96.80573,17.20809],[96.80537,17.20792],[96.80537,17.20817],[96.80501,17.20817],[96.8051,17.20877],[96.80465,17.2086],[96.80447,17.20895],[96.80411,17.20869],[96.80465,17.2086],[96.80465,17.20835],[96.80348,17.20817],[96.80366,17.20792],[96.8042,17.20809],[96.80411,17.20775],[96.80483,17.20775],[96.80474,17.20723],[96.80447,17.20757],[96.80465,17.20714],[96.80411,17.20723],[96.80393,17.20654],[96.80348,17.20697],[96.80366,17.20732],[96.80294,17.20757],[96.80276,17.208],[96.80231,17.20783],[96.80294,17.2074],[96.80294,17.20637],[96.80303,17.20672],[96.80312,17.20637],[96.80366,17.20672],[96.80366,17.2062],[96.80303,17.20611],[96.8033,17.20586],[96.80258,17.20543],[96.80276,17.20491],[96.80303,17.20491],[96.80276,17.20431],[96.80222,17.20448],[96.80222,17.205],[96.80186,17.20508],[96.80178,17.20457],[96.80169,17.20491],[96.80124,17.205],[96.80124,17.20526],[96.80178,17.20508],[96.80204,17.20534],[96.80186,17.20551],[96.80231,17.20551],[96.80222,17.20577],[96.80133,17.20551],[96.80169,17.20577],[96.80133,17.20586],[96.8016,17.2062],[96.80178,17.20577],[96.80231,17.20603],[96.80195,17.20663],[96.80142,17.20672],[96.80124,17.20646],[96.80124,17.20672],[96.80043,17.2068],[96.80061,17.20723],[96.80007,17.20732],[96.79962,17.20826],[96.79908,17.20809],[96.79944,17.20775],[96.79881,17.20775],[96.79944,17.20886],[96.79845,17.20766],[96.7998,17.20757],[96.79953,17.20732],[96.79962,17.20663],[96.79872,17.2074],[96.79872,17.20697],[96.79926,17.20697],[96.79917,17.20646],[96.79953,17.20637],[96.79908,17.20629],[96.7989,17.20654],[96.79836,17.20629],[96.79854,17.20689],[96.79809,17.20706],[96.79773,17.20697],[96.79791,17.20654],[96.79728,17.20672],[96.79773,17.20637],[96.79755,17.20603],[96.79791,17.20611],[96.79791,17.20569],[96.79683,17.20474],[96.79665,17.20543],[96.79719,17.20577],[96.79728,17.20654],[96.79674,17.20672],[96.79728,17.20714],[96.79719,17.208],[96.79665,17.20775],[96.79683,17.20689],[96.79639,17.20732],[96.79647,17.20663],[96.79603,17.20637],[96.79647,17.20629],[96.79639,17.20586],[96.79665,17.20577],[96.79647,17.20526],[96.7963,17.20543],[96.79612,17.20517],[96.7963,17.205],[96.79576,17.20508],[96.79558,17.20474],[96.79522,17.20526],[96.79558,17.2056],[96.79504,17.2056],[96.79486,17.20517],[96.79459,17.20526],[96.79477,17.20551],[96.7945,17.20534],[96.7945,17.20672],[96.79495,17.20629],[96.79558,17.20706],[96.7963,17.20723],[96.79603,17.2074],[96.79531,17.20697],[96.79495,17.20749],[96.79459,17.20732],[96.79459,17.20766],[96.79432,17.20766],[96.79432,17.20706],[96.79495,17.20732],[96.79495,17.20654],[96.79477,17.20706],[96.79378,17.20697],[96.79423,17.20749],[96.79414,17.20775],[96.79387,17.20757],[96.79405,17.20817],[96.79432,17.20817],[96.79432,17.20852],[96.79468,17.20817],[96.7945,17.20895],[96.79486,17.20869],[96.79531,17.20912],[96.79612,17.20877],[96.79612,17.2092],[96.79567,17.20912],[96.79585,17.20938],[96.79683,17.20955],[96.79719,17.20903],[96.79755,17.20955],[96.79827,17.20895],[96.79908,17.20895],[96.79926,17.20938],[96.79962,17.20895],[96.80025,17.20938],[96.8007,17.20886],[96.80133,17.21006],[96.80165,17.20974],[96.8012,17.20948],[96.80102,17.20885],[96.80183,17.20876],[96.80219,17.20948],[96.8021,17.20983],[96.8016,17.20998],[96.80169,17.21041],[96.80213,17.21006],[96.80267,17.21023],[96.80249,17.20963],[96.80294,17.20946],[96.80312,17.20998],[96.80267,17.21058],[96.80321,17.21083],[96.80393,17.21066],[96.80429,17.21126],[96.80474,17.21101],[96.80492,17.21178],[96.80483,17.21101],[96.80528,17.21161],[96.80582,17.21135],[96.80564,17.21161],[96.80609,17.21161],[96.80609,17.21186],[96.80681,17.21143],[96.80716,17.21221],[96.80743,17.21221],[96.80743,17.21186],[96.8077,17.21186],[96.80761,17.21212],[96.80824,17.21204],[96.80815,17.21238],[96.80761,17.21238],[96.80761,17.21281],[96.80806,17.21246],[96.8086,17.21272],[96.80788,17.21298],[96.80788,17.21332],[96.80842,17.21341],[96.80824,17.21418],[96.80869,17.21452],[96.80833,17.21495],[96.80878,17.21495],[96.80896,17.21435],[96.80914,17.21435]]],[[[96.54414,17.21461],[96.54387,17.21315],[96.54468,17.21324],[96.54468,17.21298],[96.54405,17.21246],[96.54414,17.21281],[96.54351,17.21315],[96.5436,17.21367],[96.54306,17.21349],[96.54333,17.21332],[96.54306,17.21281],[96.54297,17.21367],[96.54252,17.21392],[96.5436,17.21409],[96.54387,17.21504],[96.54423,17.21495],[96.54423,17.21461],[96.54414,17.21461]]],[[[96.55923,17.21435],[96.55941,17.21298],[96.55878,17.21298],[96.55896,17.21367],[96.55851,17.21444],[96.55896,17.21435],[96.55905,17.21461],[96.55878,17.21452],[96.55869,17.21487],[96.55914,17.2147],[96.55905,17.21504],[96.5595,17.21504],[96.55932,17.21435],[96.55923,17.21435]]],[[[96.76692,17.21452],[96.76656,17.21452],[96.76701,17.21435],[96.76647,17.21435],[96.76647,17.21384],[96.76629,17.21452],[96.76593,17.21418],[96.76611,17.21401],[96.76584,17.21401],[96.76584,17.21512],[96.76638,17.2147],[96.76638,17.21512],[96.76701,17.21495],[96.76701,17.21452],[96.76692,17.21452]]],[[[96.69532,17.21521],[96.69676,17.21409],[96.69667,17.21367],[96.69631,17.21409],[96.69586,17.21401],[96.69595,17.21444],[96.6955,17.21444],[96.69514,17.21521],[96.69532,17.21521]]],[[[96.58546,17.21538],[96.58573,17.2153],[96.58591,17.21401],[96.58735,17.21409],[96.58762,17.2147],[96.58825,17.21504],[96.58834,17.21307],[96.58798,17.21298],[96.58816,17.21264],[96.5878,17.21204],[96.58771,17.21298],[96.58663,17.21289],[96.58627,17.21324],[96.58609,17.21298],[96.58636,17.21289],[96.58537,17.21289],[96.58528,17.21264],[96.5851,17.21289],[96.58447,17.21281],[96.58492,17.21358],[96.58456,17.21367],[96.58483,17.21538],[96.58546,17.21538]]],[[[96.59426,17.2153],[96.59408,17.21512],[96.59453,17.21512],[96.59471,17.21444],[96.59202,17.21427],[96.59184,17.21401],[96.59211,17.21375],[96.59175,17.21315],[96.58878,17.21307],[96.58878,17.21367],[96.58977,17.21375],[96.58986,17.21409],[96.58869,17.21418],[96.5886,17.21504],[96.59094,17.2153],[96.5913,17.21504],[96.59139,17.21538],[96.59202,17.21538],[96.59211,17.21504],[96.59283,17.21547],[96.59319,17.21504],[96.59337,17.21555],[96.59453,17.21555],[96.59426,17.21538],[96.59426,17.2153]]],[[[96.55276,17.2147],[96.55276,17.2153],[96.55312,17.21521],[96.5533,17.21581],[96.55357,17.21581],[96.5533,17.21478],[96.55303,17.21478],[96.55321,17.21427],[96.55285,17.21452],[96.55168,17.21435],[96.5524,17.2147],[96.55276,17.2147]]],[[[96.55537,17.21452],[96.55438,17.21452],[96.55429,17.21392],[96.55393,17.21392],[96.55447,17.21478],[96.5542,17.21487],[96.55411,17.21444],[96.55384,17.21478],[96.5542,17.21512],[96.55465,17.21487],[96.55438,17.21512],[96.55465,17.21581],[96.55483,17.21547],[96.55447,17.2153],[96.55483,17.2153],[96.55483,17.21461],[96.55528,17.21452],[96.55537,17.21452]]],[[[96.54189,17.21573],[96.54252,17.21538],[96.54225,17.21452],[96.54171,17.21478],[96.54198,17.21547],[96.54153,17.21538],[96.54171,17.2159],[96.54198,17.21573],[96.54189,17.21573]]],[[[96.62391,17.21598],[96.62391,17.21573],[96.62472,17.21573],[96.62463,17.21495],[96.62508,17.21401],[96.62445,17.21409],[96.62436,17.21444],[96.62472,17.21478],[96.62436,17.2147],[96.624,17.21504],[96.62364,17.21581],[96.62382,17.21598],[96.62391,17.21598]]],[[[96.55537,17.21452],[96.5551,17.21495],[96.55564,17.21478],[96.55564,17.21504],[96.55501,17.2153],[96.55501,17.21581],[96.55546,17.21555],[96.55537,17.21607],[96.55582,17.21581],[96.55573,17.21418],[96.556,17.21427],[96.556,17.21547],[96.55662,17.21564],[96.55707,17.21435],[96.55698,17.21341],[96.55582,17.21349],[96.55591,17.21392],[96.55564,17.21358],[96.55501,17.21375],[96.55501,17.21427],[96.55537,17.21401],[96.55546,17.21452],[96.55537,17.21452]]],[[[96.76737,17.21615],[96.76737,17.21564],[96.76764,17.21555],[96.76746,17.2153],[96.76647,17.2153],[96.76656,17.21555],[96.76584,17.21564],[96.76611,17.21607],[96.76692,17.2159],[96.76728,17.21615],[96.76737,17.21615]]],[[[96.548,17.2153],[96.548,17.21564],[96.54773,17.21564],[96.548,17.21504],[96.54782,17.21521],[96.54791,17.21435],[96.54755,17.21409],[96.54773,17.21521],[96.54737,17.21547],[96.548,17.2159],[96.54818,17.21555],[96.54827,17.21624],[96.54872,17.21624],[96.54818,17.2153],[96.548,17.2153]]],[[[96.55959,17.21555],[96.55941,17.21573],[96.55977,17.21581],[96.55977,17.21615],[96.56022,17.21598],[96.5604,17.21633],[96.56085,17.21633],[96.56103,17.21607],[96.5604,17.21538],[96.56022,17.21573],[96.55986,17.21521],[96.55959,17.21538],[96.55959,17.21555]]],[[[96.813,17.2165],[96.81291,17.21615],[96.81327,17.21641],[96.81354,17.21607],[96.81327,17.2159],[96.81336,17.21547],[96.81309,17.21547],[96.81318,17.21504],[96.81246,17.21512],[96.81282,17.21555],[96.81279,17.2165],[96.813,17.2165]]],[[[96.56839,17.21358],[96.56866,17.21332],[96.56821,17.21324],[96.56821,17.21281],[96.56722,17.21315],[96.56749,17.21281],[96.56794,17.21298],[96.56785,17.21229],[96.56839,17.21204],[96.56696,17.21169],[96.56696,17.21212],[96.56615,17.21229],[96.56525,17.21221],[96.56516,17.21195],[96.56489,17.21246],[96.56507,17.21272],[96.56534,17.21229],[96.56561,17.21255],[96.5666,17.21238],[96.56678,17.21289],[96.56588,17.21307],[96.56588,17.21272],[96.56543,17.21255],[96.56579,17.21289],[96.56507,17.21307],[96.56489,17.21375],[96.56453,17.21384],[96.56462,17.21461],[96.56552,17.21478],[96.56489,17.21547],[96.56534,17.21564],[96.56588,17.21538],[96.56633,17.2159],[96.56642,17.21547],[96.56704,17.21538],[96.56696,17.21573],[96.56651,17.21564],[96.56579,17.21615],[96.56651,17.21658],[96.56669,17.21624],[96.56803,17.21615],[96.56767,17.21504],[96.56794,17.21452],[96.56857,17.21521],[96.56902,17.21487],[96.5683,17.21478],[96.5683,17.21444],[96.56875,17.21452],[96.56884,17.21427],[96.56947,17.21495],[96.56947,17.21452],[96.56992,17.2147],[96.5701,17.21435],[96.57037,17.21461],[96.57073,17.21409],[96.57082,17.21444],[96.57145,17.21435],[96.57181,17.21478],[96.5719,17.21452],[96.57235,17.21461],[96.57235,17.21358],[96.5719,17.21367],[96.57028,17.21281],[96.56992,17.21307],[96.56992,17.21238],[96.56929,17.21204],[96.56911,17.21341],[96.56884,17.21341],[96.5692,17.21375],[96.5683,17.21401],[96.56839,17.21375],[96.56839,17.21358]]],[[[96.62777,17.21658],[96.62786,17.21624],[96.62822,17.21633],[96.62822,17.21573],[96.6275,17.2159],[96.62759,17.21624],[96.62723,17.21658],[96.62768,17.21658],[96.62777,17.21658]]],[[[96.79315,17.21667],[96.79297,17.2147],[96.79288,17.2153],[96.79216,17.2153],[96.79207,17.21573],[96.79288,17.21581],[96.7927,17.21624],[96.79306,17.21633],[96.79306,17.21667],[96.79315,17.21667]]],[[[96.53605,17.21512],[96.53623,17.21495],[96.53596,17.21461],[96.53632,17.21444],[96.5365,17.2153],[96.53596,17.2153],[96.53605,17.21573],[96.5365,17.21547],[96.53686,17.21581],[96.53668,17.21538],[96.5374,17.21581],[96.53767,17.21555],[96.53713,17.21624],[96.53749,17.21624],[96.53713,17.2165],[96.53731,17.21675],[96.5374,17.2165],[96.53749,17.21675],[96.53821,17.21675],[96.53848,17.21641],[96.53893,17.21684],[96.5392,17.21633],[96.5392,17.2159],[96.53821,17.21581],[96.53803,17.21607],[96.53776,17.21564],[96.53794,17.21495],[96.53758,17.21461],[96.53848,17.2147],[96.53866,17.21409],[96.53839,17.21444],[96.53767,17.21444],[96.53767,17.21409],[96.53722,17.21444],[96.53695,17.21418],[96.53587,17.21427],[96.53587,17.21461],[96.53551,17.21452],[96.53542,17.21409],[96.53524,17.2147],[96.53587,17.2147],[96.53587,17.21512],[96.53605,17.21512]]],[[[96.59831,17.21555],[96.59741,17.21538],[96.59723,17.21495],[96.59669,17.21555],[96.59597,17.21573],[96.5957,17.21641],[96.59597,17.21641],[96.59597,17.21598],[96.59651,17.21607],[96.59705,17.21538],[96.59723,17.21573],[96.5975,17.21564],[96.59741,17.2159],[96.59777,17.2159],[96.59768,17.21658],[96.59822,17.21684],[96.59831,17.21564],[96.59831,17.21555]]],[[[96.80321,17.21607],[96.8024,17.21504],[96.80178,17.21538],[96.80151,17.21512],[96.80213,17.21487],[96.80204,17.21452],[96.80276,17.21444],[96.80267,17.21487],[96.80294,17.21478],[96.80303,17.2153],[96.80339,17.21538],[96.8029,17.21424],[96.80362,17.21415],[96.80384,17.21349],[96.80357,17.21341],[96.80366,17.21401],[96.8024,17.21409],[96.8024,17.21332],[96.80195,17.21315],[96.80204,17.21264],[96.80151,17.21229],[96.80169,17.21298],[96.80133,17.21255],[96.80115,17.21307],[96.80178,17.21332],[96.80151,17.21375],[96.8007,17.21384],[96.80079,17.21427],[96.80052,17.21435],[96.80133,17.2147],[96.80097,17.21487],[96.80133,17.21504],[96.80097,17.21607],[96.80178,17.21615],[96.80169,17.21581],[96.80213,17.21624],[96.8016,17.21633],[96.80169,17.21658],[96.80249,17.21675],[96.80267,17.2165],[96.80267,17.21684],[96.80294,17.2165],[96.80249,17.21615],[96.80321,17.21615],[96.80321,17.21607]]],[[[96.58744,17.21701],[96.58807,17.21615],[96.58825,17.2153],[96.58753,17.21521],[96.58717,17.21573],[96.58663,17.21555],[96.58618,17.21598],[96.58663,17.2165],[96.58672,17.21607],[96.58699,17.21607],[96.58717,17.21701],[96.58744,17.21701]]],[[[96.60801,17.21667],[96.60918,17.21641],[96.60918,17.21495],[96.60855,17.21504],[96.60855,17.2147],[96.60918,17.2147],[96.60918,17.21444],[96.6081,17.21461],[96.60846,17.21495],[96.60792,17.21512],[96.60765,17.21615],[96.60801,17.2165],[96.60756,17.21667],[96.60837,17.21701],[96.60819,17.21667],[96.60801,17.21667]]],[[[96.76755,17.21701],[96.76809,17.21693],[96.76809,17.21641],[96.76818,17.21675],[96.76899,17.21693],[96.76917,17.21607],[96.76692,17.21633],[96.7671,17.21701],[96.76746,17.21701],[96.76755,17.21701]]],[[[96.61525,17.21693],[96.61596,17.21558],[96.61677,17.2154],[96.61735,17.21581],[96.61744,17.21555],[96.61681,17.21512],[96.61753,17.21521],[96.61762,17.21375],[96.61726,17.21367],[96.61717,17.21409],[96.61699,17.21358],[96.61385,17.21255],[96.61322,17.2153],[96.61519,17.21581],[96.61502,17.21684],[96.61552,17.21718],[96.61534,17.21693],[96.61525,17.21693]]],[[[96.77734,17.21744],[96.77779,17.21727],[96.77743,17.21701],[96.77779,17.21684],[96.77761,17.21607],[96.77725,17.21607],[96.77752,17.21633],[96.77689,17.21633],[96.7768,17.21693],[96.77707,17.21693],[96.77716,17.21744],[96.77734,17.21744]]],[[[96.59831,17.21555],[96.59849,17.21693],[96.59876,17.21693],[96.5984,17.21744],[96.59983,17.21727],[96.59965,17.21701],[96.59885,17.21718],[96.59894,17.21675],[96.59947,17.21693],[96.59947,17.21633],[96.5992,17.21624],[96.59947,17.21615],[96.59947,17.21564],[96.5992,17.21564],[96.59938,17.2153],[96.59867,17.21487],[96.59858,17.21444],[96.59813,17.21452],[96.59831,17.21512],[96.59831,17.21555]]],[[[96.70772,17.21418],[96.70575,17.21418],[96.70575,17.21573],[96.707,17.21555],[96.70718,17.21624],[96.70682,17.2159],[96.70673,17.21667],[96.70718,17.21684],[96.70718,17.21753],[96.70754,17.21736],[96.70745,17.21564],[96.70772,17.21512],[96.70934,17.2153],[96.70943,17.21504],[96.70889,17.21401],[96.70817,17.21427],[96.70772,17.21409],[96.70772,17.21418]]],[[[96.69577,17.21778],[96.69685,17.21744],[96.69649,17.21753],[96.69586,17.21684],[96.69568,17.21736],[96.69541,17.21736],[96.69559,17.21778],[96.69577,17.21778]]],[[[96.71482,17.21633],[96.71446,17.21615],[96.71527,17.21615],[96.71518,17.21538],[96.71554,17.21521],[96.71554,17.21444],[96.71545,17.21418],[96.71473,17.21427],[96.71473,17.21375],[96.71464,17.21401],[96.71428,17.21367],[96.71122,17.21392],[96.71105,17.21409],[96.71149,17.21409],[96.71158,17.2147],[96.71105,17.21444],[96.71069,17.21478],[96.70988,17.2147],[96.71015,17.21564],[96.71131,17.2153],[96.7114,17.21478],[96.71167,17.21478],[96.71158,17.2153],[96.71185,17.21547],[96.71051,17.21607],[96.71051,17.21727],[96.71087,17.21744],[96.71131,17.2171],[96.71185,17.21787],[96.71392,17.21787],[96.71428,17.2171],[96.71464,17.21761],[96.715,17.21761],[96.715,17.21684],[96.71446,17.21693],[96.71509,17.21675],[96.71482,17.21641],[96.71482,17.21633]]],[[[96.56938,17.2171],[96.56902,17.21761],[96.56893,17.21727],[96.56938,17.21693],[96.56902,17.21641],[96.56848,17.21658],[96.56893,17.21684],[96.56866,17.21693],[96.56866,17.21804],[96.56902,17.21813],[96.5692,17.2177],[96.56974,17.21761],[96.56956,17.2171],[96.56938,17.2171]]],[[[96.61924,17.21821],[96.61915,17.21778],[96.61852,17.21787],[96.61861,17.21744],[96.61906,17.21753],[96.61906,17.2171],[96.61762,17.2171],[96.61767,17.21783],[96.61803,17.21783],[96.61803,17.21738],[96.61848,17.21756],[96.61758,17.21821],[96.61933,17.21821],[96.61924,17.21821]]],[[[96.55393,17.21821],[96.55375,17.21736],[96.55411,17.21744],[96.5542,17.2171],[96.55339,17.21727],[96.55339,17.21701],[96.55402,17.21624],[96.5551,17.21667],[96.55465,17.21598],[96.55393,17.21598],[96.5533,17.21693],[96.55276,17.21667],[96.55276,17.21736],[96.55303,17.21744],[96.55321,17.2171],[96.55321,17.21744],[96.55357,17.21736],[96.55366,17.21761],[96.55348,17.21804],[96.55384,17.21796],[96.55366,17.21821],[96.55393,17.21847],[96.55402,17.21821],[96.55393,17.21821]]],[[[96.58052,17.21658],[96.58277,17.21864],[96.58286,17.21744],[96.58241,17.21744],[96.58241,17.21675],[96.58268,17.21667],[96.58286,17.21727],[96.58339,17.21573],[96.58295,17.21504],[96.58286,17.21555],[96.58196,17.21504],[96.58196,17.21478],[96.58268,17.21487],[96.58241,17.21452],[96.58178,17.21495],[96.57953,17.21512],[96.58016,17.21598],[96.58034,17.21581],[96.58052,17.21615],[96.58142,17.21633],[96.58052,17.2165],[96.58052,17.21658]]],[[[96.59507,17.21881],[96.59471,17.21804],[96.59516,17.21821],[96.59534,17.21761],[96.59489,17.21675],[96.59444,17.21675],[96.59471,17.21753],[96.59444,17.21856],[96.59498,17.21881],[96.59507,17.21881]]],[[[96.60406,17.21899],[96.60424,17.21864],[96.60441,17.2189],[96.60468,17.21873],[96.60468,17.2183],[96.60415,17.21847],[96.60433,17.21761],[96.60397,17.21761],[96.60406,17.21821],[96.60361,17.21856],[96.60388,17.21899],[96.60406,17.21899]]],[[[96.81525,17.21796],[96.81543,17.2177],[96.81579,17.21873],[96.81651,17.21839],[96.8166,17.21796],[96.81696,17.2183],[96.81606,17.21581],[96.81597,17.21641],[96.81588,17.21607],[96.81543,17.21624],[96.81525,17.21693],[96.81444,17.21684],[96.81444,17.21727],[96.8148,17.21744],[96.81498,17.2171],[96.81534,17.21718],[96.81516,17.21778],[96.81444,17.21778],[96.81471,17.21744],[96.81435,17.2171],[96.81408,17.21736],[96.81435,17.21787],[96.81507,17.21804],[96.81489,17.21864],[96.81516,17.21899],[96.81543,17.21881],[96.81516,17.21847],[96.81534,17.21796],[96.81525,17.21796]]],[[[96.78866,17.21873],[96.78839,17.21881],[96.78911,17.21873],[96.78938,17.2183],[96.78992,17.21839],[96.78929,17.21796],[96.79001,17.21813],[96.7901,17.21693],[96.78956,17.21684],[96.78893,17.21598],[96.78803,17.21615],[96.78794,17.21581],[96.78983,17.21573],[96.78974,17.2153],[96.7901,17.21512],[96.78983,17.2147],[96.79046,17.21461],[96.79019,17.21418],[96.79055,17.21401],[96.78965,17.21332],[96.78956,17.21367],[96.78929,17.21341],[96.78929,17.21384],[96.78866,17.21375],[96.78911,17.21349],[96.78884,17.21264],[96.78974,17.21264],[96.78947,17.21272],[96.78974,17.21307],[96.78992,17.21255],[96.79028,17.21272],[96.79037,17.21238],[96.78929,17.21229],[96.78929,17.21169],[96.78956,17.21169],[96.78947,17.21221],[96.78974,17.21221],[96.78983,17.21135],[96.78929,17.21126],[96.78902,17.21169],[96.78893,17.21101],[96.78875,17.21135],[96.78839,17.21126],[96.78848,17.21075],[96.78794,17.21058],[96.78812,17.21143],[96.78758,17.21066],[96.78731,17.21083],[96.78749,17.21135],[96.78722,17.21126],[96.78722,17.21152],[96.7879,17.21136],[96.78821,17.21169],[96.78812,17.21221],[96.78754,17.21217],[96.78754,17.21307],[96.78709,17.21316],[96.78691,17.2119],[96.78722,17.21161],[96.78695,17.21152],[96.78713,17.21118],[96.78686,17.21118],[96.78686,17.21152],[96.78632,17.21161],[96.78677,17.21195],[96.78641,17.21221],[96.78641,17.21272],[96.78695,17.21281],[96.78677,17.21341],[96.78614,17.21358],[96.78605,17.21307],[96.78561,17.21298],[96.78525,17.21384],[96.78552,17.21409],[96.78507,17.21495],[96.78444,17.21461],[96.78453,17.21521],[96.78417,17.21538],[96.78471,17.2159],[96.7857,17.21607],[96.78605,17.21581],[96.78614,17.21615],[96.78641,17.21573],[96.78686,17.2159],[96.78641,17.21607],[96.78668,17.21753],[96.78641,17.21787],[96.78659,17.21813],[96.78704,17.21787],[96.78704,17.2183],[96.78641,17.21847],[96.78659,17.21899],[96.78722,17.21881],[96.7874,17.21907],[96.78776,17.21856],[96.78785,17.21899],[96.78821,17.21873],[96.78866,17.2189],[96.78866,17.21873]]],[[[96.61582,17.21916],[96.61579,17.21855],[96.61726,17.21847],[96.61645,17.2183],[96.61695,17.2181],[96.61587,17.2181],[96.61564,17.21744],[96.61564,17.21804],[96.61636,17.2183],[96.61546,17.21839],[96.61537,17.21899],[96.61573,17.21881],[96.61573,17.21916],[96.61582,17.21916]]],[[[96.6991,17.21847],[96.69874,17.21753],[96.69901,17.21727],[96.69865,17.21701],[96.69874,17.21667],[96.69838,17.21667],[96.6982,17.21727],[96.69856,17.21736],[96.69829,17.21736],[96.69829,17.21778],[96.69757,17.21787],[96.69793,17.21813],[96.69784,17.21916],[96.6982,17.21899],[96.69784,17.21856],[96.69829,17.21873],[96.69892,17.21847],[96.6991,17.21847]]],[[[96.61061,17.21924],[96.61079,17.21873],[96.61034,17.21873],[96.61034,17.21804],[96.60945,17.21796],[96.60972,17.21899],[96.61007,17.21864],[96.61052,17.21924],[96.61061,17.21924]]],[[[96.57109,17.21933],[96.57118,17.2183],[96.57163,17.21813],[96.57145,17.21796],[96.57064,17.21804],[96.57055,17.21899],[96.57091,17.21933],[96.57109,17.21933]]],[[[96.61969,17.21873],[96.61951,17.21916],[96.61987,17.21933],[96.6196,17.21941],[96.61996,17.21941],[96.62058,17.2189],[96.62032,17.21856],[96.62094,17.21847],[96.62094,17.21821],[96.62014,17.2183],[96.61978,17.21701],[96.61951,17.21804],[96.61987,17.21796],[96.61996,17.2183],[96.6196,17.21821],[96.61969,17.21847],[96.61969,17.21873]]],[[[96.80429,17.21864],[96.80407,17.21837],[96.8029,17.21855],[96.80267,17.21828],[96.80294,17.21899],[96.8024,17.21907],[96.80249,17.21761],[96.80204,17.21744],[96.8024,17.21693],[96.80133,17.2171],[96.80115,17.21675],[96.80142,17.2165],[96.80043,17.21641],[96.80088,17.21675],[96.80079,17.2171],[96.80097,17.21693],[96.80061,17.21753],[96.80088,17.21761],[96.80106,17.21718],[96.8016,17.21736],[96.80133,17.21778],[96.80151,17.21821],[96.80106,17.21804],[96.80097,17.21761],[96.80052,17.21778],[96.80151,17.21924],[96.80312,17.21924],[96.80348,17.21873],[96.80497,17.2195],[96.80429,17.2189],[96.80429,17.21864]]],[[[96.55591,17.2183],[96.55591,17.21761],[96.55546,17.21761],[96.55555,17.21701],[96.5551,17.21693],[96.55501,17.21821],[96.55447,17.21941],[96.5551,17.21959],[96.55546,17.21873],[96.55618,17.21873],[96.556,17.2183],[96.55591,17.2183]]],[[[96.59642,17.2171],[96.59642,17.21744],[96.59642,17.21701],[96.59579,17.21701],[96.59615,17.21727],[96.59597,17.21744],[96.59561,17.2171],[96.59561,17.21753],[96.59606,17.21778],[96.5966,17.21761],[96.59642,17.21864],[96.59687,17.21864],[96.59687,17.21941],[96.59732,17.21959],[96.59741,17.21761],[96.59786,17.21744],[96.59822,17.2177],[96.59822,17.21744],[96.59786,17.21736],[96.59795,17.21701],[96.59759,17.2171],[96.59768,17.21744],[96.59732,17.21736],[96.59732,17.21701],[96.59651,17.2171],[96.59642,17.2171]]],[[[96.60873,17.21873],[96.60846,17.21856],[96.60882,17.21856],[96.60882,17.21933],[96.61016,17.21916],[96.60945,17.21907],[96.609,17.21753],[96.60738,17.21693],[96.60738,17.21667],[96.60666,17.21684],[96.60648,17.21753],[96.60711,17.21839],[96.60612,17.21856],[96.60621,17.21907],[96.60684,17.21899],[96.60648,17.21959],[96.60855,17.21933],[96.60855,17.21873],[96.60873,17.21873]]],[[[96.87256,17.21967],[96.87346,17.21881],[96.87427,17.21873],[96.87436,17.2183],[96.87238,17.21933],[96.87202,17.21916],[96.87184,17.21959],[96.87238,17.21967],[96.87256,17.21967]]],[[[96.75066,17.21899],[96.75048,17.21864],[96.74985,17.21899],[96.7503,17.21976],[96.75066,17.21916],[96.75066,17.21899]]],[[[96.56938,17.21984],[96.57019,17.21941],[96.57028,17.2189],[96.56956,17.2189],[96.5692,17.21933],[96.56929,17.21984],[96.56938,17.21984]]],[[[96.54926,17.22002],[96.54926,17.21933],[96.5489,17.21907],[96.54827,17.21933],[96.54827,17.21993],[96.54872,17.21993],[96.54863,17.21959],[96.5489,17.21959],[96.54917,17.22002],[96.54926,17.22002]]],[[[96.76962,17.2177],[96.76944,17.21839],[96.76988,17.21813],[96.77033,17.21839],[96.77051,17.21796],[96.7706,17.21856],[96.77096,17.21873],[96.77105,17.21821],[96.77132,17.2183],[96.77123,17.21873],[96.77177,17.21899],[96.77141,17.21976],[96.77177,17.22002],[96.77186,17.21976],[96.77276,17.21976],[96.77276,17.22002],[96.77285,17.21976],[96.77339,17.21976],[96.77339,17.21881],[96.77429,17.21856],[96.77393,17.21796],[96.77393,17.21856],[96.77339,17.21847],[96.77357,17.21761],[96.77303,17.21761],[96.77294,17.2171],[96.77258,17.21761],[96.77222,17.2171],[96.77087,17.2171],[96.77069,17.21778],[96.77033,17.21761],[96.77051,17.2171],[96.76962,17.2171],[96.76953,17.2177],[96.76962,17.2177]]],[[[96.76566,17.2201],[96.76566,17.21984],[96.76773,17.2201],[96.76773,17.2195],[96.76575,17.21916],[96.76584,17.21967],[96.76539,17.22019],[96.76575,17.2201],[96.76566,17.2201]]],[[[96.5392,17.21881],[96.53893,17.2189],[96.53884,17.21839],[96.53947,17.21881],[96.53947,17.21821],[96.53839,17.21778],[96.53812,17.21796],[96.53776,17.21693],[96.53713,17.21718],[96.53668,17.21701],[96.53686,17.21761],[96.5365,17.21761],[96.53668,17.21718],[96.53587,17.21736],[96.53587,17.21761],[96.53551,17.21744],[96.53569,17.2171],[96.53533,17.21736],[96.53542,17.21787],[96.53623,17.21778],[96.53614,17.21744],[96.53632,17.21778],[96.53695,17.2177],[96.53659,17.21804],[96.53614,17.21787],[96.53623,17.2183],[96.53686,17.21856],[96.53632,17.21873],[96.53686,17.21907],[96.53623,17.21907],[96.53623,17.22002],[96.5374,17.22002],[96.53722,17.21959],[96.53758,17.21941],[96.53758,17.2189],[96.53767,17.21959],[96.53875,17.21907],[96.53893,17.21967],[96.53848,17.21967],[96.53848,17.22027],[96.53857,17.21976],[96.53893,17.22027],[96.53947,17.22019],[96.5392,17.21967],[96.5392,17.21881]]],[[[96.58995,17.22036],[96.58995,17.2195],[96.5895,17.21907],[96.58878,17.21899],[96.5886,17.21924],[96.58896,17.21916],[96.58869,17.21941],[96.58914,17.22019],[96.58896,17.22036],[96.58968,17.22036],[96.58923,17.21993],[96.58986,17.22036],[96.58995,17.22036]]],[[[96.81669,17.21881],[96.81633,17.21899],[96.81642,17.21924],[96.81615,17.21916],[96.81624,17.21881],[96.81597,17.21899],[96.81633,17.22027],[96.81696,17.22036],[96.81678,17.21976],[96.81705,17.22019],[96.81741,17.22002],[96.81714,17.21959],[96.81759,17.21959],[96.81768,17.21993],[96.81803,17.21976],[96.81768,17.21967],[96.81768,17.21933],[96.81803,17.21933],[96.81785,17.2189],[96.81723,17.21916],[96.81687,17.21856],[96.8166,17.21881],[96.81669,17.21881]]],[[[96.77662,17.22044],[96.77716,17.21916],[96.77599,17.21899],[96.77572,17.21933],[96.77671,17.21959],[96.77644,17.22027],[96.77626,17.22002],[96.77644,17.22044],[96.77662,17.22044]]],[[[96.75848,17.22062],[96.75884,17.2195],[96.75857,17.21941],[96.75848,17.21984],[96.75812,17.21993],[96.7574,17.21967],[96.7574,17.22002],[96.75821,17.22002],[96.75839,17.22062],[96.75848,17.22062]]],[[[96.79306,17.22062],[96.79324,17.22036],[96.79369,17.22044],[96.79387,17.21941],[96.79324,17.21976],[96.7936,17.22019],[96.79234,17.22027],[96.79234,17.22053],[96.79297,17.22062],[96.79306,17.22062]]],[[[96.5886,17.2207],[96.58807,17.21856],[96.58816,17.21976],[96.58789,17.22002],[96.58816,17.22002],[96.58834,17.2207],[96.5886,17.2207]]],[[[96.76979,17.22062],[96.77015,17.2195],[96.76953,17.21933],[96.76944,17.2207],[96.77006,17.22062],[96.76979,17.22062]]],[[[96.79073,17.22027],[96.79037,17.22079],[96.79117,17.22019],[96.79126,17.21933],[96.791,17.21924],[96.79082,17.2183],[96.79064,17.21864],[96.79109,17.21967],[96.79073,17.22019],[96.79073,17.22027]]],[[[96.56839,17.21993],[96.56821,17.2201],[96.56839,17.21984],[96.56812,17.21959],[96.56848,17.21907],[96.56794,17.21916],[96.56776,17.2189],[96.56758,17.21924],[96.56704,17.21916],[96.56687,17.21941],[96.5666,17.21907],[96.56722,17.21881],[96.56642,17.21899],[96.56651,17.21856],[96.56588,17.2183],[96.56606,17.21796],[96.56561,17.21804],[96.56561,17.2177],[96.56597,17.21778],[96.56588,17.21744],[96.56534,17.21761],[96.56534,17.21856],[96.56507,17.21856],[96.56534,17.21924],[96.5657,17.21839],[96.56606,17.21856],[96.56606,17.21899],[96.56579,17.21899],[96.56633,17.21916],[96.56606,17.2195],[96.5666,17.21941],[96.56651,17.21976],[96.56597,17.21967],[96.56606,17.21993],[96.56704,17.21993],[96.5674,17.2195],[96.56731,17.22027],[96.56669,17.2201],[96.56696,17.22087],[96.5683,17.22019],[96.56893,17.22019],[96.56848,17.21993],[96.56839,17.21993]]],[[[96.8157,17.22087],[96.81606,17.2207],[96.81597,17.21984],[96.81579,17.21907],[96.81534,17.21907],[96.81552,17.21959],[96.81516,17.2201],[96.81534,17.22053],[96.81561,17.22044],[96.81552,17.22087],[96.8157,17.22087]]],[[[96.78129,17.21864],[96.78129,17.21907],[96.78129,17.21839],[96.78031,17.21881],[96.78102,17.2189],[96.78057,17.21899],[96.78075,17.21924],[96.78013,17.21907],[96.7804,17.2195],[96.78111,17.21941],[96.78066,17.21984],[96.78111,17.2201],[96.78066,17.2201],[96.7812,17.22105],[96.78138,17.22079],[96.78219,17.22087],[96.78228,17.22053],[96.78165,17.2201],[96.78165,17.21959],[96.7821,17.21959],[96.7821,17.21924],[96.78147,17.21924],[96.78183,17.2183],[96.78138,17.21787],[96.7812,17.21821],[96.78165,17.21813],[96.78147,17.21864],[96.78129,17.21864]]],[[[96.58941,17.21839],[96.58932,17.21796],[96.58959,17.21787],[96.58941,17.21847],[96.59076,17.2201],[96.59121,17.21959],[96.59274,17.2195],[96.59256,17.21993],[96.59283,17.22019],[96.59301,17.21984],[96.59247,17.21753],[96.59265,17.2171],[96.59319,17.22002],[96.59426,17.22113],[96.5948,17.22105],[96.5948,17.22044],[96.59444,17.22044],[96.59408,17.21976],[96.59426,17.21916],[96.59355,17.21667],[96.59364,17.21641],[96.59399,17.2165],[96.59399,17.21744],[96.59435,17.21736],[96.59417,17.21675],[96.5948,17.21633],[96.59462,17.21581],[96.59256,17.21564],[96.59238,17.2159],[96.59229,17.21555],[96.58869,17.21538],[96.58834,17.21658],[96.58789,17.21701],[96.58807,17.21727],[96.58842,17.21675],[96.58923,17.2171],[96.58977,17.21675],[96.59067,17.21684],[96.58959,17.21718],[96.58959,17.21778],[96.58914,17.21761],[96.58905,17.21718],[96.58923,17.21839],[96.58941,17.21839]]],[[[96.59597,17.22122],[96.59669,17.22096],[96.59615,17.22027],[96.59516,17.22062],[96.59588,17.22122],[96.59597,17.22122]]],[[[96.60702,17.2213],[96.60702,17.2201],[96.60666,17.22002],[96.60648,17.22062],[96.60675,17.2213],[96.60702,17.2213]]],[[[96.783,17.21941],[96.78228,17.21899],[96.78219,17.2195],[96.78273,17.2201],[96.78255,17.22062],[96.78318,17.22079],[96.78327,17.22156],[96.78354,17.22165],[96.78363,17.22096],[96.7839,17.22113],[96.78399,17.22087],[96.78327,17.22053],[96.78318,17.22002],[96.78363,17.21993],[96.78354,17.22044],[96.78381,17.2207],[96.7839,17.22036],[96.78372,17.2195],[96.78309,17.21941],[96.783,17.21941]]],[[[96.79701,17.22165],[96.79728,17.22053],[96.79647,17.22053],[96.79612,17.22019],[96.79603,17.22156],[96.79692,17.22165],[96.79701,17.22165]]],[[[96.83735,17.22165],[96.83699,17.22156],[96.83735,17.22105],[96.83708,17.22062],[96.83663,17.2207],[96.83591,17.22027],[96.83582,17.22062],[96.83672,17.22087],[96.83663,17.22156],[96.83744,17.22165],[96.83735,17.22165]]],[[[96.62364,17.22027],[96.62355,17.22062],[96.62328,17.22053],[96.62364,17.2219],[96.624,17.22147],[96.62382,17.22027],[96.62364,17.22027]]],[[[96.78129,17.22105],[96.7795,17.22113],[96.77941,17.22182],[96.77995,17.2219],[96.77941,17.22199],[96.78004,17.22199],[96.78013,17.22165],[96.78111,17.22173],[96.78111,17.22139],[96.78201,17.22147],[96.78201,17.22113],[96.78138,17.22105],[96.78129,17.22105]]],[[[96.80285,17.22182],[96.80294,17.22216],[96.80339,17.22199],[96.80303,17.2219],[96.8033,17.22165],[96.80357,17.22199],[96.80429,17.22147],[96.8033,17.2213],[96.80321,17.22096],[96.80321,17.22147],[96.80294,17.22139],[96.80267,17.22182],[96.80285,17.22182]]],[[[96.61663,17.22165],[96.61645,17.22207],[96.61663,17.22156],[96.61609,17.22156],[96.61591,17.22079],[96.61573,17.22182],[96.61627,17.2219],[96.61582,17.22225],[96.61681,17.22225],[96.61735,17.22147],[96.6169,17.22139],[96.61681,17.22165],[96.61663,17.22165]]],[[[96.7662,17.22044],[96.76593,17.22044],[96.76602,17.22087],[96.7662,17.2207],[96.76647,17.2213],[96.7662,17.22147],[96.76692,17.22147],[96.76701,17.22182],[96.76638,17.22233],[96.7671,17.22216],[96.7671,17.22165],[96.76782,17.22182],[96.76782,17.2213],[96.76674,17.2213],[96.76674,17.22036],[96.7662,17.22036],[96.7662,17.22044]]],[[[96.58672,17.22087],[96.58708,17.22096],[96.58672,17.22087],[96.58636,17.22122],[96.58645,17.22165],[96.58762,17.22242],[96.58798,17.22087],[96.58771,17.22087],[96.58771,17.22053],[96.58663,17.22053],[96.58663,17.22087],[96.58672,17.22087]]],[[[96.53515,17.2225],[96.53533,17.22165],[96.53569,17.22199],[96.5356,17.22139],[96.53489,17.22139],[96.53506,17.22087],[96.53533,17.2213],[96.5356,17.22122],[96.53542,17.22044],[96.53471,17.22079],[96.53471,17.22147],[96.53435,17.22165],[96.53489,17.22207],[96.53489,17.2225],[96.53515,17.2225]]],[[[96.62588,17.22173],[96.62562,17.22216],[96.62606,17.22199],[96.62615,17.22233],[96.62687,17.2225],[96.62705,17.22105],[96.62571,17.22062],[96.62544,17.22165],[96.62562,17.22182],[96.62588,17.22156],[96.62588,17.22173]]],[[[96.56246,17.2219],[96.56273,17.22182],[96.56246,17.22199],[96.56282,17.22207],[96.56309,17.22268],[96.5648,17.2219],[96.5648,17.22139],[96.56444,17.22122],[96.56381,17.22147],[96.56399,17.22173],[96.56318,17.22182],[96.56228,17.22147],[96.56228,17.22182],[96.56183,17.22182],[96.5621,17.2219],[96.56246,17.2219]]],[[[96.78614,17.22268],[96.78623,17.22207],[96.78659,17.22199],[96.78632,17.22156],[96.78704,17.22182],[96.78686,17.22122],[96.78587,17.22122],[96.7857,17.22268],[96.78614,17.22268]]],[[[96.76899,17.22268],[96.76881,17.2225],[96.76908,17.22268],[96.76926,17.22233],[96.76872,17.22199],[96.7689,17.22173],[96.76845,17.22105],[96.76881,17.22105],[96.7689,17.22139],[96.76881,17.22079],[96.76908,17.22053],[96.76818,17.22027],[96.76836,17.22207],[96.76791,17.2225],[96.76836,17.2225],[96.76836,17.22285],[96.76899,17.22276],[96.76899,17.22268]]],[[[96.80465,17.2219],[96.80438,17.2225],[96.80537,17.22268],[96.80537,17.22328],[96.80573,17.22328],[96.80618,17.22225],[96.80537,17.2225],[96.80537,17.2219],[96.80465,17.22173],[96.80465,17.2219]]],[[[96.56624,17.22225],[96.56633,17.22182],[96.56543,17.22207],[96.56525,17.22268],[96.56552,17.22276],[96.56507,17.22293],[96.56525,17.22336],[96.5657,17.22336],[96.56543,17.22302],[96.56579,17.22302],[96.56588,17.22336],[96.56624,17.22319],[96.56588,17.2225],[96.56624,17.22233],[96.56624,17.22225]]],[[[96.56642,17.22207],[96.56687,17.22216],[96.5666,17.2225],[96.56704,17.22268],[96.56722,17.22216],[96.56731,17.22293],[96.56767,17.22302],[96.56731,17.22328],[96.56803,17.22345],[96.56839,17.22319],[96.56848,17.22242],[96.56965,17.22259],[96.56965,17.22105],[96.57001,17.2213],[96.56992,17.22096],[96.57046,17.22079],[96.57046,17.22105],[96.571,17.22113],[96.57163,17.22053],[96.57154,17.22105],[96.57199,17.22113],[96.57199,17.22079],[96.57261,17.22053],[96.57243,17.22019],[96.57279,17.22002],[96.57055,17.22002],[96.56974,17.22053],[96.56929,17.22036],[96.5692,17.22062],[96.56785,17.22079],[96.5666,17.22147],[96.56642,17.22199],[96.56642,17.22207]]],[[[96.5966,17.22379],[96.59705,17.22319],[96.59687,17.22285],[96.59633,17.22285],[96.59633,17.22319],[96.59561,17.22362],[96.59624,17.22379],[96.5966,17.22379]]],[[[96.60226,17.22319],[96.60289,17.22259],[96.60262,17.22207],[96.60199,17.22225],[96.60244,17.22379],[96.60235,17.22319],[96.60226,17.22319]]],[[[96.76647,17.22379],[96.76647,17.22302],[96.76692,17.22276],[96.76656,17.22276],[96.76656,17.22242],[96.76629,17.22319],[96.76611,17.22302],[96.76584,17.22345],[96.76539,17.22345],[96.76548,17.22371],[96.7662,17.22379],[96.76647,17.22379]]],[[[96.61268,17.22319],[96.61286,17.22388],[96.61367,17.22388],[96.6134,17.22353],[96.61367,17.22285],[96.61349,17.22182],[96.6125,17.22173],[96.6125,17.2225],[96.61286,17.22293],[96.61268,17.2231],[96.61268,17.22319]]],[[[96.81624,17.22353],[96.81651,17.22388],[96.81615,17.22379],[96.81588,17.22302],[96.81615,17.22302],[96.81579,17.22233],[96.81606,17.22087],[96.81579,17.22165],[96.81507,17.22207],[96.81534,17.22225],[96.81507,17.2225],[96.8157,17.22259],[96.81516,17.22293],[96.81579,17.22293],[96.81552,17.22319],[96.81588,17.22336],[96.81606,17.22405],[96.81705,17.22379],[96.81705,17.22353],[96.8166,17.22353],[96.81624,17.22353]]],[[[96.71248,17.22371],[96.71239,17.22422],[96.71365,17.22396],[96.71329,17.22199],[96.71248,17.22225],[96.71266,17.22293],[96.71239,17.22371],[96.71248,17.22371]]],[[[96.77348,17.22302],[96.77348,17.22268],[96.77303,17.2225],[96.77312,17.22207],[96.77276,17.22216],[96.77312,17.22156],[96.77267,17.22156],[96.77267,17.22216],[96.77249,17.2219],[96.7715,17.22199],[96.77168,17.22293],[96.77249,17.22319],[96.77249,17.22413],[96.77276,17.22422],[96.77267,17.22371],[96.77294,17.22371],[96.77276,17.22285],[96.77348,17.22319],[96.77348,17.22302]]],[[[96.80842,17.2231],[96.80725,17.22293],[96.80752,17.22242],[96.80681,17.22216],[96.80636,17.22242],[96.80654,17.22268],[96.80609,17.22302],[96.80636,17.22328],[96.80618,17.22345],[96.80609,17.22319],[96.80591,17.22362],[96.80663,17.22405],[96.80716,17.22362],[96.80734,17.22413],[96.8077,17.22422],[96.8077,17.22371],[96.80806,17.22396],[96.80797,17.22362],[96.80833,17.22362],[96.80851,17.2231],[96.80842,17.2231]]],[[[96.78192,17.22362],[96.78165,17.22353],[96.78174,17.2231],[96.78147,17.22345],[96.78129,17.22319],[96.78084,17.22328],[96.78075,17.22293],[96.78022,17.22328],[96.78022,17.22285],[96.78111,17.22285],[96.78102,17.22233],[96.78048,17.22216],[96.78004,17.22242],[96.78013,17.22276],[96.77977,17.2231],[96.77995,17.22345],[96.77932,17.22353],[96.77914,17.22319],[96.77869,17.22319],[96.77878,17.22345],[96.77824,17.22353],[96.77842,17.22388],[96.77851,17.22362],[96.77941,17.22362],[96.77959,17.22422],[96.77986,17.22422],[96.77995,17.22353],[96.78004,17.22422],[96.78048,17.22396],[96.78048,17.22431],[96.78075,17.22396],[96.78219,17.22405],[96.78201,17.22362],[96.78192,17.22362]]],[[[96.6045,17.22379],[96.60486,17.22388],[96.60477,17.22328],[96.60397,17.22328],[96.60397,17.22225],[96.60307,17.22207],[96.60316,17.22439],[96.60397,17.22431],[96.60397,17.22362],[96.60433,17.22379],[96.6045,17.22379]]],[[[96.50003,17.22456],[96.50075,17.22422],[96.49976,17.22319],[96.4994,17.22353],[96.50003,17.22405],[96.49931,17.22413],[96.49994,17.22431],[96.49949,17.22439],[96.49967,17.22456],[96.50003,17.22456]]],[[[96.5975,17.22353],[96.59768,17.22371],[96.59732,17.22353],[96.59759,17.22388],[96.59696,17.22431],[96.59696,17.22473],[96.59741,17.22422],[96.59786,17.22491],[96.59813,17.22293],[96.59777,17.22285],[96.59777,17.22336],[96.5975,17.22345],[96.5975,17.22353]]],[[[96.7035,17.22233],[96.70368,17.2219],[96.70341,17.22207],[96.70323,17.22147],[96.70341,17.22105],[96.69964,17.22113],[96.69955,17.22165],[96.69991,17.22216],[96.69964,17.22233],[96.69973,17.2231],[96.70053,17.22345],[96.70053,17.22405],[96.69982,17.22448],[96.69991,17.22482],[96.70036,17.22499],[96.70116,17.22473],[96.70125,17.22396],[96.70098,17.22396],[96.70089,17.22353],[96.7017,17.22345],[96.70161,17.22482],[96.70332,17.22499],[96.70377,17.22456],[96.70377,17.22422],[96.70341,17.22422],[96.70341,17.22388],[96.70368,17.22388],[96.70332,17.22328],[96.7035,17.2225],[96.7035,17.22233]]],[[[96.76036,17.22491],[96.76081,17.22516],[96.76126,17.22473],[96.76117,17.22405],[96.76009,17.22405],[96.75991,17.22448],[96.76018,17.22491],[96.76036,17.22491]]],[[[96.7848,17.22516],[96.78659,17.22491],[96.78659,17.22431],[96.78686,17.22422],[96.78659,17.22388],[96.78641,17.22422],[96.78587,17.22405],[96.78587,17.22473],[96.78507,17.22482],[96.78462,17.22431],[96.78498,17.22431],[96.78489,17.22362],[96.78453,17.22362],[96.78435,17.22508],[96.78471,17.22516],[96.7848,17.22516]]],[[[96.59965,17.22456],[96.59929,17.22491],[96.59965,17.22456],[96.59938,17.22422],[96.59983,17.22396],[96.60001,17.22448],[96.60046,17.22465],[96.60064,17.22431],[96.60127,17.22473],[96.60163,17.22431],[96.60208,17.22448],[96.60199,17.22371],[96.601,17.22371],[96.601,17.22302],[96.60118,17.22336],[96.60145,17.22328],[96.60127,17.22353],[96.60199,17.22345],[96.60163,17.22259],[96.60172,17.22182],[96.60091,17.22182],[96.60091,17.22242],[96.60118,17.22242],[96.601,17.22293],[96.60055,17.2219],[96.60055,17.22225],[96.60019,17.22207],[96.60037,17.22233],[96.59974,17.2219],[96.59894,17.22207],[96.5992,17.22293],[96.59974,17.22293],[96.59974,17.22319],[96.59929,17.22319],[96.5992,17.22371],[96.59885,17.22379],[96.59849,17.22328],[96.59831,17.22379],[96.59867,17.22413],[96.5984,17.22499],[96.59947,17.22542],[96.60001,17.22482],[96.59974,17.22456],[96.59965,17.22456]]],[[[96.61277,17.22336],[96.61241,17.22302],[96.61223,17.22156],[96.61277,17.2213],[96.6134,17.22156],[96.6134,17.22096],[96.61394,17.22079],[96.61385,17.21976],[96.61079,17.21967],[96.61034,17.21933],[96.61016,17.22087],[96.61052,17.22105],[96.6107,17.22182],[96.61025,17.22199],[96.61111,17.22241],[96.61111,17.22286],[96.61052,17.22293],[96.61052,17.22319],[96.61124,17.22336],[96.61106,17.22156],[96.61214,17.22147],[96.61169,17.22216],[96.61133,17.22199],[96.61133,17.22242],[96.61169,17.22285],[96.61142,17.22336],[96.61223,17.22362],[96.6116,17.22371],[96.61196,17.22413],[96.6116,17.22413],[96.61165,17.22475],[96.61102,17.22511],[96.61049,17.22502],[96.6104,17.22422],[96.61016,17.22422],[96.61052,17.22542],[96.61196,17.22491],[96.61223,17.22465],[96.61205,17.22413],[96.61277,17.22379],[96.61277,17.22345],[96.61277,17.22336]]],[[[96.75201,17.22242],[96.75291,17.2231],[96.75147,17.22259],[96.75093,17.22336],[96.75147,17.22388],[96.75075,17.22362],[96.7503,17.22422],[96.75039,17.22456],[96.75003,17.22465],[96.75021,17.22499],[96.74994,17.22473],[96.74976,17.22516],[96.7503,17.22542],[96.75156,17.22534],[96.75183,17.22465],[96.75228,17.22439],[96.7521,17.22405],[96.75264,17.22379],[96.75264,17.22336],[96.75354,17.22285],[96.75354,17.22225],[96.75282,17.22199],[96.75282,17.22173],[96.7521,17.22173],[96.75192,17.22242],[96.75201,17.22242]]],[[[96.86133,17.22551],[96.86169,17.22508],[96.86232,17.22516],[96.86201,17.22466],[96.86241,17.22482],[96.86241,17.22431],[96.86178,17.22422],[96.86178,17.22456],[96.86106,17.22465],[96.86097,17.22491],[96.86142,17.22499],[96.86124,17.22551],[96.86133,17.22551]]],[[[96.56929,17.22456],[96.56902,17.22448],[96.56965,17.22473],[96.57082,17.22456],[96.57118,17.22491],[96.57118,17.22422],[96.57028,17.22439],[96.57019,17.22413],[96.56974,17.22439],[96.56947,17.22388],[96.57127,17.22405],[96.57118,17.22379],[96.57181,17.22353],[96.57145,17.22336],[96.57163,17.22259],[96.57136,17.22285],[96.57046,17.22276],[96.57082,17.22302],[96.57046,17.22328],[96.57055,17.22379],[96.57028,17.22379],[96.57019,17.2231],[96.56884,17.22328],[96.56911,17.22388],[96.56947,17.22353],[96.56938,17.22413],[96.56902,17.22431],[96.56902,17.22388],[96.5683,17.22379],[96.56821,17.22422],[96.56821,17.22371],[96.56713,17.22353],[96.56731,17.22405],[96.56678,17.22388],[96.56678,17.22439],[96.56615,17.22431],[96.56651,17.22371],[96.56597,17.22362],[96.56606,17.22413],[96.56561,17.22405],[96.56534,17.22448],[96.56561,17.22491],[96.56606,17.22448],[96.56687,17.22448],[96.56704,17.22473],[96.5674,17.22439],[96.5674,17.22482],[96.56651,17.22499],[96.56624,17.22473],[96.56606,17.22508],[96.56642,17.22559],[96.5666,17.22534],[96.56794,17.22525],[96.56812,17.22559],[96.56857,17.22559],[96.56848,17.22516],[96.56884,17.22491],[96.56875,17.22534],[96.56911,17.22559],[96.56929,17.22465],[96.56929,17.22456]]],[[[96.58223,17.22431],[96.58214,17.22388],[96.58061,17.22388],[96.58052,17.22336],[96.58079,17.22328],[96.58106,17.22371],[96.58223,17.22362],[96.58205,17.21967],[96.5825,17.21959],[96.58259,17.21899],[96.58142,17.21813],[96.58151,17.21778],[96.58106,17.2177],[96.58052,17.21658],[96.57962,17.21633],[96.5798,17.21615],[96.57908,17.21512],[96.57782,17.2147],[96.57782,17.21547],[96.57738,17.21573],[96.57756,17.21521],[96.5772,17.2153],[96.57747,17.21504],[96.57711,17.21504],[96.57657,17.21409],[96.57585,17.21409],[96.57567,17.21358],[96.57513,17.21358],[96.57504,17.21555],[96.5754,17.21573],[96.57549,17.21684],[96.57791,17.21718],[96.57782,17.21744],[96.57531,17.21727],[96.57549,17.2183],[96.57738,17.21873],[96.57684,17.21899],[96.57594,17.21864],[96.57612,17.2195],[96.57872,17.21967],[96.57899,17.2201],[96.57872,17.22268],[96.57836,17.22345],[96.57872,17.2201],[96.57585,17.21984],[96.57585,17.22133],[96.57617,17.22106],[96.57617,17.22008],[96.57725,17.22025],[96.57671,17.22061],[96.5768,17.22142],[96.57653,17.22178],[96.57711,17.22182],[96.5772,17.22268],[96.57675,17.22276],[96.57684,17.22225],[96.57657,17.22207],[96.57671,17.22295],[96.57621,17.2231],[96.57711,17.2231],[96.57684,17.22388],[96.57845,17.22362],[96.57827,17.22413],[96.5772,17.22405],[96.57711,17.22456],[96.57702,17.22413],[96.57657,17.22405],[96.57639,17.22508],[96.58106,17.22534],[96.58187,17.22568],[96.58196,17.22516],[96.58088,17.22508],[96.58088,17.22465],[96.58151,17.22491],[96.58223,17.22448],[96.58223,17.22431]]],[[[96.79728,17.22465],[96.79719,17.22405],[96.79612,17.22413],[96.79603,17.22448],[96.79671,17.22475],[96.79653,17.22538],[96.79612,17.22525],[96.79621,17.22576],[96.79639,17.22551],[96.79719,17.22559],[96.79728,17.22491],[96.79728,17.22465]]],[[[96.80285,17.22516],[96.80276,17.22568],[96.80339,17.22576],[96.80366,17.22542],[96.80375,17.22576],[96.80393,17.22551],[96.80411,17.22576],[96.80411,17.22491],[96.80366,17.22491],[96.80366,17.22448],[96.80276,17.22439],[96.80276,17.22516],[96.80285,17.22516]]],[[[96.5754,17.22602],[96.57558,17.22534],[96.5745,17.22534],[96.5745,17.22602],[96.57486,17.22576],[96.57531,17.22602],[96.5754,17.22602]]],[[[96.61196,17.22611],[96.61286,17.22576],[96.61268,17.22491],[96.61178,17.22525],[96.61187,17.22611],[96.61196,17.22611]]],[[[96.75623,17.22602],[96.7565,17.22611],[96.75668,17.22568],[96.7556,17.22542],[96.75596,17.22516],[96.75578,17.22465],[96.75605,17.22353],[96.75506,17.22302],[96.75488,17.22336],[96.75479,17.22293],[96.75452,17.22293],[96.75461,17.22336],[96.75354,17.22302],[96.75336,17.22328],[96.75407,17.22379],[96.7547,17.22413],[96.75506,17.22388],[96.75542,17.22422],[96.75506,17.22508],[96.75542,17.22551],[96.75497,17.22542],[96.75479,17.22568],[96.75614,17.22602],[96.75623,17.22602]]],[[[96.82118,17.22619],[96.82154,17.22585],[96.82181,17.22619],[96.82208,17.22619],[96.8219,17.22585],[96.82217,17.22611],[96.82262,17.22585],[96.82145,17.22551],[96.82145,17.22585],[96.82091,17.22602],[96.82127,17.22619],[96.82118,17.22619]]],[[[96.86376,17.22637],[96.86403,17.22627],[96.8634,17.22594],[96.86394,17.22585],[96.8634,17.22576],[96.86322,17.22465],[96.86268,17.22456],[96.86268,17.22491],[96.86318,17.22502],[96.86327,17.22538],[96.8625,17.22516],[96.8625,17.22611],[96.86367,17.22637],[96.86376,17.22637]]],[[[96.59112,17.22087],[96.59103,17.22113],[96.59112,17.22079],[96.5904,17.22079],[96.59004,17.22259],[96.58977,17.22259],[96.5895,17.2219],[96.58968,17.22096],[96.58923,17.22062],[96.58834,17.22087],[96.58834,17.22293],[96.58771,17.22293],[96.58762,17.22345],[96.58735,17.22319],[96.58744,17.2225],[96.58708,17.22268],[96.58717,17.22242],[96.58681,17.22225],[96.58645,17.2225],[96.586,17.22233],[96.58591,17.22371],[96.58537,17.22328],[96.58339,17.22353],[96.58232,17.22336],[96.58223,17.22431],[96.5833,17.22456],[96.5842,17.22551],[96.58483,17.22491],[96.58465,17.22439],[96.58501,17.22379],[96.58546,17.22405],[96.58582,17.22379],[96.586,17.22448],[96.58654,17.22439],[96.58699,17.22473],[96.58753,17.22371],[96.58735,17.22491],[96.58825,17.22465],[96.58834,17.22516],[96.58878,17.22525],[96.58923,17.22448],[96.58941,17.22534],[96.59085,17.22534],[96.5886,17.22336],[96.58816,17.22336],[96.5886,17.22285],[96.58878,17.22336],[96.58968,17.22362],[96.58977,17.22413],[96.5904,17.22422],[96.59103,17.22482],[96.5913,17.22465],[96.59112,17.22431],[96.59166,17.22439],[96.59265,17.22345],[96.59139,17.22525],[96.59175,17.22551],[96.59211,17.22534],[96.59211,17.22568],[96.5931,17.22645],[96.59337,17.22619],[96.5957,17.22619],[96.59624,17.22551],[96.59606,17.22439],[96.5948,17.22328],[96.59408,17.22328],[96.5939,17.22293],[96.59328,17.22293],[96.59274,17.22345],[96.59328,17.22242],[96.59283,17.2219],[96.59238,17.22207],[96.59265,17.22165],[96.59229,17.2213],[96.59202,17.22182],[96.59148,17.22199],[96.5913,17.22147],[96.59175,17.22105],[96.59121,17.22087],[96.59112,17.22087]]],[[[96.73243,17.22645],[96.7326,17.22628],[96.73216,17.22611],[96.73269,17.22582],[96.73243,17.22585],[96.7323,17.22502],[96.73198,17.22499],[96.7318,17.22559],[96.73207,17.22619],[96.7318,17.22645],[96.73234,17.22645],[96.73243,17.22645]]],[[[96.86582,17.22559],[96.86565,17.22576],[96.86582,17.22551],[96.86493,17.22534],[96.86439,17.22585],[96.86466,17.22576],[96.86457,17.22611],[96.86538,17.22645],[96.866,17.22611],[96.86574,17.22594],[96.86591,17.22559],[96.86582,17.22559]]],[[[96.57181,17.22679],[96.57208,17.22611],[96.57136,17.22594],[96.57109,17.22654],[96.57163,17.22679],[96.57181,17.22679]]],[[[96.75363,17.22645],[96.75363,17.22611],[96.75201,17.22654],[96.75048,17.22628],[96.75021,17.22671],[96.75363,17.22662],[96.75363,17.22645]]],[[[96.60136,17.22602],[96.6001,17.22576],[96.60073,17.22619],[96.59992,17.22637],[96.60001,17.22662],[96.59965,17.22671],[96.59983,17.22722],[96.601,17.22705],[96.60109,17.22671],[96.60028,17.22645],[96.60091,17.22654],[96.60082,17.22602],[96.60136,17.22611],[96.60136,17.22602]]],[[[96.8077,17.22739],[96.80815,17.22722],[96.80784,17.22708],[96.80815,17.22602],[96.80743,17.22654],[96.80752,17.22739],[96.8077,17.22739]]],[[[96.76728,17.22748],[96.76719,17.22705],[96.76656,17.22731],[96.7662,17.22697],[96.76602,17.22722],[96.76575,17.22697],[96.76476,17.22705],[96.76476,17.22679],[96.76234,17.22688],[96.76225,17.22654],[96.76027,17.22679],[96.75884,17.22645],[96.75363,17.22637],[96.75497,17.22679],[96.75821,17.22671],[96.76162,17.22697],[96.76162,17.22722],[96.76261,17.22705],[96.76333,17.22739],[96.76378,17.22714],[96.76387,17.22739],[96.76476,17.22722],[96.76521,17.22748],[96.76575,17.22722],[96.76728,17.22757],[96.76728,17.22748]]],[[[96.78821,17.22757],[96.78866,17.22688],[96.78821,17.22662],[96.78767,17.22662],[96.7874,17.22722],[96.78704,17.22731],[96.78812,17.22757],[96.78821,17.22757]]],[[[96.56076,17.22731],[96.56085,17.22697],[96.56121,17.22705],[96.56166,17.22594],[96.56166,17.22456],[96.56219,17.22388],[96.5621,17.22302],[96.56148,17.2231],[96.5613,17.22285],[96.56139,17.22371],[96.56058,17.22379],[96.56058,17.22422],[96.56058,17.22388],[96.55977,17.22379],[96.55986,17.22431],[96.55932,17.22439],[96.55914,17.22413],[96.5595,17.22379],[96.55923,17.22379],[96.55869,17.22448],[96.5586,17.22353],[96.55905,17.22345],[96.55869,17.22328],[96.55878,17.22293],[96.55842,17.22293],[96.55842,17.22345],[96.5577,17.22345],[96.55851,17.22268],[96.55779,17.22302],[96.55734,17.22268],[96.55627,17.22268],[96.55627,17.22328],[96.55591,17.22328],[96.556,17.22276],[96.55492,17.22285],[96.5551,17.22336],[96.55474,17.22362],[96.55519,17.22362],[96.55519,17.22465],[96.55411,17.22473],[96.55402,17.22525],[96.55438,17.22491],[96.55447,17.22516],[96.55375,17.22551],[96.55402,17.22594],[96.55519,17.22473],[96.55564,17.22465],[96.55537,17.22508],[96.55582,17.22516],[96.55582,17.22465],[96.55618,17.22473],[96.55609,17.22499],[96.5568,17.22491],[96.55618,17.22448],[96.55689,17.22431],[96.55698,17.2231],[96.55743,17.22576],[96.55716,17.22619],[96.5577,17.22637],[96.55779,17.22585],[96.55788,17.22645],[96.55824,17.22602],[96.55896,17.22637],[96.55914,17.22594],[96.55905,17.22637],[96.55941,17.22671],[96.55923,17.22697],[96.55968,17.22714],[96.55977,17.22679],[96.56013,17.22705],[96.55941,17.22748],[96.55941,17.22782],[96.56058,17.22782],[96.56058,17.22748],[96.56112,17.22748],[96.56094,17.22731],[96.56076,17.22731]]],[[[96.7892,17.22791],[96.78956,17.22731],[96.78938,17.22688],[96.78965,17.22688],[96.78938,17.22654],[96.78893,17.22705],[96.78911,17.22722],[96.78866,17.22731],[96.78884,17.22791],[96.7892,17.22791]]],[[[96.5966,17.228],[96.59633,17.22757],[96.59669,17.22679],[96.59561,17.22765],[96.59642,17.228],[96.5966,17.228]]],[[[96.60998,17.22808],[96.61088,17.22739],[96.61043,17.22619],[96.61066,17.22744],[96.60968,17.22753],[96.60936,17.22726],[96.60972,17.22808],[96.60998,17.22808]]],[[[96.77851,17.22679],[96.77869,17.22568],[96.77806,17.22525],[96.77815,17.22654],[96.77761,17.22705],[96.77797,17.22697],[96.77824,17.22757],[96.77761,17.22739],[96.7777,17.22714],[96.77725,17.22688],[96.77752,17.22628],[96.77725,17.22637],[96.77743,17.22611],[96.77707,17.22602],[96.77734,17.22654],[96.77707,17.22654],[96.77707,17.22688],[96.7768,17.22662],[96.77689,17.22714],[96.77644,17.22705],[96.77635,17.22739],[96.7759,17.22722],[96.7759,17.22834],[96.77734,17.22817],[96.77734,17.22791],[96.77815,17.228],[96.77833,17.22774],[96.77995,17.22782],[96.77968,17.22731],[96.77932,17.22748],[96.77869,17.22722],[96.7786,17.22679],[96.77851,17.22679]]],[[[96.7874,17.22834],[96.78803,17.22817],[96.78812,17.22782],[96.78668,17.22757],[96.78677,17.22817],[96.78704,17.22791],[96.78695,17.22834],[96.78731,17.22834],[96.7874,17.22834]]],[[[96.60819,17.22791],[96.60756,17.22748],[96.60837,17.22705],[96.60819,17.22782],[96.60846,17.22791],[96.60819,17.22808],[96.60873,17.22808],[96.60873,17.22671],[96.60792,17.22542],[96.60477,17.22619],[96.60495,17.22662],[96.6054,17.22637],[96.60477,17.22722],[96.60513,17.22757],[96.60495,17.22842],[96.60675,17.22817],[96.60675,17.22722],[96.60711,17.22722],[96.60693,17.22774],[96.6072,17.22817],[96.60792,17.22791],[96.60819,17.22791]]],[[[96.73243,17.22842],[96.73207,17.22765],[96.73234,17.22739],[96.73207,17.22722],[96.73225,17.22688],[96.73171,17.22688],[96.73126,17.22739],[96.73117,17.22842],[96.73243,17.22851],[96.73243,17.22842]]],[[[96.76728,17.22748],[96.76845,17.228],[96.76836,17.22825],[96.76872,17.22808],[96.76917,17.2286],[96.76962,17.22851],[96.76827,17.22782],[96.768,17.22731],[96.76791,17.22757],[96.76728,17.22739],[96.76728,17.22748]]],[[[96.55204,17.22868],[96.55339,17.22834],[96.5533,17.22791],[96.55321,17.22817],[96.55276,17.22791],[96.55186,17.22817],[96.55195,17.22868],[96.55204,17.22868]]],[[[96.74159,17.22825],[96.74177,17.22902],[96.74249,17.22868],[96.74186,17.22834],[96.74213,17.22825],[96.74213,17.22757],[96.74186,17.22774],[96.74114,17.22705],[96.74105,17.22782],[96.74069,17.22791],[96.7406,17.22834],[96.74114,17.22791],[96.7415,17.22825],[96.74159,17.22825]]],[[[96.78111,17.2286],[96.7812,17.22817],[96.78048,17.22791],[96.78013,17.22825],[96.77923,17.22808],[96.77968,17.22834],[96.77905,17.22877],[96.77923,17.22902],[96.78111,17.22894],[96.7812,17.2286],[96.78111,17.2286]]],[[[96.50129,17.22928],[96.50174,17.22877],[96.50156,17.22817],[96.50201,17.22817],[96.50192,17.22782],[96.5012,17.228],[96.50165,17.22774],[96.50156,17.22748],[96.50093,17.22765],[96.50102,17.228],[96.50075,17.22791],[96.50093,17.22851],[96.50138,17.22868],[96.5012,17.22928],[96.50129,17.22928]]],[[[96.57154,17.22928],[96.5719,17.22825],[96.57136,17.22808],[96.57073,17.2286],[96.57145,17.22894],[96.57145,17.22928],[96.57154,17.22928]]],[[[96.62777,17.22928],[96.62813,17.22851],[96.6266,17.22851],[96.62714,17.22877],[96.62714,17.22928],[96.62759,17.22928],[96.62777,17.22928]]],[[[96.50713,17.22868],[96.50731,17.22902],[96.50695,17.22894],[96.50695,17.2286],[96.50569,17.22894],[96.50605,17.22937],[96.50722,17.22937],[96.50776,17.22911],[96.50776,17.22877],[96.5083,17.22894],[96.50767,17.22851],[96.50749,17.22868],[96.50749,17.22842],[96.50713,17.22851],[96.50713,17.22868]]],[[[96.62562,17.22894],[96.62526,17.22817],[96.62499,17.22842],[96.62526,17.22937],[96.62472,17.22911],[96.62454,17.22963],[96.62588,17.22954],[96.62579,17.22894],[96.62562,17.22894]]],[[[96.73808,17.22937],[96.73952,17.22954],[96.73916,17.22902],[96.73835,17.22894],[96.7379,17.22911],[96.73808,17.22945],[96.73808,17.22937]]],[[[96.76108,17.22988],[96.76126,17.22945],[96.76099,17.22971],[96.76063,17.22954],[96.76054,17.22902],[96.76009,17.22911],[96.76027,17.22988],[96.76099,17.22988],[96.76108,17.22988]]],[[[96.80043,17.2298],[96.80124,17.22945],[96.80106,17.2292],[96.80169,17.22954],[96.80178,17.2292],[96.80142,17.2292],[96.80142,17.22894],[96.80178,17.22885],[96.80097,17.22894],[96.80115,17.22911],[96.80052,17.22894],[96.80043,17.22963],[96.80016,17.22945],[96.80034,17.2298],[96.80043,17.2298]]],[[[96.72766,17.23014],[96.72802,17.2298],[96.72793,17.22902],[96.72811,17.2292],[96.72793,17.22834],[96.72739,17.22868],[96.7273,17.22911],[96.72757,17.23014],[96.72766,17.23014]]],[[[96.54962,17.23023],[96.54935,17.23005],[96.55007,17.23023],[96.55043,17.2298],[96.55079,17.22997],[96.5507,17.22971],[96.55177,17.22945],[96.55177,17.22885],[96.55105,17.22868],[96.55114,17.22825],[96.55079,17.22842],[96.55097,17.22877],[96.55025,17.22834],[96.55007,17.22902],[96.5498,17.22902],[96.55025,17.22945],[96.54908,17.22988],[96.54926,17.2304],[96.54962,17.23031],[96.54962,17.23023]]],[[[96.6098,17.23023],[96.60972,17.22963],[96.61043,17.23005],[96.61034,17.22954],[96.61088,17.22954],[96.61079,17.22928],[96.60747,17.22945],[96.60711,17.22937],[96.60702,17.2286],[96.60675,17.22868],[96.60698,17.22924],[96.60621,17.2296],[96.60738,17.22945],[96.60765,17.23031],[96.60882,17.23031],[96.60882,17.2298],[96.60927,17.22997],[96.60918,17.23031],[96.60998,17.23023],[96.6098,17.23023]]],[[[96.59795,17.23048],[96.59831,17.23031],[96.59786,17.22997],[96.59759,17.23023],[96.59714,17.23005],[96.59732,17.22963],[96.59696,17.22945],[96.59705,17.23048],[96.59768,17.23048],[96.59795,17.23048]]],[[[96.77878,17.23057],[96.77896,17.23031],[96.77878,17.23005],[96.77851,17.23023],[96.77824,17.22971],[96.77887,17.22945],[96.77833,17.2292],[96.77815,17.22945],[96.77743,17.2292],[96.77734,17.22945],[96.77644,17.22963],[96.77492,17.22963],[96.7751,17.22997],[96.77554,17.22988],[96.77518,17.23005],[96.77563,17.23023],[96.7759,17.23005],[96.77572,17.22988],[96.77617,17.23014],[96.77653,17.2298],[96.7777,17.22963],[96.77788,17.23023],[96.77752,17.23023],[96.77752,17.22997],[96.77698,17.23066],[96.77779,17.2304],[96.77806,17.23074],[96.77878,17.23066],[96.77878,17.23057]]],[[[96.77977,17.23074],[96.77986,17.23048],[96.78084,17.23057],[96.78093,17.23014],[96.78183,17.23031],[96.78219,17.2298],[96.78147,17.22997],[96.78102,17.22971],[96.78111,17.23005],[96.78066,17.23014],[96.7804,17.2298],[96.77986,17.23005],[96.77932,17.2298],[96.77914,17.23005],[96.77941,17.23005],[96.7795,17.23074],[96.77977,17.23074]]],[[[96.79315,17.22971],[96.7927,17.2298],[96.79288,17.23023],[96.79198,17.2298],[96.79126,17.23014],[96.79144,17.22954],[96.791,17.22928],[96.79109,17.23005],[96.79073,17.23074],[96.79243,17.23066],[96.79243,17.23031],[96.79342,17.2304],[96.79405,17.22963],[96.79333,17.22971],[96.79315,17.22971]]],[[[96.8192,17.23083],[96.81938,17.23005],[96.81866,17.22988],[96.81848,17.23048],[96.81866,17.23074],[96.81902,17.23048],[96.81911,17.23083],[96.8192,17.23083]]],[[[96.73395,17.22997],[96.73359,17.22688],[96.7326,17.22688],[96.7326,17.22765],[96.73278,17.22731],[96.73323,17.22739],[96.7326,17.22782],[96.73243,17.22842],[96.73341,17.22825],[96.73359,17.22885],[96.7326,17.22877],[96.7326,17.22911],[96.73243,17.22877],[96.73135,17.22885],[96.73126,17.22911],[96.7318,17.22937],[96.73135,17.22954],[96.73153,17.23005],[96.73117,17.23048],[96.73234,17.23057],[96.73251,17.23005],[96.73287,17.231],[96.73332,17.231],[96.73359,17.23048],[96.73395,17.23083],[96.73359,17.23074],[96.7335,17.23117],[96.73395,17.231],[96.73431,17.23126],[96.73404,17.22997],[96.73395,17.22997]]],[[[96.59534,17.231],[96.59606,17.23048],[96.59516,17.22894],[96.59462,17.22937],[96.59489,17.2298],[96.59435,17.22988],[96.59417,17.2304],[96.59489,17.23143],[96.59534,17.23117],[96.59534,17.231]]],[[[96.80088,17.23083],[96.80043,17.23074],[96.80034,17.2304],[96.80061,17.23066],[96.8007,17.23031],[96.80097,17.23083],[96.80106,17.22971],[96.8007,17.22971],[96.8007,17.23005],[96.80043,17.2298],[96.80007,17.23023],[96.80016,17.23117],[96.80097,17.23143],[96.80088,17.231],[96.80088,17.23083]]],[[[96.61879,17.2316],[96.61861,17.23005],[96.61906,17.23023],[96.61906,17.23057],[96.61951,17.23057],[96.61942,17.22945],[96.61888,17.22954],[96.61888,17.22997],[96.61789,17.23014],[96.61771,17.23074],[96.61717,17.23066],[96.61735,17.23108],[96.61852,17.23126],[96.6187,17.2316],[96.61879,17.2316]]],[[[96.56462,17.23203],[96.5648,17.23177],[96.56444,17.23143],[96.56552,17.23134],[96.5648,17.23091],[96.56489,17.23014],[96.56426,17.23014],[96.56408,17.23048],[96.56408,17.23083],[96.56471,17.231],[96.56453,17.23126],[96.56426,17.23126],[96.56426,17.23091],[96.56408,17.23108],[96.56444,17.23203],[96.56462,17.23203]]],[[[96.61493,17.23237],[96.61502,17.23177],[96.61573,17.2316],[96.61582,17.23117],[96.61466,17.23108],[96.61475,17.23168],[96.61412,17.23134],[96.61448,17.23168],[96.61439,17.23211],[96.61475,17.23203],[96.61484,17.23237],[96.61493,17.23237]]],[[[96.77887,17.23263],[96.77887,17.23168],[96.77824,17.23126],[96.77833,17.23168],[96.77797,17.23151],[96.77806,17.23229],[96.77779,17.23246],[96.77878,17.23263],[96.77887,17.23263]]],[[[96.56282,17.23237],[96.56255,17.23186],[96.56273,17.23108],[96.56309,17.23151],[96.56399,17.23091],[96.56264,17.23083],[96.56228,17.23143],[96.56228,17.23229],[96.56183,17.23229],[96.56157,17.23271],[96.56183,17.2328],[96.56192,17.23246],[96.56282,17.23254],[96.56282,17.23237]]],[[[96.82145,17.2328],[96.82172,17.23254],[96.82145,17.23246],[96.82163,17.23194],[96.82136,17.23134],[96.82091,17.23194],[96.82109,17.2328],[96.82145,17.2328]]],[[[96.5436,17.23186],[96.54414,17.2316],[96.54279,17.23151],[96.54279,17.2322],[96.54252,17.23237],[96.54297,17.23237],[96.54297,17.23263],[96.54243,17.23271],[96.54324,17.23289],[96.54342,17.23246],[96.54342,17.2328],[96.54369,17.2328],[96.5436,17.23194],[96.5436,17.23186]]],[[[96.58744,17.22988],[96.58771,17.22997],[96.58735,17.23014],[96.58735,17.2298],[96.58681,17.22963],[96.58726,17.22928],[96.58699,17.22902],[96.58887,17.22877],[96.58869,17.22808],[96.58923,17.22877],[96.59031,17.22842],[96.59031,17.22791],[96.59193,17.22868],[96.59211,17.22817],[96.59319,17.22834],[96.59337,17.22808],[96.59274,17.22808],[96.59292,17.22782],[96.59346,17.22791],[96.59346,17.22817],[96.5939,17.228],[96.59381,17.22825],[96.59435,17.22842],[96.59471,17.22774],[96.59426,17.22774],[96.59364,17.22705],[96.59319,17.22722],[96.59076,17.22628],[96.59049,17.22731],[96.59085,17.22757],[96.5904,17.22774],[96.5904,17.22705],[96.59004,17.22697],[96.5904,17.22679],[96.59049,17.22602],[96.58851,17.22576],[96.58825,17.22611],[96.58816,17.22559],[96.58717,17.22551],[96.58753,17.22525],[96.58618,17.22491],[96.58609,17.22534],[96.5851,17.22491],[96.58492,17.22576],[96.58465,17.22551],[96.58438,17.22611],[96.58321,17.22499],[96.58223,17.22491],[96.58232,17.22602],[96.58151,17.22576],[96.58088,17.22679],[96.58187,17.22697],[96.58214,17.22731],[96.5825,17.22671],[96.58223,17.22697],[96.58196,17.22679],[96.58241,17.22654],[96.58295,17.22654],[96.58321,17.22688],[96.58357,17.22671],[96.58295,17.22739],[96.58375,17.22765],[96.58402,17.22697],[96.58402,17.22782],[96.58375,17.228],[96.58375,17.22774],[96.58241,17.22748],[96.5825,17.2286],[96.58169,17.22877],[96.58214,17.22842],[96.58232,17.22748],[96.58115,17.22722],[96.58124,17.22842],[96.5816,17.22842],[96.5816,17.22877],[96.58061,17.22851],[96.5807,17.22885],[96.58043,17.22894],[96.58088,17.22722],[96.58061,17.22705],[96.58034,17.22782],[96.58016,17.22731],[96.58115,17.22576],[96.578,17.22568],[96.57594,17.22525],[96.57603,17.22576],[96.57648,17.22568],[96.57657,17.22594],[96.57612,17.22585],[96.57594,17.22628],[96.57396,17.22611],[96.5736,17.22645],[96.57369,17.22688],[96.57423,17.22705],[96.57396,17.22739],[96.57441,17.22765],[96.57441,17.22808],[96.57567,17.22868],[96.57405,17.22842],[96.57396,17.22868],[96.57459,17.22894],[96.57441,17.22937],[96.57486,17.22954],[96.57396,17.2304],[96.57351,17.22963],[96.57351,17.23151],[96.57396,17.2316],[96.57324,17.23194],[96.57297,17.23143],[96.57279,17.23246],[96.57342,17.2328],[96.57351,17.23254],[96.57459,17.23254],[96.57603,17.23297],[96.57657,17.23177],[96.57666,17.23229],[96.57729,17.23229],[96.57747,17.23108],[96.57773,17.231],[96.57729,17.23237],[96.57756,17.23254],[96.57782,17.23203],[96.57854,17.23194],[96.57818,17.23246],[96.57908,17.23254],[96.57881,17.2328],[96.57926,17.23263],[96.57926,17.23357],[96.57953,17.23357],[96.57935,17.23297],[96.5798,17.23254],[96.57971,17.2322],[96.58007,17.23237],[96.58016,17.23194],[96.58043,17.2322],[96.58043,17.23177],[96.58007,17.2316],[96.58061,17.23126],[96.58061,17.23254],[96.58007,17.23237],[96.57989,17.23263],[96.5807,17.23297],[96.58007,17.23306],[96.58007,17.2334],[96.58061,17.23357],[96.58061,17.23323],[96.58097,17.23323],[96.5807,17.23237],[96.58106,17.23254],[96.58124,17.23203],[96.58097,17.23177],[96.58124,17.23194],[96.58151,17.231],[96.58106,17.23066],[96.58115,17.2304],[96.5816,17.23048],[96.58169,17.22954],[96.58196,17.22945],[96.58214,17.2298],[96.58169,17.23074],[96.58205,17.23126],[96.5816,17.23126],[96.58151,17.23168],[96.58223,17.23168],[96.58223,17.23194],[96.58142,17.23211],[96.58142,17.2328],[96.58312,17.23246],[96.58312,17.23211],[96.58375,17.2322],[96.58384,17.2316],[96.58357,17.23151],[96.58402,17.23108],[96.58214,17.23091],[96.58375,17.23074],[96.58384,17.2304],[96.5842,17.23048],[96.58429,17.23108],[96.58483,17.23066],[96.5851,17.23083],[96.58393,17.23168],[96.58384,17.23246],[96.58178,17.2328],[96.58169,17.23314],[96.58142,17.23289],[96.58115,17.2334],[96.5816,17.23323],[96.58178,17.23374],[96.58259,17.23366],[96.5825,17.23289],[96.5842,17.23314],[96.58402,17.23357],[96.58456,17.23366],[96.58726,17.23323],[96.58726,17.23246],[96.58591,17.23126],[96.58618,17.2304],[96.58663,17.23066],[96.58627,17.23126],[96.58717,17.23211],[96.58834,17.23194],[96.58789,17.23143],[96.58896,17.23108],[96.58887,17.23177],[96.58816,17.23203],[96.58816,17.23289],[96.58842,17.23254],[96.58896,17.23314],[96.58914,17.23263],[96.58941,17.2328],[96.58941,17.23254],[96.59085,17.23177],[96.59085,17.23108],[96.59193,17.231],[96.59202,17.23066],[96.59238,17.23066],[96.59319,17.22971],[96.59301,17.22911],[96.59355,17.22945],[96.59381,17.22885],[96.59103,17.22877],[96.59031,17.22945],[96.59031,17.22902],[96.58914,17.22911],[96.58842,17.22945],[96.58834,17.22997],[96.5886,17.23014],[96.58816,17.23014],[96.58807,17.22971],[96.58744,17.2298],[96.58744,17.22988]],[[96.58528,17.22885],[96.58528,17.22851],[96.586,17.22868],[96.58528,17.22885],[96.58573,17.22902],[96.58537,17.22945],[96.58573,17.23083],[96.58519,17.23057],[96.5851,17.22945],[96.5842,17.22945],[96.5833,17.22988],[96.58241,17.22963],[96.58259,17.22928],[96.58357,17.22945],[96.58366,17.2292],[96.58519,17.2292],[96.58519,17.22885],[96.58528,17.22885]],[[96.57729,17.22954],[96.57782,17.22971],[96.57782,17.22945],[96.57872,17.22937],[96.5789,17.22963],[96.57872,17.22988],[96.57791,17.22963],[96.57791,17.23014],[96.57756,17.22971],[96.5772,17.2304],[96.57729,17.22954],[96.57675,17.2298],[96.57621,17.22963],[96.57621,17.22937],[96.57729,17.22945],[96.57729,17.22954]],[[96.58726,17.22808],[96.58735,17.22748],[96.58798,17.22722],[96.58807,17.22671],[96.5886,17.22671],[96.58878,17.22714],[96.58842,17.228],[96.58744,17.22808],[96.58726,17.22808]]],[[[96.60325,17.23194],[96.60325,17.2316],[96.60441,17.2316],[96.60244,17.2322],[96.60244,17.23263],[96.60424,17.23374],[96.6054,17.23349],[96.60549,17.23306],[96.60486,17.23297],[96.60558,17.23263],[96.60594,17.23331],[96.60648,17.23331],[96.60765,17.23246],[96.60752,17.2322],[96.60653,17.23301],[96.60644,17.23238],[96.60572,17.23238],[96.60626,17.23157],[96.60599,17.23121],[96.60527,17.2313],[96.6054,17.22997],[96.60504,17.23005],[96.60504,17.23126],[96.60558,17.23229],[96.60531,17.23246],[96.60522,17.23203],[96.60459,17.23211],[96.60495,17.2316],[96.60441,17.23151],[96.60477,17.231],[96.60441,17.22971],[96.6028,17.2304],[96.60384,17.23023],[96.60447,17.23103],[96.60411,17.23139],[96.60235,17.23157],[96.6028,17.23151],[96.60316,17.23194],[96.60325,17.23194]]],[[[96.59804,17.23392],[96.59849,17.23383],[96.59849,17.23357],[96.59929,17.23357],[96.59929,17.23331],[96.59983,17.23357],[96.60001,17.23271],[96.59947,17.23263],[96.59867,17.23314],[96.59732,17.23331],[96.5975,17.23383],[96.59795,17.23392],[96.59804,17.23392]]],[[[96.56722,17.23271],[96.56696,17.23263],[96.56678,17.23331],[96.56722,17.2334],[96.56731,17.234],[96.56776,17.23409],[96.56776,17.23271],[96.56758,17.23246],[96.56722,17.23263],[96.56722,17.23271]]],[[[96.59274,17.23409],[96.59364,17.23357],[96.5931,17.23289],[96.5931,17.23237],[96.59265,17.23194],[96.59175,17.23211],[96.59148,17.23246],[96.59265,17.23409],[96.59274,17.23409]]],[[[96.56516,17.23314],[96.56471,17.23314],[96.56453,17.23409],[96.56624,17.23383],[96.56606,17.23349],[96.5648,17.23349],[96.56615,17.23323],[96.56534,17.23314],[96.56516,17.23314]]],[[[96.77186,17.2322],[96.77159,17.23211],[96.77141,17.23263],[96.77105,17.23229],[96.7706,17.23263],[96.77024,17.23246],[96.77069,17.23297],[96.76953,17.23306],[96.76953,17.23357],[96.76979,17.23366],[96.76979,17.23331],[96.76997,17.23383],[96.77069,17.23357],[96.77096,17.23417],[96.77132,17.23417],[96.77132,17.23469],[96.77186,17.23486],[96.7715,17.23434],[96.77222,17.23409],[96.77204,17.2322],[96.77186,17.2322]]],[[[96.56588,17.23486],[96.5657,17.23469],[96.56597,17.23486],[96.56642,17.23443],[96.56606,17.2346],[96.56597,17.23426],[96.56525,17.23426],[96.56426,17.23477],[96.56381,17.23434],[96.56255,17.23469],[96.56291,17.23529],[96.56363,17.23529],[96.56363,17.23503],[96.56408,17.2352],[96.56444,17.23486],[96.5648,17.23512],[96.56588,17.23495],[96.56588,17.23486]]],[[[96.7485,17.2352],[96.74877,17.23529],[96.74868,17.23495],[96.74913,17.2346],[96.74922,17.23512],[96.74967,17.23537],[96.74985,17.23512],[96.7494,17.23503],[96.74967,17.23443],[96.74922,17.2346],[96.74877,17.23392],[96.74842,17.23392],[96.74842,17.23469],[96.74868,17.23486],[96.74833,17.2352],[96.7485,17.2352]]],[[[96.57782,17.2352],[96.57881,17.23366],[96.57765,17.23357],[96.57747,17.23443],[96.57711,17.23469],[96.57711,17.23546],[96.57738,17.23546],[96.57729,17.23512],[96.57773,17.2352],[96.57782,17.2352]]],[[[96.76971,17.23392],[96.76944,17.23383],[96.76926,17.23417],[96.76971,17.23426],[96.76971,17.23452],[96.768,17.23434],[96.76773,17.23555],[96.7706,17.23546],[96.77087,17.23452],[96.77006,17.23443],[96.77015,17.23409],[96.76988,17.23434],[96.76988,17.23392],[96.76971,17.23392]]],[[[96.58582,17.23486],[96.58555,17.23486],[96.58555,17.23452],[96.586,17.23443],[96.586,17.23417],[96.58636,17.23417],[96.58636,17.23443],[96.58582,17.2346],[96.58609,17.23503],[96.58618,17.2346],[96.58672,17.2346],[96.58735,17.23383],[96.58663,17.23409],[96.58564,17.23392],[96.58546,17.23426],[96.58501,17.23392],[96.58402,17.234],[96.58456,17.23563],[96.58528,17.23537],[96.58501,17.23486],[96.58537,17.2352],[96.58582,17.23495],[96.58582,17.23486]]],[[[96.58977,17.2358],[96.58977,17.23503],[96.58869,17.23503],[96.5886,17.23537],[96.58896,17.23529],[96.58968,17.2358],[96.58977,17.2358]]],[[[96.60091,17.23615],[96.60118,17.23623],[96.60109,17.2358],[96.60154,17.23563],[96.60145,17.2352],[96.60127,17.23563],[96.59992,17.2358],[96.60001,17.2364],[96.60091,17.23623],[96.60091,17.23615]]],[[[96.57648,17.23426],[96.57675,17.23409],[96.57639,17.23537],[96.57621,17.23495],[96.57558,17.23495],[96.57549,17.23469],[96.57477,17.23495],[96.57477,17.23529],[96.57441,17.23503],[96.57396,17.23529],[96.57378,17.23477],[96.57405,17.23443],[96.5736,17.23469],[96.57351,17.23434],[96.57441,17.23426],[96.57468,17.23383],[96.57477,17.23426],[96.57441,17.23426],[96.57432,17.23469],[96.57504,17.23469],[96.57522,17.23426],[96.57495,17.23392],[96.57522,17.23383],[96.57585,17.234],[96.57567,17.23477],[96.57594,17.23477],[96.57594,17.23443],[96.57648,17.23452],[96.5763,17.23392],[96.57567,17.23374],[96.57567,17.23349],[96.5754,17.23366],[96.57522,17.23314],[96.57432,17.23314],[96.5745,17.23383],[96.57414,17.234],[96.57369,17.23392],[96.57405,17.23374],[96.57378,17.23349],[96.57315,17.23357],[96.57315,17.23392],[96.57226,17.23383],[96.57208,17.23546],[96.57261,17.23537],[96.57252,17.23486],[96.57297,17.2346],[96.57369,17.23503],[96.57378,17.23546],[96.5745,17.23529],[96.57495,17.23555],[96.57558,17.23512],[96.57558,17.23546],[96.57639,17.23563],[96.57549,17.23555],[96.57522,17.23632],[96.57621,17.2364],[96.57738,17.23374],[96.57711,17.23357],[96.57666,17.23383],[96.57675,17.23349],[96.57594,17.2334],[96.57603,17.23383],[96.57621,17.23357],[96.57648,17.23383],[96.57648,17.23426]]],[[[96.75497,17.23666],[96.75578,17.23615],[96.75497,17.23572],[96.75461,17.23615],[96.75488,17.23666],[96.75497,17.23666]]],[[[96.5727,17.23683],[96.57324,17.23666],[96.57279,17.23615],[96.57342,17.23597],[96.57333,17.23572],[96.57235,17.2358],[96.57252,17.2364],[96.57279,17.2364],[96.57279,17.23666],[96.57243,17.23658],[96.57261,17.23683],[96.5727,17.23683]]],[[[96.57486,17.23683],[96.57522,17.23606],[96.57486,17.23572],[96.57423,17.23597],[96.57468,17.23649],[96.5736,17.23666],[96.57477,17.23683],[96.57486,17.23683]]],[[[96.77069,17.23675],[96.77051,17.2358],[96.76953,17.23589],[96.76962,17.23683],[96.77078,17.23675],[96.77069,17.23675]]],[[[96.7538,17.23692],[96.7538,17.23623],[96.75183,17.23623],[96.75192,17.23675],[96.75327,17.2364],[96.753,17.23683],[96.75372,17.23692],[96.7538,17.23692]]],[[[96.85172,17.237],[96.85172,17.23649],[96.85136,17.2364],[96.85154,17.23589],[96.85118,17.23589],[96.85091,17.23546],[96.85055,17.23563],[96.85091,17.23649],[96.85127,17.23649],[96.85163,17.237],[96.85172,17.237]]],[[[96.58681,17.23692],[96.58717,17.2364],[96.58681,17.23606],[96.58609,17.23606],[96.58582,17.23666],[96.58627,17.23666],[96.58672,17.23718],[96.5869,17.23692],[96.58681,17.23692]]],[[[96.59085,17.23649],[96.59238,17.23718],[96.59121,17.23572],[96.59103,17.23615],[96.59013,17.23589],[96.59085,17.2364],[96.59085,17.23649]]],[[[96.57782,17.2352],[96.57729,17.2358],[96.57773,17.23572],[96.57747,17.23623],[96.57782,17.23632],[96.57684,17.23735],[96.57926,17.23597],[96.58016,17.2358],[96.58088,17.23503],[96.58205,17.23469],[96.58232,17.23426],[96.58016,17.23417],[96.57971,17.23383],[96.57944,17.2346],[96.57872,17.23426],[96.57818,17.23486],[96.57836,17.2352],[96.5789,17.23529],[96.57881,17.23555],[96.57827,17.2358],[96.57845,17.23546],[96.57809,17.2352],[96.57782,17.2352]]],[[[96.56534,17.2358],[96.56606,17.23555],[96.5657,17.23563],[96.56579,17.23529],[96.56471,17.23537],[96.56471,17.23589],[96.56516,17.2358],[96.56516,17.23606],[96.56408,17.23606],[96.56417,17.2376],[96.56498,17.2376],[96.56516,17.23718],[96.5657,17.2376],[96.56615,17.23743],[96.56615,17.23649],[96.56552,17.23666],[96.56579,17.23615],[96.56534,17.23606],[96.56534,17.2358]]],[[[96.6107,17.23692],[96.61052,17.23718],[96.61079,17.23675],[96.61043,17.23666],[96.60998,17.23769],[96.61043,17.23778],[96.61088,17.23735],[96.61079,17.23692],[96.6107,17.23692]]],[[[96.56866,17.23786],[96.56893,17.23675],[96.56947,17.23692],[96.56992,17.23623],[96.56956,17.23537],[96.56929,17.23537],[96.56947,17.23555],[96.56911,17.23606],[96.56893,17.23572],[96.56803,17.23597],[96.56812,17.23649],[96.56821,17.23623],[96.56875,17.23623],[96.56839,17.23726],[96.56857,17.23786],[96.56866,17.23786]]],[[[96.75461,17.23778],[96.75524,17.23752],[96.75533,17.23709],[96.75443,17.23675],[96.75434,17.23786],[96.75479,17.23778],[96.75461,17.23778]]],[[[96.77698,17.23632],[96.77671,17.23615],[96.77752,17.23632],[96.77761,17.23546],[96.77698,17.23597],[96.77653,17.23546],[96.77599,17.23572],[96.7759,17.23743],[96.77653,17.23786],[96.77653,17.23752],[96.77725,17.23743],[96.77716,17.23778],[96.77752,17.23786],[96.7777,17.2376],[96.77725,17.23726],[96.77734,17.237],[96.77662,17.237],[96.77671,17.2364],[96.77698,17.2364],[96.77698,17.23632]]],[[[96.80501,17.237],[96.80492,17.23606],[96.80447,17.23606],[96.80438,17.23658],[96.80483,17.23666],[96.80465,17.23769],[96.80519,17.2376],[96.8051,17.23795],[96.80546,17.23795],[96.80573,17.23769],[96.80555,17.23709],[96.8051,17.237],[96.80501,17.237]]],[[[96.81238,17.23735],[96.81238,17.23821],[96.81336,17.23803],[96.81318,17.23735],[96.81264,17.2376],[96.81255,17.23735],[96.81238,17.23735]]],[[[96.54297,17.23606],[96.5436,17.23632],[96.54351,17.23658],[96.54315,17.23649],[96.54288,17.23606],[96.54261,17.2364],[96.54324,17.2376],[96.54396,17.2376],[96.54396,17.23786],[96.54324,17.23786],[96.54333,17.23821],[96.54432,17.23821],[96.54441,17.23778],[96.54486,17.23821],[96.5454,17.23786],[96.54531,17.23735],[96.54504,17.23735],[96.54522,17.23606],[96.54495,17.23555],[96.54432,17.23537],[96.54423,17.23597],[96.54333,17.23555],[96.54297,17.23597],[96.54297,17.23606]]],[[[96.58088,17.23838],[96.5816,17.23803],[96.58169,17.2376],[96.5825,17.23752],[96.5825,17.237],[96.58268,17.23726],[96.58321,17.237],[96.58321,17.23649],[96.58393,17.23658],[96.58438,17.23597],[96.58483,17.23623],[96.58429,17.23563],[96.58375,17.23409],[96.57971,17.23623],[96.57989,17.23666],[96.57962,17.23675],[96.58025,17.23718],[96.58079,17.23838],[96.58088,17.23838]]],[[[96.81013,17.23838],[96.8113,17.23812],[96.81121,17.23735],[96.81148,17.23718],[96.81121,17.23709],[96.81121,17.23632],[96.81103,17.23666],[96.81031,17.23658],[96.81022,17.23752],[96.80968,17.2376],[96.8095,17.23812],[96.81004,17.23838],[96.81013,17.23838]]],[[[96.56552,17.23915],[96.56588,17.23829],[96.56363,17.23821],[96.56408,17.23846],[96.56381,17.23881],[96.56543,17.23915],[96.56552,17.23915]]],[[[96.51674,17.23923],[96.51746,17.23889],[96.51602,17.23838],[96.51512,17.23846],[96.51512,17.23872],[96.51566,17.23863],[96.51566,17.23889],[96.5162,17.23915],[96.51656,17.23898],[96.51665,17.23923],[96.51674,17.23923]]],[[[96.57468,17.23906],[96.57567,17.23821],[96.57549,17.23769],[96.57585,17.23778],[96.57612,17.23743],[96.57594,17.23692],[96.57477,17.23718],[96.57459,17.23795],[96.57432,17.23786],[96.57459,17.23726],[96.57315,17.23795],[96.57342,17.23838],[96.57297,17.23863],[96.57306,17.23923],[96.57342,17.23915],[96.57315,17.23898],[96.57351,17.23863],[96.57378,17.23915],[96.57414,17.23915],[96.57405,17.23863],[96.57459,17.23863],[96.57441,17.23915],[96.57468,17.23915],[96.57468,17.23906]]],[[[96.60612,17.23923],[96.60639,17.23821],[96.60612,17.23821],[96.60585,17.2376],[96.60603,17.23743],[96.6063,17.23769],[96.6063,17.23709],[96.60531,17.23726],[96.60572,17.23759],[96.60563,17.23822],[96.60501,17.23786],[96.6051,17.23752],[96.60397,17.23795],[96.60397,17.23829],[96.60504,17.23795],[96.60603,17.23881],[96.60594,17.23923],[96.60612,17.23923]]],[[[96.578,17.23932],[96.57863,17.23906],[96.57872,17.23846],[96.57836,17.23795],[96.57836,17.23863],[96.578,17.23863],[96.57809,17.23812],[96.5772,17.23863],[96.57791,17.23932],[96.578,17.23932]]],[[[96.59831,17.23821],[96.59813,17.23786],[96.59849,17.23812],[96.59804,17.23855],[96.59894,17.23863],[96.59938,17.23932],[96.59992,17.23915],[96.5992,17.23863],[96.59974,17.23812],[96.60037,17.23829],[96.60055,17.23915],[96.60082,17.23915],[96.60127,17.23846],[96.60055,17.23846],[96.60028,17.2376],[96.60118,17.23735],[96.60145,17.23683],[96.60001,17.23675],[96.59992,17.23726],[96.59956,17.237],[96.59965,17.23735],[96.59911,17.23718],[96.59911,17.23683],[96.59867,17.23726],[96.59911,17.23735],[96.59894,17.23769],[96.5992,17.23795],[96.59956,17.23778],[96.59983,17.23803],[96.59903,17.23821],[96.59854,17.23735],[96.59863,17.23786],[96.59827,17.23759],[96.59795,17.23778],[96.59813,17.23821],[96.59831,17.23821]]],[[[96.86079,17.23949],[96.86035,17.23872],[96.85927,17.23829],[96.85927,17.23786],[96.85918,17.23812],[96.85846,17.23821],[96.85927,17.23838],[96.85945,17.23889],[96.85999,17.23889],[96.86061,17.23949],[96.86079,17.23949]]],[[[96.56264,17.23958],[96.56345,17.23923],[96.56327,17.23855],[96.56273,17.23855],[96.56291,17.23812],[96.56264,17.23786],[96.56237,17.23803],[96.56255,17.23958],[96.56264,17.23958]]],[[[96.6364,17.23958],[96.63613,17.23872],[96.6372,17.23923],[96.64026,17.23743],[96.63945,17.2364],[96.63882,17.23658],[96.63909,17.23632],[96.63882,17.23615],[96.639,17.23563],[96.63837,17.23529],[96.63837,17.23486],[96.63729,17.23374],[96.63604,17.23426],[96.63654,17.23436],[96.6369,17.234],[96.63743,17.23418],[96.63699,17.2349],[96.63743,17.23678],[96.63627,17.23759],[96.63618,17.23651],[96.63568,17.23642],[96.63604,17.23709],[96.63582,17.23786],[96.63609,17.23804],[96.63618,17.2393],[96.63595,17.23949],[96.63631,17.23958],[96.6364,17.23958]]],[[[96.57181,17.24009],[96.57217,17.23966],[96.57261,17.23975],[96.57261,17.23949],[96.57136,17.23941],[96.57136,17.23984],[96.57181,17.24001],[96.57181,17.24009]]],[[[96.75264,17.24044],[96.75291,17.23992],[96.75264,17.23949],[96.75228,17.23958],[96.75219,17.23906],[96.75165,17.23949],[96.75201,17.23949],[96.75192,17.24018],[96.75246,17.24044],[96.75264,17.24044]]],[[[96.55438,17.24044],[96.55465,17.24061],[96.55501,17.24009],[96.55519,17.24035],[96.55546,17.24009],[96.5551,17.23958],[96.55465,17.23958],[96.55474,17.23984],[96.55429,17.23984],[96.55465,17.24001],[96.55438,17.24035],[96.55438,17.24044]]],[[[96.64511,17.23941],[96.64511,17.23992],[96.64466,17.23992],[96.64457,17.24035],[96.64601,17.24061],[96.64619,17.23923],[96.64511,17.23932],[96.64511,17.23941]]],[[[96.59813,17.24078],[96.59867,17.24044],[96.59858,17.24001],[96.59929,17.23975],[96.59885,17.23958],[96.59885,17.23923],[96.59813,17.23915],[96.59786,17.23941],[96.59795,17.24078],[96.59813,17.24078]]],[[[96.81148,17.24087],[96.81139,17.24052],[96.81076,17.24044],[96.81094,17.23975],[96.8104,17.24026],[96.80914,17.23992],[96.8095,17.24044],[96.80914,17.24044],[96.80914,17.24069],[96.80995,17.24052],[96.80986,17.24087],[96.81013,17.24087],[96.8113,17.24061],[96.81139,17.24087],[96.81148,17.24087]]],[[[96.82055,17.24026],[96.82073,17.24001],[96.82037,17.23992],[96.82028,17.24044],[96.8201,17.23975],[96.8192,17.23958],[96.81947,17.24035],[96.81911,17.24026],[96.81902,17.23966],[96.81839,17.24035],[96.81839,17.23966],[96.81768,17.23949],[96.81866,17.23932],[96.81848,17.23872],[96.81768,17.23846],[96.81687,17.23881],[96.81678,17.23838],[96.8166,17.23855],[96.81615,17.23821],[96.81561,17.23846],[96.81597,17.23889],[96.81624,17.23881],[96.81633,17.23923],[96.81687,17.23889],[96.81723,17.23906],[96.8175,17.23975],[96.8166,17.23975],[96.81696,17.24009],[96.81759,17.23992],[96.81803,17.24069],[96.81866,17.24061],[96.81866,17.24087],[96.81938,17.24095],[96.81956,17.24052],[96.81983,17.24095],[96.82028,17.24087],[96.82037,17.24052],[96.82073,17.24095],[96.82109,17.24078],[96.82109,17.24018],[96.82064,17.24026],[96.82055,17.24026]]],[[[96.82333,17.24087],[96.82315,17.24061],[96.82342,17.24044],[96.82342,17.24095],[96.82414,17.24087],[96.82423,17.24018],[96.82378,17.24001],[96.82423,17.23975],[96.82396,17.23941],[96.82333,17.24035],[96.82307,17.23984],[96.82262,17.24001],[96.82289,17.24052],[96.82271,17.24087],[96.82333,17.24104],[96.82333,17.24087]]],[[[96.60226,17.24026],[96.6019,17.24035],[96.60226,17.24026],[96.60231,17.23975],[96.6019,17.24009],[96.60145,17.23958],[96.60118,17.23966],[96.60145,17.23941],[96.6019,17.23984],[96.60217,17.23941],[96.6019,17.23923],[96.60199,17.23881],[96.60235,17.23906],[96.60172,17.23829],[96.60145,17.23898],[96.60082,17.23941],[96.60091,17.24009],[96.60118,17.24052],[96.60154,17.24044],[96.60145,17.24104],[96.60172,17.24087],[96.60172,17.24129],[96.60208,17.24121],[96.60217,17.24061],[96.60217,17.24104],[96.60253,17.24112],[96.60235,17.24087],[96.60307,17.24044],[96.60325,17.23975],[96.60267,17.24018],[96.60276,17.24056],[96.60231,17.24026],[96.60226,17.24026]]],[[[96.63136,17.24137],[96.63136,17.24009],[96.63109,17.23949],[96.63065,17.23932],[96.63065,17.23984],[96.63124,17.24038],[96.63133,17.24137],[96.63136,17.24137]]],[[[96.58941,17.24138],[96.58977,17.24061],[96.58878,17.23992],[96.58842,17.24061],[96.58932,17.24138],[96.58941,17.24138]]],[[[96.63595,17.24138],[96.6364,17.24129],[96.63613,17.24061],[96.63631,17.24035],[96.63568,17.24026],[96.63586,17.24138],[96.63595,17.24138]]],[[[96.601,17.24164],[96.60127,17.24104],[96.60046,17.24035],[96.6001,17.24129],[96.60091,17.24164],[96.601,17.24164]]],[[[96.56633,17.24112],[96.56633,17.24078],[96.56633,17.24121],[96.56687,17.24112],[96.56696,17.24078],[96.5666,17.24087],[96.56678,17.24026],[96.56606,17.24001],[96.56381,17.23984],[96.56354,17.24044],[96.56336,17.24009],[96.56318,17.24026],[96.56372,17.24069],[96.56363,17.24172],[96.56624,17.24112],[96.56633,17.24112]]],[[[96.63199,17.24172],[96.63235,17.24044],[96.63172,17.24061],[96.6319,17.24155],[96.63154,17.24172],[96.6319,17.24172],[96.63199,17.24172]]],[[[96.63025,17.24189],[96.63029,17.24044],[96.62975,17.23992],[96.6302,17.24189],[96.63025,17.24189]]],[[[96.57082,17.24061],[96.57073,17.24121],[96.57046,17.24095],[96.57028,17.24155],[96.57064,17.24147],[96.57136,17.24198],[96.57127,17.24138],[96.57154,17.24104],[96.57091,17.24061],[96.57082,17.24061]]],[[[96.5533,17.24207],[96.55357,17.24181],[96.55339,17.24155],[96.55384,17.24147],[96.55366,17.24087],[96.55285,17.24112],[96.55321,17.24207],[96.5533,17.24207]]],[[[96.57926,17.24095],[96.57908,17.24061],[96.57836,17.24138],[96.57854,17.24164],[96.57818,17.24155],[96.57782,17.24207],[96.57818,17.24224],[96.57836,17.24189],[96.57836,17.24232],[96.57908,17.24198],[96.5798,17.24215],[96.57953,17.24112],[96.57926,17.24104],[96.57926,17.24095]]],[[[96.59013,17.24104],[96.58986,17.24104],[96.58968,17.24155],[96.58995,17.24147],[96.59112,17.24241],[96.59148,17.24172],[96.59022,17.24104],[96.59013,17.24104]]],[[[96.6028,17.24181],[96.60307,17.24198],[96.60235,17.24147],[96.6019,17.24164],[96.60208,17.24207],[96.60249,17.24172],[96.60285,17.24208],[96.60276,17.24235],[96.60217,17.24208],[96.60217,17.24232],[96.60298,17.24232],[96.60334,17.24267],[96.60343,17.24241],[96.60307,17.24224],[96.60343,17.24207],[96.60334,17.24164],[96.60307,17.24164],[96.60325,17.24129],[96.60262,17.24112],[96.6028,17.24164],[96.6028,17.24181]]],[[[96.54755,17.24189],[96.54746,17.24275],[96.54827,17.24258],[96.54818,17.24189],[96.54854,17.24198],[96.54863,17.24138],[96.54827,17.24138],[96.54818,17.24069],[96.54791,17.24129],[96.54845,17.24155],[96.54782,17.24172],[96.54755,17.24104],[96.54755,17.24181],[96.54755,17.24189]]],[[[96.57495,17.24078],[96.5745,17.23941],[96.57288,17.23949],[96.57306,17.24035],[96.5736,17.24052],[96.5736,17.24112],[96.57315,17.24129],[96.57342,17.24147],[96.57333,17.24189],[96.57513,17.24189],[96.57666,17.24258],[96.5772,17.24232],[96.57711,17.24258],[96.57773,17.24292],[96.57738,17.24215],[96.57711,17.24215],[96.57747,17.24155],[96.57702,17.24181],[96.57621,17.24147],[96.57621,17.24112],[96.57513,17.24078],[96.57495,17.24078]]],[[[96.59004,17.23769],[96.58977,17.23718],[96.59031,17.23726],[96.59076,17.23675],[96.59094,17.23709],[96.59022,17.23812],[96.59022,17.23898],[96.59067,17.23846],[96.5913,17.23838],[96.59076,17.23803],[96.59085,17.23778],[96.59139,17.23812],[96.59238,17.23786],[96.59211,17.23735],[96.59103,17.23692],[96.59085,17.23649],[96.58986,17.2364],[96.58905,17.23572],[96.58878,17.23572],[96.58887,17.23597],[96.58834,17.23589],[96.58825,17.23658],[96.58932,17.23726],[96.58851,17.237],[96.58869,17.2376],[96.58825,17.23838],[96.58735,17.23803],[96.58753,17.23778],[96.58708,17.23778],[96.58663,17.23718],[96.58546,17.23683],[96.58582,17.23735],[96.58546,17.23752],[96.58555,17.23795],[96.58492,17.23812],[96.58501,17.23846],[96.58555,17.23803],[96.58609,17.23838],[96.5851,17.23863],[96.58501,17.23889],[96.58537,17.23889],[96.5851,17.23906],[96.58474,17.23889],[96.5851,17.23855],[96.58465,17.23821],[96.5842,17.23829],[96.58429,17.23872],[96.58402,17.23881],[96.58375,17.23803],[96.58295,17.23812],[96.58321,17.23889],[96.58268,17.23915],[96.58304,17.23889],[96.58268,17.23855],[96.58268,17.23889],[96.58241,17.23863],[96.58241,17.23898],[96.58196,17.23889],[96.58178,17.23932],[96.58097,17.23949],[96.58106,17.23984],[96.58079,17.23975],[96.58043,17.24026],[96.58088,17.24044],[96.58043,17.24087],[96.58097,17.24087],[96.58097,17.24112],[96.58043,17.24112],[96.58034,17.24147],[96.58007,17.24129],[96.57998,17.24207],[96.58052,17.24172],[96.58025,17.24207],[96.58052,17.24215],[96.58142,17.24129],[96.58187,17.24121],[96.58196,17.24155],[96.58232,17.24078],[96.58259,17.24121],[96.58304,17.24121],[96.58268,17.24112],[96.58259,17.24061],[96.58304,17.24078],[96.58304,17.24052],[96.58429,17.24044],[96.58438,17.24009],[96.58474,17.24009],[96.58465,17.23975],[96.5851,17.24018],[96.58573,17.23992],[96.58672,17.24018],[96.58627,17.24001],[96.58636,17.23975],[96.58672,17.23984],[96.58654,17.23941],[96.58699,17.23958],[96.58789,17.23906],[96.58896,17.23906],[96.58914,17.23932],[96.58878,17.23923],[96.58851,17.23958],[96.5895,17.23992],[96.5895,17.24018],[96.5913,17.24129],[96.59157,17.24121],[96.59229,17.24215],[96.59265,17.24155],[96.59292,17.24189],[96.59328,17.24138],[96.59355,17.24181],[96.5931,17.2425],[96.59381,17.24292],[96.5939,17.24241],[96.59435,17.24318],[96.5948,17.24318],[96.5957,17.24292],[96.5957,17.24232],[96.59525,17.24232],[96.59525,17.24207],[96.5966,17.24164],[96.5966,17.24104],[96.59723,17.24112],[96.5975,17.24061],[96.5975,17.24026],[96.59714,17.24026],[96.59714,17.23992],[96.5975,17.24009],[96.5975,17.23923],[96.59615,17.23906],[96.59624,17.23863],[96.59579,17.23889],[96.59615,17.23915],[96.59597,17.23941],[96.59642,17.23958],[96.59615,17.24009],[96.59489,17.23975],[96.59525,17.23898],[96.59489,17.23906],[96.59453,17.23863],[96.59507,17.23846],[96.5948,17.23803],[96.59498,17.23769],[96.59426,17.23786],[96.59399,17.23743],[96.59417,17.23718],[96.59435,17.2376],[96.59444,17.23735],[96.59471,17.23752],[96.59444,17.23675],[96.59399,17.23683],[96.59381,17.23726],[96.59265,17.23735],[96.59301,17.23769],[96.59372,17.2376],[96.59444,17.23829],[96.59399,17.23846],[96.59319,17.23795],[96.59346,17.23821],[96.59319,17.23915],[96.59301,17.23863],[96.59238,17.23855],[96.59013,17.23932],[96.59004,17.23898],[96.58977,17.23915],[96.59004,17.23778],[96.59004,17.23769]]],[[[96.62481,17.24275],[96.62508,17.24284],[96.62472,17.24241],[96.62364,17.2425],[96.62373,17.24318],[96.62481,17.24318],[96.62481,17.24292],[96.62481,17.24275]]],[[[96.64223,17.24327],[96.64259,17.24292],[96.64376,17.24292],[96.6434,17.24189],[96.64349,17.24112],[96.64331,17.24069],[96.64268,17.24104],[96.64232,17.24087],[96.6425,17.24035],[96.6417,17.24061],[96.64134,17.24035],[96.64161,17.24284],[96.64205,17.24292],[96.64214,17.24327],[96.64223,17.24327]]],[[[96.57495,17.24284],[96.57441,17.24267],[96.57405,17.24292],[96.57387,17.24224],[96.5736,17.24327],[96.57423,17.24344],[96.57405,17.24301],[96.57495,17.24301],[96.57495,17.24284]]],[[[96.57495,17.24284],[96.57549,17.24318],[96.57765,17.24327],[96.57747,17.24301],[96.57693,17.2431],[96.57666,17.24267],[96.57657,17.24301],[96.57612,17.2431],[96.5754,17.24224],[96.57486,17.24224],[96.57495,17.24258],[96.57495,17.24284]]],[[[96.58905,17.24207],[96.58914,17.24155],[96.58869,17.24147],[96.58753,17.24026],[96.58753,17.24121],[96.58663,17.24181],[96.58798,17.24284],[96.58834,17.24275],[96.58878,17.24344],[96.58914,17.24335],[96.58932,17.24284],[96.58887,17.24241],[96.58887,17.24215],[96.58923,17.24232],[96.58905,17.24198],[96.58905,17.24207]]],[[[96.60064,17.24241],[96.60019,17.24181],[96.60001,17.24215],[96.59974,17.24207],[96.59992,17.24181],[96.59947,17.24147],[96.59956,17.24215],[96.6001,17.24267],[96.60064,17.24292],[96.60091,17.24258],[96.601,17.2431],[96.60019,17.24301],[96.60064,17.2437],[96.60073,17.24327],[96.60154,17.24284],[96.601,17.24275],[96.60091,17.24241],[96.60064,17.24241]]],[[[96.63918,17.24378],[96.639,17.24241],[96.63846,17.24241],[96.63873,17.24387],[96.63927,17.24378],[96.63918,17.24378]]],[[[96.81794,17.24361],[96.81803,17.24267],[96.81768,17.24267],[96.81714,17.24335],[96.81777,17.24335],[96.81741,17.2437],[96.81759,17.24387],[96.81794,17.2437],[96.81794,17.24361]]],[[[96.86313,17.24292],[96.86313,17.2425],[96.86259,17.2425],[96.86259,17.24181],[96.86223,17.24181],[96.8625,17.24164],[96.86241,17.24112],[96.86187,17.24061],[96.86223,17.24044],[96.86088,17.23949],[96.86079,17.23984],[96.86151,17.24035],[96.86133,17.24061],[96.86169,17.24095],[96.86205,17.24087],[96.86205,17.24207],[96.8625,17.24318],[96.86367,17.24387],[96.86313,17.24301],[96.86313,17.24292]]],[[[96.7786,17.24395],[96.7786,17.24361],[96.77797,17.24344],[96.77806,17.2431],[96.7777,17.24318],[96.77752,17.24275],[96.77716,17.24318],[96.77725,17.24361],[96.77851,17.24395],[96.7786,17.24395]]],[[[96.57252,17.24413],[96.57261,17.24378],[96.57288,17.24404],[96.57306,17.2437],[96.57342,17.24387],[96.57315,17.24275],[96.5727,17.24267],[96.57252,17.24224],[96.57217,17.24267],[96.57217,17.24378],[96.57243,17.24378],[96.57243,17.24413],[96.57252,17.24413]]],[[[96.59022,17.24404],[96.59058,17.24352],[96.59094,17.24361],[96.59085,17.24292],[96.58968,17.24318],[96.58959,17.24378],[96.59031,17.24404],[96.59022,17.24404]]],[[[96.63442,17.24421],[96.63541,17.24387],[96.63514,17.24361],[96.63514,17.24275],[96.6346,17.24267],[96.63496,17.2425],[96.63469,17.24207],[96.6337,17.24215],[96.63388,17.24258],[96.63442,17.24258],[96.6346,17.24318],[96.63496,17.24327],[96.63424,17.2437],[96.63433,17.24421],[96.63442,17.24421]]],[[[96.63361,17.24438],[96.63406,17.24421],[96.63388,17.2437],[96.63352,17.2437],[96.63379,17.24301],[96.63334,17.24258],[96.63316,17.2431],[96.63262,17.24301],[96.6328,17.24361],[96.63316,17.24318],[96.63343,17.24327],[96.63325,17.24404],[96.63352,17.24438],[96.63361,17.24438]]],[[[96.75515,17.24404],[96.75506,17.24378],[96.75551,17.24361],[96.75524,17.24378],[96.75551,17.24404],[96.75515,17.24413],[96.75605,17.24438],[96.75605,17.24335],[96.75461,17.24344],[96.75461,17.2443],[96.75506,17.24404],[96.75515,17.24404]]],[[[96.60415,17.24438],[96.60424,17.24464],[96.60459,17.24421],[96.60289,17.24344],[96.60271,17.2443],[96.6037,17.24438],[96.60415,17.24438]]],[[[96.60073,17.24473],[96.60091,17.24447],[96.60019,17.24413],[96.60019,17.24378],[96.59965,17.2437],[96.59956,17.24301],[96.5992,17.24335],[96.59947,17.2437],[96.59903,17.24387],[96.60064,17.24473],[96.60073,17.24473]]],[[[96.64223,17.24327],[96.6417,17.24335],[96.64223,17.24473],[96.64385,17.24455],[96.64358,17.24378],[96.64385,17.24327],[96.64259,17.24327],[96.64223,17.24327]]],[[[96.54504,17.24387],[96.54468,17.24404],[96.54477,17.2437],[96.54522,17.24378],[96.54522,17.24327],[96.54477,17.24301],[96.54513,17.24301],[96.54513,17.24181],[96.54558,17.24147],[96.54495,17.24147],[96.54486,17.24078],[96.54531,17.24061],[96.54495,17.24069],[96.54486,17.24035],[96.54396,17.24095],[96.54351,17.24087],[96.5436,17.24147],[96.54414,17.24147],[96.54423,17.24112],[96.5445,17.24129],[96.54423,17.24189],[96.54405,17.24147],[96.5436,17.24155],[96.54351,17.24189],[96.54288,17.24155],[96.54306,17.2425],[96.54198,17.24258],[96.54207,17.24301],[96.54171,17.24258],[96.5409,17.24344],[96.5409,17.24413],[96.54189,17.24395],[96.54207,17.24421],[96.54225,17.24387],[96.54225,17.24438],[96.5427,17.24455],[96.5436,17.24438],[96.5436,17.24378],[96.54396,17.24438],[96.54477,17.24421],[96.54441,17.2449],[96.54513,17.24447],[96.54513,17.24387],[96.54504,17.24387]]],[[[96.86484,17.24447],[96.86475,17.24413],[96.86385,17.24404],[96.86403,17.2437],[96.86358,17.24395],[96.86403,17.24481],[96.86457,17.24507],[96.86466,17.24481],[96.86475,17.24515],[96.86663,17.24473],[96.86735,17.24267],[96.86672,17.24241],[96.86681,17.24284],[96.86574,17.24335],[96.86556,17.24455],[96.86511,17.24413],[96.86502,17.24447],[96.86484,17.24447]]],[[[96.57082,17.24507],[96.57046,17.24515],[96.57046,17.24481],[96.57091,17.24507],[96.57082,17.24464],[96.57163,17.24473],[96.5719,17.24413],[96.5719,17.24241],[96.57145,17.24224],[96.57118,17.24267],[96.571,17.24189],[96.57082,17.24224],[96.57055,17.24215],[96.57064,17.2425],[96.57028,17.24215],[96.56992,17.24241],[96.56929,17.24481],[96.56929,17.24507],[96.56983,17.2449],[96.5701,17.24558],[96.57082,17.24515],[96.57082,17.24507]]],[[[96.64376,17.24567],[96.64448,17.24524],[96.6443,17.24473],[96.64331,17.2449],[96.64394,17.24515],[96.6434,17.24541],[96.64358,17.24567],[96.64376,17.24567]]],[[[96.60037,17.24576],[96.60046,17.24515],[96.59903,17.2443],[96.59876,17.24447],[96.59876,17.24507],[96.5992,17.24498],[96.59947,17.24558],[96.59983,17.24533],[96.59983,17.24567],[96.60028,17.24576],[96.60037,17.24576]]],[[[96.77734,17.24515],[96.77689,17.24507],[96.77716,17.24541],[96.77698,17.24618],[96.77725,17.24636],[96.77779,17.24558],[96.77779,17.24524],[96.77734,17.24507],[96.77734,17.24515]]],[[[96.58429,17.24653],[96.58501,17.24636],[96.58519,17.24601],[96.58438,17.24567],[96.58483,17.2455],[96.58429,17.24533],[96.58429,17.24498],[96.58393,17.24507],[96.5842,17.24524],[96.58384,17.2461],[96.58411,17.24653],[96.58429,17.24653]]],[[[96.74051,17.24653],[96.74087,17.24618],[96.74069,17.24584],[96.74024,17.2455],[96.7397,17.24558],[96.73979,17.24593],[96.74033,17.2461],[96.73997,17.24627],[96.74042,17.24653],[96.74051,17.24653]]],[[[96.78345,17.24644],[96.7839,17.24601],[96.78453,17.24627],[96.78462,17.24576],[96.78327,17.24576],[96.78327,17.24653],[96.78354,17.24644],[96.78345,17.24644]]],[[[96.77204,17.24661],[96.77213,17.24627],[96.77195,17.2461],[96.77177,17.24636],[96.77168,17.24584],[96.77222,17.24576],[96.77222,17.24507],[96.77204,17.24533],[96.77186,17.24498],[96.77159,17.24515],[96.77204,17.24455],[96.77141,17.24464],[96.77159,17.24498],[96.77087,17.24481],[96.77087,17.24455],[96.76979,17.24455],[96.77042,17.24507],[96.77024,17.24558],[96.77006,17.24507],[96.76979,17.24507],[96.76988,17.2461],[96.77096,17.2461],[96.77132,17.24661],[96.77195,17.24661],[96.77204,17.24661]]],[[[96.6028,17.2467],[96.60343,17.2461],[96.60352,17.24558],[96.60388,17.2455],[96.60379,17.2449],[96.60325,17.24515],[96.60325,17.2455],[96.60298,17.24533],[96.60307,17.24584],[96.6028,17.24601],[96.60217,17.24584],[96.60271,17.2467],[96.6028,17.2467]]],[[[96.80501,17.24541],[96.80537,17.24558],[96.80465,17.24533],[96.80474,17.24558],[96.80447,17.24541],[96.80429,17.24567],[96.80456,17.24618],[96.80438,17.2467],[96.806,17.24678],[96.806,17.24533],[96.80501,17.24507],[96.80501,17.24541]]],[[[96.56758,17.2443],[96.56794,17.2431],[96.56758,17.24301],[96.56767,17.24344],[96.56731,17.24361],[96.56731,17.24284],[96.56678,17.2425],[96.56525,17.24275],[96.56534,17.2437],[96.56471,17.24327],[96.56417,17.24344],[96.56444,17.24318],[96.56408,17.2425],[96.56327,17.24267],[96.56354,17.24318],[96.5639,17.2431],[96.56354,17.24344],[96.56417,17.24464],[96.56471,17.24438],[96.56426,17.24473],[96.56453,17.24576],[96.5648,17.24584],[96.56462,17.24627],[96.56543,17.24627],[96.56507,17.24661],[96.56561,17.24687],[96.56615,17.24696],[96.56624,17.24636],[96.56758,17.24447],[96.56758,17.2443]]],[[[96.58232,17.24687],[96.58169,17.24687],[96.58187,17.24627],[96.58232,17.24627],[96.58232,17.24687],[96.5825,17.24636],[96.58277,17.24644],[96.58277,17.24618],[96.58241,17.24618],[96.5825,17.24576],[96.58205,17.24567],[96.5825,17.2455],[96.58232,17.24498],[96.58259,17.24507],[96.58259,17.24481],[96.5816,17.24455],[96.58187,17.24395],[96.58124,17.24404],[96.58088,17.24335],[96.58007,17.24301],[96.57926,17.24327],[96.57935,17.24421],[96.57989,17.24438],[96.57944,17.24438],[96.57935,17.2449],[96.57872,17.24507],[96.57899,17.24661],[96.57863,17.24678],[96.57962,17.24661],[96.58124,17.24704],[96.58133,17.24636],[96.5816,17.24636],[96.58151,17.24713],[96.58232,17.24696],[96.58232,17.24687]]],[[[96.55294,17.2467],[96.55267,17.24661],[96.55339,17.24661],[96.5533,17.24618],[96.55375,17.24618],[96.55366,17.24593],[96.55285,17.24618],[96.55213,17.24704],[96.55258,17.2473],[96.5524,17.24687],[96.55267,17.24687],[96.55303,17.24721],[96.55321,17.2467],[96.55294,17.2467]]],[[[96.74204,17.24747],[96.74231,17.24704],[96.74204,17.24678],[96.74258,17.24687],[96.74222,17.24644],[96.74141,17.2467],[96.74159,17.24696],[96.74123,17.2473],[96.7415,17.24747],[96.74204,17.24747]]],[[[96.62058,17.24335],[96.62032,17.24327],[96.6204,17.24181],[96.61978,17.24155],[96.616,17.24181],[96.616,17.24207],[96.6151,17.24181],[96.6151,17.24661],[96.61573,17.24713],[96.61502,17.24661],[96.61484,17.24704],[96.61555,17.24739],[96.61609,17.24721],[96.61636,17.24774],[96.61627,17.24721],[96.61663,17.24704],[96.61627,17.2461],[96.61645,17.24507],[96.61861,17.2449],[96.61924,17.24515],[96.61915,17.2449],[96.61951,17.24481],[96.6204,17.24335],[96.62058,17.24335]]],[[[96.57145,17.2479],[96.57127,17.24661],[96.57082,17.24653],[96.57109,17.24687],[96.57028,17.24721],[96.57055,17.24721],[96.57082,17.2479],[96.57136,17.2479],[96.57145,17.2479]]],[[[96.60226,17.2479],[96.6019,17.24653],[96.60163,17.24653],[96.60154,17.24713],[96.6019,17.2479],[96.60226,17.2479]]],[[[96.62364,17.2479],[96.62382,17.24764],[96.6231,17.24713],[96.62301,17.2467],[96.6222,17.24696],[96.62301,17.24739],[96.62292,17.2479],[96.62346,17.2479],[96.62364,17.2479]]],[[[96.5931,17.24824],[96.59372,17.24696],[96.59337,17.24696],[96.59301,17.24636],[96.59229,17.24636],[96.59175,17.2455],[96.59076,17.24524],[96.59031,17.24455],[96.58968,17.24455],[96.58941,17.24413],[96.58896,17.24438],[96.58905,17.24473],[96.58887,17.24438],[96.5886,17.24447],[96.58878,17.24481],[96.58851,17.24515],[96.58896,17.2455],[96.5886,17.24601],[96.58896,17.24636],[96.59112,17.24739],[96.59148,17.24807],[96.59175,17.24816],[96.59184,17.24781],[96.59193,17.24824],[96.59292,17.24824],[96.5931,17.24824]]],[[[96.55097,17.24833],[96.55123,17.24807],[96.55105,17.24764],[96.55132,17.24781],[96.55123,17.24824],[96.55177,17.24781],[96.55141,17.2473],[96.55097,17.2473],[96.55088,17.24833],[96.55097,17.24833]]],[[[96.79109,17.24833],[96.79207,17.2479],[96.791,17.2479],[96.79055,17.24747],[96.79037,17.24773],[96.79064,17.24833],[96.791,17.24833],[96.79109,17.24833]]],[[[96.75928,17.24764],[96.75919,17.24799],[96.75893,17.24764],[96.75928,17.24747],[96.75875,17.24747],[96.75857,17.24807],[96.75902,17.24859],[96.75919,17.24833],[96.75955,17.2485],[96.75964,17.24816],[96.75991,17.24816],[96.75982,17.24841],[96.76045,17.24833],[96.76045,17.24799],[96.76009,17.2479],[96.76027,17.24756],[96.76,17.24807],[96.75991,17.24756],[96.75955,17.24764],[96.75928,17.24764]]],[[[96.54495,17.24773],[96.54468,17.2479],[96.54504,17.24713],[96.54396,17.24764],[96.54432,17.2479],[96.54441,17.24867],[96.54522,17.24859],[96.54522,17.24799],[96.54567,17.2479],[96.54558,17.24756],[96.54531,17.24756],[96.5454,17.2479],[96.54504,17.24773],[96.54495,17.24773]]],[[[96.57145,17.2479],[96.57091,17.24807],[96.57109,17.24884],[96.57082,17.24867],[96.57064,17.24893],[96.57028,17.2485],[96.57055,17.24936],[96.57181,17.24902],[96.57154,17.2479],[96.57145,17.2479]]],[[[96.62544,17.2479],[96.62508,17.24893],[96.62553,17.24936],[96.62544,17.24884],[96.62571,17.24867],[96.62571,17.24902],[96.62624,17.24902],[96.62633,17.24859],[96.62606,17.24799],[96.62544,17.24764],[96.62544,17.2479]]],[[[96.77851,17.24927],[96.77833,17.24962],[96.77851,17.2491],[96.77806,17.24867],[96.77779,17.24927],[96.77815,17.24962],[96.77761,17.2497],[96.7777,17.2503],[96.77932,17.25022],[96.77932,17.24979],[96.77878,17.24927],[96.77851,17.24927]]],[[[96.63298,17.25039],[96.63307,17.24953],[96.63262,17.2491],[96.63271,17.24979],[96.63208,17.25004],[96.63271,17.25039],[96.63298,17.25039]]],[[[96.58142,17.24704],[96.58115,17.2473],[96.57926,17.24704],[96.57899,17.2503],[96.57962,17.25047],[96.57962,17.24987],[96.58043,17.25047],[96.5807,17.24979],[96.58052,17.24936],[96.58115,17.24962],[96.58097,17.24893],[96.58142,17.2491],[96.58106,17.24876],[96.58115,17.24833],[96.58178,17.24859],[96.5816,17.24902],[96.58196,17.24927],[96.58214,17.24876],[96.58187,17.2485],[96.58241,17.24824],[96.58277,17.24756],[96.58142,17.24713],[96.58142,17.24704]]],[[[96.63451,17.25073],[96.63505,17.25022],[96.63568,17.2509],[96.63631,17.25073],[96.63648,17.25013],[96.63532,17.25039],[96.63586,17.24996],[96.6364,17.25004],[96.63631,17.24927],[96.63505,17.2497],[96.63424,17.24962],[96.63433,17.25073],[96.63451,17.25073]]],[[[96.5489,17.24987],[96.54935,17.25022],[96.54872,17.25022],[96.5489,17.2497],[96.54926,17.24962],[96.54926,17.24902],[96.54845,17.24876],[96.54899,17.2491],[96.54836,17.24953],[96.54818,17.2485],[96.54845,17.24833],[96.54818,17.24807],[96.54881,17.2479],[96.54863,17.24824],[96.54917,17.24824],[96.54917,17.24773],[96.54953,17.24747],[96.54908,17.24739],[96.54899,17.24781],[96.54845,17.24764],[96.54845,17.24739],[96.54827,17.24773],[96.54782,17.24747],[96.54764,17.2485],[96.54737,17.2485],[96.54764,17.24816],[96.5471,17.24807],[96.54692,17.24833],[96.54728,17.24833],[96.54728,17.24859],[96.54701,17.24859],[96.54665,17.24807],[96.54737,17.24781],[96.54728,17.24721],[96.54638,17.2473],[96.54629,17.24773],[96.54719,17.24747],[96.54719,17.24773],[96.54656,17.24773],[96.54647,17.24799],[96.54611,17.24781],[96.54629,17.2473],[96.54602,17.24739],[96.54593,17.24678],[96.54593,17.24799],[96.5462,17.24816],[96.54567,17.24824],[96.54629,17.24824],[96.54755,17.24936],[96.54791,17.24884],[96.54809,17.24987],[96.54854,17.2503],[96.54836,17.25065],[96.54881,17.25099],[96.54899,17.25082],[96.54863,17.25065],[96.54872,17.25039],[96.54908,17.25073],[96.54926,17.25039],[96.54944,17.25065],[96.5498,17.25039],[96.54953,17.2503],[96.54962,17.24987],[96.54917,17.24987],[96.5489,17.24987]]],[[[96.5409,17.24944],[96.54054,17.24944],[96.54054,17.2491],[96.54028,17.24927],[96.54036,17.25039],[96.54072,17.2509],[96.5418,17.25116],[96.54144,17.25099],[96.54171,17.25082],[96.54135,17.25022],[96.54144,17.24927],[96.54108,17.24919],[96.54108,17.24944],[96.5409,17.24944]]],[[[96.55312,17.25056],[96.5524,17.25013],[96.55258,17.25065],[96.55231,17.25107],[96.55294,17.25082],[96.55294,17.25125],[96.55321,17.25125],[96.55312,17.25065],[96.55312,17.25056]]],[[[96.78219,17.2515],[96.78255,17.25125],[96.78219,17.25116],[96.78219,17.25082],[96.78246,17.25082],[96.78228,17.2503],[96.78147,17.25065],[96.78147,17.2509],[96.78192,17.25065],[96.78147,17.25133],[96.78201,17.25107],[96.7821,17.2515],[96.78219,17.2515]]],[[[96.7804,17.25159],[96.78075,17.25107],[96.78102,17.25125],[96.78111,17.25022],[96.78022,17.25047],[96.78057,17.25047],[96.78022,17.25073],[96.78031,17.25159],[96.7804,17.25159]]],[[[96.58986,17.25167],[96.59031,17.25159],[96.59031,17.2509],[96.59004,17.25082],[96.59004,17.25142],[96.58977,17.25142],[96.58977,17.25056],[96.58923,17.25056],[96.5895,17.2509],[96.58932,17.2515],[96.58968,17.25133],[96.58977,17.25167],[96.58986,17.25167]]],[[[96.57046,17.25167],[96.57037,17.24987],[96.57001,17.24987],[96.57019,17.24936],[96.56992,17.24944],[96.56992,17.2485],[96.56956,17.24799],[96.5692,17.24824],[96.56956,17.24884],[96.56884,17.24893],[96.56911,17.24936],[96.56848,17.24936],[96.56848,17.24987],[96.56821,17.24979],[96.56821,17.24927],[96.56803,17.24979],[96.56687,17.24979],[96.56696,17.25004],[96.5666,17.25022],[96.5666,17.25047],[96.56857,17.25176],[96.56902,17.25082],[96.56974,17.25099],[96.56965,17.24962],[96.57037,17.25167],[96.57046,17.25167]]],[[[96.54369,17.25073],[96.54351,17.25047],[96.54378,17.25039],[96.54378,17.25073],[96.54414,17.25004],[96.54162,17.2515],[96.54279,17.25125],[96.54243,17.25176],[96.54306,17.25185],[96.5427,17.2515],[96.54306,17.25159],[96.54333,17.25099],[96.54297,17.2509],[96.54324,17.25065],[96.54369,17.25082],[96.54369,17.25073]]],[[[96.61178,17.25185],[96.61223,17.25159],[96.61376,17.25167],[96.61385,17.25116],[96.61205,17.25125],[96.61151,17.25176],[96.61187,17.25185],[96.61178,17.25185]]],[[[96.63118,17.25193],[96.63136,17.25039],[96.63065,17.2503],[96.63109,17.25193],[96.63118,17.25193]]],[[[96.57953,17.25167],[96.57908,17.25142],[96.57953,17.25073],[96.57899,17.25073],[96.5789,17.25167],[96.57854,17.2521],[96.57935,17.2521],[96.57944,17.25167],[96.57953,17.25167]]],[[[96.5515,17.25219],[96.55168,17.2503],[96.55114,17.25047],[96.55159,17.25056],[96.55159,17.25082],[96.55123,17.25073],[96.5515,17.25107],[96.55061,17.25133],[96.55079,17.25185],[96.55105,17.25176],[96.55141,17.25219],[96.5515,17.25219]]],[[[96.80941,17.25219],[96.80941,17.25159],[96.80986,17.25202],[96.81085,17.25185],[96.81076,17.2515],[96.81112,17.25133],[96.81094,17.2509],[96.81058,17.25065],[96.8104,17.2509],[96.81004,17.25065],[96.80941,17.25082],[96.80932,17.25047],[96.80923,17.25219],[96.80941,17.25219]]],[[[96.80546,17.25245],[96.80591,17.25193],[96.80519,17.25193],[96.8051,17.25142],[96.80474,17.25142],[96.80456,17.25167],[96.80501,17.25185],[96.80465,17.25228],[96.80537,17.25219],[96.80528,17.25245],[96.80546,17.25245]]],[[[96.79908,17.25125],[96.79917,17.2515],[96.79899,17.25116],[96.79773,17.2515],[96.79755,17.25176],[96.79854,17.25176],[96.79827,17.25202],[96.79755,17.25185],[96.79737,17.25236],[96.79791,17.25219],[96.79818,17.25253],[96.79854,17.25219],[96.79971,17.25219],[96.79926,17.25159],[96.79971,17.25073],[96.79953,17.24996],[96.79818,17.25013],[96.79809,17.2509],[96.79908,17.2509],[96.79908,17.25125]]],[[[96.80258,17.25236],[96.80231,17.2521],[96.80258,17.25236],[96.80285,17.25219],[96.80276,17.25159],[96.80213,17.25167],[96.80258,17.25159],[96.80267,17.25073],[96.80312,17.25073],[96.80312,17.25004],[96.80258,17.25004],[96.8024,17.25039],[96.80249,17.25004],[96.80204,17.24996],[96.80186,17.25185],[96.80213,17.25262],[96.80258,17.25253],[96.80258,17.25236]]],[[[96.78695,17.25133],[96.78695,17.25073],[96.78677,17.25107],[96.78614,17.25082],[96.78623,17.25047],[96.78659,17.25082],[96.78695,17.25022],[96.78561,17.25022],[96.78543,17.2509],[96.7857,17.25099],[96.78543,17.25107],[96.7857,17.25133],[96.78516,17.25142],[96.78543,17.25159],[96.78516,17.25236],[96.78552,17.25219],[96.78534,17.25185],[96.78579,17.25202],[96.78632,17.25176],[96.78632,17.25202],[96.78677,17.2521],[96.78668,17.2527],[96.78695,17.25236],[96.78731,17.25253],[96.78677,17.25202],[96.78713,17.25193],[96.78704,17.25133],[96.78695,17.25133]]],[[[96.58016,17.25279],[96.58025,17.2521],[96.57989,17.25228],[96.57962,17.25202],[96.57962,17.25245],[96.57935,17.25219],[96.57881,17.25245],[96.57899,17.25279],[96.57989,17.25279],[96.58016,17.25279]]],[[[96.54575,17.24833],[96.54495,17.24962],[96.54504,17.25004],[96.5454,17.24996],[96.54549,17.25039],[96.54522,17.25004],[96.54495,17.2503],[96.5454,17.25082],[96.54522,17.25133],[96.54549,17.25159],[96.54486,17.25176],[96.54486,17.25116],[96.54522,17.25082],[96.54477,17.25004],[96.5445,17.25004],[96.54477,17.25107],[96.54441,17.25133],[96.54567,17.25236],[96.54504,17.2521],[96.54486,17.25236],[96.54513,17.25262],[96.54486,17.25262],[96.54486,17.25202],[96.54432,17.25159],[96.54333,17.2521],[96.5436,17.25296],[96.5445,17.25339],[96.54629,17.25296],[96.54638,17.25193],[96.54692,17.25245],[96.54755,17.2521],[96.54782,17.25236],[96.54818,17.25193],[96.54809,17.25065],[96.54782,17.25056],[96.54791,17.25107],[96.54755,17.25107],[96.54782,17.2503],[96.54692,17.25047],[96.54728,17.25013],[96.54683,17.2497],[96.54737,17.25004],[96.54701,17.2491],[96.54656,17.2491],[96.54611,17.2485],[96.54575,17.24867],[96.54575,17.24833]]],[[[96.57827,17.25408],[96.57863,17.2533],[96.57809,17.25313],[96.57747,17.25416],[96.578,17.25399],[96.578,17.25373],[96.57827,17.25399],[96.57827,17.25408]]],[[[96.57908,17.25416],[96.57935,17.25373],[96.57971,17.25391],[96.57962,17.25348],[96.57989,17.25365],[96.57971,17.25305],[96.57917,17.25288],[96.5789,17.25296],[96.5789,17.25416],[96.57908,17.25416]]],[[[96.78704,17.25399],[96.78695,17.25365],[96.78722,17.25365],[96.78695,17.25425],[96.78749,17.25382],[96.78767,17.25408],[96.78776,17.25373],[96.7865,17.2533],[96.78543,17.25348],[96.78552,17.25382],[96.78561,17.25356],[96.78686,17.25373],[96.78668,17.25425],[96.78686,17.25399],[96.78704,17.25399]]],[[[96.57558,17.25339],[96.57818,17.25288],[96.57827,17.25236],[96.578,17.2521],[96.57747,17.25228],[96.57773,17.25193],[96.57738,17.25176],[96.578,17.25167],[96.57782,17.25116],[96.57809,17.25056],[96.57684,17.25047],[96.57702,17.25004],[96.57809,17.25039],[96.57827,17.25004],[96.57738,17.25013],[96.57738,17.24987],[96.57845,17.24979],[96.57818,17.24713],[96.57773,17.24696],[96.57773,17.24584],[96.578,17.2455],[96.57756,17.24524],[96.57747,17.24464],[96.57675,17.2449],[96.57711,17.2443],[96.57693,17.24378],[96.5772,17.24387],[96.57711,17.24421],[96.57756,17.24395],[96.57729,17.24395],[96.57738,17.24352],[96.57648,17.24335],[96.57612,17.24352],[96.57639,17.24421],[96.57585,17.2437],[96.57603,17.24438],[96.57576,17.24421],[96.57576,17.24455],[96.57549,17.2443],[96.57495,17.24455],[96.57495,17.24507],[96.57477,17.24473],[96.5745,17.24473],[96.5745,17.24515],[96.57405,17.24498],[96.57432,17.24524],[96.57405,17.2455],[96.57423,17.24584],[96.57378,17.24567],[96.57387,17.24533],[96.57351,17.2455],[96.57315,17.24524],[96.57324,17.24567],[96.57279,17.24636],[96.57297,17.24739],[96.57252,17.24704],[96.5727,17.24653],[96.57243,17.24593],[96.57154,17.24618],[96.57199,17.2479],[96.57181,17.24816],[96.57208,17.24824],[96.57217,17.24919],[96.57261,17.24927],[96.5719,17.2497],[96.5719,17.24927],[96.57064,17.24962],[96.57082,17.25116],[96.57019,17.25253],[96.57091,17.25253],[96.571,17.2521],[96.571,17.25253],[96.57172,17.25245],[96.5719,17.25279],[96.57163,17.25286],[96.57213,17.25286],[96.57235,17.25228],[96.57208,17.25202],[96.57243,17.25219],[96.57261,17.25193],[96.57235,17.25073],[96.5719,17.2503],[96.57208,17.2497],[96.5736,17.24936],[96.57351,17.24979],[96.57243,17.24987],[96.57261,17.25116],[96.57315,17.25116],[96.57261,17.25133],[96.57306,17.25313],[96.57369,17.25288],[96.57369,17.25339],[96.57342,17.25313],[96.57333,17.25356],[96.57396,17.25356],[96.57369,17.25399],[96.57468,17.25399],[96.57486,17.25451],[96.57594,17.25399],[96.57585,17.25356],[96.57558,17.25356],[96.57558,17.25339]],[[96.57648,17.25296],[96.57657,17.25065],[96.57666,17.25125],[96.57693,17.25099],[96.57773,17.25125],[96.57684,17.25167],[96.57729,17.25167],[96.57729,17.25193],[96.57684,17.25193],[96.57675,17.25253],[96.57747,17.25245],[96.57675,17.25296],[96.57648,17.25296]]],[[[96.67889,17.25459],[96.67862,17.25476],[96.67889,17.25459],[96.67862,17.25433],[96.67826,17.25511],[96.67933,17.25502],[96.67933,17.25442],[96.67898,17.25459],[96.67889,17.25459]]],[[[96.59615,17.25391],[96.59561,17.25399],[96.59561,17.25519],[96.59624,17.25511],[96.59615,17.25476],[96.59579,17.25485],[96.59588,17.25442],[96.59624,17.25468],[96.59669,17.25442],[96.59588,17.25339],[96.59579,17.25373],[96.59615,17.25382],[96.59615,17.25391]]],[[[96.58384,17.25596],[96.58483,17.25562],[96.58474,17.25536],[96.58411,17.25562],[96.58411,17.25511],[96.58465,17.25511],[96.5842,17.25502],[96.58465,17.25476],[96.58456,17.25442],[96.58402,17.25442],[96.58393,17.25528],[96.58339,17.25536],[96.58375,17.25596],[96.58384,17.25596]]],[[[96.59705,17.25605],[96.59741,17.25562],[96.59687,17.25502],[96.59723,17.25433],[96.59642,17.25502],[96.59633,17.25588],[96.59696,17.25605],[96.59705,17.25605]]],[[[96.56273,17.25236],[96.56327,17.25116],[96.56201,17.25142],[96.56219,17.2509],[96.56192,17.25107],[96.56112,17.25073],[96.56148,17.25082],[96.56112,17.25125],[96.56148,17.25133],[96.56112,17.25219],[96.56094,17.25133],[96.5604,17.25159],[96.5604,17.2509],[96.55968,17.25116],[96.55923,17.2509],[96.55923,17.25193],[96.55959,17.25236],[96.55923,17.25288],[96.55959,17.25296],[96.55905,17.25313],[96.55905,17.25279],[96.55851,17.25253],[96.55878,17.25228],[96.55824,17.25236],[96.55815,17.25176],[96.55779,17.25193],[96.55761,17.25116],[96.55725,17.25099],[96.5577,17.25065],[96.55761,17.24721],[96.55716,17.2473],[96.55671,17.24696],[96.55644,17.24747],[96.55582,17.24764],[96.55591,17.24799],[96.5551,17.24807],[96.55519,17.24773],[96.55555,17.2479],[96.55528,17.24747],[96.55555,17.2467],[96.55582,17.24687],[96.556,17.24661],[96.55609,17.24704],[96.55662,17.24704],[96.55636,17.24576],[96.5568,17.24627],[96.5568,17.24567],[96.55725,17.24558],[96.55734,17.24618],[96.55815,17.24601],[96.55824,17.24541],[96.55896,17.2455],[96.55896,17.24704],[96.56237,17.24713],[96.56219,17.24661],[96.56327,17.2461],[96.56255,17.24601],[96.56246,17.24524],[96.56192,17.24498],[96.56273,17.2449],[96.56264,17.24464],[96.5621,17.24473],[96.56219,17.24438],[96.56309,17.24438],[96.56291,17.24395],[96.56282,17.2443],[96.5613,17.24438],[96.56148,17.24352],[96.56112,17.2431],[96.56085,17.2431],[96.56094,17.24344],[96.56049,17.24318],[96.55995,17.2437],[96.56031,17.24498],[96.55932,17.24447],[96.55806,17.24473],[96.5577,17.2443],[96.55725,17.24447],[96.55689,17.24413],[96.55636,17.2449],[96.55636,17.2455],[96.55618,17.24473],[96.5551,17.24576],[96.55483,17.24524],[96.55465,17.24558],[96.55393,17.24576],[96.55384,17.24653],[96.55447,17.24653],[96.55447,17.24678],[96.55474,17.24653],[96.55492,17.24687],[96.5542,17.24678],[96.55375,17.24739],[96.5542,17.24781],[96.55456,17.24713],[96.55501,17.24721],[96.55465,17.24747],[96.55492,17.24799],[96.55384,17.2479],[96.55357,17.24816],[96.55375,17.24773],[96.55339,17.24773],[96.5533,17.24833],[96.55411,17.24867],[96.55393,17.24919],[96.55303,17.24927],[96.55285,17.24893],[96.55177,17.24902],[96.55195,17.24867],[96.55132,17.24867],[96.55159,17.2491],[96.55141,17.24979],[96.55177,17.24979],[96.55168,17.2491],[96.55195,17.2491],[96.55186,17.25004],[96.55303,17.24996],[96.55312,17.25056],[96.55339,17.25013],[96.5533,17.24936],[96.5542,17.24936],[96.55411,17.25013],[96.55384,17.25022],[96.55411,17.25125],[96.55501,17.2509],[96.55546,17.2503],[96.55618,17.2503],[96.5568,17.25082],[96.55707,17.25065],[96.55707,17.25099],[96.55573,17.25073],[96.55546,17.25133],[96.55627,17.25193],[96.55698,17.25185],[96.5568,17.25219],[96.55725,17.25253],[96.55752,17.25202],[96.55752,17.25262],[96.55851,17.25322],[96.55797,17.25433],[96.55806,17.25459],[96.55851,17.25442],[96.5586,17.25476],[96.55815,17.25493],[96.55932,17.25459],[96.55851,17.25408],[96.55842,17.25348],[96.55941,17.25339],[96.55932,17.25382],[96.55905,17.25356],[96.55896,17.25391],[96.55941,17.25399],[96.5595,17.25459],[96.56085,17.25614],[96.56157,17.25493],[96.56103,17.25433],[96.5613,17.25391],[96.56103,17.25339],[96.56237,17.25339],[96.56273,17.25253],[96.56273,17.25236]]],[[[96.62831,17.25502],[96.62804,17.25528],[96.62786,17.25511],[96.62831,17.25485],[96.62768,17.25485],[96.62732,17.25536],[96.6275,17.25579],[96.62795,17.25588],[96.62741,17.25596],[96.62741,17.25639],[96.62804,17.25622],[96.62813,17.25579],[96.6284,17.25596],[96.62876,17.25536],[96.6284,17.25502],[96.62831,17.25502]]],[[[96.62445,17.25545],[96.62481,17.25588],[96.62562,17.25588],[96.62562,17.25631],[96.62606,17.25648],[96.62606,17.25476],[96.62562,17.25511],[96.62472,17.25511],[96.62454,17.25545],[96.62445,17.25545]]],[[[96.58914,17.25656],[96.5895,17.25588],[96.59031,17.25536],[96.58995,17.25536],[96.58995,17.25493],[96.58941,17.25442],[96.58896,17.25459],[96.58914,17.25493],[96.58869,17.25571],[96.58905,17.25656],[96.58914,17.25656]]],[[[96.58384,17.25596],[96.58321,17.25588],[96.58304,17.25639],[96.5842,17.25665],[96.58429,17.25605],[96.58393,17.25596],[96.58384,17.25596]]],[[[96.57836,17.25596],[96.57809,17.25588],[96.57872,17.25588],[96.57845,17.25511],[96.57818,17.25511],[96.57845,17.25433],[96.57827,17.25408],[96.57765,17.25416],[96.57747,17.25459],[96.57702,17.25416],[96.57729,17.25382],[96.57693,17.25391],[96.57684,17.25485],[96.57729,17.25554],[96.57729,17.25502],[96.57773,17.25502],[96.57747,17.25579],[96.57782,17.25588],[96.57791,17.25682],[96.57836,17.25631],[96.57836,17.25596]]],[[[96.55438,17.25459],[96.55447,17.25408],[96.5542,17.25399],[96.55447,17.25365],[96.55411,17.25373],[96.5542,17.2533],[96.55447,17.25348],[96.55438,17.25305],[96.55537,17.25288],[96.55555,17.25253],[96.55582,17.25288],[96.55627,17.25262],[96.55573,17.25219],[96.55591,17.25185],[96.55519,17.25176],[96.55528,17.25262],[96.55501,17.25253],[96.55465,17.25296],[96.5542,17.2527],[96.55429,17.25236],[96.55456,17.25236],[96.55447,17.2527],[96.55483,17.25262],[96.55501,17.25142],[96.55528,17.2515],[96.55537,17.25116],[96.55447,17.25133],[96.55492,17.2515],[96.55492,17.25185],[96.55447,17.25176],[96.55429,17.25228],[96.55366,17.25219],[96.55348,17.2527],[96.55375,17.25262],[96.55393,17.25296],[96.55339,17.2527],[96.55339,17.25313],[96.5524,17.25313],[96.55267,17.25253],[96.55204,17.25279],[96.55222,17.25245],[96.55177,17.25245],[96.55177,17.25305],[96.55222,17.25296],[96.55186,17.2533],[96.55231,17.25322],[96.5524,17.25348],[96.55213,17.25365],[96.5515,17.2533],[96.5515,17.25382],[96.55213,17.25373],[96.55222,17.25408],[96.55177,17.25416],[96.5515,17.25382],[96.55123,17.25408],[96.55186,17.25511],[96.55213,17.25468],[96.55186,17.25433],[96.55222,17.25416],[96.5524,17.25459],[96.55267,17.25433],[96.5533,17.25459],[96.55312,17.25391],[96.55384,17.25416],[96.55402,17.25382],[96.5542,17.25416],[96.55384,17.25459],[96.55429,17.25485],[96.5542,17.25545],[96.5533,17.25545],[96.55294,17.25605],[96.55267,17.25571],[96.55249,17.25614],[96.55321,17.25622],[96.55249,17.25639],[96.55258,17.25682],[96.55339,17.25691],[96.55339,17.25614],[96.55393,17.25648],[96.55366,17.25605],[96.55393,17.25571],[96.55438,17.25579],[96.55456,17.25502],[96.55474,17.25579],[96.55573,17.25545],[96.55564,17.25502],[96.556,17.25459],[96.55438,17.25493],[96.55438,17.25459]]],[[[96.59552,17.25656],[96.59588,17.25665],[96.59606,17.25614],[96.59552,17.25605],[96.59516,17.25699],[96.59615,17.25751],[96.59624,17.25699],[96.59588,17.25717],[96.59552,17.25665],[96.59552,17.25656]]],[[[96.63244,17.25751],[96.63289,17.25751],[96.63289,17.25725],[96.63316,17.25742],[96.63307,17.25708],[96.63262,17.25699],[96.63253,17.25622],[96.63343,17.25708],[96.63397,17.25691],[96.63388,17.25648],[96.63334,17.25674],[96.63334,17.25571],[96.63271,17.25596],[96.63271,17.25536],[96.63208,17.25579],[96.63235,17.25588],[96.63235,17.25656],[96.63172,17.25665],[96.63172,17.25699],[96.63199,17.25699],[96.63181,17.25725],[96.63217,17.25734],[96.63199,17.25759],[96.63253,17.25751],[96.63244,17.25751]]],[[[96.55887,17.25785],[96.55914,17.25648],[96.5604,17.25665],[96.56022,17.25596],[96.55896,17.25614],[96.55887,17.25708],[96.55851,17.25699],[96.55806,17.25768],[96.55833,17.25794],[96.55896,17.25785],[96.55887,17.25785]]],[[[96.62184,17.25734],[96.62202,17.25768],[96.62175,17.25725],[96.62139,17.25742],[96.62166,17.25811],[96.6222,17.25785],[96.6222,17.25717],[96.62283,17.25768],[96.62247,17.25682],[96.62202,17.25699],[96.62148,17.25665],[96.62184,17.25725],[96.62184,17.25734]]],[[[96.68284,17.25811],[96.68338,17.25759],[96.68302,17.25725],[96.6832,17.25691],[96.68239,17.25751],[96.68275,17.25811],[96.68284,17.25811]]],[[[96.57836,17.25828],[96.57845,17.25794],[96.57926,17.25811],[96.57944,17.25751],[96.57899,17.25742],[96.57908,17.25768],[96.57854,17.25785],[96.57863,17.25734],[96.57791,17.25725],[96.57782,17.25751],[96.57827,17.25759],[96.57827,17.25828],[96.57836,17.25828]]],[[[96.57414,17.25751],[96.57423,17.25691],[96.57423,17.25785],[96.5745,17.25751],[96.57468,17.25785],[96.57495,17.25777],[96.57468,17.25682],[96.57522,17.25734],[96.57576,17.25708],[96.5754,17.25579],[96.57486,17.25605],[96.57495,17.25648],[96.57441,17.25639],[96.57441,17.25665],[96.57468,17.25656],[96.5745,17.25699],[96.57432,17.25665],[96.5736,17.25682],[96.57414,17.25717],[96.57333,17.25734],[96.5736,17.25768],[96.57306,17.25777],[96.57306,17.25828],[96.57423,17.25828],[96.57387,17.25802],[96.57396,17.25751],[96.57414,17.25751]]],[[[96.6867,17.25794],[96.68688,17.25811],[96.68661,17.25794],[96.68688,17.25751],[96.68652,17.25708],[96.68616,17.25742],[96.68625,17.25837],[96.68697,17.25819],[96.68697,17.25785],[96.6867,17.25785],[96.6867,17.25794]]],[[[96.783,17.25837],[96.78273,17.25802],[96.78291,17.25734],[96.78363,17.25751],[96.78327,17.25665],[96.78309,17.25725],[96.78246,17.25742],[96.78273,17.25768],[96.78237,17.25828],[96.78291,17.25837],[96.783,17.25837]]],[[[96.68769,17.25845],[96.6885,17.25785],[96.68796,17.25734],[96.68733,17.25777],[96.68706,17.25734],[96.68742,17.25845],[96.68769,17.25845]]],[[[96.55438,17.25768],[96.5542,17.25725],[96.55384,17.25768],[96.5533,17.25759],[96.55357,17.25811],[96.55411,17.25768],[96.55492,17.25854],[96.55447,17.25768],[96.55438,17.25768]]],[[[96.60343,17.25854],[96.60424,17.25785],[96.60379,17.25759],[96.60343,17.25802],[96.6028,17.25794],[96.60334,17.25854],[96.60343,17.25854]]],[[[96.68931,17.25854],[96.68975,17.25819],[96.6894,17.25785],[96.69002,17.25777],[96.68975,17.25725],[96.68931,17.25742],[96.68931,17.25777],[96.68859,17.25794],[96.68895,17.25854],[96.68931,17.25811],[96.68922,17.25854],[96.68931,17.25854]]],[[[96.56543,17.25837],[96.56507,17.25837],[96.56507,17.25777],[96.56579,17.25777],[96.5657,17.25811],[96.56597,17.25768],[96.56624,17.25794],[96.56651,17.25682],[96.56893,17.25725],[96.56848,17.25596],[96.56785,17.25588],[96.56812,17.25545],[96.56776,17.25502],[96.56773,17.25565],[96.56674,17.2552],[96.56476,17.25493],[96.56408,17.25528],[96.56372,17.25493],[96.56345,17.25528],[96.56345,17.25571],[96.56426,17.25571],[96.56381,17.25622],[96.56642,17.25674],[96.56633,17.25708],[96.56561,17.25717],[96.56561,17.25751],[96.5648,17.25759],[96.56462,17.25871],[96.56543,17.25845],[96.56543,17.25837]]],[[[96.6231,17.25742],[96.62328,17.25699],[96.62256,17.25648],[96.62265,17.25605],[96.62382,17.25554],[96.624,17.25571],[96.62418,17.25528],[96.62445,17.25545],[96.62463,17.25451],[96.62418,17.25391],[96.62382,17.25408],[96.62301,17.25356],[96.62292,17.25262],[96.62229,17.25202],[96.6222,17.25236],[96.62175,17.25236],[96.62184,17.25185],[96.62067,17.25167],[96.62067,17.25116],[96.6213,17.25107],[96.6213,17.25073],[96.62085,17.25056],[96.62103,17.24987],[96.62094,17.24962],[96.62067,17.24979],[96.62076,17.24953],[96.61996,17.24962],[96.62005,17.25013],[96.6196,17.24996],[96.61978,17.25013],[96.61933,17.2503],[96.61933,17.25065],[96.62076,17.25056],[96.62032,17.25159],[96.62085,17.25245],[96.62049,17.25288],[96.61897,17.25288],[96.61852,17.25339],[96.61816,17.2533],[96.61798,17.25373],[96.61735,17.25356],[96.61681,17.25459],[96.61807,17.25433],[96.61807,17.25511],[96.6187,17.25562],[96.61816,17.25545],[96.61762,17.25614],[96.61681,17.25605],[96.61681,17.25579],[96.61726,17.25571],[96.6178,17.25588],[96.61789,17.25459],[96.61753,17.25468],[96.61717,17.25493],[96.61735,17.25519],[96.61627,17.25528],[96.616,17.25674],[96.61681,17.25759],[96.61861,17.25708],[96.61816,17.25734],[96.6187,17.25802],[96.61852,17.2588],[96.62103,17.25854],[96.62085,17.25802],[96.6213,17.25725],[96.6213,17.25631],[96.62193,17.25605],[96.62121,17.25579],[96.62076,17.25614],[96.62121,17.25622],[96.62121,17.25648],[96.61978,17.25648],[96.61978,17.25708],[96.62023,17.25708],[96.61987,17.25725],[96.61978,17.25785],[96.61951,17.25768],[96.61951,17.25605],[96.62014,17.25631],[96.62067,17.25588],[96.62032,17.25554],[96.62014,17.25596],[96.61978,17.25588],[96.61978,17.25519],[96.62121,17.25519],[96.6213,17.25554],[96.62148,17.25528],[96.62184,17.25545],[96.6222,17.25656],[96.62301,17.25699],[96.62301,17.25742],[96.6231,17.25742]],[[96.62032,17.25459],[96.61996,17.25416],[96.61996,17.25451],[96.61942,17.25451],[96.61942,17.25322],[96.61996,17.25322],[96.62014,17.25373],[96.62076,17.25408],[96.62067,17.25451],[96.62023,17.25459],[96.62032,17.25459]]],[[[96.58762,17.25794],[96.58771,17.25828],[96.58744,17.25828],[96.58762,17.25785],[96.58735,17.25777],[96.58699,17.25871],[96.58753,17.25871],[96.58762,17.25837],[96.58771,17.25888],[96.58789,17.25837],[96.5886,17.25862],[96.5886,17.25828],[96.5878,17.25794],[96.58762,17.25794]]],[[[96.58304,17.25639],[96.58268,17.25614],[96.58321,17.25579],[96.5833,17.25528],[96.58295,17.25528],[96.58321,17.25476],[96.58268,17.25433],[96.58268,17.25485],[96.58241,17.25459],[96.58214,17.25485],[96.58223,17.25425],[96.58187,17.25476],[96.58196,17.25391],[96.58241,17.25408],[96.58268,17.25382],[96.58286,17.25416],[96.58447,17.25433],[96.58474,17.25399],[96.5851,17.25416],[96.58492,17.25356],[96.58456,17.25399],[96.58375,17.25391],[96.5842,17.25365],[96.58393,17.25348],[96.58411,17.2533],[96.5851,17.25339],[96.5851,17.2521],[96.58465,17.25228],[96.58456,17.25202],[96.58528,17.25185],[96.58519,17.25116],[96.58295,17.2509],[96.58214,17.25125],[96.58205,17.25159],[96.58241,17.2515],[96.5825,17.25176],[96.58124,17.25193],[96.58124,17.25082],[96.57962,17.25073],[96.57962,17.25193],[96.58043,17.2521],[96.58079,17.25185],[96.58079,17.25228],[96.58115,17.2521],[96.58088,17.25245],[96.58034,17.25228],[96.58016,17.25279],[96.58052,17.25365],[96.58025,17.25459],[96.58061,17.25476],[96.5807,17.25545],[96.58052,17.25571],[96.58025,17.25545],[96.58043,17.25502],[96.58016,17.25502],[96.58007,17.25571],[96.58043,17.25571],[96.58043,17.25614],[96.5807,17.25605],[96.58052,17.25588],[96.58142,17.25596],[96.58088,17.25545],[96.58142,17.25545],[96.58151,17.25571],[96.5816,17.25511],[96.58205,17.25485],[96.58178,17.25571],[96.58223,17.25614],[96.5816,17.25622],[96.58187,17.25648],[96.58268,17.25639],[96.58286,17.25708],[96.58268,17.25725],[96.58241,17.25691],[96.5825,17.25734],[96.58187,17.25759],[96.58223,17.25759],[96.58223,17.25794],[96.58124,17.25785],[96.58106,17.25828],[96.58106,17.25742],[96.58187,17.25699],[96.58214,17.25725],[96.58214,17.25665],[96.5816,17.25656],[96.58142,17.25691],[96.58061,17.25639],[96.58016,17.25648],[96.57989,17.25717],[96.58025,17.25717],[96.58061,17.25794],[96.58088,17.25785],[96.58079,17.25871],[96.58205,17.25897],[96.58286,17.2588],[96.58295,17.25794],[96.58232,17.25794],[96.58232,17.25768],[96.58259,17.25734],[96.58304,17.25742],[96.58304,17.25648],[96.58304,17.25639]]],[[[96.62535,17.25811],[96.62588,17.25862],[96.62579,17.25888],[96.62633,17.25888],[96.62606,17.25819],[96.62571,17.25837],[96.62606,17.25768],[96.62535,17.25768],[96.62535,17.25811]]],[[[96.72632,17.25828],[96.72587,17.25862],[96.72614,17.25897],[96.72712,17.2588],[96.72721,17.25854],[96.72686,17.25845],[96.72668,17.2588],[96.72641,17.25828],[96.72632,17.25828]]],[[[96.67592,17.25931],[96.67673,17.25897],[96.67673,17.25845],[96.67628,17.25862],[96.67637,17.25905],[96.67601,17.25905],[96.6761,17.2588],[96.67529,17.25905],[96.67529,17.25931],[96.67592,17.2594],[96.67592,17.25931]]],[[[96.62535,17.25811],[96.62517,17.25777],[96.62454,17.25785],[96.62463,17.25751],[96.62409,17.25734],[96.62562,17.25751],[96.62579,17.25717],[96.62553,17.25631],[96.62472,17.25614],[96.62427,17.25648],[96.62427,17.25614],[96.62373,17.25596],[96.62301,17.25631],[96.62355,17.25691],[96.62346,17.25742],[96.6231,17.25751],[96.62328,17.25777],[96.62337,17.25751],[96.62427,17.25759],[96.62427,17.25828],[96.624,17.25837],[96.62481,17.25837],[96.62454,17.25914],[96.62526,17.25914],[96.62526,17.25957],[96.62579,17.25922],[96.62535,17.25828],[96.62535,17.25811]]],[[[96.69155,17.25914],[96.69218,17.25897],[96.692,17.25931],[96.69146,17.25922],[96.69182,17.25965],[96.69236,17.2594],[96.69227,17.25914],[96.69299,17.25905],[96.6929,17.25862],[96.69326,17.25862],[96.6929,17.25837],[96.69218,17.25888],[96.69218,17.25854],[96.69191,17.25871],[96.692,17.25845],[96.69173,17.25845],[96.69173,17.25794],[96.69155,17.25837],[96.69101,17.25837],[96.69065,17.25785],[96.69056,17.25854],[96.69092,17.25854],[96.69092,17.25905],[96.69137,17.25905],[96.69137,17.25871],[96.69146,17.25914],[96.69155,17.25914]]],[[[96.56507,17.25922],[96.56444,17.25897],[96.56476,17.25915],[96.56467,17.25942],[96.56273,17.2594],[96.56516,17.25974],[96.56516,17.25922],[96.56507,17.25922]]],[[[96.56579,17.25811],[96.56543,17.25828],[96.56552,17.25862],[96.56606,17.25871],[96.56561,17.2588],[96.56543,17.25931],[96.56588,17.25957],[96.56606,17.25905],[96.56642,17.25914],[96.56669,17.25974],[96.56669,17.25905],[96.56696,17.25888],[96.56588,17.25811],[96.56579,17.25811]]],[[[96.62328,17.25974],[96.62328,17.25948],[96.62382,17.25948],[96.62337,17.25837],[96.62283,17.25828],[96.62319,17.25974],[96.62328,17.25974]]],[[[96.70601,17.25931],[96.70628,17.25922],[96.70637,17.25957],[96.70646,17.25897],[96.70575,17.25897],[96.70575,17.25871],[96.70637,17.25862],[96.70583,17.25828],[96.70557,17.25922],[96.70512,17.25922],[96.70539,17.25974],[96.70601,17.25965],[96.70601,17.2594],[96.70601,17.25931]]],[[[96.55088,17.26008],[96.55132,17.25982],[96.55249,17.25991],[96.55267,17.25965],[96.55195,17.25965],[96.5515,17.25931],[96.5507,17.26008],[96.55088,17.26008]]],[[[96.5692,17.2606],[96.56893,17.25751],[96.56713,17.25708],[96.56704,17.25982],[96.56749,17.26025],[96.56893,17.2606],[96.5692,17.2606]]],[[[96.55986,17.25948],[96.55905,17.25965],[96.55896,17.26025],[96.55959,17.26025],[96.5595,17.26068],[96.55977,17.26008],[96.55941,17.25965],[96.55995,17.25991],[96.56004,17.25948],[96.55986,17.25948]]],[[[96.60855,17.26077],[96.60864,17.26034],[96.60801,17.25957],[96.60774,17.26043],[96.60846,17.26077],[96.60855,17.26077]]],[[[96.60954,17.26077],[96.60989,17.26051],[96.60998,17.25854],[96.60945,17.25837],[96.609,17.25871],[96.60887,17.25825],[96.6086,17.25924],[96.60815,17.25906],[96.60828,17.25862],[96.60801,17.25905],[96.60828,17.2594],[96.60882,17.2594],[96.60882,17.25897],[96.60918,17.25888],[96.60918,17.26],[96.60954,17.26],[96.60936,17.26077],[96.60954,17.26077]]],[[[96.71015,17.25965],[96.70988,17.26008],[96.71015,17.25965],[96.70952,17.25948],[96.70925,17.26085],[96.70988,17.26034],[96.70997,17.26068],[96.7097,17.26077],[96.71006,17.26094],[96.71006,17.2606],[96.71051,17.26094],[96.71087,17.2606],[96.7106,17.25957],[96.71015,17.25948],[96.71015,17.25965]]],[[[96.57136,17.26111],[96.57172,17.26068],[96.57181,17.25922],[96.57217,17.25914],[96.5719,17.25897],[96.57199,17.25837],[96.57235,17.25802],[96.57235,17.25742],[96.57181,17.25708],[96.57145,17.25768],[96.57136,17.25725],[96.57109,17.25725],[96.57109,17.25777],[96.5701,17.25785],[96.56965,17.25828],[96.56938,17.25811],[96.56992,17.25922],[96.56947,17.26017],[96.57001,17.26008],[96.57001,17.25982],[96.57019,17.26008],[96.57019,17.26034],[96.56956,17.26051],[96.56956,17.26094],[96.57109,17.26111],[96.57127,17.26085],[96.57118,17.26111],[96.57136,17.26111]]],[[[96.61852,17.25982],[96.61825,17.26],[96.61852,17.25965],[96.6178,17.25957],[96.6178,17.25931],[96.61744,17.25948],[96.61771,17.25982],[96.61735,17.25974],[96.61888,17.26077],[96.61861,17.26111],[96.61915,17.26103],[96.61933,17.26068],[96.61996,17.26085],[96.62005,17.25991],[96.61942,17.26034],[96.61924,17.26008],[96.61861,17.26017],[96.61861,17.25982],[96.61852,17.25982]]],[[[96.71787,17.26111],[96.71841,17.26077],[96.71877,17.26103],[96.71877,17.25991],[96.71841,17.26008],[96.71841,17.2606],[96.7176,17.26051],[96.71778,17.26111],[96.71787,17.26111]]],[[[96.6788,17.2612],[96.67978,17.2606],[96.6796,17.26],[96.67933,17.26],[96.67915,17.26051],[96.67862,17.26017],[96.67826,17.26043],[96.67826,17.26068],[96.67853,17.26043],[96.67889,17.2606],[96.67862,17.26068],[96.67871,17.2612],[96.6788,17.2612]]],[[[96.59669,17.26154],[96.59714,17.26137],[96.59732,17.26085],[96.59687,17.26051],[96.59642,17.26111],[96.5966,17.26154],[96.59669,17.26154]]],[[[96.60783,17.26163],[96.60801,17.2612],[96.60819,17.26145],[96.60873,17.26128],[96.60765,17.26077],[96.60747,17.26103],[96.60774,17.26163],[96.60783,17.26163]]],[[[96.58959,17.2618],[96.58977,17.26051],[96.58968,17.25991],[96.5895,17.26008],[96.58932,17.25982],[96.58968,17.25957],[96.58968,17.25888],[96.58896,17.25862],[96.58771,17.26094],[96.58968,17.2618],[96.58959,17.2618]]],[[[96.59831,17.26163],[96.59849,17.26137],[96.59876,17.26163],[96.59885,17.26085],[96.5975,17.26068],[96.59741,17.26163],[96.59822,17.26188],[96.5984,17.26163],[96.59831,17.26163]]],[[[96.68706,17.26188],[96.68778,17.2612],[96.68814,17.26145],[96.68814,17.26111],[96.68859,17.26103],[96.68751,17.26077],[96.68724,17.26145],[96.68679,17.26145],[96.68697,17.26188],[96.68706,17.26188]]],[[[96.72704,17.2618],[96.72766,17.26171],[96.72766,17.26094],[96.72695,17.26051],[96.72721,17.26077],[96.72686,17.26163],[96.72704,17.26188],[96.72704,17.2618]]],[[[96.67871,17.26248],[96.67924,17.26171],[96.67996,17.26171],[96.6796,17.26111],[96.67826,17.26197],[96.67853,17.26248],[96.67871,17.26248]]],[[[96.69236,17.26077],[96.69263,17.26085],[96.69182,17.26077],[96.69146,17.26103],[96.69146,17.26137],[96.69083,17.26188],[96.69119,17.26188],[96.69164,17.26248],[96.69218,17.26248],[96.69236,17.2618],[96.69281,17.26197],[96.69245,17.26145],[96.69272,17.26094],[96.69326,17.26103],[96.69317,17.26043],[96.6929,17.26025],[96.69236,17.2606],[96.69236,17.26077]]],[[[96.5657,17.2624],[96.56534,17.26223],[96.5657,17.26214],[96.56588,17.26257],[96.56642,17.26266],[96.56642,17.26154],[96.56606,17.26188],[96.56624,17.26094],[96.56588,17.26111],[96.56579,17.2618],[96.5639,17.26188],[96.56435,17.26223],[96.56471,17.26206],[96.56498,17.26274],[96.5657,17.26257],[96.5657,17.2624]]],[[[96.72021,17.25965],[96.72048,17.25965],[96.72039,17.26],[96.71994,17.26],[96.71985,17.25974],[96.7203,17.25974],[96.71985,17.25948],[96.71949,17.25982],[96.71949,17.26017],[96.72057,17.26017],[96.72012,17.26025],[96.72012,17.26051],[96.72075,17.26051],[96.71976,17.26111],[96.71994,17.26128],[96.72021,17.26103],[96.71976,17.26154],[96.72012,17.26171],[96.71985,17.26206],[96.72021,17.26206],[96.72048,17.26163],[96.72039,17.26214],[96.72075,17.26206],[96.7212,17.26274],[96.72111,17.26188],[96.72084,17.26188],[96.72102,17.26145],[96.72066,17.26111],[96.72093,17.26077],[96.72057,17.26008],[96.72066,17.25957],[96.72021,17.25957],[96.72021,17.25965]]],[[[96.73198,17.26223],[96.73153,17.26223],[96.73198,17.26223],[96.73162,17.26171],[96.73198,17.26137],[96.7318,17.2612],[96.73126,17.26171],[96.73144,17.26197],[96.73117,17.26197],[96.73135,17.26274],[96.73207,17.26223],[96.73198,17.26223]]],[[[96.59274,17.26283],[96.59319,17.26188],[96.59265,17.2618],[96.59283,17.26128],[96.59238,17.26128],[96.59229,17.26171],[96.59292,17.26188],[96.59292,17.26214],[96.59211,17.26197],[96.59238,17.26231],[96.59283,17.26223],[96.59256,17.26283],[96.59274,17.26283]]],[[[96.70673,17.26257],[96.70727,17.26257],[96.70718,17.26231],[96.70781,17.26257],[96.70925,17.26206],[96.70961,17.26223],[96.70952,17.26163],[96.70988,17.26163],[96.71015,17.26214],[96.71015,17.2618],[96.71096,17.26197],[96.71078,17.26137],[96.71113,17.26103],[96.71042,17.2612],[96.71024,17.26171],[96.71033,17.2612],[96.70853,17.26163],[96.70871,17.26188],[96.70808,17.26214],[96.70781,17.26197],[96.70844,17.26163],[96.70709,17.26171],[96.70763,17.26214],[96.70673,17.26188],[96.70664,17.26231],[96.70583,17.26214],[96.70548,17.26248],[96.70548,17.26223],[96.70485,17.26206],[96.70512,17.26248],[96.70449,17.26266],[96.70404,17.2624],[96.7044,17.26283],[96.70646,17.26257],[96.70673,17.26257]]],[[[96.61762,17.26308],[96.61762,17.26197],[96.61807,17.26197],[96.61789,17.2624],[96.61816,17.2624],[96.61834,17.2618],[96.61663,17.26163],[96.61672,17.26291],[96.61744,17.26308],[96.61762,17.26308]]],[[[96.72955,17.263],[96.72964,17.2624],[96.72982,17.26283],[96.72982,17.2624],[96.73009,17.26257],[96.73054,17.26231],[96.73081,17.26188],[96.73063,17.26163],[96.73144,17.26145],[96.73135,17.26103],[96.73081,17.26145],[96.73072,17.26077],[96.73036,17.26068],[96.73054,17.26154],[96.73018,17.26077],[96.72982,17.26094],[96.72928,17.26043],[96.72928,17.26085],[96.72883,17.26068],[96.72865,17.2612],[96.72892,17.26171],[96.72847,17.26223],[96.72892,17.26231],[96.72883,17.26308],[96.72946,17.263],[96.72955,17.263]]],[[[96.69955,17.26248],[96.69901,17.2624],[96.69955,17.26266],[96.69964,17.26343],[96.70009,17.26343],[96.70009,17.26206],[96.69973,17.26206],[96.69928,17.26145],[96.69946,17.26103],[96.6982,17.26111],[96.69847,17.26137],[96.69811,17.26223],[96.69856,17.26206],[96.69865,17.26154],[96.69865,17.26214],[96.69919,17.26206],[96.69955,17.2624],[96.69955,17.26248]]],[[[96.72398,17.26351],[96.72443,17.26326],[96.72425,17.26266],[96.72461,17.26248],[96.72389,17.26266],[96.72371,17.2624],[96.72353,17.26266],[96.72389,17.26317],[96.72353,17.2636],[96.72389,17.26351],[96.72398,17.26351]]],[[[96.59355,17.26308],[96.5939,17.26343],[96.59346,17.26308],[96.5931,17.2636],[96.59399,17.26377],[96.59408,17.26308],[96.59453,17.26274],[96.59426,17.26248],[96.59462,17.26257],[96.59471,17.26223],[96.59399,17.26214],[96.59408,17.26283],[96.59355,17.263],[96.59355,17.26308]]],[[[96.55689,17.26343],[96.55716,17.26386],[96.55788,17.2636],[96.55797,17.26283],[96.55752,17.26291],[96.55752,17.26343],[96.55725,17.26343],[96.55725,17.26308],[96.55644,17.263],[96.55662,17.26394],[96.5568,17.26343],[96.55689,17.26343]]],[[[96.56588,17.26257],[96.56579,17.26291],[96.56543,17.26291],[96.56543,17.26343],[96.5657,17.26326],[96.56552,17.263],[96.56633,17.26308],[96.56597,17.26334],[96.56588,17.2642],[96.56642,17.2642],[96.56651,17.2636],[96.56704,17.26351],[96.56704,17.26326],[96.56651,17.26334],[96.56624,17.26274],[96.56588,17.26291],[96.56588,17.26257]]],[[[96.91843,17.26436],[96.91852,17.264],[96.91906,17.26391],[96.91879,17.26292],[96.91843,17.26292],[96.9178,17.26364],[96.91789,17.26427],[96.91816,17.26436],[96.91843,17.26436]]],[[[96.68975,17.2648],[96.68975,17.2642],[96.69038,17.2642],[96.6902,17.26377],[96.68984,17.2636],[96.68931,17.26394],[96.68886,17.26351],[96.68832,17.26386],[96.68832,17.26411],[96.68877,17.26386],[96.68877,17.2642],[96.68922,17.26394],[96.68904,17.26437],[96.68949,17.2648],[96.68975,17.2648]]],[[[96.57531,17.26094],[96.57576,17.26085],[96.57522,17.26051],[96.57531,17.26025],[96.57576,17.26043],[96.57567,17.26008],[96.57585,17.26077],[96.57612,17.26034],[96.57639,17.2606],[96.57621,17.26085],[96.57666,17.26051],[96.57693,17.26094],[96.57711,17.26043],[96.57675,17.26017],[96.57729,17.25965],[96.57711,17.25922],[96.57675,17.25931],[96.57675,17.25897],[96.57729,17.25897],[96.57756,17.2594],[96.57782,17.25828],[96.57738,17.25794],[96.57729,17.25837],[96.57585,17.25828],[96.57603,17.25905],[96.5763,17.25897],[96.57585,17.25957],[96.57567,17.2588],[96.57549,17.25897],[96.57567,17.25854],[96.57513,17.25871],[96.57495,17.25845],[96.57495,17.25888],[96.57522,17.2588],[96.5754,17.25914],[96.57495,17.25974],[96.57459,17.25957],[96.57468,17.25854],[96.57297,17.25862],[96.57315,17.25922],[96.57279,17.2594],[96.57315,17.25931],[96.57324,17.25982],[96.57297,17.26008],[96.5727,17.25974],[96.57261,17.26008],[96.57423,17.26034],[96.57306,17.26043],[96.57333,17.26085],[96.57396,17.26077],[96.57387,17.26111],[96.57315,17.26077],[96.57306,17.26103],[96.57252,17.26085],[96.57226,17.26111],[96.57315,17.26231],[96.57252,17.26197],[96.57226,17.26137],[96.57217,17.26197],[96.57261,17.26223],[96.5719,17.26223],[96.57163,17.26291],[96.57279,17.26274],[96.57279,17.263],[96.57342,17.26317],[96.57369,17.26283],[96.57405,17.263],[96.57414,17.2624],[96.57486,17.2624],[96.57504,17.26291],[96.57432,17.26248],[96.57432,17.2636],[96.57396,17.26386],[96.57423,17.26411],[96.57414,17.2648],[96.57486,17.26497],[96.57486,17.26523],[96.57504,17.26394],[96.5754,17.26394],[96.57531,17.263],[96.57549,17.26274],[96.57594,17.26283],[96.57612,17.26214],[96.57612,17.26154],[96.57594,17.26128],[96.57567,17.26154],[96.57576,17.26111],[96.5754,17.26094],[96.57531,17.26094]]],[[[96.55734,17.26386],[96.55734,17.2642],[96.55797,17.26429],[96.55734,17.26471],[96.55824,17.26532],[96.55824,17.2648],[96.55788,17.2648],[96.55815,17.26411],[96.55797,17.26377],[96.55752,17.26386],[96.55734,17.26386]]],[[[96.71886,17.26386],[96.71841,17.26377],[96.71841,17.26463],[96.71814,17.26429],[96.71814,17.2648],[96.71868,17.26497],[96.71877,17.2654],[96.71895,17.26514],[96.7194,17.26532],[96.71895,17.26471],[96.71931,17.26446],[96.71859,17.2642],[96.71886,17.26403],[96.71886,17.26386]]],[[[96.55797,17.26532],[96.55761,17.2654],[96.5577,17.26497],[96.55662,17.26437],[96.5568,17.26489],[96.55707,17.26489],[96.55698,17.26532],[96.55734,17.26489],[96.55725,17.26549],[96.55761,17.26583],[96.55797,17.26549],[96.55797,17.26532]]],[[[96.68392,17.26532],[96.68374,17.26549],[96.68383,17.26506],[96.68463,17.26532],[96.68481,17.26489],[96.68347,17.26429],[96.68293,17.26523],[96.68428,17.26583],[96.68401,17.26532],[96.68392,17.26532]]],[[[96.72039,17.26523],[96.72021,17.26506],[96.72048,17.26523],[96.72057,17.2648],[96.72066,17.26532],[96.72138,17.26523],[96.72084,17.26471],[96.72111,17.26369],[96.72057,17.26266],[96.71994,17.26223],[96.71994,17.26266],[96.7203,17.26274],[96.72003,17.263],[96.71985,17.26248],[96.71967,17.26274],[96.71958,17.26248],[96.71922,17.26266],[96.71931,17.263],[96.71832,17.26283],[96.71922,17.26308],[96.71913,17.26377],[96.71877,17.26326],[96.7185,17.26343],[96.71886,17.26386],[96.71931,17.2636],[96.71958,17.26386],[96.71994,17.2648],[96.71958,17.26463],[96.71922,17.26489],[96.71994,17.26557],[96.71985,17.26592],[96.72003,17.26557],[96.72057,17.26557],[96.72039,17.2654],[96.72039,17.26523]]],[[[96.73117,17.26489],[96.73162,17.26411],[96.73278,17.26394],[96.73269,17.2636],[96.73234,17.26386],[96.73189,17.2636],[96.73144,17.26411],[96.73162,17.26369],[96.72991,17.26351],[96.73009,17.26317],[96.73036,17.26326],[96.73018,17.26291],[96.72955,17.263],[96.72982,17.26334],[96.72937,17.26326],[96.72892,17.26369],[96.72865,17.26326],[96.7282,17.26334],[96.72874,17.26291],[96.72865,17.26223],[96.72811,17.26231],[96.72793,17.26274],[96.72775,17.26257],[96.72757,17.26308],[96.72793,17.26343],[96.72704,17.26343],[96.72721,17.26377],[96.72757,17.2636],[96.72766,17.26394],[96.72811,17.26386],[96.72793,17.26411],[96.72838,17.26446],[96.72838,17.26514],[96.72775,17.26471],[96.72793,17.26446],[96.72721,17.26463],[96.72802,17.26574],[96.72829,17.26566],[96.72802,17.26523],[96.72856,17.2654],[96.72892,17.26514],[96.72874,17.2654],[96.72901,17.2654],[96.72892,17.26489],[96.72928,17.26489],[96.7291,17.26523],[96.72955,17.26497],[96.72937,17.26549],[96.73,17.26592],[96.73018,17.2654],[96.72973,17.26532],[96.73045,17.26514],[96.73027,17.26592],[96.73054,17.26592],[96.73117,17.26566],[96.73081,17.26532],[96.73117,17.26514],[96.73117,17.26489]]],[[[96.73521,17.26283],[96.73485,17.26257],[96.73449,17.26317],[96.73449,17.26274],[96.73404,17.26257],[96.73422,17.263],[96.7335,17.26283],[96.73332,17.26377],[96.73296,17.26377],[96.73323,17.26411],[96.73368,17.26394],[96.73377,17.26429],[96.7353,17.2642],[96.73521,17.2648],[96.73467,17.26532],[96.73476,17.26592],[96.73521,17.26566],[96.73512,17.26506],[96.73557,17.26532],[96.73539,17.26463],[96.73593,17.26437],[96.73557,17.26377],[96.73593,17.26394],[96.7362,17.26369],[96.7362,17.26291],[96.73566,17.26326],[96.73575,17.26283],[96.7353,17.26283],[96.73521,17.26283]]],[[[96.72317,17.26437],[96.72344,17.26446],[96.72326,17.26471],[96.7229,17.26454],[96.72299,17.2642],[96.72317,17.26437],[96.7229,17.26394],[96.72317,17.2636],[96.72272,17.26274],[96.72263,17.26369],[96.72236,17.26351],[96.72227,17.26394],[96.72174,17.26377],[96.72182,17.26514],[96.72147,17.26557],[96.72254,17.26549],[96.72218,17.26566],[96.72227,17.266],[96.72317,17.26609],[96.72308,17.2654],[96.72353,17.26523],[96.72317,17.26489],[96.72533,17.2654],[96.72479,17.26514],[96.7247,17.26454],[96.72362,17.26454],[96.72353,17.26394],[96.72335,17.26437],[96.72317,17.26437]]],[[[96.78803,17.26609],[96.78821,17.26506],[96.78731,17.26523],[96.78749,17.26609],[96.78776,17.26609],[96.78803,17.26609]]],[[[96.69721,17.26506],[96.69757,17.26489],[96.69811,17.26532],[96.69784,17.26549],[96.69721,17.26506],[96.69748,17.26574],[96.69775,17.26574],[96.69775,17.26634],[96.69811,17.266],[96.69793,17.26557],[96.6982,17.26557],[96.6982,17.26592],[96.69865,17.26557],[96.69874,17.26523],[96.69856,17.26549],[96.69829,17.26523],[96.69883,17.2648],[96.69874,17.26429],[96.69793,17.26437],[96.69811,17.26471],[96.69775,17.26454],[96.69811,17.26514],[96.69739,17.26463],[96.69703,17.26506],[96.69721,17.26506]]],[[[96.54144,17.26583],[96.54153,17.26617],[96.54126,17.26617],[96.54126,17.26583],[96.54216,17.26549],[96.54207,17.26514],[96.54162,17.26523],[96.5418,17.26489],[96.54108,17.26506],[96.54117,17.26574],[96.54081,17.26557],[96.54054,17.26609],[96.5409,17.26617],[96.5409,17.26592],[96.54135,17.26669],[96.54135,17.26626],[96.54198,17.26643],[96.54171,17.26583],[96.54144,17.26583]]],[[[96.54225,17.26377],[96.54234,17.26334],[96.54288,17.26308],[96.54288,17.26377],[96.54225,17.26377],[96.54225,17.2642],[96.54288,17.26446],[96.54324,17.26549],[96.54378,17.26557],[96.54351,17.26532],[96.54378,17.26506],[96.54342,17.26497],[96.54414,17.26506],[96.54378,17.26489],[96.54405,17.26454],[96.54459,17.26532],[96.54513,17.26532],[96.54513,17.26497],[96.54584,17.26437],[96.54584,17.26471],[96.54611,17.26446],[96.54638,17.26497],[96.54602,17.26411],[96.54638,17.2636],[96.54611,17.26334],[96.54665,17.26317],[96.5462,17.26326],[96.5462,17.263],[96.54674,17.26308],[96.54665,17.26283],[96.54764,17.26266],[96.54746,17.2636],[96.54791,17.26369],[96.548,17.26403],[96.54863,17.26369],[96.54845,17.26403],[96.54908,17.26403],[96.54926,17.26437],[96.5498,17.26377],[96.54998,17.26411],[96.54962,17.26403],[96.54953,17.26437],[96.55034,17.26437],[96.55025,17.26471],[96.55097,17.26549],[96.55222,17.26394],[96.55276,17.26437],[96.55249,17.26394],[96.55321,17.26343],[96.55339,17.26283],[96.55294,17.26274],[96.55357,17.2618],[96.55321,17.2618],[96.55303,17.26128],[96.55303,17.26171],[96.55267,17.26163],[96.55231,17.26206],[96.55222,17.26145],[96.55159,17.26128],[96.55177,17.26154],[96.55141,17.26214],[96.55177,17.26257],[96.55132,17.26223],[96.55097,17.26274],[96.55061,17.26266],[96.5507,17.263],[96.54989,17.26377],[96.5498,17.26291],[96.55007,17.26283],[96.55016,17.26326],[96.55016,17.26283],[96.55097,17.26206],[96.5507,17.26171],[96.55105,17.26163],[96.5507,17.26137],[96.55043,17.26171],[96.55016,17.26154],[96.55043,17.26197],[96.55016,17.26206],[96.54962,17.26137],[96.54971,17.26085],[96.54944,17.26085],[96.54944,17.26128],[96.54908,17.26085],[96.54854,17.26094],[96.54854,17.2612],[96.54818,17.26043],[96.54782,17.2606],[96.54782,17.26025],[96.54719,17.26085],[96.54665,17.2606],[96.54665,17.26094],[96.54629,17.26094],[96.54638,17.2606],[96.54593,17.26025],[96.54656,17.26],[96.5454,17.25931],[96.54522,17.25871],[96.54486,17.2588],[96.54531,17.25854],[96.54486,17.25785],[96.54504,17.25674],[96.54441,17.25699],[96.5445,17.25768],[96.54405,17.25802],[96.5445,17.2588],[96.54378,17.25811],[96.54378,17.25845],[96.54297,17.25845],[96.54342,17.25794],[96.54315,17.25734],[96.54396,17.25708],[96.54414,17.25614],[96.54378,17.25614],[96.54396,17.25579],[96.54306,17.25588],[96.54261,17.25554],[96.5427,17.25528],[96.5418,17.25493],[96.54207,17.25451],[96.54171,17.25442],[96.54171,17.25365],[96.54054,17.25339],[96.54028,17.25382],[96.54045,17.25519],[96.53992,17.25528],[96.54001,17.25562],[96.53956,17.25605],[96.53911,17.25588],[96.53938,17.25545],[96.53884,17.25571],[96.53902,17.25502],[96.53866,17.25485],[96.53902,17.25476],[96.53929,17.25373],[96.53992,17.25373],[96.53992,17.25339],[96.53956,17.25365],[96.53938,17.25339],[96.53884,17.25425],[96.5383,17.25451],[96.53848,17.25416],[96.53821,17.25391],[96.53866,17.2533],[96.5383,17.25322],[96.5383,17.25288],[96.53875,17.25219],[96.53839,17.25167],[96.53866,17.25159],[96.53776,17.25125],[96.53749,17.25099],[96.53767,17.25082],[96.53722,17.25065],[96.53731,17.25107],[96.53677,17.2509],[96.53695,17.25159],[96.53668,17.25116],[96.53587,17.25159],[96.53587,17.25107],[96.53623,17.25107],[96.53596,17.25073],[96.53632,17.25056],[96.53578,17.24979],[96.53596,17.24893],[96.53524,17.24927],[96.53435,17.24893],[96.53435,17.24867],[96.53381,17.24867],[96.53363,17.24833],[96.533,17.24833],[96.53336,17.24841],[96.53336,17.24953],[96.533,17.2497],[96.533,17.2491],[96.5321,17.24919],[96.53174,17.24953],[96.53174,17.24824],[96.5312,17.24841],[96.53138,17.24884],[96.53102,17.24859],[96.53075,17.24902],[96.53048,17.24867],[96.53093,17.2485],[96.53021,17.24841],[96.53003,17.24893],[96.52976,17.24884],[96.52976,17.24919],[96.52959,17.24902],[96.52976,17.24953],[96.52932,17.24979],[96.52923,17.2503],[96.52851,17.25022],[96.52896,17.25056],[96.52833,17.25065],[96.52815,17.25013],[96.52878,17.24962],[96.52851,17.24953],[96.52851,17.24893],[96.52815,17.24927],[96.52833,17.24962],[96.52788,17.24979],[96.52734,17.24936],[96.52743,17.24902],[96.52716,17.24919],[96.5268,17.24876],[96.52644,17.24884],[96.52608,17.24833],[96.52536,17.24867],[96.52554,17.24781],[96.52527,17.24764],[96.52446,17.24807],[96.52312,17.24773],[96.52249,17.24807],[96.52258,17.24739],[96.52204,17.24747],[96.52123,17.24696],[96.51943,17.24438],[96.51907,17.24455],[96.518,17.24352],[96.51755,17.24387],[96.51764,17.24352],[96.51719,17.24318],[96.51692,17.24378],[96.51521,17.24352],[96.51449,17.24292],[96.51458,17.24215],[96.51431,17.24224],[96.51404,17.2431],[96.51413,17.24352],[96.51431,17.24335],[96.51458,17.24361],[96.51458,17.24438],[96.51647,17.24447],[96.51737,17.24533],[96.51764,17.24498],[96.518,17.24533],[96.51827,17.24515],[96.51854,17.24541],[96.51836,17.24576],[96.51907,17.2455],[96.51979,17.24661],[96.51916,17.24713],[96.52069,17.24851],[96.52258,17.24833],[96.52267,17.24859],[96.52312,17.24841],[96.52312,17.24864],[96.52402,17.24869],[96.52411,17.24841],[96.52437,17.24894],[96.52455,17.2485],[96.52459,17.2491],[96.52518,17.24919],[96.52519,17.24953],[96.52563,17.24979],[96.52644,17.24987],[96.52635,17.25029],[96.5292,17.25185],[96.52966,17.25321],[96.53061,17.25366],[96.53155,17.25592],[96.53336,17.25811],[96.53866,17.26644],[96.53884,17.26609],[96.53884,17.26672],[96.5392,17.26677],[96.53902,17.26643],[96.53974,17.26617],[96.53947,17.266],[96.53974,17.26549],[96.53902,17.2654],[96.53974,17.26446],[96.53992,17.2648],[96.5401,17.26446],[96.54054,17.26454],[96.54108,17.26403],[96.54153,17.26403],[96.54153,17.26369],[96.5409,17.26386],[96.54135,17.26343],[96.54198,17.26377],[96.54225,17.26377]],[[96.54665,17.26223],[96.54611,17.26223],[96.54602,17.26197],[96.54647,17.26111],[96.54701,17.26094],[96.54665,17.26223],[96.54719,17.26197],[96.54701,17.2624],[96.54728,17.26248],[96.54647,17.26283],[96.54665,17.26231],[96.54665,17.26223]]],[[[96.56121,17.26308],[96.56094,17.26231],[96.56058,17.26223],[96.56094,17.263],[96.56022,17.26437],[96.56058,17.26411],[96.56085,17.26437],[96.56031,17.26437],[96.56022,17.26514],[96.55977,17.26514],[96.55977,17.26583],[96.56004,17.26557],[96.55986,17.26532],[96.56022,17.2654],[96.56022,17.26592],[96.56166,17.26566],[96.56183,17.26592],[96.56148,17.26583],[96.56139,17.26669],[96.56219,17.26686],[96.56255,17.26583],[96.56201,17.26592],[96.56192,17.26566],[96.563,17.2654],[96.5613,17.26308],[96.56121,17.26308]]],[[[96.57226,17.26686],[96.57235,17.26634],[96.57306,17.26626],[96.57306,17.26566],[96.57226,17.26574],[96.57217,17.26686],[96.57226,17.26686]]],[[[96.69506,17.266],[96.69559,17.26609],[96.69532,17.26634],[96.69497,17.266],[96.69523,17.26652],[96.69559,17.26652],[96.6955,17.26686],[96.69622,17.26686],[96.6955,17.26557],[96.69523,17.26557],[96.69541,17.26583],[96.69506,17.26574],[96.69506,17.266]]],[[[96.68922,17.26626],[96.68859,17.26643],[96.6885,17.26617],[96.68814,17.26694],[96.68877,17.26703],[96.68904,17.26643],[96.68931,17.26669],[96.69056,17.26497],[96.68993,17.26523],[96.68922,17.26609],[96.68922,17.26626]]],[[[96.54782,17.26634],[96.548,17.26652],[96.54773,17.26609],[96.548,17.26566],[96.54773,17.26566],[96.54773,17.26523],[96.54737,17.26566],[96.54728,17.26514],[96.54764,17.26514],[96.54737,17.2642],[96.54728,17.26463],[96.54674,17.26463],[96.5471,17.26471],[96.54674,17.26583],[96.54719,17.26652],[96.54764,17.26634],[96.54746,17.26669],[96.54836,17.26746],[96.5489,17.26677],[96.54827,17.26712],[96.54809,17.26677],[96.54845,17.2666],[96.54791,17.26677],[96.54782,17.26643],[96.54782,17.26634]]],[[[96.69856,17.26772],[96.69856,17.26712],[96.69901,17.2672],[96.69901,17.26686],[96.69856,17.26694],[96.69829,17.26609],[96.69811,17.2666],[96.69847,17.26677],[96.69748,17.26703],[96.69739,17.26746],[96.69811,17.26694],[96.69829,17.26737],[96.69793,17.26763],[96.69838,17.26772],[96.69856,17.26772]]],[[[96.72892,17.26643],[96.72829,17.26703],[96.72793,17.26694],[96.72802,17.2672],[96.72784,17.26669],[96.72739,17.26669],[96.72739,17.26737],[96.72775,17.26772],[96.72775,17.26746],[96.72919,17.26772],[96.72937,17.26686],[96.72982,17.26746],[96.72991,17.26694],[96.73081,17.26746],[96.73099,17.26712],[96.73144,17.26712],[96.73144,17.26686],[96.7309,17.26712],[96.73018,17.26694],[96.73,17.26609],[96.72883,17.26609],[96.72865,17.26583],[96.72847,17.26643],[96.72892,17.26626],[96.72892,17.26643]]],[[[96.7008,17.26797],[96.69982,17.26746],[96.70044,17.26823],[96.70116,17.26823],[96.70152,17.26686],[96.70143,17.26712],[96.70036,17.26729],[96.70036,17.26755],[96.70107,17.26729],[96.7008,17.26789],[96.7008,17.26797]]],[[[96.73494,17.26823],[96.73494,17.26755],[96.7344,17.26772],[96.7344,17.26797],[96.73404,17.26746],[96.73323,17.26763],[96.73323,17.26797],[96.73476,17.26823],[96.73494,17.26823]]],[[[96.73817,17.26815],[96.7388,17.26746],[96.7388,17.26669],[96.73844,17.26737],[96.7379,17.26763],[96.73799,17.26823],[96.73826,17.26815],[96.73817,17.26815]]],[[[96.68266,17.26609],[96.6823,17.26566],[96.6823,17.26497],[96.68284,17.26471],[96.6823,17.26463],[96.68221,17.26497],[96.68149,17.26471],[96.68176,17.26557],[96.68131,17.26532],[96.68095,17.26549],[96.68113,17.26634],[96.68005,17.26669],[96.68014,17.26634],[96.68077,17.26626],[96.68014,17.2654],[96.67969,17.26609],[96.67996,17.26669],[96.6796,17.26712],[96.67951,17.2666],[96.67915,17.26712],[96.67942,17.26712],[96.67942,17.26746],[96.67978,17.2672],[96.68014,17.26737],[96.68023,17.26832],[96.6805,17.2678],[96.68023,17.26772],[96.68032,17.2672],[96.6814,17.26677],[96.68113,17.26643],[96.68167,17.26617],[96.68167,17.26583],[96.68248,17.26609],[96.68275,17.26643],[96.68257,17.26677],[96.6832,17.26634],[96.68275,17.26609],[96.68266,17.26609]]],[[[96.73629,17.26832],[96.73656,17.26806],[96.73683,17.26823],[96.73701,17.2678],[96.73548,17.26746],[96.73566,17.26806],[96.73584,17.26763],[96.73638,17.26789],[96.7362,17.26832],[96.73629,17.26832]]],[[[96.58834,17.2684],[96.58905,17.26737],[96.5886,17.26746],[96.58887,17.26694],[96.58816,17.26737],[96.58834,17.26772],[96.58789,17.26815],[96.58816,17.2684],[96.58834,17.2684]]],[[[96.71051,17.26857],[96.71122,17.26832],[96.71096,17.2678],[96.71051,17.2678],[96.71087,17.26763],[96.71078,17.26712],[96.71113,17.26712],[96.71096,17.26677],[96.71006,17.26677],[96.71006,17.26737],[96.70934,17.26729],[96.70916,17.26763],[96.70934,17.26832],[96.70988,17.26806],[96.7097,17.26849],[96.71033,17.26832],[96.71042,17.26857],[96.71051,17.26857]]],[[[96.601,17.26875],[96.60145,17.26849],[96.60145,17.26789],[96.59992,17.26772],[96.60028,17.2684],[96.60073,17.2684],[96.60073,17.26875],[96.601,17.26875]]],[[[96.54423,17.26737],[96.54423,17.2678],[96.5445,17.26789],[96.5445,17.26746],[96.54468,17.26806],[96.54495,17.26746],[96.54468,17.26677],[96.54405,17.26686],[96.54387,17.2666],[96.54396,17.26694],[96.54297,17.26703],[96.54297,17.26669],[96.54252,17.26686],[96.54279,17.26652],[96.54234,17.26643],[96.5418,17.2666],[96.5418,17.26703],[96.54144,17.26677],[96.54126,17.2672],[96.5409,17.2672],[96.5409,17.26746],[96.54198,17.26729],[96.54207,17.26677],[96.54225,17.26746],[96.54297,17.26737],[96.54279,17.26772],[96.54315,17.26806],[96.5427,17.26823],[96.5427,17.26866],[96.54297,17.26849],[96.54306,17.26883],[96.54387,17.26737],[96.54423,17.26737]]],[[[96.7318,17.26883],[96.73135,17.26866],[96.73171,17.26849],[96.73207,17.26892],[96.73216,17.26832],[96.7318,17.26849],[96.73135,17.26806],[96.73126,17.26832],[96.73063,17.26815],[96.73081,17.26875],[96.7318,17.269],[96.7318,17.26883]]],[[[96.73476,17.26918],[96.73485,17.2684],[96.73458,17.26857],[96.73359,17.26823],[96.73341,17.26849],[96.73359,17.26909],[96.73413,17.26883],[96.73467,17.26918],[96.73476,17.26918]]],[[[96.68499,17.26969],[96.68454,17.2696],[96.68454,17.26935],[96.68508,17.26918],[96.68499,17.26969],[96.68544,17.26986],[96.68571,17.2696],[96.68499,17.26892],[96.68472,17.26918],[96.68419,17.26892],[96.68419,17.2696],[96.68374,17.26952],[96.68374,17.26978],[96.68499,17.26978],[96.68499,17.26969]]],[[[96.68185,17.26978],[96.68158,17.26969],[96.68167,17.26926],[96.68185,17.26978],[96.68239,17.2696],[96.68212,17.26935],[96.6823,17.26883],[96.68149,17.26935],[96.68077,17.26918],[96.67987,17.26943],[96.67996,17.2702],[96.68185,17.26986],[96.68185,17.26978]]],[[[96.57522,17.2696],[96.57486,17.26952],[96.57594,17.26943],[96.5763,17.26969],[96.57648,17.26909],[96.57612,17.26909],[96.57621,17.26952],[96.57567,17.269],[96.57432,17.26918],[96.57441,17.26969],[96.57414,17.26952],[96.57423,17.26986],[96.57396,17.26995],[96.57414,17.27038],[96.5745,17.27038],[96.57522,17.26978],[96.57522,17.2696]]],[[[96.72281,17.27038],[96.72308,17.27003],[96.72308,17.26823],[96.72299,17.26857],[96.72227,17.26857],[96.72254,17.26909],[96.72227,17.26943],[96.72191,17.26909],[96.72174,17.26926],[96.72209,17.26883],[96.72191,17.26866],[96.72138,17.26883],[96.72156,17.26935],[96.7212,17.26943],[96.72182,17.26943],[96.72182,17.26978],[96.72236,17.26978],[96.72236,17.27029],[96.72281,17.27046],[96.72281,17.27038]]],[[[96.5701,17.26918],[96.57028,17.26866],[96.56983,17.26883],[96.56947,17.26823],[96.57019,17.2678],[96.56776,17.2684],[96.56713,17.26729],[96.56642,17.26746],[96.56678,17.26703],[96.56704,17.26712],[96.56704,17.2666],[96.5666,17.26652],[96.56722,17.26626],[96.56704,17.26583],[96.56678,17.26609],[96.56489,17.26609],[96.56453,17.26652],[96.56363,17.26617],[96.56354,17.26669],[96.56381,17.26652],[96.56399,17.26703],[96.56372,17.26729],[96.56408,17.26797],[96.5639,17.26832],[96.56417,17.26857],[96.56417,17.269],[96.56381,17.269],[96.56417,17.26935],[96.56453,17.26926],[96.56462,17.26969],[96.56471,17.26918],[96.56417,17.26823],[96.56444,17.26815],[96.56444,17.26857],[96.56471,17.26857],[96.56543,17.26806],[96.56561,17.2684],[96.56471,17.26883],[96.5648,17.26978],[96.56516,17.27012],[96.56561,17.27003],[96.56588,17.27063],[96.56642,17.27055],[96.56633,17.27012],[96.56597,17.27012],[96.56615,17.26969],[96.56624,17.26995],[96.56722,17.26995],[96.56722,17.26969],[96.56821,17.26986],[96.5683,17.269],[96.56866,17.26909],[96.56866,17.26978],[96.56902,17.26892],[96.56965,17.26909],[96.56965,17.26986],[96.57019,17.26969],[96.5701,17.26935],[96.5701,17.26918]]],[[[96.73719,17.27081],[96.73737,17.27055],[96.73692,17.27003],[96.73584,17.27003],[96.73629,17.27038],[96.73674,17.2702],[96.73647,17.27063],[96.73692,17.27081],[96.73719,17.27081]]],[[[96.677,17.26986],[96.67664,17.27038],[96.67736,17.27038],[96.67709,17.27063],[96.67736,17.27098],[96.67799,17.27063],[96.67754,17.27063],[96.67745,17.26969],[96.67682,17.26952],[96.67691,17.26986],[96.677,17.26986]]],[[[96.56121,17.26943],[96.56166,17.26995],[96.56103,17.27029],[96.56112,17.27072],[96.56067,17.27046],[96.56031,17.27098],[96.5613,17.27106],[96.56166,17.27046],[96.56201,17.27063],[96.56201,17.26995],[96.56264,17.26986],[96.56273,17.26943],[96.56183,17.26995],[96.56183,17.26952],[96.56157,17.26969],[96.56174,17.26926],[96.5613,17.26892],[96.56049,17.26969],[96.56085,17.26995],[96.56121,17.26952],[96.56121,17.26943]]],[[[96.7265,17.27106],[96.72668,17.27046],[96.72641,17.27081],[96.72605,17.27012],[96.72596,17.27055],[96.72569,17.27055],[96.72569,17.2702],[96.72515,17.27029],[96.72542,17.27081],[96.72596,17.27089],[96.72587,17.27063],[96.72614,17.27063],[96.72641,17.27106],[96.7265,17.27106]]],[[[96.72784,17.27115],[96.72865,17.27081],[96.72874,17.26969],[96.72829,17.26986],[96.72847,17.27038],[96.72748,17.27089],[96.72775,17.27115],[96.72784,17.27115]]],[[[96.58447,17.27063],[96.58429,17.27115],[96.58366,17.27098],[96.58366,17.27132],[96.58492,17.27132],[96.58501,17.27046],[96.58456,17.27063],[96.58447,17.27063]]],[[[96.5913,17.27149],[96.59094,17.27106],[96.59157,17.27106],[96.59139,17.27063],[96.59184,17.27038],[96.59202,17.26909],[96.59238,17.26909],[96.59238,17.2696],[96.59283,17.2696],[96.59256,17.26995],[96.59301,17.26995],[96.59292,17.26926],[96.59319,17.26943],[96.59328,17.26892],[96.5931,17.26857],[96.59346,17.2684],[96.59319,17.26746],[96.5922,17.26763],[96.59175,17.26823],[96.59202,17.26857],[96.59184,17.26883],[96.5922,17.26892],[96.5913,17.26892],[96.59094,17.26943],[96.59108,17.26966],[96.59153,17.26912],[96.59189,17.26921],[96.59162,17.27029],[96.59099,17.27038],[96.59081,17.26995],[96.59049,17.27012],[96.59049,17.27089],[96.59085,17.27106],[96.59058,17.27149],[96.59094,17.27149],[96.5913,17.27149]]],[[[96.72182,17.26978],[96.72156,17.2696],[96.72129,17.26995],[96.72129,17.27089],[96.72156,17.27106],[96.72129,17.27149],[96.72182,17.27123],[96.72227,17.27149],[96.72227,17.27106],[96.7229,17.27141],[96.72272,17.27072],[96.722,17.27038],[96.72182,17.26986],[96.72182,17.26978]]],[[[96.58932,17.27175],[96.59031,17.27055],[96.59058,17.26935],[96.58914,17.27175],[96.58932,17.27175]]],[[[96.67646,17.26694],[96.67637,17.26669],[96.67673,17.26686],[96.677,17.26626],[96.67718,17.2666],[96.67745,17.26634],[96.67745,17.26669],[96.67799,17.26626],[96.67799,17.26669],[96.67736,17.2672],[96.67772,17.26763],[96.67844,17.26772],[96.67835,17.26806],[96.67889,17.26832],[96.67835,17.269],[96.67799,17.269],[96.67799,17.26875],[96.67844,17.26866],[96.67853,17.26832],[96.67781,17.2684],[96.67772,17.26909],[96.67808,17.26935],[96.67889,17.26926],[96.67915,17.26875],[96.67915,17.26969],[96.6788,17.27012],[96.67907,17.27012],[96.67924,17.27072],[96.67924,17.27038],[96.67987,17.27055],[96.68005,17.27029],[96.67951,17.26978],[96.67969,17.26926],[96.67915,17.26943],[96.67996,17.2684],[96.67951,17.26849],[96.67969,17.26772],[96.67924,17.26806],[96.67942,17.26755],[96.67907,17.26755],[96.67924,17.2672],[96.6788,17.26737],[96.6788,17.26703],[96.6796,17.26617],[96.67933,17.26557],[96.67987,17.26549],[96.68032,17.26497],[96.68023,17.26463],[96.68095,17.26446],[96.68095,17.26497],[96.68149,17.26471],[96.6805,17.26386],[96.68095,17.26377],[96.68149,17.26429],[96.68185,17.2642],[96.68212,17.2636],[96.68257,17.26369],[96.68194,17.26411],[96.68194,17.26463],[96.6823,17.26463],[96.68257,17.26411],[96.68284,17.26403],[96.68275,17.26446],[96.6832,17.2642],[96.68284,17.26369],[96.68302,17.26326],[96.68302,17.26351],[96.68347,17.2636],[96.68338,17.26394],[96.68374,17.2642],[96.6841,17.26403],[96.68419,17.26437],[96.68499,17.26471],[96.6849,17.26386],[96.68445,17.26429],[96.68481,17.26386],[96.68463,17.26351],[96.68499,17.26369],[96.6849,17.26257],[96.68526,17.2624],[96.68508,17.26274],[96.68544,17.26291],[96.68571,17.26231],[96.68544,17.26214],[96.68634,17.26188],[96.68688,17.26283],[96.68697,17.26223],[96.68625,17.26171],[96.68697,17.26128],[96.68634,17.26077],[96.68661,17.26025],[96.68697,17.26025],[96.68688,17.25974],[96.68661,17.25982],[96.68679,17.26008],[96.68634,17.25991],[96.68616,17.2594],[96.68652,17.25922],[96.68616,17.25905],[96.6858,17.25991],[96.68553,17.25991],[96.68571,17.26025],[96.68517,17.2606],[96.68463,17.26051],[96.6849,17.26043],[96.68481,17.25974],[96.6841,17.25982],[96.6841,17.25914],[96.68454,17.2594],[96.68445,17.2588],[96.68481,17.25897],[96.68463,17.25837],[96.68535,17.25854],[96.68544,17.25931],[96.68607,17.25888],[96.68589,17.25845],[96.68589,17.2588],[96.68544,17.2588],[96.68544,17.25837],[96.68499,17.25837],[96.68526,17.25802],[96.68472,17.25811],[96.68508,17.25777],[96.68499,17.25742],[96.68562,17.25751],[96.68508,17.25699],[96.68544,17.25656],[96.68472,17.25674],[96.68437,17.25639],[96.68401,17.25665],[96.68419,17.25682],[96.68392,17.25725],[96.68437,17.25811],[96.68383,17.25794],[96.68374,17.25819],[96.68401,17.25854],[96.68419,17.25837],[96.68419,17.25888],[96.68383,17.25862],[96.6832,17.25888],[96.68302,17.25845],[96.68266,17.25854],[96.68248,17.25794],[96.68194,17.25794],[96.68194,17.25819],[96.68149,17.25811],[96.68131,17.25768],[96.6805,17.25794],[96.68086,17.25845],[96.68131,17.25828],[96.68095,17.25888],[96.6814,17.2594],[96.68185,17.25922],[96.6814,17.25862],[96.68149,17.25819],[96.68185,17.25888],[96.68257,17.25862],[96.68266,17.25905],[96.68221,17.25888],[96.68203,17.25914],[96.68257,17.25974],[96.68185,17.25982],[96.6823,17.26008],[96.6823,17.26094],[96.68185,17.26103],[96.68221,17.26085],[96.68176,17.26068],[96.68131,17.2612],[96.68149,17.26034],[96.68203,17.26051],[96.68212,17.26017],[96.68185,17.26025],[96.68122,17.2594],[96.68086,17.25965],[96.6814,17.25982],[96.68095,17.26068],[96.68068,17.26068],[96.68122,17.2612],[96.68104,17.26154],[96.68149,17.26171],[96.68113,17.26231],[96.68158,17.26223],[96.68194,17.26266],[96.68122,17.26274],[96.68104,17.2624],[96.68059,17.26283],[96.68113,17.26291],[96.68113,17.26334],[96.68086,17.26317],[96.68068,17.26351],[96.68041,17.26291],[96.67987,17.26326],[96.68005,17.26351],[96.6805,17.26334],[96.6805,17.26369],[96.68041,17.26394],[96.68014,17.26369],[96.67978,17.26386],[96.67915,17.26566],[96.67853,17.26549],[96.67853,17.26463],[96.67907,17.26411],[96.67898,17.26343],[96.6796,17.26308],[96.6796,17.26266],[96.67978,17.263],[96.68023,17.26274],[96.67978,17.26206],[96.68032,17.26214],[96.67969,17.2618],[96.67907,17.26223],[96.67871,17.26248],[96.67889,17.26317],[96.67853,17.26343],[96.67853,17.26274],[96.67763,17.26214],[96.67799,17.2618],[96.67781,17.26145],[96.67691,17.26128],[96.67691,17.26171],[96.67745,17.26171],[96.67637,17.26206],[96.67682,17.26231],[96.67727,17.26188],[96.67736,17.26266],[96.67691,17.26274],[96.67655,17.26231],[96.67583,17.26223],[96.67538,17.26274],[96.67574,17.26334],[96.67628,17.26343],[96.67691,17.26291],[96.67682,17.26377],[96.67646,17.26351],[96.67637,17.26386],[96.67565,17.26394],[96.67592,17.26429],[96.67547,17.26489],[96.67511,17.26489],[96.67475,17.26437],[96.67439,17.26489],[96.67439,17.26437],[96.67475,17.26411],[96.6752,17.2642],[96.6752,17.26463],[96.67565,17.26429],[96.67529,17.26386],[96.67592,17.26343],[96.67529,17.26308],[96.67529,17.26343],[96.67448,17.26386],[96.6743,17.26446],[96.67385,17.26437],[96.67341,17.26566],[96.67314,17.26549],[96.67287,17.26592],[96.67305,17.26626],[96.6726,17.26694],[96.67314,17.26729],[96.67314,17.26763],[96.67278,17.26746],[96.67251,17.2678],[96.67287,17.26832],[96.6726,17.2684],[96.67197,17.26763],[96.67251,17.26746],[96.67197,17.26686],[96.67215,17.2672],[96.67152,17.26737],[96.67179,17.26806],[96.67143,17.2678],[96.6708,17.26849],[96.67125,17.26875],[96.67143,17.2684],[96.67197,17.26918],[96.67224,17.269],[96.67197,17.26883],[96.67233,17.26883],[96.67224,17.26952],[96.67296,17.27038],[96.67341,17.27003],[96.67332,17.26969],[96.67296,17.26969],[96.67296,17.26926],[96.67323,17.26926],[96.67341,17.26986],[96.67376,17.26995],[96.67323,17.27098],[96.6735,17.27081],[96.67368,17.27115],[96.67385,17.27081],[96.67385,17.27132],[96.67448,17.27132],[96.67457,17.27158],[96.67475,17.27115],[96.67421,17.27123],[96.67421,17.27098],[96.67475,17.27072],[96.67538,17.27175],[96.67574,17.27115],[96.67619,17.27106],[96.67619,17.27063],[96.67583,17.27063],[96.6761,17.27055],[96.67592,17.26943],[96.67664,17.26952],[96.67655,17.26918],[96.67754,17.26892],[96.67727,17.26866],[96.67763,17.26823],[96.67754,17.26772],[96.67718,17.2678],[96.67646,17.26703],[96.67646,17.26694]],[[96.6743,17.26746],[96.67385,17.26823],[96.6735,17.26815],[96.6743,17.2672],[96.67403,17.26694],[96.6735,17.26746],[96.67359,17.26694],[96.67394,17.26677],[96.67323,17.26669],[96.67323,17.26634],[96.67385,17.26617],[96.67412,17.26652],[96.67394,17.26669],[96.67448,17.26686],[96.67448,17.26746],[96.6743,17.26746]],[[96.67484,17.26489],[96.67511,17.26523],[96.67466,17.26609],[96.67493,17.26617],[96.67502,17.26574],[96.67547,17.26609],[96.67493,17.26617],[96.67475,17.26652],[96.67448,17.26592],[96.67376,17.26549],[96.67475,17.26549],[96.67484,17.26506],[96.67484,17.26489]],[[96.68544,17.26145],[96.6849,17.26154],[96.68463,17.26111],[96.68553,17.26145],[96.68553,17.26094],[96.68616,17.26051],[96.68652,17.26128],[96.6858,17.26145],[96.6858,17.26188],[96.68544,17.26154],[96.68544,17.26145]]],[[[96.59166,17.27158],[96.59175,17.27192],[96.59202,17.27166],[96.59229,17.27183],[96.59229,17.27123],[96.59292,17.27098],[96.59184,17.27072],[96.59175,17.27158],[96.59166,17.27158]]],[[[96.69281,17.27072],[96.69272,17.27038],[96.69209,17.27038],[96.69263,17.27012],[96.69218,17.27003],[96.69218,17.26952],[96.69155,17.26943],[96.692,17.27003],[96.69182,17.27063],[96.69209,17.27063],[96.692,17.27106],[96.69173,17.27089],[96.69164,17.27115],[96.69227,17.27106],[96.69164,17.27201],[96.69299,17.27175],[96.69254,17.27132],[96.69272,17.27072],[96.69281,17.27072]]],[[[96.68715,17.27243],[96.68742,17.27226],[96.68715,17.27192],[96.68769,17.27226],[96.68769,17.27158],[96.68706,17.27175],[96.68697,17.27149],[96.68697,17.27183],[96.68625,17.27175],[96.68598,17.27201],[96.68625,17.27226],[96.68697,17.27192],[96.68706,17.27243],[96.68715,17.27243]]],[[[96.58366,17.27132],[96.5833,17.27072],[96.58357,17.27012],[96.58312,17.26978],[96.58304,17.26892],[96.58241,17.26815],[96.58205,17.26815],[96.58205,17.2678],[96.58151,17.26755],[96.58133,17.2678],[96.58097,17.26746],[96.58106,17.26797],[96.58187,17.26797],[96.58169,17.26875],[96.58214,17.26832],[96.58241,17.26909],[96.58277,17.26892],[96.58295,17.2702],[96.5825,17.27072],[96.58295,17.27081],[96.58277,17.27115],[96.58178,17.27158],[96.58124,17.27235],[96.58196,17.27218],[96.58196,17.27183],[96.58241,17.27192],[96.58232,17.27158],[96.58277,17.27149],[96.58277,17.27192],[96.58312,17.27158],[96.58348,17.27166],[96.5833,17.27209],[96.58277,17.27226],[96.5833,17.27261],[96.58339,17.27209],[96.58393,17.27166],[96.58366,17.27141],[96.58366,17.27132]]],[[[96.73413,17.27269],[96.7344,17.27209],[96.73494,17.27218],[96.73503,17.27192],[96.73467,17.27149],[96.73503,17.27149],[96.73503,17.27115],[96.73449,17.27063],[96.73377,17.27081],[96.73377,17.27123],[96.7335,17.27123],[96.7335,17.27261],[96.73377,17.27261],[96.73359,17.27226],[96.73422,17.27201],[96.73404,17.27269],[96.73413,17.27269]]],[[[96.56219,17.27243],[96.56237,17.27286],[96.56282,17.27261],[96.56264,17.27286],[96.56309,17.27295],[96.56309,17.27252],[96.56354,17.27235],[96.56354,17.27295],[96.56435,17.27218],[96.56426,17.27183],[96.56399,17.27201],[96.56408,17.27149],[96.56381,17.27123],[96.56462,17.27081],[96.56372,17.27038],[96.56399,17.27063],[96.56354,17.27089],[96.56345,17.27055],[96.56309,17.27072],[96.56282,17.27063],[96.56291,17.27029],[96.56255,17.27029],[96.56264,17.27089],[96.56219,17.27072],[96.56183,17.27123],[96.56148,17.27098],[96.5613,17.27149],[96.56157,17.27166],[96.56121,17.27183],[96.56174,17.27304],[96.5621,17.27304],[96.56219,17.27269],[96.56219,17.27243]]],[[[96.59947,17.27304],[96.59965,17.27252],[96.59929,17.27243],[96.59911,17.27192],[96.59894,17.27209],[96.5992,17.27235],[96.5984,17.27218],[96.59876,17.27235],[96.59867,17.27278],[96.59956,17.27304],[96.59947,17.27304]]],[[[96.66981,17.27183],[96.66954,17.27123],[96.67044,17.27166],[96.67044,17.27226],[96.67152,17.27183],[96.67098,17.27183],[96.67107,17.27132],[96.6708,17.27132],[96.67116,17.27098],[96.6708,17.27089],[96.67107,17.27046],[96.6708,17.26995],[96.67125,17.26995],[96.67116,17.26935],[96.67152,17.26918],[96.67071,17.26918],[96.67071,17.26875],[96.67035,17.26892],[96.67026,17.2684],[96.67071,17.26823],[96.67035,17.2678],[96.66999,17.26789],[96.6699,17.26857],[96.66927,17.26857],[96.66927,17.26935],[96.67026,17.269],[96.6708,17.26969],[96.67062,17.26986],[96.66999,17.26935],[96.66936,17.26952],[96.66981,17.27055],[96.66936,17.27055],[96.66945,17.27123],[96.66873,17.27141],[96.66891,17.27115],[96.66864,17.27098],[96.66864,17.27166],[96.66909,17.27218],[96.66829,17.27201],[96.66802,17.27304],[96.66972,17.27183],[96.66981,17.27183]]],[[[96.58842,17.27209],[96.58789,17.27192],[96.58807,17.27209],[96.5878,17.27252],[96.58726,17.27243],[96.58789,17.27329],[96.58807,17.27304],[96.58842,17.27329],[96.58869,17.27295],[96.58842,17.27304],[96.58807,17.27252],[96.58842,17.27235],[96.58869,17.27269],[96.58914,17.27235],[96.58914,17.27209],[96.5886,17.27209],[96.58842,17.27209]]],[[[96.73225,17.27338],[96.73234,17.27312],[96.73198,17.27295],[96.73234,17.27278],[96.73225,17.27304],[96.73269,17.27312],[96.73269,17.27278],[96.73207,17.27226],[96.73216,17.27261],[96.73162,17.27243],[96.73162,17.27269],[96.73216,17.27338],[96.73225,17.27338]]],[[[96.57935,17.27286],[96.57962,17.27338],[96.57935,17.27381],[96.57971,17.27406],[96.58007,17.27398],[96.57998,17.27372],[96.58025,17.27372],[96.58016,17.27406],[96.5816,17.27389],[96.58223,17.27329],[96.58196,17.27304],[96.58034,17.27355],[96.58052,17.27321],[96.5798,17.27226],[96.5798,17.27141],[96.57935,17.27183],[96.57926,17.27149],[96.57899,17.27158],[96.57926,17.27286],[96.57935,17.27286]]],[[[96.66963,17.27389],[96.66936,17.27355],[96.66981,17.27406],[96.67035,17.27372],[96.67008,17.27398],[96.67026,17.27424],[96.67098,17.27372],[96.67062,17.27381],[96.67044,17.27338],[96.66918,17.27338],[96.66855,17.27389],[96.66873,17.27406],[96.66846,17.27441],[96.66909,17.27424],[96.66927,17.27458],[96.66945,17.27424],[96.66918,17.27415],[96.66963,17.27398],[96.66963,17.27389]]],[[[96.73647,17.27467],[96.73647,17.27406],[96.73683,17.27398],[96.73611,17.27389],[96.73611,17.27355],[96.73575,17.27355],[96.73602,17.27381],[96.73566,17.27381],[96.73566,17.27355],[96.73521,17.27381],[96.73548,17.27458],[96.7362,17.27467],[96.73647,17.27467]]],[[[96.5966,17.27492],[96.59714,17.27432],[96.59741,17.27441],[96.59741,17.27364],[96.59768,17.27364],[96.59759,17.27321],[96.59741,17.27346],[96.59678,17.27329],[96.59678,17.27286],[96.59624,17.27304],[96.59588,17.27406],[96.59606,17.27424],[96.59543,17.27415],[96.59534,17.27458],[96.59552,17.27492],[96.59597,17.27467],[96.59651,17.27492],[96.5966,17.27492]]],[[[96.67889,17.27492],[96.67898,17.27467],[96.68059,17.27475],[96.68077,17.27432],[96.68122,17.27475],[96.68167,17.27432],[96.68131,17.27415],[96.68077,17.27295],[96.68023,17.27338],[96.6796,17.27321],[96.67951,17.27398],[96.67924,17.27389],[96.67942,17.27346],[96.67871,17.27321],[96.67871,17.27355],[96.67835,17.27355],[96.67862,17.27389],[96.67826,17.27406],[96.67862,17.27406],[96.6788,17.27492],[96.67889,17.27492]]],[[[96.67125,17.27475],[96.67134,17.27398],[96.67089,17.27406],[96.67116,17.27467],[96.67089,17.27467],[96.67098,17.27441],[96.67026,17.27449],[96.66999,17.27509],[96.67035,17.27535],[96.67053,17.27467],[96.67098,17.27475],[96.67125,17.27475]]],[[[96.55986,17.27544],[96.56022,17.27535],[96.56004,17.27492],[96.5595,17.27527],[96.56004,17.27312],[96.55986,17.27286],[96.5595,17.27321],[96.55923,17.27458],[96.55932,17.27535],[96.55977,17.27544],[96.55986,17.27544]]],[[[96.67817,17.27544],[96.67835,17.27424],[96.6779,17.27372],[96.67808,17.27432],[96.67781,17.27449],[96.67754,17.27415],[96.67727,17.27449],[96.67745,17.27484],[96.6779,17.27467],[96.67808,17.27544],[96.67817,17.27544]]],[[[96.60091,17.27544],[96.60118,17.27509],[96.60181,17.27518],[96.6019,17.27475],[96.60109,17.27501],[96.60073,17.27475],[96.60073,17.27509],[96.60037,17.27509],[96.60046,17.27552],[96.601,17.27544],[96.60091,17.27544]]],[[[96.58339,17.27492],[96.58295,17.27501],[96.58268,17.27467],[96.58339,17.27475],[96.58366,17.27509],[96.58312,17.27561],[96.58402,17.27561],[96.58384,17.27518],[96.58429,17.27509],[96.58384,17.27475],[96.58411,17.27381],[96.58456,17.27415],[96.58492,17.27364],[96.58456,17.27346],[96.58465,17.27312],[96.5842,17.27312],[96.58447,17.27269],[96.58393,17.27286],[96.58393,17.27243],[96.58268,17.27329],[96.58214,17.27441],[96.58178,17.27415],[96.58169,17.27449],[96.58169,17.27484],[96.58223,17.27467],[96.58286,17.27518],[96.58339,17.27518],[96.58339,17.27492]]],[[[96.73063,17.27587],[96.73099,17.27604],[96.73099,17.27501],[96.73018,17.27449],[96.72982,17.27527],[96.73027,17.27587],[96.72991,17.27621],[96.73045,17.27604],[96.73045,17.27544],[96.73054,17.27587],[96.73063,17.27587]]],[[[96.59166,17.27638],[96.59139,17.27569],[96.59166,17.27527],[96.59121,17.27518],[96.59103,17.27544],[96.59112,17.27492],[96.59067,17.27484],[96.5913,17.27467],[96.5913,17.27406],[96.59103,17.27389],[96.59121,17.27346],[96.59094,17.27346],[96.59085,17.27252],[96.5904,17.27235],[96.59058,17.27372],[96.58995,17.27424],[96.5904,17.27441],[96.59049,17.27492],[96.59022,17.27458],[96.58977,17.27467],[96.58995,17.27535],[96.58941,17.27552],[96.58941,17.27621],[96.59112,17.27612],[96.59148,17.27638],[96.59166,17.27638]]],[[[96.55582,17.27664],[96.55591,17.27638],[96.55671,17.2763],[96.55662,17.27595],[96.556,17.27587],[96.55618,17.27552],[96.55555,17.27587],[96.55573,17.27664],[96.55582,17.27664]]],[[[96.66604,17.27664],[96.66622,17.27587],[96.66595,17.27552],[96.66523,17.27621],[96.66586,17.27664],[96.66604,17.27664]]],[[[96.68014,17.27707],[96.67987,17.27707],[96.67987,17.27758],[96.68041,17.27758],[96.68032,17.27732],[96.68059,17.27741],[96.68059,17.27707],[96.68149,17.27655],[96.6814,17.2763],[96.68095,17.27638],[96.68041,17.27724],[96.68023,17.27707],[96.68014,17.27707]]],[[[96.58573,17.27818],[96.58636,17.27715],[96.58681,17.27724],[96.58699,17.2769],[96.5869,17.27595],[96.58654,17.27604],[96.58663,17.27647],[96.58546,17.27818],[96.58573,17.27818]]],[[[96.73647,17.27784],[96.73656,17.27758],[96.73647,17.27784],[96.73692,17.27792],[96.73692,17.27664],[96.73665,17.2769],[96.73629,17.27681],[96.73629,17.27647],[96.73611,17.27672],[96.73512,17.27672],[96.73539,17.27681],[96.73521,17.27715],[96.73539,17.27775],[96.73575,17.27775],[96.73575,17.27827],[96.73647,17.27835],[96.73647,17.27792],[96.73647,17.27784]]],[[[96.67341,17.27861],[96.67385,17.27698],[96.6743,17.27655],[96.67439,17.27587],[96.67484,17.27561],[96.67502,17.27484],[96.67565,17.27561],[96.67601,17.27518],[96.67547,17.27484],[96.67628,17.27475],[96.67691,17.27389],[96.67754,17.27389],[96.67736,17.27355],[96.67763,17.27346],[96.67619,17.27346],[96.67592,17.27381],[96.67583,17.27329],[96.67538,17.27321],[96.67583,17.27261],[96.67529,17.27304],[96.67421,17.27312],[96.67385,17.27261],[96.67385,17.27329],[96.67466,17.27432],[96.67368,17.27432],[96.6735,17.27518],[96.67296,17.27518],[96.67296,17.27604],[96.67269,17.27672],[96.67242,17.27672],[96.6726,17.27715],[96.67206,17.27741],[96.67179,17.27801],[96.67188,17.27835],[96.67332,17.27861],[96.67341,17.27861]]],[[[96.73638,17.27621],[96.73629,17.27595],[96.73638,17.27621],[96.73665,17.27595],[96.7362,17.27569],[96.73647,17.27544],[96.73611,17.27544],[96.73611,17.27518],[96.73656,17.27492],[96.73521,17.27484],[96.73503,17.27527],[96.7353,17.27544],[96.73476,17.27527],[96.73494,17.27441],[96.73467,17.27406],[96.73503,17.27389],[96.73476,17.27312],[96.73512,17.27304],[96.73494,17.27252],[96.73485,17.27278],[96.73422,17.27278],[96.73386,17.27329],[96.73368,17.27304],[96.73395,17.27278],[96.73341,17.27278],[96.73359,17.27338],[96.73305,17.27321],[96.73243,17.27381],[96.73144,17.27304],[96.73108,17.27321],[96.73117,17.27364],[96.73162,17.27381],[96.73117,17.27424],[96.73117,17.27672],[96.73144,17.27655],[96.73144,17.27698],[96.73359,17.27707],[96.73314,17.27767],[96.7335,17.27835],[96.73386,17.27827],[96.73359,17.27861],[96.73458,17.27878],[96.73458,17.2781],[96.73377,17.2781],[96.73395,17.27775],[96.73368,17.2769],[96.73467,17.27698],[96.73512,17.2763],[96.73539,17.27655],[96.73638,17.27638],[96.73638,17.27621]]],[[[96.55492,17.27904],[96.55492,17.27878],[96.55636,17.27818],[96.55474,17.27844],[96.55447,17.27887],[96.55483,17.27878],[96.55483,17.27904],[96.55492,17.27904]]],[[[96.58232,17.27904],[96.58268,17.27878],[96.58259,17.27827],[96.58286,17.27844],[96.58321,17.2781],[96.58321,17.2775],[96.58268,17.2775],[96.58309,17.27775],[96.58282,17.2782],[96.58196,17.2781],[96.58223,17.27904],[96.58232,17.27904]]],[[[96.67862,17.27844],[96.67862,17.27775],[96.67826,17.27758],[96.67844,17.27664],[96.677,17.27638],[96.67718,17.27672],[96.67646,17.27681],[96.67619,17.27655],[96.67628,17.27698],[96.67583,17.27681],[96.67592,17.2763],[96.67673,17.27638],[96.67646,17.27535],[96.67601,17.27535],[96.6761,17.27595],[96.67583,17.27604],[96.67493,17.27578],[96.67457,17.2763],[96.67466,17.27672],[96.6743,17.27681],[96.67439,17.27724],[96.67565,17.2775],[96.67538,17.27758],[96.67529,17.27844],[96.67799,17.27887],[96.67835,17.27853],[96.67853,17.27887],[96.6788,17.27853],[96.6788,17.27904],[96.67942,17.27878],[96.67942,17.27844],[96.6788,17.27844],[96.67862,17.27844]]],[[[96.56345,17.27784],[96.56372,17.27775],[96.56336,17.27801],[96.56354,17.27887],[96.56408,17.27921],[96.56372,17.2787],[96.56408,17.27818],[96.56381,17.27724],[96.56327,17.2775],[96.56336,17.27784],[96.56345,17.27784]]],[[[96.66613,17.27913],[96.66649,17.2787],[96.6664,17.27767],[96.66586,17.27741],[96.66586,17.27698],[96.6655,17.27715],[96.66595,17.27698],[96.66586,17.27672],[96.66496,17.27638],[96.66514,17.27715],[96.66451,17.27715],[96.66469,17.2787],[96.66514,17.27938],[96.66532,17.27904],[96.66568,17.27921],[96.66568,17.27895],[96.66613,17.27895],[96.66613,17.27913]]],[[[96.91945,17.2799],[96.91945,17.27947],[96.92044,17.27964],[96.92008,17.27938],[96.92044,17.2793],[96.92062,17.27853],[96.91999,17.27887],[96.92026,17.27895],[96.91999,17.2793],[96.91972,17.27921],[96.91981,17.27887],[96.91936,17.27878],[96.91954,17.27938],[96.9191,17.27921],[96.91936,17.27964],[96.91918,17.2799],[96.91945,17.2799]]],[[[96.55357,17.28024],[96.55357,17.27973],[96.55393,17.28007],[96.55429,17.27947],[96.55384,17.27904],[96.55384,17.27827],[96.5533,17.27861],[96.55312,17.27818],[96.55294,17.2787],[96.55384,17.27913],[96.55339,17.2793],[96.55348,17.2799],[96.55321,17.28007],[96.55348,17.28024],[96.55357,17.28024]]],[[[96.66891,17.27672],[96.669,17.27604],[96.66882,17.27647],[96.6682,17.27655],[96.66846,17.27621],[96.66793,17.27595],[96.66811,17.27569],[96.66748,17.27595],[96.66739,17.27621],[96.66811,17.2763],[96.66793,17.27655],[96.66748,17.27638],[96.6673,17.27681],[96.66703,17.27998],[96.66802,17.27973],[96.66784,17.28024],[96.66918,17.28041],[96.66936,17.28016],[96.66909,17.27947],[96.66936,17.27947],[96.66954,17.27895],[96.66927,17.27853],[96.66882,17.2787],[96.66873,17.27844],[96.66918,17.27818],[96.66945,17.27878],[96.66972,17.27853],[96.66945,17.2781],[96.669,17.2781],[96.66909,17.27732],[96.66855,17.27724],[96.66882,17.27672],[96.66891,17.27672]]],[[[96.58654,17.27973],[96.58627,17.27981],[96.58699,17.27895],[96.58735,17.27913],[96.58735,17.27861],[96.58681,17.27844],[96.5869,17.27895],[96.58645,17.27878],[96.58609,17.27904],[96.58627,17.27964],[96.58546,17.27913],[96.58573,17.27861],[96.58537,17.27861],[96.58519,17.27921],[96.58555,17.2793],[96.58537,17.27998],[96.58564,17.28016],[96.5851,17.28058],[96.58456,17.28041],[96.58456,17.28084],[96.58555,17.28041],[96.58609,17.28067],[96.58609,17.28041],[96.58654,17.28033],[96.58645,17.27998],[96.58681,17.28024],[96.58672,17.27973],[96.58654,17.27973]]],[[[96.67682,17.28093],[96.67592,17.28084],[96.67565,17.28118],[96.67727,17.28144],[96.67691,17.28093],[96.67682,17.28093]]],[[[96.55402,17.28196],[96.55438,17.28187],[96.5542,17.28058],[96.55384,17.28076],[96.55393,17.28196],[96.55402,17.28196]]],[[[96.55986,17.28196],[96.56004,17.28161],[96.56094,17.28161],[96.56085,17.2811],[96.56049,17.28093],[96.56004,17.28144],[96.55968,17.28093],[96.55977,17.28196],[96.55986,17.28196]]],[[[96.66469,17.2811],[96.6646,17.28067],[96.66469,17.2811],[96.66514,17.2811],[96.66559,17.28041],[96.66523,17.28033],[96.66514,17.27938],[96.66505,17.28024],[96.66406,17.28067],[96.66415,17.28196],[96.66487,17.28221],[96.66496,17.28153],[96.66469,17.28127],[96.66469,17.2811]]],[[[96.66658,17.28239],[96.66685,17.28196],[96.66667,17.28101],[96.66622,17.28144],[96.66613,17.2823],[96.6664,17.28239],[96.66658,17.28239]]],[[[96.66909,17.28247],[96.67017,17.28178],[96.66999,17.28084],[96.66954,17.28084],[96.66945,17.28161],[96.66918,17.28161],[96.66945,17.28187],[96.66891,17.28247],[96.66909,17.28247]]],[[[96.55537,17.28264],[96.55564,17.28239],[96.55555,17.28178],[96.55519,17.2817],[96.55537,17.28127],[96.55501,17.28144],[96.5551,17.28264],[96.55537,17.28264]]],[[[96.6761,17.28359],[96.6761,17.28316],[96.67664,17.28307],[96.67682,17.28247],[96.67637,17.28273],[96.67619,17.28221],[96.67592,17.28221],[96.67547,17.2829],[96.67538,17.28204],[96.67475,17.28187],[96.67448,17.28247],[96.6743,17.28178],[96.67448,17.28316],[96.67529,17.28324],[96.67565,17.28299],[96.67601,17.28359],[96.6761,17.28359]]],[[[96.57657,17.28367],[96.57765,17.28307],[96.57827,17.28316],[96.57747,17.28273],[96.57747,17.28204],[96.57773,17.28221],[96.57782,17.28161],[96.5772,17.2817],[96.57702,17.28281],[96.57675,17.28281],[96.57639,17.28264],[96.57684,17.28213],[96.57657,17.28196],[96.57666,17.28144],[96.57603,17.28153],[96.57594,17.2823],[96.57621,17.28256],[96.57594,17.28247],[96.57612,17.28281],[96.57585,17.28316],[96.57648,17.2829],[96.57648,17.28367],[96.57657,17.28367]]],[[[96.66523,17.28384],[96.66523,17.28256],[96.66433,17.2823],[96.66415,17.28264],[96.66451,17.28264],[96.66451,17.28359],[96.66487,17.28393],[96.66532,17.28384],[96.66523,17.28384]]],[[[96.57468,17.28359],[96.5745,17.28393],[96.57504,17.28393],[96.57513,17.28427],[96.57549,17.28393],[96.57558,17.28436],[96.57594,17.28376],[96.57549,17.28256],[96.57468,17.28281],[96.57495,17.28307],[96.57468,17.28341],[96.57468,17.28359]]],[[[96.6664,17.28487],[96.66658,17.28462],[96.66622,17.28384],[96.66568,17.28393],[96.66559,17.28436],[96.66496,17.28436],[96.66523,17.28479],[96.66595,17.28462],[96.66595,17.28487],[96.66631,17.28487],[96.6664,17.28487]]],[[[96.54971,17.2853],[96.55007,17.28539],[96.54998,17.28504],[96.55025,17.28539],[96.55034,17.28513],[96.55097,17.28513],[96.55141,17.28419],[96.55097,17.28384],[96.55097,17.28436],[96.55061,17.28427],[96.55061,17.28462],[96.55034,17.28462],[96.55034,17.28419],[96.55079,17.28401],[96.5507,17.28359],[96.55016,17.2841],[96.54962,17.28384],[96.55007,17.28427],[96.54971,17.28453],[96.54944,17.28436],[96.54944,17.2847],[96.54989,17.28462],[96.5498,17.28513],[96.54953,17.28504],[96.54971,17.28522],[96.54971,17.2853]]],[[[96.54908,17.28547],[96.54899,17.28479],[96.54863,17.2853],[96.54863,17.2847],[96.54818,17.2847],[96.54818,17.28436],[96.54872,17.28427],[96.54854,17.28401],[96.54899,17.2841],[96.5489,17.28384],[96.54926,17.28376],[96.54854,17.28273],[96.54827,17.28299],[96.54836,17.28359],[96.54755,17.28376],[96.54764,17.28401],[96.54728,17.2841],[96.54746,17.28436],[96.54701,17.28453],[96.54683,17.28427],[96.54674,17.28462],[96.5471,17.28462],[96.54728,17.2853],[96.54764,17.28444],[96.54827,17.28479],[96.54818,17.2859],[96.54854,17.2859],[96.54854,17.28564],[96.54881,17.28582],[96.54881,17.28547],[96.54908,17.28547]]],[[[96.66622,17.28659],[96.66649,17.28616],[96.66676,17.28642],[96.66667,17.28607],[96.66613,17.2859],[96.66613,17.28564],[96.66649,17.28564],[96.6664,17.28513],[96.6655,17.28513],[96.66532,17.28633],[96.66613,17.28659],[96.66622,17.28659]]],[[[96.55429,17.28702],[96.55465,17.28607],[96.55447,17.28582],[96.55501,17.28564],[96.55465,17.28496],[96.55393,17.2859],[96.55357,17.28582],[96.55348,17.28625],[96.55375,17.28667],[96.55357,17.28702],[96.55438,17.28702],[96.55429,17.28702]]],[[[96.54818,17.28702],[96.54782,17.28693],[96.54809,17.28667],[96.54827,17.28702],[96.54836,17.28676],[96.54791,17.28659],[96.548,17.28625],[96.54728,17.28633],[96.54755,17.28745],[96.54818,17.2871],[96.54818,17.28702]]],[[[96.55573,17.28745],[96.5568,17.28719],[96.55591,17.28642],[96.556,17.28607],[96.55546,17.28625],[96.556,17.28659],[96.55555,17.28702],[96.55564,17.28745],[96.55573,17.28745]]],[[[96.55321,17.28564],[96.55321,17.28504],[96.55258,17.2847],[96.55222,17.28496],[96.5524,17.28522],[96.55213,17.28504],[96.55213,17.28564],[96.55159,17.28547],[96.55204,17.28582],[96.55159,17.28616],[96.55213,17.28607],[96.55213,17.28667],[96.55249,17.28676],[96.55222,17.28753],[96.5533,17.2871],[96.55303,17.28642],[96.5533,17.28564],[96.55321,17.28564]]],[[[96.67547,17.28839],[96.67601,17.28753],[96.67565,17.28693],[96.67592,17.28693],[96.67574,17.2865],[96.67619,17.28659],[96.6761,17.28582],[96.67475,17.28573],[96.67439,17.28607],[96.67448,17.28642],[96.67511,17.28625],[96.67556,17.2865],[96.6752,17.28667],[96.67511,17.28719],[96.67466,17.2871],[96.67457,17.28676],[96.6743,17.28745],[96.67403,17.2871],[96.6735,17.28745],[96.67287,17.28702],[96.6726,17.28727],[96.67278,17.28805],[96.67341,17.2877],[96.67359,17.28822],[96.67403,17.2883],[96.67439,17.28779],[96.67448,17.2883],[96.67493,17.28839],[96.67493,17.28805],[96.6752,17.28805],[96.67511,17.28839],[96.67547,17.28839]]],[[[96.55662,17.28848],[96.55671,17.28762],[96.55582,17.2877],[96.55564,17.28848],[96.55609,17.28822],[96.55636,17.28848],[96.55662,17.28848]]],[[[96.55474,17.28779],[96.55474,17.28805],[96.55447,17.28796],[96.55465,17.28762],[96.55411,17.28787],[96.55447,17.28805],[96.55438,17.2883],[96.55384,17.28822],[96.55447,17.2889],[96.55492,17.2889],[96.55519,17.28873],[96.5551,17.2883],[96.55537,17.28839],[96.5551,17.2877],[96.55483,17.28779],[96.55474,17.28779]]],[[[96.55258,17.28933],[96.55276,17.28899],[96.55348,17.28925],[96.55366,17.2883],[96.55312,17.28813],[96.55339,17.28787],[96.55384,17.28813],[96.55411,17.28753],[96.55303,17.28762],[96.55186,17.28822],[96.5524,17.28933],[96.55258,17.28933]]],[[[96.65247,17.28925],[96.65292,17.28882],[96.65256,17.28865],[96.65265,17.28813],[96.65319,17.28787],[96.6531,17.28753],[96.65247,17.2877],[96.65158,17.28865],[96.65194,17.28916],[96.65239,17.28873],[96.65221,17.28933],[96.65256,17.28925],[96.65247,17.28925]]],[[[96.65131,17.28993],[96.65104,17.2895],[96.65059,17.2895],[96.65014,17.29019],[96.65104,17.29053],[96.6514,17.28993],[96.65131,17.28993]]],[[[96.65499,17.29071],[96.65544,17.29028],[96.65508,17.29002],[96.65544,17.2895],[96.65499,17.28908],[96.65517,17.28805],[96.65445,17.28796],[96.65373,17.28916],[96.65373,17.28976],[96.654,17.29002],[96.65391,17.29071],[96.65427,17.29053],[96.65418,17.2901],[96.65472,17.29019],[96.65481,17.29071],[96.65499,17.29071]]],[[[96.55249,17.29028],[96.55276,17.29002],[96.5524,17.29002],[96.55204,17.29053],[96.55186,17.29019],[96.55213,17.29002],[96.55141,17.28968],[96.55159,17.29079],[96.55186,17.29053],[96.55276,17.29088],[96.55294,17.29036],[96.55267,17.29028],[96.55249,17.29028]]],[[[96.55492,17.2889],[96.55456,17.28933],[96.55411,17.28908],[96.55447,17.28968],[96.55474,17.28942],[96.55483,17.28985],[96.55411,17.28976],[96.55411,17.28916],[96.55339,17.2895],[96.55321,17.29002],[96.55276,17.28976],[96.55321,17.29019],[96.55357,17.28976],[96.5533,17.29071],[96.55375,17.29071],[96.55393,17.29113],[96.55438,17.29079],[96.55447,17.2901],[96.55528,17.29002],[96.55483,17.28959],[96.55555,17.28916],[96.55501,17.2889],[96.55492,17.2889]]],[[[96.54755,17.29139],[96.54755,17.29113],[96.54863,17.29079],[96.54863,17.29053],[96.54836,17.29071],[96.54854,17.28993],[96.54827,17.28993],[96.54854,17.28985],[96.54845,17.2889],[96.54917,17.28882],[96.54926,17.28933],[96.54872,17.28933],[96.54917,17.29002],[96.54917,17.2895],[96.54998,17.2895],[96.54989,17.28985],[96.55088,17.28959],[96.55079,17.28899],[96.55007,17.28916],[96.55088,17.2883],[96.55061,17.28779],[96.5498,17.28856],[96.54926,17.28856],[96.54917,17.28822],[96.54944,17.28813],[96.54845,17.2877],[96.54836,17.28796],[96.5489,17.28848],[96.54827,17.28865],[96.54809,17.28839],[96.548,17.2889],[96.54683,17.28839],[96.54773,17.2883],[96.54827,17.28796],[96.54818,17.2877],[96.54791,17.28796],[96.54791,17.28753],[96.54755,17.2877],[96.54773,17.28796],[96.54737,17.2877],[96.5471,17.28787],[96.5471,17.28753],[96.54665,17.2877],[96.54647,17.28856],[96.5462,17.28779],[96.54683,17.28745],[96.54638,17.28753],[96.54647,17.28702],[96.54593,17.28727],[96.54602,17.28753],[96.54584,17.28736],[96.54567,17.28813],[96.54611,17.28805],[96.54602,17.28899],[96.54701,17.28993],[96.54683,17.29045],[96.54656,17.29045],[96.54665,17.29096],[96.5471,17.29096],[96.54692,17.29053],[96.54728,17.29045],[96.5471,17.29071],[96.54746,17.29062],[96.54755,17.29096],[96.54728,17.29079],[96.5471,17.29105],[96.54746,17.29139],[96.54755,17.29139]]],[[[96.662,17.29096],[96.66146,17.29088],[96.66119,17.29165],[96.66182,17.29173],[96.66173,17.29139],[96.662,17.29131],[96.662,17.29096]]],[[[96.65472,17.29191],[96.65508,17.29105],[96.65391,17.29096],[96.65391,17.29156],[96.65454,17.29148],[96.65463,17.29191],[96.65472,17.29191]]],[[[96.56606,17.29354],[96.56615,17.29328],[96.56696,17.29328],[96.56696,17.29285],[96.56543,17.29285],[96.56552,17.29354],[96.56606,17.29354]]],[[[96.91582,17.279],[96.91555,17.27874],[96.91609,17.279],[96.91609,17.2782],[96.91672,17.27838],[96.91645,17.27775],[96.91798,17.27739],[96.91762,17.27631],[96.91807,17.27631],[96.91861,17.27685],[96.92013,17.27703],[96.92013,17.27676],[96.91879,17.27658],[96.91906,17.27604],[96.91699,17.27604],[96.91699,17.27631],[96.91663,17.27631],[96.91627,17.27541],[96.91627,17.27514],[96.91681,17.27559],[96.91753,17.27523],[96.91825,17.27532],[96.91789,17.27451],[96.91753,17.27451],[96.91771,17.27379],[96.91717,17.27379],[96.91708,17.27415],[96.91636,17.27415],[96.91636,17.27388],[96.91681,17.27388],[96.91672,17.27326],[96.91762,17.27352],[96.91744,17.27263],[96.91771,17.27263],[96.91771,17.27227],[96.91843,17.27236],[96.91843,17.27173],[96.91888,17.27173],[96.9187,17.26858],[96.91834,17.26796],[96.91789,17.26796],[96.91771,17.26885],[96.91735,17.26885],[96.91717,17.27029],[96.91645,17.27146],[96.91636,17.27236],[96.91672,17.27236],[96.91681,17.2729],[96.91645,17.2729],[96.91645,17.27245],[96.916,17.27245],[96.91627,17.27317],[96.91555,17.2729],[96.91582,17.27424],[96.91537,17.27469],[96.91537,17.27577],[96.916,17.27577],[96.916,17.27613],[96.91483,17.2764],[96.91492,17.27577],[96.9143,17.27559],[96.91385,17.27703],[96.91304,17.27676],[96.91286,17.27793],[96.9125,17.27811],[96.91205,17.27963],[96.91142,17.27981],[96.9116,17.28062],[96.91124,17.28062],[96.9107,17.28269],[96.91034,17.28269],[96.91007,17.28314],[96.91034,17.28395],[96.90989,17.28413],[96.90989,17.28475],[96.91025,17.28475],[96.91025,17.28448],[96.91052,17.28475],[96.91016,17.28511],[96.90935,17.28502],[96.90935,17.28538],[96.9107,17.28574],[96.91115,17.28646],[96.91088,17.28709],[96.90989,17.28754],[96.90989,17.28781],[96.91052,17.28772],[96.91016,17.28844],[96.91043,17.28934],[96.91079,17.28934],[96.91061,17.28996],[96.90998,17.29005],[96.91016,17.29077],[96.90971,17.29095],[96.91016,17.29185],[96.91043,17.29185],[96.90989,17.29257],[96.91025,17.29356],[96.91196,17.29365],[96.91223,17.29392],[96.91277,17.29365],[96.91277,17.2932],[96.91322,17.29311],[96.91313,17.29374],[96.91367,17.29347],[96.91412,17.29383],[96.91537,17.29401],[96.91537,17.29356],[96.91564,17.29356],[96.91645,17.29392],[96.91645,17.29338],[96.91573,17.29302],[96.9134,17.29266],[96.91313,17.29221],[96.91277,17.29221],[96.91295,17.29095],[96.9134,17.29104],[96.91331,17.29158],[96.91358,17.29176],[96.91412,17.29131],[96.91412,17.29176],[96.91492,17.29185],[96.91501,17.29212],[96.91609,17.29212],[96.91609,17.29149],[96.91546,17.29176],[96.91465,17.29158],[96.91483,17.29113],[96.91546,17.2914],[96.91546,17.29095],[96.91465,17.2905],[96.91465,17.29023],[96.91421,17.29023],[96.91439,17.28943],[96.91367,17.28951],[96.91367,17.28978],[96.91322,17.28978],[96.91295,17.28943],[96.91223,17.28951],[96.91196,17.28844],[96.91133,17.28817],[96.91133,17.2879],[96.91169,17.2879],[96.91133,17.2861],[96.91151,17.28583],[96.91223,17.28592],[96.91214,17.28502],[96.91268,17.28493],[96.91277,17.28529],[96.91268,17.28573],[96.91227,17.28582],[96.91236,17.28607],[96.91263,17.2859],[96.91241,17.28673],[96.91412,17.28655],[96.91412,17.28628],[96.91376,17.28628],[96.91376,17.28547],[96.91304,17.28547],[96.91313,17.28511],[96.91367,17.28502],[96.91367,17.28448],[96.91304,17.28421],[96.91304,17.28341],[96.91394,17.2835],[96.91385,17.2826],[96.91358,17.2826],[96.91358,17.28305],[96.91304,17.28305],[96.91277,17.28251],[96.91322,17.28251],[96.91331,17.28188],[96.9143,17.28188],[96.91456,17.2826],[96.91546,17.28224],[96.91555,17.28143],[96.9151,17.28143],[96.91483,17.28089],[96.91564,17.28116],[96.916,17.28044],[96.91573,17.28071],[96.91465,17.28053],[96.91456,17.28125],[96.91385,17.28098],[96.91385,17.28143],[96.91358,17.28143],[96.91358,17.28089],[96.91385,17.28089],[96.91385,17.28053],[96.9143,17.28053],[96.91447,17.27972],[96.91483,17.27972],[96.9151,17.28044],[96.91537,17.28044],[96.91564,17.27981],[96.91591,17.27981],[96.91582,17.27945],[96.91582,17.279]],[[96.91286,17.27999],[96.91277,17.28071],[96.91232,17.28071],[96.91241,17.28197],[96.91196,17.28242],[96.91259,17.28323],[96.91259,17.2835],[96.91223,17.2835],[96.91223,17.28421],[96.9125,17.28439],[96.91223,17.28466],[96.91214,17.28404],[96.91187,17.28404],[96.91196,17.28287],[96.91142,17.28296],[96.91169,17.28206],[96.91142,17.28152],[96.91223,17.27981],[96.91259,17.27999],[96.91286,17.27999]],[[96.9125,17.28978],[96.9125,17.29068],[96.91187,17.2905],[96.91151,17.28996],[96.91151,17.28969],[96.91178,17.28978],[96.9125,17.28978]],[[96.91367,17.27918],[96.91304,17.279],[96.91322,17.27829],[96.91385,17.27838],[96.91403,17.27927],[96.91376,17.27918],[96.91367,17.27918]]],[[[96.65131,17.29414],[96.6514,17.29371],[96.65221,17.29319],[96.65247,17.29319],[96.6523,17.29354],[96.65292,17.29354],[96.65265,17.29302],[96.65203,17.29276],[96.65292,17.29113],[96.6523,17.29156],[96.65221,17.29113],[96.65167,17.29122],[96.65113,17.29242],[96.65023,17.29294],[96.65032,17.29336],[96.65122,17.29414],[96.65131,17.29414]]],[[[96.54746,17.29354],[96.54746,17.29225],[96.54719,17.29294],[96.54647,17.29302],[96.54701,17.29268],[96.54692,17.29242],[96.54593,17.29276],[96.54593,17.29225],[96.54549,17.29242],[96.54567,17.29302],[96.54549,17.29259],[96.54495,17.29285],[96.54549,17.29345],[96.54531,17.29396],[96.54558,17.29439],[96.54584,17.29379],[96.54629,17.29371],[96.5462,17.29396],[96.54647,17.29396],[96.54701,17.29371],[96.54701,17.29302],[96.54746,17.29362],[96.54746,17.29354]]],[[[96.66236,17.29336],[96.66137,17.29319],[96.66128,17.29345],[96.66182,17.29448],[96.66209,17.29362],[96.66236,17.29362],[96.66236,17.29336]]],[[[96.66029,17.29336],[96.65966,17.29371],[96.65984,17.29414],[96.65948,17.29448],[96.65957,17.29499],[96.66038,17.29499],[96.66056,17.29431],[96.66137,17.29422],[96.6602,17.29405],[96.66083,17.29302],[96.66038,17.29294],[96.66029,17.29328],[96.66029,17.29336]]],[[[96.65014,17.29414],[96.65041,17.29474],[96.65077,17.29465],[96.65041,17.29517],[96.65095,17.29542],[96.65086,17.29482],[96.65122,17.29491],[96.65122,17.29448],[96.65041,17.29388],[96.65023,17.29414],[96.65014,17.29414]]],[[[96.5524,17.29165],[96.55213,17.29148],[96.55258,17.29165],[96.55294,17.29096],[96.55132,17.29131],[96.55097,17.29096],[96.55132,17.29096],[96.55097,17.2901],[96.5498,17.29028],[96.54935,17.29002],[96.5489,17.29088],[96.54755,17.29139],[96.54755,17.29199],[96.54782,17.29242],[96.54818,17.29156],[96.54836,17.29233],[96.54881,17.29233],[96.5489,17.29285],[96.5498,17.29242],[96.54962,17.29285],[96.54899,17.29285],[96.54899,17.29311],[96.54917,17.29336],[96.54962,17.29311],[96.54962,17.29336],[96.54998,17.29328],[96.54998,17.29396],[96.55025,17.29414],[96.54998,17.29216],[96.55123,17.29148],[96.55123,17.29182],[96.5515,17.29182],[96.55132,17.29216],[96.55168,17.29199],[96.55186,17.29233],[96.55159,17.29242],[96.55168,17.29302],[96.55222,17.29302],[96.55213,17.29371],[96.55177,17.29345],[96.55141,17.29422],[96.55159,17.29457],[96.55204,17.29457],[96.55186,17.29499],[96.5524,17.29551],[96.55222,17.29482],[96.55258,17.29508],[96.55285,17.29482],[96.5524,17.29474],[96.5524,17.29439],[96.55294,17.29431],[96.55267,17.29405],[96.55294,17.29396],[96.5533,17.29216],[96.55294,17.29182],[96.55303,17.29131],[96.55276,17.29131],[96.55276,17.29208],[96.5524,17.29173],[96.5524,17.29165]]],[[[96.65014,17.29414],[96.6496,17.29414],[96.64969,17.29457],[96.64915,17.29448],[96.64906,17.29491],[96.64852,17.29465],[96.6487,17.29542],[96.64843,17.29551],[96.64915,17.29525],[96.64915,17.29551],[96.64969,17.29542],[96.64951,17.29577],[96.64996,17.29568],[96.64987,17.29414],[96.65014,17.29414]]],[[[96.66855,17.29594],[96.66891,17.29577],[96.66909,17.29499],[96.66775,17.29508],[96.66793,17.29542],[96.66766,17.29568],[96.66838,17.29594],[96.66855,17.29594]]],[[[96.66685,17.29637],[96.66721,17.29551],[96.66649,17.29534],[96.66667,17.29637],[96.66685,17.29637]]],[[[96.64637,17.29654],[96.64637,17.29628],[96.64682,17.29637],[96.64682,17.29577],[96.64708,17.29585],[96.64708,17.29482],[96.64673,17.29517],[96.64664,17.29491],[96.6461,17.29508],[96.64619,17.29568],[96.64565,17.29628],[96.64601,17.29654],[96.64637,17.29654]]],[[[96.65104,17.29688],[96.65104,17.29645],[96.65068,17.29628],[96.6496,17.29671],[96.65086,17.29688],[96.65104,17.29688]]],[[[96.55492,17.29645],[96.55519,17.29697],[96.55564,17.2968],[96.55573,17.29714],[96.55618,17.29705],[96.55618,17.2968],[96.55582,17.29697],[96.55582,17.29645],[96.55636,17.29628],[96.55653,17.29534],[96.55582,17.29534],[96.556,17.29499],[96.55636,17.29517],[96.55627,17.29482],[96.55653,17.29474],[96.55671,17.29388],[96.55653,17.29362],[96.55636,17.29388],[96.55618,17.29345],[96.55671,17.29336],[96.55644,17.29294],[96.55689,17.29302],[96.55689,17.29122],[96.55636,17.29139],[96.55644,17.29165],[96.55618,17.29165],[96.55609,17.29122],[96.55609,17.29165],[96.55501,17.29216],[96.55519,17.29268],[96.556,17.29276],[96.55636,17.29328],[96.55564,17.29328],[96.55564,17.29362],[96.55519,17.29362],[96.55537,17.29388],[96.55456,17.29319],[96.55402,17.29328],[96.55429,17.29336],[96.5542,17.29371],[96.55339,17.29362],[96.55384,17.29379],[96.55411,17.29465],[96.55384,17.29465],[96.55393,17.29499],[96.55429,17.29499],[96.55402,17.29542],[96.55483,17.29542],[96.55492,17.29585],[96.55438,17.29637],[96.55465,17.29619],[96.55447,17.29697],[96.55483,17.29662],[96.55474,17.29722],[96.55492,17.29688],[96.55492,17.29645]]],[[[96.56327,17.2968],[96.56309,17.29645],[96.56327,17.2968],[96.56381,17.2968],[96.5639,17.29637],[96.56354,17.29619],[96.56408,17.29594],[96.56354,17.29585],[96.56237,17.29499],[96.56246,17.29474],[96.56201,17.29474],[96.56094,17.29379],[96.5613,17.29431],[96.56121,17.29517],[96.56157,17.29628],[96.56246,17.29628],[96.56237,17.29662],[96.56219,17.29628],[96.56174,17.29654],[96.56192,17.29722],[96.56327,17.29688],[96.56327,17.2968]]],[[[96.55447,17.29697],[96.55438,17.29645],[96.55366,17.29697],[96.55384,17.29637],[96.55303,17.29551],[96.5533,17.29551],[96.5533,17.29517],[96.55285,17.29499],[96.55267,17.29585],[96.55321,17.29594],[96.5533,17.29628],[96.55231,17.29611],[96.5524,17.29637],[96.55195,17.29637],[96.55132,17.29705],[96.55213,17.29748],[96.55132,17.29757],[96.55141,17.29782],[96.55312,17.29757],[96.5533,17.29834],[96.55393,17.29851],[96.55447,17.29774],[96.55447,17.29705],[96.55447,17.29697]]],[[[96.56112,17.2986],[96.5613,17.298],[96.56183,17.29842],[96.56183,17.29748],[96.56139,17.2974],[96.56112,17.29774],[96.56112,17.29851],[96.56112,17.2986]]],[[[96.6726,17.2986],[96.67278,17.2974],[96.67233,17.29731],[96.67233,17.29774],[96.67197,17.29757],[96.67197,17.29791],[96.67206,17.29842],[96.67251,17.2986],[96.6726,17.2986]]],[[[96.56875,17.29928],[96.56911,17.29911],[96.56902,17.29808],[96.56839,17.29825],[96.56848,17.2986],[96.56785,17.2986],[96.56812,17.29903],[96.56848,17.29877],[96.56866,17.29928],[96.56875,17.29928]]],[[[96.68059,17.29945],[96.68041,17.29911],[96.68086,17.2986],[96.68077,17.29774],[96.68032,17.29808],[96.67996,17.29765],[96.67996,17.29834],[96.6796,17.29851],[96.67996,17.29842],[96.67987,17.29928],[96.6805,17.29945],[96.68059,17.29945]]],[[[96.56336,17.29971],[96.56372,17.29937],[96.56264,17.29825],[96.56327,17.29971],[96.56336,17.29971]]],[[[96.57378,17.29937],[96.5736,17.29911],[96.57396,17.29937],[96.57423,17.2992],[96.57333,17.29885],[96.57297,17.29928],[96.57306,17.29894],[96.57279,17.29903],[96.5727,17.29868],[96.57226,17.29885],[96.57226,17.29911],[96.5727,17.29911],[96.5719,17.29945],[96.5719,17.2998],[96.57351,17.29937],[96.57378,17.29937]]],[[[96.55186,17.2998],[96.55285,17.29954],[96.55213,17.29945],[96.55177,17.29903],[96.55204,17.29945],[96.5515,17.2992],[96.55088,17.29945],[96.55079,17.29997],[96.55123,17.30005],[96.55132,17.3004],[96.55186,17.30023],[96.55132,17.29963],[96.55168,17.29954],[96.55177,17.2998],[96.55186,17.2998]]],[[[96.67314,17.3004],[96.67376,17.2986],[96.67359,17.29834],[96.67305,17.2986],[96.67305,17.29954],[96.6726,17.29997],[96.67305,17.3004],[96.67314,17.3004]]],[[[96.65912,17.30177],[96.66002,17.30151],[96.6602,17.30108],[96.66029,17.30143],[96.66074,17.30143],[96.66083,17.30083],[96.65993,17.30074],[96.65912,17.30023],[96.65903,17.30057],[96.65939,17.30065],[96.65984,17.30143],[96.6593,17.3016],[96.65939,17.30134],[96.65885,17.30108],[96.65858,17.30134],[96.65885,17.30177],[96.65912,17.30177]]],[[[96.54998,17.30186],[96.55043,17.30143],[96.5507,17.3016],[96.55079,17.30083],[96.54953,17.30091],[96.54899,17.30125],[96.54944,17.30125],[96.54971,17.30186],[96.54998,17.30186]]],[[[96.55195,17.30203],[96.55249,17.30194],[96.5524,17.30125],[96.55114,17.30143],[96.55114,17.30203],[96.55186,17.30203],[96.55195,17.30203]]],[[[96.57154,17.30186],[96.57199,17.30177],[96.57199,17.30134],[96.57226,17.30143],[96.57279,17.30065],[96.57172,17.30083],[96.57154,17.30117],[96.57127,17.30091],[96.57019,17.30125],[96.57001,17.30048],[96.57055,17.2998],[96.56965,17.29997],[96.56938,17.29937],[96.56875,17.2998],[96.56893,17.30065],[96.5683,17.30083],[96.56848,17.30031],[96.56785,17.30057],[96.56794,17.30125],[96.5692,17.30108],[96.5692,17.30151],[96.56947,17.30151],[96.56947,17.30074],[96.56983,17.30048],[96.56974,17.301],[96.57001,17.30125],[96.56974,17.30151],[96.57037,17.30186],[96.57037,17.30228],[96.57073,17.3022],[96.57064,17.30177],[96.571,17.30143],[96.57154,17.30143],[96.57154,17.30168],[96.57091,17.30186],[96.57154,17.30211],[96.57154,17.30186]]],[[[96.55941,17.30134],[96.55977,17.301],[96.5604,17.30134],[96.5604,17.301],[96.56058,17.30134],[96.56112,17.30143],[96.56139,17.30125],[96.56121,17.30065],[96.56228,17.30074],[96.56183,17.30014],[96.56255,17.29997],[96.56264,17.29963],[96.56237,17.29945],[96.56183,17.2998],[96.56246,17.29928],[96.5621,17.2992],[96.56121,17.29971],[96.56112,17.29928],[96.56192,17.29903],[96.56183,17.2986],[96.56112,17.29877],[96.56031,17.29817],[96.56076,17.29868],[96.56067,17.29903],[96.55995,17.29842],[96.55995,17.29791],[96.55941,17.29808],[96.55923,17.29757],[96.55995,17.29782],[96.56004,17.29748],[96.56058,17.298],[96.56085,17.29748],[96.56058,17.29722],[96.56139,17.29645],[96.56103,17.29577],[96.56121,17.29542],[96.56085,17.29525],[96.56094,17.29474],[96.56067,17.29525],[96.56049,17.29499],[96.56004,17.29508],[96.56022,17.29422],[96.55995,17.29414],[96.55995,17.29336],[96.56058,17.29371],[96.56049,17.29336],[96.56112,17.29328],[96.56255,17.29474],[96.56309,17.29465],[96.56345,17.29414],[96.56327,17.29525],[96.56363,17.29508],[96.56444,17.29585],[96.56498,17.29577],[96.56453,17.29534],[96.56453,17.29508],[96.56489,17.29525],[96.56453,17.29422],[96.56399,17.29448],[96.56354,17.29422],[96.5639,17.29422],[96.5639,17.29379],[96.56354,17.29396],[96.56372,17.29345],[96.56345,17.29345],[96.56345,17.29311],[96.56318,17.29336],[96.56336,17.29362],[96.56246,17.29354],[96.56264,17.29311],[96.56318,17.29319],[96.56309,17.29268],[96.56264,17.29276],[96.563,17.29242],[96.56255,17.29216],[96.56282,17.29199],[96.56255,17.29113],[96.563,17.29131],[96.56336,17.29302],[96.5639,17.29302],[96.56408,17.29233],[96.56462,17.29225],[96.56435,17.29268],[96.56489,17.29225],[96.56507,17.29259],[96.56588,17.29242],[96.56633,17.29191],[96.56597,17.29148],[96.56633,17.29148],[96.56615,17.29088],[96.56651,17.29062],[96.56624,17.29062],[96.56624,17.29028],[96.5666,17.29002],[96.56642,17.28968],[96.56606,17.28993],[96.56579,17.28976],[96.56615,17.28976],[96.56633,17.28933],[96.56606,17.28899],[96.56552,17.28899],[96.5657,17.28959],[96.56516,17.28976],[96.56498,17.2895],[96.56525,17.28925],[96.56462,17.28933],[96.56444,17.28976],[96.5648,17.28985],[96.56444,17.2901],[96.56471,17.29062],[96.56543,17.2901],[96.56597,17.29071],[96.56543,17.29079],[96.56543,17.29105],[96.56597,17.29131],[96.56552,17.29148],[96.56552,17.29113],[96.56525,17.29113],[96.56507,17.29156],[96.56462,17.29156],[96.56435,17.29088],[96.56381,17.29122],[96.56372,17.29165],[96.56354,17.29088],[96.56399,17.29071],[96.56309,17.29045],[96.56345,17.29019],[96.56273,17.28968],[96.56291,17.28882],[96.56246,17.28899],[96.56228,17.28873],[96.56201,17.28899],[96.56219,17.28865],[96.56192,17.2883],[96.56192,17.28873],[96.56139,17.28882],[96.56157,17.28848],[96.56094,17.28848],[96.5613,17.28813],[96.56094,17.28813],[96.56085,17.2877],[96.56067,17.28796],[96.55995,17.28787],[96.55977,17.28848],[96.5595,17.28848],[96.5595,17.28796],[96.55923,17.28787],[96.55932,17.2883],[96.55905,17.2883],[96.55878,17.28813],[96.55887,17.2877],[96.55779,17.28736],[96.5568,17.28873],[96.556,17.28899],[96.55609,17.28968],[96.55644,17.28942],[96.55618,17.28976],[96.55653,17.2901],[96.55716,17.28993],[96.55725,17.29062],[96.55779,17.29062],[96.55779,17.29105],[96.5586,17.29139],[96.5586,17.29088],[96.55887,17.29165],[96.56004,17.29208],[96.5604,17.29191],[96.56031,17.29225],[96.56103,17.29233],[96.56112,17.29276],[96.56076,17.29285],[96.56067,17.29251],[96.56049,17.29294],[96.56022,17.29233],[96.55743,17.29148],[96.55698,17.29294],[96.55725,17.29328],[96.5568,17.29457],[96.55689,17.29594],[96.55662,17.29637],[96.55689,17.29688],[96.55662,17.29714],[96.55716,17.29722],[96.55761,17.29662],[96.55779,17.29697],[96.55725,17.29731],[96.55761,17.29722],[96.55752,17.29748],[96.55689,17.29722],[96.55689,17.29757],[96.55662,17.29757],[96.55644,17.29817],[96.55698,17.29825],[96.5568,17.29868],[96.55707,17.29903],[96.55653,17.29868],[96.55644,17.29928],[96.55698,17.29928],[96.55734,17.29971],[96.5577,17.29894],[96.55752,17.29868],[96.55788,17.2986],[96.5577,17.29928],[96.55797,17.29954],[96.55734,17.29997],[96.55734,17.30065],[96.55797,17.30065],[96.5577,17.30057],[96.55779,17.30005],[96.55824,17.30014],[96.55824,17.30057],[96.55932,17.2998],[96.55932,17.30014],[96.55869,17.30065],[96.55905,17.30083],[96.55905,17.30177],[96.55959,17.30194],[96.55977,17.30168],[96.55959,17.30211],[96.55986,17.30203],[96.56004,17.30246],[96.55995,17.30203],[96.56022,17.30186],[96.55986,17.30125],[96.55959,17.30134],[96.55941,17.30134]]],[[[96.56345,17.30254],[96.56381,17.30237],[96.56246,17.30083],[96.56273,17.30125],[96.56246,17.30151],[96.56318,17.30254],[96.56345,17.30254]]],[[[96.55357,17.30288],[96.55501,17.30237],[96.55501,17.30177],[96.55465,17.30168],[96.55483,17.30143],[96.55429,17.30125],[96.55465,17.30065],[96.55438,17.30014],[96.55483,17.30031],[96.55501,17.29997],[96.55339,17.30023],[96.55348,17.30057],[96.55393,17.30048],[96.55366,17.301],[96.55402,17.30083],[96.55411,17.30117],[96.5533,17.30125],[96.55312,17.30151],[96.55339,17.30168],[96.55285,17.30186],[96.5533,17.30288],[96.55357,17.30288]]],[[[96.5692,17.30288],[96.56992,17.30263],[96.56974,17.3022],[96.56938,17.30254],[96.56956,17.30186],[96.56884,17.30211],[96.56911,17.30288],[96.5692,17.30288]]],[[[96.57046,17.30288],[96.57127,17.3028],[96.57154,17.30306],[96.57172,17.30237],[96.571,17.30237],[96.571,17.30271],[96.57064,17.30237],[96.57037,17.30288],[96.57046,17.30288]]],[[[96.55168,17.30331],[96.55285,17.30297],[96.55276,17.30237],[96.55132,17.30228],[96.55114,17.30288],[96.55159,17.30331],[96.55168,17.30331]]],[[[96.67152,17.30331],[96.67188,17.30271],[96.67161,17.30254],[96.67179,17.30168],[96.67098,17.30108],[96.67098,17.30194],[96.67053,17.30211],[96.67044,17.30297],[96.67143,17.30331],[96.67152,17.30331]]],[[[96.63711,17.30357],[96.63756,17.30306],[96.63747,17.3022],[96.63684,17.30254],[96.63702,17.30357],[96.63711,17.30357]]],[[[96.54827,17.30348],[96.54818,17.30374],[96.54863,17.30374],[96.54863,17.30297],[96.54845,17.30323],[96.548,17.30297],[96.54782,17.30331],[96.54764,17.30297],[96.54701,17.30297],[96.54755,17.30357],[96.54791,17.30357],[96.54809,17.30314],[96.54818,17.30348],[96.54827,17.30348]]],[[[96.55725,17.30417],[96.55752,17.30374],[96.55788,17.30383],[96.55761,17.30288],[96.55815,17.3034],[96.55797,17.3028],[96.55851,17.30246],[96.55878,17.30288],[96.55869,17.30246],[96.55923,17.30228],[96.55896,17.30194],[96.55878,17.30228],[96.5586,17.30203],[96.55833,17.30228],[96.55806,17.30211],[96.55806,17.30237],[96.55689,17.30297],[96.55698,17.304],[96.55734,17.30417],[96.55725,17.30417]]],[[[96.64259,17.30434],[96.64286,17.30383],[96.64259,17.30391],[96.64241,17.30357],[96.64214,17.30374],[96.64205,17.30348],[96.64295,17.30357],[96.64286,17.30383],[96.6434,17.30391],[96.64313,17.304],[96.6434,17.30443],[96.64457,17.30434],[96.64394,17.30357],[96.64439,17.3034],[96.64421,17.3028],[96.64385,17.30271],[96.64376,17.30331],[96.64331,17.30314],[96.64313,17.30374],[96.64304,17.30323],[96.64161,17.30331],[96.64187,17.30366],[96.64161,17.30443],[96.64259,17.30443],[96.64259,17.30434]]],[[[96.57163,17.30486],[96.57199,17.30469],[96.57172,17.30331],[96.57145,17.3034],[96.57154,17.304],[96.57082,17.30383],[96.57064,17.30409],[96.57073,17.3046],[96.571,17.3046],[96.571,17.30426],[96.57163,17.30434],[96.57163,17.30486]]],[[[96.5524,17.30494],[96.55285,17.30477],[96.55285,17.30331],[96.55231,17.3034],[96.55222,17.30494],[96.5524,17.30494]]],[[[96.56678,17.30254],[96.5674,17.30254],[96.56749,17.30211],[96.5683,17.30228],[96.5683,17.30194],[96.56812,17.30168],[96.56713,17.30186],[96.56669,17.30117],[96.56624,17.30117],[96.5657,17.30065],[96.56561,17.30108],[96.56516,17.3004],[96.56498,17.30057],[96.56525,17.30074],[96.56471,17.30065],[96.5648,17.30031],[96.56453,17.30023],[96.56381,17.30083],[96.56408,17.30237],[96.56444,17.30314],[96.5648,17.30306],[96.56453,17.30366],[96.56507,17.30366],[96.56471,17.30409],[96.56543,17.30383],[96.56543,17.3034],[96.5657,17.30348],[96.56561,17.30409],[96.5648,17.30434],[96.56606,17.30434],[96.56588,17.30494],[96.56624,17.30494],[96.56642,17.30451],[96.56615,17.30443],[96.5666,17.304],[96.56615,17.30271],[96.56678,17.30271],[96.56678,17.30254]]],[[[96.55357,17.30503],[96.55393,17.30391],[96.55366,17.30323],[96.55312,17.3034],[96.55312,17.30477],[96.55339,17.30503],[96.55357,17.30503]]],[[[96.68544,17.30469],[96.68535,17.30409],[96.68481,17.30409],[96.68481,17.30434],[96.68508,17.30426],[96.6849,17.30486],[96.68517,17.30477],[96.68499,17.3052],[96.68562,17.3052],[96.68562,17.30469],[96.68544,17.30469]]],[[[96.68365,17.30469],[96.68347,17.30486],[96.68445,17.30486],[96.68445,17.3046],[96.6841,17.3046],[96.68437,17.3046],[96.68437,17.30409],[96.6841,17.30323],[96.68374,17.30314],[96.68374,17.30288],[96.6841,17.30306],[96.68392,17.30271],[96.68338,17.30306],[96.68311,17.30288],[96.68275,17.3034],[96.68248,17.30314],[96.68203,17.30331],[96.68221,17.30357],[96.68167,17.30348],[96.68158,17.304],[96.68176,17.30366],[96.68203,17.30391],[96.68257,17.30357],[96.68257,17.30409],[96.68203,17.30391],[96.6814,17.30443],[96.68131,17.30357],[96.68095,17.30366],[96.68104,17.304],[96.68059,17.30391],[96.68059,17.30434],[96.68041,17.304],[96.68023,17.30443],[96.6805,17.30451],[96.6805,17.30529],[96.68158,17.3052],[96.68149,17.30494],[96.68176,17.30494],[96.68194,17.30546],[96.68347,17.30503],[96.68302,17.30443],[96.6832,17.30409],[96.68338,17.3046],[96.68365,17.30426],[96.68365,17.3046],[96.68365,17.30469]]],[[[96.55968,17.30469],[96.5595,17.30486],[96.5595,17.304],[96.55905,17.30409],[96.55914,17.30348],[96.55806,17.30426],[96.55851,17.30511],[96.55986,17.3052],[96.55995,17.30571],[96.56013,17.30546],[96.55977,17.30469],[96.55968,17.30469]]],[[[96.66972,17.30297],[96.66945,17.30288],[96.6699,17.30288],[96.66972,17.30246],[96.66945,17.30263],[96.66882,17.30228],[96.66855,17.30254],[96.66802,17.3022],[96.66793,17.30271],[96.66838,17.30271],[96.66802,17.30323],[96.66846,17.30323],[96.66855,17.3028],[96.669,17.30314],[96.66864,17.304],[96.6682,17.304],[96.66864,17.30417],[96.66829,17.30443],[96.66855,17.3046],[96.66864,17.3052],[96.66838,17.30546],[96.66864,17.30571],[96.66945,17.30434],[96.66945,17.30306],[96.66972,17.30306],[96.66972,17.30297]]],[[[96.67053,17.30692],[96.67098,17.3064],[96.67071,17.30614],[96.67116,17.3058],[96.67089,17.30563],[96.67107,17.30477],[96.67017,17.3046],[96.66999,17.30494],[96.67035,17.30511],[96.66999,17.30529],[96.67044,17.30554],[96.67008,17.30554],[96.66963,17.30649],[96.67017,17.30683],[96.67008,17.3064],[96.67044,17.3064],[96.67035,17.30692],[96.67053,17.30692]]],[[[96.55797,17.30777],[96.55815,17.30752],[96.5577,17.30752],[96.55743,17.30623],[96.55797,17.30623],[96.55788,17.3058],[96.55815,17.30563],[96.55698,17.30494],[96.55653,17.30529],[96.5568,17.3064],[96.55662,17.30692],[96.55716,17.30769],[96.55788,17.30777],[96.55797,17.30777]]],[[[96.68167,17.3076],[96.68194,17.30743],[96.68194,17.30777],[96.68284,17.30786],[96.68401,17.30734],[96.68463,17.30752],[96.68463,17.30726],[96.68508,17.30726],[96.68526,17.30752],[96.68598,17.30726],[96.68571,17.30632],[96.68544,17.30649],[96.68571,17.307],[96.68544,17.30683],[96.68526,17.30709],[96.68535,17.30666],[96.68472,17.30666],[96.6849,17.30632],[96.68463,17.3064],[96.68463,17.30606],[96.68499,17.3064],[96.68517,17.30614],[96.68562,17.30623],[96.68553,17.30597],[96.68571,17.30623],[96.68643,17.30614],[96.6867,17.30546],[96.68535,17.30571],[96.6849,17.30546],[96.6849,17.3058],[96.68445,17.30597],[96.6841,17.30563],[96.68347,17.30597],[96.68248,17.3058],[96.68185,17.30632],[96.68203,17.30674],[96.68167,17.30674],[96.68176,17.30649],[96.68041,17.30666],[96.6805,17.30803],[96.68167,17.30769],[96.68167,17.3076]]],[[[96.66424,17.30812],[96.66622,17.3076],[96.66667,17.30803],[96.66658,17.30752],[96.66685,17.30752],[96.66694,17.30692],[96.66712,17.30743],[96.66793,17.30734],[96.66838,17.30726],[96.66793,17.307],[96.6682,17.30683],[96.66802,17.3064],[96.66873,17.30657],[96.66873,17.30623],[96.66811,17.30623],[96.66784,17.3058],[96.66784,17.3052],[96.66829,17.3052],[96.66829,17.30477],[96.66784,17.30494],[96.66775,17.30451],[96.66775,17.30417],[96.66811,17.30409],[96.66721,17.30391],[96.66748,17.30348],[96.66712,17.30306],[96.66766,17.30306],[96.66775,17.30331],[96.66784,17.30263],[96.66757,17.30246],[96.66721,17.30288],[96.66694,17.30254],[96.66721,17.30168],[96.66649,17.30168],[96.66622,17.30108],[96.66595,17.30168],[96.6664,17.30168],[96.66631,17.3022],[96.66667,17.3022],[96.66685,17.30271],[96.66604,17.3022],[96.66568,17.30237],[96.66568,17.30168],[96.66541,17.3016],[96.66559,17.30271],[96.66631,17.30297],[96.66559,17.30306],[96.66559,17.30409],[96.66676,17.3046],[96.66523,17.30451],[96.66505,17.3052],[96.66577,17.30657],[96.66532,17.30649],[96.66532,17.30597],[96.66478,17.30597],[96.66406,17.30812],[96.66424,17.30812]]],[[[96.55609,17.30769],[96.55591,17.30743],[96.55618,17.30769],[96.55582,17.30794],[96.55653,17.30803],[96.55662,17.30829],[96.55671,17.30769],[96.55636,17.30709],[96.55591,17.307],[96.556,17.30666],[96.55564,17.30743],[96.55591,17.30769],[96.55609,17.30769]]],[[[96.56121,17.30966],[96.56121,17.3094],[96.563,17.30915],[96.56255,17.307],[96.56004,17.3076],[96.56004,17.30786],[96.55959,17.30752],[96.55779,17.30803],[96.55932,17.30975],[96.56085,17.3094],[96.56112,17.30966],[96.56121,17.30966]]],[[[96.66838,17.30829],[96.66802,17.30837],[96.66936,17.30915],[96.66963,17.30983],[96.66981,17.30957],[96.66909,17.30855],[96.66909,17.30803],[96.66891,17.30829],[96.66838,17.30812],[96.66838,17.30829]]],[[[96.55689,17.30872],[96.5568,17.30923],[96.55707,17.30889],[96.55716,17.30923],[96.55662,17.30932],[96.55653,17.30889],[96.55636,17.3094],[96.55689,17.3094],[96.55707,17.30975],[96.55653,17.30957],[96.55644,17.31026],[96.55689,17.31009],[96.55698,17.31035],[96.55707,17.31],[96.55779,17.31017],[96.5577,17.30966],[96.55878,17.31],[96.55698,17.30786],[96.5568,17.30829],[96.55707,17.30846],[96.55671,17.30872],[96.55689,17.30872]]],[[[96.56121,17.30966],[96.56058,17.31],[96.56166,17.31035],[96.56207,17.30973],[96.56174,17.30966],[96.56121,17.30966]]],[[[96.66568,17.29594],[96.66604,17.29474],[96.66559,17.29465],[96.66577,17.29396],[96.66505,17.29311],[96.6655,17.29345],[96.66613,17.29336],[96.66577,17.29396],[96.66667,17.29379],[96.66658,17.29439],[96.66622,17.29388],[96.66577,17.29414],[96.66631,17.29431],[96.66622,17.29474],[96.6664,17.29448],[96.66739,17.29482],[96.66802,17.29457],[96.66829,17.29482],[96.66945,17.29465],[96.66954,17.29499],[96.66981,17.29448],[96.67026,17.29457],[96.66999,17.29508],[96.66927,17.29525],[96.66963,17.29568],[96.66918,17.29602],[96.66954,17.29619],[96.66909,17.29602],[96.66864,17.29645],[96.66811,17.29594],[96.66766,17.29611],[96.66766,17.29662],[96.66703,17.29645],[96.66703,17.29722],[96.66649,17.29705],[96.66631,17.29654],[96.66613,17.29705],[96.66595,17.2968],[96.66568,17.29705],[96.66586,17.29791],[96.66559,17.29834],[96.66631,17.29903],[96.6655,17.29885],[96.66568,17.30014],[96.66586,17.29988],[96.6664,17.30014],[96.66622,17.2998],[96.66703,17.29945],[96.66685,17.29894],[96.6664,17.29945],[96.6664,17.29903],[96.66658,17.29877],[96.66712,17.29885],[96.66802,17.29971],[96.66739,17.29988],[96.66685,17.29963],[96.66721,17.30014],[96.66784,17.30023],[96.6673,17.30048],[96.66775,17.301],[96.66757,17.30143],[96.66793,17.3016],[96.66766,17.30194],[96.66864,17.30194],[96.66882,17.30117],[96.66793,17.30125],[96.66784,17.30091],[96.66927,17.30074],[96.66882,17.30065],[96.66891,17.29963],[96.66829,17.29954],[96.66838,17.29894],[96.66811,17.2986],[96.66855,17.29877],[96.66855,17.29911],[96.66909,17.29894],[96.66909,17.30005],[96.66945,17.30005],[96.66945,17.29885],[96.66981,17.29903],[96.66963,17.29971],[96.67053,17.29971],[96.67035,17.30014],[96.66972,17.30005],[96.66981,17.30031],[96.67107,17.30057],[96.67116,17.29997],[96.67062,17.30023],[96.67071,17.29928],[96.67035,17.2992],[96.67035,17.29868],[96.67008,17.2986],[96.6717,17.29851],[96.67125,17.29825],[96.67161,17.29825],[96.67188,17.29774],[96.67179,17.29731],[96.6708,17.29731],[96.67062,17.29688],[96.67008,17.29688],[96.66963,17.29731],[96.66972,17.29662],[96.67008,17.29662],[96.67026,17.29611],[96.67026,17.2968],[96.67098,17.29697],[96.67089,17.29662],[96.67143,17.29662],[96.67215,17.29688],[96.67224,17.29645],[96.6717,17.29654],[96.67134,17.29611],[96.67188,17.29577],[96.67197,17.29619],[96.67278,17.29619],[96.67251,17.29697],[96.67305,17.29722],[96.6735,17.29628],[96.67332,17.29594],[96.6726,17.29602],[96.6717,17.29559],[96.67251,17.29551],[96.67251,17.29508],[96.67224,17.29499],[96.67224,17.29448],[96.67197,17.29499],[96.6717,17.29491],[96.67206,17.29439],[96.6717,17.29422],[96.6717,17.29354],[96.67116,17.29354],[96.67152,17.29422],[96.67098,17.29414],[96.67098,17.29328],[96.67062,17.29328],[96.67062,17.29302],[96.67107,17.29294],[96.67107,17.29259],[96.67107,17.29336],[96.67152,17.29336],[96.6717,17.29302],[96.6717,17.29336],[96.67305,17.29345],[96.67278,17.29405],[96.67233,17.29405],[96.67233,17.29465],[96.67314,17.29405],[96.67305,17.29371],[96.67341,17.29371],[96.67332,17.29319],[96.67341,17.29345],[96.67376,17.29328],[96.67332,17.29242],[96.67359,17.29208],[96.67368,17.29251],[96.67412,17.29251],[96.67376,17.29311],[96.67403,17.29396],[96.67466,17.29311],[96.67421,17.29285],[96.67457,17.29259],[96.67439,17.29225],[96.67376,17.29216],[96.67376,17.29148],[96.67457,17.29131],[96.67412,17.29113],[96.67421,17.29079],[96.67493,17.29105],[96.67466,17.29053],[96.67529,17.29071],[96.67547,17.28985],[96.67493,17.29019],[96.6752,17.29002],[96.67511,17.2895],[96.67502,17.28985],[96.67457,17.28985],[96.67385,17.28933],[96.67502,17.28916],[96.67439,17.28899],[96.67421,17.28856],[96.67412,17.2889],[96.67394,17.28856],[96.67359,17.28865],[96.67376,17.28933],[96.6735,17.28933],[96.67332,17.2883],[96.67206,17.2883],[96.67116,17.29105],[96.67062,17.29088],[96.67098,17.29036],[96.67044,17.2901],[96.66927,17.29028],[96.6699,17.29079],[96.66882,17.29071],[96.66918,17.28993],[96.66882,17.29028],[96.66864,17.2901],[96.66927,17.28968],[96.66936,17.28916],[96.67008,17.2895],[96.6699,17.28985],[96.66972,17.28959],[96.66945,17.28985],[96.67017,17.29002],[96.67053,17.28959],[96.67116,17.29002],[96.67134,17.28942],[96.67071,17.28908],[96.67107,17.28916],[96.67134,17.28873],[96.67008,17.28865],[96.66999,17.28916],[96.66963,17.28925],[96.66954,17.2883],[96.6717,17.28848],[96.67233,17.28667],[96.67269,17.28659],[96.67296,17.28702],[96.67359,17.28676],[96.6735,17.2865],[96.67305,17.28659],[96.67296,17.28625],[96.67242,17.2865],[96.67242,17.28625],[96.6726,17.28556],[96.67323,17.28625],[96.67314,17.28556],[96.67341,17.28522],[96.67305,17.2847],[96.67341,17.28462],[96.6735,17.2841],[96.67385,17.2841],[96.67385,17.28376],[96.67403,17.28419],[96.67475,17.28376],[96.67502,17.2841],[96.67592,17.28419],[96.67592,17.28444],[96.67502,17.28427],[96.67529,17.28453],[96.67511,17.28487],[96.67484,17.28427],[96.67448,17.28427],[96.6743,17.28479],[96.67475,17.28487],[96.67439,17.28496],[96.6743,17.28547],[96.67538,17.28496],[96.67547,17.2853],[96.67511,17.28547],[96.67547,17.28556],[96.6752,17.28573],[96.67646,17.28573],[96.6761,17.28522],[96.67637,17.2847],[96.67601,17.28427],[96.67637,17.28376],[96.67574,17.28401],[96.67574,17.28359],[96.67475,17.2835],[96.67439,17.28376],[96.67421,17.28333],[96.67403,17.28359],[96.67323,17.28324],[96.67359,17.28376],[96.67269,17.28376],[96.67332,17.28419],[96.67323,17.28444],[96.67206,17.28401],[96.67179,17.28419],[96.67188,17.28307],[96.67215,17.28324],[96.67206,17.28401],[96.6726,17.28384],[96.67305,17.28127],[96.67332,17.28136],[96.67323,17.2817],[96.67368,17.28144],[96.67511,17.2817],[96.67502,17.28127],[96.67457,17.2811],[96.67511,17.28067],[96.67394,17.28041],[96.67394,17.28016],[96.67556,17.2805],[96.67619,17.28016],[96.67673,17.28093],[96.67763,17.28084],[96.67754,17.27998],[96.6761,17.27947],[96.67772,17.27973],[96.67772,17.27921],[96.67664,17.27887],[96.67628,17.27921],[96.67628,17.2787],[96.6752,17.27887],[96.6752,17.27861],[96.67466,17.27861],[96.6743,17.27904],[96.67385,17.27878],[96.67376,17.27904],[96.67412,17.27921],[96.67376,17.27938],[96.67323,17.27904],[96.67314,17.27973],[96.67296,17.27887],[96.67143,17.27913],[96.6717,17.27895],[96.67143,17.27827],[96.67188,17.27724],[96.67089,17.27707],[96.6708,17.27672],[96.67098,17.27647],[96.67107,17.27681],[96.67125,17.27655],[96.67179,17.27664],[96.67152,17.2763],[96.67242,17.27492],[96.67188,17.27415],[96.67152,17.27415],[96.67161,17.27467],[96.67125,17.27475],[96.67134,17.27527],[96.67107,17.27544],[96.67107,17.27578],[96.67152,17.27578],[96.67134,17.27604],[96.6708,17.27587],[96.67089,17.27621],[96.67053,17.27638],[96.67071,17.2769],[96.6699,17.27767],[96.67053,17.27784],[96.67044,17.27835],[96.67017,17.27827],[96.67035,17.27784],[96.67008,17.27818],[96.66972,17.27792],[96.66972,17.27835],[96.67044,17.27878],[96.67035,17.28067],[96.67116,17.28067],[96.67107,17.2811],[96.6717,17.28093],[96.6717,17.28127],[96.67098,17.2811],[96.67071,17.28187],[96.67071,17.28221],[96.67125,17.28213],[96.67161,17.28264],[96.67044,17.28239],[96.67017,17.28367],[96.67062,17.28367],[96.67071,17.28401],[96.66972,17.28427],[96.67008,17.28436],[96.67008,17.28539],[96.67098,17.28513],[96.67107,17.28547],[96.66999,17.28616],[96.669,17.28556],[96.66793,17.28564],[96.66793,17.28539],[96.66963,17.2853],[96.66972,17.28496],[96.66838,17.28513],[96.66873,17.28401],[96.66811,17.28367],[96.66981,17.2841],[96.66954,17.28341],[96.66981,17.28273],[96.66918,17.28256],[96.669,17.28359],[96.66811,17.28359],[96.66846,17.28204],[96.66721,17.28187],[96.66694,17.28239],[96.66703,17.28376],[96.66757,17.28384],[96.66784,17.2835],[96.66802,17.28384],[96.66694,17.28436],[96.66712,17.28582],[96.66739,17.28599],[96.6673,17.28625],[96.66694,17.28616],[96.66703,17.28727],[96.66748,17.28727],[96.66757,17.28667],[96.66793,17.28719],[96.66882,17.28702],[96.66891,17.28727],[96.66846,17.28745],[96.66855,17.28796],[96.66757,17.28805],[96.6673,17.28779],[96.66676,17.2883],[96.66658,17.28813],[96.66667,17.28993],[96.6664,17.2901],[96.66613,17.28908],[96.6664,17.28856],[96.66577,17.28813],[96.66622,17.28787],[96.6664,17.28685],[96.6655,17.28676],[96.66514,17.28805],[96.66514,17.28693],[96.66415,17.28727],[96.6637,17.28787],[96.66424,17.28796],[96.66379,17.2883],[96.66433,17.28822],[96.66433,17.28865],[96.66352,17.28822],[96.66325,17.28839],[96.66343,17.28873],[96.66433,17.2889],[96.66442,17.28942],[96.66424,17.28959],[96.66424,17.28916],[96.66343,17.28873],[96.66254,17.28873],[96.66263,17.28985],[96.66209,17.28993],[96.66191,17.29045],[96.66218,17.29062],[96.662,17.29096],[96.66307,17.29062],[96.66281,17.29122],[96.66299,17.29173],[96.66281,17.29199],[96.66236,17.29139],[96.66155,17.29251],[96.66191,17.29302],[96.66191,17.29259],[96.66236,17.29242],[96.66209,17.29208],[96.6629,17.29208],[96.6629,17.29259],[96.66236,17.29268],[96.66299,17.29268],[96.66299,17.29302],[96.66236,17.29276],[96.66218,17.29311],[96.66236,17.29336],[96.66316,17.29336],[96.66281,17.29422],[96.66299,17.29465],[96.66361,17.29431],[96.66361,17.29379],[96.66505,17.29431],[96.66532,17.29431],[96.66505,17.29414],[96.66523,17.29396],[96.6655,17.29448],[96.66496,17.29457],[96.66505,17.29525],[96.66433,17.29499],[96.66397,17.29525],[96.6637,17.29431],[96.66325,17.29474],[96.66245,17.29482],[96.66245,17.29525],[96.66263,17.29508],[96.66307,17.29551],[96.66343,17.29534],[96.66352,17.29577],[96.66334,17.29619],[96.66263,17.29628],[96.66236,17.29559],[96.66227,17.29628],[96.662,17.29637],[96.66325,17.29628],[96.66361,17.29654],[96.66379,17.29559],[96.66406,17.29611],[96.6637,17.29705],[96.66325,17.29688],[96.66299,17.29714],[96.66316,17.29774],[96.66334,17.2974],[96.6637,17.29757],[96.66334,17.29791],[96.66272,17.298],[96.66236,17.29757],[96.66209,17.29791],[96.662,17.2974],[96.66155,17.29757],[96.66155,17.2968],[96.6611,17.29671],[96.66119,17.29705],[96.66092,17.29697],[96.66092,17.29611],[96.66119,17.29654],[96.66182,17.29611],[96.66182,17.29585],[96.66146,17.29594],[96.66173,17.29482],[96.66137,17.29457],[96.66065,17.29474],[96.66065,17.29542],[96.66101,17.29534],[96.66119,17.29568],[96.66074,17.29559],[96.66074,17.29619],[96.66029,17.29619],[96.66056,17.2968],[96.66002,17.29662],[96.6602,17.29628],[96.65975,17.29637],[96.65948,17.29602],[96.65984,17.29577],[96.66029,17.29611],[96.66047,17.29534],[96.6602,17.29508],[96.65939,17.29542],[96.6593,17.29585],[96.65894,17.29559],[96.65912,17.29602],[96.65858,17.29628],[96.65858,17.2968],[96.65975,17.29654],[96.6593,17.29705],[96.65849,17.29688],[96.65831,17.2974],[96.65867,17.2974],[96.65912,17.29808],[96.6584,17.298],[96.65813,17.29842],[96.65867,17.29877],[96.6593,17.29834],[96.65948,17.29868],[96.65903,17.29868],[96.65894,17.29928],[96.65858,17.29894],[96.65822,17.29937],[96.65786,17.29937],[96.65786,17.29894],[96.65751,17.2992],[96.65751,17.29954],[96.65777,17.29954],[96.65777,17.30074],[96.65786,17.29997],[96.65795,17.30031],[96.6584,17.30031],[96.65831,17.29997],[96.65867,17.29997],[96.65912,17.2992],[96.65948,17.29937],[96.65984,17.29894],[96.65993,17.29928],[96.65975,17.29842],[96.66047,17.29834],[96.66056,17.29791],[96.66029,17.29808],[96.66002,17.29782],[96.65975,17.29825],[96.6593,17.29825],[96.65966,17.29791],[96.65912,17.29748],[96.65948,17.29765],[96.65948,17.29714],[96.66011,17.2968],[96.6602,17.29705],[96.65966,17.2974],[96.65975,17.29765],[96.65984,17.2974],[96.66065,17.29765],[96.66065,17.29791],[96.66092,17.29774],[96.66056,17.29885],[96.66119,17.29928],[96.6611,17.30057],[96.66164,17.30023],[96.66146,17.29997],[96.66209,17.30014],[96.66182,17.30065],[96.66209,17.30117],[96.66146,17.30151],[96.66218,17.30194],[96.66182,17.30254],[96.66182,17.3022],[96.66155,17.3022],[96.66209,17.3034],[96.66101,17.3028],[96.66083,17.30331],[96.66056,17.30323],[96.66065,17.30288],[96.6602,17.30237],[96.66074,17.30246],[96.66074,17.30211],[96.6602,17.3016],[96.65993,17.3016],[96.66029,17.30177],[96.66011,17.30237],[96.65921,17.30177],[96.65903,17.30263],[96.65876,17.30237],[96.65777,17.30254],[96.65769,17.3016],[96.6584,17.30134],[96.65795,17.301],[96.65777,17.30134],[96.65751,17.30125],[96.65751,17.3028],[96.65867,17.30271],[96.65858,17.30306],[96.65822,17.30297],[96.65786,17.30331],[96.6576,17.30391],[96.65742,17.30348],[96.65724,17.30434],[96.65813,17.30409],[96.6584,17.30451],[96.65724,17.30477],[96.65715,17.3052],[96.65769,17.3052],[96.65777,17.30563],[96.6567,17.3064],[96.65652,17.307],[96.65697,17.30657],[96.65742,17.30734],[96.6576,17.30657],[96.65804,17.30666],[96.65831,17.30717],[96.65903,17.30683],[96.65912,17.30752],[96.65948,17.30726],[96.65939,17.30769],[96.65894,17.30786],[96.65894,17.30743],[96.65849,17.3082],[96.65939,17.3082],[96.65975,17.30872],[96.65876,17.30889],[96.65867,17.30837],[96.65804,17.30872],[96.65813,17.3082],[96.6576,17.3088],[96.65742,17.30846],[96.65661,17.30863],[96.65661,17.30812],[96.65777,17.3082],[96.65661,17.30743],[96.65625,17.30674],[96.65634,17.30717],[96.65589,17.30726],[96.65607,17.30777],[96.65571,17.30794],[96.65562,17.30863],[96.65643,17.3088],[96.6558,17.30932],[96.65634,17.30992],[96.65661,17.30906],[96.65715,17.30872],[96.65769,17.3094],[96.65742,17.30975],[96.65679,17.30949],[96.65661,17.30992],[96.65742,17.31009],[96.65777,17.30983],[96.65795,17.31035],[96.65876,17.31],[96.65849,17.31026],[96.65858,17.31138],[96.65885,17.31129],[96.65912,17.31009],[96.65966,17.31035],[96.66011,17.30983],[96.65984,17.31035],[96.66083,17.31026],[96.66065,17.31086],[96.66092,17.31086],[96.66092,17.31052],[96.66137,17.31052],[96.66164,17.31009],[96.66155,17.30975],[96.66209,17.31017],[96.66218,17.30957],[96.66182,17.30932],[96.66236,17.30949],[96.6629,17.30889],[96.66272,17.30855],[96.66316,17.30863],[96.66325,17.30777],[96.66263,17.30752],[96.66316,17.307],[96.66316,17.30657],[96.66263,17.30632],[96.66406,17.30623],[96.66316,17.30563],[96.66415,17.30546],[96.66442,17.30451],[96.66415,17.30434],[96.66406,17.30469],[96.6637,17.30469],[96.66316,17.30426],[96.6629,17.30494],[96.66307,17.30554],[96.66254,17.30554],[96.6629,17.30426],[96.66254,17.30306],[96.66388,17.30254],[96.66388,17.30323],[96.66352,17.3028],[96.66325,17.30288],[96.66307,17.304],[96.66451,17.30426],[96.6646,17.30314],[96.66433,17.30331],[96.66433,17.30297],[96.66469,17.30288],[96.66451,17.30228],[96.66478,17.30246],[96.66451,17.30143],[96.66415,17.30143],[96.66424,17.30117],[96.66343,17.30143],[96.66299,17.301],[96.66343,17.30091],[96.66352,17.29988],[96.66397,17.2992],[96.66451,17.29928],[96.66505,17.29988],[96.66541,17.2998],[96.66523,17.29911],[96.66478,17.29911],[96.66505,17.2986],[96.66469,17.29851],[96.66505,17.29851],[96.66532,17.29782],[96.66496,17.29731],[96.66559,17.2974],[96.66532,17.29671],[96.66577,17.29671],[96.66559,17.29619],[96.66586,17.29637],[96.66586,17.29594],[96.66568,17.29594]],[[96.66164,17.30426],[96.66128,17.30451],[96.6611,17.30554],[96.66155,17.30546],[96.66173,17.30589],[96.66092,17.30571],[96.66065,17.30614],[96.66101,17.30666],[96.66155,17.30606],[96.66155,17.30674],[96.66119,17.30657],[96.6611,17.307],[96.66083,17.30683],[96.66074,17.3076],[96.66047,17.3076],[96.66029,17.30717],[96.66074,17.30674],[96.6602,17.30657],[96.6602,17.30726],[96.65966,17.307],[96.65966,17.30743],[96.66011,17.30752],[96.66011,17.30794],[96.65975,17.30794],[96.65948,17.30777],[96.65948,17.30683],[96.65993,17.30674],[96.66011,17.30632],[96.65975,17.30589],[96.66038,17.30597],[96.66047,17.30486],[96.66074,17.30477],[96.66056,17.30426],[96.66101,17.30409],[96.66101,17.30383],[96.65993,17.30391],[96.66056,17.30348],[96.66164,17.30417],[96.66164,17.30426]],[[96.66128,17.30794],[96.66146,17.30837],[96.66101,17.30855],[96.66119,17.30889],[96.66173,17.30889],[96.66173,17.30923],[96.66092,17.30957],[96.66092,17.31009],[96.66056,17.31009],[96.66047,17.3094],[96.65993,17.30966],[96.6602,17.30872],[96.65975,17.30932],[96.65957,17.30897],[96.65993,17.30872],[96.65993,17.3082],[96.66038,17.3082],[96.66074,17.3088],[96.6611,17.30794],[96.66128,17.30794]],[[96.66802,17.29225],[96.66775,17.29199],[96.66775,17.29268],[96.6673,17.29251],[96.66721,17.29276],[96.66712,17.29191],[96.66685,17.29199],[96.66685,17.29268],[96.66622,17.29216],[96.66658,17.29216],[96.66658,17.29173],[96.66694,17.29165],[96.66811,17.29173],[96.6682,17.29268],[96.669,17.29251],[96.66945,17.29294],[96.66945,17.29319],[96.66838,17.29311],[96.66945,17.29371],[96.6699,17.29345],[96.66963,17.29294],[96.66999,17.29302],[96.66999,17.29251],[96.67035,17.29251],[96.66999,17.29388],[96.6708,17.29396],[96.6708,17.29457],[96.67008,17.29396],[96.66963,17.29405],[96.66963,17.29379],[96.669,17.29405],[96.66882,17.29354],[96.66811,17.29362],[96.66775,17.29328],[96.66802,17.29233],[96.66802,17.29225]],[[96.67206,17.29156],[96.67134,17.29105],[96.6717,17.29088],[96.67233,17.29173],[96.67305,17.29165],[96.67359,17.29199],[96.67287,17.29191],[96.67287,17.29268],[96.67251,17.29259],[96.67242,17.29285],[96.67206,17.29242],[96.67062,17.29225],[96.67098,17.29191],[96.67224,17.29233],[96.67251,17.29182],[96.67206,17.29173],[96.67206,17.29156]],[[96.67332,17.29088],[96.67242,17.29079],[96.67287,17.28968],[96.6735,17.28993],[96.67341,17.29088],[96.67332,17.29088]],[[96.66891,17.28813],[96.66918,17.28693],[96.66954,17.28659],[96.67026,17.28659],[96.67044,17.28693],[96.66981,17.28762],[96.66999,17.28796],[96.66918,17.28813],[96.66891,17.28813]]],[[[96.67026,17.31146],[96.67008,17.31043],[96.67071,17.31043],[96.6708,17.30906],[96.67125,17.30915],[96.67071,17.30846],[96.67026,17.30855],[96.67107,17.30803],[96.67098,17.30717],[96.67026,17.30734],[96.67008,17.30769],[96.66972,17.30752],[96.66954,17.30786],[96.66954,17.30829],[96.67017,17.30837],[96.67008,17.30863],[96.66972,17.30855],[96.66999,17.30932],[96.67035,17.30889],[96.67062,17.30966],[96.67008,17.31017],[96.66972,17.30992],[96.66981,17.31095],[96.67008,17.31095],[96.67017,17.31146],[96.67026,17.31146]]],[[[96.65777,17.31155],[96.65813,17.31129],[96.65822,17.31052],[96.65769,17.3106],[96.65733,17.31026],[96.6567,17.31095],[96.65688,17.31138],[96.65733,17.31129],[96.65751,17.31155],[96.65777,17.31155]]],[[[96.65616,17.31266],[96.65616,17.31232],[96.65661,17.31206],[96.6567,17.3124],[96.65679,17.31206],[96.65625,17.31206],[96.65607,17.31172],[96.65562,17.31189],[96.65589,17.31266],[96.65616,17.31266]]],[[[96.6593,17.31172],[96.65885,17.31215],[96.65939,17.31232],[96.65939,17.31206],[96.65939,17.31266],[96.66047,17.31189],[96.66038,17.31112],[96.65975,17.3106],[96.6593,17.31155],[96.6593,17.31172]]],[[[96.65562,17.30966],[96.65571,17.30889],[96.65499,17.30897],[96.65472,17.31026],[96.654,17.31069],[96.654,17.31146],[96.65337,17.31189],[96.65319,17.31266],[96.65265,17.31318],[96.65274,17.31361],[96.65328,17.31361],[96.6531,17.31326],[96.65373,17.31249],[96.654,17.31275],[96.65436,17.31258],[96.65436,17.31283],[96.65499,17.31266],[96.65436,17.31249],[96.65391,17.31172],[96.65427,17.31172],[96.65427,17.3112],[96.65472,17.31112],[96.65508,17.31189],[96.65463,17.3118],[96.65463,17.31206],[96.65517,17.3124],[96.65517,17.3118],[96.65589,17.31095],[96.65508,17.3106],[96.6549,17.31103],[96.65445,17.31086],[96.65499,17.31035],[96.65499,17.30992],[96.65535,17.30992],[96.65544,17.31026],[96.65616,17.31026],[96.65562,17.30975],[96.65562,17.30966]]],[[[96.67206,17.31335],[96.67224,17.31292],[96.67179,17.31275],[96.67152,17.31309],[96.67107,17.31258],[96.67134,17.31326],[96.67116,17.31378],[96.6717,17.31318],[96.67152,17.31369],[96.67206,17.31421],[96.67206,17.31352],[96.67206,17.31335]]],[[[96.59956,17.31369],[96.60001,17.31361],[96.59992,17.31403],[96.60028,17.31412],[96.6001,17.31446],[96.60046,17.31463],[96.60073,17.31266],[96.59956,17.31232],[96.5992,17.31258],[96.59929,17.31283],[96.59965,17.31275],[96.59965,17.31335],[96.59911,17.31335],[96.59903,17.31309],[96.59885,17.31352],[96.59956,17.31386],[96.59956,17.31369]]],[[[96.66101,17.31438],[96.66065,17.31421],[96.66011,17.31446],[96.66002,17.31549],[96.66038,17.31558],[96.66047,17.31498],[96.66092,17.31506],[96.66083,17.31438],[96.66101,17.31438]]],[[[96.66101,17.31429],[96.6611,17.31532],[96.66065,17.31523],[96.66065,17.31549],[96.662,17.31566],[96.66218,17.31515],[96.66128,17.31498],[96.66128,17.31429],[96.66182,17.31438],[96.66218,17.31489],[96.66245,17.31343],[96.66155,17.31309],[96.66065,17.31318],[96.66047,17.31343],[96.66101,17.31421],[96.66101,17.31429]]],[[[96.67098,17.31566],[96.67152,17.31549],[96.67161,17.31429],[96.67089,17.31438],[96.67089,17.31566],[96.67098,17.31566]]],[[[96.60334,17.31558],[96.60307,17.31506],[96.60352,17.31446],[96.6028,17.31446],[96.6028,17.31558],[96.60253,17.31549],[96.60262,17.31489],[96.60217,17.31489],[96.60199,17.31523],[96.60244,17.31549],[96.60226,17.31583],[96.60334,17.31566],[96.60334,17.31558]]],[[[96.60415,17.31626],[96.6037,17.31618],[96.60379,17.31566],[96.60406,17.31566],[96.60415,17.31626],[96.60424,17.31592],[96.60459,17.31618],[96.60495,17.31583],[96.60495,17.31481],[96.6045,17.31481],[96.60468,17.31455],[96.60441,17.31455],[96.60433,17.31395],[96.60397,17.31455],[96.60406,17.31335],[96.60361,17.31326],[96.60388,17.31309],[96.60361,17.31266],[96.60415,17.31215],[96.60361,17.31223],[96.60361,17.31198],[96.60406,17.31172],[96.60271,17.31189],[96.60217,17.31103],[96.60199,17.31146],[96.60253,17.31215],[96.60208,17.31223],[96.60244,17.3124],[96.60199,17.31249],[96.60181,17.31292],[96.60244,17.31318],[96.60244,17.31266],[96.60271,17.31266],[96.60316,17.31335],[96.60262,17.31309],[96.60262,17.31361],[96.60235,17.31361],[96.60253,17.31326],[96.60226,17.31326],[96.60208,17.31378],[96.60244,17.31403],[96.6019,17.31438],[96.60136,17.31429],[96.60145,17.31378],[96.60163,17.31421],[96.60199,17.31403],[96.60208,17.31352],[96.6019,17.31318],[96.60154,17.31335],[96.60154,17.31258],[96.6019,17.31266],[96.60199,17.3124],[96.60163,17.31249],[96.60118,17.31206],[96.60145,17.31283],[96.601,17.31275],[96.60073,17.31463],[96.60208,17.31463],[96.60217,17.31421],[96.60262,17.31429],[96.60262,17.31378],[96.60289,17.31429],[96.60379,17.31421],[96.60388,17.31472],[96.60352,17.31489],[96.60361,17.31515],[96.60343,17.31498],[96.60334,17.31558],[96.60352,17.31635],[96.60397,17.31652],[96.60334,17.31678],[96.60307,17.31652],[96.60307,17.31686],[96.60388,17.31695],[96.60415,17.31644],[96.60415,17.31626]]],[[[96.65724,17.31583],[96.65751,17.31506],[96.65661,17.31472],[96.65777,17.31429],[96.65777,17.31463],[96.65742,17.31472],[96.65786,17.31489],[96.65795,17.31369],[96.65777,17.31403],[96.65742,17.31395],[96.65751,17.31421],[96.65679,17.31438],[96.65652,17.31395],[96.65616,17.31403],[96.65661,17.31386],[96.65661,17.31309],[96.65562,17.31292],[96.65544,17.31318],[96.65508,17.31292],[96.65436,17.31352],[96.65445,17.31309],[96.654,17.313],[96.65346,17.31343],[96.65418,17.31369],[96.654,17.31403],[96.65427,17.31429],[96.65391,17.31463],[96.65427,17.31463],[96.65427,17.31523],[96.65373,17.31583],[96.65328,17.31506],[96.65301,17.31644],[96.65256,17.31635],[96.65221,17.31669],[96.65247,17.31712],[96.65274,17.31661],[96.65346,17.31686],[96.65355,17.31729],[96.65391,17.31721],[96.65373,17.31781],[96.65436,17.31721],[96.65616,17.31789],[96.65706,17.31738],[96.65643,17.31669],[96.65706,17.31678],[96.65733,17.31609],[96.6567,17.31644],[96.65661,17.31601],[96.65724,17.31601],[96.65724,17.31583]]],[[[96.67143,17.31892],[96.67143,17.31866],[96.6717,17.31875],[96.67161,17.31721],[96.67089,17.31738],[96.67089,17.31858],[96.67116,17.31892],[96.67143,17.31892]]],[[[96.6717,17.31927],[96.67161,17.31901],[96.67116,17.31935],[96.67125,17.32012],[96.67197,17.32012],[96.67197,17.31927],[96.6717,17.31927]]],[[[96.60495,17.31815],[96.60397,17.31789],[96.60298,17.31824],[96.60424,17.31832],[96.60352,17.31875],[96.6037,17.31918],[96.60424,17.31927],[96.60406,17.32021],[96.60486,17.32021],[96.60441,17.31832],[96.60495,17.31832],[96.60495,17.31815]]],[[[96.6699,17.31969],[96.66954,17.31961],[96.67053,17.31944],[96.67044,17.31892],[96.67008,17.31927],[96.66999,17.31884],[96.67035,17.31875],[96.6699,17.31841],[96.66766,17.31884],[96.66775,17.31849],[96.6664,17.31841],[96.6664,17.31781],[96.66613,17.31772],[96.66631,17.31738],[96.66595,17.31738],[96.66667,17.31695],[96.66685,17.31729],[96.6664,17.31729],[96.66649,17.31781],[96.66712,17.31841],[96.66945,17.31772],[96.66954,17.31815],[96.66981,17.31789],[96.67017,17.31806],[96.6699,17.31832],[96.6708,17.31841],[96.67089,17.31798],[96.67053,17.31789],[96.67053,17.31712],[96.66936,17.31712],[96.66882,17.31661],[96.669,17.31635],[96.66936,17.31669],[96.66981,17.31661],[96.66963,17.31626],[96.66918,17.31635],[96.66918,17.31601],[96.66963,17.31626],[96.66963,17.31592],[96.67062,17.31601],[96.67062,17.31361],[96.67035,17.31361],[96.67026,17.31318],[96.6699,17.31378],[96.67008,17.31275],[96.66954,17.31292],[96.66963,17.31249],[96.669,17.31258],[96.66927,17.31215],[96.66909,17.31172],[96.66945,17.31155],[96.66972,17.31189],[96.66963,17.31086],[96.66909,17.30992],[96.66829,17.31009],[96.6682,17.30932],[96.66775,17.31009],[96.66766,17.30949],[96.6673,17.30957],[96.66739,17.30992],[96.66703,17.30983],[96.66703,17.30949],[96.66631,17.30983],[96.66613,17.3094],[96.66649,17.30932],[96.66658,17.30957],[96.66739,17.30915],[96.6673,17.30889],[96.66658,17.30906],[96.6664,17.30803],[96.6655,17.30829],[96.66514,17.30897],[96.66451,17.30855],[96.66478,17.3088],[96.66424,17.30932],[96.66469,17.3094],[96.66451,17.31],[96.66379,17.3094],[96.66281,17.30975],[96.66307,17.31017],[96.66272,17.31],[96.66254,17.31026],[96.66281,17.31035],[96.66263,17.31086],[96.66433,17.31172],[96.66361,17.3118],[96.66245,17.31112],[96.66191,17.31172],[96.66164,17.31155],[96.662,17.3118],[96.66272,17.31138],[96.66209,17.31189],[96.66236,17.31232],[96.66191,17.31215],[96.66128,17.3124],[96.66128,17.31266],[96.66182,17.31258],[96.66146,17.313],[96.66182,17.31292],[96.66218,17.31326],[96.66281,17.31283],[96.66254,17.31258],[96.6629,17.31266],[96.66325,17.31215],[96.66254,17.31326],[96.66325,17.31352],[96.66379,17.31326],[96.66379,17.31361],[96.66424,17.31369],[96.66496,17.31352],[96.66505,17.31515],[96.66442,17.31523],[96.66469,17.31403],[96.66397,17.31412],[96.66388,17.31386],[96.66361,17.31395],[96.66361,17.31566],[96.66334,17.31566],[96.66343,17.31403],[96.66263,17.31352],[96.6629,17.31403],[96.66254,17.31421],[96.66245,17.31481],[96.66272,17.31506],[96.66236,17.31601],[96.66002,17.31566],[96.65975,17.31601],[96.65993,17.31644],[96.66056,17.31644],[96.66047,17.31669],[96.65984,17.31661],[96.66029,17.31832],[96.66065,17.31815],[96.6611,17.31849],[96.6611,17.31806],[96.66236,17.31789],[96.6629,17.31746],[96.6629,17.31841],[96.66334,17.31798],[96.66361,17.31849],[96.66056,17.31901],[96.65948,17.31806],[96.65975,17.31866],[96.65921,17.31858],[96.6593,17.31901],[96.65984,17.31866],[96.66002,17.31884],[96.65921,17.31918],[96.65894,17.31892],[96.65939,17.31806],[96.65894,17.31789],[96.65921,17.31738],[96.65903,17.31721],[96.65885,17.31746],[96.65849,17.31712],[96.65831,17.31755],[96.6584,17.31721],[96.65813,17.31712],[96.65831,17.31824],[96.65804,17.31858],[96.65804,17.31832],[96.65777,17.31841],[96.65777,17.31901],[96.65715,17.31892],[96.65786,17.31909],[96.65786,17.31961],[96.65831,17.31935],[96.65822,17.32012],[96.65885,17.32012],[96.65894,17.32047],[96.66074,17.32029],[96.66029,17.32055],[96.66038,17.32107],[96.6611,17.32072],[96.66092,17.32038],[96.66146,17.32064],[96.66128,17.32038],[96.66155,17.32029],[96.66119,17.31995],[96.66155,17.31978],[96.66173,17.32047],[96.66281,17.32021],[96.66272,17.31995],[96.66307,17.31978],[96.66263,17.31935],[96.66191,17.31961],[96.66209,17.31918],[96.66281,17.31918],[96.66272,17.31892],[96.66316,17.31901],[96.66316,17.32012],[96.66343,17.32029],[96.66379,17.32004],[96.6637,17.31952],[96.66433,17.31952],[96.66424,17.32004],[96.66451,17.32029],[96.66469,17.31969],[96.66523,17.31961],[96.66532,17.31918],[96.66586,17.31978],[96.66532,17.31969],[96.66487,17.32089],[96.6646,17.32081],[96.66469,17.32038],[96.66442,17.32038],[96.66406,17.32115],[96.66424,17.32149],[96.66388,17.32124],[96.66361,17.32175],[96.66281,17.32175],[96.66281,17.32201],[96.66433,17.32192],[96.66469,17.32107],[96.66469,17.32132],[96.66541,17.32132],[96.66514,17.32175],[96.66568,17.32201],[96.66559,17.32235],[96.66631,17.32192],[96.66622,17.32158],[96.66667,17.32175],[96.6664,17.32098],[96.66595,17.32089],[96.66631,17.32081],[96.6664,17.32038],[96.66595,17.31935],[96.6664,17.31961],[96.6664,17.32012],[96.66676,17.32021],[96.66658,17.32064],[96.66685,17.32072],[96.66694,17.32149],[96.66703,17.32107],[96.66766,17.32132],[96.66766,17.32098],[96.6699,17.31978],[96.6699,17.31969]],[[96.66245,17.31721],[96.662,17.31738],[96.66209,17.31704],[96.66182,17.31695],[96.66173,17.31738],[96.66155,17.31695],[96.66236,17.31686],[96.66218,17.31712],[96.66245,17.31721],[96.66254,17.31686],[96.66307,17.31695],[96.66307,17.31652],[96.66272,17.31678],[96.66065,17.31652],[96.66146,17.31618],[96.66316,17.31635],[96.6646,17.31592],[96.66487,17.31609],[96.66442,17.31678],[96.66406,17.31669],[96.66433,17.31712],[96.66415,17.31738],[96.66361,17.31755],[96.66352,17.31686],[96.66316,17.31695],[96.66334,17.31729],[96.66254,17.31721],[96.66245,17.31721]],[[96.66802,17.31481],[96.66811,17.31523],[96.66748,17.31506],[96.66829,17.31455],[96.66846,17.31403],[96.66882,17.31489],[96.66936,17.31489],[96.669,17.31506],[96.66927,17.31532],[96.66963,17.31498],[96.66963,17.31395],[96.67044,17.31429],[96.67044,17.31515],[96.66954,17.31523],[96.66999,17.31523],[96.66954,17.31583],[96.66855,17.31558],[96.66829,17.31481],[96.66802,17.31481]],[[96.66568,17.3094],[96.66595,17.30975],[96.66586,17.3106],[96.66523,17.31069],[96.66487,17.31129],[96.66496,17.3106],[96.6646,17.31009],[96.66505,17.31009],[96.66514,17.30966],[96.66568,17.31],[96.66568,17.30975],[96.66568,17.3094]]],[[[96.65373,17.32304],[96.65346,17.3221],[96.654,17.32158],[96.65382,17.32132],[96.65427,17.32124],[96.65436,17.32081],[96.65481,17.32081],[96.65472,17.32115],[96.65427,17.32124],[96.65436,17.32158],[96.6549,17.32132],[96.65481,17.32098],[96.65535,17.32115],[96.65517,17.32072],[96.6558,17.32021],[96.65589,17.31961],[96.65526,17.31969],[96.65463,17.31927],[96.65436,17.31944],[96.65445,17.31918],[96.65508,17.31927],[96.65535,17.31901],[96.65562,17.31824],[96.65499,17.31824],[96.65526,17.31806],[96.65508,17.31781],[96.65427,17.31772],[96.65391,17.31815],[96.6531,17.31806],[96.65301,17.31764],[96.65194,17.31729],[96.6505,17.31935],[96.65113,17.31987],[96.65059,17.31995],[96.65077,17.32029],[96.65041,17.32072],[96.65149,17.32064],[96.65122,17.31987],[96.65212,17.31952],[96.65221,17.31987],[96.65194,17.31995],[96.6523,17.32021],[96.65167,17.32047],[96.65212,17.32047],[96.65212,17.32081],[96.65131,17.32089],[96.65176,17.32132],[96.65247,17.32038],[96.65283,17.32038],[96.65247,17.31987],[96.6531,17.31961],[96.65328,17.31901],[96.654,17.31918],[96.65418,17.31987],[96.65373,17.31987],[96.65346,17.32047],[96.65292,17.32029],[96.65274,17.32081],[96.65328,17.32124],[96.65283,17.32115],[96.65283,17.32149],[96.65239,17.32124],[96.65203,17.32184],[96.65221,17.32218],[96.65158,17.32201],[96.65158,17.32175],[96.65113,17.3221],[96.65104,17.32158],[96.65023,17.32261],[96.65059,17.32252],[96.65095,17.32304],[96.65167,17.32261],[96.65203,17.32278],[96.65274,17.3221],[96.65239,17.32184],[96.65265,17.32149],[96.65301,17.32184],[96.65283,17.32278],[96.6531,17.32278],[96.6531,17.32312],[96.65337,17.32295],[96.65373,17.3233],[96.654,17.32304],[96.65373,17.32304]]],[[[96.66047,17.32364],[96.66056,17.32201],[96.6602,17.3221],[96.6602,17.32278],[96.65921,17.32278],[96.65921,17.32252],[96.65993,17.32252],[96.66002,17.32192],[96.66065,17.32184],[96.66011,17.32107],[96.65948,17.32107],[96.66002,17.32064],[96.65813,17.32047],[96.65813,17.32089],[96.65769,17.32055],[96.65715,17.32081],[96.65742,17.32029],[96.65697,17.32021],[96.65706,17.32064],[96.65652,17.32107],[96.65706,17.32192],[96.65751,17.32184],[96.65733,17.32201],[96.6584,17.32304],[96.65867,17.32244],[96.65831,17.32218],[96.65903,17.32227],[96.65876,17.32252],[96.65894,17.32321],[96.65939,17.32295],[96.65975,17.32372],[96.66065,17.32364],[96.66047,17.32364]]],[[[96.66577,17.32338],[96.66613,17.32355],[96.66559,17.32338],[96.66559,17.3239],[96.66685,17.32407],[96.66721,17.32338],[96.66721,17.32295],[96.66676,17.32295],[96.66703,17.32218],[96.6664,17.32227],[96.66577,17.3233],[96.66577,17.32338]]],[[[96.66388,17.32244],[96.66361,17.32235],[96.66352,17.3227],[96.66352,17.32235],[96.66281,17.32244],[96.66281,17.3227],[96.66209,17.32261],[96.66209,17.32218],[96.66281,17.32244],[96.66272,17.32184],[96.66227,17.32167],[96.66173,17.3221],[96.66173,17.32098],[96.66137,17.32081],[96.66128,17.32184],[96.66155,17.3221],[96.66101,17.3221],[96.66083,17.32312],[96.6611,17.32312],[96.66074,17.32355],[96.66128,17.32338],[96.66128,17.32278],[96.66164,17.32278],[96.66173,17.32321],[96.66173,17.32261],[96.66209,17.3227],[96.66191,17.32355],[96.66218,17.3233],[96.66254,17.32347],[96.66299,17.32278],[96.66325,17.32312],[96.66299,17.32312],[96.6629,17.32381],[96.66325,17.32424],[96.66352,17.32372],[96.66406,17.32355],[96.66334,17.32278],[96.66469,17.32261],[96.66451,17.32227],[96.66424,17.32244],[96.66388,17.32244]]],[[[96.66559,17.32587],[96.66685,17.32518],[96.66649,17.3251],[96.66676,17.32475],[96.66622,17.32458],[96.66631,17.32424],[96.66559,17.32432],[96.66541,17.32407],[96.66559,17.32467],[96.66631,17.32467],[96.66595,17.32518],[96.66559,17.32501],[96.66559,17.32544],[96.66514,17.32535],[96.66496,17.32475],[96.66469,17.32493],[96.66478,17.3245],[96.66424,17.32501],[96.66451,17.32553],[96.66505,17.32535],[96.66532,17.32621],[96.66559,17.32604],[96.66559,17.32587]]],[[[96.67269,17.32647],[96.6726,17.32553],[96.67179,17.32527],[96.67188,17.32561],[96.67233,17.3257],[96.67179,17.3257],[96.67179,17.32595],[96.6726,17.32647],[96.67269,17.32647]]],[[[96.6514,17.32518],[96.65122,17.32501],[96.65158,17.32475],[96.65176,17.32493],[96.6514,17.32518],[96.65221,17.32493],[96.65167,17.32441],[96.65176,17.32415],[96.65239,17.32415],[96.65212,17.32372],[96.65301,17.3239],[96.65301,17.32338],[96.65256,17.32355],[96.65176,17.32295],[96.6514,17.32355],[96.65023,17.32415],[96.65032,17.32347],[96.65068,17.32321],[96.6505,17.32295],[96.64987,17.32312],[96.6496,17.32278],[96.64888,17.32304],[96.6487,17.32372],[96.64834,17.32372],[96.64852,17.32398],[96.64789,17.32458],[96.64789,17.3251],[96.64726,17.32535],[96.64762,17.32578],[96.64708,17.32587],[96.64673,17.3269],[96.64708,17.32707],[96.64789,17.32664],[96.64852,17.32561],[96.6487,17.32604],[96.64951,17.3263],[96.64951,17.32587],[96.6505,17.32587],[96.65041,17.32544],[96.65086,17.32527],[96.6514,17.32553],[96.6514,17.32527],[96.6514,17.32518]]],[[[96.66469,17.32724],[96.66532,17.32647],[96.66451,17.32578],[96.66478,17.32673],[96.66415,17.32681],[96.66424,17.32595],[96.66361,17.32587],[96.66379,17.32553],[96.66343,17.32544],[96.66307,17.32467],[96.6629,17.3251],[96.66254,17.3251],[96.66254,17.32553],[96.66209,17.32527],[96.66137,17.32578],[96.66209,17.32604],[96.66191,17.32664],[96.66263,17.32681],[96.6629,17.32767],[96.66361,17.32664],[96.66352,17.32613],[96.66379,17.32613],[96.66352,17.32698],[96.66433,17.32707],[96.66442,17.32801],[96.66406,17.32818],[96.66469,17.32921],[96.66478,17.32878],[96.66532,17.32861],[96.66478,17.32724],[96.66469,17.32724]]],[[[96.67089,17.32038],[96.67098,17.32004],[96.67062,17.32029],[96.6708,17.31987],[96.67053,17.32021],[96.67008,17.31995],[96.67008,17.32072],[96.66936,17.32038],[96.66936,17.32089],[96.66891,17.32072],[96.66891,17.32098],[96.66721,17.32184],[96.66748,17.32278],[96.66811,17.3233],[96.66784,17.32338],[96.66748,17.32295],[96.66739,17.32415],[96.66909,17.32441],[96.66846,17.32458],[96.66846,17.3251],[96.66793,17.32501],[96.66757,17.32544],[96.66712,17.32544],[96.66721,17.32595],[96.66685,17.3257],[96.66649,17.32595],[96.66667,17.32664],[96.66694,17.32664],[96.66685,17.32707],[96.66667,17.32673],[96.6664,17.32681],[96.66649,17.32621],[96.66568,17.32647],[96.66541,17.3269],[96.66595,17.32758],[96.66604,17.32715],[96.66667,17.32698],[96.66685,17.32801],[96.66739,17.32784],[96.66694,17.32776],[96.66748,17.32715],[96.66721,17.32664],[96.66757,17.32707],[96.66802,17.3269],[96.66739,17.3275],[96.66775,17.32741],[96.66846,17.32793],[96.6682,17.32827],[96.66766,17.32758],[96.6682,17.3293],[96.66873,17.32938],[96.66838,17.32836],[96.67026,17.32793],[96.66972,17.32758],[96.66945,17.32767],[96.66972,17.32793],[96.66909,17.32801],[96.66954,17.32724],[96.67017,17.32733],[96.67008,17.32681],[96.66945,17.32698],[96.66954,17.3263],[96.67017,17.32664],[96.67044,17.32621],[96.67062,17.32681],[96.67035,17.32715],[96.67089,17.32707],[96.67089,17.3263],[96.67035,17.32553],[96.66981,17.32544],[96.6699,17.32604],[96.66954,17.32621],[96.669,17.3257],[96.66936,17.32518],[96.66882,17.32518],[96.66927,17.32493],[96.66945,17.32372],[96.66981,17.32372],[96.66999,17.32441],[96.67035,17.32364],[96.67116,17.32364],[96.67125,17.32304],[96.67071,17.32295],[96.6717,17.32235],[96.67053,17.3227],[96.67044,17.32124],[96.67089,17.32081],[96.67089,17.32038]]],[[[96.65912,17.33144],[96.65966,17.32844],[96.65849,17.3281],[96.65804,17.32853],[96.65804,17.3299],[96.65688,17.33007],[96.65661,17.33084],[96.65751,17.33127],[96.65804,17.33093],[96.65786,17.33041],[96.65822,17.33033],[96.65822,17.33084],[96.65903,17.3305],[96.65903,17.33144],[96.65912,17.33144]]],[[[96.66703,17.33153],[96.66712,17.33127],[96.66766,17.33136],[96.66739,17.3311],[96.66766,17.3305],[96.66685,17.33024],[96.66721,17.3299],[96.6664,17.32998],[96.66667,17.33153],[96.66703,17.33153]]],[[[96.66299,17.33187],[96.66316,17.33153],[96.66263,17.33119],[96.6629,17.33084],[96.66254,17.33033],[96.66209,17.33076],[96.66281,17.33161],[96.66263,17.33187],[96.66299,17.33187]]],[[[96.67269,17.33204],[96.67278,17.33093],[96.67242,17.33076],[96.67233,17.33007],[96.67188,17.32998],[96.67152,17.3305],[96.67161,17.33093],[96.6726,17.3317],[96.6726,17.33204],[96.67269,17.33204]]],[[[96.6602,17.33153],[96.65966,17.3317],[96.65975,17.33213],[96.66047,17.33213],[96.6602,17.32938],[96.65984,17.32904],[96.65975,17.33024],[96.6602,17.33067],[96.65993,17.33093],[96.66011,17.33153],[96.6602,17.33153]]],[[[96.65499,17.3323],[96.65553,17.33187],[96.65643,17.33179],[96.65625,17.33127],[96.65652,17.33093],[96.65616,17.33059],[96.65445,17.33153],[96.65436,17.33196],[96.65481,17.33204],[96.65481,17.3323],[96.65499,17.3323]]],[[[96.66909,17.33273],[96.66963,17.33264],[96.66954,17.33239],[96.67008,17.33256],[96.66972,17.33144],[96.67008,17.33153],[96.6699,17.33093],[96.67026,17.33007],[96.66981,17.3305],[96.66945,17.33041],[96.66945,17.3311],[96.66918,17.3311],[96.66945,17.33153],[96.669,17.3317],[96.66918,17.33213],[96.66891,17.33273],[96.66909,17.33273]]],[[[96.65239,17.33281],[96.65265,17.33264],[96.65256,17.33204],[96.6531,17.33179],[96.65292,17.33144],[96.65265,17.33196],[96.65167,17.33213],[96.65212,17.33281],[96.65239,17.33281]]],[[[96.67278,17.3341],[96.67314,17.33393],[96.67314,17.3335],[96.67287,17.33281],[96.67233,17.3329],[96.67224,17.33264],[96.67215,17.33402],[96.67233,17.33436],[96.67242,17.3341],[96.67278,17.33419],[96.67278,17.3341]]],[[[96.6584,17.3341],[96.65876,17.33436],[96.65885,17.33393],[96.65849,17.33402],[96.65876,17.33359],[96.65813,17.33376],[96.65822,17.33333],[96.65795,17.33316],[96.65867,17.33324],[96.65858,17.33281],[96.65885,17.33264],[96.65858,17.3323],[96.65867,17.33161],[96.65831,17.33213],[96.65822,17.33144],[96.65858,17.33153],[96.65831,17.33101],[96.65813,17.33136],[96.65625,17.33221],[96.65634,17.33264],[96.65607,17.3323],[96.65607,17.3329],[96.65535,17.33247],[96.65445,17.33307],[96.65472,17.33333],[96.65508,17.33281],[96.65562,17.3335],[96.65652,17.33333],[96.65706,17.33453],[96.6584,17.33419],[96.6584,17.3341]]],[[[96.65499,17.33393],[96.65472,17.3341],[96.65499,17.33367],[96.65445,17.33367],[96.65472,17.33462],[96.65562,17.33444],[96.65508,17.33393],[96.65499,17.33393]]],[[[96.66954,17.3335],[96.66963,17.33402],[96.66927,17.33376],[96.66864,17.33402],[96.66855,17.33333],[96.6682,17.33333],[96.66802,17.33419],[96.66873,17.33419],[96.66829,17.33453],[96.66855,17.33487],[96.66802,17.3347],[96.66846,17.3359],[96.66891,17.33504],[96.66891,17.33402],[96.66927,17.33402],[96.66927,17.33427],[96.66981,17.3341],[96.6699,17.33324],[96.66954,17.33333],[96.66954,17.3335]]],[[[96.6699,17.33633],[96.67035,17.33564],[96.67107,17.3353],[96.67026,17.33462],[96.66927,17.33564],[96.66927,17.33616],[96.66981,17.33633],[96.6699,17.33633]]],[[[96.67017,17.33796],[96.67026,17.33822],[96.67017,17.33796],[96.67008,17.33822],[96.66954,17.33822],[96.66981,17.33865],[96.6699,17.33839],[96.67044,17.33847],[96.67035,17.33813],[96.6708,17.33822],[96.67098,17.33762],[96.67044,17.33762],[96.67026,17.33693],[96.66981,17.33693],[96.67017,17.33787],[96.67017,17.33796]]],[[[96.65652,17.33702],[96.6567,17.33684],[96.65634,17.33667],[96.65634,17.33865],[96.65661,17.33873],[96.6567,17.33976],[96.65751,17.33882],[96.65688,17.33702],[96.65652,17.33702]]],[[[96.6752,17.34027],[96.67556,17.33959],[96.67448,17.33967],[96.67475,17.3389],[96.67529,17.33907],[96.67466,17.33847],[96.67457,17.3389],[96.67421,17.33873],[96.67421,17.33916],[96.67394,17.33916],[96.67412,17.3395],[96.67368,17.33985],[96.67421,17.33967],[96.67457,17.34027],[96.67511,17.34027],[96.6752,17.34027]]],[[[96.65113,17.33822],[96.65095,17.33805],[96.65122,17.33822],[96.65131,17.33796],[96.65068,17.33659],[96.64969,17.3371],[96.64978,17.33736],[96.65032,17.33702],[96.65032,17.33753],[96.64978,17.33762],[96.64951,17.3383],[96.64915,17.33779],[96.64888,17.33779],[96.64897,17.3383],[96.64861,17.3383],[96.64888,17.33856],[96.64789,17.33839],[96.64789,17.33796],[96.64744,17.33822],[96.64753,17.33787],[96.64906,17.33736],[96.64924,17.33642],[96.64978,17.33607],[96.65041,17.33624],[96.65041,17.33556],[96.65014,17.33539],[96.65041,17.3353],[96.65032,17.3347],[96.65077,17.3347],[96.65095,17.33402],[96.65131,17.33393],[96.65086,17.33393],[96.65095,17.3335],[96.65059,17.33333],[96.65077,17.33281],[96.6505,17.33256],[96.65095,17.33221],[96.65041,17.33239],[96.65005,17.33136],[96.65104,17.33179],[96.65122,17.33127],[96.65176,17.33119],[96.65221,17.33153],[96.65292,17.33067],[96.65337,17.33076],[96.65355,17.33041],[96.65391,17.33101],[96.65499,17.33093],[96.65481,17.33041],[96.65508,17.33076],[96.65562,17.32947],[96.654,17.32921],[96.65463,17.32801],[96.65553,17.32776],[96.65535,17.32793],[96.6558,17.32818],[96.65436,17.32878],[96.65481,17.32878],[96.65517,17.3293],[96.65544,17.32913],[96.65526,17.32887],[96.65553,17.32904],[96.65589,17.32836],[96.65616,17.32853],[96.65634,17.32818],[96.65697,17.32818],[96.65724,17.32836],[96.65697,17.3287],[96.65733,17.32878],[96.65724,17.32853],[96.65813,17.32801],[96.65733,17.32784],[96.65742,17.3269],[96.65777,17.32707],[96.65751,17.3275],[96.65795,17.32767],[96.65804,17.32733],[96.65867,17.32715],[96.65831,17.32681],[96.6576,17.32681],[96.65777,17.32604],[96.65831,17.32613],[96.65777,17.32664],[96.65894,17.32664],[96.65912,17.3269],[96.65912,17.32655],[96.65993,17.32638],[96.65993,17.32613],[96.66038,17.3263],[96.66047,17.32595],[96.66137,17.32578],[96.66119,17.32553],[96.66218,17.3251],[96.66182,17.32467],[96.662,17.32432],[96.66155,17.32407],[96.65984,17.32407],[96.66029,17.32432],[96.66065,17.32415],[96.66074,17.32484],[96.66038,17.32553],[96.66038,17.32475],[96.66002,17.32467],[96.66011,17.32535],[96.65984,17.32535],[96.65993,17.32493],[96.65939,17.32484],[96.65957,17.32458],[96.6593,17.32441],[96.65975,17.32407],[96.6593,17.32364],[96.65939,17.3239],[96.65885,17.32407],[96.6593,17.32458],[96.65921,17.3251],[96.65885,17.32493],[96.65885,17.32553],[96.65795,17.32544],[96.65867,17.32484],[96.65858,17.3245],[96.65894,17.3245],[96.6584,17.32381],[96.65769,17.32372],[96.65786,17.32347],[96.65616,17.32364],[96.65598,17.32304],[96.65643,17.3227],[96.65616,17.3227],[96.65598,17.32192],[96.6558,17.32235],[96.65607,17.32244],[96.65517,17.32278],[96.6549,17.32338],[96.65454,17.3233],[96.65472,17.32364],[96.65346,17.32475],[96.6531,17.32467],[96.65319,17.32527],[96.6523,17.32527],[96.65149,17.32613],[96.65077,17.32621],[96.65014,17.32681],[96.65014,17.32715],[96.65122,17.32741],[96.65122,17.32801],[96.65167,17.3281],[96.65167,17.32836],[96.65176,17.32793],[96.65203,17.32801],[96.65185,17.32878],[96.65149,17.32878],[96.65158,17.32921],[96.65122,17.32913],[96.65095,17.32793],[96.6505,17.32758],[96.65005,17.32784],[96.64951,17.32715],[96.64852,17.32741],[96.64708,17.32861],[96.64753,17.32904],[96.64825,17.32844],[96.64852,17.3287],[96.64879,17.32844],[96.64915,17.3287],[96.64933,17.32844],[96.65077,17.32844],[96.65068,17.32921],[96.6505,17.32853],[96.65041,17.32887],[96.64978,17.32904],[96.65014,17.32938],[96.65086,17.32938],[96.65041,17.33033],[96.65005,17.33041],[96.65014,17.32956],[96.64978,17.32947],[96.64987,17.32981],[96.64924,17.32973],[96.64933,17.32913],[96.64888,17.32913],[96.64843,17.32956],[96.64951,17.3299],[96.64915,17.32998],[96.64924,17.33059],[96.64879,17.3305],[96.64906,17.32998],[96.64834,17.32973],[96.64744,17.33093],[96.64771,17.3305],[96.64753,17.32981],[96.64646,17.32956],[96.64646,17.32998],[96.6461,17.33007],[96.64646,17.33041],[96.6461,17.33024],[96.64601,17.33067],[96.64628,17.3311],[96.64574,17.33119],[96.64619,17.33161],[96.64574,17.33161],[96.64556,17.33119],[96.64493,17.3317],[96.64502,17.33221],[96.6443,17.33204],[96.64412,17.33247],[96.64475,17.33256],[96.6443,17.33281],[96.64394,17.33264],[96.64421,17.33307],[96.64358,17.3335],[96.64313,17.33513],[96.64394,17.3353],[96.64403,17.33564],[96.6452,17.33539],[96.64565,17.33564],[96.64565,17.33616],[96.64511,17.33616],[96.64484,17.33573],[96.64439,17.3359],[96.64439,17.33727],[96.64403,17.33616],[96.64331,17.33659],[96.64394,17.33796],[96.64385,17.33839],[96.64493,17.33865],[96.6452,17.33822],[96.64475,17.33813],[96.64475,17.33787],[96.64511,17.33779],[96.64466,17.33753],[96.64502,17.33745],[96.64556,17.33762],[96.64529,17.3383],[96.64592,17.3383],[96.64646,17.33787],[96.64655,17.33727],[96.64708,17.33702],[96.64744,17.33787],[96.64691,17.33822],[96.64735,17.33813],[96.64744,17.33847],[96.64708,17.3383],[96.647,17.33856],[96.64744,17.33907],[96.64691,17.33916],[96.64673,17.33865],[96.64673,17.33899],[96.64637,17.3389],[96.6461,17.33933],[96.64592,17.33907],[96.64556,17.33925],[96.64565,17.33959],[96.64619,17.33993],[96.64601,17.33942],[96.64646,17.3395],[96.64646,17.33916],[96.64673,17.33916],[96.64646,17.3395],[96.64673,17.33967],[96.647,17.33925],[96.64771,17.33907],[96.64762,17.33865],[96.64816,17.33847],[96.64852,17.3389],[96.64798,17.3389],[96.64807,17.33933],[96.6487,17.33933],[96.64852,17.33907],[96.64933,17.33907],[96.64951,17.33933],[96.64861,17.33959],[96.64843,17.33985],[96.64888,17.33993],[96.64888,17.34027],[96.64861,17.34002],[96.64843,17.34027],[96.64897,17.34045],[96.64888,17.34096],[96.6496,17.3413],[96.65005,17.34053],[96.65005,17.33976],[96.6505,17.33976],[96.65023,17.33993],[96.6505,17.34053],[96.65032,17.34122],[96.65086,17.34088],[96.65059,17.34019],[96.6514,17.34019],[96.65113,17.33976],[96.65113,17.33839],[96.65113,17.33822]],[[96.64798,17.33487],[96.64771,17.33462],[96.64825,17.33513],[96.64816,17.33564],[96.64915,17.33599],[96.64879,17.33393],[96.64816,17.3341],[96.6478,17.3335],[96.64897,17.33359],[96.64906,17.33419],[96.64942,17.33419],[96.64906,17.33462],[96.64933,17.33624],[96.64717,17.33642],[96.64807,17.33573],[96.64789,17.33487],[96.64798,17.33487]],[[96.64789,17.33316],[96.64798,17.33179],[96.64744,17.33187],[96.64708,17.33084],[96.64753,17.33101],[96.64744,17.33144],[96.64852,17.3311],[96.64798,17.33153],[96.64888,17.33161],[96.64879,17.33204],[96.64843,17.33187],[96.64816,17.33213],[96.64834,17.33239],[96.64807,17.33316],[96.64789,17.33316]],[[96.65553,17.32681],[96.65526,17.32647],[96.65562,17.32578],[96.65616,17.32613],[96.65643,17.32595],[96.65625,17.3257],[96.65661,17.32527],[96.65607,17.32518],[96.65598,17.32441],[96.65607,17.32467],[96.65652,17.32441],[96.65661,17.32527],[96.65697,17.32501],[96.65679,17.32544],[96.65706,17.32544],[96.65679,17.32578],[96.65742,17.32613],[96.65706,17.32613],[96.65724,17.32638],[96.65661,17.32621],[96.6567,17.32655],[96.65634,17.32673],[96.65553,17.32673],[96.65571,17.32758],[96.65598,17.32741],[96.65634,17.32767],[96.65517,17.32741],[96.65526,17.3269],[96.65553,17.3269],[96.65553,17.32681]]],[[[96.66173,17.33976],[96.66155,17.33942],[96.662,17.33916],[96.66128,17.33805],[96.66101,17.3383],[96.66047,17.33813],[96.66047,17.33762],[96.66083,17.3377],[96.66101,17.3365],[96.66119,17.33702],[96.66164,17.33719],[96.66146,17.33779],[96.66173,17.33787],[96.66209,17.33736],[96.66182,17.33719],[96.662,17.33676],[96.66164,17.33642],[96.66182,17.33607],[96.66155,17.33633],[96.66128,17.33616],[96.66119,17.33539],[96.66146,17.33513],[96.66119,17.33513],[96.66128,17.33436],[96.66092,17.3341],[96.66083,17.33316],[96.66065,17.33299],[96.66038,17.33333],[96.65993,17.33273],[96.65984,17.33436],[96.66029,17.3341],[96.66047,17.3347],[96.66002,17.33462],[96.65966,17.33496],[96.66065,17.33487],[96.6611,17.33539],[96.6611,17.33616],[96.66074,17.33624],[96.66038,17.33522],[96.65957,17.33573],[96.65939,17.33539],[96.65984,17.33513],[96.65939,17.33513],[96.65948,17.33479],[96.65912,17.33487],[96.65903,17.33444],[96.65831,17.33444],[96.65795,17.33504],[96.65751,17.3347],[96.65688,17.33487],[96.65706,17.33599],[96.65733,17.33607],[96.65706,17.33642],[96.65724,17.33684],[96.65966,17.33633],[96.65957,17.3359],[96.66011,17.3359],[96.66011,17.3371],[96.65939,17.33667],[96.6576,17.33702],[96.65724,17.33762],[96.65751,17.33856],[96.66029,17.33762],[96.66038,17.33796],[96.65921,17.3383],[96.65939,17.33873],[96.65921,17.33839],[96.65867,17.33856],[96.65885,17.33925],[96.65948,17.3395],[96.65957,17.34019],[96.66092,17.33985],[96.6602,17.3383],[96.66101,17.33899],[96.66101,17.3395],[96.66146,17.33959],[96.66065,17.34027],[96.6593,17.34053],[96.65939,17.34148],[96.66164,17.34045],[96.66173,17.33985],[96.66173,17.33976]]],[[[96.67206,17.3425],[96.67305,17.34233],[96.67296,17.3419],[96.67269,17.34225],[96.67269,17.3413],[96.67233,17.34113],[96.67206,17.3413],[96.67233,17.34208],[96.67224,17.34233],[96.67188,17.34225],[96.67197,17.3425],[96.67206,17.3425]]],[[[96.6478,17.34027],[96.64798,17.34045],[96.64762,17.34027],[96.64762,17.34062],[96.64798,17.34096],[96.64789,17.3413],[96.64726,17.34096],[96.64708,17.34045],[96.64682,17.34062],[96.64735,17.34113],[96.64735,17.34156],[96.64753,17.34139],[96.64753,17.34285],[96.64861,17.34328],[96.64879,17.34293],[96.64897,17.34319],[96.64924,17.34276],[96.64834,17.3425],[96.64906,17.34259],[96.64951,17.34208],[96.64942,17.34165],[96.64915,17.34173],[96.64924,17.34216],[96.64879,17.34208],[96.64879,17.34139],[96.64852,17.3413],[96.6487,17.34088],[96.64807,17.34079],[96.64807,17.33985],[96.6478,17.34019],[96.6478,17.34027]]],[[[96.6505,17.34302],[96.65032,17.34268],[96.65068,17.34302],[96.6505,17.34345],[96.65149,17.34353],[96.65194,17.34336],[96.65149,17.34319],[96.65176,17.34276],[96.65239,17.3425],[96.65203,17.34225],[96.65203,17.34268],[96.65167,17.34259],[96.65203,17.34208],[96.65158,17.34216],[96.65113,17.3407],[96.65086,17.3413],[96.65023,17.34148],[96.65005,17.3419],[96.64969,17.34165],[96.64987,17.34242],[96.6496,17.34285],[96.64933,17.34276],[96.64978,17.34328],[96.65023,17.34302],[96.65023,17.34345],[96.6505,17.34319],[96.6505,17.34302]]],[[[96.64682,17.34319],[96.64664,17.34336],[96.64691,17.34293],[96.64529,17.3425],[96.64412,17.3425],[96.64502,17.34362],[96.64502,17.34328],[96.64565,17.34328],[96.64655,17.3437],[96.64691,17.34319],[96.64682,17.34319]]],[[[96.67915,17.34353],[96.67951,17.34345],[96.67907,17.34302],[96.67898,17.34225],[96.67781,17.34293],[96.67808,17.34413],[96.67915,17.34362],[96.67915,17.34353]]],[[[96.65283,17.34439],[96.6531,17.34345],[96.65203,17.34388],[96.65059,17.34362],[96.65068,17.34405],[96.6514,17.34388],[96.65212,17.34439],[96.65239,17.34405],[96.65265,17.34439],[96.65283,17.34439]]],[[[96.65643,17.34439],[96.65661,17.34345],[96.65598,17.34328],[96.65589,17.34431],[96.65616,17.34413],[96.65634,17.34439],[96.65643,17.34439]]],[[[96.66478,17.34456],[96.66487,17.34379],[96.66442,17.34336],[96.66451,17.34276],[96.66406,17.34242],[96.66424,17.34336],[96.66397,17.3437],[96.66415,17.34431],[96.66388,17.34448],[96.6646,17.34456],[96.66478,17.34456]]],[[[96.67107,17.34448],[96.67089,17.34431],[96.67125,17.34448],[96.67116,17.34388],[96.67008,17.34345],[96.67026,17.34413],[96.67062,17.34431],[96.67044,17.34448],[96.67107,17.34456],[96.67107,17.34448]]],[[[96.67754,17.34388],[96.67682,17.34345],[96.67655,17.34405],[96.67691,17.34465],[96.67745,17.34465],[96.6779,17.34448],[96.67763,17.34388],[96.67754,17.34388]]],[[[96.64717,17.34499],[96.64753,17.34413],[96.647,17.34379],[96.64592,17.34379],[96.64619,17.34491],[96.64682,17.34491],[96.64682,17.34448],[96.647,17.34499],[96.64717,17.34499]]],[[[96.8745,17.3453],[96.87468,17.34422],[96.87387,17.34395],[96.87432,17.3453],[96.8745,17.3453]]],[[[96.65445,17.34533],[96.65436,17.34491],[96.65481,17.34499],[96.65481,17.34456],[96.65409,17.34456],[96.65454,17.34456],[96.65454,17.34422],[96.65355,17.3437],[96.65319,17.34448],[96.65382,17.34465],[96.65436,17.34533],[96.65445,17.34533]]],[[[96.65876,17.3437],[96.65849,17.3437],[96.65876,17.3437],[96.65867,17.34336],[96.65804,17.3437],[96.65804,17.34319],[96.65903,17.34319],[96.65903,17.34259],[96.65867,17.34225],[96.65903,17.34233],[96.65912,17.34156],[96.65867,17.34122],[96.65885,17.34079],[96.65849,17.3407],[96.65903,17.34019],[96.65849,17.34002],[96.65867,17.33967],[96.65777,17.3389],[96.65786,17.3401],[96.65652,17.34019],[96.6567,17.34096],[96.65715,17.34105],[96.65679,17.34113],[96.65679,17.34233],[96.65733,17.34328],[96.65733,17.34576],[96.6576,17.34559],[96.65769,17.34593],[96.65831,17.34551],[96.65858,17.34593],[96.65885,17.34585],[96.65885,17.3437],[96.65876,17.3437]]],[[[96.65427,17.34611],[96.6549,17.34593],[96.65481,17.34551],[96.654,17.34533],[96.65364,17.34559],[96.65418,17.34611],[96.65427,17.34611]]],[[[96.6496,17.34679],[96.64969,17.34628],[96.64924,17.34653],[96.64924,17.34628],[96.64987,17.34611],[96.6496,17.34576],[96.64987,17.34542],[96.6496,17.34525],[96.6496,17.34456],[96.64915,17.34448],[96.64888,17.34388],[96.64834,17.34431],[96.64825,17.34405],[96.64789,17.34422],[96.64825,17.34379],[96.64771,17.3437],[96.64825,17.34576],[96.64852,17.34585],[96.64861,17.34551],[96.64915,17.34593],[96.64852,17.34662],[96.64879,17.34696],[96.64924,17.34662],[96.64951,17.34679],[96.6496,17.34679]]],[[[96.66236,17.34628],[96.66173,17.34636],[96.66182,17.34602],[96.66236,17.34628],[96.66263,17.34593],[96.66263,17.34525],[96.66227,17.34508],[96.66272,17.34499],[96.66316,17.34508],[96.66325,17.34568],[96.6629,17.34593],[96.66334,17.34645],[96.66361,17.34456],[96.66316,17.34396],[96.66361,17.34396],[96.6637,17.3431],[96.66343,17.34328],[96.66307,17.3425],[96.66263,17.34233],[96.66299,17.3419],[96.66325,17.34208],[96.66254,17.34139],[96.66245,17.3407],[96.6629,17.34096],[96.66281,17.34062],[96.66191,17.34053],[96.66164,17.34113],[96.66173,17.34079],[96.66146,17.34079],[96.66101,17.34139],[96.66065,17.3413],[96.66119,17.34199],[96.66029,17.34182],[96.6602,17.34148],[96.65975,17.34173],[96.66002,17.34259],[96.65939,17.34268],[96.65939,17.34319],[96.65993,17.34336],[96.65912,17.34345],[96.65939,17.34533],[96.65912,17.34619],[96.66092,17.34645],[96.66155,17.34688],[96.66209,17.34653],[96.66191,17.34679],[96.66334,17.34713],[96.66307,17.34636],[96.66245,17.34628],[96.66236,17.34628]]],[[[96.6735,17.34739],[96.67466,17.34662],[96.67439,17.34602],[96.6735,17.34628],[96.67341,17.34739],[96.6735,17.34739]]],[[[96.86956,17.34746],[96.86974,17.34701],[96.86884,17.34584],[96.86938,17.34746],[96.86956,17.34746]]],[[[96.64735,17.34508],[96.64744,17.34533],[96.64735,17.34508],[96.64655,17.34516],[96.64664,17.34559],[96.647,17.34568],[96.64682,17.34619],[96.64753,17.34662],[96.64807,17.34756],[96.64825,17.34713],[96.64852,17.34756],[96.6478,17.34491],[96.64735,17.34491],[96.64735,17.34508]]],[[[96.68014,17.34748],[96.68032,17.34731],[96.67987,17.34713],[96.67996,17.34679],[96.67951,17.34662],[96.67933,17.34611],[96.67898,17.34679],[96.67933,17.34662],[96.67978,17.34739],[96.68023,17.34748],[96.68014,17.34748]]],[[[96.65589,17.34782],[96.65625,17.34671],[96.6558,17.34705],[96.65517,17.34679],[96.65517,17.34731],[96.65562,17.34748],[96.65535,17.34713],[96.65571,17.34713],[96.65571,17.34782],[96.65589,17.34782]]],[[[96.6637,17.34671],[96.66361,17.34722],[96.66397,17.34713],[96.66487,17.34816],[96.66496,17.34791],[96.66577,17.34825],[96.66649,17.34816],[96.66622,17.34773],[96.66586,17.34799],[96.66604,17.34765],[96.66505,17.34636],[96.6637,17.34645],[96.6637,17.34671]]],[[[96.64816,17.34834],[96.64834,17.34791],[96.64798,17.34808],[96.64735,17.34765],[96.64708,17.34671],[96.64664,17.34688],[96.64664,17.34628],[96.64601,17.34593],[96.64583,17.34508],[96.64529,17.34499],[96.64682,17.34765],[96.64771,17.34834],[96.64816,17.34834]]],[[[96.65813,17.34816],[96.65849,17.34782],[96.6584,17.34748],[96.65885,17.34748],[96.6584,17.34713],[96.65867,17.34679],[96.65795,17.34713],[96.65777,17.34825],[96.65831,17.34842],[96.65822,17.34816],[96.65813,17.34816]]],[[[96.65903,17.34876],[96.65921,17.34842],[96.65903,17.34808],[96.65876,17.34816],[96.65876,17.34765],[96.65822,17.34859],[96.6584,17.34876],[96.65903,17.34876]]],[[[96.65041,17.34465],[96.65014,17.34585],[96.65023,17.34645],[96.65059,17.34619],[96.65059,17.34696],[96.65032,17.34645],[96.65023,17.34731],[96.64978,17.34705],[96.64996,17.34722],[96.6496,17.34748],[96.6496,17.34679],[96.64924,17.34713],[96.64897,17.34696],[96.64897,17.34756],[96.64933,17.34765],[96.64951,17.34731],[96.64942,17.34765],[96.64978,17.34799],[96.65068,17.34782],[96.65203,17.34885],[96.65292,17.34911],[96.65292,17.34816],[96.65337,17.34842],[96.65346,17.34782],[96.65328,17.34516],[96.65274,17.34508],[96.65274,17.34482],[96.65319,17.34482],[96.65256,17.34456],[96.65265,17.34516],[96.6523,17.34525],[96.65239,17.34499],[96.65176,17.34473],[96.65194,17.34439],[96.65158,17.34422],[96.65113,17.34473],[96.6505,17.34431],[96.65005,17.34465],[96.65041,17.34465]]],[[[96.65652,17.34748],[96.65616,17.34765],[96.65643,17.34868],[96.65598,17.34885],[96.65679,17.34945],[96.65661,17.34885],[96.65715,17.34876],[96.65742,17.34799],[96.65733,17.34765],[96.65697,17.34765],[96.65697,17.34731],[96.65751,17.34705],[96.65733,17.34636],[96.65697,17.34628],[96.65661,17.34662],[96.65679,17.34713],[96.65625,17.34739],[96.65652,17.34731],[96.65652,17.34748]]],[[[96.66325,17.34713],[96.6629,17.34739],[96.66307,17.34799],[96.66245,17.34842],[96.66272,17.34859],[96.66272,17.34945],[96.66325,17.34902],[96.66325,17.34731],[96.66325,17.34713]]],[[[96.66137,17.34954],[96.66164,17.34876],[96.66209,17.34851],[96.662,17.34773],[96.66092,17.34748],[96.66065,17.34825],[96.66083,17.34885],[96.66047,17.34894],[96.66038,17.34756],[96.66002,17.34713],[96.65975,17.34722],[96.65984,17.34773],[96.65939,17.34808],[96.65984,17.34825],[96.65975,17.34928],[96.66083,17.34936],[96.6611,17.34911],[96.66083,17.34954],[96.66119,17.34954],[96.66137,17.34954]]],[[[96.65436,17.34885],[96.65418,17.34816],[96.65418,17.34876],[96.65337,17.34876],[96.65409,17.34902],[96.65391,17.34962],[96.65454,17.34945],[96.65463,17.34988],[96.65472,17.34945],[96.65427,17.34928],[96.65454,17.34885],[96.65436,17.34885]]],[[[96.64951,17.34996],[96.65005,17.34936],[96.64978,17.34902],[96.65023,17.34919],[96.65014,17.34876],[96.64942,17.34876],[96.64933,17.34962],[96.64879,17.34851],[96.64843,17.34851],[96.64834,17.34902],[96.64942,17.34996],[96.64951,17.34996]]],[[[96.87405,17.34773],[96.87414,17.34719],[96.87351,17.34638],[96.87369,17.34566],[96.87306,17.34494],[96.87324,17.3444],[96.8727,17.34279],[96.87243,17.34234],[96.87136,17.3418],[96.87118,17.34216],[96.87163,17.34467],[96.8727,17.34835],[96.87369,17.34997],[96.87414,17.35019],[96.87531,17.35001],[96.87468,17.3497],[96.87414,17.34773],[96.87405,17.34773]]],[[[96.65212,17.34962],[96.65239,17.34996],[96.65274,17.34954],[96.6523,17.34954],[96.65194,17.34894],[96.65095,17.34834],[96.64996,17.34808],[96.6505,17.34834],[96.65041,17.34885],[96.65077,17.34928],[96.65059,17.35005],[96.65095,17.34996],[96.65104,17.35031],[96.6514,17.35005],[96.65149,17.35048],[96.65176,17.35005],[96.65158,17.34979],[96.65212,17.34936],[96.65212,17.34962]]],[[[96.66263,17.34936],[96.66218,17.35022],[96.66245,17.35005],[96.66245,17.35039],[96.66281,17.35022],[96.6629,17.35048],[96.66325,17.34996],[96.66263,17.34954],[96.66263,17.34936]]],[[[96.87145,17.35049],[96.87163,17.34997],[96.871,17.34943],[96.871,17.34889],[96.87019,17.34853],[96.87082,17.35042],[96.87142,17.35049],[96.87145,17.35049]]],[[[96.66748,17.35031],[96.66784,17.35074],[96.66838,17.35031],[96.66855,17.34962],[96.66784,17.34971],[96.66757,17.35031],[96.66748,17.35031]]],[[[96.65328,17.35082],[96.65364,17.35091],[96.65454,17.35014],[96.65328,17.34996],[96.6531,17.35031],[96.65274,17.35005],[96.65149,17.35048],[96.6523,17.35099],[96.65283,17.35074],[96.65328,17.35099],[96.65328,17.35082]]],[[[96.66748,17.35031],[96.66775,17.34945],[96.66622,17.34911],[96.66613,17.34996],[96.66595,17.34919],[96.66559,17.34902],[96.66523,17.34902],[96.66541,17.34936],[96.66514,17.34954],[96.6646,17.34945],[96.66442,17.34971],[96.66469,17.34988],[96.66478,17.34954],[96.66478,17.34988],[96.66424,17.35014],[96.6646,17.35048],[96.66442,17.35082],[96.66523,17.35108],[96.6664,17.35099],[96.66613,17.35014],[96.66667,17.35031],[96.66667,17.35056],[96.6673,17.35056],[96.6673,17.35031],[96.66748,17.35031]]],[[[96.68499,17.35168],[96.68535,17.35125],[96.68634,17.35108],[96.68634,17.35065],[96.68526,17.35048],[96.68553,17.35116],[96.68472,17.35168],[96.68499,17.35168]]],[[[96.65194,17.35176],[96.65212,17.35125],[96.65167,17.35091],[96.65104,17.35099],[96.65113,17.35065],[96.65059,17.35082],[96.65185,17.35176],[96.65194,17.35176]]],[[[96.70287,17.35185],[96.7035,17.35142],[96.70296,17.35134],[96.7035,17.35099],[96.70314,17.35091],[96.70341,17.35048],[96.70278,17.35048],[96.70305,17.35091],[96.70233,17.35116],[96.70251,17.35185],[96.70287,17.35185]]],[[[96.65742,17.35219],[96.65804,17.35194],[96.65894,17.35271],[96.65939,17.35245],[96.65849,17.35159],[96.65795,17.35185],[96.65795,17.35142],[96.65733,17.35091],[96.65769,17.35211],[96.65742,17.35202],[96.65742,17.35219]]],[[[96.70494,17.35279],[96.70476,17.35245],[96.70521,17.35254],[96.70512,17.35219],[96.7053,17.35271],[96.70494,17.35288],[96.70619,17.35254],[96.7061,17.35194],[96.70458,17.35211],[96.7044,17.35279],[96.70485,17.35279],[96.70494,17.35279]]],[[[96.67547,17.35202],[96.67493,17.35237],[96.67493,17.35159],[96.67385,17.35168],[96.67385,17.35194],[96.67439,17.35202],[96.67403,17.35211],[96.67385,17.35305],[96.67466,17.35314],[96.67511,17.35279],[96.67547,17.35331],[96.67691,17.35314],[96.67673,17.35339],[96.67718,17.35339],[96.677,17.35271],[96.67655,17.35297],[96.67682,17.35237],[96.67655,17.35254],[96.67664,17.35228],[96.67619,17.35202],[96.67547,17.35194],[96.67547,17.35202]]],[[[96.65795,17.35322],[96.65831,17.35288],[96.65795,17.35228],[96.65777,17.35262],[96.65715,17.35211],[96.65697,17.35305],[96.65751,17.35348],[96.65769,17.35331],[96.65769,17.35357],[96.65804,17.35348],[96.65804,17.35391],[96.6584,17.35382],[96.6584,17.35314],[96.65795,17.35331],[96.65795,17.35322]]],[[[96.67017,17.35477],[96.67044,17.35408],[96.66981,17.35391],[96.66972,17.35322],[96.66963,17.35357],[96.66936,17.35348],[96.66999,17.35288],[96.67017,17.35219],[96.66981,17.35245],[96.66981,17.35202],[96.66945,17.35185],[96.66927,17.35211],[96.66909,17.35185],[96.66963,17.35134],[96.67035,17.35151],[96.67026,17.35125],[96.67089,17.35125],[96.67089,17.35168],[96.67116,17.35168],[96.6708,17.35108],[96.66999,17.35125],[96.67026,17.35056],[96.6708,17.35048],[96.67026,17.35022],[96.66972,17.35065],[96.66936,17.35048],[96.66882,17.35168],[96.66882,17.35245],[96.66846,17.35279],[96.66873,17.35339],[96.66838,17.35348],[96.66846,17.35391],[96.66891,17.35357],[96.66954,17.35374],[96.66999,17.35477],[96.67017,17.35477]]],[[[96.67385,17.35511],[96.67385,17.35485],[96.67439,17.35485],[96.67484,17.35442],[96.67368,17.35408],[96.67368,17.35511],[96.67385,17.35511]]],[[[96.66909,17.35562],[96.66918,17.35537],[96.66882,17.35519],[96.66909,17.35468],[96.6682,17.35417],[96.66793,17.35537],[96.669,17.35562],[96.66909,17.35562]]],[[[96.69856,17.35571],[96.69955,17.35511],[96.69919,17.35442],[96.69802,17.35468],[96.69829,17.35502],[96.6982,17.35571],[96.69856,17.35571]]],[[[96.69218,17.35494],[96.6911,17.35545],[96.69155,17.35579],[96.69155,17.35554],[96.69263,17.35519],[96.69227,17.35494],[96.69218,17.35494]]],[[[96.67233,17.35648],[96.67251,17.35622],[96.67215,17.35511],[96.67188,17.35519],[96.67134,17.35434],[96.67152,17.35477],[96.67107,17.35537],[96.67134,17.35554],[96.67116,17.35588],[96.67215,17.35588],[96.67215,17.35657],[96.67242,17.35648],[96.67233,17.35648]]],[[[96.67655,17.35665],[96.67673,17.35605],[96.67781,17.35579],[96.67727,17.35554],[96.67736,17.35519],[96.67682,17.35554],[96.67691,17.35588],[96.67583,17.35622],[96.67646,17.35665],[96.67655,17.35665]]],[[[96.66721,17.35459],[96.66712,17.35502],[96.66757,17.35519],[96.66793,17.35442],[96.66784,17.35382],[96.6673,17.35417],[96.66739,17.35391],[96.66667,17.35408],[96.66397,17.35314],[96.66352,17.35331],[96.66388,17.35211],[96.6637,17.35176],[96.66352,17.35245],[96.66299,17.35237],[96.66352,17.35142],[96.66316,17.35125],[96.66281,17.35219],[96.66307,17.35254],[96.66281,17.35391],[96.66388,17.35434],[96.6637,17.35468],[96.6646,17.35494],[96.66442,17.35519],[96.66532,17.35554],[96.66568,17.35614],[96.6664,17.35631],[96.66622,17.35657],[96.66685,17.35648],[96.66694,17.35691],[96.66721,17.35691],[96.66721,17.35631],[96.66667,17.35631],[96.66649,17.35588],[96.66613,17.35605],[96.66613,17.35571],[96.66433,17.35468],[96.66451,17.35408],[96.66415,17.35434],[96.66397,17.35399],[96.66415,17.35374],[96.6646,17.35399],[96.66496,17.35382],[96.66514,17.35434],[96.66604,17.35408],[96.66613,17.35442],[96.66667,17.35417],[96.66721,17.35451],[96.66721,17.35459]]],[[[96.66307,17.3576],[96.66316,17.35691],[96.66191,17.35622],[96.66209,17.35691],[96.6629,17.3576],[96.66307,17.3576]]],[[[96.8931,17.35806],[96.89327,17.3577],[96.89292,17.35671],[96.89256,17.35671],[96.89202,17.35707],[96.89202,17.35752],[96.89274,17.35806],[96.8931,17.35806]]],[[[96.67053,17.35794],[96.67044,17.35768],[96.6699,17.35785],[96.66963,17.35725],[96.669,17.35751],[96.66829,17.35734],[96.66811,17.35674],[96.66739,17.35639],[96.66793,17.35734],[96.66775,17.35751],[96.66811,17.35742],[96.66864,17.3582],[96.66882,17.35794],[96.66927,17.35828],[96.66981,17.35794],[96.67017,17.3582],[96.67053,17.35802],[96.67053,17.35794]]],[[[96.69407,17.35897],[96.69407,17.35845],[96.69461,17.35794],[96.69425,17.35785],[96.69407,17.35837],[96.69362,17.35837],[96.69344,17.35785],[96.69371,17.35777],[96.69326,17.3576],[96.69344,17.35777],[96.69299,17.35837],[96.69398,17.35871],[96.69389,17.35897],[96.69407,17.35897]]],[[[96.69092,17.35931],[96.69074,17.35914],[96.69101,17.35931],[96.6911,17.35905],[96.69128,17.35965],[96.692,17.3594],[96.69218,17.35871],[96.69227,17.3594],[96.69272,17.3594],[96.69263,17.35897],[96.69227,17.35888],[96.69263,17.35837],[96.69191,17.35845],[96.69218,17.35862],[96.69164,17.35837],[96.69119,17.3588],[96.69137,17.35862],[96.69083,17.35837],[96.69092,17.35811],[96.69011,17.3582],[96.6902,17.35751],[96.69056,17.35794],[96.69047,17.35742],[96.6911,17.35725],[96.68993,17.35734],[96.69002,17.35957],[96.69029,17.35982],[96.69074,17.35957],[96.69101,17.35974],[96.69092,17.3594],[96.69092,17.35931]]],[[[96.6991,17.35777],[96.69856,17.3576],[96.69811,17.35794],[96.69802,17.35751],[96.69784,17.35794],[96.69811,17.35811],[96.69685,17.35897],[96.69712,17.35905],[96.69685,17.35922],[96.69712,17.35965],[96.6964,17.35931],[96.69613,17.36008],[96.69685,17.36034],[96.69712,17.35974],[96.69766,17.35982],[96.69847,17.35905],[96.6991,17.35888],[96.69892,17.35802],[96.69946,17.35785],[96.69946,17.35751],[96.70018,17.35794],[96.7,17.35734],[96.70044,17.35742],[96.70036,17.35657],[96.70098,17.35639],[96.70107,17.35605],[96.70027,17.35648],[96.7,17.35631],[96.70009,17.35657],[96.69937,17.35691],[96.69946,17.35742],[96.6991,17.35768],[96.6991,17.35777]]],[[[96.69344,17.36068],[96.69407,17.36],[96.69362,17.35957],[96.69308,17.35957],[96.69326,17.35991],[96.69299,17.36017],[96.69335,17.36068],[96.69344,17.36068]]],[[[96.68526,17.36163],[96.68652,17.36128],[96.68679,17.3606],[96.68607,17.36042],[96.68589,17.36094],[96.68616,17.36085],[96.68634,17.3612],[96.68553,17.36111],[96.68508,17.36137],[96.68517,17.36163],[96.68526,17.36163]]],[[[96.69865,17.36205],[96.69901,17.36163],[96.69946,17.36163],[96.69919,17.36128],[96.69982,17.36094],[96.69982,17.3606],[96.69901,17.3606],[96.69802,17.36154],[96.69811,17.36188],[96.69856,17.36163],[96.69856,17.36205],[96.69865,17.36205]]],[[[96.69209,17.36077],[96.69191,17.3606],[96.6929,17.36085],[96.69281,17.35974],[96.69065,17.36008],[96.69029,17.36042],[96.68984,17.36025],[96.69011,17.36137],[96.68993,17.36223],[96.6902,17.3624],[96.69065,17.3618],[96.6911,17.3618],[96.69092,17.36137],[96.69119,17.36102],[96.69146,17.36154],[96.69218,17.36128],[96.69236,17.36102],[96.69209,17.36085],[96.69209,17.36077]]],[[[96.67924,17.36308],[96.67978,17.36291],[96.67987,17.36248],[96.67978,17.36145],[96.67951,17.36137],[96.67907,17.36154],[96.67907,17.36308],[96.67924,17.36308]]],[[[96.69209,17.36291],[96.69263,17.36317],[96.69362,17.36265],[96.69344,17.36214],[96.69308,17.36223],[96.69335,17.36214],[96.69335,17.36163],[96.69299,17.36111],[96.69191,17.36163],[96.69155,17.36223],[96.69101,17.36231],[96.69119,17.36265],[96.69083,17.36351],[96.69128,17.36317],[96.69164,17.36351],[96.69218,17.36334],[96.692,17.36291],[96.69209,17.36291]]],[[[96.67646,17.36197],[96.67619,17.36214],[96.67601,17.36188],[96.67664,17.36197],[96.67664,17.36163],[96.677,17.36163],[96.67619,17.36102],[96.67565,17.36102],[96.67565,17.36205],[96.67619,17.3636],[96.67664,17.36351],[96.67637,17.36343],[96.67637,17.36283],[96.67673,17.36308],[96.67673,17.3636],[96.67709,17.36334],[96.67727,17.36403],[96.67754,17.36385],[96.67727,17.36265],[96.67682,17.36205],[96.67673,17.36231],[96.67646,17.36205],[96.67646,17.36197]]],[[[96.67206,17.3642],[96.67224,17.3636],[96.67197,17.36308],[96.67125,17.36343],[96.67125,17.36291],[96.6708,17.36274],[96.67125,17.36231],[96.6708,17.36231],[96.67071,17.3618],[96.67035,17.3618],[96.67071,17.36231],[96.67026,17.36231],[96.67026,17.36171],[96.66972,17.3618],[96.67008,17.36214],[96.66963,17.36231],[96.66981,17.36257],[96.67062,17.36257],[96.67062,17.36283],[96.67017,17.36274],[96.66999,17.36325],[96.67044,17.36325],[96.67098,17.36385],[96.67152,17.36368],[96.67152,17.36403],[96.67197,17.3642],[96.67206,17.3642]]],[[[96.69676,17.36223],[96.6964,17.36223],[96.69604,17.36368],[96.69568,17.36368],[96.69595,17.36385],[96.69568,17.36403],[96.69577,17.36463],[96.69613,17.36437],[96.69649,17.36265],[96.69712,17.3624],[96.69676,17.36214],[96.69676,17.36223]]],[[[96.68661,17.36471],[96.6867,17.36437],[96.68643,17.36437],[96.6867,17.36403],[96.68616,17.36343],[96.68625,17.36308],[96.68598,17.36308],[96.68598,17.36411],[96.68643,17.36471],[96.68661,17.36471]]],[[[96.67385,17.36325],[96.67314,17.36334],[96.67314,17.3636],[96.67385,17.36471],[96.67457,17.36488],[96.67502,17.36377],[96.67385,17.36308],[96.67385,17.36325]]],[[[96.68392,17.36505],[96.6841,17.36437],[96.68356,17.36445],[96.68365,17.36403],[96.68338,17.36385],[96.68293,17.36471],[96.68374,17.36505],[96.68392,17.36505]]],[[[96.68221,17.36514],[96.68248,17.36445],[96.68203,17.3642],[96.68248,17.36437],[96.68266,17.36385],[96.68194,17.36351],[96.68212,17.36368],[96.68158,17.36377],[96.68158,17.3642],[96.68212,17.36514],[96.68221,17.36514]]],[[[96.89417,17.36524],[96.89498,17.36506],[96.89498,17.36479],[96.89363,17.36434],[96.89327,17.36372],[96.89274,17.36363],[96.89175,17.36273],[96.89184,17.3621],[96.89094,17.36174],[96.88986,17.36012],[96.88816,17.35931],[96.89184,17.36457],[96.89301,17.36443],[96.89345,17.36506],[96.89399,17.36524],[96.89417,17.36524]]],[[[96.68508,17.36574],[96.68562,17.3654],[96.68553,17.36488],[96.68589,17.36514],[96.6858,17.36428],[96.68571,17.36471],[96.68553,17.36437],[96.6849,17.36463],[96.68419,17.36445],[96.68445,17.36514],[96.68481,17.36471],[96.68544,17.36488],[96.68472,17.36505],[96.6849,17.36574],[96.68508,17.36574]]],[[[96.69344,17.36591],[96.69371,17.36463],[96.69335,17.36403],[96.69344,17.36334],[96.69254,17.3636],[96.69299,17.36428],[96.69326,17.36591],[96.69344,17.36591]]],[[[96.68185,17.36548],[96.68122,17.36394],[96.68059,17.36394],[96.68086,17.36403],[96.68086,17.36548],[96.68005,17.36497],[96.67978,17.36583],[96.68059,17.366],[96.68068,17.36557],[96.68095,17.36557],[96.68113,17.36608],[96.68185,17.36617],[96.68203,17.36548],[96.68185,17.36548]]],[[[96.69011,17.36643],[96.69101,17.36608],[96.69119,17.36548],[96.6911,17.36574],[96.69083,17.36548],[96.68993,17.36565],[96.69002,17.36643],[96.69011,17.36643]]],[[[96.68679,17.36686],[96.68805,17.36643],[96.68742,17.3654],[96.68616,17.36651],[96.68634,17.36686],[96.68679,17.36686]]],[[[96.68877,17.36686],[96.68904,17.36651],[96.68877,17.36608],[96.68895,17.36514],[96.68796,17.36497],[96.6876,17.36531],[96.68841,17.36574],[96.68823,17.36677],[96.68859,17.36686],[96.68877,17.36686]]],[[[96.67996,17.36746],[96.68041,17.3672],[96.68068,17.36737],[96.68095,17.36643],[96.67969,17.36617],[96.67951,17.3672],[96.67978,17.36746],[96.67996,17.36746]]],[[[96.6964,17.36883],[96.6973,17.36643],[96.69766,17.36643],[96.69775,17.36548],[96.69712,17.36617],[96.69613,17.36583],[96.69595,17.36608],[96.69523,17.366],[96.69532,17.36625],[96.69721,17.36625],[96.69676,17.36763],[96.69604,17.36788],[96.69595,17.36883],[96.6964,17.36908],[96.69649,17.36883],[96.6964,17.36883]]],[[[96.68958,17.36951],[96.68931,17.36926],[96.68967,17.36926],[96.68949,17.37011],[96.68975,17.3702],[96.69038,17.36857],[96.68958,17.36831],[96.68877,17.36874],[96.68895,17.36908],[96.68859,17.36943],[96.68949,17.36951],[96.68958,17.36951]]],[[[96.6911,17.37106],[96.69146,17.37063],[96.69146,17.3696],[96.69056,17.36917],[96.69029,17.37037],[96.69047,17.37088],[96.69101,17.37106],[96.6911,17.37106]]],[[[96.74482,17.43217],[96.74446,17.43192],[96.74482,17.43192],[96.74482,17.43217],[96.74545,17.43192],[96.74689,17.43046],[96.74653,17.43029],[96.74608,17.43063],[96.74536,17.43055],[96.74536,17.43089],[96.745,17.43072],[96.74455,17.43106],[96.74464,17.43183],[96.74428,17.43175],[96.74392,17.43286],[96.74383,17.43252],[96.7432,17.43277],[96.74374,17.43337],[96.74482,17.43226],[96.74482,17.43217]]],[[[96.75506,17.43449],[96.75479,17.43449],[96.75488,17.43509],[96.75515,17.43483],[96.75524,17.43543],[96.75533,17.43483],[96.75596,17.435],[96.75641,17.43415],[96.75569,17.43397],[96.75596,17.43432],[96.75569,17.43466],[96.75542,17.43466],[96.75551,17.43406],[96.75506,17.43432],[96.75506,17.43449]]],[[[96.75264,17.43432],[96.75246,17.43457],[96.75264,17.43406],[96.75192,17.43432],[96.75156,17.43406],[96.7512,17.43466],[96.7512,17.43423],[96.75084,17.43415],[96.75066,17.43535],[96.74922,17.43552],[96.74895,17.43432],[96.7485,17.43415],[96.74842,17.43509],[96.74788,17.435],[96.7477,17.43543],[96.74743,17.43466],[96.7477,17.43423],[96.74734,17.43406],[96.74752,17.43372],[96.74716,17.43363],[96.74752,17.43355],[96.74752,17.43277],[96.74707,17.43252],[96.74734,17.43192],[96.74689,17.43115],[96.74644,17.43157],[96.74707,17.43183],[96.7468,17.43269],[96.74608,17.43286],[96.74635,17.43235],[96.74671,17.43243],[96.74671,17.43209],[96.74581,17.43209],[96.74581,17.43252],[96.74482,17.43303],[96.74473,17.43363],[96.74446,17.43337],[96.74294,17.43475],[96.74258,17.43569],[96.7432,17.43569],[96.7432,17.43509],[96.74347,17.43577],[96.74258,17.43586],[96.74258,17.43629],[96.7441,17.4362],[96.7441,17.43543],[96.7441,17.43586],[96.74482,17.43612],[96.74518,17.43603],[96.74518,17.4356],[96.74563,17.43603],[96.74707,17.43569],[96.75057,17.43569],[96.75102,17.43526],[96.75156,17.4356],[96.75156,17.43646],[96.75237,17.43663],[96.75237,17.4362],[96.75291,17.43637],[96.7538,17.43603],[96.75389,17.4356],[96.75452,17.43535],[96.75488,17.4356],[96.75425,17.43466],[96.75318,17.435],[96.75282,17.43457],[96.75309,17.43423],[96.75282,17.43432],[96.75264,17.43432]]],[[[96.73844,17.438],[96.73997,17.43689],[96.73997,17.43655],[96.74042,17.43629],[96.74033,17.4356],[96.74105,17.43586],[96.74114,17.43543],[96.73961,17.435],[96.73934,17.43552],[96.73907,17.43526],[96.73889,17.43577],[96.73889,17.43483],[96.73844,17.43492],[96.73817,17.4374],[96.73826,17.438],[96.73853,17.438],[96.73844,17.438]]],[[[96.60702,17.44794],[96.60711,17.44769],[96.60774,17.44769],[96.60774,17.44709],[96.6081,17.44717],[96.60846,17.44657],[96.60738,17.4464],[96.60648,17.447],[96.60675,17.44786],[96.60711,17.44794],[96.60702,17.44794]]],[[[96.60585,17.45214],[96.60729,17.45146],[96.60738,17.45086],[96.60657,17.45094],[96.60675,17.45111],[96.60621,17.45163],[96.60585,17.45146],[96.60585,17.45171],[96.60531,17.45189],[96.60567,17.45189],[96.60558,17.45214],[96.60585,17.45214]]],[[[96.61349,17.45266],[96.61322,17.45249],[96.61394,17.45291],[96.61448,17.45266],[96.61439,17.4524],[96.61528,17.45223],[96.61502,17.45111],[96.61259,17.45266],[96.61349,17.45283],[96.61349,17.45266]]],[[[96.63172,17.45137],[96.63154,17.45163],[96.63154,17.4512],[96.63208,17.45094],[96.63145,17.45034],[96.63083,17.45026],[96.63109,17.45146],[96.63074,17.45154],[96.63109,17.45163],[96.63118,17.45231],[96.63154,17.45274],[96.63244,17.45291],[96.63253,17.45249],[96.63208,17.45231],[96.63253,17.4524],[96.63253,17.45189],[96.6328,17.45189],[96.63235,17.45103],[96.63235,17.45171],[96.6319,17.4518],[96.6319,17.45137],[96.63172,17.45137]]],[[[96.5842,17.45266],[96.58438,17.453],[96.58366,17.45326],[96.58528,17.45334],[96.58501,17.45257],[96.58537,17.45283],[96.58537,17.45231],[96.58492,17.45249],[96.58483,17.45189],[96.5842,17.45197],[96.58429,17.4524],[96.58384,17.45231],[96.58402,17.45266],[96.5842,17.45266]]],[[[96.61493,17.45454],[96.61519,17.45531],[96.61546,17.45506],[96.61519,17.45489],[96.61546,17.4548],[96.61537,17.45411],[96.6151,17.45437],[96.61519,17.45394],[96.61421,17.45403],[96.6143,17.45446],[96.61403,17.45437],[96.61403,17.45463],[96.61493,17.45411],[96.61475,17.45454],[96.61493,17.45454]]],[[[96.61636,17.45489],[96.61663,17.45471],[96.61663,17.45403],[96.61573,17.45411],[96.61564,17.45454],[96.61609,17.45463],[96.61645,17.4554],[96.61663,17.45489],[96.61636,17.45489]]],[[[96.61412,17.45514],[96.61421,17.45471],[96.61385,17.4548],[96.61376,17.45403],[96.6134,17.45454],[96.61367,17.45463],[96.61376,17.4554],[96.6143,17.45557],[96.61421,17.45514],[96.61412,17.45514]]],[[[96.61223,17.45746],[96.61232,17.45694],[96.6125,17.4572],[96.61331,17.4572],[96.61331,17.4566],[96.61286,17.45634],[96.61304,17.45591],[96.6125,17.45583],[96.61232,17.45617],[96.61178,17.45626],[96.61232,17.45651],[96.61232,17.45686],[96.61178,17.4572],[96.61205,17.45746],[96.61223,17.45746]]],[[[96.61654,17.45754],[96.61636,17.45814],[96.61672,17.45823],[96.61699,17.45788],[96.61681,17.45711],[96.61744,17.4572],[96.61807,17.45634],[96.61717,17.45643],[96.61654,17.45746],[96.61654,17.45754]]],[[[96.6125,17.46114],[96.61268,17.46037],[96.6116,17.45968],[96.61178,17.4608],[96.61214,17.46054],[96.61241,17.46114],[96.6125,17.46114]]],[[[96.61555,17.46054],[96.61582,17.46157],[96.61582,17.4602],[96.61627,17.45968],[96.616,17.45908],[96.61546,17.46054],[96.61555,17.46054]]],[[[96.60792,17.46311],[96.60801,17.46225],[96.60864,17.46208],[96.60882,17.46234],[96.60855,17.46174],[96.60783,17.46183],[96.60783,17.46311],[96.60792,17.46311]]],[[[96.62032,17.46243],[96.62023,17.46285],[96.62058,17.4626],[96.62103,17.4632],[96.62166,17.46311],[96.62184,17.46114],[96.62157,17.46054],[96.62094,17.46046],[96.62112,17.46088],[96.62067,17.46106],[96.62085,17.4614],[96.6204,17.46131],[96.62076,17.46148],[96.62076,17.46234],[96.6204,17.46191],[96.62023,17.46243],[96.62032,17.46243]]],[[[96.63074,17.46208],[96.63047,17.46191],[96.63101,17.4638],[96.63163,17.46345],[96.63199,17.46363],[96.63262,17.46294],[96.63217,17.46268],[96.63217,17.46294],[96.63172,17.46303],[96.63145,17.46251],[96.63074,17.46225],[96.63074,17.46208]]],[[[96.63388,17.46311],[96.63361,17.46311],[96.63352,17.4638],[96.63424,17.46397],[96.63451,17.46337],[96.63388,17.46294],[96.63388,17.46311]]],[[[96.61627,17.46405],[96.61645,17.4632],[96.61573,17.46243],[96.61582,17.46345],[96.61618,17.46388],[96.616,17.46414],[96.61645,17.46405],[96.61627,17.46405]]],[[[96.60316,17.46423],[96.60352,17.46388],[96.60334,17.46363],[96.60415,17.46371],[96.60352,17.46328],[96.60406,17.46328],[96.60379,17.46268],[96.60334,17.46268],[96.60325,17.4632],[96.60298,17.46294],[96.60289,17.46337],[96.60253,17.46345],[96.60271,17.4638],[96.60298,17.46363],[96.60307,17.46423],[96.60316,17.46423]]],[[[96.60612,17.46294],[96.60513,17.46294],[96.60576,17.4632],[96.60558,17.46388],[96.60594,17.46388],[96.60549,17.4644],[96.60531,17.46388],[96.60504,17.46405],[96.60513,17.46345],[96.60477,17.4638],[96.60477,17.46414],[96.60549,17.46465],[96.6063,17.46414],[96.60675,17.46423],[96.60666,17.46388],[96.60702,17.46414],[96.60702,17.4638],[96.60747,17.46388],[96.60738,17.46354],[96.60765,17.46345],[96.60729,17.46311],[96.60702,17.46354],[96.6063,17.46371],[96.60729,17.46303],[96.6072,17.46234],[96.60711,17.4626],[96.60666,17.4626],[96.60684,17.46234],[96.60657,17.46225],[96.60648,17.46251],[96.60576,17.46234],[96.60567,17.46268],[96.60675,17.46268],[96.60675,17.46294],[96.60612,17.46285],[96.60612,17.46294]]],[[[96.61762,17.4638],[96.61753,17.46337],[96.61726,17.4638],[96.61744,17.46431],[96.61798,17.46423],[96.61843,17.46491],[96.61843,17.46457],[96.61816,17.46457],[96.61843,17.46405],[96.61807,17.46423],[96.61807,17.4638],[96.61771,17.4638],[96.61762,17.4638]]],[[[96.60325,17.46705],[96.60325,17.4668],[96.60352,17.46714],[96.60352,17.4668],[96.60388,17.46671],[96.60361,17.46645],[96.60334,17.46671],[96.60307,17.46637],[96.60307,17.4668],[96.6028,17.46654],[96.60253,17.46654],[96.60262,17.46688],[96.60217,17.4668],[96.60244,17.46705],[96.60226,17.46748],[96.60253,17.46714],[96.60325,17.4674],[96.60325,17.46705]]],[[[96.6116,17.4644],[96.61115,17.46448],[96.61169,17.46431],[96.61151,17.46311],[96.61115,17.46285],[96.60972,17.46345],[96.60998,17.46371],[96.60989,17.46448],[96.61034,17.46525],[96.6107,17.46517],[96.61052,17.46568],[96.61115,17.46628],[96.61115,17.46697],[96.61142,17.46688],[96.61133,17.46757],[96.61169,17.46791],[96.61205,17.46774],[96.61169,17.46825],[96.6125,17.46937],[96.61394,17.46851],[96.61331,17.4674],[96.61214,17.46782],[96.61214,17.46748],[96.61304,17.46731],[96.61313,17.46688],[96.61259,17.46603],[96.61223,17.46603],[96.61259,17.46551],[96.61178,17.4644],[96.6116,17.4644]]],[[[96.63397,17.47005],[96.6346,17.46937],[96.63433,17.46808],[96.63379,17.46902],[96.6337,17.46868],[96.63343,17.46894],[96.63379,17.46911],[96.63379,17.46954],[96.63352,17.4692],[96.63334,17.4698],[96.63388,17.47005],[96.63397,17.47005]]],[[[96.61358,17.47005],[96.61394,17.47014],[96.61385,17.4698],[96.6143,17.46962],[96.61412,17.46902],[96.61277,17.46962],[96.61277,17.46988],[96.61313,17.46988],[96.61286,17.47065],[96.61322,17.47074],[96.61313,17.47048],[96.61358,17.47014],[96.61358,17.47005]]],[[[96.61906,17.47134],[96.62014,17.471],[96.62005,17.47031],[96.61888,17.47022],[96.61861,17.47074],[96.61897,17.47134],[96.61906,17.47134]]],[[[96.64816,17.47219],[96.64852,17.47185],[96.64897,17.47202],[96.64843,17.47168],[96.64924,17.471],[96.64879,17.47005],[96.64843,17.47031],[96.64879,17.47022],[96.64897,17.47108],[96.64861,17.47091],[96.64852,17.47134],[96.64789,17.47125],[96.64798,17.47219],[96.64816,17.47219]]],[[[96.59759,17.47108],[96.59714,17.47142],[96.59696,17.47057],[96.59696,17.47117],[96.59633,17.47125],[96.59669,17.4716],[96.59624,17.47142],[96.59633,17.47168],[96.59579,17.47219],[96.59651,17.47185],[96.59687,17.47194],[96.59687,17.47245],[96.59714,17.47219],[96.59768,17.47237],[96.59786,17.47168],[96.59903,17.4716],[96.59885,17.47074],[96.59813,17.471],[96.59822,17.47142],[96.59786,17.47134],[96.59795,17.47065],[96.59741,17.47074],[96.5975,17.47108],[96.59759,17.47108]]],[[[96.62768,17.47339],[96.62822,17.47305],[96.62786,17.47288],[96.62795,17.47254],[96.6284,17.47262],[96.62849,17.47237],[96.6275,17.47237],[96.6275,17.47339],[96.62768,17.47339]]],[[[96.63235,17.47374],[96.63235,17.47322],[96.6328,17.47331],[96.63289,17.47305],[96.63253,17.47305],[96.63262,17.47254],[96.63226,17.47262],[96.63199,17.47228],[96.63226,17.47297],[96.63181,17.47305],[96.63235,17.47339],[96.63226,17.47374],[96.63235,17.47374]]],[[[96.64825,17.47468],[96.6496,17.47382],[96.64933,17.47365],[96.64852,17.47417],[96.64807,17.47391],[96.64807,17.47468],[96.64825,17.47468]]],[[[96.65409,17.47468],[96.65418,17.47425],[96.65508,17.47425],[96.65508,17.47399],[96.65472,17.47399],[96.6549,17.47348],[96.65436,17.47357],[96.65427,17.47399],[96.654,17.47357],[96.654,17.47399],[96.65364,17.47391],[96.65346,17.47434],[96.654,17.47442],[96.654,17.47468],[96.65409,17.47468]]],[[[96.64601,17.47588],[96.64592,17.47554],[96.64556,17.47588],[96.64538,17.47545],[96.64502,17.47571],[96.64457,17.47528],[96.64475,17.47562],[96.64448,17.47614],[96.64457,17.47554],[96.64403,17.47554],[96.64412,17.47614],[96.64484,17.47665],[96.64493,17.47639],[96.64457,17.47631],[96.64502,17.47605],[96.64484,17.47579],[96.64529,17.47579],[96.64547,17.47639],[96.6452,17.47656],[96.64565,17.47656],[96.64547,17.47605],[96.64583,17.47597],[96.64574,17.47622],[96.64601,17.47622],[96.64574,17.47648],[96.64619,17.47665],[96.64601,17.47597],[96.64601,17.47588]]],[[[96.59435,17.47519],[96.59408,17.47511],[96.59408,17.47537],[96.59516,17.47554],[96.59489,17.47605],[96.59453,17.47588],[96.59444,17.47622],[96.59408,17.47614],[96.59471,17.47682],[96.59471,17.47622],[96.59543,17.47605],[96.59525,17.47434],[96.59507,17.47451],[96.59453,17.47417],[96.59408,17.47459],[96.59408,17.47494],[96.59507,17.47459],[96.59453,17.47494],[96.59489,17.47528],[96.59444,17.47519],[96.59435,17.47519]]],[[[96.59965,17.47656],[96.59974,17.47597],[96.59903,17.47605],[96.59894,17.47579],[96.59965,17.47579],[96.59974,17.47528],[96.59885,17.47554],[96.59903,17.47511],[96.59974,17.47502],[96.59947,17.47477],[96.59965,17.47451],[96.59903,17.47477],[96.59876,17.47442],[96.59965,17.47434],[96.59956,17.47322],[96.59858,17.47417],[96.59795,17.47391],[96.59759,17.47322],[96.59723,17.47348],[96.59741,17.47408],[96.59705,17.47382],[96.59714,17.47434],[96.59651,17.47425],[96.59669,17.47391],[96.59597,17.47434],[96.59597,17.47459],[96.59678,17.47468],[96.59642,17.47468],[96.59606,17.47519],[96.59696,17.47528],[96.59687,17.47708],[96.59741,17.47708],[96.59714,17.47656],[96.5975,17.47656],[96.5975,17.47614],[96.59777,17.47614],[96.59768,17.47665],[96.59795,17.47674],[96.59813,17.47639],[96.59956,17.47656],[96.59965,17.47656]]],[[[96.65364,17.47691],[96.654,17.47665],[96.65409,17.47699],[96.65445,17.47699],[96.65445,17.47674],[96.6549,17.47699],[96.65517,17.47639],[96.65481,17.47631],[96.65463,17.47665],[96.65418,17.47631],[96.65409,17.47656],[96.65337,17.47648],[96.65346,17.47691],[96.65301,17.47682],[96.65319,17.47708],[96.65364,17.47699],[96.65364,17.47691]]],[[[96.6337,17.47725],[96.6337,17.47682],[96.6346,17.47656],[96.6355,17.47691],[96.63559,17.47665],[96.63505,17.47622],[96.63361,17.47631],[96.63334,17.47674],[96.63361,17.47725],[96.6337,17.47725]]],[[[96.59965,17.47656],[96.59974,17.47682],[96.59938,17.47674],[96.5992,17.47708],[96.59867,17.47691],[96.59804,17.47716],[96.59983,17.47734],[96.59974,17.47708],[96.60028,17.47674],[96.59974,17.47656],[96.59965,17.47656]]],[[[96.61762,17.47785],[96.61807,17.47734],[96.61825,17.47631],[96.61861,17.47622],[96.61834,17.47597],[96.61879,17.47588],[96.61924,17.47494],[96.61888,17.47485],[96.61888,17.47528],[96.61816,17.47571],[96.61717,17.47554],[96.61717,17.47519],[96.61564,17.47562],[96.61564,17.47665],[96.61609,17.47682],[96.61618,17.47648],[96.61591,17.47639],[96.61627,17.47631],[96.61636,17.47588],[96.6169,17.47622],[96.61717,17.47562],[96.61753,17.47597],[96.61807,17.47579],[96.61753,17.47691],[96.61708,17.47682],[96.61726,17.47716],[96.61762,17.47699],[96.61735,17.47768],[96.61771,17.47785],[96.61762,17.47785]]],[[[96.58789,17.47836],[96.58825,17.47819],[96.58825,17.47751],[96.58744,17.47725],[96.58771,17.47751],[96.58735,17.47845],[96.5878,17.47836],[96.58789,17.47836]]],[[[96.63056,17.47854],[96.63038,17.47871],[96.63047,17.47819],[96.63074,17.47828],[96.63047,17.47785],[96.63074,17.47751],[96.63038,17.47674],[96.62966,17.47708],[96.62975,17.47776],[96.62957,17.47725],[96.62921,17.47725],[96.6293,17.47682],[96.62903,17.47682],[96.62876,17.47845],[96.62966,17.47819],[96.62948,17.47862],[96.62984,17.47914],[96.63056,17.47905],[96.63092,17.47879],[96.63074,17.47854],[96.63056,17.47854]]],[[[96.64053,17.47794],[96.64035,17.47811],[96.64035,17.47751],[96.63963,17.47759],[96.63972,17.47845],[96.63945,17.47828],[96.63936,17.47871],[96.63972,17.47862],[96.63972,17.47914],[96.64053,17.47905],[96.64044,17.47819],[96.64098,17.47819],[96.64089,17.47776],[96.64143,17.47768],[96.64134,17.47716],[96.64089,17.47716],[96.64107,17.47742],[96.64062,17.47794],[96.64053,17.47794]]],[[[96.62714,17.47845],[96.62705,17.47794],[96.62714,17.47845],[96.62768,17.47862],[96.62741,17.47785],[96.62759,17.47751],[96.62804,17.47759],[96.62822,17.47682],[96.62777,17.47691],[96.62795,17.47742],[96.62732,17.47759],[96.62732,17.47699],[96.62687,17.47691],[96.62705,17.47725],[96.6266,17.47734],[96.62606,17.47699],[96.62615,17.47734],[96.62687,17.47768],[96.6266,17.47819],[96.62696,17.47871],[96.6266,17.47931],[96.62696,17.47939],[96.62714,17.47862],[96.62714,17.47845]]],[[[96.61052,17.47974],[96.61142,17.47845],[96.61061,17.47905],[96.61043,17.47879],[96.61088,17.47862],[96.61088,17.47828],[96.61034,17.47862],[96.61025,17.47922],[96.60998,17.47922],[96.61025,17.47974],[96.61052,17.47974]]],[[[96.60415,17.47999],[96.60424,17.47922],[96.60477,17.47888],[96.60441,17.47854],[96.60397,17.47888],[96.60361,17.47854],[96.60343,17.47896],[96.60307,17.47888],[96.60298,17.47931],[96.60352,17.47914],[96.60343,17.47939],[96.60406,17.47999],[96.60415,17.47999]]],[[[96.63972,17.48008],[96.63972,17.47965],[96.63954,17.47982],[96.63882,17.47905],[96.63882,17.47974],[96.63828,17.47974],[96.63864,17.48008],[96.63945,17.47991],[96.63963,17.48042],[96.63981,17.48008],[96.63972,17.48008]]],[[[96.61591,17.47862],[96.61564,17.47905],[96.61537,17.47888],[96.61555,17.47862],[96.61466,17.47871],[96.61493,17.47888],[96.61466,17.47931],[96.61502,17.47965],[96.6151,17.47931],[96.61627,17.47948],[96.61654,17.47922],[96.61654,17.47974],[96.6169,17.47982],[96.61582,17.48016],[96.61528,17.47991],[96.61528,17.48016],[96.61573,17.48025],[96.61564,17.48068],[96.616,17.48068],[96.61609,17.48128],[96.61672,17.48076],[96.61654,17.48111],[96.61681,17.48136],[96.61708,17.48051],[96.61735,17.48059],[96.61708,17.48042],[96.61708,17.47982],[96.61735,17.47974],[96.61708,17.47939],[96.6178,17.47914],[96.61798,17.47836],[96.61717,17.47794],[96.61663,17.47845],[96.61663,17.47871],[96.61699,17.47871],[96.61681,17.47905],[96.61609,17.47888],[96.61627,17.47819],[96.61573,17.47836],[96.61591,17.47854],[96.61591,17.47862]]],[[[96.60882,17.48153],[96.60945,17.48068],[96.609,17.48059],[96.60882,17.48093],[96.60873,17.48059],[96.60918,17.48051],[96.60936,17.47939],[96.60972,17.47948],[96.60918,17.47914],[96.60945,17.47905],[96.60909,17.47879],[96.60918,17.47845],[96.60828,17.47888],[96.609,17.47905],[96.60882,17.48008],[96.60864,17.47965],[96.60819,17.47965],[96.60801,17.47982],[96.60855,17.48016],[96.60828,17.48051],[96.6072,17.48016],[96.60711,17.48111],[96.60846,17.48059],[96.60855,17.48119],[96.60882,17.48102],[96.60873,17.48153],[96.60882,17.48153]]],[[[96.63074,17.48042],[96.62966,17.48076],[96.63002,17.48076],[96.62984,17.48128],[96.63047,17.48136],[96.63011,17.48222],[96.63074,17.48213],[96.63092,17.48256],[96.63118,17.48222],[96.63145,17.48256],[96.63118,17.48093],[96.63154,17.48042],[96.63074,17.48025],[96.63074,17.48042]]],[[[96.61672,17.48136],[96.61627,17.48128],[96.61573,17.48179],[96.61582,17.48282],[96.61636,17.48248],[96.61627,17.48196],[96.61654,17.48188],[96.61627,17.48171],[96.61663,17.48179],[96.61672,17.48145],[96.61672,17.48136]]],[[[96.63397,17.48333],[96.63469,17.48325],[96.63469,17.48282],[96.63505,17.48273],[96.63487,17.48248],[96.63541,17.48265],[96.63505,17.48299],[96.63523,17.48316],[96.63613,17.48308],[96.63631,17.48291],[96.6355,17.48299],[96.63613,17.48231],[96.63577,17.48231],[96.63577,17.48196],[96.63496,17.48213],[96.6346,17.48188],[96.63442,17.48213],[96.63415,17.48179],[96.63433,17.48213],[96.63397,17.48222],[96.63388,17.48291],[96.63352,17.48273],[96.63352,17.48299],[96.63316,17.48299],[96.63298,17.48273],[96.63289,17.48308],[96.63379,17.48333],[96.63397,17.48333]]],[[[96.64439,17.48333],[96.64448,17.48299],[96.64484,17.48316],[96.64628,17.48282],[96.64673,17.48308],[96.64691,17.48273],[96.64726,17.48291],[96.6478,17.48265],[96.64628,17.48265],[96.6461,17.48222],[96.64592,17.48265],[96.64349,17.48282],[96.64349,17.48308],[96.64403,17.48299],[96.64421,17.48333],[96.64439,17.48333]]],[[[96.6372,17.48445],[96.6372,17.48376],[96.63756,17.48333],[96.63702,17.48299],[96.63675,17.48325],[96.63693,17.48376],[96.63657,17.48393],[96.63684,17.48445],[96.6372,17.48445]]],[[[96.58762,17.48325],[96.58771,17.48359],[96.58735,17.48299],[96.58771,17.48522],[96.58798,17.48513],[96.58789,17.4847],[96.58816,17.4847],[96.58798,17.48351],[96.58869,17.48333],[96.58762,17.48316],[96.58762,17.48325]]],[[[96.66972,17.48565],[96.67017,17.48505],[96.66972,17.48479],[96.66963,17.48445],[96.6699,17.48436],[96.66963,17.48428],[96.669,17.48453],[96.66918,17.48488],[96.66891,17.48505],[96.66909,17.4853],[96.66936,17.48505],[96.66918,17.48556],[96.66954,17.48565],[96.66972,17.48565]]],[[[96.65517,17.48599],[96.65589,17.48565],[96.65535,17.4853],[96.65535,17.48488],[96.65454,17.48513],[96.65463,17.4859],[96.65535,17.48556],[96.65508,17.48599],[96.65517,17.48599]]],[[[96.58034,17.48496],[96.58043,17.48522],[96.58016,17.48522],[96.58034,17.48488],[96.57935,17.48479],[96.57953,17.48642],[96.58124,17.48642],[96.58133,17.48608],[96.58088,17.48608],[96.58088,17.4853],[96.58052,17.48496],[96.58034,17.48496]]],[[[96.64951,17.48548],[96.6496,17.48496],[96.64924,17.48479],[96.64924,17.48539],[96.64879,17.48548],[96.64897,17.48582],[96.64924,17.48556],[96.64906,17.4859],[96.64951,17.4859],[96.64942,17.48633],[96.64924,17.48608],[96.64861,17.48633],[96.64897,17.48693],[96.64924,17.4865],[96.64978,17.4865],[96.64951,17.48625],[96.64987,17.48633],[96.65014,17.4859],[96.65005,17.4853],[96.64987,17.48548],[96.64951,17.48548]]],[[[96.65095,17.48642],[96.65131,17.48633],[96.65113,17.48685],[96.65149,17.48659],[96.6514,17.48693],[96.65176,17.48693],[96.65221,17.48676],[96.6523,17.48633],[96.65194,17.48565],[96.6514,17.48582],[96.65131,17.48556],[96.6514,17.48616],[96.65176,17.48625],[96.65059,17.4859],[96.65077,17.48616],[96.65041,17.48659],[96.65068,17.48659],[96.65068,17.48702],[96.65095,17.48685],[96.65095,17.48642]]],[[[96.66622,17.48702],[96.66658,17.48693],[96.66676,17.48633],[96.66505,17.48659],[96.66523,17.48693],[96.66559,17.48668],[96.66613,17.48702],[96.66622,17.48702]]],[[[96.6319,17.4871],[96.6319,17.48633],[96.63235,17.48625],[96.63136,17.4865],[96.63136,17.4859],[96.63101,17.48582],[96.63074,17.48633],[96.63154,17.48676],[96.63109,17.48736],[96.63181,17.48787],[96.63217,17.48762],[96.63199,17.4871],[96.6319,17.4871]]],[[[96.63604,17.48762],[96.63541,17.48642],[96.63487,17.48659],[96.63487,17.48728],[96.63523,17.4871],[96.63577,17.48736],[96.63604,17.48787],[96.63613,17.48762],[96.63604,17.48762]]],[[[96.63388,17.48693],[96.63415,17.48736],[96.63361,17.48702],[96.63442,17.4865],[96.63397,17.48633],[96.63406,17.48608],[96.63505,17.48642],[96.63514,17.48599],[96.63406,17.4859],[96.63379,17.48616],[96.63352,17.48573],[96.63307,17.48599],[96.63352,17.48685],[96.63316,17.48693],[96.63307,17.48668],[96.63298,17.48719],[96.63352,17.4871],[96.63361,17.48736],[96.63307,17.48762],[96.63271,17.48839],[96.63307,17.48847],[96.63307,17.48822],[96.63352,17.4883],[96.63361,17.48805],[96.63406,17.48822],[96.63379,17.48762],[96.63451,17.4877],[96.63433,17.48736],[96.63478,17.48685],[96.63424,17.48668],[96.63415,17.48693],[96.63388,17.48693]]],[[[96.59067,17.48933],[96.59076,17.48882],[96.59031,17.48856],[96.5904,17.48822],[96.58977,17.4883],[96.58986,17.48873],[96.59022,17.48856],[96.59013,17.48907],[96.5904,17.48933],[96.59067,17.48933]]],[[[96.61753,17.48985],[96.61735,17.48925],[96.61762,17.48942],[96.61762,17.48899],[96.61699,17.48882],[96.6169,17.48847],[96.61654,17.48899],[96.61726,17.48933],[96.61735,17.48985],[96.61753,17.48985]]],[[[96.58869,17.49096],[96.58869,17.4901],[96.5869,17.49019],[96.58726,17.49036],[96.58717,17.4907],[96.58789,17.49062],[96.5886,17.49096],[96.58869,17.49096]]],[[[96.59175,17.49096],[96.59193,17.4907],[96.59148,17.49053],[96.59166,17.49027],[96.59067,17.49019],[96.59076,17.49096],[96.59166,17.49096],[96.59175,17.49096]]],[[[96.64178,17.49113],[96.64205,17.49147],[96.64259,17.49147],[96.6425,17.49002],[96.64196,17.49019],[96.64196,17.49079],[96.64143,17.4907],[96.64107,17.49105],[96.64125,17.49139],[96.6417,17.49113],[96.64178,17.49113]]],[[[96.63613,17.49139],[96.63604,17.49096],[96.63523,17.49096],[96.63478,17.49156],[96.6355,17.49122],[96.63523,17.49199],[96.6355,17.49216],[96.63559,17.4919],[96.63568,17.49216],[96.63586,17.49182],[96.63595,17.49207],[96.6364,17.49199],[96.63657,17.49147],[96.63631,17.49139],[96.63613,17.49139]]],[[[96.59435,17.49362],[96.59435,17.49327],[96.59462,17.49327],[96.59426,17.49302],[96.59453,17.49293],[96.59462,17.49199],[96.59426,17.49122],[96.59337,17.49156],[96.59417,17.49173],[96.59381,17.49224],[96.59417,17.49327],[96.59372,17.49327],[96.59444,17.49362],[96.59435,17.49362]]],[[[96.58627,17.4931],[96.58609,17.49284],[96.58645,17.4931],[96.58654,17.4925],[96.58591,17.4925],[96.58645,17.49233],[96.58681,17.49182],[96.58672,17.49139],[96.58708,17.49122],[96.58681,17.49105],[96.58636,17.49182],[96.586,17.49164],[96.58591,17.49087],[96.58654,17.4913],[96.58663,17.49096],[96.58627,17.49087],[96.58672,17.4907],[96.58582,17.4907],[96.58636,17.49045],[96.58627,17.48907],[96.58546,17.48899],[96.58555,17.48925],[96.5851,17.48942],[96.58528,17.48907],[96.58483,17.48907],[96.58474,17.48865],[96.58456,17.48907],[96.58483,17.48925],[96.58438,17.4895],[96.5842,17.48899],[96.58312,17.48899],[96.58357,17.48967],[96.58366,17.48916],[96.58375,17.48976],[96.58393,17.48925],[96.58429,17.48985],[96.58519,17.49002],[96.58375,17.49027],[96.58384,17.49096],[96.58321,17.49105],[96.58357,17.49105],[96.5833,17.4913],[96.58375,17.4919],[96.58348,17.49233],[96.58393,17.49267],[96.58348,17.49284],[96.58393,17.49293],[96.58366,17.49327],[96.58375,17.49387],[96.5842,17.49396],[96.58519,17.49327],[96.58555,17.49353],[96.58564,17.49327],[96.58627,17.49327],[96.58627,17.4931]]],[[[96.65104,17.49319],[96.65113,17.49344],[96.65086,17.4931],[96.65041,17.49327],[96.65068,17.49344],[96.65059,17.49387],[96.65149,17.49396],[96.65149,17.49353],[96.65158,17.49396],[96.65212,17.49396],[96.65212,17.49362],[96.65301,17.49387],[96.65256,17.49362],[96.65239,17.49276],[96.65212,17.49276],[96.65247,17.4925],[96.65104,17.4931],[96.65104,17.49319]]],[[[96.60307,17.4931],[96.60289,17.49284],[96.60244,17.49302],[96.60217,17.49387],[96.60154,17.49353],[96.60163,17.49327],[96.601,17.49353],[96.60136,17.49379],[96.60172,17.49362],[96.6019,17.49447],[96.6019,17.49404],[96.60262,17.4943],[96.60244,17.49404],[96.60289,17.49404],[96.60271,17.49379],[96.60352,17.4937],[96.60298,17.49344],[96.60307,17.49319],[96.60307,17.4931]]],[[[96.58564,17.49456],[96.58618,17.4943],[96.58591,17.49353],[96.58591,17.49404],[96.58546,17.49362],[96.58519,17.49387],[96.58555,17.49404],[96.58483,17.4943],[96.58501,17.49456],[96.58546,17.4943],[96.58555,17.49456],[96.58564,17.49456]]],[[[96.67332,17.49644],[96.67403,17.4961],[96.67376,17.49593],[96.67394,17.49559],[96.67296,17.49576],[96.67323,17.49644],[96.67332,17.49644]]],[[[96.58456,17.49576],[96.5842,17.49593],[96.58501,17.49541],[96.58582,17.49567],[96.58546,17.49533],[96.58555,17.4949],[96.58519,17.49507],[96.58537,17.49533],[96.58492,17.49541],[96.58447,17.49507],[96.58456,17.49541],[96.58411,17.4955],[96.58411,17.49576],[96.58366,17.4955],[96.58393,17.49601],[96.58348,17.49627],[96.58402,17.49619],[96.58375,17.4967],[96.5842,17.4967],[96.58411,17.49601],[96.58438,17.49644],[96.58528,17.49593],[96.58528,17.49567],[96.58474,17.49576],[96.58456,17.49576]]],[[[96.60082,17.49473],[96.59992,17.4955],[96.59992,17.49601],[96.59929,17.49644],[96.59938,17.49679],[96.60073,17.49619],[96.60064,17.49559],[96.60118,17.4955],[96.60109,17.49507],[96.60154,17.49524],[96.60136,17.49499],[96.60181,17.49499],[96.60172,17.49456],[96.60154,17.49473],[96.60082,17.49473]]],[[[96.60082,17.49473],[96.60118,17.49439],[96.60118,17.49379],[96.60073,17.49362],[96.60082,17.49319],[96.60037,17.49344],[96.60028,17.49293],[96.60001,17.49302],[96.60001,17.49362],[96.59911,17.49404],[96.59947,17.49464],[96.59929,17.49481],[96.59876,17.49456],[96.59894,17.49379],[96.59858,17.4937],[96.59867,17.49396],[96.59831,17.49404],[96.59858,17.49422],[96.59858,17.49456],[96.59831,17.49456],[96.59849,17.49481],[96.59813,17.49447],[96.59822,17.49379],[96.59804,17.49422],[96.59759,17.49387],[96.59786,17.49327],[96.59813,17.49336],[96.59813,17.49284],[96.59911,17.4937],[96.59938,17.4937],[96.59938,17.49336],[96.59885,17.49319],[96.59885,17.49293],[96.59929,17.49276],[96.59965,17.49319],[96.59965,17.49284],[96.59992,17.49284],[96.59938,17.49207],[96.5992,17.49224],[96.59947,17.49259],[96.59894,17.49284],[96.59858,17.49267],[96.59894,17.49224],[96.59858,17.49207],[96.59849,17.49147],[96.59885,17.49164],[96.59876,17.4913],[96.5992,17.49122],[96.5992,17.49087],[96.59965,17.49096],[96.59929,17.49079],[96.5992,17.4901],[96.59885,17.4901],[96.59894,17.49045],[96.59867,17.49027],[96.59867,17.49122],[96.59831,17.49105],[96.5984,17.49139],[96.59741,17.49139],[96.59732,17.49182],[96.59768,17.49173],[96.59768,17.49207],[96.59705,17.49233],[96.59705,17.49267],[96.59732,17.49242],[96.5975,17.49302],[96.59696,17.49302],[96.59669,17.49233],[96.59687,17.4919],[96.59642,17.49199],[96.59642,17.4913],[96.59624,17.49164],[96.5957,17.49164],[96.59597,17.49122],[96.59579,17.49079],[96.59561,17.49105],[96.59516,17.49079],[96.59534,17.49036],[96.59462,17.48993],[96.59516,17.48959],[96.59489,17.48925],[96.59444,17.48942],[96.59444,17.49087],[96.5948,17.49105],[96.5948,17.49233],[96.59516,17.49242],[96.5948,17.49267],[96.59498,17.49362],[96.59462,17.4937],[96.59498,17.49404],[96.59453,17.49447],[96.59489,17.49464],[96.59489,17.49507],[96.59525,17.49422],[96.59561,17.4943],[96.59534,17.49473],[96.59606,17.4949],[96.59624,17.49464],[96.5966,17.49499],[96.59651,17.49456],[96.59732,17.49413],[96.59705,17.49481],[96.59741,17.49524],[96.59696,17.4955],[96.59732,17.49567],[96.59714,17.4961],[96.59768,17.49627],[96.59768,17.49661],[96.59696,17.49627],[96.59696,17.49739],[96.59759,17.49721],[96.59723,17.49704],[96.59732,17.4967],[96.59795,17.49687],[96.59804,17.49636],[96.59876,17.4967],[96.5992,17.49627],[96.59929,17.49593],[96.59903,17.49619],[96.59876,17.49601],[96.59858,17.49636],[96.59858,17.49541],[96.59885,17.49541],[96.59849,17.49516],[96.59867,17.49473],[96.59903,17.49481],[96.59903,17.49541],[96.59983,17.49541],[96.59965,17.49481],[96.60073,17.49473],[96.60082,17.49473]]],[[[96.61097,17.49704],[96.61106,17.49764],[96.61223,17.49739],[96.6125,17.49773],[96.61268,17.49567],[96.61187,17.49593],[96.61151,17.49567],[96.61007,17.49576],[96.61034,17.49696],[96.61079,17.49704],[96.61097,17.49704]]],[[[96.63505,17.49773],[96.63514,17.49713],[96.63478,17.49661],[96.63415,17.4973],[96.63496,17.49773],[96.63505,17.49773]]],[[[96.63235,17.49636],[96.63253,17.49362],[96.63226,17.49302],[96.63154,17.4931],[96.63154,17.49362],[96.63109,17.49327],[96.63056,17.49344],[96.63047,17.49173],[96.62948,17.49182],[96.6293,17.49122],[96.62957,17.49147],[96.63002,17.49122],[96.63002,17.49164],[96.63056,17.49147],[96.63011,17.49096],[96.62966,17.49113],[96.62984,17.49079],[96.62957,17.49079],[96.62948,17.49002],[96.6293,17.49053],[96.62957,17.49096],[96.62876,17.49087],[96.62849,17.49122],[96.62894,17.4913],[96.62912,17.49173],[96.62813,17.49164],[96.62795,17.49182],[96.62831,17.49182],[96.62831,17.49207],[96.62786,17.49199],[96.62786,17.49267],[96.62813,17.49242],[96.62822,17.49276],[96.62804,17.4931],[96.62858,17.49302],[96.62849,17.49353],[96.62804,17.49344],[96.62786,17.4943],[96.62831,17.49422],[96.62822,17.49379],[96.62849,17.49379],[96.6284,17.49447],[96.62867,17.4943],[96.62894,17.49464],[96.62822,17.49507],[96.62795,17.4949],[96.62795,17.49516],[96.62885,17.49541],[96.62858,17.49559],[96.62885,17.49567],[96.62867,17.49627],[96.62903,17.4961],[96.62894,17.49524],[96.62939,17.49524],[96.62912,17.49576],[96.62993,17.49584],[96.62975,17.4961],[96.62921,17.49593],[96.62912,17.49619],[96.62984,17.49619],[96.6302,17.49687],[96.63074,17.49696],[96.63154,17.49627],[96.63127,17.49679],[96.63172,17.49687],[96.63163,17.49747],[96.6319,17.49739],[96.63181,17.49679],[96.63226,17.49679],[96.63226,17.49704],[96.63199,17.49696],[96.63217,17.49781],[96.63262,17.49764],[96.63235,17.49661],[96.63235,17.49636]]],[[[96.63846,17.49584],[96.6381,17.49619],[96.63828,17.49567],[96.63873,17.49576],[96.63864,17.49541],[96.63936,17.49533],[96.63909,17.49507],[96.63864,17.49524],[96.63882,17.49499],[96.63846,17.4949],[96.63819,17.49559],[96.63747,17.4961],[96.63738,17.49567],[96.63792,17.4955],[96.63792,17.49499],[96.63819,17.4949],[96.63783,17.49481],[96.63756,17.49533],[96.63729,17.49516],[96.63702,17.49541],[96.63684,17.49516],[96.63613,17.49541],[96.63604,17.49576],[96.63532,17.49559],[96.63532,17.49601],[96.6346,17.49601],[96.63487,17.49627],[96.63496,17.49601],[96.63559,17.4961],[96.63577,17.49687],[96.63568,17.49601],[96.63693,17.49593],[96.63711,17.49679],[96.63684,17.49696],[96.63684,17.49644],[96.63648,17.49661],[96.63657,17.49739],[96.63756,17.49764],[96.63801,17.49704],[96.63801,17.49756],[96.63756,17.49781],[96.63819,17.49798],[96.63819,17.49627],[96.63846,17.49627],[96.63855,17.49696],[96.63882,17.49679],[96.63864,17.49619],[96.63891,17.49619],[96.63846,17.49593],[96.63846,17.49584]]],[[[96.62571,17.49841],[96.62517,17.49781],[96.62588,17.4979],[96.62615,17.49739],[96.62579,17.49756],[96.62562,17.49704],[96.62454,17.4967],[96.62508,17.49739],[96.62445,17.4973],[96.62436,17.49841],[96.62579,17.49841],[96.62571,17.49841]]],[[[96.62777,17.49858],[96.6275,17.49816],[96.62786,17.49773],[96.62777,17.4973],[96.62741,17.4973],[96.62741,17.49679],[96.62642,17.49696],[96.6266,17.4973],[96.62615,17.49756],[96.62633,17.49824],[96.62732,17.49807],[96.62723,17.49841],[96.62768,17.49833],[96.62768,17.49858],[96.62777,17.49858]]],[[[96.6408,17.49816],[96.64107,17.4985],[96.64071,17.49773],[96.64125,17.49773],[96.64116,17.49721],[96.64071,17.49764],[96.64035,17.49739],[96.64035,17.49807],[96.64008,17.49798],[96.64062,17.49798],[96.64035,17.4985],[96.6408,17.49841],[96.6408,17.49816]]],[[[96.6743,17.49858],[96.67484,17.49781],[96.67475,17.49721],[96.67412,17.49739],[96.67412,17.49764],[96.67448,17.49756],[96.67448,17.49798],[96.67412,17.49798],[96.67403,17.49858],[96.6743,17.49858]]],[[[96.59606,17.49901],[96.59678,17.4985],[96.59678,17.49816],[96.59624,17.49816],[96.59624,17.4979],[96.59669,17.49807],[96.59624,17.49739],[96.59678,17.49696],[96.5966,17.49653],[96.59651,17.49696],[96.59606,17.49696],[96.59597,17.49747],[96.59516,17.49747],[96.59543,17.49816],[96.59552,17.49756],[96.59606,17.49756],[96.59597,17.49901],[96.59606,17.49901]]],[[[96.61502,17.49918],[96.61537,17.49876],[96.61555,17.49927],[96.61564,17.49858],[96.61502,17.49833],[96.61448,17.49867],[96.61394,17.49816],[96.61313,17.49833],[96.61304,17.49893],[96.61331,17.49927],[96.6151,17.49918],[96.61502,17.49918]]],[[[96.67493,17.49944],[96.67484,17.4991],[96.67493,17.49953],[96.67529,17.49961],[96.6752,17.49918],[96.67601,17.49893],[96.67538,17.49893],[96.6752,17.4985],[96.67484,17.4985],[96.67484,17.49944],[96.67493,17.49944]]],[[[96.58708,17.49996],[96.58744,17.49944],[96.58717,17.49953],[96.58681,17.4991],[96.58699,17.49867],[96.58627,17.49867],[96.58663,17.4991],[96.58591,17.49893],[96.58591,17.49961],[96.58537,17.4997],[96.58573,17.49987],[96.586,17.49936],[96.5869,17.49927],[96.58699,17.49996],[96.58708,17.49996]]],[[[96.63864,17.49893],[96.639,17.49884],[96.63918,17.49996],[96.63927,17.49953],[96.63972,17.4997],[96.63981,17.49867],[96.64017,17.4985],[96.63936,17.49858],[96.63954,17.49833],[96.63882,17.49816],[96.63891,17.49867],[96.63729,17.49867],[96.63729,17.49927],[96.63783,17.49893],[96.63864,17.49918],[96.63864,17.49893]]],[[[96.62624,17.50047],[96.62669,17.49978],[96.62624,17.49936],[96.62642,17.49978],[96.62606,17.50004],[96.62606,17.49953],[96.62571,17.49936],[96.62588,17.4997],[96.62544,17.49996],[96.62597,17.50004],[96.62579,17.50038],[96.62615,17.50047],[96.62624,17.50047]]],[[[96.61969,17.50064],[96.62023,17.50047],[96.61996,17.49936],[96.61888,17.49927],[96.61897,17.50021],[96.6196,17.50021],[96.61942,17.49978],[96.61996,17.50013],[96.61951,17.50064],[96.61969,17.50064]]],[[[96.6151,17.50073],[96.61564,17.50064],[96.61573,17.50004],[96.61528,17.49996],[96.61457,17.50038],[96.61475,17.49996],[96.61439,17.5003],[96.6143,17.49961],[96.61394,17.49961],[96.61358,17.50004],[96.61331,17.49987],[96.61331,17.5003],[96.61304,17.50021],[96.61331,17.50056],[96.61484,17.50073],[96.6151,17.50073]]],[[[96.62103,17.5003],[96.62121,17.49987],[96.62148,17.49996],[96.62148,17.50021],[96.62103,17.5003],[96.62139,17.50098],[96.62238,17.50081],[96.62247,17.49893],[96.62103,17.49884],[96.62094,17.5003],[96.62103,17.5003]]],[[[96.5966,17.49936],[96.59588,17.49927],[96.59633,17.49978],[96.59561,17.49961],[96.59543,17.50004],[96.5957,17.49987],[96.59561,17.50038],[96.59597,17.50021],[96.59606,17.50047],[96.59642,17.50004],[96.59714,17.50004],[96.59705,17.5003],[96.59669,17.50021],[96.59669,17.50107],[96.59804,17.5003],[96.59777,17.49978],[96.59759,17.50013],[96.59732,17.50004],[96.59741,17.49953],[96.5984,17.4997],[96.59804,17.49893],[96.5975,17.49918],[96.59768,17.49884],[96.59741,17.4985],[96.59768,17.49841],[96.59723,17.49833],[96.5966,17.49927],[96.5966,17.49936]]],[[[96.59408,17.50158],[96.59471,17.50038],[96.59364,17.49978],[96.59399,17.50047],[96.59328,17.5009],[96.59372,17.50107],[96.59355,17.50133],[96.5939,17.50158],[96.59408,17.50158]]],[[[96.61466,17.50227],[96.61466,17.50201],[96.6151,17.5021],[96.61528,17.50184],[96.61493,17.50175],[96.61493,17.50133],[96.61421,17.50133],[96.61439,17.50167],[96.61394,17.50124],[96.61349,17.50133],[96.61349,17.50193],[96.61421,17.50167],[96.61439,17.50227],[96.61466,17.50227]]],[[[96.67457,17.50244],[96.67457,17.50064],[96.67412,17.5009],[96.67403,17.50141],[96.67403,17.50098],[96.67376,17.50107],[96.67394,17.50167],[96.6743,17.5015],[96.67394,17.50193],[96.67439,17.50244],[96.67457,17.50244]]],[[[96.58825,17.5021],[96.5886,17.50244],[96.58878,17.50218],[96.58834,17.50193],[96.58869,17.50175],[96.58896,17.50227],[96.5886,17.50253],[96.5895,17.5027],[96.58914,17.50227],[96.58959,17.50133],[96.58807,17.50167],[96.58825,17.50193],[96.58825,17.5021]]],[[[96.58825,17.5021],[96.58789,17.5021],[96.58771,17.5015],[96.58672,17.5015],[96.58762,17.50201],[96.58744,17.50287],[96.58825,17.50227],[96.58825,17.5021]]],[[[96.63397,17.50287],[96.63442,17.50261],[96.63379,17.50227],[96.6337,17.50175],[96.63334,17.50175],[96.63334,17.50253],[96.6337,17.50287],[96.63397,17.50287]]],[[[96.66451,17.50321],[96.66451,17.50235],[96.66478,17.50227],[96.66505,17.50287],[96.66496,17.50227],[96.6655,17.50244],[96.6655,17.50218],[96.66478,17.50218],[96.66487,17.50184],[96.66442,17.50218],[96.66415,17.50175],[96.66433,17.50201],[96.66388,17.50253],[96.66442,17.50278],[96.66415,17.50321],[96.6646,17.50321],[96.66451,17.50321]]],[[[96.5939,17.50175],[96.59319,17.5015],[96.59301,17.50184],[96.59274,17.50124],[96.59229,17.50133],[96.59202,17.50081],[96.59148,17.50098],[96.59121,17.50073],[96.59193,17.50047],[96.59085,17.50021],[96.58986,17.50047],[96.59022,17.50047],[96.58986,17.50115],[96.59112,17.50124],[96.59094,17.5015],[96.59031,17.50141],[96.59094,17.50184],[96.5913,17.50158],[96.59121,17.5009],[96.59166,17.50124],[96.59139,17.50141],[96.59157,17.50175],[96.59103,17.50193],[96.59103,17.5027],[96.59139,17.50261],[96.59103,17.50304],[96.59139,17.50295],[96.5913,17.5033],[96.59166,17.50321],[96.59175,17.50355],[96.59184,17.50313],[96.59229,17.50338],[96.59211,17.5015],[96.59247,17.50201],[96.59274,17.50167],[96.59283,17.50201],[96.59372,17.50193],[96.59381,17.50218],[96.59408,17.50193],[96.5939,17.50167],[96.5939,17.50175]]],[[[96.5904,17.50355],[96.5904,17.5033],[96.59085,17.5033],[96.59067,17.50244],[96.58986,17.50278],[96.58995,17.5033],[96.59031,17.50373],[96.59049,17.50355],[96.5904,17.50355]]],[[[96.59301,17.50321],[96.59274,17.5033],[96.59328,17.5027],[96.59399,17.50304],[96.59408,17.50227],[96.59364,17.50218],[96.59337,17.50261],[96.59346,17.50235],[96.59301,17.50218],[96.59319,17.5027],[96.59247,17.50338],[96.59328,17.50373],[96.59328,17.50321],[96.59364,17.50295],[96.5931,17.50321],[96.59301,17.50321]]],[[[96.61403,17.5027],[96.6143,17.5027],[96.61412,17.50304],[96.61403,17.5027],[96.61304,17.50287],[96.61259,17.50261],[96.61268,17.50175],[96.61223,17.50133],[96.61142,17.5015],[96.61178,17.50373],[96.61412,17.50355],[96.61421,17.50381],[96.61448,17.50347],[96.61546,17.50355],[96.61546,17.50313],[96.61573,17.50313],[96.61502,17.50235],[96.61403,17.50261],[96.61403,17.5027]]],[[[96.63792,17.50355],[96.63765,17.50381],[96.63819,17.5039],[96.63882,17.50338],[96.63837,17.50304],[96.63693,17.50338],[96.6372,17.5039],[96.63774,17.50355],[96.63792,17.50355]]],[[[96.59687,17.5039],[96.59732,17.50347],[96.59795,17.50364],[96.59831,17.5033],[96.5975,17.50321],[96.59678,17.50364],[96.59723,17.50304],[96.59678,17.50287],[96.59669,17.50218],[96.59714,17.50184],[96.59678,17.50253],[96.59741,17.50227],[96.59732,17.50253],[96.59858,17.50287],[96.59858,17.50133],[96.59831,17.50124],[96.5984,17.50158],[96.59804,17.50133],[96.59804,17.50184],[96.59759,17.50201],[96.59759,17.50107],[96.59696,17.50141],[96.59651,17.50115],[96.59669,17.50081],[96.59606,17.50064],[96.59606,17.50115],[96.59579,17.50124],[96.59588,17.50056],[96.59507,17.50047],[96.5948,17.50073],[96.59516,17.50098],[96.59525,17.50056],[96.5957,17.50081],[96.59543,17.50115],[96.5948,17.5009],[96.59489,17.50158],[96.59453,17.50124],[96.59444,17.50175],[96.59498,17.50201],[96.59462,17.50201],[96.59444,17.50261],[96.5948,17.50278],[96.59498,17.50244],[96.59534,17.50304],[96.59498,17.50287],[96.5948,17.50338],[96.59462,17.50287],[96.59453,17.50347],[96.59615,17.50398],[96.59597,17.50373],[96.59642,17.50338],[96.59642,17.50398],[96.59687,17.50407],[96.59687,17.5039]]],[[[96.62382,17.50407],[96.62373,17.50364],[96.62418,17.50407],[96.62409,17.50381],[96.62454,17.50381],[96.62454,17.50355],[96.62364,17.50347],[96.62355,17.50398],[96.62328,17.50398],[96.62337,17.50347],[96.62256,17.50373],[96.62283,17.50381],[96.62265,17.50415],[96.62391,17.50407],[96.62382,17.50407]]],[[[96.6319,17.50347],[96.63208,17.50364],[96.63163,17.50355],[96.63145,17.50407],[96.63208,17.50373],[96.63208,17.50415],[96.63217,17.50381],[96.6328,17.5039],[96.63298,17.50355],[96.63262,17.5015],[96.63208,17.50167],[96.63199,17.50313],[96.63118,17.50295],[96.63118,17.50347],[96.63127,17.50321],[96.6319,17.50338],[96.6319,17.50347]]],[[[96.61331,17.50407],[96.61142,17.5039],[96.61115,17.5027],[96.61061,17.50278],[96.61061,17.50235],[96.6098,17.50193],[96.60972,17.50227],[96.60927,17.5021],[96.60954,17.50253],[96.60989,17.50253],[96.6098,17.50278],[96.60846,17.50244],[96.60864,17.50338],[96.60828,17.5039],[96.60711,17.50398],[96.6072,17.5033],[96.60684,17.50347],[96.60693,17.50398],[96.6063,17.5039],[96.60621,17.50415],[96.60909,17.50415],[96.60927,17.5039],[96.60882,17.50381],[96.60882,17.50347],[96.60927,17.50373],[96.60936,17.50347],[96.6098,17.50355],[96.61007,17.50415],[96.61061,17.50424],[96.61322,17.50407],[96.61331,17.50407]]],[[[96.61924,17.50364],[96.61951,17.50347],[96.61933,17.50278],[96.61888,17.50321],[96.61825,17.50313],[96.61852,17.5033],[96.61807,17.50364],[96.61762,17.50355],[96.61771,17.50398],[96.6169,17.50407],[96.61825,17.50424],[96.61924,17.50373],[96.61924,17.50364]]],[[[96.62714,17.50338],[96.62696,17.50424],[96.62867,17.50398],[96.62831,17.50398],[96.62822,17.50364],[96.62768,17.50373],[96.6275,17.50321],[96.62714,17.50321],[96.62714,17.50338]]],[[[96.63011,17.50424],[96.63029,17.50407],[96.62948,17.50355],[96.62894,17.5039],[96.62894,17.50415],[96.63002,17.50424],[96.63011,17.50424]]],[[[96.60361,17.50424],[96.60334,17.50415],[96.60352,17.5039],[96.60379,17.50398],[96.60361,17.50424],[96.60424,17.50415],[96.60388,17.50355],[96.60441,17.5033],[96.60433,17.50304],[96.60495,17.50321],[96.60504,17.50287],[96.6054,17.50295],[96.60549,17.50227],[96.60576,17.50227],[96.60549,17.50175],[96.60648,17.5015],[96.60639,17.50115],[96.60666,17.50124],[96.60648,17.50167],[96.60693,17.50184],[96.60684,17.50244],[96.60711,17.50261],[96.6072,17.50227],[96.60774,17.50244],[96.60756,17.50158],[96.60783,17.50133],[96.60756,17.50064],[96.60855,17.50064],[96.609,17.50133],[96.60972,17.50115],[96.60963,17.50073],[96.60891,17.5009],[96.60945,17.50081],[96.60927,17.50038],[96.60873,17.50056],[96.609,17.49953],[96.60873,17.49987],[96.60846,17.49953],[96.60873,17.49961],[96.60864,17.49901],[96.60891,17.49918],[96.60918,17.49858],[96.60891,17.49867],[96.60837,17.49798],[96.609,17.49807],[96.60954,17.49901],[96.60989,17.49901],[96.60998,17.4997],[96.61043,17.49978],[96.61043,17.49944],[96.60998,17.49927],[96.61016,17.49893],[96.6098,17.49893],[96.61025,17.49893],[96.61034,17.4985],[96.60998,17.49798],[96.61007,17.49756],[96.60954,17.49764],[96.6098,17.49721],[96.60918,17.49687],[96.60954,17.49679],[96.60945,17.49653],[96.6098,17.4967],[96.60963,17.49584],[96.60927,17.49601],[96.609,17.49559],[96.60918,17.49516],[96.60918,17.49567],[96.60954,17.49567],[96.60945,17.49516],[96.60891,17.49456],[96.60819,17.49464],[96.60864,17.49413],[96.60774,17.49379],[96.60729,17.4931],[96.60738,17.49267],[96.60693,17.49267],[96.60666,17.49199],[96.60594,17.49207],[96.60702,17.4895],[96.60711,17.4889],[96.60675,17.48856],[96.60729,17.48882],[96.60756,17.48839],[96.60783,17.48676],[96.60666,17.4865],[96.60693,17.48599],[96.60657,17.48565],[96.60567,17.48565],[96.60576,17.48522],[96.60612,17.48488],[96.60702,17.4853],[96.60675,17.48505],[96.60702,17.48488],[96.60729,17.48556],[96.60774,17.48556],[96.60792,17.4853],[96.60747,17.48513],[96.60774,17.4847],[96.60702,17.48479],[96.60675,17.48436],[96.60738,17.48402],[96.60747,17.48342],[96.60783,17.48368],[96.60783,17.48333],[96.60819,17.48351],[96.60819,17.48299],[96.60846,17.48299],[96.60837,17.48342],[96.60864,17.48333],[96.60837,17.48256],[96.60864,17.48265],[96.60873,17.48222],[96.609,17.48222],[96.60882,17.48282],[96.60936,17.48308],[96.60909,17.48325],[96.60909,17.48291],[96.60882,17.48299],[96.60864,17.48342],[96.60891,17.48368],[96.60846,17.48368],[96.60864,17.48428],[96.60846,17.48402],[96.60801,17.48419],[96.60837,17.48419],[96.60837,17.48505],[96.60846,17.48436],[96.60882,17.48436],[96.60846,17.4847],[96.60882,17.48513],[96.60819,17.48513],[96.60828,17.48582],[96.60738,17.48565],[96.60747,17.48633],[96.60765,17.48582],[96.60828,17.48599],[96.60846,17.48668],[96.6081,17.48702],[96.60864,17.48736],[96.60783,17.48736],[96.60774,17.48787],[96.6081,17.48813],[96.60765,17.4883],[96.60783,17.48899],[96.60747,17.48882],[96.60792,17.4895],[96.60819,17.4895],[96.60801,17.48899],[96.60864,17.48916],[96.60846,17.49002],[96.60783,17.48967],[96.60792,17.49027],[96.60828,17.49019],[96.60756,17.49105],[96.6081,17.49147],[96.60774,17.4913],[96.60765,17.49164],[96.60738,17.49156],[96.60756,17.4913],[96.60702,17.49122],[96.60693,17.49079],[96.60648,17.49139],[96.6072,17.49147],[96.60756,17.49199],[96.60792,17.49173],[96.60792,17.49233],[96.60828,17.49224],[96.60819,17.4919],[96.60855,17.49207],[96.60855,17.49173],[96.60945,17.49156],[96.60972,17.49105],[96.60998,17.4913],[96.60963,17.49087],[96.6098,17.4901],[96.61061,17.49053],[96.61034,17.49002],[96.61097,17.48993],[96.61079,17.49019],[96.61169,17.49096],[96.61079,17.49062],[96.61052,17.49122],[96.61016,17.4913],[96.61061,17.49276],[96.61007,17.49267],[96.61043,17.49224],[96.6098,17.49164],[96.60945,17.49216],[96.60756,17.49276],[96.60756,17.49302],[96.60801,17.49293],[96.6081,17.49379],[96.60864,17.49379],[96.60837,17.49344],[96.60855,17.49319],[96.60873,17.49336],[96.60873,17.49267],[96.60927,17.49284],[96.60989,17.49242],[96.61016,17.4931],[96.60989,17.49293],[96.60963,17.49319],[96.60989,17.49422],[96.60963,17.49439],[96.60989,17.49456],[96.60954,17.4949],[96.60998,17.49524],[96.61007,17.49481],[96.61061,17.49473],[96.61025,17.49516],[96.61106,17.4949],[96.61106,17.49533],[96.61178,17.49507],[96.61187,17.49533],[96.61277,17.49524],[96.61286,17.4955],[96.61259,17.49499],[96.61331,17.49541],[96.61394,17.49541],[96.61385,17.49516],[96.61412,17.49559],[96.61295,17.49576],[96.61331,17.49593],[96.61304,17.49601],[96.61313,17.49747],[96.61475,17.49747],[96.61502,17.49781],[96.61519,17.49747],[96.61582,17.49747],[96.61591,17.49627],[96.61564,17.49601],[96.61591,17.49584],[96.61475,17.49584],[96.61466,17.4955],[96.61439,17.49567],[96.61421,17.49541],[96.61475,17.49507],[96.61457,17.4949],[96.61493,17.49499],[96.61493,17.4955],[96.61564,17.49533],[96.61573,17.49473],[96.61618,17.4949],[96.61645,17.49447],[96.61672,17.49473],[96.61717,17.49456],[96.61699,17.4949],[96.61726,17.4949],[96.61726,17.49439],[96.6178,17.49464],[96.61744,17.49464],[96.61744,17.49499],[96.61807,17.4949],[96.61807,17.4955],[96.61816,17.4949],[96.61843,17.49499],[96.61834,17.4955],[96.61861,17.49541],[96.61861,17.49481],[96.61825,17.49464],[96.6187,17.49473],[96.61852,17.49422],[96.61897,17.49404],[96.61852,17.49344],[96.61897,17.49336],[96.61906,17.49284],[96.61951,17.49284],[96.61933,17.49216],[96.61906,17.49216],[96.61915,17.49276],[96.6187,17.49259],[96.61906,17.4919],[96.61852,17.49139],[96.61897,17.49122],[96.61924,17.49182],[96.61951,17.49122],[96.61933,17.49045],[96.61834,17.4901],[96.61852,17.49036],[96.61807,17.4907],[96.61807,17.49002],[96.61753,17.48985],[96.61735,17.4901],[96.61762,17.49036],[96.61726,17.49053],[96.61771,17.49053],[96.61762,17.49087],[96.61816,17.49113],[96.61825,17.49156],[96.61789,17.49147],[96.6178,17.49182],[96.61762,17.49156],[96.61789,17.49113],[96.61735,17.49105],[96.61717,17.49156],[96.61645,17.49139],[96.6169,17.49113],[96.6169,17.49062],[96.61672,17.49096],[96.61627,17.49096],[96.61627,17.49002],[96.61573,17.48993],[96.61582,17.4895],[96.61618,17.48985],[96.61636,17.48933],[96.61564,17.48907],[96.61573,17.48933],[96.61502,17.48942],[96.61537,17.48967],[96.6151,17.48993],[96.61537,17.49045],[96.61466,17.49002],[96.61448,17.48933],[96.61493,17.48933],[96.61484,17.48847],[96.61573,17.48847],[96.61573,17.48813],[96.61672,17.48753],[96.61681,17.48676],[96.61663,17.48702],[96.616,17.48702],[96.61591,17.48676],[96.616,17.48779],[96.61555,17.48779],[96.61582,17.48745],[96.61537,17.48745],[96.61484,17.4883],[96.61457,17.48762],[96.61493,17.48787],[96.61519,17.48762],[96.61457,17.48745],[96.61457,17.4865],[96.61448,17.48685],[96.61367,17.48685],[96.61421,17.4865],[96.61367,17.48608],[96.61376,17.4865],[96.61304,17.48659],[96.61313,17.48556],[96.61349,17.4853],[96.61277,17.4853],[96.61223,17.48573],[96.61151,17.48565],[96.60989,17.48479],[96.60927,17.48488],[96.60891,17.48453],[96.60936,17.48411],[96.60882,17.48385],[96.60927,17.48376],[96.60927,17.48342],[96.60954,17.48359],[96.60954,17.48291],[96.61043,17.48351],[96.6116,17.48368],[96.61115,17.48402],[96.61178,17.48428],[96.61133,17.48436],[96.61133,17.48488],[96.6116,17.48505],[96.61187,17.4847],[96.61187,17.48548],[96.61313,17.48505],[96.6134,17.48428],[96.6134,17.48513],[96.61394,17.48488],[96.61412,17.4853],[96.61466,17.48539],[96.61466,17.48608],[96.61528,17.48599],[96.61502,17.48642],[96.61421,17.48608],[96.61484,17.48659],[96.61582,17.48633],[96.61582,17.4859],[96.61555,17.4859],[96.61573,17.48565],[96.61654,17.48556],[96.6169,17.48633],[96.61744,17.48505],[96.61699,17.48488],[96.61726,17.48445],[96.6169,17.48436],[96.61672,17.48522],[96.61564,17.48513],[96.61555,17.48411],[96.6151,17.48411],[96.61528,17.48368],[96.61439,17.48333],[96.61457,17.48308],[96.61519,17.48342],[96.61555,17.48248],[96.61537,17.48213],[96.61484,17.48205],[96.61493,17.48256],[96.61466,17.48256],[96.61475,17.48231],[96.61421,17.48196],[96.61484,17.48171],[96.61448,17.48128],[96.61484,17.48128],[96.61475,17.48102],[96.61519,17.48076],[96.61502,17.48059],[96.61475,17.48093],[96.61457,17.48059],[96.61484,17.48034],[96.61403,17.48008],[96.61421,17.47931],[96.61403,17.47982],[96.61358,17.47991],[96.6134,17.48059],[96.61268,17.48025],[96.61223,17.48059],[96.61196,17.48016],[96.61151,17.48042],[96.61133,17.48008],[96.6107,17.48016],[96.60963,17.48102],[96.6098,17.48119],[96.60945,17.48179],[96.60846,17.48231],[96.60675,17.48171],[96.60603,17.48179],[96.60648,17.48162],[96.60576,17.48128],[96.60603,17.48093],[96.60558,17.48093],[96.60477,17.48016],[96.6045,17.48093],[96.60477,17.48102],[96.60486,17.48051],[96.60522,17.48076],[96.60477,17.48119],[96.60495,17.48153],[96.6045,17.48145],[96.60459,17.48205],[96.60433,17.48196],[96.60415,17.48239],[96.60352,17.48196],[96.6028,17.48213],[96.60334,17.48213],[96.60361,17.48265],[96.6037,17.48239],[96.60424,17.48265],[96.60459,17.48213],[96.60504,17.48222],[96.60504,17.48256],[96.60531,17.48231],[96.6054,17.48282],[96.60486,17.48239],[96.60486,17.48308],[96.60459,17.48308],[96.60504,17.48325],[96.60504,17.48351],[96.60477,17.48333],[96.60504,17.48376],[96.60325,17.48325],[96.60316,17.48291],[96.60217,17.48248],[96.60199,17.48273],[96.60226,17.48291],[96.60199,17.48308],[96.60271,17.48333],[96.60253,17.48273],[96.60316,17.48342],[96.60262,17.48359],[96.60208,17.48325],[96.60226,17.48376],[96.60181,17.48359],[96.6019,17.48385],[96.60163,17.48385],[96.60109,17.48325],[96.60055,17.48325],[96.60037,17.48273],[96.60019,17.48299],[96.6001,17.48256],[96.59947,17.48265],[96.60001,17.48231],[96.59974,17.48171],[96.60037,17.48145],[96.60028,17.48171],[96.60055,17.48153],[96.60127,17.48188],[96.60109,17.48153],[96.60145,17.48119],[96.59974,17.48102],[96.59894,17.48051],[96.59867,17.48059],[96.59929,17.48119],[96.59822,17.48093],[96.59768,17.48034],[96.59822,17.48008],[96.59633,17.47956],[96.59615,17.47922],[96.59534,17.47922],[96.59247,17.47699],[96.59265,17.47768],[96.59229,17.47742],[96.59193,17.47759],[96.59166,17.47691],[96.59202,17.47656],[96.59157,17.47648],[96.59157,17.47622],[96.59166,17.47794],[96.59112,17.47751],[96.5904,17.47785],[96.59049,17.47759],[96.58968,17.47742],[96.59031,17.47708],[96.59013,17.47639],[96.58959,17.47639],[96.59004,17.47691],[96.58977,17.47682],[96.58932,17.47759],[96.58896,17.47742],[96.58887,17.47768],[96.58878,17.47734],[96.58834,17.47751],[96.58834,17.47811],[96.58878,17.47836],[96.58771,17.47854],[96.58905,17.47862],[96.58905,17.47785],[96.58905,17.47828],[96.58959,17.47794],[96.58986,17.47828],[96.59004,17.47776],[96.59022,17.47828],[96.58995,17.47819],[96.58995,17.47862],[96.59031,17.47862],[96.58995,17.47888],[96.59013,17.47948],[96.59076,17.47965],[96.59085,17.47931],[96.59103,17.47974],[96.59067,17.47974],[96.59049,17.48025],[96.59103,17.47999],[96.59148,17.48042],[96.59103,17.48059],[96.59112,17.48102],[96.59085,17.48111],[96.59103,17.48136],[96.59121,17.48093],[96.59166,17.48111],[96.59148,17.48145],[96.59094,17.48145],[96.59103,17.48213],[96.5913,17.48205],[96.59112,17.48239],[96.59148,17.48265],[96.59103,17.48256],[96.59067,17.48316],[96.59022,17.48325],[96.5904,17.48342],[96.59085,17.48308],[96.5904,17.48359],[96.59103,17.48419],[96.59031,17.48359],[96.58986,17.48445],[96.59058,17.48445],[96.59085,17.48488],[96.59157,17.48436],[96.59121,17.48556],[96.59175,17.48556],[96.59193,17.48411],[96.59166,17.48376],[96.59229,17.48351],[96.5922,17.48299],[96.59265,17.48316],[96.59319,17.48462],[96.59292,17.48505],[96.59319,17.48616],[96.59247,17.48625],[96.5922,17.48599],[96.5922,17.48659],[96.59265,17.48642],[96.59265,17.48685],[96.59319,17.48676],[96.59328,17.48702],[96.59283,17.48719],[96.59346,17.48779],[96.59328,17.4871],[96.59372,17.48668],[96.59346,17.48685],[96.59328,17.48573],[96.59355,17.48539],[96.5939,17.48599],[96.59435,17.48582],[96.59444,17.48556],[96.59372,17.48548],[96.59417,17.48513],[96.59462,17.48539],[96.59435,17.48599],[96.59462,17.48668],[96.59516,17.48685],[96.59399,17.48745],[96.59381,17.48779],[96.59417,17.48796],[96.59346,17.48779],[96.59364,17.4883],[96.59408,17.48813],[96.59435,17.48916],[96.5948,17.48899],[96.59507,17.48942],[96.59525,17.48907],[96.5957,17.48907],[96.59588,17.4895],[96.59579,17.48899],[96.59615,17.48916],[96.59606,17.48847],[96.59642,17.48847],[96.59615,17.4883],[96.59651,17.4883],[96.59669,17.48787],[96.59723,17.48796],[96.59687,17.48702],[96.59759,17.48719],[96.59759,17.48693],[96.59705,17.48702],[96.59687,17.48676],[96.59795,17.48668],[96.59759,17.4865],[96.59786,17.48625],[96.59678,17.4853],[96.59642,17.48599],[96.59633,17.48565],[96.59579,17.48556],[96.59615,17.48453],[96.5957,17.4847],[96.59579,17.4853],[96.59543,17.4853],[96.59516,17.48573],[96.5957,17.48625],[96.59516,17.48625],[96.59489,17.4853],[96.59534,17.48539],[96.59561,17.48453],[96.59615,17.48436],[96.59804,17.48625],[96.59849,17.48642],[96.59903,17.48608],[96.59885,17.48685],[96.59929,17.48702],[96.59992,17.48659],[96.59965,17.48736],[96.60055,17.48762],[96.59965,17.48762],[96.5992,17.48822],[96.59876,17.48822],[96.59876,17.48736],[96.59849,17.48736],[96.59813,17.48822],[96.59777,17.48822],[96.59759,17.48779],[96.5975,17.48813],[96.59723,17.48796],[96.59813,17.48942],[96.59804,17.49019],[96.59732,17.49019],[96.59741,17.49079],[96.59777,17.49053],[96.59777,17.49096],[96.59831,17.49105],[96.59813,17.49079],[96.59858,17.4907],[96.59813,17.48967],[96.59858,17.48976],[96.59867,17.49019],[96.59876,17.48976],[96.59822,17.4889],[96.59858,17.48882],[96.59974,17.48985],[96.59983,17.48916],[96.6001,17.48916],[96.59992,17.48873],[96.60064,17.48899],[96.60145,17.48779],[96.60172,17.48839],[96.60199,17.48813],[96.60163,17.48873],[96.60217,17.48873],[96.60208,17.48907],[96.60253,17.48916],[96.60262,17.48959],[96.60226,17.48993],[96.6028,17.49002],[96.60298,17.49036],[96.60217,17.49027],[96.60208,17.4907],[96.60244,17.49105],[96.601,17.49079],[96.60109,17.49036],[96.60091,17.4907],[96.60064,17.49053],[96.60046,17.49087],[96.60064,17.49122],[96.601,17.49096],[96.60109,17.49164],[96.60064,17.49164],[96.60064,17.49242],[96.60109,17.49224],[96.601,17.4925],[96.60145,17.4925],[96.60163,17.49199],[96.60208,17.49207],[96.60244,17.49267],[96.60307,17.49267],[96.60307,17.4931],[96.60334,17.49319],[96.60334,17.49284],[96.60388,17.49336],[96.60424,17.49327],[96.60388,17.4931],[96.60406,17.49267],[96.60441,17.4931],[96.60433,17.49396],[96.6054,17.49344],[96.60531,17.49302],[96.60567,17.49293],[96.60549,17.49216],[96.60585,17.49216],[96.60576,17.4925],[96.60648,17.4931],[96.60567,17.49336],[96.60567,17.4937],[96.6054,17.49353],[96.60486,17.49422],[96.60361,17.49413],[96.60244,17.4949],[96.60352,17.49541],[96.60325,17.49559],[96.60361,17.49593],[96.60352,17.49636],[96.60406,17.49627],[96.60415,17.49687],[96.60379,17.49696],[96.60424,17.49721],[96.6037,17.49747],[96.60477,17.49773],[96.60441,17.4979],[96.60468,17.49858],[96.60343,17.49841],[96.60325,17.49807],[96.6028,17.49841],[96.60307,17.49764],[96.60343,17.4979],[96.60361,17.49747],[96.60298,17.49687],[96.60235,17.49704],[96.6028,17.49756],[96.60217,17.49747],[96.60226,17.49798],[96.60199,17.49781],[96.60226,17.49696],[96.60181,17.49696],[96.60118,17.49756],[96.60082,17.49679],[96.60154,17.4967],[96.60154,17.49636],[96.60118,17.49627],[96.60046,17.49679],[96.60001,17.49661],[96.6001,17.49696],[96.59974,17.49696],[96.59992,17.49721],[96.59938,17.49721],[96.59956,17.49764],[96.59929,17.49781],[96.59974,17.49833],[96.5992,17.4985],[96.59947,17.49893],[96.59894,17.49867],[96.59903,17.4991],[96.59867,17.49936],[96.59903,17.50004],[96.59876,17.50021],[96.59894,17.50056],[96.60289,17.50124],[96.60163,17.5015],[96.60154,17.50124],[96.60064,17.50107],[96.60055,17.5015],[96.6001,17.50098],[96.59956,17.50115],[96.59894,17.50081],[96.59894,17.50313],[96.59929,17.50321],[96.59903,17.5033],[96.59911,17.50373],[96.59956,17.50373],[96.59929,17.50407],[96.60361,17.50432],[96.60361,17.50424]],[[96.6045,17.5027],[96.60415,17.50201],[96.60388,17.50218],[96.60397,17.50175],[96.60334,17.50184],[96.60343,17.50081],[96.6045,17.5003],[96.60459,17.50073],[96.60495,17.50081],[96.60477,17.50124],[96.60522,17.50133],[96.60495,17.50201],[96.6045,17.50218],[96.60477,17.5027],[96.6045,17.5027]],[[96.60459,17.4991],[96.60441,17.49936],[96.60468,17.49876],[96.60522,17.49936],[96.60549,17.49816],[96.60576,17.49781],[96.60603,17.49798],[96.60603,17.49867],[96.60567,17.49884],[96.60585,17.49927],[96.6054,17.49918],[96.60567,17.49936],[96.60549,17.49961],[96.60495,17.49936],[96.60495,17.4997],[96.60477,17.4991],[96.60459,17.4991]],[[96.6001,17.4979],[96.60037,17.49747],[96.60064,17.49824],[96.601,17.49833],[96.60136,17.49798],[96.60127,17.49824],[96.60181,17.49841],[96.60208,17.49816],[96.60217,17.49867],[96.60244,17.49824],[96.60262,17.49901],[96.60226,17.49918],[96.60235,17.49884],[96.60181,17.49841],[96.60208,17.49936],[96.60163,17.49918],[96.60181,17.49944],[96.60145,17.49944],[96.60145,17.4991],[96.60082,17.4991],[96.60073,17.49876],[96.601,17.49867],[96.60037,17.49876],[96.60055,17.49824],[96.6001,17.49798],[96.6001,17.4979]],[[96.60612,17.49764],[96.60567,17.49756],[96.60594,17.4967],[96.6063,17.4967],[96.6063,17.49644],[96.60576,17.49653],[96.60585,17.49619],[96.60621,17.49636],[96.60648,17.49576],[96.60711,17.49576],[96.60693,17.49661],[96.6072,17.49653],[96.6072,17.49679],[96.60648,17.49627],[96.60621,17.49764],[96.60612,17.49764]],[[96.60765,17.49447],[96.60702,17.49456],[96.60675,17.49413],[96.60657,17.49447],[96.6063,17.49439],[96.60621,17.49353],[96.6072,17.49379],[96.60738,17.49353],[96.60711,17.49336],[96.60738,17.49344],[96.60765,17.49481],[96.60765,17.49447]],[[96.60441,17.4889],[96.60486,17.48873],[96.60459,17.48907],[96.60504,17.48942],[96.60522,17.48856],[96.60558,17.48865],[96.60531,17.48873],[96.60558,17.48916],[96.60522,17.48942],[96.60513,17.49019],[96.60612,17.49027],[96.60603,17.4907],[96.60531,17.4907],[96.60459,17.4901],[96.60441,17.48907],[96.60441,17.4889]],[[96.6037,17.4859],[96.60388,17.48565],[96.60379,17.48633],[96.60441,17.48633],[96.60379,17.48693],[96.60468,17.48676],[96.60424,17.48736],[96.60361,17.48693],[96.60415,17.48813],[96.60441,17.48805],[96.60379,17.48847],[96.60307,17.48813],[96.6028,17.48753],[96.60235,17.48762],[96.60262,17.48719],[96.60298,17.48728],[96.60235,17.48676],[96.60352,17.48676],[96.6037,17.48633],[96.60343,17.4865],[96.60316,17.48625],[96.60271,17.48668],[96.60262,17.48625],[96.60199,17.48582],[96.60253,17.4859],[96.60253,17.48556],[96.60262,17.48582],[96.60352,17.4859],[96.6037,17.4859]],[[96.6028,17.48539],[96.60244,17.48488],[96.6028,17.48488],[96.60289,17.48453],[96.60316,17.48488],[96.60361,17.48428],[96.60379,17.48453],[96.60397,17.48393],[96.60468,17.48385],[96.60558,17.48445],[96.60675,17.48453],[96.60639,17.48496],[96.60567,17.48462],[96.60558,17.48522],[96.60477,17.48462],[96.60441,17.48513],[96.60424,17.48479],[96.60459,17.4847],[96.6045,17.48411],[96.60379,17.48539],[96.60325,17.48539],[96.60307,17.48496],[96.6028,17.4853],[96.60307,17.48573],[96.6028,17.48565],[96.6028,17.48539]],[[96.6125,17.48839],[96.61268,17.48856],[96.61232,17.48839],[96.61205,17.48925],[96.61214,17.48873],[96.61169,17.4889],[96.61124,17.48856],[96.61097,17.48856],[96.61124,17.48899],[96.61097,17.48873],[96.61061,17.48899],[96.61079,17.48873],[96.61043,17.48856],[96.61043,17.48805],[96.61115,17.48805],[96.61079,17.4883],[96.61115,17.48847],[96.61124,17.48805],[96.61151,17.48822],[96.6116,17.48779],[96.61187,17.48779],[96.61178,17.4871],[96.61232,17.4871],[96.61223,17.48685],[96.61277,17.48702],[96.61277,17.48659],[96.61322,17.4871],[96.61358,17.48685],[96.6143,17.48736],[96.61403,17.4883],[96.61439,17.48847],[96.61394,17.4889],[96.61403,17.48959],[96.61376,17.48942],[96.61376,17.48985],[96.61349,17.48985],[96.61376,17.4901],[96.61349,17.49053],[96.61313,17.49036],[96.61277,17.4907],[96.61241,17.49036],[96.61277,17.49019],[96.61232,17.48976],[96.61241,17.48916],[96.61304,17.49002],[96.61304,17.48873],[96.61331,17.48873],[96.61313,17.48796],[96.61268,17.4883],[96.61223,17.48805],[96.6125,17.4883],[96.6125,17.48839]],[[96.6116,17.4919],[96.6116,17.4925],[96.61106,17.49199],[96.6107,17.49224],[96.61088,17.4919],[96.61214,17.49156],[96.61214,17.4913],[96.61169,17.49147],[96.61178,17.49113],[96.61205,17.49122],[96.61187,17.4907],[96.61232,17.49105],[96.61241,17.49079],[96.61295,17.49096],[96.61304,17.49147],[96.61367,17.49096],[96.61331,17.4919],[96.61259,17.49164],[96.61178,17.4919],[96.6116,17.4919]],[[96.6143,17.49259],[96.61421,17.49302],[96.61421,17.49267],[96.61385,17.49267],[96.61421,17.49344],[96.61349,17.49336],[96.61349,17.49302],[96.61322,17.49302],[96.61304,17.49353],[96.61277,17.49344],[96.61286,17.49379],[96.61259,17.49362],[96.6125,17.49413],[96.61214,17.49413],[96.61214,17.4937],[96.61151,17.49362],[96.6116,17.49319],[96.61196,17.49327],[96.61196,17.49284],[96.61259,17.49259],[96.61259,17.49302],[96.61196,17.49336],[96.61232,17.49336],[96.61241,17.4937],[96.61259,17.49319],[96.61295,17.4931],[96.61268,17.49242],[96.61322,17.49207],[96.61403,17.49259],[96.61376,17.49224],[96.61394,17.49199],[96.61349,17.4919],[96.61439,17.4919],[96.61421,17.49259],[96.6143,17.49259]]],[[[96.63079,17.50628],[96.63061,17.50556],[96.63092,17.50544],[96.63056,17.50518],[96.6302,17.50561],[96.63011,17.5051],[96.62966,17.5051],[96.62935,17.50538],[96.63007,17.50574],[96.63016,17.50628],[96.63079,17.50628]]],[[[96.62863,17.50861],[96.62953,17.50781],[96.62962,17.50718],[96.62827,17.50583],[96.62768,17.5057],[96.6275,17.50604],[96.62795,17.50621],[96.62795,17.50707],[96.62858,17.50732],[96.62822,17.50767],[96.62858,17.50861],[96.62863,17.50861]]],[[[96.6019,17.50749],[96.60172,17.50724],[96.60127,17.50852],[96.6024,17.50852],[96.60285,17.50808],[96.60312,17.50888],[96.60348,17.50906],[96.60375,17.50799],[96.60357,17.50691],[96.60415,17.50638],[96.60325,17.50655],[96.60325,17.50724],[96.60352,17.50724],[96.60325,17.50784],[96.60208,17.50784],[96.6019,17.50758],[96.6019,17.50749]]],[[[96.66002,17.51006],[96.66002,17.50964],[96.66056,17.50972],[96.66065,17.50946],[96.66056,17.50827],[96.66029,17.50827],[96.66047,17.50912],[96.66011,17.50955],[96.65975,17.50946],[96.65984,17.51006],[96.66002,17.51006]]],[[[96.66325,17.51041],[96.66299,17.51049],[96.66334,17.51032],[96.6629,17.51024],[96.66299,17.50989],[96.66263,17.51015],[96.66272,17.50972],[96.66236,17.50955],[96.66281,17.50929],[96.66334,17.50955],[96.66343,17.50921],[96.66263,17.50878],[96.66218,17.50989],[96.66182,17.50998],[96.66218,17.51032],[96.66155,17.51041],[96.66236,17.51041],[96.66236,17.51066],[96.66272,17.51041],[96.66245,17.51101],[96.6629,17.51066],[96.66334,17.51075],[96.66334,17.51041],[96.66325,17.51041]]],[[[96.59777,17.51195],[96.59791,17.51131],[96.59863,17.51158],[96.59854,17.51077],[96.59926,17.5105],[96.59899,17.50946],[96.59876,17.50989],[96.5992,17.51049],[96.59849,17.51041],[96.59759,17.51109],[96.59786,17.51126],[96.59768,17.51195],[96.59777,17.51195]]],[[[96.66415,17.51238],[96.6646,17.50492],[96.66415,17.50501],[96.66433,17.50715],[96.66397,17.50904],[96.66406,17.51126],[96.66379,17.51144],[96.66397,17.51238],[96.66415,17.51238]]],[[[96.65813,17.51358],[96.65903,17.51272],[96.6584,17.51272],[96.65837,17.5132],[96.65792,17.5132],[96.65783,17.51284],[96.65831,17.51246],[96.65777,17.51246],[96.6576,17.51315],[96.65795,17.51358],[96.65813,17.51358]]],[[[96.60438,17.51436],[96.60474,17.51364],[96.60384,17.51338],[96.60348,17.51382],[96.60429,17.51436],[96.60438,17.51436]]],[[[96.61785,17.51877],[96.61794,17.51787],[96.61713,17.51751],[96.61749,17.51877],[96.61785,17.51877]]],[[[96.62714,17.52],[96.62723,17.51966],[96.62768,17.51992],[96.6275,17.51949],[96.62795,17.51957],[96.62795,17.51923],[96.62768,17.51932],[96.62795,17.51889],[96.62741,17.51855],[96.62723,17.51889],[96.62705,17.51872],[96.62741,17.5194],[96.62687,17.52],[96.62714,17.52]]],[[[96.66838,17.5194],[96.66829,17.51975],[96.66811,17.51906],[96.66757,17.51915],[96.66766,17.51966],[96.66793,17.51957],[96.6682,17.52],[96.66873,17.51983],[96.66864,17.5194],[96.66838,17.5194]]],[[[96.65567,17.52002],[96.65567,17.5193],[96.65477,17.51921],[96.65468,17.51984],[96.65504,17.52002],[96.65567,17.52002]]],[[[96.66361,17.5212],[96.66397,17.51572],[96.6637,17.5158],[96.66388,17.51632],[96.66352,17.51743],[96.66352,17.5212],[96.66361,17.5212]]],[[[96.62719,17.52218],[96.62786,17.5218],[96.62741,17.5218],[96.62723,17.52146],[96.62597,17.52218],[96.62719,17.52218]]],[[[96.64678,17.52218],[96.64741,17.52146],[96.64723,17.52101],[96.64642,17.52137],[96.64642,17.52218],[96.64678,17.52218]]],[[[96.65774,17.52218],[96.65783,17.52137],[96.6563,17.52029],[96.6563,17.52119],[96.65756,17.52218],[96.65774,17.52218]]],[[[96.60433,17.52223],[96.60459,17.5218],[96.60522,17.52214],[96.6054,17.5218],[96.60504,17.52163],[96.60504,17.5212],[96.60486,17.52146],[96.60486,17.5212],[96.60406,17.52129],[96.60424,17.52103],[96.60397,17.52103],[96.60388,17.52146],[96.60361,17.52146],[96.60424,17.52223],[96.60433,17.52223]]],[[[96.6611,17.5236],[96.66334,17.52309],[96.6637,17.52266],[96.66388,17.52129],[96.66352,17.52129],[96.66334,17.5224],[96.66281,17.52266],[96.66322,17.52272],[96.66304,17.52308],[96.66254,17.52274],[96.66101,17.52326],[96.66092,17.5236],[96.6611,17.5236]]],[[[96.65984,17.52206],[96.65926,17.52254],[96.65953,17.52146],[96.6589,17.52119],[96.65837,17.51966],[96.65801,17.51966],[96.65783,17.52065],[96.65846,17.52182],[96.65846,17.52263],[96.65899,17.52281],[96.65881,17.52362],[96.65917,17.52429],[96.65948,17.52394],[96.65903,17.52377],[96.65894,17.52326],[96.65984,17.52249],[96.65984,17.52214],[96.65984,17.52206]]],[[[96.6081,17.52471],[96.60801,17.52497],[96.609,17.52497],[96.60891,17.52523],[96.60927,17.52514],[96.60927,17.5248],[96.60972,17.52488],[96.60945,17.52437],[96.609,17.52463],[96.60945,17.52403],[96.60882,17.52411],[96.60891,17.52386],[96.60828,17.52394],[96.60828,17.5242],[96.60747,17.52394],[96.60747,17.5242],[96.60792,17.5242],[96.60783,17.52446],[96.60747,17.52429],[96.60756,17.52463],[96.60801,17.52471],[96.6081,17.52471]]],[[[96.62472,17.5254],[96.62517,17.52424],[96.62468,17.52442],[96.62454,17.5242],[96.62463,17.5254],[96.62472,17.5254]]],[[[96.67215,17.52429],[96.67206,17.52394],[96.67251,17.52377],[96.67206,17.52463],[96.67215,17.52514],[96.67251,17.52523],[96.67233,17.52446],[96.6726,17.52454],[96.67287,17.52369],[96.67242,17.5236],[96.67251,17.52326],[96.67215,17.52309],[96.6717,17.52326],[96.67179,17.5242],[96.6708,17.5242],[96.67089,17.52386],[96.67062,17.52386],[96.67035,17.5242],[96.67062,17.52454],[96.67017,17.52437],[96.66999,17.52463],[96.67008,17.52429],[96.66981,17.52429],[96.66981,17.52488],[96.67035,17.52514],[96.66999,17.52506],[96.66999,17.52566],[96.66972,17.52557],[96.66981,17.52523],[96.66936,17.5254],[96.66936,17.52651],[96.66963,17.52686],[96.6699,17.52668],[96.67053,17.52703],[96.67026,17.52634],[96.67107,17.52643],[96.67053,17.52626],[96.67089,17.52608],[96.67053,17.52591],[96.67044,17.52514],[96.67071,17.52497],[96.67098,17.52523],[96.6708,17.52566],[96.67125,17.52583],[96.67152,17.5248],[96.67206,17.52454],[96.67179,17.52429],[96.67215,17.52429]]],[[[96.66846,17.52711],[96.66802,17.52711],[96.66811,17.52745],[96.66793,17.5272],[96.66748,17.52745],[96.66703,17.52694],[96.66703,17.52788],[96.66757,17.5278],[96.66757,17.52814],[96.66793,17.52814],[96.66775,17.52797],[96.66811,17.5278],[96.66775,17.52763],[96.66855,17.52763],[96.66829,17.52745],[96.66846,17.5272],[96.66846,17.52711]]],[[[96.63262,17.52788],[96.6328,17.52771],[96.63307,17.52797],[96.63307,17.52754],[96.63271,17.52737],[96.63244,17.52771],[96.63253,17.52711],[96.63226,17.52703],[96.63226,17.52771],[96.63172,17.52754],[96.63181,17.52797],[96.63136,17.5284],[96.63154,17.52823],[96.63145,17.52848],[96.63199,17.52874],[96.63244,17.52823],[96.6328,17.5284],[96.63271,17.52788],[96.63262,17.52788]]],[[[96.624,17.52797],[96.62409,17.52775],[96.62378,17.52784],[96.6236,17.52829],[96.62238,17.52797],[96.62229,17.52823],[96.62247,17.52848],[96.62283,17.52823],[96.62274,17.52865],[96.6231,17.52891],[96.62409,17.52857],[96.62409,17.52797],[96.624,17.52797]]],[[[96.63451,17.52814],[96.63487,17.52788],[96.63505,17.52814],[96.63505,17.52763],[96.63532,17.52771],[96.63541,17.52737],[96.63577,17.52754],[96.63568,17.52728],[96.63631,17.52694],[96.63622,17.5266],[96.63586,17.52703],[96.63568,17.52668],[96.63514,17.52677],[96.63487,17.52694],[96.63505,17.52728],[96.63469,17.52728],[96.63451,17.52677],[96.63442,17.52745],[96.63379,17.52737],[96.63406,17.52788],[96.6337,17.52788],[96.6337,17.52823],[96.63397,17.52823],[96.63388,17.52865],[96.63343,17.52874],[96.63352,17.52908],[96.6337,17.52874],[96.63433,17.52908],[96.63415,17.52848],[96.63451,17.52823],[96.63451,17.52814]]],[[[96.66721,17.52437],[96.66712,17.52411],[96.66676,17.52429],[96.66694,17.52369],[96.66613,17.52386],[96.66586,17.5236],[96.6655,17.52403],[96.66613,17.52403],[96.66631,17.52506],[96.66586,17.52497],[96.66613,17.52548],[96.66568,17.52531],[96.66577,17.52583],[96.66523,17.52557],[96.66469,17.52583],[96.66532,17.52574],[96.66505,17.52617],[96.6655,17.52617],[96.66541,17.52651],[96.66568,17.52651],[96.66532,17.52694],[96.6655,17.5272],[96.66586,17.5272],[96.66586,17.52694],[96.66685,17.52711],[96.66694,17.52651],[96.66757,17.52668],[96.66784,17.52643],[96.66748,17.52686],[96.66775,17.52703],[96.66838,17.52651],[96.6682,17.52686],[96.66936,17.52763],[96.66927,17.52797],[96.66882,17.5278],[96.66846,17.52805],[96.66882,17.52823],[96.66846,17.52883],[96.66909,17.52977],[96.66945,17.52968],[96.66954,17.53054],[96.66954,17.5302],[96.6699,17.53011],[96.66963,17.52874],[96.67008,17.52805],[96.67044,17.52805],[96.67035,17.52763],[96.67062,17.52745],[96.67008,17.5272],[96.66981,17.52797],[96.66981,17.52763],[96.669,17.52711],[96.66927,17.52583],[96.669,17.52574],[96.66891,17.52497],[96.66927,17.52497],[96.66918,17.52446],[96.66873,17.52471],[96.66838,17.52454],[96.66882,17.52506],[96.66838,17.52523],[96.66757,17.52506],[96.66775,17.52471],[96.66739,17.5248],[96.66748,17.52437],[96.66721,17.52437]]],[[[96.66784,17.53354],[96.66829,17.53345],[96.66775,17.53319],[96.66802,17.53302],[96.66793,17.53225],[96.66685,17.53199],[96.66658,17.53251],[96.66712,17.53242],[96.66712,17.53277],[96.66676,17.53311],[96.66739,17.53294],[96.66766,17.53362],[96.66793,17.53354],[96.66784,17.53354]]],[[[96.66622,17.53277],[96.6664,17.53242],[96.66604,17.53225],[96.66514,17.53242],[96.66496,17.53277],[96.66505,17.53302],[96.66532,17.53285],[96.66541,17.53371],[96.66604,17.53405],[96.66613,17.53362],[96.66649,17.53362],[96.66622,17.53302],[96.66622,17.53277]]],[[[96.67035,17.53396],[96.67071,17.53405],[96.67053,17.53354],[96.67017,17.53345],[96.67053,17.53259],[96.67017,17.53242],[96.6699,17.53362],[96.67026,17.53422],[96.67044,17.53396],[96.67035,17.53396]]],[[[96.69461,17.53568],[96.6955,17.53576],[96.69523,17.53559],[96.6955,17.53516],[96.69532,17.53456],[96.69461,17.53559],[96.69461,17.53568]]],[[[96.69461,17.53568],[96.69335,17.53474],[96.69407,17.53491],[96.69389,17.53396],[96.69416,17.53388],[96.69335,17.53414],[96.69317,17.53379],[96.69317,17.53431],[96.69353,17.53439],[96.69308,17.53448],[96.69317,17.53534],[96.6929,17.53585],[96.69461,17.53576],[96.69461,17.53568]]],[[[96.69461,17.53705],[96.69461,17.53636],[96.69425,17.53653],[96.69407,17.53611],[96.6938,17.53628],[96.69344,17.53602],[96.69344,17.53645],[96.69443,17.53705],[96.69461,17.53705]]],[[[96.66487,17.53825],[96.66469,17.53739],[96.66442,17.53748],[96.66469,17.53713],[96.66406,17.53696],[96.66433,17.53748],[96.66415,17.53791],[96.66478,17.53825],[96.66487,17.53825]]],[[[96.64304,17.53893],[96.64349,17.53868],[96.64331,17.53833],[96.64358,17.53816],[96.64295,17.53791],[96.64277,17.53748],[96.64286,17.53791],[96.64232,17.53799],[96.64286,17.53825],[96.64232,17.53859],[96.64286,17.53893],[96.64304,17.53893]]],[[[96.69506,17.53893],[96.69506,17.53859],[96.69559,17.53885],[96.6955,17.5385],[96.69649,17.53825],[96.69631,17.53791],[96.69676,17.53739],[96.69622,17.53748],[96.6964,17.53713],[96.69568,17.53688],[96.69559,17.53765],[96.69479,17.53782],[96.69488,17.53893],[96.69506,17.53893]]],[[[96.64717,17.53988],[96.64762,17.5391],[96.64682,17.53893],[96.64708,17.53868],[96.64691,17.5385],[96.64717,17.53842],[96.64735,17.53893],[96.64762,17.53868],[96.64726,17.53816],[96.64691,17.53816],[96.64708,17.53791],[96.64646,17.53765],[96.64646,17.53791],[96.64673,17.53782],[96.64655,17.53808],[96.64682,17.53808],[96.64646,17.53816],[96.64682,17.5385],[96.64682,17.53928],[96.64601,17.53945],[96.64691,17.53945],[96.64708,17.53988],[96.64717,17.53988]]],[[[96.6576,17.54382],[96.65795,17.54364],[96.65777,17.54407],[96.65742,17.54399],[96.6576,17.54382],[96.65724,17.54373],[96.65715,17.54304],[96.65652,17.54313],[96.65652,17.54339],[96.65697,17.5433],[96.65697,17.54441],[96.6576,17.54433],[96.65751,17.54476],[96.65786,17.54441],[96.6576,17.54416],[96.65813,17.54441],[96.65822,17.54407],[96.65867,17.54399],[96.65876,17.54339],[96.6584,17.54322],[96.65813,17.54382],[96.65822,17.54347],[96.6576,17.5433],[96.6576,17.54364],[96.6576,17.54382]]],[[[96.65149,17.54399],[96.65149,17.54364],[96.65068,17.54322],[96.65041,17.54356],[96.65041,17.54287],[96.64978,17.54296],[96.64969,17.54253],[96.64942,17.54279],[96.64978,17.54322],[96.64942,17.54296],[96.64897,17.54322],[96.64924,17.54304],[96.64897,17.54244],[96.64825,17.54244],[96.64834,17.5427],[96.64789,17.54279],[96.64888,17.54279],[96.64879,17.54322],[96.64816,17.54322],[96.64834,17.54382],[96.64906,17.5439],[96.64888,17.54424],[96.64915,17.54441],[96.64969,17.54399],[96.64888,17.54364],[96.64915,17.54347],[96.64933,17.54373],[96.64951,17.54322],[96.65023,17.54364],[96.65005,17.5445],[96.65032,17.5439],[96.65077,17.54399],[96.65041,17.54407],[96.6505,17.54459],[96.65086,17.54459],[96.65077,17.54493],[96.65122,17.5445],[96.65095,17.54382],[96.65131,17.54399],[96.65149,17.54399]]],[[[96.65149,17.54364],[96.65185,17.54373],[96.65149,17.54399],[96.65149,17.54527],[96.65185,17.54527],[96.65176,17.54493],[96.6523,17.54493],[96.65185,17.54459],[96.65194,17.54407],[96.65221,17.54407],[96.65221,17.54373],[96.65185,17.54364],[96.65203,17.54279],[96.65167,17.54279],[96.65149,17.54356],[96.65149,17.54364]]],[[[96.6531,17.5451],[96.65283,17.54493],[96.65373,17.54519],[96.65409,17.54493],[96.65373,17.5445],[96.65382,17.54501],[96.65337,17.54501],[96.65337,17.54433],[96.65319,17.54459],[96.65319,17.54416],[96.65292,17.54416],[96.65274,17.54527],[96.65301,17.54519],[96.6531,17.54553],[96.6531,17.54519],[96.6531,17.5451]]],[[[96.6593,17.54527],[96.6593,17.54467],[96.65885,17.54433],[96.65903,17.54399],[96.65867,17.54407],[96.65876,17.54433],[96.6584,17.54424],[96.65876,17.54467],[96.65867,17.5457],[96.65921,17.54527],[96.6593,17.54527]]],[[[96.6629,17.54519],[96.66263,17.54527],[96.66263,17.54501],[96.6629,17.54519],[96.66263,17.54467],[96.66325,17.54459],[96.66316,17.5451],[96.66397,17.54519],[96.6637,17.54484],[96.66415,17.54501],[96.66406,17.54459],[96.66451,17.54467],[96.66442,17.54433],[96.66496,17.5439],[96.6646,17.5445],[96.66478,17.54553],[96.66541,17.5451],[96.66505,17.54459],[96.66532,17.5439],[96.66613,17.5439],[96.66649,17.54476],[96.66568,17.54493],[96.66586,17.54587],[96.66631,17.54596],[96.6664,17.54536],[96.66676,17.54536],[96.66676,17.54604],[96.66703,17.5457],[96.66694,17.5445],[96.66595,17.5427],[96.66604,17.54185],[96.66631,17.54227],[96.66667,17.54219],[96.6664,17.54116],[96.66604,17.54142],[96.66577,17.54107],[96.666,17.54185],[96.66546,17.54194],[96.66537,17.54149],[96.66577,17.54082],[96.6655,17.54099],[96.66523,17.54013],[96.66559,17.5403],[96.66559,17.54005],[96.66505,17.53979],[96.66505,17.53919],[96.66469,17.53902],[96.66514,17.53893],[96.66523,17.53825],[96.66487,17.53825],[96.6646,17.53876],[96.6646,17.53842],[96.66388,17.53808],[96.66397,17.53773],[96.66307,17.53645],[96.66343,17.53593],[96.66272,17.53585],[96.66299,17.53568],[96.66272,17.53525],[96.66307,17.53525],[96.66379,17.53593],[96.66352,17.53611],[96.66379,17.53688],[96.66451,17.53662],[96.66451,17.53551],[96.66406,17.53516],[96.66397,17.53568],[96.66361,17.53559],[96.66361,17.53482],[96.66397,17.53465],[96.66415,17.53491],[96.66415,17.53439],[96.66334,17.53482],[96.66334,17.53431],[96.66388,17.53379],[96.66334,17.53345],[96.6637,17.53294],[96.66325,17.53294],[96.66352,17.53285],[96.66325,17.53208],[96.66272,17.53225],[96.66254,17.53157],[96.66227,17.53234],[96.66227,17.53157],[96.66281,17.53148],[96.66299,17.53182],[96.66307,17.53122],[96.6629,17.53045],[96.66245,17.53037],[96.66263,17.52994],[96.662,17.52788],[96.66173,17.5278],[96.66182,17.52823],[96.66155,17.52814],[96.66191,17.52754],[96.66155,17.5272],[96.66173,17.52694],[96.66119,17.52523],[96.66083,17.5254],[96.66038,17.52497],[96.65971,17.52506],[96.66061,17.52532],[96.66043,17.52658],[96.65971,17.52739],[96.65908,17.52703],[96.6554,17.52712],[96.6536,17.52676],[96.6483,17.52757],[96.64651,17.52703],[96.64543,17.5282],[96.64498,17.5282],[96.64507,17.52541],[96.6448,17.52451],[96.64516,17.52398],[96.64498,17.52209],[96.64534,17.52128],[96.64471,17.52101],[96.64543,17.52047],[96.6475,17.52074],[96.64857,17.5202],[96.64884,17.52065],[96.64857,17.52191],[96.64992,17.52308],[96.65172,17.52362],[96.65262,17.52442],[96.6554,17.52469],[96.6554,17.52541],[96.6563,17.52577],[96.65729,17.5255],[96.65765,17.52496],[96.65738,17.5246],[96.65675,17.52451],[96.65666,17.52398],[96.65585,17.52344],[96.65585,17.52308],[96.65468,17.52227],[96.65423,17.5211],[96.65163,17.51939],[96.65136,17.51796],[96.64983,17.51787],[96.64947,17.51832],[96.64911,17.51823],[96.64983,17.51679],[96.6492,17.51634],[96.6492,17.51598],[96.64812,17.51607],[96.64723,17.51706],[96.64651,17.51643],[96.64633,17.51562],[96.64579,17.51562],[96.64534,17.51607],[96.64525,17.51679],[96.64327,17.51912],[96.64255,17.52065],[96.64282,17.52182],[96.64247,17.52245],[96.64112,17.52299],[96.64103,17.52245],[96.64157,17.52209],[96.64166,17.52092],[96.64094,17.52083],[96.64067,17.5193],[96.64255,17.51742],[96.643,17.51607],[96.64184,17.51553],[96.64121,17.51634],[96.63977,17.5167],[96.63896,17.51652],[96.6386,17.51571],[96.63779,17.51571],[96.63681,17.51346],[96.63582,17.51275],[96.63582,17.5123],[96.63645,17.51203],[96.6377,17.51311],[96.63779,17.51364],[96.63824,17.51373],[96.63851,17.51445],[96.63923,17.51481],[96.63914,17.51562],[96.63977,17.5158],[96.64067,17.51472],[96.64139,17.51508],[96.64184,17.51454],[96.64318,17.51427],[96.64381,17.51239],[96.64327,17.5123],[96.643,17.51149],[96.64211,17.51149],[96.64202,17.51086],[96.643,17.51059],[96.64291,17.50987],[96.64318,17.5096],[96.64426,17.50951],[96.64471,17.50906],[96.64552,17.50888],[96.64579,17.50924],[96.64516,17.50978],[96.64507,17.51032],[96.64597,17.5105],[96.64777,17.50996],[96.64794,17.51104],[96.64839,17.5114],[96.64929,17.51086],[96.64983,17.51113],[96.6501,17.51185],[96.65208,17.51158],[96.65208,17.51203],[96.65118,17.5123],[96.65127,17.51275],[96.6528,17.51248],[96.65342,17.51185],[96.65369,17.51194],[96.65333,17.51284],[96.65387,17.5132],[96.65378,17.51355],[96.65253,17.51373],[96.65163,17.51338],[96.65073,17.51364],[96.65082,17.51409],[96.6519,17.51481],[96.6519,17.51526],[96.65055,17.51454],[96.65019,17.51454],[96.64983,17.51517],[96.64992,17.51571],[96.65073,17.5158],[96.65244,17.51778],[96.65351,17.51796],[96.65324,17.51661],[96.65226,17.51616],[96.65262,17.51535],[96.65432,17.51571],[96.65513,17.51733],[96.65576,17.51625],[96.65522,17.51535],[96.65657,17.51526],[96.65684,17.51544],[96.65675,17.51652],[96.65747,17.51742],[96.65747,17.51832],[96.65819,17.51894],[96.65881,17.51894],[96.65912,17.51939],[96.6593,17.51915],[96.65885,17.51829],[96.65786,17.51829],[96.65804,17.51735],[96.65849,17.51683],[96.65813,17.51658],[96.65795,17.51563],[96.65751,17.51555],[96.65742,17.51495],[96.65679,17.51512],[96.65742,17.51443],[96.65661,17.51469],[96.65715,17.51409],[96.65648,17.51409],[96.65639,17.51346],[96.65576,17.5132],[96.65576,17.51293],[96.65684,17.51293],[96.65706,17.51338],[96.65715,17.51306],[96.65535,17.50852],[96.65499,17.50852],[96.65517,17.50827],[96.6549,17.50784],[96.65436,17.50767],[96.65337,17.5063],[96.65283,17.5063],[96.65265,17.50587],[96.65167,17.50527],[96.64978,17.50458],[96.64646,17.50458],[96.64637,17.50432],[96.64592,17.50458],[96.64502,17.50441],[96.64502,17.50475],[96.64466,17.50467],[96.64484,17.50441],[96.64286,17.50441],[96.6425,17.50484],[96.6364,17.50441],[96.6355,17.50475],[96.63622,17.50501],[96.63774,17.50484],[96.63801,17.50535],[96.63819,17.50492],[96.63855,17.50561],[96.63792,17.50535],[96.63747,17.50561],[96.63729,17.50535],[96.63729,17.50578],[96.63675,17.50578],[96.63702,17.50604],[96.6372,17.50587],[96.63729,17.50655],[96.63702,17.50604],[96.63675,17.50612],[96.63657,17.50655],[96.63684,17.50655],[96.63693,17.50707],[96.6364,17.50732],[96.63648,17.50767],[96.63604,17.50767],[96.63613,17.50732],[96.63586,17.50775],[96.6355,17.50767],[96.63568,17.50792],[96.63496,17.50767],[96.63496,17.50801],[96.63577,17.50827],[96.6355,17.50852],[96.63469,17.50835],[96.63478,17.50732],[96.63424,17.50698],[96.6346,17.50689],[96.63469,17.50638],[96.63415,17.50655],[96.63415,17.50689],[96.63415,17.50647],[96.63289,17.50672],[96.63316,17.5063],[96.63361,17.50655],[96.63406,17.5063],[96.63406,17.50578],[96.63379,17.50595],[96.63397,17.50612],[96.63289,17.50578],[96.63325,17.50612],[96.63235,17.50689],[96.63199,17.50655],[96.63244,17.50621],[96.63208,17.50612],[96.63163,17.50664],[96.63124,17.50595],[96.63097,17.50736],[96.628,17.51032],[96.62755,17.51023],[96.62827,17.50921],[96.62804,17.50955],[96.62777,17.50929],[96.62714,17.50946],[96.62705,17.50912],[96.62741,17.50887],[96.62714,17.50835],[96.62633,17.50852],[96.62696,17.50895],[96.62687,17.50938],[96.62759,17.50972],[96.62714,17.51041],[96.62737,17.51221],[96.62656,17.51275],[96.62495,17.51311],[96.62423,17.51382],[96.62342,17.51409],[96.62324,17.51472],[96.62351,17.5149],[96.62369,17.51625],[96.62297,17.51616],[96.62234,17.51652],[96.62189,17.51589],[96.62028,17.51598],[96.62046,17.51751],[96.61992,17.51787],[96.61974,17.51877],[96.61893,17.51912],[96.61821,17.51903],[96.61767,17.51966],[96.61695,17.51975],[96.6165,17.52056],[96.61659,17.52182],[96.61623,17.52173],[96.61623,17.51966],[96.61453,17.51894],[96.61453,17.5185],[96.61507,17.51787],[96.61525,17.51571],[96.61749,17.51571],[96.61812,17.51643],[96.61848,17.51643],[96.61884,17.5158],[96.61875,17.51436],[96.61929,17.51535],[96.61965,17.51535],[96.62019,17.51472],[96.62073,17.51517],[96.62135,17.51517],[96.62243,17.51445],[96.62234,17.514],[96.62117,17.51445],[96.62109,17.51355],[96.62144,17.51293],[96.62091,17.51248],[96.621,17.51178],[96.62005,17.51169],[96.62005,17.51221],[96.61969,17.51204],[96.6196,17.51229],[96.61924,17.51152],[96.61987,17.51152],[96.61978,17.51109],[96.62085,17.51109],[96.62103,17.51158],[96.6227,17.51068],[96.62297,17.51068],[96.62306,17.51113],[96.62351,17.51113],[96.62423,17.51095],[96.62468,17.50996],[96.62576,17.51041],[96.62612,17.51104],[96.62701,17.51077],[96.62633,17.51049],[96.62642,17.51006],[96.62615,17.50989],[96.62597,17.51015],[96.62624,17.51032],[96.62597,17.51049],[96.62463,17.50946],[96.62499,17.50912],[96.62499,17.50955],[96.62615,17.50981],[96.62562,17.50929],[96.62526,17.50938],[96.62544,17.50904],[96.62517,17.50921],[96.62562,17.50861],[96.62481,17.50904],[96.62499,17.50801],[96.62535,17.50801],[96.62535,17.50775],[96.62562,17.50827],[96.62615,17.50818],[96.62606,17.50844],[96.62768,17.50801],[96.62741,17.50775],[96.62759,17.50749],[96.62696,17.50741],[96.62714,17.50689],[96.62669,17.50698],[96.6266,17.50595],[96.62621,17.50718],[96.62409,17.50809],[96.624,17.50942],[96.62441,17.50861],[96.62459,17.50915],[96.62441,17.50987],[96.62378,17.51023],[96.62378,17.50964],[96.62337,17.50989],[96.6231,17.50972],[96.62337,17.50912],[96.62355,17.50938],[96.62382,17.50921],[96.62328,17.50887],[96.62382,17.50878],[96.62346,17.50835],[96.62319,17.50844],[96.62328,17.50818],[96.62283,17.50861],[96.62211,17.50861],[96.62247,17.50792],[96.62211,17.50809],[96.62175,17.50767],[96.62157,17.50801],[96.62121,17.50784],[96.62166,17.50741],[96.62148,17.50724],[96.62193,17.50732],[96.62175,17.50672],[96.6222,17.50638],[96.62211,17.50561],[96.62148,17.50544],[96.62166,17.5051],[96.62121,17.50458],[96.62058,17.5051],[96.62032,17.50467],[96.62005,17.50492],[96.62005,17.50458],[96.61663,17.50441],[96.61645,17.50457],[96.61695,17.50511],[96.61668,17.50583],[96.61552,17.50601],[96.61498,17.50538],[96.61498,17.50484],[96.6157,17.5045],[96.61439,17.50467],[96.61385,17.50441],[96.61367,17.50475],[96.61358,17.5045],[96.61286,17.50467],[96.61259,17.50441],[96.61142,17.50467],[96.60882,17.5045],[96.60837,17.50475],[96.60531,17.50458],[96.60504,17.50518],[96.60477,17.50458],[96.60424,17.5045],[96.60397,17.5051],[96.60316,17.50484],[96.60307,17.5051],[96.60343,17.50535],[96.60406,17.50518],[96.60433,17.5057],[96.60513,17.50527],[96.60612,17.50535],[96.60621,17.5057],[96.60693,17.50561],[96.60711,17.50587],[96.60765,17.50552],[96.60801,17.50612],[96.60828,17.50604],[96.60819,17.50647],[96.60864,17.50638],[96.60819,17.50664],[96.60756,17.50664],[96.60756,17.5063],[96.60657,17.50664],[96.60612,17.50664],[96.60603,17.5063],[96.60522,17.50664],[96.60424,17.50647],[96.60492,17.507],[96.60554,17.50673],[96.60779,17.50673],[96.60761,17.50727],[96.60671,17.50763],[96.60671,17.50834],[96.60707,17.50861],[96.6077,17.50861],[96.60788,17.50781],[96.60851,17.50772],[96.60869,17.507],[96.60968,17.50682],[96.60986,17.50646],[96.6104,17.50709],[96.61102,17.50718],[96.60932,17.50834],[96.6086,17.5079],[96.6086,17.5087],[96.60806,17.50924],[96.60743,17.50915],[96.60743,17.50951],[96.60797,17.50951],[96.60788,17.51077],[96.60734,17.51122],[96.60707,17.51212],[96.60563,17.51346],[96.60599,17.51535],[96.6051,17.51499],[96.60393,17.5158],[96.60348,17.51679],[96.60195,17.51697],[96.60186,17.51661],[96.6024,17.51652],[96.60276,17.51571],[96.6033,17.5158],[96.60339,17.51526],[96.60285,17.51553],[96.60231,17.51526],[96.60087,17.51553],[96.60006,17.51481],[96.59935,17.51463],[96.59935,17.514],[96.59804,17.5132],[96.59876,17.51375],[96.59858,17.51461],[96.59903,17.51495],[96.59974,17.51478],[96.59965,17.5152],[96.60046,17.51529],[96.60046,17.51598],[96.60127,17.51572],[96.60118,17.51598],[96.60082,17.51589],[96.601,17.51615],[96.60073,17.5164],[96.60145,17.51649],[96.60154,17.517],[96.60073,17.51777],[96.60154,17.51726],[96.6019,17.51777],[96.60244,17.51769],[96.60271,17.51846],[96.60244,17.51846],[96.60262,17.51906],[96.60226,17.51921],[96.60294,17.51921],[96.60267,17.52029],[96.60244,17.52029],[96.60271,17.52077],[96.60307,17.52052],[96.60343,17.52086],[96.60298,17.52043],[96.60343,17.52052],[96.60334,17.52017],[96.60433,17.52026],[96.60522,17.51992],[96.60459,17.52026],[96.60486,17.52069],[96.60531,17.5206],[96.60522,17.52112],[96.60558,17.52129],[96.60603,17.52094],[96.60648,17.5212],[96.60585,17.5224],[96.6054,17.52214],[96.60513,17.52231],[96.60549,17.52274],[96.60603,17.52274],[96.60558,17.523],[96.60594,17.52317],[96.60639,17.52283],[96.60711,17.52326],[96.60774,17.52231],[96.60846,17.5224],[96.60873,17.52189],[96.609,17.52214],[96.60936,17.52197],[96.60945,17.52231],[96.60909,17.52266],[96.60972,17.523],[96.60918,17.52377],[96.60989,17.52386],[96.6098,17.5242],[96.6107,17.5242],[96.61079,17.52471],[96.61133,17.5248],[96.6116,17.52523],[96.61142,17.52591],[96.61196,17.52506],[96.61241,17.52548],[96.61259,17.52514],[96.61546,17.52531],[96.61591,17.52471],[96.61672,17.52471],[96.61672,17.52446],[96.61618,17.52454],[96.61627,17.52411],[96.6169,17.52411],[96.61681,17.52377],[96.61735,17.52386],[96.61726,17.52351],[96.61771,17.52343],[96.61843,17.52343],[96.61852,17.52386],[96.61762,17.52403],[96.61798,17.52463],[96.61771,17.52454],[96.6178,17.52488],[96.61753,17.52463],[96.61744,17.52506],[96.61816,17.5248],[96.61879,17.52411],[96.61861,17.5236],[96.61915,17.52326],[96.6196,17.52343],[96.61933,17.52291],[96.61942,17.52257],[96.61987,17.52283],[96.61978,17.5224],[96.61951,17.52249],[96.6196,17.52172],[96.6204,17.5218],[96.62019,17.52146],[96.62082,17.52065],[96.62207,17.52056],[96.62229,17.52094],[96.62256,17.52043],[96.6222,17.52043],[96.6222,17.52009],[96.62121,17.52026],[96.62112,17.52],[96.62058,17.5206],[96.62049,17.51983],[96.6204,17.52034],[96.61996,17.52043],[96.61996,17.52009],[96.61951,17.52034],[96.6196,17.5206],[96.61915,17.5206],[96.6187,17.51992],[96.61843,17.52034],[96.61825,17.51966],[96.61942,17.51975],[96.61969,17.51923],[96.62058,17.51889],[96.62175,17.51932],[96.62126,17.51903],[96.62126,17.51868],[96.62175,17.51855],[96.62103,17.51803],[96.62202,17.51803],[96.6222,17.51709],[96.62301,17.51709],[96.62337,17.51632],[96.624,17.51683],[96.624,17.51529],[96.62588,17.51529],[96.62687,17.51495],[96.62714,17.51529],[96.62687,17.51563],[96.62732,17.51563],[96.62651,17.51649],[96.62705,17.51666],[96.62705,17.51623],[96.62768,17.51623],[96.62768,17.51666],[96.62813,17.51632],[96.62786,17.51683],[96.62867,17.51718],[96.62858,17.51777],[96.62804,17.51726],[96.62822,17.5182],[96.62795,17.51846],[96.62849,17.51855],[96.62858,17.5182],[96.62894,17.5182],[96.62939,17.51863],[96.6302,17.51863],[96.62975,17.51923],[96.6302,17.51966],[96.62966,17.51984],[96.63043,17.51993],[96.63127,17.52077],[96.63145,17.52189],[96.63061,17.52326],[96.6307,17.5236],[96.63181,17.5218],[96.63172,17.52086],[96.63226,17.52163],[96.63289,17.52189],[96.63307,17.5224],[96.6328,17.52266],[96.63325,17.52266],[96.63307,17.523],[96.6328,17.52291],[96.63262,17.52394],[96.63235,17.52386],[96.63163,17.52463],[96.6319,17.5248],[96.63217,17.52446],[96.63213,17.52487],[96.63154,17.52497],[96.63101,17.52463],[96.63101,17.52514],[96.63056,17.52514],[96.63038,17.52548],[96.63074,17.52574],[96.63172,17.52548],[96.6328,17.52446],[96.63321,17.52478],[96.63357,17.52442],[96.63276,17.5255],[96.63334,17.5254],[96.63361,17.52497],[96.63415,17.52531],[96.63352,17.52583],[96.63352,17.52514],[96.63343,17.52566],[96.63307,17.52574],[96.63352,17.52591],[96.63343,17.52643],[96.63307,17.52643],[96.63343,17.52651],[96.63316,17.52686],[96.63334,17.5272],[96.63379,17.52668],[96.63352,17.52643],[96.63388,17.52634],[96.63379,17.526],[96.63415,17.52574],[96.63523,17.52626],[96.63568,17.52608],[96.6355,17.52548],[96.63604,17.52591],[96.63595,17.52557],[96.6364,17.52574],[96.63666,17.52523],[96.63693,17.52523],[96.63711,17.52583],[96.63684,17.52574],[96.63666,17.52608],[96.63631,17.52591],[96.63622,17.52626],[96.63622,17.52591],[96.63595,17.526],[96.63595,17.52634],[96.63648,17.5266],[96.63693,17.52608],[96.63702,17.52643],[96.63765,17.52643],[96.63801,17.52677],[96.63819,17.52626],[96.63711,17.52634],[96.63729,17.52574],[96.63801,17.5254],[96.63846,17.52583],[96.63945,17.5254],[96.63981,17.52591],[96.64116,17.52591],[96.64152,17.52626],[96.6417,17.52771],[96.64125,17.52754],[96.64125,17.5278],[96.64089,17.5278],[96.6408,17.52745],[96.64044,17.5278],[96.64053,17.52737],[96.6408,17.52737],[96.64071,17.52634],[96.63972,17.52634],[96.6399,17.5266],[96.63936,17.5266],[96.63954,17.52694],[96.63855,17.52634],[96.63855,17.52668],[96.63819,17.5266],[96.63774,17.5272],[96.63729,17.52668],[96.63747,17.5272],[96.63702,17.52694],[96.63684,17.52814],[96.63648,17.52814],[96.63675,17.52848],[96.63559,17.529],[96.63604,17.5284],[96.63657,17.52848],[96.6364,17.52737],[96.63532,17.52805],[96.63532,17.52857],[96.63469,17.52814],[96.63451,17.52934],[96.63406,17.52994],[96.63451,17.52994],[96.63451,17.53037],[96.63487,17.53054],[96.63523,17.5302],[96.63559,17.53045],[96.63559,17.53122],[96.63496,17.53208],[96.63523,17.53217],[96.6355,17.53157],[96.63586,17.53174],[96.63586,17.53122],[96.63613,17.53122],[96.63622,17.53191],[96.63684,17.53148],[96.63657,17.53234],[96.63774,17.53234],[96.63747,17.53199],[96.63783,17.53191],[96.63765,17.53157],[96.63801,17.53157],[96.6381,17.53122],[96.63765,17.5314],[96.63756,17.53105],[96.63828,17.53114],[96.63801,17.5308],[96.63756,17.53088],[96.63783,17.53002],[96.6381,17.53011],[96.63792,17.5296],[96.63855,17.52968],[96.63909,17.52942],[96.63909,17.52908],[96.63936,17.52917],[96.63909,17.52985],[96.63837,17.52985],[96.63837,17.53028],[96.63783,17.53054],[96.63855,17.53062],[96.63873,17.53011],[96.63909,17.53011],[96.63882,17.53062],[96.63918,17.53062],[96.639,17.53122],[96.63936,17.53157],[96.63882,17.5314],[96.63882,17.53165],[96.63936,17.53174],[96.63972,17.53251],[96.63945,17.53302],[96.639,17.53302],[96.63954,17.53388],[96.63927,17.53379],[96.63945,17.53474],[96.63882,17.53602],[96.63909,17.53602],[96.63945,17.53499],[96.63954,17.53576],[96.63918,17.53602],[96.63963,17.53593],[96.63972,17.53542],[96.64044,17.53542],[96.64017,17.53482],[96.64062,17.53414],[96.63999,17.53396],[96.64008,17.53362],[96.64107,17.53371],[96.6408,17.53431],[96.64116,17.53448],[96.64062,17.53448],[96.6408,17.53474],[96.64044,17.53508],[96.64089,17.53499],[96.64098,17.53525],[96.64187,17.53499],[96.64187,17.53525],[96.64214,17.53499],[96.64241,17.53534],[96.64196,17.53534],[96.64205,17.53576],[96.64259,17.53542],[96.64259,17.53576],[96.64313,17.53559],[96.64304,17.53525],[96.6425,17.53516],[96.64322,17.53534],[96.64322,17.53474],[96.64367,17.53491],[96.6434,17.53499],[96.64358,17.53534],[96.64331,17.53525],[96.64349,17.53559],[96.64268,17.53576],[96.64286,17.53653],[96.64259,17.53696],[96.64349,17.53705],[96.6434,17.53739],[96.64367,17.53756],[96.64358,17.53731],[96.64385,17.53731],[96.64412,17.53808],[96.64448,17.53799],[96.64448,17.53765],[96.64475,17.53791],[96.64457,17.53825],[96.64484,17.53816],[96.64466,17.53919],[96.64385,17.53893],[96.64385,17.53945],[96.64412,17.53919],[96.64394,17.53988],[96.64403,17.53962],[96.64448,17.53979],[96.64394,17.53996],[96.64394,17.54022],[96.64439,17.54005],[96.64439,17.5403],[96.64376,17.54039],[96.64376,17.54073],[96.6443,17.54056],[96.64448,17.5409],[96.64448,17.5403],[96.64493,17.54013],[96.64448,17.53988],[96.64502,17.53988],[96.6452,17.53945],[96.64511,17.53859],[96.64547,17.53876],[96.64538,17.53902],[96.64646,17.53876],[96.6461,17.53825],[96.64547,17.53868],[96.64529,17.53748],[96.64457,17.53782],[96.64466,17.53705],[96.64484,17.53756],[96.64556,17.53731],[96.64547,17.53782],[96.64583,17.53799],[96.6461,17.53705],[96.64637,17.53756],[96.64744,17.53722],[96.64798,17.53799],[96.64798,17.53919],[96.64834,17.53885],[96.64888,17.53962],[96.6496,17.53919],[96.64924,17.53962],[96.64987,17.53945],[96.65014,17.53979],[96.64897,17.53988],[96.64924,17.54047],[96.64969,17.54056],[96.6496,17.54082],[96.64924,17.54073],[96.64969,17.54125],[96.64915,17.54125],[96.64906,17.54185],[96.65032,17.54142],[96.65023,17.54167],[96.65068,17.54202],[96.65086,17.54159],[96.6514,17.54159],[96.65104,17.54159],[96.65122,17.54125],[96.65167,17.54176],[96.65176,17.54056],[96.65256,17.54065],[96.65256,17.54013],[96.65221,17.54039],[96.65212,17.54005],[96.65364,17.5397],[96.65346,17.54005],[96.65373,17.54013],[96.65409,17.5397],[96.65373,17.53928],[96.654,17.53928],[96.65427,17.53988],[96.65445,17.5397],[96.65409,17.54005],[96.65445,17.54047],[96.65382,17.54013],[96.65355,17.54047],[96.65319,17.54039],[96.65319,17.54073],[96.65346,17.54056],[96.65328,17.54116],[96.65427,17.54142],[96.65472,17.54107],[96.65508,17.5415],[96.65508,17.54065],[96.65571,17.54056],[96.6558,17.54099],[96.65616,17.54082],[96.65589,17.54142],[96.65679,17.54116],[96.65679,17.54176],[96.65589,17.54159],[96.65625,17.54202],[96.65688,17.54185],[96.65706,17.54142],[96.65769,17.5415],[96.65733,17.54133],[96.65769,17.54082],[96.6576,17.54125],[96.65849,17.5421],[96.65786,17.54236],[96.65813,17.54262],[96.65795,17.54279],[96.65769,17.54219],[96.65733,17.54227],[96.65742,17.54176],[96.65706,17.5415],[96.65697,17.54219],[96.6567,17.54227],[96.65715,17.5421],[96.65706,17.54262],[96.65733,17.54279],[96.65751,17.54236],[96.65742,17.5427],[96.65769,17.5427],[96.65715,17.54304],[96.65786,17.54322],[96.6576,17.54296],[96.65921,17.54244],[96.65876,17.5427],[96.65885,17.54304],[96.6593,17.54304],[96.65903,17.54364],[96.6593,17.54382],[96.65984,17.54339],[96.65957,17.54382],[96.66011,17.54399],[96.65966,17.54399],[96.65966,17.54433],[96.66029,17.54459],[96.66029,17.54399],[96.66065,17.54399],[96.66092,17.54339],[96.66137,17.54339],[96.6611,17.5433],[96.66128,17.54304],[96.66155,17.54356],[96.66074,17.54416],[96.6611,17.54467],[96.66164,17.54467],[96.66128,17.54459],[96.66137,17.54493],[96.662,17.54459],[96.66164,17.54493],[96.66173,17.54544],[96.66209,17.54561],[96.66191,17.54638],[96.66209,17.54596],[96.66281,17.54604],[96.6629,17.54579],[96.66254,17.54561],[96.66325,17.5457],[96.66299,17.54519],[96.6629,17.54519]],[[96.66209,17.54313],[96.66209,17.54339],[96.66227,17.54313],[96.66254,17.5433],[96.66245,17.54279],[96.66307,17.54287],[96.66263,17.5427],[96.6629,17.54236],[96.66299,17.5427],[96.66343,17.5427],[96.66316,17.54322],[96.66272,17.54313],[96.66236,17.54382],[96.66182,17.54407],[96.66155,17.54364],[96.662,17.5433],[96.66164,17.54304],[96.66191,17.54313],[96.66209,17.54313]],[[96.65378,17.53736],[96.65387,17.53664],[96.65477,17.53691],[96.65441,17.53754],[96.65396,17.53736],[96.65378,17.53736]],[[96.65378,17.5352],[96.6536,17.53556],[96.65289,17.53574],[96.65226,17.53458],[96.6536,17.53386],[96.65405,17.53458],[96.65387,17.5352],[96.65378,17.5352]],[[96.65019,17.53395],[96.6501,17.5344],[96.64974,17.5344],[96.64911,17.53386],[96.64875,17.53287],[96.64902,17.5317],[96.64929,17.53179],[96.6501,17.53395],[96.65019,17.53395]],[[96.64152,17.53182],[96.64134,17.53208],[96.6408,17.53199],[96.64116,17.53217],[96.64098,17.53268],[96.64026,17.53268],[96.63981,17.53251],[96.63963,17.5314],[96.64017,17.53062],[96.64071,17.53097],[96.64062,17.53131],[96.64134,17.53062],[96.64143,17.53097],[96.64098,17.53105],[96.6408,17.53157],[96.64116,17.53191],[96.6417,17.53174],[96.64116,17.53165],[96.64161,17.53088],[96.64178,17.53157],[96.64214,17.53131],[96.64196,17.53182],[96.64161,17.53182],[96.64152,17.53182]],[[96.66088,17.5308],[96.66124,17.52981],[96.66007,17.52981],[96.66016,17.52919],[96.65971,17.52892],[96.65998,17.52829],[96.6598,17.52748],[96.66043,17.52784],[96.6616,17.5299],[96.66133,17.53071],[96.66034,17.53116],[96.66052,17.5308],[96.66088,17.5308]],[[96.63801,17.52848],[96.63693,17.52831],[96.63711,17.52771],[96.63765,17.52771],[96.6372,17.52737],[96.63765,17.52728],[96.63774,17.52763],[96.6381,17.52745],[96.63837,17.52814],[96.63828,17.5278],[96.63801,17.52814],[96.63801,17.52848]],[[96.64178,17.53285],[96.64196,17.53268],[96.64223,17.53302],[96.64232,17.53259],[96.64304,17.53259],[96.6434,17.53294],[96.64268,17.53311],[96.6425,17.53345],[96.64241,17.53319],[96.6417,17.53345],[96.64178,17.53302],[96.64143,17.53319],[96.64143,17.53285],[96.6417,17.53285],[96.64178,17.53285]],[[96.6448,17.53341],[96.64462,17.53287],[96.64615,17.53287],[96.64678,17.53332],[96.64678,17.53368],[96.64588,17.53395],[96.64498,17.53341],[96.6448,17.53341]],[[96.63496,17.5254],[96.6346,17.5254],[96.63505,17.52488],[96.63442,17.52463],[96.63451,17.5242],[96.6346,17.52446],[96.63568,17.52437],[96.63631,17.52394],[96.63711,17.5242],[96.63702,17.52471],[96.63675,17.52454],[96.63666,17.5248],[96.63604,17.52429],[96.63559,17.52446],[96.63541,17.52471],[96.63568,17.5248],[96.63532,17.5248],[96.63532,17.52514],[96.63487,17.52514],[96.63487,17.5254],[96.63496,17.5254]],[[96.63375,17.52308],[96.63339,17.52281],[96.63357,17.52029],[96.63321,17.51975],[96.6333,17.51832],[96.63375,17.51841],[96.63357,17.51957],[96.63456,17.52146],[96.63447,17.52263],[96.63411,17.52317],[96.63384,17.52308],[96.63375,17.52308]],[[96.63806,17.52308],[96.63788,17.52254],[96.63609,17.52245],[96.63546,17.52209],[96.63519,17.52047],[96.63636,17.52065],[96.63663,17.52056],[96.63663,17.52002],[96.63564,17.51975],[96.63537,17.51868],[96.63402,17.51832],[96.63402,17.51778],[96.63546,17.51814],[96.63752,17.51984],[96.63887,17.52038],[96.63887,17.52128],[96.63923,17.52191],[96.6386,17.52308],[96.63806,17.52308]],[[96.63986,17.51769],[96.63968,17.51706],[96.64013,17.51697],[96.64049,17.51787],[96.63995,17.51769],[96.63986,17.51769]],[[96.61902,17.52083],[96.61938,17.52155],[96.61875,17.52209],[96.61875,17.52263],[96.61776,17.52299],[96.61722,17.52281],[96.61695,17.522],[96.61884,17.52083],[96.61902,17.52083]],[[96.61507,17.52182],[96.61632,17.52299],[96.61632,17.52335],[96.61525,17.52433],[96.61444,17.52433],[96.6139,17.52487],[96.61327,17.52496],[96.61453,17.52299],[96.61426,17.52218],[96.61327,17.52272],[96.61255,17.52272],[96.61228,17.52398],[96.61264,17.52505],[96.61183,17.52469],[96.61183,17.5238],[96.61093,17.52353],[96.61192,17.52308],[96.61282,17.522],[96.61318,17.52209],[96.61417,17.52092],[96.61444,17.52092],[96.61498,17.52182],[96.61507,17.52182]],[[96.61237,17.52065],[96.61228,17.52137],[96.61183,17.52191],[96.61138,17.52191],[96.6104,17.52092],[96.61057,17.52065],[96.61093,17.52101],[96.61156,17.52101],[96.61201,17.52065],[96.61237,17.52065]],[[96.61013,17.51993],[96.60968,17.5193],[96.60977,17.5185],[96.6086,17.5185],[96.60815,17.51814],[96.60725,17.51832],[96.60653,17.51894],[96.60545,17.5185],[96.60456,17.51903],[96.60312,17.51912],[96.60384,17.51859],[96.60554,17.51805],[96.6059,17.5176],[96.60581,17.51706],[96.60671,17.51661],[96.60698,17.5158],[96.60914,17.51508],[96.60986,17.51445],[96.61013,17.51616],[96.61075,17.51643],[96.61138,17.51607],[96.61183,17.51652],[96.61129,17.51787],[96.61066,17.51805],[96.61031,17.51859],[96.61031,17.51993],[96.61013,17.51993]],[[96.62588,17.51443],[96.62526,17.51443],[96.62481,17.51383],[96.62526,17.51401],[96.62535,17.51358],[96.62588,17.51383],[96.62571,17.51341],[96.62615,17.51323],[96.62606,17.51375],[96.62633,17.51392],[96.6266,17.51349],[96.62687,17.51392],[96.62579,17.51443],[96.62588,17.51443]],[[96.62813,17.51178],[96.62813,17.51144],[96.62777,17.51161],[96.62759,17.51135],[96.6284,17.51006],[96.62885,17.51032],[96.6284,17.51066],[96.62885,17.51084],[96.62885,17.51118],[96.62849,17.51101],[96.62858,17.51178],[96.62813,17.51178]],[[96.63483,17.51122],[96.63465,17.51032],[96.63375,17.51023],[96.63339,17.50987],[96.63348,17.50924],[96.63285,17.50906],[96.63249,17.50843],[96.6333,17.50709],[96.63375,17.50718],[96.63366,17.50825],[96.63438,17.50888],[96.63528,17.50888],[96.63627,17.50816],[96.63654,17.50825],[96.63537,17.5096],[96.63537,17.51005],[96.63582,17.51041],[96.63573,17.51131],[96.63492,17.51122],[96.63483,17.51122]]],[[[96.66802,17.54681],[96.66802,17.54656],[96.66757,17.54656],[96.66793,17.5463],[96.66694,17.54613],[96.66712,17.54681],[96.66748,17.54698],[96.66739,17.54776],[96.66802,17.54818],[96.66766,17.5469],[96.6682,17.54681],[96.66802,17.54681]]],[[[96.66721,17.54998],[96.66676,17.55007],[96.66703,17.54981],[96.66667,17.5493],[96.6664,17.54955],[96.66649,17.54861],[96.66622,17.54861],[96.66622,17.5481],[96.66667,17.54784],[96.6664,17.5475],[96.66604,17.5475],[96.66613,17.54801],[96.66595,17.54776],[96.66559,17.54801],[96.66559,17.54861],[96.66586,17.5487],[96.6655,17.54913],[96.66532,17.54895],[96.66559,17.54861],[96.66532,17.54835],[96.66505,17.54844],[96.66532,17.54887],[96.66478,17.54904],[96.66487,17.54947],[96.66451,17.54938],[96.6655,17.5505],[96.66658,17.54981],[96.66676,17.55032],[96.66748,17.55041],[96.66748,17.55101],[96.66784,17.55084],[96.66721,17.55015],[96.66721,17.54998]]],[[[96.66721,17.54998],[96.66802,17.54973],[96.66784,17.55041],[96.66838,17.55058],[96.66793,17.55075],[96.66811,17.55127],[96.66766,17.55144],[96.66784,17.55161],[96.66811,17.55135],[96.66829,17.55204],[96.66829,17.55118],[96.66891,17.55101],[96.66864,17.55041],[96.66909,17.54964],[96.66891,17.54947],[96.66838,17.54998],[96.66793,17.54921],[96.66838,17.54861],[96.66784,17.54853],[96.66784,17.54913],[96.66748,17.54904],[96.66739,17.5493],[96.66775,17.54964],[96.66721,17.54955],[96.66721,17.54981],[96.66721,17.54998]]],[[[96.71886,17.55247],[96.71949,17.55195],[96.72012,17.55229],[96.72012,17.55127],[96.71967,17.55152],[96.71985,17.55178],[96.71904,17.55161],[96.71877,17.55247],[96.71886,17.55247]]],[[[96.70036,17.55452],[96.70215,17.55409],[96.69964,17.55409],[96.70018,17.55452],[96.70036,17.55452]]],[[[96.71446,17.55615],[96.71446,17.55589],[96.71509,17.55581],[96.71509,17.55538],[96.71527,17.55581],[96.71608,17.55572],[96.71599,17.55452],[96.71518,17.55444],[96.71563,17.55426],[96.71554,17.55401],[96.71482,17.55384],[96.71491,17.55461],[96.71446,17.55444],[96.71437,17.55538],[96.71473,17.55538],[96.71464,17.55495],[96.71491,17.55529],[96.71446,17.55555],[96.71437,17.55615],[96.71446,17.55615]]],[[[96.70952,17.55649],[96.70943,17.55589],[96.7097,17.55606],[96.70988,17.55546],[96.71033,17.55529],[96.71015,17.55504],[96.71096,17.55486],[96.71078,17.55426],[96.71042,17.55461],[96.70988,17.55452],[96.70988,17.55538],[96.70952,17.55521],[96.70925,17.55555],[96.70925,17.55649],[96.70952,17.55649]]],[[[96.64816,17.55572],[96.64789,17.55581],[96.64789,17.55555],[96.64843,17.55572],[96.64852,17.55546],[96.64771,17.55546],[96.64753,17.55623],[96.6478,17.55632],[96.64717,17.55683],[96.6478,17.55692],[96.6478,17.55649],[96.64816,17.55649],[96.64816,17.55581],[96.64816,17.55572]]],[[[96.7079,17.55701],[96.70799,17.55666],[96.70736,17.55658],[96.70718,17.55615],[96.70664,17.55658],[96.70592,17.55606],[96.70664,17.55683],[96.707,17.55692],[96.707,17.55658],[96.70727,17.55658],[96.70781,17.55701],[96.7079,17.55701]]],[[[96.70853,17.55872],[96.70889,17.55829],[96.70844,17.55829],[96.70817,17.55786],[96.70862,17.55812],[96.70889,17.55795],[96.70934,17.55846],[96.71006,17.55829],[96.71024,17.55589],[96.70979,17.55658],[96.70997,17.55812],[96.70916,17.55829],[96.70907,17.55803],[96.70979,17.55795],[96.70988,17.55752],[96.70934,17.55752],[96.70826,17.55683],[96.70826,17.55752],[96.70763,17.55718],[96.70844,17.55872],[96.70853,17.55872]]],[[[96.76854,17.5582],[96.76827,17.55829],[96.76836,17.55803],[96.76872,17.55812],[96.76881,17.5576],[96.76845,17.55752],[96.7689,17.55701],[96.76827,17.55649],[96.76782,17.55829],[96.76827,17.55838],[96.768,17.55863],[96.76818,17.55898],[96.76854,17.55846],[96.76854,17.5582]]],[[[96.6408,17.55803],[96.64134,17.55812],[96.64098,17.55743],[96.64062,17.55795],[96.6399,17.55803],[96.64026,17.5582],[96.64017,17.5588],[96.64053,17.55872],[96.64053,17.55932],[96.64107,17.55889],[96.64107,17.55863],[96.64062,17.5588],[96.6408,17.5582],[96.6408,17.55803]]],[[[96.7291,17.55932],[96.73009,17.5594],[96.73027,17.55829],[96.72991,17.55872],[96.72919,17.55872],[96.72928,17.55906],[96.72892,17.55898],[96.72919,17.55863],[96.72901,17.55846],[96.72874,17.55872],[96.72829,17.55838],[96.72784,17.55855],[96.7282,17.5588],[96.72802,17.55923],[96.72883,17.55932],[96.7291,17.55932]]],[[[96.70781,17.56077],[96.70853,17.56069],[96.7088,17.55983],[96.70817,17.56043],[96.70808,17.56009],[96.70745,17.55992],[96.70763,17.56026],[96.70727,17.56069],[96.70772,17.56077],[96.70781,17.56077]]],[[[96.76764,17.56137],[96.76773,17.56077],[96.76719,17.56077],[96.76692,17.56035],[96.76665,17.56129],[96.76755,17.56137],[96.76764,17.56137]]],[[[96.67592,17.5618],[96.67709,17.56086],[96.67799,17.56069],[96.67574,17.56129],[96.67565,17.56189],[96.67601,17.5618],[96.67592,17.5618]]],[[[96.69497,17.56214],[96.69532,17.56146],[96.69613,17.56146],[96.69595,17.56103],[96.69559,17.56112],[96.69577,17.5606],[96.69488,17.5612],[96.69506,17.56137],[96.69479,17.56154],[96.69514,17.5618],[96.6947,17.56214],[96.69497,17.56214]]],[[[96.72308,17.56232],[96.72335,17.56197],[96.72317,17.5612],[96.72254,17.56189],[96.72281,17.56232],[96.72308,17.56232]]],[[[96.64574,17.56274],[96.64628,17.5624],[96.6461,17.56223],[96.64592,17.56249],[96.64592,17.56206],[96.64628,17.56206],[96.64592,17.56146],[96.64565,17.56172],[96.64574,17.56223],[96.64511,17.56197],[96.64565,17.56274],[96.64574,17.56274]]],[[[96.72497,17.56274],[96.72515,17.56232],[96.72488,17.56214],[96.72515,17.5618],[96.7247,17.56146],[96.72434,17.56232],[96.72488,17.56274],[96.72497,17.56274]]],[[[96.76611,17.56077],[96.76521,17.56283],[96.76584,17.5624],[96.76683,17.56017],[96.76647,17.56],[96.76656,17.56026],[96.76602,17.56077],[96.76611,17.56077]]],[[[96.67394,17.563],[96.67547,17.56214],[96.67493,17.56206],[96.67493,17.56172],[96.67529,17.56163],[96.67457,17.56163],[96.67457,17.5624],[96.67368,17.56283],[96.67385,17.563],[96.67394,17.563]]],[[[96.64421,17.56369],[96.64511,17.56283],[96.64457,17.56214],[96.64493,17.5618],[96.64547,17.56189],[96.64511,17.56163],[96.64493,17.56077],[96.64448,17.56069],[96.64403,17.56086],[96.64448,17.56103],[96.64421,17.56112],[96.64457,17.56172],[96.64439,17.56214],[96.64376,17.56129],[96.64394,17.56103],[96.64367,17.56112],[96.64394,17.56163],[96.64349,17.56232],[96.64358,17.56283],[96.64412,17.56274],[96.64448,17.56309],[96.64403,17.56369],[96.64421,17.56369]]],[[[96.77114,17.56326],[96.77132,17.56351],[96.77105,17.56343],[96.77096,17.56386],[96.7715,17.56386],[96.77186,17.56291],[96.77141,17.563],[96.7715,17.56274],[96.77096,17.56283],[96.77078,17.56257],[96.7706,17.56326],[96.77096,17.56326],[96.77114,17.56326]]],[[[96.71428,17.56274],[96.7141,17.56326],[96.71392,17.56283],[96.71437,17.56257],[96.71401,17.56223],[96.71365,17.56232],[96.71401,17.56411],[96.71482,17.56429],[96.71464,17.56369],[96.71491,17.5636],[96.71419,17.5636],[96.71446,17.56317],[96.71428,17.56291],[96.71428,17.56274]]],[[[96.71599,17.56454],[96.71635,17.5642],[96.71626,17.56369],[96.71652,17.56377],[96.71643,17.5642],[96.71688,17.5642],[96.71679,17.56351],[96.7159,17.5636],[96.71554,17.56394],[96.71599,17.56394],[96.7159,17.56454],[96.71599,17.56454]]],[[[96.72515,17.56369],[96.72515,17.56326],[96.72542,17.56326],[96.72515,17.56377],[96.7256,17.56377],[96.72569,17.56429],[96.72614,17.56446],[96.7265,17.56437],[96.7265,17.5636],[96.72686,17.5636],[96.72659,17.56454],[96.72712,17.56446],[96.7273,17.56326],[96.72695,17.56334],[96.72686,17.56309],[96.72668,17.56351],[96.72659,17.56283],[96.72551,17.563],[96.72515,17.56274],[96.72479,17.56369],[96.72515,17.56369]]],[[[96.66784,17.56454],[96.66784,17.56429],[96.66739,17.56454],[96.66757,17.56488],[96.66802,17.56488],[96.66739,17.56531],[96.66766,17.56557],[96.66846,17.56531],[96.66784,17.56463],[96.66784,17.56454]]],[[[96.76926,17.56643],[96.76926,17.56608],[96.76971,17.56591],[96.76935,17.56557],[96.76953,17.56514],[96.76908,17.56523],[96.76926,17.56548],[96.76899,17.56566],[96.76863,17.56557],[96.76872,17.56531],[96.76818,17.56566],[96.76917,17.56643],[96.76926,17.56643]]],[[[96.68059,17.56694],[96.68032,17.56625],[96.68077,17.56643],[96.68077,17.56514],[96.68005,17.5648],[96.67996,17.56514],[96.68023,17.56514],[96.6805,17.56591],[96.67987,17.566],[96.67987,17.56634],[96.68023,17.56634],[96.67996,17.56668],[96.6805,17.56694],[96.68059,17.56694]]],[[[96.71051,17.5672],[96.71113,17.56711],[96.7114,17.56668],[96.70997,17.56668],[96.71006,17.5672],[96.71033,17.5672],[96.71051,17.5672]]],[[[96.64691,17.56617],[96.64682,17.56651],[96.64691,17.56608],[96.64646,17.56608],[96.64646,17.56583],[96.64601,17.56634],[96.64547,17.56591],[96.64592,17.56651],[96.64619,17.56643],[96.6461,17.56677],[96.64664,17.56651],[96.64744,17.5672],[96.64816,17.56711],[96.64807,17.56754],[96.64852,17.56728],[96.64789,17.56694],[96.64807,17.5666],[96.64753,17.56668],[96.64771,17.56694],[96.64726,17.56685],[96.64717,17.56643],[96.64744,17.5666],[96.6478,17.56625],[96.647,17.56617],[96.64691,17.56617]]],[[[96.76423,17.56685],[96.76396,17.56711],[96.76414,17.56745],[96.76494,17.56745],[96.76503,17.5678],[96.76503,17.56737],[96.76458,17.5672],[96.76476,17.56685],[96.76503,17.56711],[96.76503,17.56625],[96.76629,17.5666],[96.76593,17.56651],[96.76593,17.56617],[96.76656,17.566],[96.76521,17.56514],[96.76476,17.56574],[96.76494,17.56617],[96.76441,17.56625],[96.76432,17.56566],[96.76414,17.56625],[96.76378,17.56625],[96.76369,17.56668],[96.76414,17.56685],[96.76423,17.56685]]],[[[96.67862,17.56548],[96.67826,17.56514],[96.67826,17.56591],[96.67862,17.56583],[96.67862,17.56608],[96.67808,17.56608],[96.67826,17.56643],[96.67871,17.56617],[96.67924,17.56643],[96.67907,17.56685],[96.67942,17.5672],[96.67951,17.56814],[96.68041,17.5678],[96.68014,17.5672],[96.67969,17.5672],[96.67987,17.56668],[96.6796,17.56608],[96.67889,17.56608],[96.67871,17.56548],[96.67862,17.56548]]],[[[96.63927,17.56831],[96.63945,17.56737],[96.63927,17.56763],[96.63882,17.56745],[96.63864,17.5684],[96.63936,17.56831],[96.63927,17.56831]]],[[[96.64232,17.56668],[96.64232,17.56694],[96.64268,17.56694],[96.64232,17.56703],[96.64232,17.56737],[96.64295,17.56711],[96.64304,17.56643],[96.6434,17.56651],[96.64322,17.56685],[96.64349,17.56703],[96.64376,17.56643],[96.6434,17.56643],[96.6434,17.56591],[96.64412,17.56617],[96.64466,17.56557],[96.64358,17.56574],[96.64322,17.5654],[96.64214,17.56531],[96.64232,17.56488],[96.64313,17.56488],[96.64313,17.56446],[96.64268,17.56429],[96.64241,17.56454],[96.64187,17.56403],[96.64214,17.56377],[96.64223,17.56411],[96.64223,17.56309],[96.64259,17.56309],[96.64241,17.56283],[96.64268,17.56266],[96.6425,17.56206],[96.64178,17.56223],[96.64223,17.56189],[96.64187,17.56163],[96.64232,17.56086],[96.64259,17.56154],[96.64304,17.56146],[96.64286,17.56086],[96.64349,17.56112],[96.64331,17.56069],[96.64367,17.56052],[96.64322,17.56043],[96.64313,17.56069],[96.64331,17.56026],[96.64295,17.56035],[96.64259,17.55992],[96.64187,17.56009],[96.64187,17.55966],[96.64152,17.55932],[96.64116,17.55949],[96.64098,17.55906],[96.64062,17.55949],[96.64152,17.56043],[96.64178,17.56026],[96.64125,17.56095],[96.64178,17.56112],[96.64196,17.56077],[96.64205,17.56103],[96.64178,17.56112],[96.64196,17.56146],[96.64161,17.56163],[96.6417,17.56197],[96.64134,17.5618],[96.64134,17.56214],[96.6417,17.56214],[96.64178,17.563],[96.64187,17.56266],[96.64223,17.56274],[96.64196,17.56232],[96.64241,17.5624],[96.64232,17.563],[96.64196,17.56343],[96.64152,17.56317],[96.64187,17.5636],[96.64152,17.56386],[96.64125,17.56369],[96.64152,17.563],[96.64107,17.56266],[96.64134,17.56334],[96.64098,17.56326],[96.64098,17.56369],[96.6408,17.56343],[96.64035,17.56411],[96.64062,17.56326],[96.63972,17.56317],[96.6399,17.56369],[96.64017,17.5636],[96.64017,17.56411],[96.63954,17.56411],[96.63945,17.56446],[96.64017,17.56446],[96.64026,17.56488],[96.63999,17.56506],[96.63819,17.56471],[96.63846,17.56506],[96.63954,17.56531],[96.63882,17.56617],[96.63855,17.56574],[96.63819,17.56583],[96.63837,17.56668],[96.6381,17.56668],[96.63801,17.56711],[96.63801,17.56685],[96.63765,17.56703],[96.6372,17.56677],[96.63702,17.56745],[96.63666,17.56754],[96.63693,17.56857],[96.63648,17.569],[96.63702,17.56874],[96.6372,17.56822],[96.63747,17.56831],[96.63756,17.569],[96.63801,17.56874],[96.63765,17.56874],[96.63783,17.56822],[96.63738,17.56788],[96.63747,17.56745],[96.6381,17.56728],[96.63819,17.56694],[96.639,17.56703],[96.63882,17.56668],[96.63927,17.5666],[96.63909,17.56728],[96.63963,17.56737],[96.63981,17.56711],[96.63936,17.56694],[96.63963,17.56668],[96.64008,17.56677],[96.64017,17.5672],[96.64035,17.56668],[96.64071,17.56711],[96.6408,17.56677],[96.64125,17.56685],[96.64116,17.56651],[96.6417,17.56685],[96.64232,17.56677],[96.64232,17.56668]]],[[[96.64062,17.57019],[96.64125,17.56959],[96.64044,17.56959],[96.6399,17.56882],[96.63945,17.56951],[96.63981,17.56959],[96.63972,17.57002],[96.64026,17.57019],[96.64062,17.57019]]],[[[96.66245,17.56848],[96.662,17.56831],[96.66218,17.56797],[96.66254,17.56797],[96.66245,17.56848],[96.66272,17.56874],[96.66307,17.56874],[96.66343,17.56822],[96.66299,17.56805],[96.66379,17.56822],[96.66442,17.56788],[96.66325,17.56754],[96.66388,17.56737],[96.66361,17.5666],[96.66415,17.56694],[96.66388,17.56728],[96.66424,17.5672],[96.66478,17.56643],[96.66442,17.56625],[96.66469,17.56574],[96.66532,17.56643],[96.66568,17.56643],[96.66595,17.566],[96.66604,17.56668],[96.66631,17.56668],[96.66658,17.56583],[96.66595,17.56591],[96.66604,17.56548],[96.66667,17.56574],[96.66694,17.56557],[96.66676,17.56488],[96.66703,17.56514],[96.6673,17.56497],[96.66712,17.56429],[96.66667,17.5648],[96.66676,17.5642],[96.66721,17.56403],[96.66748,17.56446],[96.66775,17.56403],[96.66802,17.56411],[96.66784,17.56454],[96.66838,17.56454],[96.66811,17.56437],[96.66838,17.56411],[96.66793,17.56403],[96.66811,17.56369],[96.66855,17.56369],[96.66855,17.56403],[96.66909,17.56386],[96.669,17.5642],[96.66855,17.5642],[96.669,17.56429],[96.66846,17.56471],[96.66873,17.56514],[96.66873,17.56463],[96.66945,17.56488],[96.66945,17.56437],[96.66909,17.5642],[96.66954,17.56429],[96.66981,17.56343],[96.66963,17.56446],[96.6699,17.56463],[96.67017,17.56437],[96.66981,17.56471],[96.67008,17.56506],[96.67044,17.56437],[96.67116,17.56411],[96.67098,17.56386],[96.67071,17.56403],[96.67053,17.5636],[96.67017,17.56377],[96.67017,17.56326],[96.67107,17.56309],[96.67134,17.56343],[96.67215,17.56351],[96.6726,17.56326],[96.67251,17.56291],[96.67206,17.563],[96.67206,17.56326],[96.67125,17.56291],[96.67296,17.56274],[96.6726,17.56326],[96.67283,17.56386],[96.67161,17.56369],[96.67161,17.56437],[96.67179,17.56403],[96.67188,17.56429],[96.67224,17.56411],[96.67206,17.56386],[96.67287,17.5642],[96.67323,17.56386],[96.67287,17.56326],[96.67332,17.56291],[96.67305,17.56232],[96.6726,17.56223],[96.67287,17.56214],[96.67287,17.56154],[96.67224,17.56206],[96.67224,17.56249],[96.67179,17.56249],[96.67197,17.56189],[96.67224,17.56189],[96.67224,17.56129],[96.67188,17.5612],[96.67107,17.56223],[96.67098,17.5618],[96.67062,17.5618],[96.67071,17.56214],[96.67017,17.5618],[96.67098,17.56163],[96.67107,17.56112],[96.67134,17.56129],[96.67134,17.56043],[96.67206,17.56043],[96.67179,17.55983],[96.67224,17.55949],[96.67224,17.55906],[96.67179,17.55838],[96.6717,17.55863],[96.67116,17.55829],[96.67062,17.55855],[96.67017,17.55838],[96.66999,17.55735],[96.66936,17.55752],[96.66981,17.55778],[96.66945,17.55786],[96.66954,17.55829],[96.66999,17.55838],[96.6699,17.55889],[96.66936,17.5588],[96.66981,17.5588],[96.66945,17.55838],[96.66882,17.55846],[96.66882,17.55812],[96.66936,17.5582],[96.66945,17.55786],[96.66909,17.5576],[96.66963,17.55683],[96.66927,17.55623],[96.66882,17.55623],[96.66936,17.55606],[96.66981,17.55666],[96.66981,17.55623],[96.67044,17.55649],[96.67062,17.55606],[96.66999,17.55563],[96.67035,17.55563],[96.67035,17.55469],[96.6699,17.55469],[96.66963,17.55529],[96.66927,17.55529],[96.66963,17.55581],[96.669,17.55598],[96.66927,17.55572],[96.66909,17.55512],[96.66882,17.55512],[96.669,17.55478],[96.6682,17.55444],[96.6682,17.55401],[96.66802,17.55461],[96.66766,17.55461],[96.66811,17.55392],[96.66748,17.55384],[96.66739,17.55341],[96.66811,17.55375],[96.66793,17.55332],[96.66891,17.55255],[96.66855,17.55247],[96.66864,17.55204],[96.66829,17.55204],[96.66838,17.55247],[96.66802,17.55229],[96.66802,17.55281],[96.66757,17.55289],[96.66802,17.55324],[96.6673,17.55332],[96.66685,17.55255],[96.66622,17.55247],[96.66649,17.55229],[96.66622,17.55195],[96.66766,17.55264],[96.66793,17.55187],[96.66694,17.55195],[96.66694,17.55161],[96.66622,17.55187],[96.6655,17.55127],[96.66523,17.55187],[96.66541,17.55272],[96.66487,17.55255],[96.66487,17.55229],[96.66451,17.55272],[96.66451,17.55212],[96.66514,17.5517],[96.66469,17.55161],[96.66478,17.55187],[96.66451,17.55187],[96.66451,17.55144],[96.66406,17.55135],[96.66433,17.55229],[96.66388,17.55229],[96.6637,17.55152],[96.66415,17.55101],[96.6637,17.5511],[96.66325,17.5505],[96.66388,17.55084],[96.66406,17.55041],[96.66424,17.55127],[96.66487,17.55075],[96.66541,17.55118],[96.66541,17.55067],[96.66451,17.55041],[96.66487,17.55015],[96.66433,17.55007],[96.66433,17.54853],[96.66388,17.54861],[96.66406,17.54827],[96.66361,17.54827],[96.6629,17.54844],[96.66388,17.54878],[96.66379,17.54913],[96.66406,17.54887],[96.66406,17.5493],[96.66379,17.54921],[96.66343,17.54973],[96.66361,17.55024],[96.66325,17.5499],[96.66272,17.55041],[96.66254,17.5499],[96.66281,17.54973],[96.66191,17.54981],[96.66191,17.55007],[96.66218,17.54998],[96.662,17.5505],[96.662,17.55015],[96.66173,17.55024],[96.66173,17.55058],[96.66227,17.55067],[96.66227,17.55015],[96.66254,17.55015],[96.66218,17.55101],[96.66272,17.55084],[96.6629,17.55118],[96.66307,17.55092],[96.66254,17.55135],[96.66307,17.55187],[96.66272,17.55238],[96.66299,17.55341],[96.66263,17.55349],[96.66307,17.55349],[96.66325,17.55392],[96.66281,17.55367],[96.662,17.55409],[96.66173,17.55332],[96.66137,17.55349],[96.66155,17.55384],[96.66101,17.55384],[96.6611,17.55307],[96.66056,17.55289],[96.6611,17.55272],[96.66137,17.55315],[96.66164,17.55298],[96.662,17.55324],[96.662,17.55289],[96.66146,17.55289],[96.66164,17.55247],[96.66128,17.55247],[96.66173,17.55187],[96.66137,17.55178],[96.66155,17.55127],[96.66119,17.5511],[96.66173,17.55058],[96.66074,17.55058],[96.66092,17.55024],[96.66056,17.55007],[96.66056,17.54938],[96.6602,17.54981],[96.6602,17.54938],[96.65957,17.54973],[96.65939,17.54947],[96.65966,17.54913],[96.66083,17.5493],[96.66119,17.54973],[96.66092,17.55015],[96.66137,17.55024],[96.66128,17.54973],[96.66146,17.54998],[96.66182,17.54973],[96.66137,17.54955],[96.66164,17.54913],[96.66083,17.54921],[96.66056,17.54878],[96.66128,17.54895],[96.66128,17.54844],[96.66173,17.54818],[96.66182,17.54853],[96.66137,17.54861],[96.66227,17.54964],[96.66218,17.54887],[96.66263,17.54887],[96.66218,17.54861],[96.66245,17.54818],[96.66227,17.54776],[96.66272,17.54776],[96.66281,17.54716],[96.66227,17.54741],[96.66209,17.54656],[96.66128,17.54673],[96.66191,17.54553],[96.66146,17.5457],[96.66137,17.54501],[96.66074,17.54476],[96.6611,17.54501],[96.66092,17.54553],[96.66083,17.5451],[96.66038,17.54544],[96.66038,17.54604],[96.66074,17.54613],[96.66002,17.54604],[96.65993,17.54656],[96.65948,17.54647],[96.65975,17.54698],[96.65912,17.54707],[96.65912,17.54784],[96.65867,17.54776],[96.65876,17.54818],[96.65822,17.54801],[96.65831,17.54827],[96.65795,17.54835],[96.65795,17.54776],[96.65849,17.54776],[96.6584,17.54716],[96.65876,17.54716],[96.65867,17.54664],[96.6584,17.54707],[96.65804,17.54707],[96.65769,17.54647],[96.65786,17.54621],[96.65733,17.54613],[96.65688,17.54553],[96.65697,17.54441],[96.65652,17.54416],[96.65661,17.54553],[96.65589,17.54544],[96.65643,17.54519],[96.65616,17.54493],[96.65571,17.5451],[96.65571,17.54561],[96.65598,17.5457],[96.65553,17.54587],[96.65535,17.5457],[96.65571,17.54561],[96.65535,17.54553],[96.65508,17.54604],[96.65571,17.54596],[96.65544,17.54638],[96.65562,17.54664],[96.65562,17.54638],[96.65598,17.5463],[96.65607,17.54656],[96.65625,17.5463],[96.65589,17.54604],[96.65652,17.54621],[96.65643,17.54561],[96.65688,17.54596],[96.65679,17.54638],[96.65607,17.54656],[96.65607,17.54698],[96.65643,17.54664],[96.65688,17.54698],[96.65742,17.54681],[96.65706,17.54776],[96.6576,17.54784],[96.65777,17.54835],[96.65751,17.54844],[96.65804,17.54861],[96.65786,17.54895],[96.65822,17.54921],[96.65777,17.54921],[96.65786,17.54895],[96.65733,17.54844],[96.6567,17.54904],[96.65643,17.54835],[96.6567,17.54784],[96.65634,17.54776],[96.65652,17.54741],[96.65607,17.54716],[96.65553,17.54758],[96.6549,17.54698],[96.65481,17.54758],[96.654,17.54818],[96.65436,17.5481],[96.65427,17.54861],[96.65454,17.54878],[96.65499,17.54853],[96.65463,17.54818],[96.65499,17.54801],[96.65508,17.54733],[96.65553,17.54776],[96.65535,17.54818],[96.65616,17.5475],[96.65634,17.54827],[96.65589,17.54827],[96.65589,17.54861],[96.65643,17.54853],[96.65616,17.54861],[96.65643,17.54887],[96.65634,17.54938],[96.65643,17.54904],[96.65697,17.54947],[96.65724,17.54913],[96.65706,17.54895],[96.6576,17.54895],[96.65769,17.54947],[96.65751,17.54964],[96.65742,17.54913],[96.65706,17.55007],[96.65733,17.55015],[96.65715,17.55092],[96.65733,17.5505],[96.65769,17.5505],[96.65777,17.55084],[96.65742,17.55084],[96.65715,17.55187],[96.65643,17.55161],[96.65616,17.55195],[96.65598,17.5511],[96.65553,17.55127],[96.65634,17.55221],[96.65616,17.55238],[96.6558,17.55187],[96.65508,17.55178],[96.65499,17.55212],[96.65571,17.55212],[96.65562,17.55289],[96.65517,17.55264],[96.65544,17.55229],[96.65499,17.55229],[96.65481,17.55272],[96.65445,17.55255],[96.65445,17.55289],[96.65517,17.55332],[96.65499,17.55401],[96.65436,17.55452],[96.65436,17.55409],[96.65481,17.55392],[96.65427,17.55367],[96.65364,17.55358],[96.65364,17.55409],[96.65301,17.55375],[96.65328,17.55435],[96.65355,17.55426],[96.65337,17.55486],[96.6531,17.55478],[96.65319,17.55426],[96.65239,17.55409],[96.65265,17.55461],[96.65292,17.55444],[96.65292,17.55495],[96.65221,17.55504],[96.65283,17.55504],[96.65265,17.55538],[96.65301,17.55538],[96.65274,17.55581],[96.65194,17.55512],[96.65239,17.55623],[96.65239,17.55743],[96.65185,17.55701],[96.65221,17.55632],[96.65149,17.55598],[96.65167,17.55538],[96.6514,17.55581],[96.6514,17.55555],[96.65095,17.55581],[96.6514,17.55615],[96.65086,17.55615],[96.65068,17.55572],[96.65041,17.55675],[96.65014,17.55649],[96.64987,17.55666],[96.64987,17.55726],[96.65032,17.55709],[96.65032,17.55743],[96.64969,17.55735],[96.64969,17.55701],[96.64924,17.55718],[96.64879,17.55675],[96.64906,17.55769],[96.64951,17.55752],[96.6496,17.55803],[96.64996,17.55795],[96.64987,17.55752],[96.65023,17.55786],[96.65068,17.55769],[96.65068,17.55812],[96.6505,17.55838],[96.65023,17.55795],[96.65023,17.55855],[96.64987,17.55838],[96.64969,17.5588],[96.64897,17.55872],[96.64897,17.55906],[96.6496,17.55889],[96.64951,17.55932],[96.64897,17.5594],[96.64897,17.56009],[96.64951,17.55975],[96.64915,17.56026],[96.64861,17.56017],[96.64969,17.56052],[96.64906,17.5606],[96.64969,17.56137],[96.64888,17.56112],[96.64915,17.56154],[96.64888,17.56189],[96.64861,17.56146],[96.64897,17.56206],[96.64852,17.56197],[96.64852,17.56223],[96.64816,17.56223],[96.64807,17.56163],[96.64744,17.56189],[96.64762,17.5624],[96.6478,17.56206],[96.64807,17.56232],[96.64771,17.5624],[96.64753,17.56291],[96.6487,17.56223],[96.64834,17.56283],[96.64789,17.56283],[96.64879,17.56326],[96.64852,17.56394],[96.64897,17.56369],[96.64897,17.56403],[96.64816,17.56429],[96.64735,17.56377],[96.64744,17.5642],[96.64717,17.56411],[96.64691,17.56463],[96.64744,17.56463],[96.64753,17.56497],[96.64708,17.56506],[96.64708,17.56471],[96.647,17.56514],[96.64762,17.56531],[96.64726,17.56566],[96.64789,17.56548],[96.64771,17.56454],[96.64807,17.5648],[96.64843,17.56446],[96.64888,17.5648],[96.6487,17.56437],[96.64951,17.56446],[96.64951,17.56394],[96.64987,17.5642],[96.64978,17.56454],[96.64906,17.56454],[96.64888,17.56506],[96.64834,17.56463],[96.64825,17.56506],[96.64852,17.56523],[96.64789,17.56506],[96.64807,17.56548],[96.6487,17.56548],[96.64924,17.56506],[96.64915,17.56557],[96.64978,17.5654],[96.64978,17.56574],[96.65014,17.56574],[96.65032,17.56514],[96.65176,17.56506],[96.65158,17.56548],[96.65131,17.56523],[96.6514,17.56583],[96.65185,17.5654],[96.6523,17.56557],[96.65256,17.56506],[96.65337,17.56514],[96.65445,17.56463],[96.65454,17.56488],[96.65526,17.56463],[96.65571,17.56514],[96.65652,17.56514],[96.65607,17.5654],[96.65625,17.56591],[96.6558,17.56557],[96.6558,17.56625],[96.65643,17.566],[96.65643,17.56566],[96.65679,17.566],[96.65706,17.56566],[96.65733,17.56583],[96.65661,17.56608],[96.65661,17.56634],[96.65697,17.56625],[96.65679,17.5666],[96.65625,17.5666],[96.65607,17.56625],[96.65607,17.56763],[96.65679,17.56814],[96.65634,17.56703],[96.65688,17.56711],[96.65697,17.56677],[96.65706,17.56737],[96.65715,17.56677],[96.6576,17.56668],[96.65733,17.56685],[96.6576,17.56711],[96.65777,17.56668],[96.6584,17.56754],[96.65777,17.56771],[96.65813,17.56857],[96.65751,17.56857],[96.65777,17.56814],[96.6567,17.5684],[96.65634,17.56788],[96.65625,17.56848],[96.65616,17.56822],[96.65526,17.56805],[96.65481,17.5684],[96.65607,17.5684],[96.65598,17.56882],[96.65535,17.56882],[96.65616,17.56925],[96.65607,17.56959],[96.65634,17.56925],[96.65616,17.56891],[96.65652,17.569],[96.65634,17.5684],[96.65724,17.56874],[96.65724,17.56951],[96.65679,17.56908],[96.65643,17.56917],[96.65679,17.56968],[96.65643,17.57054],[96.65688,17.57028],[96.65679,17.57062],[96.65733,17.57071],[96.65724,17.57105],[96.65804,17.57097],[96.65876,17.57062],[96.65885,17.57028],[96.65921,17.57045],[96.6602,17.56994],[96.66101,17.56908],[96.66173,17.56934],[96.66182,17.569],[96.66218,17.569],[96.66209,17.56857],[96.66245,17.56865],[96.66245,17.56848]],[[96.66882,17.56257],[96.66846,17.5618],[96.66891,17.56206],[96.66882,17.56137],[96.66936,17.5612],[96.66927,17.56086],[96.66873,17.56086],[96.66882,17.5606],[96.66936,17.56052],[96.66936,17.56103],[96.66972,17.56069],[96.66909,17.56026],[96.66936,17.56],[96.6699,17.56035],[96.6699,17.56069],[96.67017,17.5606],[96.66981,17.56112],[96.67026,17.56146],[96.66918,17.56146],[96.66918,17.56223],[96.66891,17.56223],[96.66882,17.56266],[96.66882,17.56257]],[[96.65813,17.55898],[96.65652,17.55932],[96.65652,17.55898],[96.65706,17.55889],[96.6567,17.55846],[96.65777,17.55846],[96.65822,17.55778],[96.65813,17.5582],[96.6584,17.55838],[96.65795,17.55855],[96.65804,17.55898],[96.65813,17.55898]],[[96.65921,17.55803],[96.65876,17.55795],[96.65912,17.55752],[96.65858,17.55769],[96.65849,17.55743],[96.65831,17.55778],[96.65804,17.55735],[96.65849,17.55718],[96.65885,17.55743],[96.65885,17.55709],[96.65849,17.55709],[96.65867,17.55675],[96.65813,17.55692],[96.65795,17.55666],[96.6584,17.55683],[96.65858,17.55649],[96.66002,17.55632],[96.65993,17.55726],[96.65948,17.55692],[96.65957,17.55666],[96.65903,17.55683],[96.65966,17.55718],[96.65966,17.55743],[96.65921,17.55726],[96.65921,17.55803],[96.65939,17.55769],[96.66002,17.55778],[96.66002,17.5582],[96.65957,17.55838],[96.65921,17.55812],[96.65921,17.55803]],[[96.6682,17.55512],[96.66802,17.55478],[96.66873,17.55478],[96.6682,17.55512],[96.66838,17.55555],[96.66811,17.55546],[96.66811,17.55632],[96.66766,17.55666],[96.66775,17.55615],[96.66739,17.55581],[96.66775,17.55512],[96.66811,17.55512],[96.6682,17.55512]],[[96.66002,17.55555],[96.6602,17.55572],[96.65966,17.55529],[96.65903,17.55546],[96.65912,17.55589],[96.65876,17.55615],[96.65894,17.55641],[96.65849,17.55632],[96.65858,17.55589],[96.65813,17.55623],[96.65858,17.55538],[96.65966,17.55504],[96.65975,17.55469],[96.65939,17.55486],[96.65921,17.55461],[96.65957,17.55435],[96.66002,17.55444],[96.66002,17.55486],[96.65975,17.55486],[96.66002,17.55538],[96.66002,17.55555]],[[96.65328,17.55521],[96.65427,17.55538],[96.65391,17.55563],[96.65391,17.55606],[96.65427,17.55615],[96.65391,17.55658],[96.65409,17.55709],[96.65364,17.55709],[96.65355,17.55658],[96.6531,17.55649],[96.65346,17.55615],[96.65373,17.55632],[96.65373,17.55563],[96.65328,17.55563],[96.65328,17.55512],[96.65328,17.55521]]],[[[96.71122,17.57191],[96.71176,17.57174],[96.71167,17.57122],[96.71131,17.57122],[96.71131,17.57165],[96.71096,17.57114],[96.71158,17.57105],[96.71167,17.57062],[96.71122,17.57071],[96.71131,17.57097],[96.71113,17.57071],[96.7106,17.57071],[96.71051,17.57097],[96.70997,17.57071],[96.7097,17.57105],[96.71051,17.57114],[96.71087,17.57174],[96.70952,17.57131],[96.70961,17.57208],[96.70997,17.57165],[96.71015,17.57216],[96.71033,17.57182],[96.71105,17.57191],[96.71122,17.57191]]],[[[96.70655,17.56942],[96.70637,17.56925],[96.70682,17.56951],[96.70682,17.56882],[96.70628,17.56908],[96.70637,17.56882],[96.70601,17.56865],[96.70575,17.56865],[96.70592,17.569],[96.70512,17.56882],[96.70512,17.56917],[96.70485,17.56917],[96.70503,17.56882],[96.70386,17.56908],[96.70404,17.56942],[96.70449,17.56934],[96.70413,17.56977],[96.70458,17.56959],[96.70485,17.57019],[96.70467,17.57062],[96.70449,17.57002],[96.70404,17.57011],[96.70431,17.57028],[96.70404,17.57079],[96.70467,17.57139],[96.7053,17.57139],[96.7053,17.57182],[96.70566,17.57156],[96.70557,17.57199],[96.7061,17.57191],[96.70646,17.57234],[96.707,17.56968],[96.70646,17.56994],[96.70601,17.56977],[96.70655,17.56951],[96.70655,17.56942]]],[[[96.71527,17.57216],[96.71527,17.57165],[96.71527,17.57216],[96.71608,17.57208],[96.71608,17.57165],[96.7167,17.57199],[96.71724,17.57139],[96.71724,17.56985],[96.71805,17.56977],[96.71796,17.56951],[96.71724,17.56959],[96.71742,17.56917],[96.71697,17.56951],[96.71652,17.5684],[96.71626,17.56951],[96.7167,17.57002],[96.71626,17.56985],[96.71608,17.57071],[96.71572,17.57062],[96.71572,17.57088],[96.7167,17.57088],[96.71635,17.57131],[96.71626,17.57105],[96.71563,17.57131],[96.71554,17.57097],[96.71518,17.57097],[96.71428,17.57114],[96.71428,17.57165],[96.71356,17.57148],[96.71266,17.57191],[96.71302,17.57242],[96.71338,17.57234],[96.71338,17.57182],[96.7141,17.57191],[96.71446,17.57234],[96.71527,17.57225],[96.71527,17.57216]]],[[[96.67448,17.57293],[96.67565,17.57302],[96.67583,17.57336],[96.67601,17.57234],[96.67565,17.57216],[96.67574,17.57276],[96.67547,17.57285],[96.67547,17.57225],[96.67457,17.57225],[96.67439,17.57276],[96.67421,17.57208],[96.67538,17.57199],[96.67484,17.57182],[96.67475,17.57139],[96.67466,17.57182],[96.67394,17.57191],[96.67448,17.57156],[96.67412,17.57148],[96.6735,17.57182],[96.6735,17.57216],[96.67394,17.57234],[96.67421,17.57293],[96.67448,17.57293]]],[[[96.67332,17.57508],[96.67368,17.57473],[96.6735,17.57431],[96.67278,17.57448],[96.67278,17.57516],[96.67323,17.57516],[96.67341,17.5755],[96.67341,17.57508],[96.67332,17.57508]]],[[[96.67421,17.57593],[96.67448,17.5755],[96.67403,17.57508],[96.67448,17.57499],[96.67457,17.57542],[96.67511,17.57559],[96.6743,17.57422],[96.67457,17.57388],[96.67421,17.57379],[96.67421,17.57422],[96.67385,17.57439],[96.67421,17.57482],[96.67385,17.57473],[96.67376,17.57559],[96.67403,17.57593],[96.67421,17.57593]]],[[[96.67628,17.57439],[96.67646,17.57456],[96.67619,17.57439],[96.67601,17.57465],[96.6761,17.57422],[96.67583,17.57413],[96.67574,17.57473],[96.67484,17.57499],[96.6752,17.57516],[96.67547,17.57619],[96.67574,17.57619],[96.67556,17.57499],[96.67601,17.57525],[96.67619,17.57473],[96.677,17.57473],[96.67628,17.57431],[96.67628,17.57439]]],[[[96.67691,17.57645],[96.67709,17.57602],[96.67664,17.57542],[96.67655,17.57568],[96.67601,17.57559],[96.6761,17.57645],[96.67682,17.57645],[96.67691,17.57645]]],[[[96.69407,17.57593],[96.69416,17.57645],[96.69452,17.57653],[96.69461,17.5761],[96.69425,17.57602],[96.69479,17.57499],[96.69416,17.57516],[96.69407,17.5755],[96.69407,17.57593]]],[[[96.64367,17.57687],[96.64358,17.57662],[96.64304,17.57705],[96.64322,17.5767],[96.64286,17.57653],[96.64286,17.5761],[96.64322,17.57627],[96.64277,17.57559],[96.64268,17.57627],[96.64232,17.57627],[96.64232,17.5767],[96.64268,17.5767],[96.6425,17.57696],[96.64295,17.57705],[96.64259,17.57747],[96.64358,17.57739],[96.64376,17.57687],[96.64367,17.57687]]],[[[96.64951,17.57773],[96.64888,17.57782],[96.6487,17.57833],[96.64861,17.57765],[96.64924,17.57747],[96.6496,17.57773],[96.64969,17.57739],[96.64933,17.57705],[96.64969,17.57722],[96.64978,17.57662],[96.65023,17.57653],[96.65014,17.57627],[96.6496,17.57627],[96.64906,17.57662],[96.64942,17.57636],[96.64915,17.57602],[96.64879,17.57619],[96.64879,17.57696],[96.64879,17.57627],[96.64798,17.57636],[96.6478,17.57722],[96.64816,17.57713],[96.64807,17.57765],[96.64753,17.57722],[96.64691,17.5773],[96.64708,17.57816],[96.64771,17.5779],[96.64771,17.57842],[96.64789,17.57816],[96.64852,17.57824],[96.64852,17.57884],[96.64897,17.57859],[96.64915,17.57799],[96.64951,17.57799],[96.64951,17.57773]]],[[[96.64798,17.57944],[96.64834,17.57893],[96.64753,17.57867],[96.64744,17.57824],[96.64717,17.57884],[96.6478,17.57884],[96.64798,17.57919],[96.64771,17.57936],[96.64735,17.5791],[96.64735,17.57961],[96.64753,17.57936],[96.64771,17.57987],[96.64789,17.57944],[96.64798,17.57944]]],[[[96.65122,17.57979],[96.65149,17.57961],[96.65104,17.57927],[96.65104,17.57859],[96.65068,17.5785],[96.65086,17.57833],[96.65059,17.5779],[96.65041,17.57824],[96.65068,17.57919],[96.65032,17.57902],[96.65041,17.57876],[96.64996,17.57902],[96.65104,17.57979],[96.65122,17.57979]]],[[[96.69497,17.57824],[96.69559,17.57807],[96.69479,17.57782],[96.69488,17.57739],[96.69434,17.57722],[96.69434,17.57773],[96.69407,17.5779],[96.69398,17.57765],[96.69407,17.57705],[96.69497,17.57696],[96.6938,17.57679],[96.69389,17.57773],[96.69335,17.57833],[96.6929,17.57833],[96.69272,17.57927],[96.69272,17.57953],[96.69308,17.57936],[96.69317,17.5797],[96.69362,17.5797],[96.69362,17.58004],[96.69398,17.57987],[96.69407,17.58013],[96.69371,17.58004],[96.69353,17.58064],[96.69461,17.58064],[96.69479,17.58013],[96.69488,17.58039],[96.69541,17.58013],[96.69523,17.57979],[96.69497,17.58004],[96.6947,17.57944],[96.69416,17.57944],[96.69434,17.5791],[96.69488,17.57902],[96.69497,17.57833],[96.69497,17.57824]]],[[[96.64646,17.58124],[96.64628,17.58098],[96.64664,17.58098],[96.64655,17.58133],[96.64762,17.58107],[96.64717,17.58073],[96.64637,17.5809],[96.64655,17.58064],[96.6461,17.58047],[96.64601,17.5815],[96.64646,17.58133],[96.64646,17.58124]]],[[[96.67215,17.58158],[96.67206,17.58116],[96.6717,17.58116],[96.67188,17.5803],[96.67134,17.5809],[96.67107,17.58064],[96.67089,17.58116],[96.67161,17.58107],[96.67143,17.58141],[96.67206,17.58158],[96.67215,17.58158]]],[[[96.64888,17.58064],[96.64906,17.58021],[96.64924,17.58064],[96.64888,17.58064],[96.64888,17.58141],[96.64798,17.5815],[96.64834,17.58193],[96.64924,17.58158],[96.64951,17.58176],[96.64951,17.58116],[96.64897,17.58098],[96.64942,17.58081],[96.64933,17.58013],[96.64888,17.57996],[96.6487,17.58064],[96.64888,17.58064]]],[[[96.64017,17.58218],[96.64035,17.58124],[96.64008,17.58116],[96.64044,17.58064],[96.6399,17.58056],[96.6399,17.57996],[96.63963,17.58047],[96.63954,17.58004],[96.63927,17.58004],[96.63936,17.58064],[96.639,17.58116],[96.63936,17.58158],[96.63909,17.58176],[96.63981,17.58176],[96.63945,17.58141],[96.63981,17.58116],[96.64008,17.58218],[96.64017,17.58218]]],[[[96.67844,17.58218],[96.67915,17.58176],[96.6788,17.58176],[96.6788,17.58141],[96.67835,17.5815],[96.67826,17.58107],[96.67808,17.58201],[96.67835,17.58218],[96.67844,17.58218]]],[[[96.67727,17.58227],[96.67754,17.58218],[96.67727,17.58184],[96.67754,17.58176],[96.67745,17.58073],[96.677,17.5809],[96.67664,17.58047],[96.67709,17.58227],[96.67727,17.58227]]],[[[96.65185,17.58141],[96.65149,17.58124],[96.65194,17.58141],[96.6514,17.58064],[96.65158,17.58021],[96.65131,17.5803],[96.65131,17.57979],[96.65095,17.58013],[96.65104,17.58056],[96.65023,17.58039],[96.65023,17.58141],[96.65113,17.58227],[96.6505,17.58218],[96.6505,17.58244],[96.65131,17.58244],[96.65122,17.58158],[96.65167,17.58176],[96.65185,17.5815],[96.65185,17.58141]]],[[[96.6496,17.58295],[96.65014,17.58278],[96.64996,17.58193],[96.64969,17.58227],[96.64942,17.58193],[96.64915,17.58218],[96.64951,17.58295],[96.6496,17.58295]]],[[[96.69559,17.58261],[96.69577,17.58227],[96.69479,17.58227],[96.6947,17.58287],[96.69541,17.58287],[96.6955,17.58261],[96.69559,17.58261]]],[[[96.64062,17.58313],[96.64017,17.58295],[96.63999,17.58236],[96.63945,17.5827],[96.6399,17.58287],[96.6399,17.58321],[96.63909,17.58287],[96.63936,17.58304],[96.63918,17.5833],[96.63981,17.58338],[96.63972,17.58373],[96.6399,17.58338],[96.64071,17.58338],[96.6408,17.58313],[96.64062,17.58313]]],[[[96.67278,17.58176],[96.67269,17.58201],[96.67278,17.58167],[96.67242,17.58176],[96.6726,17.58227],[96.67341,17.58227],[96.67251,17.58227],[96.6726,17.5827],[96.67296,17.58253],[96.67296,17.58304],[96.67341,17.58295],[96.67287,17.5833],[96.67287,17.5839],[96.67305,17.58347],[96.67368,17.58338],[96.67376,17.58441],[96.67403,17.58347],[96.67368,17.58244],[96.67484,17.58236],[96.67448,17.58184],[96.6735,17.58227],[96.67314,17.58176],[96.67278,17.58176]]],[[[96.63325,17.58518],[96.6337,17.5845],[96.63415,17.58458],[96.63406,17.58492],[96.6346,17.58475],[96.63442,17.5845],[96.63496,17.58458],[96.63487,17.58398],[96.63307,17.5839],[96.63361,17.58441],[96.63316,17.5845],[96.63325,17.58484],[96.6328,17.58475],[96.63271,17.5851],[96.63307,17.58518],[96.63325,17.58518]]],[[[96.67215,17.58561],[96.67269,17.58552],[96.67269,17.58415],[96.67242,17.58407],[96.67233,17.58518],[96.67197,17.58527],[96.67188,17.58492],[96.67188,17.58561],[96.67224,17.58561],[96.67215,17.58561]]],[[[96.67394,17.58492],[96.67368,17.58441],[96.6735,17.58475],[96.67305,17.58467],[96.67376,17.58552],[96.67448,17.58561],[96.67403,17.58492],[96.67394,17.58492]]],[[[96.68562,17.58629],[96.68598,17.58595],[96.68598,17.58552],[96.68535,17.58544],[96.68562,17.58415],[96.68445,17.58398],[96.68428,17.58441],[96.68508,17.58518],[96.68481,17.58552],[96.68562,17.58587],[96.68553,17.58629],[96.68562,17.58629]]],[[[96.68733,17.58552],[96.68652,17.58552],[96.68679,17.58518],[96.68733,17.58552],[96.68751,17.58535],[96.68733,17.58501],[96.68679,17.58492],[96.68634,17.58518],[96.68616,17.58595],[96.6867,17.58569],[96.68733,17.58638],[96.6876,17.58621],[96.68832,17.58655],[96.68805,17.58552],[96.68841,17.58535],[96.6876,17.58527],[96.68778,17.58552],[96.68733,17.58569],[96.68733,17.58552]]],[[[96.6911,17.58681],[96.69146,17.58664],[96.69119,17.58604],[96.69155,17.58587],[96.6911,17.58561],[96.69146,17.58552],[96.69101,17.58535],[96.69056,17.58569],[96.6902,17.58544],[96.69011,17.58595],[96.69056,17.58587],[96.69011,17.58629],[96.69047,17.58638],[96.69047,17.58689],[96.69119,17.58681],[96.6911,17.58681]]],[[[96.63424,17.58587],[96.63379,17.58604],[96.63352,17.58535],[96.63388,17.58552],[96.63397,17.58484],[96.63361,17.58484],[96.63334,17.58552],[96.63298,17.58552],[96.63307,17.58595],[96.6328,17.58587],[96.63316,17.58638],[96.63298,17.58689],[96.63406,17.58706],[96.63415,17.58681],[96.6337,17.58664],[96.63424,17.58655],[96.63424,17.58706],[96.6346,17.58715],[96.63487,17.58655],[96.63442,17.58629],[96.63451,17.58578],[96.63424,17.58578],[96.63424,17.58587]]],[[[96.63657,17.58664],[96.63675,17.58638],[96.6364,17.58638],[96.63657,17.58587],[96.63631,17.58587],[96.63604,17.58655],[96.6364,17.58655],[96.63631,17.58741],[96.63675,17.58689],[96.63648,17.58749],[96.63684,17.58758],[96.6372,17.58647],[96.63675,17.58664],[96.63657,17.58664]]],[[[96.63586,17.58706],[96.63604,17.58672],[96.63577,17.58647],[96.63604,17.58629],[96.63577,17.58561],[96.63604,17.58561],[96.63604,17.58604],[96.63631,17.58561],[96.63675,17.58569],[96.63684,17.58604],[96.63738,17.58561],[96.63702,17.58561],[96.6372,17.58518],[96.63693,17.58484],[96.63657,17.58492],[96.63648,17.5845],[96.63568,17.58432],[96.63505,17.58527],[96.6355,17.58578],[96.63532,17.58629],[96.63568,17.58638],[96.63541,17.58647],[96.6355,17.58689],[96.63505,17.58681],[96.63505,17.58732],[96.63532,17.58724],[96.63505,17.58758],[96.6355,17.58766],[96.63586,17.58715],[96.63586,17.58706]]],[[[96.69299,17.58784],[96.69326,17.58749],[96.69326,17.58724],[96.69272,17.58706],[96.69299,17.58552],[96.69263,17.58604],[96.69191,17.58595],[96.69182,17.58621],[96.692,17.58689],[96.69245,17.58689],[96.69236,17.58749],[96.69281,17.58732],[96.6929,17.58784],[96.69299,17.58784]]],[[[96.68598,17.58818],[96.6867,17.58809],[96.68661,17.58775],[96.68715,17.58724],[96.68679,17.58724],[96.68688,17.58681],[96.68643,17.58698],[96.68553,17.58638],[96.68517,17.58706],[96.68607,17.58715],[96.68571,17.58732],[96.6858,17.58784],[96.68634,17.58758],[96.68607,17.58801],[96.68562,17.58792],[96.68571,17.58818],[96.68598,17.58818]]],[[[96.74249,17.58638],[96.74276,17.58629],[96.74276,17.58655],[96.74285,17.58621],[96.74213,17.58621],[96.74222,17.58655],[96.74177,17.58672],[96.74168,17.58715],[96.74222,17.58732],[96.74204,17.58758],[96.7415,17.58749],[96.74159,17.58775],[96.74114,17.58775],[96.74114,17.58809],[96.74159,17.58792],[96.74213,17.58818],[96.74195,17.58792],[96.74249,17.58749],[96.74249,17.58647],[96.74249,17.58638]]],[[[96.74374,17.58801],[96.74365,17.58775],[96.74338,17.58792],[96.7432,17.58715],[96.74285,17.58715],[96.74267,17.58809],[96.74329,17.58818],[96.74329,17.58792],[96.74356,17.58835],[96.74437,17.58844],[96.74455,17.58766],[96.74392,17.58758],[96.74392,17.58801],[96.74374,17.58801]]],[[[96.69173,17.58861],[96.69164,17.58775],[96.69092,17.58766],[96.69092,17.58818],[96.69164,17.58861],[96.69173,17.58861]]],[[[96.69047,17.58955],[96.69074,17.58929],[96.6902,17.58929],[96.6902,17.58818],[96.68958,17.58878],[96.68949,17.58835],[96.68841,17.58835],[96.68841,17.58929],[96.68984,17.58912],[96.68993,17.58955],[96.69038,17.58955],[96.69047,17.58955]]],[[[96.74159,17.59023],[96.74168,17.58981],[96.74141,17.58963],[96.74204,17.58972],[96.74213,17.58912],[96.74114,17.58912],[96.74114,17.58886],[96.74051,17.58878],[96.74042,17.58938],[96.74078,17.58938],[96.74042,17.58963],[96.74069,17.58981],[96.74051,17.59015],[96.74087,17.59006],[96.74096,17.58946],[96.74123,17.58955],[96.74096,17.59023],[96.74159,17.59023]]],[[[96.6841,17.59015],[96.6841,17.58989],[96.68508,17.59015],[96.68499,17.58955],[96.6841,17.58946],[96.68383,17.59023],[96.68428,17.59015],[96.6841,17.59015]]],[[[96.63487,17.58981],[96.63505,17.58998],[96.63406,17.58972],[96.63397,17.59006],[96.6346,17.59049],[96.63478,17.59023],[96.63586,17.59049],[96.63622,17.59023],[96.63586,17.58972],[96.63523,17.58989],[96.63487,17.58955],[96.63487,17.58981]]],[[[96.6929,17.59135],[96.69326,17.59109],[96.69317,17.59066],[96.69371,17.591],[96.69353,17.59049],[96.6938,17.59049],[96.6938,17.59023],[96.69344,17.59023],[96.69326,17.59058],[96.69362,17.58998],[96.69308,17.58955],[96.69254,17.58955],[96.69263,17.58998],[96.69236,17.58998],[96.69326,17.58989],[96.6929,17.5904],[96.69227,17.5904],[96.69263,17.59135],[96.6929,17.59135]]],[[[96.62094,17.5916],[96.62112,17.59075],[96.62067,17.59075],[96.6204,17.59135],[96.61987,17.59118],[96.61987,17.59152],[96.62085,17.5916],[96.62094,17.5916]]],[[[96.62202,17.59177],[96.62184,17.59049],[96.6213,17.59092],[96.6213,17.59152],[96.62193,17.59177],[96.62202,17.59177]]],[[[96.63837,17.59066],[96.63765,17.59075],[96.63765,17.59109],[96.63729,17.59075],[96.63711,17.59126],[96.63756,17.59118],[96.63801,17.59186],[96.63828,17.5916],[96.63819,17.59109],[96.63882,17.59152],[96.63873,17.59058],[96.63765,17.59023],[96.63837,17.59058],[96.63837,17.59066]]],[[[96.6779,17.59126],[96.67844,17.59126],[96.67844,17.59092],[96.67781,17.59083],[96.67772,17.58998],[96.67691,17.59015],[96.67727,17.59092],[96.67628,17.59118],[96.67655,17.59152],[96.67673,17.59135],[96.67673,17.59186],[96.67691,17.59135],[96.67727,17.59177],[96.67781,17.59143],[96.67763,17.59186],[96.67817,17.59186],[96.6779,17.59135],[96.6779,17.59126]]],[[[96.62957,17.5922],[96.63002,17.59177],[96.62993,17.59152],[96.62948,17.5916],[96.6293,17.59118],[96.62957,17.59066],[96.62876,17.59058],[96.62795,17.591],[96.62822,17.59195],[96.62867,17.59195],[96.62876,17.59169],[96.62822,17.59118],[96.62912,17.59092],[96.6293,17.59186],[96.62957,17.59177],[96.62948,17.5922],[96.62957,17.5922]]],[[[96.74464,17.59229],[96.74527,17.59143],[96.74455,17.59143],[96.74437,17.591],[96.74401,17.5916],[96.74419,17.59195],[96.74455,17.5916],[96.74446,17.59229],[96.74464,17.59229]]],[[[96.69398,17.59203],[96.69371,17.59255],[96.69443,17.59255],[96.69416,17.59195],[96.69434,17.59143],[96.6938,17.591],[96.69353,17.59169],[96.69362,17.59195],[96.69398,17.59186],[96.69398,17.59203]]],[[[96.65562,17.59177],[96.65571,17.59126],[96.65499,17.59152],[96.65463,17.59118],[96.65445,17.59152],[96.65535,17.59177],[96.6558,17.59272],[96.65571,17.59212],[96.65598,17.59195],[96.65562,17.59169],[96.65562,17.59177]]],[[[96.63648,17.59177],[96.63631,17.59075],[96.63559,17.59092],[96.63559,17.59143],[96.63595,17.59135],[96.63613,17.59177],[96.63595,17.59246],[96.63622,17.5928],[96.63657,17.59177],[96.63648,17.59177]]],[[[96.73988,17.5916],[96.73961,17.59143],[96.73916,17.5922],[96.73853,17.59203],[96.73844,17.59237],[96.73979,17.59272],[96.73997,17.59314],[96.74033,17.59297],[96.74042,17.59237],[96.73961,17.59195],[96.73988,17.59177],[96.74024,17.5922],[96.74069,17.59203],[96.74042,17.59169],[96.74015,17.59186],[96.74015,17.59083],[96.7397,17.59126],[96.73988,17.59143],[96.73988,17.5916]]],[[[96.82783,17.59272],[96.82863,17.59255],[96.82854,17.59306],[96.82828,17.5928],[96.82828,17.59314],[96.82863,17.59323],[96.82908,17.59306],[96.82917,17.59237],[96.82828,17.59143],[96.82783,17.59143],[96.8272,17.59186],[96.82747,17.59237],[96.82729,17.59272],[96.82783,17.59289],[96.82783,17.59272]]],[[[96.73943,17.59366],[96.73925,17.5928],[96.73898,17.59306],[96.73907,17.5928],[96.73862,17.5928],[96.73835,17.59237],[96.73835,17.59366],[96.73916,17.59366],[96.73943,17.59366]]],[[[96.68248,17.59417],[96.68266,17.59357],[96.68275,17.59392],[96.68383,17.59357],[96.68329,17.59314],[96.6823,17.59357],[96.68194,17.5934],[96.68239,17.59417],[96.68248,17.59417]]],[[[96.68167,17.59451],[96.68176,17.59383],[96.68068,17.59332],[96.68095,17.59451],[96.68122,17.59443],[96.68113,17.594],[96.68149,17.59451],[96.68167,17.59451]]],[[[96.82846,17.59451],[96.8281,17.59417],[96.82863,17.59417],[96.82846,17.59451],[96.82908,17.59451],[96.82872,17.59434],[96.8289,17.59349],[96.82837,17.59366],[96.8281,17.5934],[96.82819,17.59383],[96.82756,17.59392],[96.82783,17.59426],[96.82684,17.59426],[96.82693,17.59469],[96.82738,17.59451],[96.82738,17.59486],[96.82872,17.59486],[96.82846,17.5946],[96.82846,17.59451]]],[[[96.73997,17.59314],[96.73943,17.59366],[96.73961,17.594],[96.73925,17.59392],[96.73952,17.59409],[96.73916,17.59469],[96.73934,17.59494],[96.73997,17.594],[96.73997,17.59323],[96.73997,17.59314]]],[[[96.64538,17.59212],[96.64475,17.59246],[96.64439,17.59203],[96.64475,17.59177],[96.64493,17.59229],[96.64511,17.5916],[96.64556,17.59203],[96.64529,17.59152],[96.64547,17.59109],[96.64592,17.59126],[96.64619,17.59092],[96.64574,17.5904],[96.64655,17.59058],[96.64637,17.59092],[96.64664,17.59092],[96.64673,17.59006],[96.647,17.58998],[96.64664,17.58981],[96.647,17.58921],[96.64753,17.58963],[96.64843,17.58912],[96.64843,17.58844],[96.64798,17.58809],[96.64789,17.58835],[96.64708,17.58835],[96.6461,17.58921],[96.64619,17.58706],[96.64673,17.58664],[96.64843,17.58647],[96.64861,17.58604],[96.64834,17.58621],[96.64852,17.58569],[96.64825,17.58552],[96.64789,17.58612],[96.6478,17.58578],[96.64726,17.58569],[96.64664,17.58587],[96.64655,17.58638],[96.64601,17.58647],[96.64628,17.58569],[96.64744,17.58535],[96.64771,17.58484],[96.64717,17.58475],[96.64735,17.5845],[96.64691,17.58424],[96.64637,17.58424],[96.64637,17.58398],[96.64673,17.58424],[96.64673,17.58347],[96.64628,17.58295],[96.6452,17.58278],[96.64502,17.58236],[96.64421,17.58278],[96.64412,17.58227],[96.64457,17.58236],[96.64439,17.58193],[96.64421,17.58218],[96.64367,17.58201],[96.64376,17.58227],[96.64304,17.5821],[96.64304,17.58167],[96.64358,17.58184],[96.64394,17.58167],[96.64385,17.58141],[96.64421,17.58167],[96.64412,17.58107],[96.64358,17.58124],[96.64241,17.58056],[96.64259,17.58107],[96.64196,17.5815],[96.64232,17.58167],[96.64241,17.58141],[96.64223,17.58201],[96.64286,17.58201],[96.64286,17.58244],[96.64349,17.58227],[96.64358,17.58287],[96.64313,17.58261],[96.6434,17.58364],[96.64214,17.5839],[96.64205,17.58424],[96.6417,17.58415],[96.64134,17.5845],[96.64116,17.58424],[96.64053,17.58441],[96.64053,17.58407],[96.63918,17.58398],[96.63927,17.58475],[96.639,17.5845],[96.63891,17.58501],[96.63945,17.58578],[96.63963,17.58552],[96.63927,17.58544],[96.63936,17.5851],[96.6399,17.58535],[96.6399,17.58492],[96.64098,17.5845],[96.64134,17.58467],[96.64143,17.58518],[96.64116,17.58527],[96.64152,17.58552],[96.64152,17.58647],[96.64214,17.58664],[96.64232,17.58732],[96.64259,17.58724],[96.64241,17.58698],[96.64277,17.58698],[96.6425,17.58664],[96.64304,17.58672],[96.64304,17.58638],[96.6434,17.58681],[96.64412,17.58638],[96.64412,17.58681],[96.64385,17.58724],[96.64286,17.58706],[96.64286,17.58732],[96.6425,17.58732],[96.6425,17.58801],[96.64232,17.58775],[96.6417,17.58784],[96.64223,17.58826],[96.64178,17.58861],[96.6425,17.58869],[96.64232,17.58921],[96.64223,17.58878],[96.64196,17.58886],[96.64196,17.58929],[96.64232,17.58929],[96.64196,17.58938],[96.64205,17.59015],[96.64241,17.58981],[96.64241,17.59032],[96.64196,17.59058],[96.64223,17.59083],[96.64178,17.59109],[96.64196,17.59083],[96.6417,17.59075],[96.6417,17.59109],[96.64134,17.59109],[96.6417,17.59135],[96.64161,17.59177],[96.64143,17.59143],[96.64116,17.59186],[96.64098,17.59152],[96.64053,17.59169],[96.64062,17.59195],[96.64017,17.59195],[96.64089,17.59229],[96.64107,17.59212],[96.6408,17.59195],[96.64116,17.59195],[96.64161,17.59272],[96.64196,17.59229],[96.64205,17.5928],[96.6417,17.59272],[96.64152,17.59306],[96.64205,17.59314],[96.64152,17.59314],[96.64116,17.59366],[96.64161,17.59392],[96.64152,17.59434],[96.64205,17.59426],[96.64205,17.59494],[96.64286,17.59494],[96.64241,17.59486],[96.64259,17.59451],[96.64304,17.59469],[96.64286,17.59511],[96.64322,17.59503],[96.64304,17.59434],[96.64349,17.59434],[96.64385,17.59443],[96.64376,17.59486],[96.64412,17.59477],[96.64394,17.5952],[96.64466,17.59494],[96.64439,17.59443],[96.64502,17.5946],[96.64547,17.594],[96.6452,17.59366],[96.64601,17.59323],[96.64619,17.59263],[96.64511,17.59237],[96.64538,17.5922],[96.64538,17.59212]]],[[[96.63568,17.59477],[96.63586,17.59494],[96.63559,17.5952],[96.63541,17.59426],[96.6355,17.59537],[96.63586,17.59546],[96.63604,17.59511],[96.63595,17.59554],[96.63631,17.5958],[96.63729,17.5952],[96.63675,17.59494],[96.63657,17.59537],[96.63657,17.59451],[96.63648,17.59477],[96.63604,17.59477],[96.63595,17.59434],[96.63568,17.59451],[96.63568,17.59477]]],[[[96.65786,17.59511],[96.6576,17.59469],[96.65813,17.59546],[96.65858,17.59554],[96.65876,17.5952],[96.65912,17.5958],[96.65948,17.59554],[96.65939,17.59486],[96.65885,17.59451],[96.65894,17.59409],[96.65858,17.59383],[96.65858,17.59426],[96.65849,17.59374],[96.65813,17.594],[96.65858,17.59357],[96.65822,17.5928],[96.65715,17.5928],[96.6576,17.59314],[96.65733,17.59332],[96.6576,17.59366],[96.65742,17.59417],[96.65697,17.59289],[96.6567,17.59297],[96.65643,17.59246],[96.65643,17.5928],[96.65616,17.59263],[96.65634,17.59383],[96.65661,17.59383],[96.65652,17.59426],[96.65679,17.59417],[96.65697,17.59563],[96.65742,17.59631],[96.65804,17.59588],[96.65769,17.59537],[96.65786,17.5952],[96.65786,17.59511]]],[[[96.82765,17.59725],[96.82774,17.5958],[96.82801,17.59571],[96.82711,17.59537],[96.82693,17.5958],[96.82729,17.59606],[96.82756,17.59725],[96.82765,17.59725]]],[[[96.65544,17.59289],[96.65517,17.5922],[96.65463,17.5922],[96.65499,17.59246],[96.65481,17.59297],[96.65517,17.5934],[96.65463,17.59349],[96.65481,17.59314],[96.65391,17.5928],[96.65463,17.59246],[96.65436,17.59237],[96.65454,17.59177],[96.65391,17.59203],[96.654,17.5916],[96.65337,17.59135],[96.65391,17.59263],[96.65292,17.59272],[96.65355,17.59357],[96.65265,17.59374],[96.65292,17.59434],[96.65239,17.59477],[96.65283,17.59529],[96.65364,17.59529],[96.654,17.59451],[96.65373,17.59417],[96.65391,17.59349],[96.65418,17.5934],[96.65436,17.594],[96.654,17.59409],[96.65427,17.59426],[96.6549,17.59366],[96.65517,17.59417],[96.65481,17.59434],[96.65517,17.59451],[96.65481,17.59503],[96.65472,17.59443],[96.65463,17.5952],[96.65499,17.59546],[96.65463,17.59563],[96.65436,17.59537],[96.65427,17.59588],[96.65553,17.59631],[96.65571,17.59606],[96.65544,17.59614],[96.65544,17.59588],[96.65571,17.59597],[96.65616,17.59674],[96.65553,17.59666],[96.65553,17.59734],[96.65607,17.59751],[96.65625,17.59708],[96.65598,17.59691],[96.65643,17.597],[96.65625,17.59648],[96.65679,17.59666],[96.65679,17.59623],[96.65643,17.59563],[96.65625,17.59614],[96.65625,17.59563],[96.65589,17.59546],[96.65598,17.59503],[96.65625,17.59546],[96.65652,17.59537],[96.65652,17.59486],[96.65625,17.59486],[96.65616,17.59366],[96.65553,17.59289],[96.65544,17.59289]]],[[[96.65733,17.59768],[96.65777,17.59743],[96.65777,17.597],[96.65831,17.597],[96.65795,17.59674],[96.65652,17.59683],[96.65652,17.59751],[96.65706,17.59743],[96.65706,17.59768],[96.65733,17.59768]]],[[[96.8263,17.5976],[96.82666,17.59777],[96.82576,17.59777],[96.82558,17.59725],[96.82522,17.59751],[96.82531,17.59666],[96.82486,17.59666],[96.82504,17.59631],[96.82441,17.59683],[96.82513,17.59734],[96.82531,17.59803],[96.82558,17.59785],[96.82549,17.5982],[96.82711,17.59768],[96.82657,17.59743],[96.82639,17.59691],[96.8263,17.59751],[96.8263,17.5976]]],[[[96.64592,17.59888],[96.64619,17.59854],[96.64601,17.59794],[96.64637,17.59794],[96.64673,17.59657],[96.64556,17.59623],[96.64484,17.59708],[96.64502,17.59785],[96.64448,17.5982],[96.64484,17.59837],[96.64475,17.5988],[96.64601,17.59888],[96.64592,17.59888]]],[[[96.82738,17.59931],[96.82738,17.59837],[96.82693,17.5982],[96.82675,17.59854],[96.82711,17.59931],[96.82738,17.59931]]],[[[96.63541,17.59965],[96.63613,17.59948],[96.63613,17.59897],[96.63541,17.5988],[96.63523,17.59837],[96.63505,17.59871],[96.63532,17.59871],[96.63514,17.59897],[96.63541,17.59922],[96.63487,17.59931],[96.63532,17.5994],[96.63532,17.59965],[96.63541,17.59965]]],[[[96.68185,17.59922],[96.68167,17.5994],[96.68185,17.59914],[96.68059,17.59888],[96.67996,17.59931],[96.68077,17.59931],[96.68122,17.59965],[96.68122,17.5994],[96.68167,17.59957],[96.68203,17.59922],[96.68185,17.59922]]],[[[96.63774,17.5994],[96.63738,17.5994],[96.63738,17.59914],[96.63801,17.59965],[96.63819,17.59922],[96.63855,17.59931],[96.63792,17.59897],[96.63783,17.59854],[96.63756,17.59854],[96.63756,17.59905],[96.63702,17.59854],[96.63693,17.59914],[96.63729,17.59974],[96.63774,17.59948],[96.63774,17.5994]]],[[[96.65041,17.59888],[96.64996,17.59931],[96.65095,17.59974],[96.65113,17.59922],[96.65059,17.59888],[96.65041,17.59888]]],[[[96.69353,17.59974],[96.69434,17.59897],[96.69407,17.59854],[96.69452,17.59871],[96.69461,17.59845],[96.6938,17.59811],[96.6929,17.59948],[96.69245,17.59948],[96.69227,17.59914],[96.69236,17.59965],[96.69308,17.59957],[96.69353,17.59991],[96.69353,17.59974]]],[[[96.64026,17.59862],[96.64008,17.59897],[96.64026,17.5994],[96.64053,17.59931],[96.64026,17.59974],[96.64116,17.59965],[96.6417,17.60025],[96.64205,17.59811],[96.64017,17.59811],[96.63999,17.59837],[96.64026,17.59845],[96.64026,17.59862]]],[[[96.68652,17.60025],[96.68607,17.59982],[96.68634,17.59982],[96.68634,17.59922],[96.68679,17.59931],[96.68679,17.59905],[96.68616,17.5988],[96.68607,17.59914],[96.6858,17.59905],[96.68598,17.59854],[96.68571,17.59837],[96.68562,17.59914],[96.68607,17.59922],[96.6858,17.60017],[96.68661,17.60025],[96.68652,17.60025]]],[[[96.69676,17.59991],[96.69703,17.59982],[96.69676,17.59991],[96.69703,17.60008],[96.69685,17.60042],[96.69748,17.60051],[96.6973,17.59931],[96.69757,17.59897],[96.69676,17.59888],[96.69703,17.59974],[96.69658,17.59965],[96.69658,17.59931],[96.69631,17.59965],[96.69667,17.5988],[96.69622,17.59888],[96.69622,17.59828],[96.69532,17.59811],[96.69523,17.59854],[96.69595,17.59854],[96.69586,17.59905],[96.69622,17.59922],[96.69622,17.59965],[96.69586,17.59948],[96.69559,17.6],[96.69568,17.60034],[96.69649,17.60034],[96.69667,17.59991],[96.69676,17.59991]]],[[[96.68401,17.59982],[96.68428,17.59982],[96.68428,17.5994],[96.68374,17.59965],[96.68284,17.59931],[96.68302,17.59974],[96.68356,17.59982],[96.68356,17.60034],[96.68428,17.60059],[96.68437,17.60008],[96.68401,17.6],[96.68401,17.59982]]],[[[96.63738,17.59974],[96.63693,17.59982],[96.63666,17.59922],[96.63693,17.60034],[96.63747,17.60042],[96.63765,17.60077],[96.63747,17.59974],[96.63738,17.59974]]],[[[96.69425,17.6],[96.6938,17.59991],[96.69353,17.60042],[96.69308,17.60051],[96.69353,17.60051],[96.69353,17.60085],[96.69308,17.60094],[96.69407,17.60085],[96.69425,17.60017],[96.69452,17.60059],[96.69541,17.60042],[96.69568,17.59922],[96.69497,17.59965],[96.69443,17.5994],[96.69461,17.59991],[96.69425,17.59991],[96.69425,17.6]]],[[[96.66406,17.6],[96.66388,17.59948],[96.66316,17.59922],[96.66325,17.59991],[96.66299,17.59974],[96.66263,17.60008],[96.66281,17.60068],[96.66343,17.60111],[96.66343,17.60068],[96.66388,17.60059],[96.66334,17.60051],[96.66325,17.60008],[96.66361,17.60034],[96.66352,17.60008],[96.66406,17.60025],[96.66415,17.6],[96.66406,17.6]]],[[[96.65032,17.59897],[96.6505,17.59837],[96.64996,17.59803],[96.64906,17.5982],[96.64915,17.59871],[96.64861,17.59888],[96.6487,17.59931],[96.64906,17.59914],[96.64897,17.59888],[96.64924,17.59905],[96.64888,17.59948],[96.64915,17.59948],[96.64879,17.60025],[96.64897,17.60059],[96.64852,17.6],[96.64798,17.60025],[96.64798,17.59982],[96.64771,17.59982],[96.64735,17.60077],[96.6478,17.60111],[96.64879,17.60119],[96.64879,17.60094],[96.64942,17.60111],[96.64969,17.60068],[96.64951,17.60145],[96.64987,17.60145],[96.64987,17.60102],[96.64996,17.60154],[96.65032,17.60137],[96.65059,17.60171],[96.65077,17.60077],[96.65005,17.60085],[96.64933,17.60042],[96.64996,17.59965],[96.64978,17.59897],[96.65032,17.59897]]],[[[96.67071,17.60085],[96.67116,17.60085],[96.67116,17.60059],[96.67062,17.60068],[96.67053,17.60034],[96.6699,17.60008],[96.66999,17.5988],[96.6699,17.59905],[96.66945,17.59897],[96.66927,17.59828],[96.66954,17.5982],[96.66972,17.5988],[96.67008,17.59837],[96.66981,17.59845],[96.66936,17.59777],[96.66909,17.59862],[96.66936,17.59974],[96.66963,17.59965],[96.66945,17.60085],[96.66972,17.60085],[96.66999,17.60154],[96.67044,17.60162],[96.67044,17.60196],[96.67062,17.60154],[96.67116,17.60145],[96.67071,17.60094],[96.67071,17.60085]]],[[[96.66415,17.60205],[96.66514,17.60162],[96.66424,17.60162],[96.66442,17.60119],[96.66406,17.60102],[96.66379,17.60179],[96.66406,17.60205],[96.66415,17.60205]]],[[[96.69631,17.60231],[96.69631,17.60196],[96.69685,17.60171],[96.69667,17.60137],[96.69631,17.60162],[96.69685,17.60111],[96.69667,17.60068],[96.69631,17.60077],[96.69622,17.60119],[96.69586,17.60094],[96.69595,17.60119],[96.69532,17.60128],[96.69532,17.60196],[96.69568,17.60179],[96.69604,17.60231],[96.69631,17.60231]]],[[[96.83052,17.60274],[96.83097,17.60222],[96.83232,17.60239],[96.83277,17.60205],[96.83133,17.60171],[96.8307,17.60188],[96.8307,17.60119],[96.83043,17.60111],[96.83061,17.60162],[96.82989,17.60154],[96.82971,17.60188],[96.83034,17.60205],[96.83016,17.60265],[96.83061,17.60274],[96.83052,17.60274]]],[[[96.65239,17.60188],[96.65274,17.59982],[96.6523,17.59991],[96.65221,17.5994],[96.65256,17.59922],[96.65283,17.59948],[96.65292,17.59914],[96.65247,17.59871],[96.65185,17.59965],[96.65185,17.6],[96.65239,17.60034],[96.65176,17.60034],[96.65176,17.60094],[96.65122,17.60119],[96.65194,17.60145],[96.65149,17.60162],[96.65113,17.60128],[96.6514,17.60188],[96.65086,17.60231],[96.64996,17.60205],[96.64933,17.60231],[96.64996,17.60256],[96.65104,17.60231],[96.65095,17.60265],[96.65122,17.60248],[96.65149,17.60274],[96.65167,17.60248],[96.65167,17.60291],[96.65221,17.60308],[96.65239,17.60248],[96.65239,17.60188]]],[[[96.65526,17.60162],[96.65472,17.60188],[96.65472,17.60145],[96.65436,17.60145],[96.65445,17.60222],[96.65418,17.60239],[96.6549,17.60265],[96.65508,17.60316],[96.65535,17.60316],[96.65562,17.60231],[96.65562,17.60316],[96.65607,17.60308],[96.65607,17.60282],[96.65688,17.60308],[96.6576,17.60248],[96.65769,17.60205],[96.65715,17.60205],[96.65706,17.60171],[96.65643,17.60188],[96.65589,17.60145],[96.65544,17.60188],[96.65553,17.60145],[96.65526,17.60145],[96.65526,17.60162]]],[[[96.6531,17.60068],[96.65283,17.60059],[96.65283,17.60222],[96.65247,17.60265],[96.65274,17.60291],[96.65239,17.60291],[96.65274,17.60325],[96.6531,17.60325],[96.65292,17.60299],[96.65346,17.60222],[96.65418,17.60214],[96.65391,17.60145],[96.65328,17.60154],[96.65364,17.60119],[96.65373,17.60042],[96.65364,17.60008],[96.65337,17.60025],[96.65337,17.59974],[96.65373,17.6],[96.65391,17.59965],[96.65328,17.59948],[96.65319,17.60017],[96.65292,17.60017],[96.6531,17.60059],[96.6531,17.60068]]],[[[96.66559,17.60299],[96.66559,17.60333],[96.66667,17.60342],[96.66667,17.60291],[96.66631,17.60265],[96.6655,17.60274],[96.66523,17.60316],[96.6655,17.60299],[96.66559,17.60299]]],[[[96.63918,17.60299],[96.63927,17.60274],[96.63873,17.60265],[96.63882,17.60291],[96.63819,17.60291],[96.63855,17.60214],[96.63801,17.60256],[96.63783,17.60214],[96.63756,17.60265],[96.63783,17.60299],[96.6381,17.60274],[96.63801,17.60299],[96.63864,17.60351],[96.639,17.60351],[96.639,17.60299],[96.63918,17.60299]]],[[[96.6434,17.60239],[96.64322,17.60222],[96.64376,17.60248],[96.64385,17.60171],[96.64286,17.60145],[96.64268,17.60171],[96.64304,17.60188],[96.6425,17.60171],[96.64259,17.60205],[96.64232,17.60205],[96.64232,17.60145],[96.64196,17.60154],[96.64214,17.60231],[96.64187,17.60222],[96.64187,17.60291],[96.64223,17.60299],[96.64223,17.60351],[96.64232,17.60316],[96.64376,17.60342],[96.64367,17.60265],[96.6434,17.60256],[96.6434,17.60239]]],[[[96.6478,17.60342],[96.64798,17.60308],[96.64762,17.60265],[96.64807,17.60239],[96.64852,17.60274],[96.64861,17.60239],[96.64798,17.60205],[96.64717,17.60231],[96.64726,17.60196],[96.647,17.60205],[96.64673,17.60291],[96.64726,17.60299],[96.64735,17.60351],[96.6478,17.60316],[96.6478,17.60342]]],[[[96.6443,17.60351],[96.64412,17.60291],[96.64457,17.60359],[96.64439,17.60291],[96.64493,17.60256],[96.64484,17.60308],[96.6452,17.60316],[96.64538,17.60188],[96.64448,17.60179],[96.64475,17.60137],[96.64529,17.60154],[96.64529,17.60119],[96.64484,17.60102],[96.64448,17.60128],[96.64457,17.60102],[96.64412,17.60094],[96.64394,17.60137],[96.6443,17.60137],[96.6443,17.60162],[96.64403,17.60171],[96.64421,17.60196],[96.64385,17.60325],[96.6443,17.60368],[96.6443,17.60351]]],[[[96.69191,17.60419],[96.69173,17.60351],[96.69218,17.60316],[96.69119,17.60299],[96.69164,17.60342],[96.6911,17.60351],[96.69101,17.60402],[96.69137,17.60419],[96.69164,17.60393],[96.69182,17.60419],[96.69191,17.60419]]],[[[96.65975,17.60505],[96.66002,17.60419],[96.66074,17.60453],[96.66074,17.60385],[96.66011,17.60359],[96.65984,17.60436],[96.65948,17.60428],[96.65966,17.60385],[96.65939,17.60385],[96.6593,17.60436],[96.65984,17.6047],[96.65939,17.60488],[96.65957,17.60505],[96.65975,17.60505]]],[[[96.70197,17.60453],[96.70179,17.60436],[96.70251,17.60445],[96.70233,17.60402],[96.70305,17.60385],[96.70323,17.60325],[96.70359,17.60351],[96.70341,17.60265],[96.70386,17.60256],[96.70368,17.60214],[96.70341,17.60214],[96.70341,17.60248],[96.70305,17.60239],[96.70323,17.60282],[96.7026,17.60308],[96.70071,17.60265],[96.70071,17.60376],[96.70125,17.60359],[96.70071,17.60411],[96.70036,17.60376],[96.6991,17.60376],[96.69901,17.60402],[96.69928,17.60436],[96.69937,17.60402],[96.69982,17.60393],[96.7,17.60505],[96.70053,17.60496],[96.70053,17.60453],[96.70089,17.60505],[96.70116,17.60479],[96.70179,17.60505],[96.70197,17.60462],[96.70197,17.60453]]],[[[96.73386,17.60411],[96.73449,17.60402],[96.73512,17.60342],[96.73575,17.60393],[96.73566,17.60359],[96.73602,17.60308],[96.73629,17.60316],[96.73593,17.60265],[96.73647,17.60239],[96.73611,17.60231],[96.7362,17.60196],[96.73566,17.60205],[96.73575,17.60154],[96.7353,17.60128],[96.73557,17.60077],[96.73476,17.60025],[96.73422,17.60059],[96.73377,17.60179],[96.7335,17.60179],[96.7335,17.60239],[96.73314,17.60239],[96.73323,17.60282],[96.73234,17.60351],[96.73251,17.60385],[96.73207,17.60402],[96.7318,17.60488],[96.73225,17.60539],[96.73305,17.60548],[96.73332,17.60522],[96.73305,17.6047],[96.7335,17.60462],[96.73359,17.60419],[96.73386,17.60428],[96.73386,17.60411]]],[[[96.71167,17.6047],[96.7114,17.60436],[96.71149,17.60488],[96.71113,17.60513],[96.7106,17.60479],[96.71051,17.6053],[96.71131,17.60522],[96.71122,17.60556],[96.71158,17.60556],[96.71185,17.6053],[96.71176,17.6047],[96.71167,17.6047]]],[[[96.69227,17.60496],[96.692,17.60479],[96.69191,17.60599],[96.6929,17.60599],[96.69317,17.60462],[96.69281,17.60479],[96.69209,17.60428],[96.69263,17.60488],[96.69227,17.60479],[96.69227,17.60496]]],[[[96.69721,17.60616],[96.69739,17.6059],[96.69694,17.60539],[96.6964,17.60573],[96.69595,17.60522],[96.69532,17.60522],[96.69577,17.60573],[96.69712,17.60616],[96.69721,17.60616]]],[[[96.83115,17.60625],[96.83142,17.60616],[96.83115,17.60565],[96.83151,17.60513],[96.83142,17.6047],[96.83097,17.60505],[96.83025,17.60505],[96.83106,17.60625],[96.83115,17.60625]]],[[[96.68266,17.60351],[96.68014,17.60342],[96.68095,17.60308],[96.68239,17.60325],[96.68257,17.60265],[96.68194,17.60248],[96.68185,17.60299],[96.68131,17.60299],[96.68122,17.60239],[96.68194,17.60222],[96.68275,17.60248],[96.68275,17.60196],[96.68302,17.60196],[96.68257,17.60351],[96.68392,17.60368],[96.68374,17.60188],[96.68221,17.60137],[96.68185,17.60214],[96.68122,17.60196],[96.68095,17.60145],[96.68122,17.60111],[96.68176,17.60111],[96.6814,17.60137],[96.6814,17.60179],[96.68176,17.60179],[96.68203,17.60119],[96.68248,17.60128],[96.68248,17.60068],[96.68212,17.60059],[96.6823,17.60102],[96.68185,17.60102],[96.68203,17.60042],[96.6805,17.60017],[96.68014,17.60051],[96.67996,17.60008],[96.68014,17.60094],[96.68077,17.60102],[96.68068,17.60128],[96.68023,17.60137],[96.67951,17.60077],[96.67907,17.60145],[96.67853,17.60111],[96.67853,17.60154],[96.67915,17.60154],[96.67889,17.60179],[96.67969,17.60239],[96.68005,17.60385],[96.68059,17.60402],[96.68059,17.60445],[96.68095,17.60428],[96.68104,17.6047],[96.68158,17.60453],[96.68131,17.60496],[96.68086,17.6047],[96.68059,17.60488],[96.68068,17.60565],[96.68194,17.60565],[96.68149,17.60582],[96.6814,17.60642],[96.68275,17.60625],[96.68347,17.60548],[96.68356,17.60428],[96.68329,17.60445],[96.68311,17.60419],[96.68365,17.60393],[96.68302,17.60393],[96.68275,17.60351],[96.68266,17.60351]]],[[[96.69443,17.60565],[96.69398,17.60573],[96.69443,17.60548],[96.6938,17.6053],[96.69398,17.60548],[96.69335,17.60599],[96.69344,17.60633],[96.69389,17.60573],[96.6938,17.60642],[96.69443,17.60659],[96.69452,17.60565],[96.69443,17.60565]]],[[[96.69973,17.60676],[96.69973,17.60633],[96.69919,17.60659],[96.6991,17.60625],[96.69883,17.60642],[96.69856,17.60556],[96.69784,17.60582],[96.69811,17.60659],[96.69964,17.60676],[96.69973,17.60676]]],[[[96.65499,17.60702],[96.65517,17.60642],[96.6558,17.60616],[96.65544,17.60607],[96.65571,17.60522],[96.65544,17.60522],[96.65454,17.60676],[96.6549,17.60702],[96.65499,17.60702]]],[[[96.69506,17.60616],[96.69488,17.60599],[96.69523,17.60607],[96.69514,17.60565],[96.6947,17.60582],[96.69461,17.6065],[96.69488,17.60685],[96.69586,17.60693],[96.69506,17.60625],[96.69506,17.60616]]],[[[96.6487,17.60479],[96.64852,17.60505],[96.64834,17.60453],[96.64861,17.60419],[96.64852,17.6047],[96.64897,17.6047],[96.64879,17.60402],[96.64906,17.60393],[96.6487,17.60299],[96.64843,17.60351],[96.64798,17.60325],[96.64798,17.60351],[96.647,17.60393],[96.64691,17.60333],[96.64717,17.60325],[96.64682,17.60291],[96.64646,17.60419],[96.64664,17.60385],[96.64726,17.60419],[96.64673,17.60411],[96.64664,17.60436],[96.647,17.6047],[96.64682,17.60573],[96.64744,17.60573],[96.64691,17.60633],[96.64708,17.60667],[96.64682,17.60702],[96.64771,17.60659],[96.64807,17.6071],[96.64771,17.60633],[96.64789,17.60599],[96.64825,17.60616],[96.64807,17.60539],[96.64888,17.60539],[96.6487,17.60513],[96.6487,17.60479]]],[[[96.69137,17.6071],[96.69182,17.60719],[96.69191,17.60667],[96.69092,17.60685],[96.69074,17.60659],[96.69074,17.60685],[96.6902,17.60702],[96.69029,17.60744],[96.69128,17.6071],[96.69137,17.6071]]],[[[96.6947,17.60787],[96.69532,17.60744],[96.69568,17.60779],[96.69604,17.60762],[96.69461,17.60693],[96.69488,17.60744],[96.69461,17.60787],[96.6947,17.60787]]],[[[96.70601,17.60685],[96.70539,17.60685],[96.70512,17.60762],[96.70494,17.6071],[96.70467,17.6071],[96.70458,17.60779],[96.70521,17.60779],[96.70583,17.6071],[96.70557,17.60762],[96.70592,17.60796],[96.70619,17.60744],[96.70601,17.60693],[96.70601,17.60685]]],[[[96.70682,17.6083],[96.70664,17.60813],[96.707,17.6083],[96.707,17.60804],[96.70781,17.60779],[96.70835,17.60796],[96.70835,17.6077],[96.71024,17.60762],[96.71015,17.60727],[96.71122,17.60762],[96.71096,17.60719],[96.71113,17.60667],[96.71078,17.60702],[96.71042,17.60667],[96.71024,17.60693],[96.70997,17.60676],[96.71015,17.60642],[96.71069,17.60659],[96.71078,17.60616],[96.71113,17.6065],[96.71131,17.60582],[96.71042,17.6059],[96.71051,17.6053],[96.71006,17.60548],[96.70943,17.60522],[96.70907,17.60582],[96.70907,17.60548],[96.70835,17.60522],[96.70925,17.60522],[96.70952,17.60488],[96.70826,17.6047],[96.70799,17.60496],[96.70808,17.60548],[96.70727,17.60548],[96.7079,17.60488],[96.70745,17.60513],[96.70709,17.60488],[96.70709,17.60548],[96.70655,17.60505],[96.70673,17.60573],[96.70637,17.60625],[96.70673,17.60633],[96.70628,17.6065],[96.70646,17.60462],[96.70619,17.60453],[96.70557,17.60522],[96.70583,17.60453],[96.70548,17.60402],[96.70575,17.60376],[96.70494,17.60368],[96.70539,17.60385],[96.70503,17.60462],[96.70539,17.60479],[96.70548,17.6053],[96.70521,17.6059],[96.7061,17.60633],[96.70548,17.60633],[96.70566,17.60685],[96.70637,17.60659],[96.70673,17.60693],[96.70691,17.60573],[96.70718,17.60599],[96.70745,17.60556],[96.70763,17.60582],[96.70772,17.60556],[96.70817,17.60556],[96.70799,17.60582],[96.7088,17.60582],[96.70898,17.60556],[96.70862,17.6065],[96.70826,17.60599],[96.70781,17.60607],[96.70781,17.60667],[96.70763,17.60616],[96.70709,17.60616],[96.70754,17.6065],[96.70727,17.60685],[96.7079,17.60693],[96.7079,17.60719],[96.70736,17.60727],[96.707,17.60676],[96.707,17.60727],[96.70628,17.60762],[96.70619,17.60804],[96.70637,17.6083],[96.70664,17.6077],[96.70682,17.60804],[96.70646,17.60821],[96.70682,17.60839],[96.70682,17.6083]]],[[[96.69326,17.60821],[96.69335,17.6077],[96.69254,17.6077],[96.69254,17.60864],[96.69335,17.60856],[96.69335,17.60821],[96.69326,17.60821]]],[[[96.70089,17.60796],[96.70125,17.60847],[96.70161,17.6083],[96.70152,17.60856],[96.70224,17.60864],[96.70224,17.60796],[96.7026,17.60821],[96.7026,17.60727],[96.70197,17.60779],[96.7017,17.60779],[96.70197,17.60744],[96.70143,17.60727],[96.70143,17.60779],[96.70107,17.60796],[96.70089,17.60796]]],[[[96.66873,17.60941],[96.66873,17.60916],[96.66927,17.60916],[96.66918,17.60864],[96.66882,17.60873],[96.66891,17.60899],[96.66757,17.60899],[96.66766,17.60924],[96.66864,17.60941],[96.66873,17.60941]]],[[[96.71122,17.60839],[96.71087,17.60856],[96.71078,17.6083],[96.71194,17.6083],[96.71212,17.60847],[96.71176,17.60864],[96.71275,17.60873],[96.7123,17.60856],[96.71257,17.6083],[96.71185,17.60821],[96.71167,17.60787],[96.71149,17.60813],[96.71087,17.60787],[96.71006,17.60839],[96.70943,17.60796],[96.70952,17.60847],[96.70925,17.60847],[96.70943,17.60813],[96.70844,17.60804],[96.70799,17.6083],[96.70826,17.60907],[96.70772,17.60856],[96.70709,17.6089],[96.70772,17.6089],[96.7079,17.60941],[96.70871,17.60907],[96.70925,17.6095],[96.70988,17.60856],[96.71033,17.60864],[96.71051,17.60839],[96.7106,17.60873],[96.71105,17.60881],[96.71122,17.60847],[96.71122,17.60839]]],[[[96.81327,17.60924],[96.81345,17.6095],[96.8148,17.60813],[96.81363,17.60873],[96.81309,17.60864],[96.81309,17.60924],[96.81327,17.60924]]],[[[96.81408,17.61027],[96.81507,17.60958],[96.81507,17.60856],[96.81372,17.60941],[96.8139,17.61027],[96.81408,17.61027]]],[[[96.68661,17.6107],[96.68634,17.61018],[96.68688,17.6101],[96.68706,17.61053],[96.68751,17.61053],[96.68742,17.60976],[96.68598,17.6101],[96.68607,17.61078],[96.6867,17.6107],[96.68661,17.6107]]],[[[96.69775,17.6107],[96.69784,17.61044],[96.69712,17.61044],[96.69685,17.60993],[96.69622,17.6101],[96.69694,17.61061],[96.69676,17.61095],[96.69712,17.61104],[96.69739,17.6107],[96.69748,17.61104],[96.69793,17.61104],[96.69793,17.6107],[96.69775,17.6107]]],[[[96.69928,17.61104],[96.69937,17.61027],[96.69856,17.60984],[96.69865,17.61044],[96.6991,17.61044],[96.69892,17.61104],[96.69946,17.61104],[96.69928,17.61104]]],[[[96.70125,17.60958],[96.70098,17.60958],[96.70125,17.60958],[96.70125,17.60907],[96.7,17.60924],[96.7,17.60864],[96.69973,17.60856],[96.70009,17.60864],[96.70009,17.60762],[96.70044,17.6077],[96.70027,17.60847],[96.70053,17.60839],[96.70116,17.60719],[96.70036,17.60702],[96.70044,17.60744],[96.69973,17.60702],[96.6991,17.60719],[96.69946,17.60873],[96.6991,17.60916],[96.69883,17.60907],[96.6991,17.60899],[96.69883,17.60779],[96.69865,17.60821],[96.69829,17.60821],[96.69856,17.60804],[96.69838,17.60736],[96.69793,17.6077],[96.69784,17.60693],[96.69739,17.60693],[96.69748,17.60667],[96.69694,17.60633],[96.69649,17.60667],[96.69658,17.60702],[96.69694,17.60685],[96.69649,17.60736],[96.69703,17.60736],[96.69739,17.60847],[96.69721,17.60873],[96.69802,17.60873],[96.69766,17.6089],[96.69793,17.60916],[96.69775,17.60976],[96.69874,17.60967],[96.69874,17.60941],[96.6982,17.60941],[96.69856,17.60873],[96.6991,17.60958],[96.69955,17.60924],[96.69964,17.61095],[96.70009,17.61095],[96.69982,17.61113],[96.69991,17.6119],[96.69991,17.61138],[96.70036,17.61147],[96.70062,17.61087],[96.70098,17.61113],[96.70062,17.61164],[96.70125,17.61155],[96.70098,17.61147],[96.70098,17.61087],[96.70125,17.61078],[96.70107,17.61044],[96.70152,17.6101],[96.70125,17.60993],[96.70152,17.60958],[96.70125,17.60958]]],[[[96.81579,17.61138],[96.81543,17.61138],[96.81552,17.61104],[96.81597,17.61147],[96.81615,17.61104],[96.81543,17.60984],[96.81435,17.61036],[96.81435,17.61078],[96.8139,17.61053],[96.81354,17.61087],[96.81435,17.61198],[96.81579,17.61155],[96.81579,17.61138]]],[[[96.70835,17.6119],[96.7088,17.6113],[96.70826,17.6113],[96.70817,17.61207],[96.70754,17.6125],[96.7079,17.61267],[96.7079,17.61318],[96.70826,17.6131],[96.70781,17.6125],[96.70799,17.61232],[96.70835,17.61232],[96.70826,17.61267],[96.70853,17.61258],[96.70835,17.61284],[96.70862,17.61292],[96.70961,17.61284],[96.70889,17.61267],[96.70934,17.61241],[96.70925,17.6119],[96.7088,17.61181],[96.7088,17.61215],[96.70853,17.6119],[96.70835,17.6119]]],[[[96.68975,17.61258],[96.68975,17.61292],[96.6902,17.61292],[96.69038,17.61181],[96.68958,17.61155],[96.68958,17.61121],[96.68949,17.61147],[96.68922,17.6113],[96.6902,17.61061],[96.68993,17.6101],[96.68958,17.61018],[96.68967,17.60984],[96.68949,17.6101],[96.68904,17.61001],[96.68922,17.61053],[96.68877,17.61061],[96.68859,17.61138],[96.68823,17.61095],[96.68787,17.61113],[96.68832,17.61155],[96.68841,17.61224],[96.68814,17.61181],[96.68769,17.61181],[96.68796,17.61173],[96.68787,17.6113],[96.68652,17.61224],[96.68697,17.61301],[96.68751,17.61292],[96.68733,17.61258],[96.68841,17.61241],[96.6885,17.61275],[96.68877,17.61267],[96.68877,17.61335],[96.68895,17.61292],[96.68958,17.61292],[96.68904,17.61258],[96.68958,17.61258],[96.68975,17.61258]]],[[[96.66712,17.61369],[96.66793,17.61198],[96.66559,17.61181],[96.66604,17.61207],[96.66613,17.61267],[96.6673,17.61215],[96.6673,17.61292],[96.66649,17.61292],[96.66649,17.61327],[96.66694,17.61318],[96.66694,17.61369],[96.66712,17.61369]]],[[[96.68895,17.61335],[96.68868,17.61344],[96.68895,17.61472],[96.68975,17.61464],[96.68967,17.61429],[96.68931,17.61438],[96.68949,17.61404],[96.68904,17.61378],[96.68904,17.61335],[96.68895,17.61335]]],[[[96.68401,17.61352],[96.68481,17.61352],[96.68428,17.61369],[96.68428,17.61421],[96.68481,17.61404],[96.68481,17.61378],[96.68517,17.61404],[96.68454,17.61429],[96.68454,17.61472],[96.68535,17.61464],[96.68535,17.61369],[96.68499,17.61352],[96.68544,17.61327],[96.68499,17.61301],[96.68562,17.61301],[96.6858,17.61241],[96.68526,17.61258],[96.68499,17.61224],[96.68499,17.61267],[96.68463,17.61258],[96.68472,17.6119],[96.68428,17.61164],[96.68437,17.61275],[96.68401,17.61301],[96.68383,17.6125],[96.6841,17.61318],[96.68365,17.61327],[96.6841,17.61455],[96.68374,17.61464],[96.68374,17.61429],[96.68347,17.61429],[96.68365,17.61472],[96.68311,17.61464],[96.68329,17.61515],[96.68374,17.61506],[96.68383,17.61472],[96.68437,17.61481],[96.68401,17.61387],[96.68401,17.61352]]],[[[96.68221,17.61549],[96.68284,17.61489],[96.68248,17.61472],[96.68257,17.61498],[96.68221,17.61506],[96.68203,17.61455],[96.68284,17.61447],[96.68158,17.61361],[96.68212,17.61549],[96.68221,17.61549]]],[[[96.67269,17.61584],[96.67269,17.61549],[96.67197,17.61506],[96.67242,17.61455],[96.6726,17.61524],[96.67269,17.61421],[96.6717,17.61387],[96.67152,17.61429],[96.67206,17.61421],[96.67206,17.61447],[96.67134,17.61447],[96.67152,17.61489],[96.67125,17.61498],[96.6717,17.61481],[96.6717,17.61532],[96.67251,17.61584],[96.67269,17.61584]]],[[[96.67781,17.61729],[96.67772,17.61703],[96.67799,17.61712],[96.6779,17.61746],[96.67835,17.61695],[96.67826,17.61738],[96.67871,17.61755],[96.67924,17.61712],[96.67915,17.61678],[96.67871,17.61712],[96.67844,17.61712],[96.67862,17.61669],[96.67772,17.61686],[96.67736,17.61626],[96.677,17.61626],[96.67754,17.61678],[96.67745,17.61738],[96.67772,17.61729],[96.67781,17.61729]]],[[[96.66613,17.61763],[96.66559,17.61729],[96.66676,17.6178],[96.66595,17.61678],[96.66577,17.61695],[96.66568,17.61609],[96.66541,17.61584],[96.66523,17.61601],[96.66541,17.61344],[96.66514,17.61292],[96.66415,17.61284],[96.66406,17.61215],[96.66433,17.61215],[96.66433,17.61267],[96.66505,17.61275],[96.66478,17.6119],[96.66523,17.61181],[96.66514,17.61138],[96.6664,17.61027],[96.66631,17.60993],[96.66766,17.60821],[96.66802,17.60813],[96.66802,17.6077],[96.66748,17.6077],[96.66685,17.60633],[96.66649,17.60693],[96.6664,17.60633],[96.66532,17.60633],[96.6646,17.60693],[96.66442,17.60659],[96.66415,17.60667],[96.66433,17.60702],[96.66361,17.60727],[96.66361,17.6077],[96.66397,17.60762],[96.66388,17.60727],[96.66433,17.60744],[96.66397,17.60779],[96.66406,17.60821],[96.66352,17.60796],[96.66334,17.60727],[96.66254,17.60753],[96.66254,17.6071],[96.66209,17.6077],[96.66173,17.60702],[96.66164,17.60779],[96.66191,17.60762],[96.66236,17.60804],[96.6629,17.6077],[96.6629,17.60804],[96.66227,17.6083],[96.66182,17.60899],[96.66218,17.60899],[96.6629,17.60821],[96.66352,17.60821],[96.66334,17.60907],[96.66299,17.60899],[96.6629,17.60924],[96.66325,17.60924],[96.66325,17.60958],[96.66496,17.60941],[96.66496,17.60967],[96.66388,17.60976],[96.66433,17.61027],[96.66406,17.6107],[96.66343,17.61018],[96.6637,17.60976],[96.66281,17.60984],[96.66281,17.60873],[96.66236,17.60873],[96.66254,17.60916],[96.66209,17.60924],[96.662,17.61018],[96.66173,17.61018],[96.66182,17.60958],[96.66146,17.6095],[96.66146,17.61001],[96.66146,17.60941],[96.66083,17.60941],[96.66083,17.60984],[96.66137,17.60993],[96.6611,17.61018],[96.66164,17.61027],[96.66155,17.61095],[96.66119,17.61113],[96.6611,17.61044],[96.66083,17.61113],[96.66191,17.61164],[96.66218,17.61155],[96.66227,17.60993],[96.66281,17.61001],[96.66281,17.61027],[96.66245,17.61018],[96.66263,17.61044],[96.66236,17.6107],[96.66227,17.6119],[96.66101,17.61155],[96.66119,17.61198],[96.66191,17.6119],[96.66173,17.61241],[96.66218,17.61258],[96.66218,17.61318],[96.66191,17.61335],[96.66173,17.6125],[96.66119,17.6125],[96.6611,17.61292],[96.66083,17.61292],[96.6611,17.61395],[96.66056,17.61404],[96.66056,17.61429],[96.66128,17.61438],[96.66128,17.61506],[96.66083,17.61498],[96.66092,17.61549],[96.66119,17.61575],[96.66155,17.61558],[96.66146,17.61601],[96.66227,17.61575],[96.66218,17.61609],[96.66245,17.61618],[96.66254,17.61549],[96.66325,17.61515],[96.66334,17.61575],[96.66272,17.61549],[96.66299,17.61686],[96.66334,17.61678],[96.66352,17.61584],[96.66415,17.61584],[96.66388,17.61609],[96.6646,17.61618],[96.6646,17.61686],[96.66505,17.61695],[96.66514,17.61746],[96.66478,17.61712],[96.66451,17.61738],[96.66397,17.61712],[96.66397,17.61755],[96.66424,17.61746],[96.6646,17.61789],[96.66505,17.61763],[96.66514,17.61832],[96.66559,17.61823],[96.66577,17.61866],[96.66577,17.61823],[96.66613,17.61832],[96.66631,17.61883],[96.66649,17.61823],[96.6664,17.61772],[96.66613,17.61772],[96.66613,17.61763]],[[96.66343,17.61121],[96.6637,17.61138],[96.66343,17.61173],[96.66361,17.6119],[96.66334,17.61198],[96.66343,17.61113],[96.66307,17.6113],[96.66334,17.61155],[96.66307,17.6119],[96.66343,17.61224],[96.66325,17.61292],[96.66361,17.61301],[96.66307,17.61352],[96.66316,17.61224],[96.66281,17.61215],[96.66263,17.61258],[96.66236,17.61232],[96.66236,17.61181],[96.66263,17.6119],[96.6629,17.61138],[96.66272,17.61095],[96.66307,17.61095],[96.66272,17.61061],[96.66388,17.6107],[96.66388,17.61095],[96.66334,17.61095],[96.6637,17.61121],[96.66343,17.61121]]],[[[96.66963,17.61669],[96.66918,17.61643],[96.66918,17.61746],[96.66954,17.61789],[96.67008,17.61772],[96.67098,17.61798],[96.67098,17.61823],[96.66999,17.61806],[96.67071,17.61858],[96.67089,17.61943],[96.67134,17.61815],[96.67233,17.61806],[96.67206,17.61875],[96.67161,17.61858],[96.67161,17.61892],[96.67134,17.61866],[96.67125,17.61926],[96.67188,17.61917],[96.6717,17.61943],[96.67197,17.61977],[96.67143,17.62012],[96.67152,17.61926],[96.67116,17.6196],[96.67152,17.62063],[96.6717,17.62037],[96.67242,17.62046],[96.67224,17.62089],[96.67251,17.62097],[96.67269,17.619],[96.67242,17.61883],[96.67269,17.61798],[96.67188,17.61798],[96.67152,17.61755],[96.67125,17.61798],[96.67125,17.61746],[96.66981,17.61669],[96.66963,17.61669]]],[[[96.67376,17.62277],[96.67412,17.62243],[96.67376,17.62251],[96.67341,17.622],[96.67394,17.62183],[96.67385,17.62123],[96.67376,17.62174],[96.67341,17.62166],[96.67341,17.62191],[96.67287,17.62157],[96.67323,17.622],[96.67296,17.62251],[96.67376,17.62286],[96.67376,17.62277]]],[[[96.68329,17.62671],[96.68284,17.62679],[96.68284,17.62731],[96.68347,17.62722],[96.6841,17.62791],[96.68401,17.62731],[96.68437,17.62739],[96.68463,17.62688],[96.6841,17.62714],[96.68392,17.62688],[96.68437,17.62679],[96.68437,17.62654],[96.68329,17.62645],[96.68329,17.62671]]],[[[96.6894,17.62953],[96.68922,17.62936],[96.68958,17.62936],[96.68922,17.62885],[96.68958,17.62919],[96.69011,17.62902],[96.69029,17.62936],[96.69029,17.62885],[96.68958,17.62885],[96.68949,17.62842],[96.68904,17.62885],[96.68886,17.62842],[96.68877,17.62791],[96.68913,17.62774],[96.68886,17.62739],[96.68949,17.62739],[96.68904,17.62654],[96.68958,17.62662],[96.6894,17.62637],[96.68975,17.62602],[96.6894,17.62542],[96.68859,17.62542],[96.68859,17.62577],[96.6885,17.62542],[96.68805,17.62551],[96.68787,17.62568],[96.68814,17.62585],[96.68769,17.62585],[96.68751,17.62619],[96.68724,17.62619],[96.68742,17.62577],[96.68706,17.62542],[96.68679,17.62654],[96.68643,17.62654],[96.68661,17.62611],[96.68616,17.62568],[96.68625,17.62534],[96.68589,17.62534],[96.6858,17.62585],[96.68535,17.6256],[96.6849,17.62577],[96.6849,17.62679],[96.68544,17.62662],[96.68535,17.62619],[96.6858,17.62637],[96.68544,17.62722],[96.6858,17.62731],[96.6858,17.62697],[96.68625,17.62714],[96.68652,17.62679],[96.68679,17.62697],[96.68652,17.62714],[96.6867,17.62739],[96.68598,17.62722],[96.6858,17.62756],[96.68616,17.62782],[96.68706,17.62765],[96.68715,17.62834],[96.68625,17.62825],[96.68616,17.62902],[96.68643,17.62928],[96.68778,17.62893],[96.68832,17.62928],[96.68868,17.62893],[96.68868,17.62971],[96.6894,17.62988],[96.6894,17.62953]]],[[[96.68643,17.62928],[96.68607,17.62945],[96.68607,17.62996],[96.68697,17.63022],[96.68706,17.62953],[96.68643,17.62936],[96.68643,17.62928]]],[[[96.70053,17.63056],[96.7008,17.63005],[96.70152,17.63005],[96.7017,17.62945],[96.70215,17.62936],[96.70161,17.62928],[96.7,17.62996],[96.69982,17.63048],[96.70027,17.6303],[96.70027,17.63056],[96.70053,17.63056]]],[[[96.87059,17.67901],[96.87023,17.67858],[96.87005,17.6791],[96.87032,17.67901],[96.87032,17.67944],[96.87068,17.67935],[96.87077,17.67961],[96.87014,17.67961],[96.87014,17.67995],[96.87095,17.6797],[96.87077,17.67901],[96.87059,17.67901]]]]}}],"bbox":[96.49931,16.84235,96.97506,17.67995]}
