{"type":"FeatureCollection","features":[{"type":"Feature","properties":{"Water_Clas":"Flood Water","Sensor_ID":"Sentinel-1","Sensor_Dat":"2021-08-25","Confidence":"To be evaluated","EventCode":"FL20210831MMR"},"geometry":{"type":"MultiPolygon","coordinates":[[[[96.79428,16.85752],[96.79536,16.85653],[96.79473,16.85608],[96.79338,16.85617],[96.79329,16.8559],[96.79266,16.8559],[96.79248,16.85635],[96.79302,16.85617],[96.79338,16.85689],[96.79401,16.85689],[96.79383,16.85752],[96.79428,16.85752]]],[[[96.79742,16.85985],[96.7976,16.85886],[96.79733,16.85841],[96.7968,16.85841],[96.7968,16.85877],[96.79724,16.85886],[96.79698,16.85985],[96.79742,16.85985]]],[[[96.79877,16.85994],[96.79886,16.85931],[96.79769,16.85958],[96.79778,16.85994],[96.79877,16.85994]]],[[[96.80084,16.8603],[96.80075,16.85949],[96.79895,16.85662],[96.79814,16.85644],[96.79814,16.85671],[96.79715,16.8568],[96.79742,16.85653],[96.79733,16.85509],[96.79769,16.85509],[96.79778,16.85572],[96.79868,16.85599],[96.79841,16.85518],[96.79796,16.85509],[96.79742,16.85437],[96.79724,16.85482],[96.79671,16.85473],[96.79671,16.8541],[96.79572,16.85347],[96.79491,16.85338],[96.79428,16.8541],[96.79356,16.85401],[96.79033,16.85608],[96.79051,16.85671],[96.79141,16.85662],[96.79168,16.85581],[96.79212,16.85581],[96.79212,16.85617],[96.79239,16.85617],[96.79239,16.85581],[96.79293,16.85545],[96.79446,16.85527],[96.7959,16.85563],[96.79617,16.85626],[96.79689,16.85653],[96.79662,16.85752],[96.79787,16.85734],[96.79805,16.85805],[96.79841,16.85805],[96.79823,16.85743],[96.79895,16.8576],[96.79859,16.85841],[96.79967,16.85814],[96.79976,16.85877],[96.79931,16.85877],[96.79931,16.85913],[96.80012,16.85949],[96.80012,16.85994],[96.80048,16.86003],[96.80048,16.86084],[96.80084,16.86084],[96.80084,16.86147],[96.80174,16.86246],[96.80174,16.86317],[96.8021,16.86326],[96.80246,16.86434],[96.80335,16.86515],[96.80326,16.86443],[96.8029,16.86425],[96.8029,16.86371],[96.80254,16.86362],[96.80183,16.86165],[96.80138,16.86147],[96.80084,16.86039],[96.80084,16.8603]]],[[[96.81279,16.87279],[96.81341,16.8727],[96.81341,16.87234],[96.8127,16.87225],[96.81288,16.87126],[96.81323,16.87117],[96.81297,16.87009],[96.81431,16.87018],[96.81431,16.87054],[96.81386,16.87054],[96.81368,16.87144],[96.81449,16.87162],[96.81449,16.87189],[96.81548,16.87189],[96.81548,16.87144],[96.81476,16.87153],[96.81476,16.87099],[96.81413,16.87117],[96.81458,16.87054],[96.81503,16.87054],[96.81503,16.86982],[96.81368,16.86964],[96.81368,16.86883],[96.81404,16.86883],[96.81395,16.86749],[96.8135,16.86794],[96.81332,16.8674],[96.81297,16.8674],[96.81297,16.86695],[96.8118,16.86713],[96.81189,16.86632],[96.81216,16.86659],[96.81243,16.86632],[96.81306,16.86659],[96.81297,16.86587],[96.81234,16.86533],[96.81198,16.86443],[96.81072,16.86326],[96.80973,16.86317],[96.80937,16.86344],[96.80937,16.86452],[96.80991,16.86596],[96.81045,16.86587],[96.81036,16.86641],[96.81009,16.86641],[96.81027,16.86722],[96.81072,16.86731],[96.81045,16.86785],[96.81117,16.86803],[96.8118,16.86794],[96.8118,16.86758],[96.81216,16.86767],[96.81189,16.86829],[96.81108,16.86821],[96.8109,16.86874],[96.81162,16.86892],[96.81162,16.86856],[96.81252,16.86847],[96.81243,16.86767],[96.8127,16.86767],[96.8127,16.86812],[96.81306,16.86821],[96.8127,16.86892],[96.81332,16.86892],[96.81288,16.87],[96.81135,16.86955],[96.81144,16.87027],[96.8109,16.87045],[96.81162,16.87072],[96.81171,16.87108],[96.81216,16.87108],[96.81216,16.87063],[96.81261,16.87063],[96.8127,16.87117],[96.81207,16.87117],[96.8118,16.8718],[96.8118,16.87216],[96.81225,16.87216],[96.81234,16.87279],[96.81279,16.87279]]],[[[96.81862,16.87413],[96.8188,16.87342],[96.81818,16.87324],[96.818,16.87234],[96.81656,16.87261],[96.81656,16.87288],[96.81773,16.8727],[96.81773,16.87333],[96.81836,16.87413],[96.81862,16.87413]]],[[[96.81845,16.87548],[96.81853,16.87485],[96.81898,16.87485],[96.81889,16.8744],[96.81853,16.8744],[96.81853,16.87476],[96.818,16.87476],[96.818,16.87548],[96.81845,16.87548]]],[[[96.81512,16.87683],[96.81539,16.87647],[96.81584,16.87647],[96.81584,16.87611],[96.81512,16.87602],[96.81521,16.87539],[96.81476,16.87539],[96.81476,16.87602],[96.81503,16.87602],[96.81485,16.87683],[96.81512,16.87683]]],[[[96.8197,16.87692],[96.82006,16.87674],[96.81997,16.87539],[96.82051,16.87557],[96.82006,16.87485],[96.81916,16.87485],[96.81916,16.87521],[96.81853,16.87539],[96.81925,16.87638],[96.81907,16.87692],[96.8197,16.87692]]],[[[96.81629,16.87755],[96.81629,16.87719],[96.81692,16.87719],[96.81719,16.87629],[96.81683,16.87629],[96.81683,16.87665],[96.81602,16.8771],[96.81602,16.87755],[96.81629,16.87755]]],[[[96.80695,16.87764],[96.8074,16.87656],[96.80686,16.87665],[96.8065,16.87764],[96.80695,16.87764]]],[[[96.81791,16.87791],[96.818,16.87692],[96.81773,16.87683],[96.81746,16.87683],[96.81746,16.87728],[96.81674,16.87728],[96.81674,16.87764],[96.81719,16.87791],[96.81791,16.87791]]],[[[96.83021,16.87863],[96.83435,16.878],[96.83749,16.87818],[96.83875,16.87764],[96.83821,16.87575],[96.83731,16.87413],[96.83641,16.87324],[96.8365,16.8727],[96.83605,16.87243],[96.83596,16.8718],[96.83524,16.87126],[96.83524,16.87054],[96.83479,16.87018],[96.83452,16.86928],[96.83399,16.86865],[96.83345,16.86856],[96.83309,16.86776],[96.83264,16.86776],[96.83273,16.86722],[96.83219,16.86704],[96.83147,16.86578],[96.83066,16.86533],[96.83066,16.86488],[96.82949,16.86434],[96.82931,16.86371],[96.82824,16.86335],[96.82815,16.86291],[96.82734,16.86308],[96.82545,16.86273],[96.82258,16.86371],[96.82204,16.86362],[96.82204,16.86389],[96.82006,16.86371],[96.8171,16.86398],[96.81306,16.86317],[96.81297,16.86282],[96.81117,16.86237],[96.80784,16.85967],[96.8074,16.85886],[96.80677,16.8585],[96.80569,16.85653],[96.80461,16.85356],[96.80452,16.84988],[96.80479,16.84781],[96.80533,16.847],[96.80569,16.8453],[96.80704,16.84314],[96.80704,16.8426],[96.80425,16.83892],[96.80344,16.83623],[96.80281,16.83551],[96.80254,16.83389],[96.80111,16.83245],[96.79922,16.83209],[96.79895,16.83425],[96.79931,16.83506],[96.79994,16.83488],[96.79994,16.83524],[96.79931,16.83533],[96.79895,16.83578],[96.79823,16.83865],[96.79823,16.83982],[96.79751,16.84161],[96.7976,16.84233],[96.79814,16.84269],[96.79796,16.84341],[96.7985,16.84503],[96.79931,16.84521],[96.79886,16.84566],[96.79886,16.84611],[96.79949,16.84647],[96.79958,16.84772],[96.80003,16.84799],[96.8003,16.8488],[96.80102,16.84916],[96.80093,16.84988],[96.80192,16.85159],[96.80263,16.85159],[96.80281,16.85222],[96.80254,16.85222],[96.80254,16.85275],[96.80362,16.85419],[96.80407,16.85554],[96.80434,16.8559],[96.80479,16.8559],[96.80479,16.85671],[96.8065,16.85877],[96.80659,16.85949],[96.80767,16.8603],[96.80811,16.8612],[96.80973,16.86156],[96.81027,16.86228],[96.81135,16.86282],[96.81207,16.8638],[96.81252,16.8638],[96.81252,16.86434],[96.81323,16.86542],[96.81404,16.86515],[96.81737,16.86515],[96.81737,16.86542],[96.81809,16.86542],[96.81836,16.86596],[96.81961,16.86623],[96.82078,16.86695],[96.82087,16.86731],[96.82186,16.86758],[96.82267,16.86865],[96.82446,16.86937],[96.82455,16.86991],[96.82536,16.86982],[96.82545,16.87009],[96.82635,16.87018],[96.82752,16.87144],[96.82887,16.87162],[96.82976,16.87234],[96.83039,16.87216],[96.83021,16.8727],[96.83048,16.87315],[96.83192,16.87386],[96.83201,16.8744],[96.83309,16.87476],[96.83309,16.87566],[96.83381,16.87584],[96.83426,16.87692],[96.8347,16.87719],[96.8347,16.87764],[96.83165,16.87809],[96.83003,16.87782],[96.82958,16.87836],[96.82985,16.87863],[96.83021,16.87863]]],[[[96.82833,16.87916],[96.82949,16.87881],[96.82949,16.87854],[96.82896,16.87845],[96.82788,16.87898],[96.82824,16.87916],[96.82833,16.87916]]],[[[96.82536,16.88069],[96.82635,16.87961],[96.82743,16.87943],[96.82752,16.87907],[96.82635,16.87934],[96.82581,16.87916],[96.82599,16.8797],[96.82536,16.87988],[96.82536,16.88033],[96.825,16.88042],[96.82518,16.88069],[96.82536,16.88069]]],[[[96.81297,16.88204],[96.81225,16.88204],[96.81225,16.88258],[96.81341,16.88258],[96.81306,16.88204],[96.81297,16.88204]]],[[[96.82024,16.88258],[96.82024,16.88177],[96.81925,16.88186],[96.81898,16.88114],[96.82087,16.88168],[96.82177,16.88231],[96.82321,16.88168],[96.82321,16.88132],[96.82285,16.88132],[96.82249,16.88186],[96.82168,16.88177],[96.82141,16.88015],[96.82096,16.87952],[96.82087,16.87809],[96.82042,16.87809],[96.82033,16.87863],[96.82006,16.87863],[96.82006,16.87818],[96.81952,16.87854],[96.81755,16.87818],[96.81701,16.87836],[96.81701,16.87881],[96.81665,16.87881],[96.81665,16.87854],[96.81611,16.87854],[96.81602,16.87809],[96.81566,16.87809],[96.81557,16.87746],[96.8153,16.87773],[96.81476,16.87746],[96.81476,16.87683],[96.81431,16.87674],[96.81404,16.87575],[96.81341,16.87584],[96.81234,16.87476],[96.81234,16.87422],[96.81162,16.87395],[96.81297,16.87683],[96.8135,16.8771],[96.81368,16.878],[96.81449,16.87916],[96.81503,16.87943],[96.81539,16.88024],[96.81791,16.8824],[96.82015,16.88258],[96.82024,16.88258]],[[96.82078,16.88123],[96.81988,16.88096],[96.81952,16.87997],[96.8206,16.8797],[96.8206,16.88051],[96.82105,16.88051],[96.82105,16.88123],[96.82078,16.88123]],[[96.81916,16.8797],[96.81871,16.88051],[96.8188,16.88114],[96.81853,16.88114],[96.81818,16.88078],[96.81827,16.88006],[96.81898,16.87952],[96.81925,16.8789],[96.81988,16.8789],[96.81988,16.87925],[96.81925,16.8797],[96.81916,16.8797]]],[[[96.8135,16.88527],[96.81395,16.8842],[96.81323,16.88482],[96.81261,16.88491],[96.81243,16.88455],[96.81171,16.88482],[96.81171,16.88509],[96.81243,16.88527],[96.8135,16.88527]]],[[[96.81611,16.885],[96.81449,16.88375],[96.81503,16.88437],[96.81476,16.88536],[96.81539,16.88545],[96.81539,16.885],[96.81566,16.885],[96.81602,16.88554],[96.81638,16.88554],[96.81611,16.88509],[96.81611,16.885]]],[[[96.81512,16.88707],[96.81512,16.88653],[96.81575,16.88653],[96.81566,16.88563],[96.81512,16.88599],[96.81467,16.88599],[96.81467,16.88563],[96.8144,16.88563],[96.81404,16.88617],[96.81404,16.88644],[96.81476,16.88635],[96.81476,16.88707],[96.81512,16.88707]]],[[[96.81395,16.90468],[96.81467,16.90468],[96.8144,16.90414],[96.81494,16.90432],[96.81503,16.90261],[96.81476,16.90216],[96.8153,16.90234],[96.81593,16.90198],[96.81602,16.90126],[96.81656,16.9009],[96.81656,16.90054],[96.8135,16.90279],[96.81314,16.90387],[96.81377,16.90387],[96.81395,16.90441],[96.81395,16.90468]]],[[[96.8135,16.90468],[96.81332,16.90423],[96.81243,16.90405],[96.81171,16.90486],[96.81171,16.90549],[96.81225,16.90566],[96.81243,16.9045],[96.81279,16.90468],[96.8135,16.90468]]],[[[96.81395,16.90468],[96.8135,16.90468],[96.81368,16.90593],[96.81449,16.90549],[96.81395,16.90495],[96.81395,16.90468]]],[[[96.80129,16.90647],[96.80156,16.90611],[96.80281,16.90584],[96.80281,16.9054],[96.80246,16.9054],[96.80237,16.90495],[96.80165,16.90495],[96.80003,16.90513],[96.79958,16.90557],[96.79922,16.90513],[96.79796,16.9054],[96.79787,16.90504],[96.79715,16.90522],[96.79715,16.90486],[96.7968,16.90486],[96.79581,16.90584],[96.7959,16.90629],[96.79617,16.90629],[96.79626,16.90566],[96.79698,16.90575],[96.79707,16.90611],[96.80039,16.90584],[96.80093,16.90647],[96.80129,16.90647]]],[[[96.84818,16.90665],[96.84809,16.9045],[96.84728,16.90234],[96.84701,16.89983],[96.84602,16.89884],[96.84548,16.89749],[96.84477,16.89704],[96.84414,16.89524],[96.84216,16.89399],[96.84162,16.893],[96.84081,16.89273],[96.84081,16.89309],[96.84162,16.89381],[96.84162,16.89444],[96.84306,16.8956],[96.84324,16.89614],[96.84378,16.89623],[96.84512,16.89866],[96.84593,16.8992],[96.84629,16.90063],[96.84674,16.90072],[96.84692,16.90171],[96.84665,16.90234],[96.84728,16.90351],[96.84764,16.90611],[96.84809,16.90665],[96.84818,16.90665]]],[[[96.84692,16.90755],[96.84764,16.90665],[96.84566,16.90665],[96.84656,16.90755],[96.84692,16.90755]]],[[[96.81431,16.90764],[96.8144,16.90683],[96.81368,16.90674],[96.81386,16.90611],[96.81243,16.90638],[96.81117,16.90584],[96.81108,16.90665],[96.81144,16.90701],[96.81153,16.90665],[96.81198,16.90665],[96.81198,16.90692],[96.81162,16.90692],[96.81189,16.90746],[96.81252,16.90764],[96.81243,16.90692],[96.81279,16.90728],[96.81395,16.90701],[96.81404,16.90764],[96.81431,16.90764]]],[[[96.81314,16.90989],[96.81341,16.90926],[96.81261,16.90917],[96.8127,16.90863],[96.81314,16.90863],[96.81314,16.90827],[96.81234,16.90791],[96.81162,16.908],[96.81153,16.90854],[96.8127,16.90989],[96.81314,16.90989]]],[[[96.84755,16.91043],[96.84746,16.90926],[96.84647,16.90872],[96.84665,16.90935],[96.84719,16.90935],[96.84728,16.91043],[96.84755,16.91043]]],[[[96.8489,16.92588],[96.84926,16.92561],[96.84935,16.92417],[96.84989,16.92354],[96.84998,16.92237],[96.84971,16.92237],[96.84917,16.9239],[96.8489,16.9239],[96.84872,16.9248],[96.848,16.92534],[96.84809,16.92588],[96.84836,16.92561],[96.84881,16.92588],[96.8489,16.92588]]],[[[96.84854,16.92776],[96.84881,16.92669],[96.84863,16.92606],[96.84836,16.92606],[96.84827,16.92776],[96.84854,16.92776]]],[[[96.84782,16.93055],[96.84854,16.9292],[96.84836,16.92803],[96.84782,16.92848],[96.84791,16.92983],[96.84746,16.93001],[96.84746,16.93046],[96.84773,16.93055],[96.84782,16.93055]]],[[[96.83866,16.94061],[96.8409,16.93971],[96.84189,16.93863],[96.8427,16.93836],[96.84342,16.9372],[96.84396,16.93693],[96.84396,16.93657],[96.8453,16.93531],[96.84575,16.93414],[96.84683,16.93288],[96.84701,16.93073],[96.84647,16.931],[96.84665,16.93199],[96.84593,16.93252],[96.84575,16.93378],[96.84539,16.93396],[96.84504,16.93504],[96.84441,16.93522],[96.84432,16.93594],[96.8436,16.93639],[96.84351,16.93684],[96.84279,16.93729],[96.84189,16.93729],[96.84018,16.93791],[96.83722,16.93791],[96.83731,16.94025],[96.83767,16.94061],[96.83839,16.94061],[96.83866,16.94061]]],[[[96.82321,16.94771],[96.8233,16.94708],[96.82294,16.94708],[96.82294,16.94789],[96.82375,16.94807],[96.82366,16.94771],[96.82321,16.94771]]],[[[96.80254,16.95346],[96.80254,16.9531],[96.80138,16.95319],[96.80138,16.95346],[96.80237,16.95346],[96.80254,16.95399],[96.80335,16.95444],[96.80335,16.9539],[96.80272,16.95346],[96.80254,16.95346]]],[[[96.80003,16.95741],[96.80021,16.95642],[96.79958,16.95642],[96.79958,16.95678],[96.79922,16.95687],[96.79967,16.95741],[96.80003,16.95741]]],[[[96.80605,16.95696],[96.80533,16.95687],[96.80533,16.95732],[96.80659,16.95759],[96.8065,16.95705],[96.80614,16.95696],[96.80605,16.95696]]],[[[96.81512,16.95804],[96.81512,16.95732],[96.81431,16.95759],[96.81377,16.95696],[96.81279,16.95687],[96.81314,16.95768],[96.81395,16.95786],[96.81395,16.95813],[96.8135,16.95822],[96.81368,16.95858],[96.81431,16.95849],[96.81431,16.95786],[96.81467,16.95786],[96.81512,16.95858],[96.81512,16.95804]]],[[[96.80021,16.95947],[96.80021,16.95911],[96.79958,16.95902],[96.7994,16.9584],[96.79913,16.9584],[96.79904,16.95911],[96.79868,16.95911],[96.79868,16.95938],[96.79949,16.9592],[96.79967,16.95947],[96.80021,16.95947]]],[[[96.8206,16.95947],[96.82114,16.95902],[96.82258,16.95606],[96.82321,16.95543],[96.82366,16.95399],[96.82509,16.95211],[96.82518,16.95148],[96.82554,16.95139],[96.82815,16.94735],[96.82931,16.94627],[96.83012,16.94474],[96.83021,16.94375],[96.82985,16.9433],[96.82985,16.9425],[96.82896,16.94178],[96.82824,16.94223],[96.82752,16.94223],[96.8259,16.94357],[96.82635,16.9442],[96.8268,16.9442],[96.82653,16.94357],[96.82707,16.94348],[96.82878,16.94348],[96.82896,16.94384],[96.82851,16.94402],[96.82824,16.94492],[96.82788,16.94492],[96.82662,16.94744],[96.82599,16.94708],[96.82617,16.94789],[96.82572,16.94798],[96.82563,16.94923],[96.82527,16.94977],[96.82428,16.94941],[96.82428,16.94977],[96.82473,16.94986],[96.82482,16.95049],[96.82428,16.95049],[96.82419,16.95166],[96.82366,16.95193],[96.82348,16.95301],[96.82231,16.9531],[96.82231,16.95372],[96.82159,16.9539],[96.82159,16.95426],[96.82195,16.95426],[96.82177,16.95525],[96.82213,16.95552],[96.82213,16.95615],[96.82186,16.95615],[96.82186,16.95687],[96.82123,16.9575],[96.82123,16.95795],[96.82078,16.95822],[96.82078,16.95876],[96.82033,16.9592],[96.82051,16.95947],[96.8206,16.95947]]],[[[96.80165,16.95876],[96.80192,16.95849],[96.80165,16.95911],[96.80281,16.95893],[96.8029,16.95956],[96.80317,16.95956],[96.80317,16.95911],[96.80407,16.95867],[96.80407,16.95804],[96.80497,16.95804],[96.80551,16.95786],[96.80551,16.95759],[96.80488,16.95723],[96.80299,16.95723],[96.80299,16.9566],[96.80254,16.9566],[96.80254,16.95615],[96.80174,16.95687],[96.80048,16.95651],[96.80048,16.95687],[96.80111,16.95696],[96.80138,16.9575],[96.80021,16.9575],[96.8003,16.95911],[96.80111,16.9592],[96.80102,16.95858],[96.80057,16.95858],[96.80057,16.95822],[96.80111,16.95822],[96.80138,16.95876],[96.80165,16.95876]]],[[[96.81036,16.95974],[96.81099,16.95858],[96.81,16.9592],[96.81,16.95974],[96.81036,16.95974]]],[[[96.8056,16.95965],[96.80551,16.95902],[96.8047,16.95902],[96.8047,16.95947],[96.80434,16.95947],[96.80434,16.95974],[96.8056,16.95992],[96.80596,16.95992],[96.80596,16.95965],[96.8056,16.95965]]],[[[96.79527,16.961],[96.79554,16.96019],[96.79536,16.95947],[96.79491,16.95956],[96.79482,16.961],[96.79527,16.961]]],[[[96.7985,16.961],[96.79877,16.95983],[96.79769,16.95956],[96.79778,16.96019],[96.79733,16.96028],[96.79733,16.96064],[96.79823,16.961],[96.7985,16.961]]],[[[96.79895,16.96154],[96.79895,16.96127],[96.79994,16.96109],[96.80039,16.96019],[96.79949,16.96019],[96.79922,16.96082],[96.7985,16.96109],[96.79859,16.96154],[96.79895,16.96154]]],[[[96.78826,16.96244],[96.7888,16.96172],[96.7888,16.96118],[96.78826,16.96118],[96.78772,16.96244],[96.78826,16.96244]]],[[[96.81782,16.96316],[96.81836,16.96289],[96.81898,16.96163],[96.81845,16.96181],[96.81827,16.96262],[96.81755,16.96289],[96.81755,16.96316],[96.81782,16.96316]]],[[[96.78772,16.96495],[96.78772,16.96441],[96.78835,16.9645],[96.78826,16.9637],[96.78745,16.96388],[96.78718,16.96361],[96.78718,16.96415],[96.78754,16.96415],[96.78754,16.96441],[96.787,16.96459],[96.787,16.96495],[96.78772,16.96495]]],[[[96.79132,16.96585],[96.79177,16.96558],[96.7915,16.96531],[96.79168,16.9645],[96.79194,16.9645],[96.79194,16.96522],[96.79284,16.96495],[96.79302,16.96567],[96.79329,16.96567],[96.79329,16.96531],[96.79374,16.96531],[96.79383,16.96504],[96.79455,16.96513],[96.79473,16.96441],[96.79365,16.96441],[96.79365,16.96415],[96.79257,16.96379],[96.79105,16.9645],[96.79051,16.96441],[96.7906,16.96495],[96.79105,16.96513],[96.79105,16.96585],[96.79132,16.96585]]],[[[96.81593,16.96603],[96.81611,16.96531],[96.81683,16.96459],[96.81692,16.96388],[96.81656,16.96388],[96.8162,16.96495],[96.81566,16.96522],[96.81548,16.96603],[96.81584,16.96603],[96.81593,16.96603]]],[[[96.80856,16.96648],[96.80865,16.96576],[96.80973,16.9654],[96.80991,16.9645],[96.81027,16.96423],[96.81027,16.96208],[96.81054,16.96208],[96.81054,16.96136],[96.80991,16.961],[96.80964,16.96001],[96.80919,16.9601],[96.80991,16.96136],[96.80964,16.96441],[96.8091,16.9645],[96.8091,16.96522],[96.80811,16.96594],[96.8082,16.96648],[96.80856,16.96648]]],[[[96.79482,16.969],[96.79509,16.96873],[96.79509,16.96783],[96.79419,16.9681],[96.79428,16.96882],[96.79392,16.96882],[96.79392,16.96918],[96.795,16.96936],[96.795,16.969],[96.79482,16.969]]],[[[96.79922,16.96873],[96.79913,16.9681],[96.79868,16.9681],[96.79823,16.96927],[96.79895,16.96873],[96.79904,16.96945],[96.79949,16.96954],[96.79931,16.96873],[96.79922,16.96873]]],[[[96.78763,16.9698],[96.7879,16.96936],[96.78754,16.96936],[96.78754,16.969],[96.7888,16.96909],[96.78898,16.96855],[96.78664,16.96891],[96.78664,16.96936],[96.78727,16.9698],[96.78763,16.9698]]],[[[96.79536,16.97124],[96.79536,16.97088],[96.79572,16.97088],[96.79572,16.97016],[96.79455,16.96998],[96.79509,16.97052],[96.795,16.97124],[96.79536,16.97124]]],[[[96.80174,16.97106],[96.80129,16.97106],[96.80111,16.97142],[96.80129,16.97205],[96.80183,16.97205],[96.80174,16.97142],[96.80174,16.97106]]],[[[96.79024,16.97295],[96.79033,16.97223],[96.79105,16.97232],[96.79114,16.9716],[96.79069,16.97151],[96.7906,16.97196],[96.78997,16.9716],[96.78925,16.97169],[96.78907,16.9707],[96.78853,16.97115],[96.78799,16.97115],[96.78781,16.9716],[96.78727,16.9716],[96.78727,16.97115],[96.7862,16.97124],[96.7862,16.97178],[96.78673,16.97259],[96.78718,16.97259],[96.78718,16.97214],[96.78754,16.97214],[96.78763,16.97268],[96.7879,16.97268],[96.7879,16.97178],[96.78889,16.97142],[96.78871,16.97241],[96.7897,16.97196],[96.78997,16.97295],[96.79024,16.97295]]],[[[96.7941,16.97313],[96.79437,16.97304],[96.79428,16.97232],[96.79365,16.97178],[96.79141,16.97178],[96.79177,16.97277],[96.79221,16.97286],[96.79266,16.97241],[96.79275,16.97277],[96.79329,16.97259],[96.79347,16.97313],[96.7941,16.97313]]],[[[96.787,16.97322],[96.78638,16.97322],[96.78647,16.97376],[96.78745,16.97394],[96.78745,16.97331],[96.787,16.97331],[96.787,16.97322]]],[[[96.80174,16.97457],[96.80219,16.97403],[96.80165,16.97331],[96.8012,16.97331],[96.8012,16.97259],[96.80075,16.97259],[96.80093,16.97349],[96.80156,16.97385],[96.80129,16.97457],[96.80174,16.97457]]],[[[96.80093,16.97466],[96.80102,16.97421],[96.80066,16.97412],[96.80084,16.97331],[96.80021,16.97385],[96.80048,16.97466],[96.80093,16.97466]]],[[[96.79311,16.97457],[96.79311,16.97394],[96.79257,16.97394],[96.79221,16.97358],[96.79168,16.97367],[96.79168,16.97421],[96.79141,16.97421],[96.79078,16.97349],[96.79042,16.97385],[96.78943,16.97367],[96.78943,16.97403],[96.78916,16.97403],[96.78907,16.97349],[96.78871,16.97349],[96.78844,16.97367],[96.78844,16.97439],[96.78745,16.97448],[96.78736,16.97564],[96.78781,16.97609],[96.78781,16.97663],[96.78745,16.97663],[96.78745,16.9769],[96.78808,16.9769],[96.78826,16.97591],[96.7879,16.97591],[96.7879,16.97564],[96.78871,16.97537],[96.78889,16.97439],[96.78934,16.97439],[96.78934,16.97537],[96.78907,16.97555],[96.78925,16.976],[96.79006,16.97582],[96.79006,16.97519],[96.78961,16.97519],[96.78961,16.97439],[96.79006,16.97439],[96.79006,16.97466],[96.79078,16.9743],[96.7923,16.97457],[96.79311,16.97457]]],[[[96.79311,16.97457],[96.79329,16.97573],[96.79239,16.976],[96.79239,16.97627],[96.79293,16.97627],[96.79293,16.97672],[96.79338,16.9769],[96.7932,16.97744],[96.79374,16.97735],[96.79383,16.97573],[96.79356,16.97573],[96.79356,16.97528],[96.79437,16.9751],[96.79455,16.97448],[96.79545,16.97475],[96.79545,16.97546],[96.79455,16.97528],[96.79446,16.97555],[96.79446,16.97582],[96.79509,16.97582],[96.79518,16.97627],[96.79545,16.97627],[96.79554,16.97555],[96.79626,16.97537],[96.79653,16.97555],[96.79653,16.97627],[96.79698,16.97636],[96.79698,16.97591],[96.79769,16.97564],[96.79769,16.97528],[96.79859,16.97546],[96.79832,16.97492],[96.79895,16.97501],[96.79895,16.97546],[96.7994,16.97546],[96.7994,16.97582],[96.80039,16.97555],[96.80039,16.97457],[96.79958,16.97466],[96.79949,16.97349],[96.79751,16.97331],[96.79796,16.97277],[96.79841,16.97277],[96.79823,16.97196],[96.79742,16.97205],[96.7976,16.97268],[96.79733,16.97268],[96.79733,16.97214],[96.79707,16.97214],[96.79698,16.97259],[96.79644,16.97259],[96.79644,16.97196],[96.79599,16.97196],[96.79599,16.9716],[96.79563,16.9716],[96.79545,16.97232],[96.79608,16.97223],[96.79608,16.97259],[96.79554,16.97268],[96.79536,16.97322],[96.79473,16.97322],[96.79473,16.97358],[96.79518,16.97358],[96.79545,16.97421],[96.79365,16.97421],[96.79347,16.97457],[96.79311,16.97457]],[[96.79572,16.97466],[96.79599,16.97421],[96.79581,16.97295],[96.79617,16.97295],[96.79671,16.97376],[96.79707,16.97376],[96.79707,16.97421],[96.79805,16.97421],[96.79832,16.97484],[96.79769,16.97448],[96.79769,16.9751],[96.79689,16.9751],[96.79617,16.97466],[96.79572,16.97466]]],[[[96.78979,16.97834],[96.78988,16.97771],[96.79051,16.97762],[96.79042,16.97699],[96.79006,16.97699],[96.78952,16.9778],[96.78889,16.97753],[96.78889,16.97798],[96.78952,16.97834],[96.78979,16.97834]]],[[[96.81027,16.9787],[96.81045,16.97834],[96.8109,16.97834],[96.8109,16.97798],[96.81117,16.97798],[96.81108,16.97852],[96.81153,16.97852],[96.81198,16.97672],[96.8118,16.976],[96.81288,16.97169],[96.81413,16.96891],[96.81503,16.96774],[96.81557,16.96612],[96.81422,16.96747],[96.81431,16.96819],[96.81404,16.96819],[96.81395,16.96891],[96.81323,16.96909],[96.81288,16.97025],[96.81216,16.97025],[96.81252,16.97223],[96.81126,16.97484],[96.81126,16.97636],[96.81027,16.97726],[96.81072,16.97789],[96.81027,16.97798],[96.81,16.9787],[96.81027,16.9787]]],[[[96.79392,16.97924],[96.79401,16.97834],[96.79356,16.97834],[96.79356,16.97798],[96.79329,16.97798],[96.79347,16.97924],[96.79392,16.97924]]],[[[96.79141,16.97942],[96.7915,16.97897],[96.79114,16.97888],[96.79114,16.97852],[96.79042,16.97843],[96.79087,16.97942],[96.79141,16.97942]]],[[[96.79248,16.97861],[96.79185,16.97861],[96.79185,16.97933],[96.79311,16.97969],[96.79311,16.97924],[96.79248,16.97879],[96.79248,16.97861]]],[[[96.79554,16.98022],[96.79545,16.97861],[96.7959,16.97843],[96.7959,16.97798],[96.79527,16.97807],[96.79518,16.97834],[96.79527,16.98022],[96.79554,16.98022]]],[[[96.8109,16.98409],[96.81117,16.98067],[96.8109,16.98067],[96.8109,16.98139],[96.81054,16.98175],[96.81054,16.98409],[96.8109,16.98409]]],[[[96.79114,16.98445],[96.79123,16.98391],[96.79185,16.98391],[96.79185,16.98346],[96.79105,16.98337],[96.7906,16.98427],[96.79141,16.98499],[96.79141,16.98544],[96.79194,16.98544],[96.79168,16.98445],[96.79114,16.98445]]],[[[96.80704,16.98606],[96.80784,16.9857],[96.80784,16.98508],[96.80749,16.98472],[96.80731,16.98561],[96.80677,16.9857],[96.80677,16.98606],[96.80704,16.98606]]],[[[96.78943,16.98553],[96.7897,16.98301],[96.78925,16.98274],[96.78826,16.9831],[96.78808,16.98229],[96.78844,16.98229],[96.78844,16.98193],[96.78781,16.98184],[96.78754,16.98247],[96.7879,16.98328],[96.78745,16.98328],[96.78745,16.98373],[96.78799,16.98454],[96.78808,16.98544],[96.78934,16.98624],[96.78961,16.98624],[96.78961,16.98553],[96.78943,16.98553]]],[[[96.80686,16.98669],[96.80686,16.98615],[96.80578,16.98624],[96.80578,16.98651],[96.80686,16.98687],[96.80686,16.98669]]],[[[96.80829,17.00053],[96.80829,17.00026],[96.80901,17.00035],[96.8091,16.99999],[96.80838,16.99981],[96.80776,16.99918],[96.80802,16.99828],[96.80758,16.9981],[96.80731,16.99837],[96.80632,16.99801],[96.80668,16.99873],[96.80749,16.99891],[96.80758,16.99954],[96.80793,16.99972],[96.80793,17.00053],[96.80829,17.00053]]],[[[96.81,17.00035],[96.80964,16.9963],[96.80937,16.99595],[96.80973,16.9946],[96.80937,16.99379],[96.80919,16.98939],[96.80874,16.98885],[96.80793,16.98867],[96.80767,16.98876],[96.80767,16.98921],[96.80829,16.98921],[96.80865,16.98957],[96.80883,16.99145],[96.80838,16.99271],[96.80847,16.99325],[96.80874,16.99325],[96.8091,16.9955],[96.8091,16.99604],[96.80811,16.99586],[96.80811,16.9963],[96.8091,16.99639],[96.80955,16.99846],[96.80955,16.99936],[96.80919,16.99936],[96.80919,16.99972],[96.80964,16.99972],[96.80946,17.00026],[96.81,17.00053],[96.81,17.00035]]],[[[96.81045,17.00655],[96.81018,17.00178],[96.81,17.0008],[96.80964,17.00062],[96.80928,17.00178],[96.80946,17.00232],[96.80973,17.00232],[96.80973,17.00322],[96.80946,17.00349],[96.80991,17.00394],[96.80856,17.00376],[96.80838,17.00421],[96.8091,17.00493],[96.80937,17.00493],[96.80937,17.00457],[96.80991,17.00475],[96.80973,17.00637],[96.81009,17.00655],[96.81045,17.00655]]],[[[96.81054,17.00843],[96.81054,17.00664],[96.81018,17.00682],[96.81027,17.00843],[96.81054,17.00843]]],[[[96.80784,17.01212],[96.8074,17.01212],[96.8074,17.01238],[96.80892,17.01301],[96.80892,17.01238],[96.80784,17.01229],[96.80784,17.01212]]],[[[96.81126,17.01265],[96.81108,17.01095],[96.8109,17.01032],[96.81063,17.01032],[96.81063,17.01104],[96.81036,17.01104],[96.81009,17.01167],[96.81081,17.01176],[96.81099,17.01256],[96.81,17.01256],[96.81,17.01292],[96.81072,17.01301],[96.81117,17.01418],[96.81171,17.01427],[96.81135,17.01265],[96.81126,17.01265]]],[[[96.84018,17.01535],[96.84171,17.01472],[96.84252,17.01373],[96.84297,17.01373],[96.84297,17.01328],[96.8427,17.01319],[96.8427,17.01041],[96.84225,17.01023],[96.84216,17.00951],[96.84144,17.00852],[96.84081,17.00825],[96.84081,17.00888],[96.84054,17.00888],[96.84045,17.00816],[96.84081,17.00798],[96.83982,17.00744],[96.83982,17.00789],[96.83956,17.00789],[96.83929,17.00762],[96.83938,17.00682],[96.83875,17.00664],[96.83875,17.0069],[96.83812,17.00699],[96.83884,17.00861],[96.83893,17.01167],[96.83866,17.01238],[96.83902,17.01427],[96.84,17.01535],[96.84018,17.01535]]],[[[96.81216,17.01634],[96.81207,17.01535],[96.81171,17.01526],[96.81171,17.01652],[96.81207,17.01724],[96.81234,17.01724],[96.81225,17.01634],[96.81216,17.01634]]],[[[96.80793,17.01831],[96.80731,17.01831],[96.80731,17.01885],[96.80847,17.0193],[96.80847,17.01894],[96.80793,17.01867],[96.80793,17.01831]]],[[[96.81297,17.01966],[96.81279,17.01804],[96.81252,17.01804],[96.8127,17.01966],[96.81297,17.01966]]],[[[96.81755,17.03358],[96.81845,17.03314],[96.81845,17.03224],[96.81818,17.03224],[96.818,17.03287],[96.81737,17.03296],[96.81728,17.03358],[96.81755,17.03358]]],[[[96.81809,17.03538],[96.81836,17.03484],[96.81889,17.03484],[96.81862,17.0343],[96.81764,17.03493],[96.81764,17.03538],[96.81809,17.03538]]],[[[96.8144,17.04338],[96.8144,17.04302],[96.81494,17.04293],[96.81458,17.04158],[96.81341,17.04149],[96.81341,17.04176],[96.81377,17.04176],[96.81377,17.04221],[96.81422,17.04221],[96.81386,17.04338],[96.8144,17.04338]]],[[[96.81916,17.04733],[96.81907,17.04625],[96.81943,17.04598],[96.8188,17.04598],[96.81871,17.04526],[96.81827,17.04499],[96.81827,17.04454],[96.81782,17.04454],[96.81764,17.04374],[96.81566,17.04275],[96.81611,17.04365],[96.81548,17.0441],[96.81548,17.04445],[96.8162,17.04454],[96.81629,17.04383],[96.81683,17.04365],[96.81683,17.04401],[96.81737,17.0441],[96.81737,17.0449],[96.81791,17.0449],[96.81818,17.04544],[96.81782,17.04697],[96.81845,17.0467],[96.81889,17.04751],[96.81916,17.04751],[96.81916,17.04733]]],[[[96.81845,17.05281],[96.81845,17.05236],[96.81809,17.05236],[96.81746,17.05272],[96.81746,17.05308],[96.81853,17.05326],[96.81853,17.05281],[96.81845,17.05281]]],[[[96.86749,17.05514],[96.86776,17.05487],[96.8683,17.05505],[96.87064,17.0547],[96.87154,17.05362],[96.871,17.0529],[96.86938,17.05317],[96.8683,17.0529],[96.86453,17.05407],[96.86471,17.05443],[96.86534,17.05443],[96.86642,17.0538],[96.86749,17.05407],[96.86758,17.05461],[96.86713,17.05541],[96.86758,17.05514],[96.86749,17.05514]]],[[[96.86713,17.05541],[96.8665,17.05523],[96.86642,17.05577],[96.86507,17.05604],[96.86498,17.0564],[96.86516,17.05667],[96.86606,17.05658],[96.86713,17.05559],[96.86713,17.05541]]],[[[96.87468,17.05416],[96.87504,17.05416],[96.87504,17.05461],[96.87441,17.05416],[96.87306,17.05505],[96.87369,17.05514],[96.87369,17.05541],[96.87342,17.05559],[96.87351,17.0564],[96.87306,17.05649],[96.87288,17.05739],[96.87441,17.05712],[96.8745,17.05595],[96.87396,17.05586],[96.87396,17.0555],[96.8745,17.05541],[96.8745,17.05505],[96.87486,17.05505],[96.8754,17.05568],[96.87531,17.05658],[96.87558,17.05712],[96.87746,17.05604],[96.8789,17.0529],[96.87935,17.05074],[96.87827,17.05029],[96.87666,17.05029],[96.87324,17.05101],[96.87297,17.052],[96.87423,17.05254],[96.87414,17.05326],[96.87495,17.05362],[96.87468,17.05407],[96.87468,17.05416]]],[[[96.87118,17.05838],[96.87136,17.05811],[96.87109,17.05748],[96.87163,17.05748],[96.8718,17.0582],[96.87243,17.05739],[96.87189,17.05658],[96.87154,17.05712],[96.87091,17.05703],[96.87037,17.05739],[96.86983,17.05793],[96.87001,17.05838],[96.87118,17.05838]]],[[[96.83938,17.06009],[96.84018,17.05982],[96.84072,17.05901],[96.84054,17.05838],[96.84153,17.05775],[96.84162,17.05703],[96.84117,17.05649],[96.8409,17.05658],[96.8409,17.05712],[96.84036,17.05712],[96.84036,17.05757],[96.83982,17.05757],[96.83991,17.05721],[96.83965,17.05721],[96.83947,17.05775],[96.83902,17.05775],[96.83893,17.0582],[96.84009,17.05856],[96.84009,17.0591],[96.83965,17.05928],[96.83902,17.05865],[96.83884,17.05928],[96.83911,17.05928],[96.83911,17.05973],[96.83884,17.05991],[96.83911,17.06009],[96.83938,17.06009]]],[[[96.83695,17.06179],[96.83731,17.06071],[96.83713,17.06035],[96.83668,17.06062],[96.83596,17.06044],[96.83596,17.06018],[96.83695,17.06018],[96.83695,17.05973],[96.83641,17.05928],[96.83641,17.05838],[96.83596,17.05838],[96.83605,17.05937],[96.83578,17.05937],[96.8356,17.05874],[96.83506,17.05955],[96.83515,17.06134],[96.83569,17.06116],[96.83677,17.06179],[96.83695,17.06179]]],[[[96.83758,17.0635],[96.83848,17.06305],[96.83821,17.06224],[96.83668,17.06224],[96.83632,17.06332],[96.83749,17.0635],[96.83758,17.0635]]],[[[96.8356,17.06521],[96.83569,17.06449],[96.83497,17.06422],[96.83488,17.06476],[96.83551,17.06521],[96.8356,17.06521]]],[[[96.86624,17.06772],[96.86677,17.06736],[96.86677,17.06691],[96.86624,17.06655],[96.86543,17.06646],[96.86507,17.06682],[96.86417,17.06664],[96.86381,17.06691],[96.8639,17.06727],[96.8657,17.06772],[96.86624,17.06772]]],[[[96.84189,17.06925],[96.84207,17.06862],[96.84144,17.06772],[96.84081,17.06781],[96.84027,17.06745],[96.84018,17.067],[96.84045,17.067],[96.84072,17.06583],[96.84243,17.06565],[96.84243,17.0653],[96.84171,17.06539],[96.8418,17.06476],[96.8427,17.06458],[96.84297,17.06494],[96.84369,17.06458],[96.84396,17.06278],[96.84441,17.06269],[96.84432,17.06197],[96.84378,17.06188],[96.84396,17.06089],[96.8445,17.06035],[96.84405,17.0591],[96.84405,17.05721],[96.8427,17.0547],[96.84216,17.0547],[96.84216,17.05667],[96.8418,17.05838],[96.84144,17.05847],[96.84162,17.05901],[96.84126,17.05919],[96.84153,17.06018],[96.84108,17.06035],[96.84135,17.06134],[96.84054,17.06152],[96.84,17.06296],[96.84036,17.06431],[96.83965,17.06449],[96.83929,17.06592],[96.83839,17.06637],[96.83839,17.06691],[96.83794,17.06682],[96.83785,17.06619],[96.83731,17.06601],[96.83758,17.06574],[96.8374,17.06494],[96.83578,17.06548],[96.83578,17.06592],[96.83632,17.0661],[96.83668,17.06673],[96.83911,17.06763],[96.83956,17.06817],[96.84036,17.06835],[96.84036,17.06862],[96.84117,17.0688],[96.84162,17.06925],[96.84189,17.06925]],[[96.84216,17.06296],[96.84162,17.06278],[96.8418,17.06188],[96.84234,17.06197],[96.84261,17.06314],[96.84225,17.06296],[96.84216,17.06296]]],[[[96.84234,17.06943],[96.84189,17.06943],[96.84189,17.06979],[96.8427,17.07024],[96.84315,17.07095],[96.84351,17.07095],[96.84414,17.07203],[96.84459,17.07221],[96.84423,17.07078],[96.84342,17.0706],[96.84342,17.07024],[96.84252,17.06943],[96.84234,17.06943]]],[[[96.84351,17.0732],[96.84405,17.07293],[96.84378,17.0723],[96.84324,17.0723],[96.84306,17.07266],[96.84342,17.0732],[96.84351,17.0732]]],[[[96.84755,17.07356],[96.84773,17.07266],[96.84692,17.07275],[96.84719,17.07302],[96.84701,17.07356],[96.84755,17.07356]]],[[[96.84548,17.07293],[96.8453,17.07329],[96.84557,17.07356],[96.84647,17.07383],[96.84647,17.07338],[96.84584,17.07293],[96.84548,17.07293]]],[[[96.84764,17.07437],[96.84863,17.07383],[96.84836,17.07329],[96.84719,17.0741],[96.84737,17.07437],[96.84764,17.07437]]],[[[96.85851,17.07347],[96.85797,17.07347],[96.85797,17.07383],[96.85905,17.07446],[96.85905,17.07383],[96.85851,17.07365],[96.85851,17.07347]]],[[[96.83704,17.06934],[96.83605,17.06907],[96.83659,17.07042],[96.83758,17.07104],[96.83767,17.07194],[96.83668,17.07185],[96.8365,17.0714],[96.83587,17.07131],[96.83587,17.07087],[96.83506,17.07078],[96.83345,17.07122],[96.83363,17.07248],[96.83399,17.07275],[96.83444,17.07239],[96.83623,17.07383],[96.8365,17.07275],[96.83623,17.07194],[96.83659,17.07194],[96.83695,17.07329],[96.83758,17.0732],[96.83767,17.07356],[96.83839,17.07338],[96.83902,17.07491],[96.83947,17.075],[96.83965,17.07446],[96.83929,17.07437],[96.83929,17.07365],[96.83875,17.07356],[96.83875,17.07329],[96.8392,17.0732],[96.83893,17.07221],[96.83938,17.07248],[96.84045,17.07221],[96.84135,17.07275],[96.84162,17.07275],[96.84162,17.07239],[96.8409,17.07131],[96.84054,17.07131],[96.84081,17.07069],[96.84027,17.06934],[96.83956,17.06871],[96.83659,17.06799],[96.83578,17.06808],[96.83587,17.06835],[96.83695,17.06862],[96.83704,17.06916],[96.83704,17.06934]],[[96.8383,17.06961],[96.83875,17.07051],[96.83848,17.07104],[96.83821,17.07104],[96.83758,17.06997],[96.83776,17.06943],[96.8383,17.06943],[96.8383,17.06961]]],[[[96.83668,17.07446],[96.83659,17.07401],[96.83596,17.07446],[96.83623,17.075],[96.83668,17.07509],[96.83668,17.07446]]],[[[96.86031,17.07509],[96.86067,17.07491],[96.86058,17.07437],[96.85977,17.07365],[96.85977,17.07455],[96.86022,17.07509],[96.86031,17.07509]]],[[[96.85411,17.07518],[96.85411,17.07455],[96.85492,17.07446],[96.85492,17.0741],[96.85465,17.0741],[96.85447,17.07356],[96.85303,17.07383],[96.85303,17.07338],[96.85393,17.07329],[96.85393,17.07284],[96.85348,17.07248],[96.85267,17.07284],[96.8524,17.07248],[96.85258,17.07194],[96.85186,17.07158],[96.85222,17.07212],[96.85195,17.07302],[96.85231,17.0732],[96.85231,17.07374],[96.85285,17.07392],[96.85276,17.07464],[96.85366,17.07455],[96.85384,17.07518],[96.85411,17.07518]]],[[[96.86893,17.07527],[96.86938,17.075],[96.86929,17.07464],[96.86821,17.07464],[96.86803,17.07392],[96.86884,17.07383],[96.86965,17.07401],[96.86992,17.07446],[96.87055,17.07446],[96.87064,17.07374],[96.871,17.07383],[96.87172,17.07266],[96.87145,17.07113],[96.86857,17.07113],[96.86704,17.07149],[96.86722,17.07095],[96.86659,17.07087],[96.86642,17.07167],[96.86579,17.07158],[96.86579,17.07122],[96.86552,17.07122],[96.86534,17.07185],[96.86507,17.07185],[96.86489,17.07104],[96.86381,17.07042],[96.86022,17.07051],[96.8568,17.07006],[96.85698,17.07042],[96.85833,17.07051],[96.85959,17.07104],[96.86246,17.07122],[96.86255,17.07149],[96.863,17.07149],[96.86318,17.0723],[96.86399,17.07248],[96.86426,17.07284],[96.86507,17.07284],[96.86507,17.07248],[96.86534,17.07248],[96.86489,17.07329],[96.86507,17.07437],[96.86561,17.07473],[96.86606,17.07464],[96.86606,17.07491],[96.86642,17.07491],[96.86642,17.07455],[96.86776,17.07464],[96.86785,17.07509],[96.8683,17.07527],[96.86893,17.07527]]],[[[96.85698,17.07572],[96.85734,17.07545],[96.85698,17.07545],[96.85689,17.07473],[96.85626,17.07428],[96.85617,17.07491],[96.85662,17.07491],[96.85644,17.07563],[96.85689,17.07572],[96.85698,17.07572]]],[[[96.85986,17.07608],[96.86129,17.07572],[96.86103,17.07536],[96.85941,17.07545],[96.85977,17.07491],[96.85968,17.07437],[96.85914,17.07437],[96.85914,17.07473],[96.85833,17.07446],[96.85752,17.07509],[96.85752,17.07563],[96.85806,17.07599],[96.85977,17.07608],[96.85986,17.07608]]],[[[96.84306,17.08021],[96.8436,17.07913],[96.84369,17.07778],[96.84234,17.0767],[96.84225,17.07625],[96.8418,17.07617],[96.84171,17.07661],[96.84216,17.07688],[96.84216,17.07724],[96.84153,17.07742],[96.84117,17.07706],[96.8409,17.07715],[96.84117,17.07751],[96.84063,17.0776],[96.84081,17.07787],[96.84198,17.07778],[96.84225,17.07985],[96.84279,17.08021],[96.84306,17.08021]]],[[[96.83264,17.08308],[96.83309,17.08299],[96.83309,17.08272],[96.83273,17.08272],[96.83255,17.08173],[96.83147,17.08182],[96.83147,17.08138],[96.83111,17.08138],[96.83084,17.08155],[96.83084,17.082],[96.83129,17.082],[96.83102,17.08263],[96.83174,17.08254],[96.83192,17.08308],[96.83264,17.08308]]],[[[96.83219,17.0865],[96.83165,17.08497],[96.83201,17.0847],[96.8321,17.0856],[96.83246,17.0856],[96.83291,17.08434],[96.83264,17.08389],[96.83102,17.08398],[96.83084,17.08533],[96.83174,17.08578],[96.8312,17.0865],[96.83219,17.08659],[96.83219,17.0865]]],[[[96.83219,17.08775],[96.83237,17.08703],[96.83129,17.08703],[96.8312,17.08766],[96.83192,17.08775],[96.83219,17.08775]]],[[[96.83929,17.08838],[96.83965,17.08712],[96.83911,17.08721],[96.83902,17.0865],[96.83866,17.0865],[96.83758,17.08793],[96.83839,17.08748],[96.83911,17.08748],[96.83911,17.08793],[96.83857,17.08775],[96.83875,17.08838],[96.83929,17.08838]]],[[[96.83857,17.09054],[96.83884,17.09009],[96.83794,17.08955],[96.83758,17.09018],[96.83857,17.09063],[96.83857,17.09054]]],[[[96.83731,17.09126],[96.83731,17.09027],[96.83686,17.09036],[96.83686,17.09126],[96.83731,17.09126]]],[[[96.83435,17.09458],[96.83515,17.09431],[96.83479,17.09359],[96.83551,17.09359],[96.83497,17.09216],[96.8356,17.09198],[96.8356,17.09171],[96.83506,17.09081],[96.83479,17.09081],[96.83479,17.09117],[96.83515,17.09153],[96.83426,17.09153],[96.83417,17.09224],[96.83363,17.09224],[96.83345,17.09269],[96.83345,17.0935],[96.83381,17.0935],[96.83426,17.09458],[96.83435,17.09458]]],[[[96.83991,17.09512],[96.84027,17.09512],[96.84027,17.09485],[96.83982,17.09422],[96.84081,17.09377],[96.84081,17.09431],[96.84135,17.09431],[96.84171,17.09368],[96.84162,17.09296],[96.84054,17.09296],[96.84027,17.09323],[96.83947,17.09458],[96.83991,17.09485],[96.83991,17.09512]]],[[[96.83605,17.09584],[96.8365,17.09458],[96.8374,17.09476],[96.83749,17.09521],[96.83794,17.09503],[96.83758,17.09395],[96.83857,17.09171],[96.83857,17.0909],[96.83785,17.09126],[96.83794,17.09198],[96.83767,17.09198],[96.83767,17.0926],[96.83722,17.09287],[96.83731,17.0935],[96.83695,17.0935],[96.83695,17.09422],[96.83641,17.09422],[96.83641,17.09458],[96.83605,17.09458],[96.83596,17.09413],[96.83533,17.09422],[96.8356,17.09485],[96.83479,17.09503],[96.83497,17.09548],[96.83587,17.09584],[96.83605,17.09584]]],[[[96.84584,17.09584],[96.84602,17.09521],[96.84719,17.09521],[96.8471,17.0944],[96.84656,17.09449],[96.84656,17.09494],[96.84602,17.09485],[96.84656,17.09314],[96.84521,17.09323],[96.84521,17.09296],[96.84468,17.09278],[96.84351,17.09296],[96.84342,17.09359],[96.84405,17.09359],[96.84405,17.09314],[96.84441,17.09314],[96.84387,17.0944],[96.84432,17.0944],[96.84441,17.09485],[96.84575,17.09539],[96.84575,17.09584],[96.84584,17.09584]]],[[[96.87351,17.09746],[96.87468,17.0971],[96.87468,17.09602],[96.87513,17.09602],[96.87522,17.09566],[96.87612,17.09584],[96.87639,17.09557],[96.87639,17.0953],[96.87558,17.09512],[96.87558,17.09485],[96.87639,17.09476],[96.87675,17.09323],[96.87576,17.0918],[96.87495,17.09171],[96.87477,17.0909],[96.87387,17.09045],[96.8736,17.08748],[96.87306,17.0873],[96.87279,17.08766],[96.87279,17.08901],[96.87333,17.09045],[96.87315,17.09171],[96.87369,17.0935],[96.87351,17.09413],[96.87315,17.09422],[96.87306,17.09332],[96.87333,17.09305],[96.87288,17.09287],[96.8727,17.09314],[96.87252,17.09638],[96.87324,17.09746],[96.87351,17.09746]],[[96.87441,17.09584],[96.87459,17.09368],[96.87504,17.09323],[96.87531,17.09503],[96.87468,17.09584],[96.87441,17.09584]]],[[[96.85411,17.09395],[96.85411,17.09431],[96.85285,17.09404],[96.85312,17.09476],[96.85366,17.09503],[96.85366,17.09539],[96.85321,17.0953],[96.85303,17.09584],[96.85321,17.09737],[96.85366,17.09826],[96.85402,17.09817],[96.85393,17.09763],[96.85366,17.09763],[96.85384,17.09638],[96.85483,17.0962],[96.85483,17.09575],[96.85411,17.09584],[96.85411,17.09557],[96.85465,17.09548],[96.85465,17.09431],[96.85429,17.09395],[96.85411,17.09395]]],[[[96.84917,17.10051],[96.84989,17.09988],[96.84944,17.09934],[96.84998,17.09934],[96.85078,17.09737],[96.85159,17.09746],[96.85186,17.0971],[96.85249,17.0971],[96.8524,17.09656],[96.8515,17.09647],[96.8515,17.0962],[96.85249,17.09602],[96.85258,17.09539],[96.85231,17.09503],[96.8506,17.09503],[96.85043,17.09557],[96.85078,17.09566],[96.85087,17.09656],[96.85025,17.09593],[96.84935,17.0962],[96.84962,17.09683],[96.84944,17.0979],[96.8489,17.09781],[96.84908,17.09853],[96.84881,17.09862],[96.84881,17.09925],[96.84827,17.09943],[96.84845,17.09997],[96.84872,17.09997],[96.84863,17.10051],[96.84917,17.10051]]],[[[96.83228,17.10087],[96.83282,17.10051],[96.83291,17.09979],[96.8321,17.10006],[96.83219,17.10087],[96.83228,17.10087]]],[[[96.84144,17.09647],[96.84135,17.09728],[96.84054,17.0971],[96.84045,17.09772],[96.84144,17.09772],[96.84153,17.09808],[96.84081,17.09799],[96.84054,17.09844],[96.83982,17.09862],[96.83982,17.09817],[96.84027,17.09817],[96.84027,17.0979],[96.83965,17.09772],[96.83965,17.09665],[96.84018,17.09647],[96.84018,17.09602],[96.84054,17.09602],[96.84045,17.09656],[96.84144,17.09647],[96.84144,17.0962],[96.84072,17.09611],[96.84054,17.09557],[96.83991,17.09548],[96.83991,17.09512],[96.83956,17.09512],[96.83947,17.09575],[96.83911,17.09539],[96.8383,17.09575],[96.83839,17.09656],[96.83812,17.09656],[96.83812,17.09602],[96.83758,17.09674],[96.83785,17.0971],[96.83749,17.0971],[96.83758,17.09746],[96.83803,17.09746],[96.83803,17.09781],[96.8374,17.09763],[96.83659,17.0979],[96.83623,17.09916],[96.8365,17.09943],[96.83623,17.10015],[96.8365,17.10114],[96.83632,17.10213],[96.83695,17.10186],[96.83677,17.1006],[96.83758,17.10069],[96.83812,17.10033],[96.83803,17.10006],[96.8374,17.10015],[96.8374,17.09952],[96.83695,17.09952],[96.83695,17.09916],[96.83767,17.09934],[96.83812,17.09898],[96.83857,17.09961],[96.83929,17.09952],[96.83902,17.10015],[96.83857,17.10015],[96.83848,17.10132],[96.83875,17.10132],[96.8392,17.10096],[96.83911,17.10051],[96.83947,17.10051],[96.83947,17.09997],[96.84009,17.09961],[96.83991,17.09898],[96.84054,17.09898],[96.84054,17.09853],[96.8409,17.09853],[96.8409,17.09898],[96.84153,17.0988],[96.84171,17.09907],[96.84171,17.0997],[96.84198,17.09979],[96.84171,17.10051],[96.84189,17.10105],[96.84135,17.10105],[96.84117,17.10141],[96.84207,17.10159],[96.84207,17.10186],[96.8418,17.1024],[96.84108,17.1024],[96.84099,17.10204],[96.84063,17.10204],[96.84009,17.10258],[96.84027,17.10311],[96.84063,17.10276],[96.8418,17.10302],[96.8427,17.10222],[96.84477,17.10213],[96.84504,17.10168],[96.8445,17.10168],[96.8445,17.10141],[96.84539,17.10132],[96.84521,17.10213],[96.84557,17.10222],[96.84602,17.10177],[96.84602,17.10096],[96.84665,17.10114],[96.84665,17.10141],[96.84629,17.10141],[96.84638,17.10195],[96.84836,17.10186],[96.84827,17.10087],[96.84755,17.1006],[96.84755,17.10033],[96.84827,17.10024],[96.848,17.0997],[96.84764,17.0997],[96.84764,17.10006],[96.84737,17.10006],[96.84737,17.0997],[96.84647,17.09988],[96.84548,17.10087],[96.84512,17.10078],[96.84512,17.10042],[96.84566,17.10033],[96.84566,17.09979],[96.84504,17.09952],[96.84504,17.09916],[96.84378,17.09997],[96.84378,17.10033],[96.84342,17.10033],[96.84324,17.09907],[96.84261,17.09916],[96.84315,17.09862],[96.84342,17.09772],[96.84261,17.09647],[96.84333,17.09611],[96.84342,17.09665],[96.84378,17.09683],[96.84414,17.09629],[96.84414,17.09575],[96.84369,17.09566],[96.84351,17.09485],[96.84261,17.09503],[96.84279,17.09584],[96.84234,17.09557],[96.84234,17.09512],[96.8418,17.09512],[96.84207,17.09584],[96.84171,17.09647],[96.84144,17.09647]],[[96.83956,17.09835],[96.83956,17.0988],[96.83911,17.09925],[96.83839,17.09916],[96.8383,17.09853],[96.83857,17.09835],[96.83956,17.09835]]],[[[96.83713,17.10518],[96.83713,17.10491],[96.83812,17.10473],[96.83848,17.10365],[96.84,17.1032],[96.83956,17.10222],[96.83956,17.10177],[96.83991,17.10159],[96.83875,17.10195],[96.83902,17.10258],[96.83794,17.10285],[96.83785,17.10419],[96.83677,17.10491],[96.83695,17.10563],[96.83722,17.10563],[96.83722,17.10518],[96.83713,17.10518]]],[[[96.83578,17.10698],[96.83632,17.10626],[96.83632,17.10473],[96.83668,17.10473],[96.83668,17.10437],[96.83722,17.1041],[96.83722,17.10356],[96.83668,17.10356],[96.83659,17.10302],[96.83623,17.10293],[96.83623,17.10222],[96.83596,17.10222],[96.8356,17.10365],[96.83417,17.10374],[96.83408,17.10473],[96.83354,17.10455],[96.83399,17.10617],[96.83488,17.10635],[96.83488,17.10563],[96.83524,17.10563],[96.83551,17.10635],[96.83533,17.10698],[96.83578,17.10698]]],[[[96.85707,17.10698],[96.85725,17.10572],[96.85662,17.1059],[96.8568,17.10698],[96.85707,17.10698]]],[[[96.83435,17.10752],[96.83452,17.10671],[96.83399,17.10635],[96.83345,17.10689],[96.83345,17.10761],[96.83408,17.10743],[96.83408,17.10797],[96.83444,17.10797],[96.83444,17.10752],[96.83435,17.10752]]],[[[96.8648,17.10841],[96.86507,17.10761],[96.8648,17.10626],[96.86525,17.10491],[96.86354,17.10482],[96.86354,17.10545],[96.86318,17.10536],[96.86318,17.10491],[96.86255,17.10491],[96.86282,17.10509],[96.86255,17.10653],[96.86318,17.10716],[96.8639,17.10716],[96.86417,17.1077],[96.86462,17.1077],[96.86462,17.10815],[96.86435,17.10823],[96.86471,17.10841],[96.8648,17.10841]]],[[[96.82141,17.10761],[96.82141,17.10716],[96.82105,17.10707],[96.82114,17.1085],[96.8215,17.1085],[96.8215,17.10761],[96.82141,17.10761]]],[[[96.8515,17.11093],[96.85105,17.11093],[96.85096,17.11057],[96.85043,17.11084],[96.85132,17.11219],[96.85159,17.11219],[96.8515,17.11102],[96.8515,17.11093]]],[[[96.84207,17.11282],[96.84225,17.11201],[96.8427,17.11219],[96.8427,17.11192],[96.84117,17.11174],[96.84144,17.11273],[96.84189,17.11282],[96.84207,17.11282]]],[[[96.83938,17.11336],[96.83965,17.113],[96.83956,17.1121],[96.83893,17.11246],[96.83902,17.11327],[96.83929,17.11336],[96.83938,17.11336]]],[[[96.84504,17.11434],[96.8471,17.11407],[96.84755,17.11138],[96.84818,17.1112],[96.84989,17.10877],[96.85159,17.10779],[96.8533,17.1059],[96.85698,17.1041],[96.85761,17.10347],[96.85887,17.10302],[96.85914,17.10258],[96.86597,17.10042],[96.86758,17.10033],[96.86785,17.09988],[96.86857,17.09997],[96.86893,17.09943],[96.86956,17.09997],[96.87136,17.09943],[96.87136,17.09799],[96.87082,17.09674],[96.871,17.09422],[96.87055,17.0909],[96.87019,17.09063],[96.87028,17.08946],[96.86974,17.08928],[96.86938,17.08865],[96.86875,17.08856],[96.8683,17.08784],[96.86785,17.08775],[96.8674,17.08793],[96.86731,17.08874],[96.86695,17.08874],[96.86677,17.08928],[96.86597,17.08919],[96.86606,17.08991],[96.86579,17.08991],[96.86579,17.08955],[96.86471,17.08991],[96.86489,17.08919],[96.86462,17.08919],[96.86381,17.08973],[96.86381,17.09018],[96.86462,17.09045],[96.86462,17.09108],[96.86408,17.09117],[96.86417,17.09189],[96.86354,17.09162],[96.86354,17.09135],[96.86399,17.09135],[96.86399,17.09072],[96.86327,17.09054],[96.86309,17.09135],[96.86273,17.09135],[96.86246,17.09207],[96.86201,17.09224],[96.86201,17.09162],[96.86273,17.09018],[96.86237,17.08955],[96.863,17.08865],[96.86309,17.08775],[96.86444,17.08721],[96.86453,17.0865],[96.86561,17.08632],[96.86579,17.08569],[96.86668,17.08542],[96.86704,17.08488],[96.86686,17.08452],[96.86642,17.08461],[96.86588,17.08407],[96.8639,17.08416],[96.86372,17.0847],[96.863,17.08479],[96.86273,17.08443],[96.86138,17.08407],[96.86076,17.08452],[96.85995,17.08416],[96.85914,17.08452],[96.85833,17.08443],[96.85788,17.08479],[96.85779,17.08533],[96.85752,17.08533],[96.85752,17.08443],[96.85707,17.08479],[96.85573,17.08461],[96.85528,17.08488],[96.85555,17.08739],[96.8551,17.08739],[96.85474,17.08677],[96.85465,17.08721],[96.8542,17.08739],[96.85429,17.08793],[96.85357,17.08829],[96.85348,17.08919],[96.85384,17.08919],[96.85357,17.09054],[96.85393,17.09063],[96.85393,17.09018],[96.8542,17.09018],[96.8542,17.09063],[96.85465,17.09072],[96.85465,17.09126],[96.8551,17.09144],[96.85546,17.09216],[96.85564,17.09171],[96.85617,17.0918],[96.85564,17.09251],[96.85626,17.09287],[96.85617,17.09368],[96.85689,17.09377],[96.85698,17.09467],[96.85725,17.09476],[96.85716,17.09602],[96.85662,17.09638],[96.85761,17.09674],[96.85851,17.09647],[96.85824,17.09737],[96.85896,17.09737],[96.85887,17.09799],[96.85833,17.09781],[96.85824,17.09746],[96.85725,17.09737],[96.85689,17.09853],[96.85779,17.0988],[96.85779,17.09943],[96.85734,17.0997],[96.85743,17.09916],[96.85653,17.09889],[96.85662,17.1006],[96.85608,17.10078],[96.85653,17.10087],[96.85653,17.10132],[96.8559,17.10141],[96.85546,17.10177],[96.85537,17.10231],[96.85411,17.10285],[96.85393,17.10374],[96.85267,17.10383],[96.85204,17.10455],[96.8515,17.10455],[96.85141,17.10491],[96.85078,17.10491],[96.85105,17.10527],[96.85177,17.105],[96.85141,17.10626],[96.85034,17.10626],[96.85007,17.10698],[96.84953,17.10698],[96.84917,17.10752],[96.84827,17.10761],[96.84818,17.10734],[96.84755,17.10761],[96.84692,17.1085],[96.8471,17.10958],[96.84665,17.10958],[96.84665,17.10994],[96.8462,17.10994],[96.8462,17.11021],[96.84548,17.10994],[96.84539,17.11057],[96.84459,17.11093],[96.84477,17.11138],[96.84512,17.11138],[96.84539,17.11066],[96.84575,17.11066],[96.84602,17.11129],[96.84557,17.11129],[96.84566,17.1121],[96.84512,17.11192],[96.84512,17.11219],[96.84584,17.11246],[96.84611,17.11246],[96.84602,17.1121],[96.84674,17.11219],[96.84683,17.11282],[96.8445,17.11434],[96.84504,17.11434]],[[96.86058,17.09817],[96.85995,17.09737],[96.86174,17.0971],[96.86103,17.09817],[96.86058,17.09817]],[[96.86228,17.09719],[96.8621,17.0953],[96.86282,17.09539],[96.86246,17.09449],[96.86309,17.09431],[96.86318,17.09278],[96.86354,17.0926],[96.86345,17.09341],[96.86408,17.09368],[96.86417,17.09323],[96.86462,17.09323],[96.86498,17.09422],[96.86417,17.09449],[96.86408,17.09404],[96.86363,17.09404],[96.86372,17.09548],[96.86291,17.09575],[96.86336,17.09638],[96.86264,17.09638],[96.86255,17.09719],[96.86228,17.09719]],[[96.86103,17.09224],[96.86112,17.09269],[96.86067,17.09269],[96.86067,17.09189],[96.8612,17.09126],[96.86156,17.09126],[96.86147,17.09216],[96.86112,17.09224],[96.86103,17.09224]],[[96.85824,17.09269],[96.85833,17.09341],[96.85806,17.09341],[96.85806,17.09386],[96.8577,17.09386],[96.85725,17.09251],[96.85815,17.09269],[96.85824,17.09269]],[[96.86112,17.09431],[96.86112,17.09467],[96.8604,17.09458],[96.8604,17.09485],[96.86004,17.09485],[96.86022,17.09539],[96.85986,17.09557],[96.85968,17.09485],[96.85995,17.09485],[96.85995,17.0944],[96.86103,17.09431],[96.86112,17.09431]],[[96.86058,17.09566],[96.86049,17.09494],[96.86094,17.09494],[96.86112,17.09548],[96.86174,17.09521],[96.8612,17.09611],[96.8604,17.09602],[96.8604,17.09566],[96.86058,17.09566]]],[[[96.83821,17.11416],[96.83821,17.11389],[96.83875,17.1138],[96.83875,17.11327],[96.83794,17.11353],[96.83776,17.11443],[96.8383,17.11443],[96.8383,17.11416],[96.83821,17.11416]]],[[[96.81755,17.11605],[96.81791,17.11542],[96.81683,17.11587],[96.81683,17.11623],[96.81764,17.11605],[96.81755,17.11605]]],[[[96.84216,17.11632],[96.84216,17.11578],[96.84333,17.11578],[96.8436,17.11533],[96.84459,17.11524],[96.84423,17.11443],[96.84162,17.11497],[96.84162,17.11524],[96.84207,17.11533],[96.84207,17.1156],[96.84144,17.11587],[96.8418,17.11632],[96.84216,17.11632]]],[[[96.9717,17.11632],[96.97251,17.11551],[96.97305,17.1156],[96.97349,17.11506],[96.97493,17.11461],[96.97511,17.11389],[96.97412,17.11353],[96.9743,17.11407],[96.97322,17.11407],[96.97322,17.11452],[96.97251,17.11425],[96.97269,17.11497],[96.97215,17.1147],[96.97215,17.11551],[96.97143,17.11533],[96.97143,17.11632],[96.9717,17.11632]]],[[[96.81629,17.11641],[96.81656,17.11632],[96.81656,17.11587],[96.81521,17.11605],[96.81521,17.11632],[96.81584,17.11641],[96.81629,17.11641]]],[[[96.97691,17.11677],[96.977,17.1165],[96.97861,17.11632],[96.97861,17.11578],[96.97709,17.11596],[96.97682,17.1156],[96.97574,17.1156],[96.97475,17.11587],[96.97484,17.11632],[96.97628,17.11632],[96.97664,17.11677],[96.97691,17.11677]]],[[[96.97915,17.11695],[96.97915,17.11668],[96.98077,17.11668],[96.98068,17.11569],[96.98104,17.11506],[96.98059,17.11506],[96.98032,17.11569],[96.97987,17.11569],[96.9796,17.11641],[96.97897,17.11641],[96.9787,17.11695],[96.97915,17.11695]]],[[[96.84,17.11731],[96.84018,17.11677],[96.84135,17.11632],[96.84135,17.11596],[96.84009,17.11641],[96.83893,17.11632],[96.83884,17.11695],[96.83956,17.11704],[96.83956,17.11659],[96.83982,17.11659],[96.83974,17.11731],[96.84,17.11731]]],[[[96.97664,17.11758],[96.97664,17.11695],[96.97565,17.11704],[96.97601,17.11758],[96.97664,17.11758]]],[[[96.85995,17.11821],[96.86031,17.11812],[96.86076,17.11722],[96.86067,17.11659],[96.86094,17.11659],[96.86094,17.11704],[96.86129,17.11704],[96.86156,17.11578],[96.86076,17.11623],[96.86076,17.11542],[96.85959,17.11515],[96.85959,17.11569],[96.86004,17.11569],[96.85977,17.11641],[96.85995,17.11704],[96.85959,17.11704],[96.85968,17.11821],[96.85995,17.11821]]],[[[96.97511,17.1183],[96.97529,17.11713],[96.97484,17.11659],[96.97421,17.11668],[96.97412,17.1174],[96.97493,17.11776],[96.97484,17.1183],[96.97511,17.1183]]],[[[96.85267,17.11875],[96.85267,17.11848],[96.85321,17.11857],[96.85303,17.11803],[96.8533,17.1183],[96.85393,17.11821],[96.85393,17.11758],[96.85222,17.11722],[96.85204,17.11866],[96.85231,17.11875],[96.85267,17.11875]]],[[[96.83713,17.11839],[96.8365,17.11812],[96.8365,17.11785],[96.83731,17.11749],[96.8374,17.11668],[96.83713,17.11623],[96.83641,17.11632],[96.83641,17.11668],[96.83614,17.11668],[96.83614,17.11632],[96.83479,17.11569],[96.83479,17.11524],[96.83417,17.11542],[96.83426,17.11488],[96.83515,17.11434],[96.8356,17.11219],[96.83641,17.11075],[96.83641,17.11039],[96.83587,17.11021],[96.83614,17.10958],[96.83587,17.10895],[96.83542,17.10895],[96.83542,17.1103],[96.83506,17.11039],[96.83497,17.10931],[96.83515,17.10877],[96.8356,17.10868],[96.83551,17.10761],[96.83488,17.10743],[96.83461,17.10815],[96.83444,17.11075],[96.8339,17.11138],[96.83372,17.11264],[96.83372,17.113],[96.83435,17.113],[96.83435,17.11345],[96.8339,17.11461],[96.83354,17.11461],[96.83327,17.11407],[96.83273,17.11407],[96.83273,17.11362],[96.83318,17.11362],[96.83336,17.11309],[96.83354,17.11048],[96.83408,17.11003],[96.83426,17.10877],[96.83399,17.10841],[96.83354,17.10841],[96.83354,17.10788],[96.83309,17.10788],[96.83282,17.10716],[96.83219,17.10689],[96.83228,17.10608],[96.83165,17.10581],[96.83183,17.10464],[96.8312,17.1041],[96.83129,17.10338],[96.83057,17.10258],[96.83057,17.10231],[96.83093,17.10231],[96.83066,17.10168],[96.83156,17.10168],[96.83192,17.10105],[96.83156,17.10024],[96.82994,17.10042],[96.83003,17.09853],[96.83039,17.09853],[96.83048,17.09799],[96.83021,17.0971],[96.82949,17.09719],[96.82931,17.09638],[96.8286,17.09575],[96.82869,17.09503],[96.82824,17.09494],[96.82824,17.09467],[96.8286,17.09467],[96.82851,17.09422],[96.82689,17.09377],[96.82716,17.09458],[96.82788,17.09458],[96.82752,17.09539],[96.82779,17.09566],[96.82779,17.09692],[96.82824,17.09737],[96.82824,17.09835],[96.82878,17.09934],[96.82913,17.10141],[96.82976,17.10168],[96.82949,17.10249],[96.83012,17.10249],[96.82985,17.10392],[96.8303,17.10464],[96.83003,17.10464],[96.83021,17.1059],[96.82994,17.10779],[96.83039,17.10779],[96.83057,17.10931],[96.82994,17.10949],[96.82994,17.11336],[96.83012,17.11506],[96.83039,17.11506],[96.83021,17.1165],[96.83048,17.11884],[96.83111,17.11875],[96.83111,17.11794],[96.83264,17.11875],[96.83327,17.11866],[96.83327,17.1183],[96.83291,17.1183],[96.833,17.11767],[96.83336,17.11767],[96.83345,17.11812],[96.83435,17.11785],[96.83444,17.1183],[96.83479,17.1183],[96.83506,17.11767],[96.83623,17.11794],[96.83605,17.11884],[96.83722,17.11892],[96.83722,17.11839],[96.83713,17.11839]],[[96.83452,17.11749],[96.83444,17.11722],[96.83354,17.11704],[96.8339,17.11596],[96.83497,17.11686],[96.83488,17.11749],[96.83452,17.11749]],[[96.83129,17.1138],[96.83093,17.113],[96.83111,17.11102],[96.83084,17.11102],[96.83093,17.10815],[96.83129,17.10797],[96.83129,17.10734],[96.8321,17.1077],[96.8321,17.10815],[96.83318,17.10841],[96.83318,17.10877],[96.83264,17.10886],[96.83264,17.10976],[96.83336,17.10994],[96.83336,17.1103],[96.83219,17.11012],[96.83255,17.11048],[96.83228,17.11129],[96.83264,17.11156],[96.83291,17.11057],[96.83318,17.11057],[96.83327,17.11138],[96.833,17.11219],[96.83255,17.11219],[96.83246,17.11192],[96.8321,17.11353],[96.83174,17.1138],[96.83129,17.1138]]],[[[96.86489,17.12009],[96.86498,17.11839],[96.86444,17.11839],[96.86462,17.12009],[96.86489,17.12009]]],[[[96.86363,17.12036],[96.8639,17.11973],[96.86417,17.11973],[96.86435,17.11875],[96.86372,17.11875],[96.86363,17.11928],[96.86336,17.11928],[96.86336,17.11892],[96.86246,17.11892],[96.86246,17.11928],[96.86291,17.11937],[96.86282,17.12027],[96.86336,17.12036],[96.86363,17.12036]]],[[[96.85078,17.11551],[96.85096,17.11533],[96.85078,17.1156],[96.8515,17.1156],[96.85168,17.11623],[96.85231,17.11623],[96.85276,17.11722],[96.85393,17.11704],[96.85402,17.11749],[96.85438,17.11749],[96.85447,17.11686],[96.85519,17.11704],[96.8551,17.1165],[96.85546,17.1165],[96.85546,17.11605],[96.85581,17.11587],[96.85689,17.11605],[96.85689,17.11542],[96.8577,17.11551],[96.85788,17.11506],[96.85869,17.11497],[96.85977,17.11416],[96.86085,17.11416],[96.86085,17.11443],[96.86138,17.11425],[96.86085,17.11515],[96.86138,17.11569],[96.86192,17.11569],[96.86201,17.11659],[96.86174,17.11659],[96.86165,17.11731],[96.86273,17.11695],[96.86264,17.11623],[96.86318,17.11614],[96.86309,17.11695],[96.8639,17.11677],[96.8639,17.11722],[96.86426,17.11722],[96.86444,17.11785],[96.86534,17.11776],[96.86543,17.11892],[96.86615,17.11848],[96.86615,17.11785],[96.8674,17.11839],[96.86794,17.1183],[96.86794,17.11785],[96.86866,17.11767],[96.86857,17.11848],[96.86794,17.1183],[96.86794,17.11857],[96.86713,17.11875],[96.86695,17.11919],[96.86615,17.11937],[96.86606,17.12045],[96.86677,17.12054],[96.86785,17.12018],[96.86785,17.11964],[96.86722,17.11955],[96.86722,17.11919],[96.86776,17.11884],[96.86803,17.11884],[96.8683,17.11973],[96.86929,17.11982],[96.8701,17.11596],[96.86983,17.11569],[96.87001,17.11515],[96.86965,17.11506],[96.86992,17.11434],[96.86902,17.11371],[96.86902,17.11345],[96.86965,17.11345],[96.86902,17.11228],[96.8683,17.11255],[96.8683,17.113],[96.86704,17.11309],[96.86704,17.11362],[96.86785,17.11318],[96.86776,17.11398],[96.86686,17.11398],[96.86668,17.11371],[96.86659,17.11282],[96.86749,17.11264],[96.86749,17.1121],[96.86633,17.11192],[96.86633,17.11219],[96.86588,17.11219],[96.86588,17.11174],[96.86677,17.11138],[96.86695,17.11075],[96.8657,17.11075],[96.86489,17.11138],[96.86498,17.11237],[96.86408,17.11237],[96.86426,17.11353],[96.86399,17.11353],[96.86381,17.11273],[96.86336,17.11336],[96.86282,17.11353],[96.86282,17.11398],[96.86354,17.11416],[96.86381,17.11389],[96.86381,17.11425],[96.86453,17.11425],[96.86444,17.11362],[96.86489,17.11353],[96.86489,17.11434],[96.86444,17.11434],[96.86444,17.1147],[96.86255,17.11452],[96.86246,17.11497],[96.86192,17.11515],[96.86192,17.1138],[96.86165,17.11353],[96.86219,17.11362],[96.86237,17.11309],[96.86058,17.11336],[96.86076,17.11264],[96.85977,17.11264],[96.85986,17.1121],[96.86067,17.11201],[96.86076,17.11129],[96.8612,17.11129],[96.86192,17.11156],[96.86183,17.11246],[96.86255,17.11273],[96.86309,17.11156],[96.86273,17.11138],[96.86291,17.11066],[96.86246,17.11066],[96.86237,17.11093],[96.86174,17.11093],[96.86174,17.11129],[96.86147,17.11102],[96.85932,17.11102],[96.85932,17.11147],[96.85869,17.1112],[96.85806,17.11138],[96.85788,17.11255],[96.85752,17.11282],[96.85716,17.11282],[96.85707,17.11246],[96.85626,17.11273],[96.85626,17.11309],[96.8568,17.11336],[96.8568,17.11389],[96.85483,17.11425],[96.85456,17.11416],[96.85456,17.11362],[96.85411,17.11362],[96.8542,17.11479],[96.85393,17.11479],[96.85366,17.1138],[96.85285,17.11318],[96.85321,17.11237],[96.85393,17.11201],[96.85321,17.11201],[96.85357,17.11129],[96.85348,17.11057],[96.85384,17.11066],[96.85429,17.11174],[96.85537,17.11111],[96.85483,17.11057],[96.85483,17.11012],[96.8533,17.11021],[96.8533,17.10967],[96.85231,17.10976],[96.85231,17.1094],[96.85204,17.10985],[96.85231,17.10985],[96.85267,17.11111],[96.85222,17.11156],[96.85213,17.11219],[96.85294,17.11228],[96.85294,17.11264],[96.85213,17.11264],[96.85231,17.11362],[96.85186,17.11389],[96.85186,17.11434],[96.8515,17.11425],[96.85186,17.11336],[96.85114,17.11318],[96.85096,17.11389],[96.85034,17.11389],[96.84971,17.11452],[96.84998,17.11551],[96.85069,17.11551],[96.85078,17.11551]],[[96.86534,17.1165],[96.86534,17.1174],[96.86426,17.11704],[96.86435,17.11659],[96.86507,17.1165],[96.86534,17.1165]]],[[[96.85986,17.12135],[96.8604,17.12126],[96.86004,17.11982],[96.8604,17.11982],[96.86058,17.11919],[96.85995,17.11928],[96.85968,17.12027],[96.85914,17.12036],[96.85914,17.12063],[96.85959,17.12063],[96.85959,17.12099],[96.85914,17.12099],[96.85923,17.12135],[96.85986,17.12135]]],[[[96.83758,17.12072],[96.83767,17.1218],[96.8383,17.12198],[96.83866,17.12099],[96.83839,17.12018],[96.83812,17.12018],[96.83812,17.12072],[96.83767,17.12072],[96.83758,17.12072]]],[[[96.86633,17.12198],[96.86633,17.12171],[96.86677,17.12171],[96.86677,17.12117],[96.86704,17.12117],[96.86695,17.12072],[96.86642,17.12072],[96.86606,17.12198],[96.86633,17.12198]]],[[[96.82851,17.12315],[96.8286,17.12126],[96.82824,17.11928],[96.82797,17.11857],[96.82743,17.11857],[96.82743,17.1209],[96.8277,17.12171],[96.82806,17.12171],[96.82824,17.12315],[96.82851,17.12315]]],[[[96.86812,17.1236],[96.86875,17.12351],[96.86902,17.12243],[96.86866,17.12243],[96.86812,17.12333],[96.86812,17.1236]]],[[[96.87127,17.1244],[96.87127,17.12369],[96.87172,17.12342],[96.87145,17.12252],[96.87064,17.1227],[96.87055,17.12422],[96.87082,17.1244],[96.87127,17.1244]]],[[[96.81422,17.12494],[96.81413,17.12422],[96.8153,17.12369],[96.81521,17.12324],[96.8144,17.12315],[96.81431,17.1236],[96.81377,17.12351],[96.81377,17.12414],[96.81332,17.12414],[96.81332,17.12449],[96.81395,17.12494],[96.81422,17.12494]]],[[[96.81288,17.12575],[96.81332,17.12494],[96.81252,17.12494],[96.81243,17.12521],[96.81135,17.12548],[96.81243,17.12575],[96.81288,17.12575]]],[[[96.97062,17.12593],[96.97107,17.12539],[96.97107,17.12485],[96.9717,17.12449],[96.97152,17.12342],[96.97179,17.12342],[96.9717,17.12297],[96.97143,17.12297],[96.9717,17.12189],[96.97098,17.12045],[96.97071,17.12045],[96.97053,17.11937],[96.97062,17.11767],[96.97098,17.11749],[96.97062,17.11677],[96.97107,17.11632],[96.97107,17.11551],[96.97008,17.11551],[96.96927,17.11452],[96.96918,17.11353],[96.96855,17.11362],[96.9681,17.11264],[96.96721,17.11237],[96.96703,17.11147],[96.96667,17.11147],[96.9664,17.11066],[96.96595,17.11066],[96.96532,17.10886],[96.96469,17.10859],[96.96379,17.10689],[96.96307,17.10671],[96.9628,17.10599],[96.96209,17.10599],[96.96227,17.10482],[96.96191,17.10473],[96.96182,17.10419],[96.9611,17.10419],[96.96101,17.10365],[96.96074,17.10365],[96.9602,17.10401],[96.95966,17.10518],[96.9593,17.10518],[96.95921,17.10581],[96.95948,17.10581],[96.95975,17.10707],[96.96047,17.10734],[96.96047,17.10797],[96.96074,17.10797],[96.96074,17.1085],[96.96146,17.10931],[96.96164,17.11012],[96.96236,17.11039],[96.96236,17.11138],[96.96298,17.11291],[96.96334,17.11336],[96.96406,17.11336],[96.96379,17.11362],[96.96397,17.11443],[96.96469,17.11452],[96.96487,17.11515],[96.96451,17.11578],[96.96478,17.11587],[96.96478,17.11641],[96.96532,17.11641],[96.96514,17.11767],[96.96613,17.11937],[96.96712,17.11964],[96.96712,17.11991],[96.96676,17.11991],[96.96685,17.12072],[96.9673,17.1209],[96.96739,17.12144],[96.96837,17.12144],[96.96837,17.12171],[96.96766,17.12189],[96.9681,17.12342],[96.96855,17.12405],[96.96918,17.12405],[96.96936,17.12458],[96.96981,17.12458],[96.96981,17.12557],[96.97026,17.12557],[96.97026,17.12593],[96.97062,17.12593]],[[96.96586,17.11632],[96.96613,17.11578],[96.9655,17.11587],[96.96559,17.11533],[96.96532,17.11506],[96.96622,17.11524],[96.96667,17.11497],[96.96622,17.11632],[96.96586,17.11632]]],[[[96.87369,17.12755],[96.87387,17.12656],[96.87351,17.12611],[96.87387,17.12611],[96.87387,17.12584],[96.87333,17.12575],[96.87297,17.12638],[96.87333,17.12638],[96.87342,17.12755],[96.87369,17.12755]]],[[[96.81252,17.12773],[96.81243,17.12728],[96.81117,17.1271],[96.81063,17.12656],[96.81063,17.1271],[96.81126,17.12764],[96.81225,17.12773],[96.81252,17.12773]]],[[[96.7588,17.12863],[96.75952,17.12818],[96.75952,17.12701],[96.75916,17.12719],[96.75916,17.12818],[96.75871,17.12827],[96.75871,17.12764],[96.75826,17.12773],[96.75817,17.12845],[96.75853,17.12863],[96.7588,17.12863]]],[[[96.86938,17.12908],[96.86956,17.12782],[96.86929,17.12773],[96.86866,17.12809],[96.86848,17.12908],[96.86938,17.12908]]],[[[96.87315,17.13033],[96.87423,17.12979],[96.87432,17.13006],[96.87558,17.13015],[96.87567,17.12979],[96.87486,17.12979],[96.87459,17.12935],[96.87369,17.12944],[96.8736,17.12979],[96.87297,17.12988],[96.87306,17.13033],[96.87315,17.13033]]],[[[96.85752,17.1271],[96.85689,17.12692],[96.85635,17.12728],[96.85537,17.12719],[96.85564,17.12647],[96.85393,17.12656],[96.85375,17.12602],[96.85249,17.12629],[96.85276,17.12602],[96.85249,17.1253],[96.8533,17.12512],[96.85294,17.12458],[96.85303,17.12396],[96.85267,17.12396],[96.85195,17.12503],[96.85096,17.12539],[96.85051,17.12701],[96.85132,17.12692],[96.85132,17.12719],[96.85096,17.12728],[96.85087,17.12782],[96.85025,17.12791],[96.84953,17.12881],[96.84908,17.12872],[96.84908,17.12827],[96.84854,17.12827],[96.84836,17.1289],[96.84899,17.1289],[96.84917,17.12961],[96.84989,17.1297],[96.85007,17.12926],[96.85087,17.12952],[96.85096,17.13015],[96.84998,17.13033],[96.84998,17.13069],[96.85177,17.1306],[96.85141,17.12872],[96.85177,17.12872],[96.85231,17.12782],[96.85366,17.12782],[96.85375,17.12746],[96.85573,17.12746],[96.85698,17.128],[96.85752,17.12746],[96.85752,17.1271]]],[[[96.76356,17.13078],[96.76374,17.12997],[96.76311,17.12979],[96.76284,17.13042],[96.7632,17.13042],[96.76329,17.13078],[96.76356,17.13078]]],[[[96.60357,17.13087],[96.60357,17.1306],[96.6042,17.13069],[96.6042,17.13033],[96.60312,17.13006],[96.60294,17.12961],[96.60231,17.12961],[96.60204,17.13051],[96.60303,17.13033],[96.60312,17.13087],[96.60357,17.13087]]],[[[96.60483,17.13141],[96.60501,17.13069],[96.60563,17.13051],[96.60563,17.12997],[96.6059,17.12997],[96.60572,17.12854],[96.60518,17.12881],[96.60527,17.13006],[96.60456,17.13033],[96.60456,17.13141],[96.60483,17.13141]]],[[[96.75215,17.13168],[96.75224,17.13087],[96.7526,17.13069],[96.7526,17.12917],[96.75215,17.12917],[96.75215,17.12952],[96.75161,17.12988],[96.7517,17.13168],[96.75215,17.13168]]],[[[96.81234,17.13177],[96.81341,17.13096],[96.81404,17.13096],[96.81431,17.13051],[96.81198,17.13123],[96.81189,17.13177],[96.81234,17.13177]]],[[[96.86579,17.13177],[96.86633,17.13141],[96.86552,17.12782],[96.86597,17.12728],[96.86597,17.12638],[96.8657,17.12674],[96.86534,17.12647],[96.86435,17.12665],[96.86444,17.12719],[96.86471,17.12719],[96.86435,17.12863],[96.86471,17.12863],[96.86471,17.1289],[96.86417,17.1289],[96.86489,17.12979],[96.86462,17.13033],[96.86561,17.13105],[96.86561,17.13177],[96.86579,17.13177]]],[[[96.77012,17.13105],[96.77012,17.13033],[96.76967,17.13033],[96.76985,17.13195],[96.77021,17.13195],[96.77021,17.13105],[96.77012,17.13105]]],[[[96.86911,17.13195],[96.8692,17.13114],[96.86812,17.13087],[96.86821,17.13195],[96.86911,17.13195]]],[[[96.87225,17.13213],[96.87225,17.13159],[96.8727,17.13159],[96.87261,17.13078],[96.87207,17.13096],[96.87198,17.13213],[96.87225,17.13213]]],[[[96.60689,17.13267],[96.60716,17.13231],[96.60761,17.13231],[96.60752,17.13159],[96.60644,17.12952],[96.60617,17.12952],[96.60635,17.13051],[96.60608,17.13051],[96.60572,17.13186],[96.60608,17.13204],[96.60653,17.13177],[96.60635,17.13267],[96.60689,17.13267]]],[[[96.75053,17.13267],[96.7517,17.13231],[96.75161,17.13168],[96.75125,17.13168],[96.75125,17.13213],[96.74999,17.13231],[96.74999,17.13267],[96.75053,17.13267]]],[[[96.74865,17.1324],[96.74865,17.13195],[96.74963,17.13195],[96.74963,17.13132],[96.74856,17.1315],[96.74829,17.13123],[96.74811,17.13177],[96.74784,17.13177],[96.74811,17.13276],[96.74883,17.13276],[96.74883,17.1324],[96.74865,17.1324]]],[[[96.59818,17.13294],[96.59854,17.13258],[96.59809,17.13258],[96.59782,17.13132],[96.5971,17.13096],[96.59719,17.13231],[96.59782,17.13258],[96.59791,17.13294],[96.59818,17.13294]]],[[[96.87603,17.13303],[96.87612,17.13186],[96.87531,17.13231],[96.87531,17.13276],[96.87567,17.13276],[96.87567,17.13303],[96.87603,17.13303]]],[[[96.74532,17.1333],[96.74559,17.13303],[96.74541,17.1324],[96.74739,17.13204],[96.74739,17.13177],[96.74595,17.13186],[96.74595,17.13114],[96.74622,17.13087],[96.74685,17.13105],[96.74685,17.1306],[96.74532,17.13069],[96.74559,17.13204],[96.7446,17.13168],[96.74505,17.1333],[96.74532,17.1333]]],[[[96.86875,17.13366],[96.8692,17.13348],[96.86929,17.13258],[96.86812,17.13267],[96.86848,17.13366],[96.86875,17.13366]]],[[[96.85339,17.13375],[96.85366,17.13312],[96.85438,17.13303],[96.85438,17.13231],[96.85285,17.13213],[96.85303,17.13375],[96.85339,17.13375]]],[[[96.77622,17.13411],[96.77622,17.13267],[96.77542,17.13267],[96.77542,17.13222],[96.77497,17.13222],[96.77479,17.13294],[96.77515,17.13294],[96.77524,17.13339],[96.77595,17.13348],[96.77595,17.13411],[96.77622,17.13411]]],[[[96.77982,17.13447],[96.78099,17.13402],[96.78099,17.13249],[96.77991,17.13267],[96.77955,17.13321],[96.77901,17.13312],[96.7791,17.13447],[96.77982,17.13447]]],[[[96.78197,17.13447],[96.78242,17.1342],[96.78242,17.13339],[96.7835,17.13375],[96.78359,17.1333],[96.78224,17.13312],[96.78125,17.13339],[96.7817,17.13447],[96.78197,17.13447]]],[[[96.86103,17.13384],[96.86103,17.13429],[96.86183,17.13447],[96.86183,17.13366],[96.86138,17.13357],[96.86138,17.13384],[96.86103,17.13384]]],[[[96.61004,17.13456],[96.61022,17.13411],[96.61075,17.13411],[96.61084,17.13276],[96.61049,17.13231],[96.61004,17.13231],[96.60941,17.13294],[96.60932,17.13438],[96.60977,17.13456],[96.61004,17.13456]]],[[[96.87908,17.13456],[96.87917,17.13348],[96.87836,17.13312],[96.87782,17.13447],[96.87872,17.13411],[96.87872,17.13456],[96.87908,17.13456]]],[[[96.76383,17.13483],[96.76428,17.13438],[96.76338,17.13393],[96.76347,17.13483],[96.76383,17.13483]]],[[[96.60204,17.13491],[96.60249,17.1342],[96.60285,17.1342],[96.60285,17.13393],[96.60195,17.13375],[96.6024,17.13231],[96.6015,17.13267],[96.6015,17.13366],[96.60069,17.13366],[96.60069,17.13393],[96.60177,17.1342],[96.60177,17.13491],[96.60204,17.13491]]],[[[96.61273,17.13438],[96.61237,17.13429],[96.61228,17.13483],[96.61255,17.13483],[96.61255,17.13527],[96.61327,17.13536],[96.61282,17.13491],[96.61282,17.13438],[96.61273,17.13438]]],[[[96.74847,17.13545],[96.74847,17.13509],[96.74901,17.13491],[96.7491,17.13429],[96.74811,17.13447],[96.7482,17.13545],[96.74847,17.13545]]],[[[96.75431,17.1359],[96.75475,17.13447],[96.7544,17.13456],[96.75413,17.13527],[96.75386,17.13527],[96.75395,17.13456],[96.75251,17.13518],[96.75251,17.13554],[96.7535,17.13536],[96.75359,17.1359],[96.75431,17.1359]]],[[[96.76661,17.13653],[96.76661,17.13626],[96.76742,17.13635],[96.76751,17.13599],[96.76697,17.13563],[96.76697,17.13527],[96.76652,17.13527],[96.76652,17.13563],[96.76625,17.13563],[96.76625,17.13456],[96.76589,17.13456],[96.76571,17.13536],[96.76535,17.13563],[96.76535,17.1359],[96.76589,17.1359],[96.76589,17.13653],[96.76661,17.13653]]],[[[96.50969,17.13689],[96.50978,17.13581],[96.50996,17.13545],[96.51041,17.13545],[96.5105,17.13474],[96.51005,17.13465],[96.50978,17.13393],[96.50898,17.13393],[96.50889,17.13348],[96.50799,17.13339],[96.50655,17.13491],[96.50727,17.13518],[96.50817,17.13662],[96.50907,17.13689],[96.50969,17.13689]]],[[[96.7879,17.13698],[96.7879,17.13662],[96.78727,17.13635],[96.78727,17.13572],[96.78763,17.13581],[96.78799,17.13662],[96.78862,17.13644],[96.78826,17.13563],[96.78925,17.13572],[96.78952,17.13653],[96.78979,17.13653],[96.78979,17.13527],[96.79069,17.13527],[96.79087,17.1342],[96.79006,17.13429],[96.78997,17.13375],[96.79114,17.13366],[96.7915,17.13393],[96.79132,17.13267],[96.79221,17.13285],[96.7923,17.1324],[96.7923,17.13195],[96.79141,17.13195],[96.7915,17.13159],[96.79293,17.13159],[96.7932,17.13078],[96.79356,17.13078],[96.79356,17.13123],[96.79401,17.13123],[96.79401,17.13177],[96.79455,17.13186],[96.79428,17.13096],[96.79455,17.13033],[96.79356,17.1297],[96.7932,17.1289],[96.79248,17.1289],[96.79248,17.12935],[96.79221,17.12935],[96.79221,17.1289],[96.79132,17.12863],[96.79114,17.12908],[96.79078,17.12908],[96.79087,17.12827],[96.79203,17.12827],[96.7923,17.128],[96.79194,17.12737],[96.79212,17.12674],[96.79284,17.12701],[96.79275,17.12638],[96.79212,17.12638],[96.79212,17.12611],[96.79248,17.12611],[96.79239,17.12548],[96.79132,17.12548],[96.79069,17.12593],[96.79069,17.12656],[96.79024,17.12674],[96.79006,17.1297],[96.79033,17.13033],[96.79006,17.13033],[96.7897,17.12952],[96.78979,17.12836],[96.78925,17.12845],[96.78862,17.12988],[96.78799,17.13285],[96.78898,17.13303],[96.78943,17.13249],[96.7897,17.13249],[96.7897,17.13285],[96.78862,17.13357],[96.78754,17.13375],[96.78754,17.1342],[96.78682,17.13429],[96.78673,17.13599],[96.78629,17.13608],[96.78629,17.13635],[96.78691,17.13635],[96.78709,17.13698],[96.78763,17.13698],[96.7879,17.13698]]],[[[96.76032,17.13752],[96.76032,17.13725],[96.76068,17.13725],[96.7605,17.13581],[96.75987,17.1359],[96.75996,17.13644],[96.76032,17.13644],[96.75996,17.13752],[96.76032,17.13752]]],[[[96.50826,17.13698],[96.50799,17.1368],[96.5079,17.13752],[96.50889,17.13779],[96.50889,17.13734],[96.50844,17.13698],[96.50826,17.13698]]],[[[96.8807,17.13779],[96.88106,17.13734],[96.8816,17.13734],[96.88232,17.13635],[96.88357,17.13563],[96.88447,17.13483],[96.88456,17.13429],[96.88573,17.13348],[96.88645,17.13231],[96.88627,17.13096],[96.88582,17.1306],[96.88582,17.12988],[96.88483,17.12952],[96.88465,17.1289],[96.88411,17.12908],[96.88411,17.12872],[96.88357,17.12863],[96.88357,17.12836],[96.88483,17.12809],[96.88465,17.12755],[96.88375,17.12764],[96.88187,17.1289],[96.88232,17.12809],[96.88267,17.128],[96.88267,17.12746],[96.88375,17.12737],[96.8842,17.12701],[96.88366,17.12647],[96.88267,17.12638],[96.87989,17.1271],[96.87935,17.12746],[96.87953,17.128],[96.87926,17.128],[96.87926,17.12755],[96.87881,17.12764],[96.8789,17.12809],[96.87845,17.12809],[96.87845,17.12773],[96.87702,17.128],[96.87693,17.12737],[96.87764,17.12701],[96.87836,17.12728],[96.88052,17.12629],[96.88312,17.12575],[96.88519,17.12485],[96.88474,17.12126],[96.88429,17.12081],[96.88429,17.12],[96.88384,17.11982],[96.88384,17.1209],[96.88429,17.1209],[96.8842,17.12207],[96.88393,17.12207],[96.88348,17.12045],[96.88312,17.12036],[96.88258,17.11946],[96.88249,17.11884],[96.88276,17.11884],[96.88321,17.11892],[96.8833,17.11964],[96.88375,17.11964],[96.88375,17.11884],[96.8833,17.11875],[96.88339,17.11749],[96.88294,17.11677],[96.88241,17.11659],[96.88249,17.11578],[96.88169,17.11452],[96.88115,17.11461],[96.88106,17.11416],[96.87998,17.11434],[96.87944,17.11488],[96.87989,17.11533],[96.87971,17.11632],[96.87899,17.11587],[96.87818,17.11587],[96.87809,17.11641],[96.87728,17.11695],[96.87764,17.11596],[96.87764,17.11506],[96.87728,17.11506],[96.87728,17.11461],[96.87791,17.11398],[96.87764,17.11479],[96.87836,17.11488],[96.87854,17.11425],[96.87818,17.11425],[96.87791,17.11371],[96.87693,17.11398],[96.87702,17.11291],[96.87657,17.11291],[96.87657,17.11434],[96.87585,17.11461],[96.87585,17.11425],[96.8754,17.11398],[96.8754,17.11291],[96.87432,17.11273],[96.87423,17.113],[96.87468,17.11309],[96.87468,17.11336],[96.87423,17.11362],[96.87396,17.11434],[96.87333,17.11434],[96.87315,17.11488],[96.87243,17.11434],[96.87136,17.11866],[96.87064,17.11991],[96.87073,17.12054],[96.87028,17.12018],[96.87001,17.12099],[96.87136,17.1209],[96.87109,17.12117],[96.87127,17.12189],[96.8718,17.12171],[96.8718,17.12234],[96.8727,17.12216],[96.87324,17.12279],[96.87405,17.12243],[96.87405,17.12207],[96.87495,17.12216],[96.87531,17.1218],[96.87504,17.12117],[96.8754,17.12117],[96.8754,17.12153],[96.87567,17.12153],[96.87549,17.12324],[96.87603,17.12351],[96.87657,17.12288],[96.87719,17.12306],[96.87684,17.12387],[96.87764,17.12387],[96.87746,17.12494],[96.87719,17.12503],[96.87702,17.12584],[96.87675,17.12584],[96.87675,17.12629],[96.87594,17.12647],[96.87585,17.1271],[96.87531,17.12701],[96.87522,17.12773],[96.87522,17.12872],[96.87639,17.12881],[96.8763,17.12935],[96.87576,17.12935],[96.87594,17.13015],[96.87693,17.13015],[96.87684,17.1306],[96.8763,17.13087],[96.87648,17.13213],[96.87693,17.13168],[96.87684,17.13078],[96.87711,17.13105],[96.87881,17.13105],[96.8789,17.13141],[96.87926,17.13141],[96.87926,17.13105],[96.87872,17.13078],[96.87872,17.13033],[96.87935,17.1297],[96.8789,17.12899],[96.87989,17.12952],[96.8807,17.12836],[96.88124,17.12854],[96.88115,17.12908],[96.88151,17.12908],[96.88151,17.12935],[96.88052,17.12917],[96.88043,17.12952],[96.87953,17.12979],[96.87917,17.13033],[96.87935,17.13114],[96.88016,17.13096],[96.88016,17.13033],[96.88097,17.13033],[96.88106,17.13069],[96.88061,17.13123],[96.88106,17.13258],[96.88043,17.13285],[96.88043,17.13348],[96.87962,17.13339],[96.88007,17.13429],[96.87953,17.13429],[96.87953,17.13456],[96.88025,17.13456],[96.87971,17.13527],[96.88034,17.13527],[96.88034,17.13581],[96.88106,17.13563],[96.88034,17.13779],[96.8807,17.13779]],[[96.87216,17.11955],[96.87216,17.12009],[96.87163,17.12],[96.87145,17.11919],[96.87198,17.11919],[96.87198,17.11955],[96.87216,17.11955]],[[96.88196,17.11812],[96.88124,17.11713],[96.88142,17.1165],[96.88097,17.11632],[96.88079,17.11578],[96.88169,17.11641],[96.88187,17.11758],[96.88232,17.11794],[96.88232,17.11821],[96.88205,17.11812],[96.88196,17.11812]],[[96.87396,17.11686],[96.87396,17.11731],[96.8736,17.11731],[96.8736,17.11704],[96.87288,17.11731],[96.87288,17.11686],[96.8736,17.11668],[96.87369,17.11614],[96.87441,17.11587],[96.87432,17.11524],[96.87459,17.11524],[96.87468,17.11641],[96.87414,17.11686],[96.87396,17.11686]]],[[[96.76652,17.13806],[96.7667,17.13698],[96.76625,17.13698],[96.76625,17.13752],[96.76589,17.13752],[96.76598,17.13806],[96.76652,17.13806]]],[[[96.81162,17.13815],[96.81189,17.13779],[96.81135,17.13779],[96.81135,17.13752],[96.81198,17.13752],[96.81171,17.13662],[96.81243,17.1368],[96.81243,17.13635],[96.81072,17.13644],[96.81,17.13572],[96.80982,17.13761],[96.81036,17.13806],[96.81054,17.13698],[96.81099,17.13689],[96.81072,17.13806],[96.81108,17.13815],[96.81162,17.13815]]],[[[96.6157,17.13689],[96.61543,17.13689],[96.61543,17.13734],[96.61579,17.13824],[96.61614,17.13833],[96.61614,17.1377],[96.6157,17.13716],[96.6157,17.13689]]],[[[96.87576,17.13797],[96.87675,17.1368],[96.87531,17.13671],[96.8745,17.13716],[96.87468,17.13806],[96.87621,17.13833],[96.87603,17.13797],[96.87576,17.13797]]],[[[96.87351,17.13851],[96.87405,17.13797],[96.87441,17.13653],[96.87594,17.13626],[96.87549,17.13554],[96.87612,17.13554],[96.87621,17.13608],[96.87666,17.13617],[96.87594,17.1342],[96.8763,17.13411],[96.8763,17.13447],[96.87657,17.13447],[96.87657,17.1342],[96.87719,17.13393],[96.87746,17.13411],[96.87764,17.13375],[96.87702,17.13384],[96.87702,17.13348],[96.87809,17.1333],[96.87818,17.13222],[96.87737,17.13222],[96.87755,17.13285],[96.87675,17.13294],[96.87639,17.13339],[96.87531,17.1333],[96.87531,17.13285],[96.87432,17.13339],[96.87432,17.13393],[96.87342,17.13491],[96.87369,17.13698],[96.87342,17.1377],[96.87279,17.13779],[96.87324,17.13851],[96.87351,17.13851]]],[[[96.7614,17.13878],[96.76158,17.13833],[96.76095,17.13842],[96.76104,17.1377],[96.76023,17.13761],[96.7605,17.1386],[96.76113,17.13878],[96.7614,17.13878]]],[[[96.77272,17.13878],[96.77263,17.13797],[96.77317,17.13779],[96.77308,17.13734],[96.77281,17.13734],[96.77317,17.13635],[96.77218,17.13608],[96.77227,17.1368],[96.772,17.13716],[96.77227,17.13716],[96.77209,17.13797],[96.77236,17.13878],[96.77272,17.13878]]],[[[96.62135,17.13896],[96.62144,17.13824],[96.6218,17.13815],[96.62171,17.13761],[96.62234,17.13725],[96.62234,17.13671],[96.62001,17.13743],[96.62001,17.13797],[96.62046,17.13797],[96.62064,17.13833],[96.62064,17.13896],[96.62135,17.13896]]],[[[96.75143,17.13905],[96.75152,17.13824],[96.75044,17.13806],[96.75035,17.13887],[96.75098,17.13869],[96.75116,17.13905],[96.75143,17.13905]]],[[[96.81063,17.13905],[96.81045,17.13833],[96.80964,17.13815],[96.80973,17.13905],[96.81,17.13878],[96.81036,17.13878],[96.81036,17.13905],[96.81063,17.13905]]],[[[96.87261,17.13914],[96.87225,17.13878],[96.87207,17.13941],[96.87315,17.13977],[96.87315,17.13941],[96.8727,17.13914],[96.87261,17.13914]]],[[[96.74658,17.13986],[96.74667,17.13869],[96.74604,17.13887],[96.74604,17.13986],[96.74658,17.13986]]],[[[96.88663,17.1395],[96.88663,17.13896],[96.88708,17.13896],[96.88717,17.1386],[96.88681,17.13761],[96.88519,17.13779],[96.88564,17.13815],[96.88618,17.13788],[96.88636,17.13905],[96.88591,17.13932],[96.88609,17.13869],[96.88564,17.13869],[96.88546,17.13932],[96.88573,17.13977],[96.88645,17.1395],[96.88645,17.13986],[96.88708,17.13995],[96.88708,17.1395],[96.88663,17.1395]]],[[[96.7658,17.14013],[96.76652,17.13968],[96.76661,17.13905],[96.7658,17.13905],[96.7658,17.1395],[96.76553,17.1395],[96.76553,17.13887],[96.76437,17.13905],[96.76428,17.13968],[96.76482,17.14013],[96.7658,17.14013]]],[[[96.76167,17.1403],[96.76158,17.13941],[96.76059,17.13932],[96.76059,17.14021],[96.7614,17.1403],[96.76167,17.1403]]],[[[96.63151,17.14057],[96.63178,17.14013],[96.63124,17.14004],[96.63043,17.14021],[96.63043,17.14057],[96.63151,17.14057]]],[[[96.73625,17.14066],[96.7367,17.14039],[96.7367,17.14013],[96.73607,17.14013],[96.73625,17.13932],[96.73526,17.13932],[96.73517,17.14013],[96.7358,17.13995],[96.73598,17.14066],[96.73625,17.14066]]],[[[96.60195,17.14102],[96.60249,17.14057],[96.60213,17.13968],[96.60186,17.13968],[96.60195,17.14057],[96.60132,17.1403],[96.60141,17.14102],[96.60195,17.14102]]],[[[96.84926,17.14102],[96.84926,17.14057],[96.84881,17.14057],[96.84863,17.13986],[96.84782,17.13986],[96.84809,17.14093],[96.84881,17.14066],[96.84881,17.14102],[96.84926,17.14102]]],[[[96.75538,17.14129],[96.75592,17.1412],[96.75592,17.14057],[96.75502,17.14057],[96.75466,17.14093],[96.75475,17.14129],[96.75538,17.14129]]],[[[96.85995,17.14129],[96.86085,17.1412],[96.86112,17.13986],[96.86067,17.13995],[96.86022,17.14093],[96.85977,17.14093],[96.86004,17.1403],[96.85914,17.14057],[96.85914,17.1412],[96.85968,17.14129],[96.85995,17.14129]]],[[[96.85483,17.14174],[96.85546,17.1395],[96.85429,17.13959],[96.85366,17.14084],[96.85312,17.14093],[96.85312,17.14156],[96.8542,17.14174],[96.85483,17.14174]]],[[[96.53566,17.14183],[96.53601,17.14174],[96.5361,17.14111],[96.53539,17.14111],[96.53539,17.14075],[96.53619,17.14066],[96.53619,17.1403],[96.53557,17.14004],[96.53467,17.14057],[96.5353,17.14183],[96.53566,17.14183]]],[[[96.59818,17.14183],[96.59827,17.14156],[96.5989,17.14165],[96.59863,17.14066],[96.59899,17.1403],[96.5998,17.14057],[96.59971,17.14102],[96.59917,17.1412],[96.59926,17.14174],[96.60006,17.14129],[96.60033,17.14013],[96.59962,17.13995],[96.59953,17.13887],[96.60024,17.13878],[96.60024,17.13842],[96.60096,17.13842],[96.60105,17.13797],[96.6006,17.13788],[96.60069,17.13743],[96.60105,17.13743],[96.60078,17.13689],[96.60033,17.13698],[96.59917,17.13923],[96.59863,17.13932],[96.59791,17.14013],[96.59746,17.14013],[96.59782,17.14066],[96.59755,17.14129],[96.59773,17.14183],[96.59818,17.14183]]],[[[96.60779,17.14192],[96.60788,17.14129],[96.60986,17.14138],[96.61022,17.14004],[96.60914,17.13977],[96.60905,17.14084],[96.6086,17.14084],[96.60869,17.14004],[96.6077,17.14004],[96.6077,17.13977],[96.60833,17.13977],[96.60833,17.13914],[96.6095,17.13878],[96.60968,17.13824],[96.60869,17.13797],[96.6086,17.13725],[96.60815,17.1377],[96.60707,17.13743],[96.60707,17.13716],[96.60761,17.13698],[96.60761,17.13653],[96.60869,17.13689],[96.60869,17.13725],[96.60923,17.13716],[96.60923,17.13752],[96.60968,17.13752],[96.61013,17.13824],[96.61093,17.13851],[96.61093,17.13887],[96.60995,17.13851],[96.60995,17.13896],[96.6112,17.13923],[96.6112,17.13887],[96.61147,17.13887],[96.61192,17.13959],[96.61237,17.13959],[96.61237,17.13986],[96.61183,17.13968],[96.61156,17.14039],[96.61156,17.14075],[96.61228,17.14093],[96.61273,17.14093],[96.61246,17.14021],[96.61363,17.14039],[96.61363,17.13986],[96.61489,17.13995],[96.6148,17.13887],[96.61435,17.13851],[96.61408,17.13725],[96.61354,17.13707],[96.61363,17.13806],[96.61291,17.13824],[96.61246,17.13608],[96.6104,17.13617],[96.60869,17.1368],[96.60905,17.13617],[96.60833,17.13608],[96.60833,17.13581],[96.6077,17.13599],[96.60743,17.13563],[96.60671,17.13572],[96.60698,17.135],[96.60788,17.13509],[96.60788,17.13465],[96.60824,17.13474],[96.60842,17.13545],[96.60923,17.13563],[96.60923,17.13518],[96.6086,17.13509],[96.60851,17.13447],[96.60743,17.13447],[96.60716,17.13366],[96.60689,17.13366],[96.60698,17.1342],[96.60644,17.1342],[96.60644,17.13375],[96.6059,17.13375],[96.60572,17.1333],[96.60474,17.13348],[96.60465,17.13375],[96.60339,17.13375],[96.6033,17.13429],[96.60456,17.13438],[96.60456,17.13483],[96.60402,17.135],[96.60429,17.13554],[96.60375,17.13554],[96.6033,17.13491],[96.60285,17.13491],[96.60267,17.13536],[96.60294,17.13536],[96.60294,17.13581],[96.60195,17.13608],[96.60186,17.13698],[96.6024,17.13707],[96.6024,17.13734],[96.60231,17.13806],[96.60168,17.13842],[96.60168,17.13896],[96.60222,17.13896],[96.60249,17.13842],[96.60357,17.13788],[96.60492,17.13788],[96.60474,17.13707],[96.6051,17.13707],[96.60572,17.14004],[96.60545,17.14093],[96.60734,17.14075],[96.60734,17.14111],[96.60689,17.14111],[96.60689,17.14165],[96.60734,17.14165],[96.60734,17.14192],[96.60779,17.14192]],[[96.60617,17.14039],[96.60581,17.13878],[96.60626,17.13887],[96.60617,17.13959],[96.60689,17.13968],[96.6068,17.14039],[96.60617,17.14039]],[[96.60572,17.13743],[96.60581,17.13608],[96.60689,17.13617],[96.60698,17.13653],[96.60617,17.13671],[96.60608,17.13743],[96.60572,17.13743]],[[96.60545,17.13608],[96.60545,17.13581],[96.60465,17.13572],[96.60465,17.13545],[96.60563,17.13518],[96.60572,17.13608],[96.60545,17.13608]]],[[[96.77802,17.14246],[96.7782,17.14129],[96.7773,17.14111],[96.77775,17.14246],[96.77802,17.14246]]],[[[96.61147,17.14255],[96.61318,17.14192],[96.61318,17.14129],[96.61138,17.14111],[96.61057,17.14138],[96.6104,17.14246],[96.61111,17.14255],[96.61147,17.14255]]],[[[96.63824,17.14273],[96.63824,17.14138],[96.63627,17.14129],[96.636,17.14237],[96.63717,17.14237],[96.63717,17.14174],[96.63743,17.14174],[96.63761,17.14273],[96.63824,17.14273]]],[[[96.76428,17.14273],[96.76428,17.14237],[96.765,17.14246],[96.76544,17.14201],[96.76535,17.14129],[96.76491,17.14129],[96.76464,17.14183],[96.76428,17.14174],[96.76437,17.14048],[96.76374,17.14057],[96.76374,17.14093],[96.76329,17.14102],[96.76338,17.14165],[96.76311,17.14165],[96.76311,17.14111],[96.76266,17.14129],[96.76284,17.1421],[96.76257,17.14237],[96.7632,17.14237],[96.7632,17.14201],[96.76383,17.14183],[96.76401,17.14273],[96.76428,17.14273]]],[[[96.57285,17.14174],[96.57231,17.14174],[96.57258,17.14282],[96.57312,17.14282],[96.57303,17.14174],[96.57285,17.14174]]],[[[96.61947,17.14282],[96.61947,17.14183],[96.62055,17.14192],[96.62064,17.14156],[96.62144,17.14174],[96.62261,17.14138],[96.62288,17.14138],[96.62306,17.14246],[96.62369,17.14246],[96.62378,17.14174],[96.62414,17.14174],[96.62414,17.14147],[96.62369,17.14147],[96.62405,17.14084],[96.62396,17.1403],[96.62333,17.14013],[96.62342,17.13923],[96.62189,17.13977],[96.62126,17.13959],[96.62126,17.13995],[96.62082,17.13995],[96.62073,17.13932],[96.61992,17.13968],[96.61992,17.13941],[96.61947,17.13941],[96.61947,17.13887],[96.6192,17.13887],[96.61947,17.14075],[96.61983,17.14075],[96.61974,17.14004],[96.62019,17.14004],[96.62046,17.14057],[96.62109,17.14057],[96.62252,17.14021],[96.62252,17.13977],[96.62279,17.13977],[96.62288,17.1403],[96.62064,17.14084],[96.62055,17.14111],[96.61992,17.14084],[96.61947,17.14147],[96.61884,17.14138],[96.61848,17.14228],[96.61902,17.14282],[96.61947,17.14282]]],[[[96.54796,17.14327],[96.54841,17.14309],[96.54895,17.14201],[96.54805,17.1421],[96.54769,17.14327],[96.54796,17.14327]]],[[[96.61534,17.14327],[96.61552,17.14255],[96.61525,17.14156],[96.61345,17.14219],[96.61399,17.14327],[96.61507,17.14327],[96.61534,17.14327]]],[[[96.74317,17.14327],[96.74362,17.1421],[96.74353,17.13986],[96.74335,17.13959],[96.74272,17.13959],[96.74272,17.13986],[96.74182,17.13959],[96.74191,17.14183],[96.74227,17.14192],[96.74236,17.14255],[96.74182,17.14237],[96.74182,17.14273],[96.74119,17.14282],[96.74119,17.14318],[96.74263,17.14291],[96.74272,17.14327],[96.74317,17.14327]]],[[[96.77497,17.14345],[96.77497,17.14309],[96.77595,17.14336],[96.77595,17.143],[96.77497,17.14282],[96.77497,17.14255],[96.77398,17.14264],[96.77425,17.14174],[96.77398,17.14174],[96.77398,17.14129],[96.77317,17.14111],[96.77308,17.13968],[96.77245,17.13968],[96.77245,17.14255],[96.77317,17.14282],[96.77308,17.14219],[96.77335,17.14219],[96.77335,17.143],[96.7747,17.14345],[96.77497,17.14345]]],[[[96.53422,17.14354],[96.53449,17.14309],[96.53404,17.14309],[96.53404,17.14264],[96.5335,17.14264],[96.53332,17.14327],[96.53359,17.14354],[96.53422,17.14354]]],[[[96.53871,17.14363],[96.53898,17.14354],[96.53889,17.14273],[96.53817,17.14282],[96.53808,17.14336],[96.53844,17.14363],[96.53871,17.14363]]],[[[96.85078,17.14363],[96.85087,17.14309],[96.85168,17.14291],[96.85168,17.14264],[96.8506,17.14273],[96.85051,17.14363],[96.85078,17.14363]]],[[[96.73634,17.14381],[96.73643,17.14174],[96.7358,17.14138],[96.7358,17.14192],[96.73526,17.14183],[96.73526,17.1421],[96.73553,17.14219],[96.7358,17.14318],[96.73607,17.14318],[96.73607,17.14381],[96.73634,17.14381]]],[[[96.54284,17.14399],[96.54302,17.14327],[96.54257,17.14318],[96.54257,17.14282],[96.54293,17.14264],[96.54302,17.14192],[96.54284,17.14156],[96.54203,17.14147],[96.54194,17.14084],[96.54122,17.14057],[96.54122,17.14084],[96.54078,17.14084],[96.54087,17.14147],[96.5414,17.14147],[96.5414,17.14174],[96.54105,17.14174],[96.54078,17.143],[96.54176,17.14318],[96.54185,17.1439],[96.54257,17.14399],[96.54284,17.14399]]],[[[96.60545,17.14399],[96.60554,17.14246],[96.6051,17.14264],[96.60518,17.14399],[96.60545,17.14399]]],[[[96.63151,17.14327],[96.63151,17.14147],[96.63016,17.14138],[96.63052,17.14363],[96.63097,17.14363],[96.63097,17.14399],[96.63178,17.14399],[96.6316,17.14327],[96.63151,17.14327]]],[[[96.77676,17.14399],[96.77667,17.14264],[96.77703,17.14264],[96.77703,17.14129],[96.77649,17.14111],[96.77649,17.14084],[96.77694,17.14084],[96.77694,17.13977],[96.77622,17.13977],[96.77631,17.14084],[96.77604,17.14084],[96.77604,17.1412],[96.77649,17.14399],[96.77676,17.14399]]],[[[96.86201,17.14435],[96.86237,17.14426],[96.86237,17.1439],[96.8612,17.14345],[96.86156,17.14435],[96.86201,17.14435]]],[[[96.57563,17.14444],[96.57563,17.14363],[96.57464,17.1439],[96.57419,17.14237],[96.57347,17.14237],[96.57347,17.14273],[96.57383,17.14282],[96.57383,17.14309],[96.57347,17.14309],[96.57347,17.14354],[96.5741,17.14372],[96.57446,17.14444],[96.57563,17.14444]]],[[[96.60231,17.14399],[96.60231,17.14372],[96.60294,17.14345],[96.60294,17.143],[96.6015,17.143],[96.60186,17.14408],[96.60267,17.14444],[96.60267,17.14399],[96.60231,17.14399]]],[[[96.61444,17.14453],[96.61444,17.14408],[96.61498,17.14426],[96.61498,17.14354],[96.61399,17.14372],[96.61399,17.14453],[96.61444,17.14453]]],[[[96.74963,17.14453],[96.74999,17.14408],[96.7499,17.14336],[96.74927,17.14363],[96.74936,17.14453],[96.74963,17.14453]]],[[[96.78152,17.14453],[96.7817,17.14408],[96.78233,17.14399],[96.78188,17.14264],[96.78134,17.14264],[96.78134,17.143],[96.78036,17.14309],[96.78,17.14345],[96.78,17.1439],[96.78045,17.14399],[96.78045,17.14435],[96.78125,17.14453],[96.78152,17.14453]]],[[[96.82922,17.14408],[96.82922,17.14444],[96.82985,17.14453],[96.83003,17.14408],[96.83048,17.14408],[96.83048,17.14354],[96.82949,17.14372],[96.82949,17.14408],[96.82922,17.14408]]],[[[96.74847,17.14462],[96.7491,17.14453],[96.74892,17.14363],[96.74918,17.14336],[96.7482,17.14372],[96.74811,17.14462],[96.74847,17.14462]]],[[[96.86597,17.14462],[96.86659,17.14453],[96.86642,17.1439],[96.86561,17.14408],[96.86561,17.14462],[96.86597,17.14462]]],[[[96.79428,17.14399],[96.79437,17.14336],[96.79329,17.14309],[96.79329,17.14399],[96.79401,17.14417],[96.7941,17.14471],[96.79437,17.14471],[96.79437,17.14399],[96.79428,17.14399]]],[[[96.60447,17.1448],[96.60492,17.14453],[96.60465,17.14381],[96.60501,17.14363],[96.60501,17.14282],[96.60348,17.14237],[96.60339,17.14309],[96.60366,17.14336],[96.60321,17.14336],[96.60321,17.14363],[96.6042,17.14381],[96.6042,17.1448],[96.60447,17.1448]]],[[[96.62908,17.14489],[96.62935,17.1448],[96.62926,17.14426],[96.62872,17.14426],[96.62872,17.14336],[96.62818,17.14318],[96.62791,17.14399],[96.62845,17.14408],[96.62845,17.14435],[96.62809,17.14435],[96.62809,17.1448],[96.62854,17.14489],[96.62908,17.14489]]],[[[96.77434,17.14408],[96.7738,17.1439],[96.77362,17.14444],[96.7747,17.14498],[96.77452,17.14408],[96.77434,17.14408]]],[[[96.79787,17.14462],[96.79787,17.14435],[96.79832,17.14444],[96.79832,17.14498],[96.79859,17.14498],[96.79859,17.14462],[96.79922,17.14471],[96.79895,17.14399],[96.79958,17.14399],[96.79958,17.14345],[96.79913,17.14336],[96.79922,17.14246],[96.79877,17.14246],[96.79868,17.143],[96.79823,17.143],[96.79832,17.14246],[96.79796,17.14246],[96.79796,17.143],[96.79868,17.14399],[96.79769,17.14372],[96.79715,17.14435],[96.7976,17.14507],[96.79796,17.14507],[96.79796,17.14462],[96.79787,17.14462]]],[[[96.80299,17.14507],[96.80308,17.14435],[96.80228,17.14417],[96.80228,17.1448],[96.80272,17.1448],[96.80272,17.14507],[96.80299,17.14507]]],[[[96.75934,17.14534],[96.75979,17.14525],[96.75996,17.14471],[96.75943,17.14462],[96.75898,17.14309],[96.75996,17.14345],[96.76032,17.14435],[96.76167,17.14426],[96.76158,17.14264],[96.75996,17.14273],[96.75898,17.14246],[96.75889,17.143],[96.75826,17.14318],[96.75799,17.14354],[96.75826,17.1448],[96.75898,17.14471],[96.75907,17.14534],[96.75934,17.14534]]],[[[96.87261,17.14435],[96.87279,17.14498],[96.87216,17.14498],[96.87216,17.14534],[96.87333,17.14498],[96.87342,17.14444],[96.87297,17.14435],[96.87261,17.14435]]],[[[96.76437,17.14543],[96.76437,17.14516],[96.765,17.14534],[96.765,17.14489],[96.76455,17.14489],[96.76446,17.14444],[96.76544,17.14444],[96.76544,17.14399],[96.76491,17.14399],[96.76473,17.14318],[96.76383,17.14345],[96.76374,17.1439],[96.76293,17.14399],[96.76293,17.14426],[96.76365,17.14417],[96.76383,17.14543],[96.76437,17.14543]]],[[[96.57033,17.14552],[96.57024,17.14444],[96.56979,17.1448],[96.5697,17.14552],[96.57033,17.14552]]],[[[96.76275,17.1456],[96.76293,17.14498],[96.76203,17.14498],[96.76194,17.14543],[96.7623,17.1456],[96.76275,17.1456]]],[[[96.57581,17.14569],[96.57662,17.14516],[96.57653,17.14417],[96.57599,17.14417],[96.57617,17.14516],[96.57536,17.14516],[96.57545,17.14569],[96.57581,17.14569]]],[[[96.60438,17.14569],[96.60429,17.14498],[96.60348,17.14516],[96.60348,17.14552],[96.60411,17.14569],[96.60438,17.14569]]],[[[96.75655,17.14569],[96.75718,17.14552],[96.75709,17.14489],[96.75745,17.14489],[96.75745,17.14534],[96.75799,17.14525],[96.75799,17.14489],[96.75772,17.14489],[96.7579,17.14426],[96.75691,17.14444],[96.75682,17.1448],[96.75655,17.14453],[96.75592,17.1448],[96.75592,17.14435],[96.75628,17.14435],[96.75628,17.14408],[96.75574,17.14381],[96.75511,17.14552],[96.75592,17.14569],[96.75655,17.14569]]],[[[96.62782,17.14578],[96.62818,17.14569],[96.628,17.14498],[96.62692,17.14516],[96.62746,17.14578],[96.62782,17.14578]]],[[[96.72906,17.14578],[96.72915,17.14453],[96.72816,17.14462],[96.72798,17.1456],[96.72879,17.14552],[96.72879,17.14578],[96.72906,17.14578]]],[[[96.63115,17.14587],[96.63124,17.14525],[96.63088,17.14498],[96.6298,17.14507],[96.62998,17.14552],[96.6307,17.14552],[96.63088,17.14587],[96.63115,17.14587]]],[[[96.61471,17.14596],[96.61525,17.14578],[96.61525,17.14543],[96.61435,17.14534],[96.61426,17.14596],[96.61471,17.14596]]],[[[96.58048,17.14605],[96.58066,17.1456],[96.58039,17.14498],[96.58111,17.1448],[96.58111,17.14417],[96.58003,17.14426],[96.58003,17.1439],[96.57913,17.14408],[96.57922,17.14372],[96.57985,17.14354],[96.57931,17.14255],[96.5777,17.14255],[96.57743,17.14327],[96.57671,17.14318],[96.57662,17.14408],[96.57689,17.14381],[96.57761,17.14381],[96.57761,17.14408],[96.57859,17.1439],[96.57859,17.14462],[96.57913,17.14543],[96.58012,17.14498],[96.57949,17.14587],[96.58021,17.14605],[96.58048,17.14605]]],[[[96.76805,17.14614],[96.76823,17.14534],[96.76895,17.14534],[96.76904,17.14498],[96.76895,17.1439],[96.76841,17.14399],[96.76841,17.14273],[96.76805,17.14273],[96.76805,17.14318],[96.76751,17.14282],[96.76751,17.14453],[96.76688,17.14417],[96.76697,17.14587],[96.76769,17.14569],[96.76769,17.14614],[96.76805,17.14614]]],[[[96.60923,17.14623],[96.60959,17.14516],[96.60923,17.14489],[96.60905,17.14273],[96.60842,17.143],[96.6059,17.14282],[96.60581,17.14345],[96.60617,17.14345],[96.60572,17.14399],[96.60608,17.14453],[96.6059,17.14596],[96.60698,17.14578],[96.60698,17.14605],[96.60851,17.14623],[96.60923,17.14623]]],[[[96.53844,17.14632],[96.53889,17.14596],[96.53871,17.14489],[96.53835,17.14489],[96.53853,17.14596],[96.53799,17.14596],[96.53817,17.14632],[96.53844,17.14632]]],[[[96.54895,17.14632],[96.54886,17.1448],[96.54859,17.1448],[96.54859,17.14516],[96.54706,17.14507],[96.54724,17.14569],[96.54787,17.1456],[96.54787,17.14632],[96.54823,17.14632],[96.54814,17.14569],[96.5485,17.14552],[96.54868,17.14632],[96.54895,17.14632]]],[[[96.58964,17.14417],[96.58982,17.14327],[96.59027,17.14318],[96.59099,17.14228],[96.59153,17.14219],[96.59153,17.14246],[96.59234,17.14264],[96.59216,17.14363],[96.59117,17.14336],[96.59135,17.14444],[96.5909,17.14453],[96.59108,17.14381],[96.59081,17.14381],[96.59081,17.14336],[96.59036,17.14372],[96.59063,17.14426],[96.58964,17.14417],[96.58964,17.14471],[96.59036,17.14489],[96.59036,17.14516],[96.58991,17.14516],[96.58991,17.14552],[96.59099,17.1456],[96.59099,17.14498],[96.59144,17.14489],[96.59144,17.14444],[96.59261,17.14435],[96.59261,17.1439],[96.59306,17.14372],[96.59297,17.143],[96.59324,17.14264],[96.59351,17.14264],[96.59342,17.14318],[96.59378,17.14282],[96.59485,17.143],[96.59512,17.14246],[96.5962,17.14255],[96.59674,17.14291],[96.59773,17.14291],[96.59773,17.14264],[96.59746,17.14237],[96.59674,17.14255],[96.59656,17.14219],[96.59557,17.14219],[96.59512,17.14165],[96.59378,17.1412],[96.59342,17.14057],[96.59243,17.1412],[96.5927,17.14057],[96.5936,17.14013],[96.59351,17.13932],[96.59324,17.13923],[96.59243,17.13914],[96.59207,17.13941],[96.59126,17.13914],[96.59108,17.1395],[96.58946,17.13941],[96.58902,17.13968],[96.58749,17.1395],[96.58641,17.13977],[96.58641,17.14021],[96.58605,17.1403],[96.58542,17.13995],[96.58542,17.14039],[96.58506,17.14039],[96.58506,17.14004],[96.58336,17.13995],[96.58291,17.14156],[96.58309,17.14228],[96.58345,17.14228],[96.58372,17.14345],[96.58488,17.14372],[96.5847,17.14309],[96.58497,17.14282],[96.58443,17.14282],[96.58443,17.14246],[96.58515,17.14246],[96.58524,17.143],[96.58569,17.143],[96.58578,17.14345],[96.58659,17.14327],[96.58659,17.14354],[96.58722,17.14354],[96.58731,17.14282],[96.58767,17.14282],[96.58767,17.14327],[96.5883,17.14318],[96.58848,17.14381],[96.58776,17.14381],[96.58767,17.14471],[96.58704,17.14453],[96.58704,17.1448],[96.5874,17.1448],[96.58776,17.14587],[96.58875,17.14578],[96.58857,17.14641],[96.58937,17.14641],[96.58919,17.14543],[96.58964,17.14543],[96.58964,17.14516],[96.58857,17.1448],[96.58857,17.14534],[96.58794,17.1456],[96.58794,17.14453],[96.58884,17.14417],[96.58964,17.14417]],[[96.59018,17.14201],[96.58991,17.14165],[96.58937,17.14183],[96.58964,17.1412],[96.58911,17.14075],[96.58964,17.13977],[96.58991,17.14004],[96.58955,17.1403],[96.58955,17.14075],[96.59,17.14075],[96.59009,17.14111],[96.59036,17.14111],[96.59054,17.13986],[96.59099,17.13995],[96.59099,17.14039],[96.59153,17.14039],[96.59153,17.14093],[96.59072,17.1412],[96.59081,17.14183],[96.59045,17.14201],[96.59018,17.14201]]],[[[96.53,17.1465],[96.53045,17.14632],[96.53027,17.14569],[96.5308,17.14507],[96.53179,17.1448],[96.53179,17.14363],[96.53206,17.14363],[96.53206,17.14417],[96.53278,17.14417],[96.53269,17.14336],[96.53242,17.14336],[96.53251,17.14273],[96.53179,17.14264],[96.53179,17.14219],[96.53125,17.14174],[96.53009,17.14201],[96.53009,17.14138],[96.52955,17.14138],[96.52946,17.14183],[96.5282,17.14165],[96.52793,17.14246],[96.52865,17.14273],[96.52865,17.14309],[96.52748,17.14345],[96.52694,17.14435],[96.52712,17.1448],[96.52955,17.14489],[96.52919,17.14605],[96.52946,17.1465],[96.53,17.1465]]],[[[96.53341,17.1465],[96.53359,17.14543],[96.53296,17.14578],[96.53296,17.14614],[96.53224,17.14552],[96.53206,17.14623],[96.53278,17.1465],[96.53341,17.1465]]],[[[96.58363,17.1465],[96.58363,17.14605],[96.58416,17.14623],[96.58407,17.14552],[96.58336,17.14578],[96.58327,17.1465],[96.58363,17.1465]]],[[[96.5971,17.1465],[96.59755,17.14632],[96.59782,17.1448],[96.5962,17.14444],[96.59656,17.14498],[96.59602,17.14498],[96.59584,17.14578],[96.59593,17.14614],[96.59656,17.14587],[96.59656,17.1465],[96.5971,17.1465]]],[[[96.613,17.14659],[96.61399,17.14641],[96.61354,17.1439],[96.61282,17.14399],[96.61246,17.14453],[96.61246,17.14659],[96.613,17.14659]]],[[[96.73122,17.14659],[96.73212,17.1465],[96.73185,17.14587],[96.73203,17.1448],[96.73266,17.14489],[96.73266,17.14623],[96.73293,17.14623],[96.73319,17.1456],[96.73319,17.14489],[96.73526,17.1456],[96.73454,17.14354],[96.734,17.14354],[96.73391,17.14435],[96.73355,17.14435],[96.73355,17.1439],[96.73167,17.1439],[96.73176,17.14291],[96.73113,17.14318],[96.73131,17.14399],[96.7305,17.14462],[96.73041,17.14534],[96.73086,17.14659],[96.73122,17.14659]]],[[[96.78853,17.14722],[96.78916,17.14695],[96.78934,17.14623],[96.78835,17.14614],[96.78817,17.14722],[96.78853,17.14722]]],[[[96.63986,17.14731],[96.64058,17.14704],[96.64058,17.14641],[96.64013,17.14641],[96.64004,17.14614],[96.63923,17.14632],[96.63905,17.14605],[96.63842,17.14623],[96.63815,17.14587],[96.63717,17.14596],[96.63734,17.14713],[96.63905,17.14704],[96.63932,17.14731],[96.63986,17.14731]]],[[[96.72718,17.14731],[96.72745,17.14587],[96.72646,17.14587],[96.72655,17.14713],[96.72682,17.14731],[96.72718,17.14731]]],[[[96.53278,17.14749],[96.53305,17.14677],[96.5326,17.14668],[96.53215,17.14704],[96.53215,17.14659],[96.53116,17.14623],[96.53116,17.14722],[96.53188,17.14695],[96.53188,17.14731],[96.53251,17.14749],[96.53278,17.14749]]],[[[96.8763,17.14704],[96.87675,17.1465],[96.87746,17.14641],[96.87684,17.14569],[96.87702,17.14489],[96.87737,17.14489],[96.87737,17.14426],[96.878,17.14426],[96.87845,17.14363],[96.87908,17.1439],[96.87899,17.14435],[96.87854,17.14435],[96.87881,17.14543],[96.87953,17.14552],[96.87953,17.14453],[96.87989,17.14453],[96.87998,17.1439],[96.87971,17.1439],[96.87962,17.14336],[96.87917,17.14336],[96.87944,17.14237],[96.87603,17.14408],[96.87522,17.14399],[96.87513,17.14435],[96.87423,17.14399],[96.87351,17.14417],[96.87369,17.14453],[96.87477,17.14444],[96.87531,17.14462],[96.87531,17.14489],[96.87558,17.14489],[96.87558,17.14435],[96.87648,17.14462],[96.87657,17.14516],[96.87603,17.14534],[96.87594,17.14578],[96.87522,17.1456],[96.87486,17.14605],[96.87486,17.14632],[96.87549,17.14614],[96.87549,17.14668],[96.87585,17.14668],[96.87567,17.1474],[96.87639,17.14749],[96.87639,17.14704],[96.8763,17.14704]]],[[[96.57761,17.14767],[96.57761,17.14731],[96.57788,17.14731],[96.5777,17.1465],[96.57707,17.14695],[96.57698,17.14767],[96.57761,17.14767]]],[[[96.7703,17.14767],[96.7703,17.14686],[96.77065,17.14677],[96.77065,17.14641],[96.76976,17.14632],[96.76985,17.14704],[96.76949,17.14704],[96.76949,17.1474],[96.76994,17.1474],[96.76994,17.14767],[96.7703,17.14767]]],[[[96.55542,17.14776],[96.55542,17.14731],[96.55596,17.14713],[96.55569,17.14659],[96.55542,17.14659],[96.55542,17.14713],[96.55425,17.14704],[96.55425,17.1474],[96.55506,17.14749],[96.55515,17.14776],[96.55542,17.14776]]],[[[96.54823,17.14731],[96.54706,17.14731],[96.54706,17.14767],[96.54859,17.14785],[96.54859,17.14749],[96.54823,17.14749],[96.54823,17.14731]]],[[[96.57186,17.14785],[96.57195,17.1474],[96.57285,17.14704],[96.57285,17.14677],[96.57168,17.1465],[96.57159,17.14785],[96.57186,17.14785]]],[[[96.56234,17.14794],[96.56314,17.14758],[96.56314,17.14731],[96.56207,17.14767],[96.56171,17.1474],[96.56099,17.14749],[96.56126,17.14794],[96.56234,17.14794]]],[[[96.6298,17.14794],[96.63016,17.14722],[96.62935,17.14713],[96.62791,17.14623],[96.628,17.14713],[96.62899,17.14776],[96.62953,17.14767],[96.62953,17.14794],[96.6298,17.14794]]],[[[96.76194,17.14812],[96.76266,17.14794],[96.76275,17.14731],[96.76176,17.1474],[96.76158,17.14812],[96.76194,17.14812]]],[[[96.53736,17.14821],[96.53736,17.14677],[96.53709,17.14668],[96.53682,17.1456],[96.53763,17.1448],[96.53745,17.14408],[96.53637,17.1448],[96.53566,17.14471],[96.53539,17.14498],[96.53521,17.14435],[96.5344,17.14399],[96.53467,17.14534],[96.53637,17.14534],[96.53619,17.14596],[96.53655,17.14605],[96.53655,17.14641],[96.5361,17.14641],[96.5361,17.14668],[96.53655,17.14668],[96.53709,17.14821],[96.53736,17.14821]]],[[[96.82608,17.14722],[96.82581,17.14722],[96.82599,17.14794],[96.82689,17.1483],[96.82653,17.14731],[96.82608,17.14731],[96.82608,17.14722]]],[[[96.82419,17.14839],[96.82455,17.14803],[96.82473,17.14686],[96.82428,17.14695],[96.82419,17.14767],[96.82348,17.14767],[96.82348,17.14839],[96.82419,17.14839]]],[[[96.86085,17.14785],[96.86129,17.14776],[96.86201,17.14839],[96.86147,17.14731],[96.86067,17.14731],[96.86049,17.14686],[96.8595,17.14677],[96.8595,17.14704],[96.85995,17.14704],[96.86076,17.14785],[96.86085,17.14785]]],[[[96.76544,17.14848],[96.76598,17.1483],[96.76598,17.14785],[96.76688,17.14821],[96.76724,17.14812],[96.76715,17.14758],[96.76742,17.1474],[96.76823,17.14758],[96.76787,17.14641],[96.76616,17.14632],[96.76616,17.14677],[96.76589,17.14677],[96.76589,17.14632],[96.76455,17.14632],[96.76473,17.14839],[96.765,17.14848],[96.76544,17.14848]]],[[[96.63564,17.14857],[96.63546,17.14668],[96.63465,17.14426],[96.63501,17.14426],[96.63528,17.14525],[96.63573,17.14525],[96.63582,17.1439],[96.63609,17.1439],[96.636,17.14471],[96.63699,17.14489],[96.63743,17.14417],[96.63752,17.143],[96.63654,17.14282],[96.63618,17.143],[96.63618,17.14363],[96.63591,17.14363],[96.63591,17.14228],[96.63501,17.14219],[96.6351,17.14138],[96.63483,17.14138],[96.63483,17.14111],[96.63537,17.14111],[96.63537,17.14066],[96.63474,17.14057],[96.63447,17.14084],[96.63447,17.14039],[96.63411,17.14039],[96.63375,17.14075],[96.63402,17.14246],[96.63339,17.14228],[96.63339,17.14201],[96.63178,17.14228],[96.63204,17.14426],[96.63151,17.14444],[96.63151,17.14471],[96.63222,17.14543],[96.63133,17.14578],[96.63115,17.14695],[96.63142,17.14749],[96.6324,17.14776],[96.63231,17.14659],[96.6316,17.14659],[96.6316,17.14596],[96.6324,17.14587],[96.63267,17.14722],[96.63312,17.14722],[96.63339,17.14668],[96.63375,17.14668],[96.63447,17.14686],[96.63447,17.14749],[96.63492,17.14758],[96.63492,17.14794],[96.63384,17.14821],[96.63384,17.14848],[96.63528,17.1483],[96.63528,17.14857],[96.63564,17.14857]]],[[[96.75799,17.14857],[96.75799,17.14821],[96.75826,17.14821],[96.75817,17.14749],[96.75727,17.1474],[96.75772,17.14857],[96.75799,17.14857]]],[[[96.63725,17.14866],[96.63725,17.14785],[96.63591,17.14803],[96.63609,17.14866],[96.63725,17.14866]]],[[[96.73921,17.14866],[96.73921,17.14821],[96.73957,17.14803],[96.73912,17.14758],[96.73921,17.14605],[96.73894,17.14605],[96.73894,17.14641],[96.73787,17.14659],[96.73769,17.14596],[96.73724,17.14596],[96.73724,17.14785],[96.7376,17.14785],[96.7376,17.14821],[96.73876,17.14821],[96.73876,17.14866],[96.73921,17.14866]]],[[[96.58902,17.14875],[96.58919,17.14803],[96.58884,17.14803],[96.58884,17.14776],[96.59027,17.14803],[96.59036,17.1474],[96.58884,17.1474],[96.58821,17.14767],[96.58821,17.14803],[96.58776,17.14803],[96.58776,17.1483],[96.58857,17.1483],[96.58857,17.14875],[96.58902,17.14875]]],[[[96.52973,17.14848],[96.53,17.14767],[96.52856,17.14767],[96.52847,17.14821],[96.52892,17.14866],[96.53036,17.14884],[96.53036,17.14848],[96.52973,17.14848]]],[[[96.59333,17.14893],[96.59333,17.14857],[96.59414,17.14821],[96.59414,17.14785],[96.59342,17.14749],[96.59297,17.14758],[96.59315,17.14848],[96.5927,17.14857],[96.5927,17.14893],[96.59333,17.14893]]],[[[96.77398,17.14893],[96.77443,17.14848],[96.77434,17.14785],[96.7738,17.14785],[96.77335,17.14839],[96.77353,17.14893],[96.77398,17.14893]]],[[[96.87414,17.14893],[96.87423,17.14812],[96.87351,17.14785],[96.87342,17.14695],[96.87306,17.14695],[96.87288,17.14794],[96.87333,17.14803],[96.87333,17.14848],[96.87387,17.14893],[96.87414,17.14893]]],[[[96.73589,17.14812],[96.73562,17.14812],[96.7358,17.14902],[96.73643,17.14902],[96.73643,17.1483],[96.73589,17.14821],[96.73589,17.14812]]],[[[96.74308,17.14875],[96.74299,17.14812],[96.74254,17.14812],[96.74254,17.14857],[96.74182,17.14848],[96.74182,17.14893],[96.74344,17.14902],[96.74344,17.14875],[96.74308,17.14875]]],[[[96.78296,17.14902],[96.78332,17.14866],[96.78404,17.14866],[96.78413,17.14785],[96.78386,17.14749],[96.78242,17.14758],[96.78242,17.1483],[96.78278,17.1483],[96.7826,17.14902],[96.78296,17.14902]]],[[[96.60087,17.1492],[96.6015,17.14911],[96.60123,17.14884],[96.60132,17.14812],[96.60105,17.14812],[96.60096,17.14884],[96.60051,17.14875],[96.6006,17.14803],[96.60024,17.1474],[96.60078,17.1474],[96.60078,17.14704],[96.60177,17.14659],[96.60177,17.14623],[96.60096,17.14578],[96.60123,17.14444],[96.59899,17.14417],[96.59899,17.14498],[96.59953,17.14471],[96.60033,17.14489],[96.60033,17.14516],[96.59953,17.14498],[96.59926,17.14552],[96.60033,17.14578],[96.60042,17.14668],[96.59926,17.14641],[96.59863,17.14659],[96.59863,17.14686],[96.59935,17.14677],[96.59917,17.14821],[96.59773,17.14785],[96.59773,17.1474],[96.59719,17.1474],[96.59638,17.14821],[96.59854,17.14821],[96.5989,17.14875],[96.60033,17.1492],[96.60087,17.1492]]],[[[96.87261,17.14435],[96.87261,17.14399],[96.87405,17.14309],[96.87342,17.14255],[96.87378,17.1421],[96.87675,17.14282],[96.87791,17.14246],[96.87881,17.14156],[96.87935,17.13932],[96.88034,17.13806],[96.87989,17.13806],[96.87962,17.13869],[96.87926,17.13869],[96.87908,17.13959],[96.87836,17.1395],[96.87872,17.14013],[96.87773,17.13995],[96.87764,17.14093],[96.87666,17.14129],[96.87648,17.14228],[96.87576,17.14228],[96.87441,17.14156],[96.87252,17.14174],[96.87234,17.14219],[96.871,17.14246],[96.87073,17.14192],[96.87109,17.14183],[96.87091,17.14102],[96.87118,17.14093],[96.87118,17.14039],[96.87082,17.1403],[96.87046,17.1412],[96.87064,17.14273],[96.86902,17.14327],[96.86893,17.14354],[96.8692,17.14381],[96.86938,17.14345],[96.86983,17.14345],[96.86983,17.1439],[96.86902,17.14417],[96.86821,17.14507],[96.86776,17.14507],[96.86704,17.14587],[96.86642,17.14605],[96.86525,17.14731],[96.86408,17.14776],[96.86399,17.1483],[96.863,17.14821],[96.86264,17.14848],[96.86273,17.14893],[96.86291,17.1492],[96.8639,17.14902],[96.86507,17.14785],[96.86606,17.14767],[96.86615,17.14731],[96.86686,17.1474],[96.86677,17.14659],[96.86722,17.14587],[96.86758,17.14587],[96.86767,17.14641],[96.86794,17.14641],[96.86848,17.14605],[96.86848,17.14569],[96.86956,17.14543],[96.86947,17.1448],[96.87001,17.14435],[96.87055,17.14435],[96.87055,17.1448],[96.87109,17.14489],[96.87136,17.14569],[96.87163,17.14569],[96.87145,17.14453],[96.8718,17.14453],[96.8718,17.14417],[96.87234,17.14435],[96.87261,17.14435]]],[[[96.5618,17.14902],[96.56162,17.1483],[96.56036,17.14857],[96.56036,17.14893],[96.56108,17.14884],[96.56117,17.14911],[96.56171,17.14911],[96.56171,17.14938],[96.56207,17.14938],[96.56207,17.14902],[96.5618,17.14902]]],[[[96.78584,17.14947],[96.7862,17.14884],[96.78673,17.14875],[96.78664,17.1483],[96.78593,17.14821],[96.78584,17.14848],[96.78431,17.14875],[96.78431,17.14911],[96.78512,17.14884],[96.78521,17.14938],[96.78557,17.14947],[96.78584,17.14947]]],[[[96.61668,17.14956],[96.61722,17.14893],[96.61749,17.14893],[96.61749,17.14929],[96.61794,17.14929],[96.61803,17.14884],[96.61749,17.14875],[96.61749,17.1483],[96.61704,17.14821],[96.61704,17.14866],[96.61659,17.14875],[96.61632,17.14956],[96.61668,17.14956]]],[[[96.76958,17.14866],[96.76913,17.14857],[96.76913,17.14965],[96.77012,17.14965],[96.77003,17.14866],[96.76958,17.14866]]],[[[96.6139,17.14974],[96.61408,17.14857],[96.61345,17.14884],[96.61363,17.14974],[96.6139,17.14974]]],[[[96.6157,17.14938],[96.6157,17.14911],[96.61516,17.14911],[96.6148,17.14875],[96.6148,17.14776],[96.61507,17.14776],[96.61552,17.14902],[96.61632,17.14893],[96.61623,17.1483],[96.61579,17.1483],[96.61543,17.14659],[96.61327,17.14686],[96.61354,17.14812],[96.6139,17.14812],[96.6139,17.14785],[96.61444,17.14812],[96.61444,17.14938],[96.61516,17.14929],[96.61516,17.14974],[96.61587,17.14974],[96.61587,17.14938],[96.6157,17.14938]]],[[[96.87827,17.14974],[96.87881,17.14911],[96.87989,17.14902],[96.87998,17.14857],[96.87872,17.14848],[96.87791,17.14974],[96.87827,17.14974]]],[[[96.63186,17.14992],[96.63213,17.14929],[96.63285,17.14947],[96.63303,17.14902],[96.63142,17.14785],[96.63079,17.14794],[96.63061,17.1483],[96.63097,17.1483],[96.63106,17.14884],[96.63186,17.14875],[96.63142,17.14929],[96.63151,17.14992],[96.63186,17.14992]]],[[[96.63555,17.14992],[96.63564,17.14938],[96.636,17.14938],[96.636,17.14884],[96.63519,17.14902],[96.63528,17.14992],[96.63555,17.14992]]],[[[96.63708,17.15001],[96.63797,17.14974],[96.63779,17.14857],[96.63752,17.14857],[96.63752,17.14902],[96.63699,17.14893],[96.63708,17.14947],[96.63672,17.14956],[96.63672,17.15001],[96.63708,17.15001]]],[[[96.57868,17.15019],[96.57886,17.14812],[96.57662,17.14821],[96.57671,17.14902],[96.57815,17.14983],[96.57815,17.15019],[96.57868,17.15019]]],[[[96.83255,17.15028],[96.83255,17.14992],[96.83318,17.14974],[96.83318,17.14929],[96.83524,17.14938],[96.83524,17.14893],[96.83282,17.14893],[96.83282,17.14965],[96.83255,17.14965],[96.83255,17.1492],[96.83111,17.14929],[96.8312,17.14974],[96.83183,17.14983],[96.83192,17.15028],[96.83255,17.15028]]],[[[96.8745,17.15028],[96.8745,17.14974],[96.87495,17.14974],[96.8745,17.14911],[96.87414,17.14911],[96.87414,17.15028],[96.8745,17.15028]]],[[[96.59611,17.15046],[96.59728,17.15037],[96.59728,17.15001],[96.59557,17.14983],[96.59575,17.15046],[96.59611,17.15046]]],[[[96.75871,17.15046],[96.75862,17.14965],[96.75925,17.14974],[96.75934,17.14929],[96.76005,17.14911],[96.75996,17.14812],[96.75952,17.14803],[96.75934,17.14623],[96.75835,17.14623],[96.75808,17.1456],[96.75781,17.1456],[96.75718,17.14623],[96.75646,17.14623],[96.75628,17.14686],[96.75898,17.14713],[96.75889,17.14893],[96.75808,17.1501],[96.75826,17.15046],[96.75871,17.15046]]],[[[96.78116,17.15055],[96.78116,17.15019],[96.77973,17.15019],[96.77982,17.15055],[96.78072,17.15055],[96.78116,17.15055]]],[[[96.85465,17.15028],[96.85537,17.15055],[96.85617,17.14812],[96.85573,17.14839],[96.85492,17.1483],[96.85465,17.1492],[96.85438,17.1492],[96.85402,17.1483],[96.85348,17.14812],[96.85384,17.14965],[96.85456,17.14965],[96.85465,17.15001],[96.85465,17.15028]]],[[[96.58228,17.15073],[96.58228,17.14911],[96.58183,17.14911],[96.58183,17.15001],[96.58147,17.15001],[96.58147,17.15064],[96.58201,17.15073],[96.58228,17.15073]]],[[[96.86094,17.14803],[96.86112,17.14902],[96.86103,17.14929],[96.86058,17.14929],[96.86058,17.14992],[96.86022,17.14992],[96.86022,17.15073],[96.86058,17.15073],[96.86058,17.15001],[96.86112,17.15001],[96.86103,17.14938],[96.86228,17.14956],[96.86103,17.14803],[96.86094,17.14803]]],[[[96.63169,17.1509],[96.63169,17.15028],[96.63106,17.15001],[96.63097,17.14938],[96.63061,17.14938],[96.63052,17.14992],[96.6298,17.14965],[96.6298,17.15001],[96.63025,17.15001],[96.63007,17.15073],[96.63124,17.1509],[96.63169,17.1509]]],[[[96.53431,17.15117],[96.53467,17.15099],[96.53476,17.15037],[96.53368,17.15073],[96.53368,17.15117],[96.53431,17.15117]]],[[[96.80317,17.15099],[96.80317,17.15064],[96.80389,17.1509],[96.8038,17.15028],[96.80407,17.15028],[96.80407,17.14992],[96.8038,17.14965],[96.80425,17.14965],[96.80434,17.15019],[96.80587,17.15037],[96.80596,17.14857],[96.80542,17.14857],[96.80533,17.14794],[96.80326,17.14776],[96.80353,17.14857],[96.80308,17.14866],[96.80308,17.14911],[96.80398,17.14866],[96.80398,17.1483],[96.80488,17.14848],[96.80443,17.1492],[96.80371,17.14902],[96.80353,17.14956],[96.80299,17.14947],[96.80317,17.15001],[96.80272,17.15126],[96.80326,17.15126],[96.80326,17.15099],[96.80317,17.15099]]],[[[96.85465,17.15028],[96.85357,17.15019],[96.85357,17.15055],[96.85447,17.15073],[96.85447,17.15126],[96.85483,17.15099],[96.85465,17.15064],[96.85465,17.15028]]],[[[96.58111,17.15135],[96.58111,17.15082],[96.58075,17.15064],[96.58075,17.14965],[96.58138,17.14965],[96.58165,17.14857],[96.58147,17.14758],[96.58093,17.14767],[96.58057,17.14704],[96.58003,17.14695],[96.58012,17.14623],[96.5794,17.14614],[96.5794,17.14668],[96.57859,17.14695],[96.57842,17.14776],[96.57913,17.14794],[96.58003,17.14749],[96.5803,17.14767],[96.58003,17.1483],[96.58084,17.14821],[96.58075,17.14866],[96.57958,17.14911],[96.57949,17.15019],[96.57994,17.15046],[96.57994,17.15082],[96.57949,17.1509],[96.57949,17.15117],[96.5803,17.15108],[96.5803,17.15135],[96.58111,17.15135]]],[[[96.59503,17.15153],[96.5953,17.15082],[96.59432,17.15055],[96.59432,17.15117],[96.59467,17.15117],[96.59476,17.15153],[96.59503,17.15153]]],[[[96.76823,17.15153],[96.76877,17.15055],[96.76778,17.15055],[96.76778,17.15153],[96.76823,17.15153]]],[[[96.78548,17.15162],[96.78593,17.15064],[96.78476,17.15099],[96.78467,17.15144],[96.78521,17.15162],[96.78548,17.15162]]],[[[96.75996,17.15171],[96.76032,17.15082],[96.75996,17.15019],[96.75943,17.15019],[96.7597,17.1509],[96.75996,17.1509],[96.75996,17.15126],[96.75943,17.15126],[96.75961,17.15171],[96.75996,17.15171]]],[[[96.58381,17.15144],[96.58381,17.15117],[96.58416,17.15117],[96.58425,17.15171],[96.58452,17.15171],[96.58488,17.1509],[96.58452,17.1509],[96.58452,17.15064],[96.58398,17.1509],[96.58389,17.14911],[96.58345,17.14911],[96.58336,17.14875],[96.58255,17.14875],[96.58246,17.1492],[96.58318,17.14938],[96.58327,17.15028],[96.58255,17.15046],[96.58246,17.15126],[96.5821,17.15126],[96.5821,17.15162],[96.58255,17.15162],[96.58291,17.15117],[96.58345,17.15117],[96.58363,17.1518],[96.58389,17.1518],[96.58389,17.15144],[96.58381,17.15144]]],[[[96.76652,17.1518],[96.7667,17.15046],[96.76643,17.14875],[96.76419,17.14884],[96.76446,17.14929],[96.76517,17.14929],[96.76535,17.14974],[96.76607,17.14965],[96.76625,17.15046],[96.76598,17.15073],[96.765,17.15028],[96.76509,17.14974],[96.76446,17.14974],[96.76446,17.15019],[96.76419,17.15019],[96.76419,17.15046],[96.76455,17.15046],[96.76428,17.15073],[96.76446,17.15126],[96.76509,17.15135],[96.76509,17.15099],[96.7658,17.15099],[96.76589,17.1518],[96.76652,17.1518]]],[[[96.73912,17.15189],[96.73939,17.1509],[96.73858,17.15064],[96.73858,17.15028],[96.73823,17.15028],[96.73849,17.15153],[96.73787,17.15144],[96.73778,17.15064],[96.73688,17.15055],[96.73715,17.15153],[96.73778,17.15144],[96.73814,17.15189],[96.73912,17.15189]]],[[[96.63752,17.15216],[96.63797,17.15189],[96.63797,17.15126],[96.63717,17.15126],[96.63725,17.15216],[96.63752,17.15216]]],[[[96.75781,17.15216],[96.7579,17.1518],[96.75898,17.1518],[96.75916,17.15126],[96.75763,17.15108],[96.75745,17.15216],[96.75781,17.15216]]],[[[96.76212,17.15216],[96.76212,17.15153],[96.76185,17.15153],[96.76203,17.14875],[96.76068,17.14938],[96.76068,17.14965],[96.76131,17.14974],[96.76158,17.15019],[96.76158,17.15055],[96.76122,17.15064],[96.76122,17.15216],[96.76212,17.15216]]],[[[96.55183,17.15243],[96.55191,17.1518],[96.55156,17.1518],[96.55147,17.15055],[96.55075,17.15055],[96.55066,17.14974],[96.55012,17.14974],[96.54994,17.15073],[96.54931,17.1509],[96.54931,17.15126],[96.54976,17.15126],[96.54985,17.1518],[96.55129,17.1518],[96.55147,17.15243],[96.55183,17.15243]]],[[[96.55641,17.15243],[96.55641,17.15153],[96.5573,17.1518],[96.5573,17.15144],[96.55856,17.15108],[96.55847,17.15055],[96.55973,17.15064],[96.55964,17.1501],[96.55883,17.15019],[96.55847,17.14974],[96.55793,17.14974],[96.55793,17.1501],[96.55766,17.1501],[96.55721,17.15001],[96.55721,17.14956],[96.55677,17.14956],[96.5565,17.1501],[96.5565,17.15099],[96.55677,17.15126],[96.55641,17.15126],[96.55632,17.15037],[96.55587,17.15037],[96.55596,17.15099],[96.55533,17.15099],[96.55497,17.15064],[96.55497,17.15189],[96.55542,17.15189],[96.55542,17.15225],[96.55587,17.15243],[96.55641,17.15243]]],[[[96.787,17.15252],[96.78682,17.15117],[96.78638,17.15117],[96.78638,17.15198],[96.78673,17.15252],[96.787,17.15252]]],[[[96.51931,17.15261],[96.51976,17.14983],[96.52065,17.14965],[96.52191,17.1501],[96.522,17.14902],[96.52083,17.14911],[96.52074,17.14938],[96.51886,17.14902],[96.51877,17.15046],[96.51841,17.15055],[96.51841,17.15252],[96.51904,17.15261],[96.51931,17.15261]]],[[[96.84791,17.15261],[96.84854,17.15225],[96.84863,17.14974],[96.84899,17.14974],[96.84899,17.15073],[96.84935,17.15082],[96.84953,17.14911],[96.84926,17.14686],[96.84989,17.14543],[96.8498,17.14345],[96.85025,17.14336],[96.85034,17.14291],[96.84944,17.14354],[96.84953,17.14534],[96.84719,17.14462],[96.84638,17.14381],[96.84414,17.14336],[96.84414,17.14372],[96.84468,17.14399],[96.84638,17.14435],[96.84638,17.1448],[96.84719,17.1448],[96.84764,17.14525],[96.84872,17.14552],[96.84872,17.14596],[96.84656,17.1456],[96.84683,17.14614],[96.84782,17.14596],[96.84764,17.14677],[96.84665,17.14659],[96.84638,17.14605],[96.84584,17.14587],[96.84602,17.1448],[96.8453,17.14498],[96.8453,17.14462],[96.84477,17.14444],[96.84504,17.14498],[96.84387,17.14534],[96.84378,17.14435],[96.84423,17.14426],[96.84423,17.14399],[96.84369,17.14399],[96.84369,17.14327],[96.84216,17.14273],[96.84207,17.14246],[96.8409,17.14228],[96.83947,17.14246],[96.83947,17.14282],[96.83848,17.14291],[96.83848,17.14327],[96.83812,17.14318],[96.83803,17.14255],[96.83677,17.143],[96.83704,17.1439],[96.83623,17.14399],[96.83623,17.14471],[96.83596,17.14471],[96.83587,17.14516],[96.8356,17.14516],[96.83605,17.14417],[96.83578,17.14354],[96.83551,17.14354],[96.83551,17.14417],[96.83497,17.14408],[96.83497,17.14444],[96.83452,17.14462],[96.83192,17.14453],[96.83192,17.14516],[96.83237,17.14525],[96.83246,17.14596],[96.83354,17.14587],[96.83354,17.14614],[96.83282,17.14614],[96.83291,17.14668],[96.83327,17.14668],[96.83327,17.14695],[96.83291,17.14695],[96.83291,17.14749],[96.83452,17.14857],[96.8347,17.14803],[96.83399,17.14776],[96.83399,17.14749],[96.83524,17.14623],[96.83533,17.14578],[96.83686,17.14578],[96.83686,17.14605],[96.83632,17.14587],[96.83569,17.14614],[96.83551,17.14659],[96.83695,17.14659],[96.83947,17.14552],[96.83991,17.14327],[96.84045,17.14273],[96.84144,17.14273],[96.84144,17.14327],[96.84171,17.14336],[96.84198,17.14309],[96.84234,17.14309],[96.84234,17.14345],[96.84315,17.14327],[96.84315,17.14354],[96.84261,17.14354],[96.84243,17.1439],[96.84153,17.14354],[96.84072,17.14363],[96.84045,17.14426],[96.8409,17.14426],[96.84099,17.1456],[96.84045,17.14552],[96.84018,17.14623],[96.84054,17.14623],[96.8409,17.14677],[96.84297,17.14704],[96.84351,17.14749],[96.84378,17.14749],[96.84378,17.14713],[96.84441,17.14713],[96.84396,17.14776],[96.84566,17.1483],[96.84575,17.14875],[96.84683,17.14884],[96.84674,17.1483],[96.84701,17.1483],[96.84701,17.14749],[96.84728,17.14749],[96.84764,17.14839],[96.84701,17.14839],[96.84701,17.14866],[96.84809,17.14875],[96.84818,17.14947],[96.84818,17.15046],[96.84791,17.15046],[96.84782,17.15108],[96.84728,17.15126],[96.84737,17.15162],[96.84791,17.15144],[96.84773,17.15198],[96.84728,17.15216],[96.84755,17.15261],[96.84791,17.15261]]],[[[96.86992,17.15261],[96.86992,17.15216],[96.87145,17.15198],[96.87145,17.15171],[96.87028,17.15171],[96.8701,17.15117],[96.86956,17.15108],[96.86956,17.15144],[96.86929,17.15144],[96.86956,17.15261],[96.86992,17.15261]]],[[[96.5653,17.15288],[96.56584,17.15279],[96.56602,17.15171],[96.56557,17.1518],[96.56557,17.15216],[96.56485,17.15171],[96.56476,17.15279],[96.56503,17.15288],[96.5653,17.15288]]],[[[96.77542,17.15297],[96.77613,17.1527],[96.77622,17.15225],[96.77685,17.15189],[96.77685,17.15144],[96.77604,17.15144],[96.77595,17.15207],[96.77524,17.15225],[96.77515,17.15297],[96.77542,17.15297]]],[[[96.59018,17.1527],[96.59027,17.15198],[96.59054,17.15198],[96.59054,17.15243],[96.59108,17.15243],[96.59108,17.15198],[96.59171,17.15207],[96.59189,17.1518],[96.59189,17.15126],[96.59135,17.15171],[96.59144,17.15099],[96.59063,17.15126],[96.59063,17.1509],[96.59135,17.15064],[96.59099,17.14992],[96.59144,17.14983],[96.59144,17.15019],[96.5918,17.15019],[96.59198,17.14965],[96.59252,17.14956],[96.59216,17.15028],[96.59315,17.1501],[96.59288,17.14929],[96.59045,17.14893],[96.59045,17.14956],[96.58982,17.14947],[96.59045,17.1509],[96.59018,17.15117],[96.58902,17.1509],[96.58893,17.15171],[96.58964,17.15162],[96.58964,17.15288],[96.59036,17.15315],[96.59036,17.1527],[96.59018,17.1527]]],[[[96.81297,17.15315],[96.8135,17.15198],[96.81431,17.15216],[96.81413,17.15144],[96.8144,17.1509],[96.8162,17.15019],[96.81656,17.14929],[96.81701,17.14929],[96.818,17.14821],[96.81916,17.14812],[96.81943,17.14749],[96.82096,17.14722],[96.82105,17.14677],[96.82168,17.1465],[96.82383,17.14623],[96.82392,17.14677],[96.82419,17.14677],[96.82509,17.14596],[96.82348,17.14489],[96.82303,17.14489],[96.82303,17.14462],[96.8215,17.14471],[96.81827,17.14767],[96.81485,17.14893],[96.81288,17.15037],[96.81252,17.15144],[96.81126,17.15279],[96.81126,17.15315],[96.81153,17.15315],[96.81162,17.15288],[96.8127,17.15261],[96.81288,17.15315],[96.81297,17.15315]],[[96.81485,17.15046],[96.81494,17.14974],[96.81548,17.14956],[96.81557,17.1501],[96.81521,17.15046],[96.81485,17.15046]]],[[[96.58201,17.15342],[96.58237,17.15333],[96.58201,17.15216],[96.58156,17.15243],[96.58165,17.15342],[96.58201,17.15342]]],[[[96.80865,17.15342],[96.80973,17.15207],[96.80973,17.1518],[96.80901,17.15198],[96.80919,17.15153],[96.80991,17.15144],[96.81126,17.15064],[96.81243,17.1492],[96.81422,17.14803],[96.81593,17.14749],[96.81647,17.14623],[96.81692,17.14623],[96.81737,17.14677],[96.81737,17.14623],[96.81701,17.14623],[96.81746,17.14596],[96.81728,17.14543],[96.81782,17.14596],[96.81925,17.14462],[96.81988,17.14453],[96.81997,17.1439],[96.82078,17.1439],[96.82455,17.13734],[96.82743,17.13087],[96.82734,17.1297],[96.82806,17.12854],[96.82806,17.12701],[96.82752,17.1271],[96.82707,17.12791],[96.82671,17.12997],[96.82401,17.12944],[96.82249,17.12952],[96.82231,17.12988],[96.82123,17.13024],[96.82132,17.12952],[96.82087,17.12944],[96.8206,17.1289],[96.82015,17.1289],[96.82015,17.12917],[96.8206,17.12917],[96.8206,17.1297],[96.81961,17.12926],[96.81997,17.12863],[96.82069,17.12881],[96.82096,17.12854],[96.82186,17.12944],[96.82231,17.12908],[96.8224,17.12854],[96.82437,17.12773],[96.82446,17.1271],[96.82482,17.1271],[96.82536,17.12611],[96.82527,17.12566],[96.82482,17.12566],[96.82401,17.1262],[96.82366,17.12719],[96.82294,17.1271],[96.82339,17.12665],[96.82303,17.12647],[96.82303,17.12602],[96.82348,17.12602],[96.82375,17.1253],[96.82446,17.12503],[96.82428,17.12324],[96.82482,17.12297],[96.82455,17.12216],[96.825,17.12171],[96.82455,17.12144],[96.82446,17.12054],[96.82509,17.12018],[96.82536,17.11955],[96.82572,17.11955],[96.8259,17.11875],[96.825,17.11839],[96.82464,17.11776],[96.82401,17.11839],[96.8241,17.11803],[96.82357,17.11776],[96.82267,17.11794],[96.82267,17.11749],[96.8224,17.1174],[96.82294,17.11605],[96.82375,17.11623],[96.82383,17.11587],[96.82312,17.11416],[96.82276,17.11407],[96.82276,17.11291],[96.82159,17.10895],[96.82024,17.10931],[96.8206,17.11021],[96.82105,17.11039],[96.82114,17.11174],[96.82078,17.11174],[96.82078,17.1121],[96.82015,17.11255],[96.82024,17.11318],[96.82069,17.11318],[96.82069,17.11362],[96.82024,17.11371],[96.82024,17.11434],[96.81997,17.11434],[96.81997,17.11641],[96.81862,17.11668],[96.81871,17.11749],[96.81907,17.11767],[96.81952,17.11892],[96.81916,17.12],[96.81997,17.12027],[96.81997,17.12054],[96.81925,17.12036],[96.81889,17.12072],[96.81898,17.12153],[96.81862,17.12162],[96.81862,17.12198],[96.81961,17.12198],[96.81961,17.12234],[96.82042,17.12252],[96.82096,17.12234],[96.82096,17.12189],[96.82132,17.12189],[96.82114,17.12153],[96.82051,17.12162],[96.8206,17.1209],[96.82096,17.1209],[96.8215,17.12009],[96.8215,17.11973],[96.82105,17.11955],[96.82087,17.11812],[96.82141,17.11821],[96.82159,17.11866],[96.82222,17.11848],[96.82231,17.11937],[96.82186,17.12],[96.82177,17.12144],[96.82249,17.12144],[96.82231,17.12045],[96.8233,17.1209],[96.82294,17.12018],[96.82366,17.12063],[96.82375,17.12117],[96.82267,17.12126],[96.82276,17.1218],[96.82222,17.12189],[96.82249,17.12297],[96.82294,17.12297],[96.82267,17.12351],[96.82195,17.12378],[96.82195,17.12405],[96.82258,17.12396],[96.8224,17.12521],[96.82204,17.12512],[96.82231,17.12485],[96.82213,17.12431],[96.82177,17.12449],[96.8215,17.12539],[96.82105,17.12539],[96.82087,17.12449],[96.81952,17.12467],[96.81952,17.12503],[96.82015,17.12494],[96.81997,17.1253],[96.81925,17.12512],[96.81934,17.1244],[96.82168,17.12422],[96.82186,17.12396],[96.82177,17.12342],[96.82087,17.12351],[96.82087,17.12306],[96.81952,17.12288],[96.81997,17.12387],[96.81916,17.12405],[96.81898,17.12333],[96.81853,17.12333],[96.81862,17.12405],[96.81836,17.12405],[96.81836,17.12449],[96.818,17.12449],[96.81791,17.12548],[96.81755,17.12548],[96.81764,17.12638],[96.81728,17.12656],[96.81701,17.12737],[96.8162,17.12746],[96.81602,17.12692],[96.81557,17.12692],[96.81557,17.12575],[96.81521,17.12575],[96.81512,17.12656],[96.81458,17.12656],[96.81458,17.12701],[96.81512,17.12683],[96.81539,17.12728],[96.81602,17.12926],[96.8153,17.12917],[96.81548,17.13033],[96.81512,17.13195],[96.81557,17.13195],[96.81557,17.13231],[96.81548,17.13258],[96.81521,17.13258],[96.81521,17.13222],[96.81485,17.13231],[96.81476,17.13312],[96.81503,17.13312],[96.81512,17.13357],[96.81413,17.13375],[96.81413,17.13474],[96.81377,17.13474],[96.81368,17.13554],[96.81279,17.13536],[96.81288,17.1359],[96.81341,17.1359],[96.81341,17.13644],[96.81386,17.13653],[96.81377,17.13779],[96.81332,17.13788],[96.81323,17.13833],[96.8144,17.1386],[96.81422,17.13806],[96.81449,17.13797],[96.81449,17.13653],[96.81404,17.1359],[96.81467,17.13554],[96.81467,17.13608],[96.81512,17.13608],[96.81494,17.13483],[96.81575,17.13456],[96.81602,17.13411],[96.81629,17.13411],[96.81638,17.13518],[96.81566,17.13483],[96.81557,17.13536],[96.81656,17.13545],[96.81638,17.13626],[96.81665,17.13626],[96.81683,17.13545],[96.8171,17.13545],[96.8171,17.13635],[96.81647,17.13653],[96.81566,17.13599],[96.81485,17.13662],[96.81521,17.13689],[96.81584,17.13671],[96.81593,17.13725],[96.81647,17.13743],[96.81674,17.13743],[96.81701,17.1368],[96.81791,17.13698],[96.81791,17.13635],[96.81827,17.13608],[96.81791,17.13411],[96.81871,17.13393],[96.81845,17.13339],[96.8188,17.13339],[96.81925,17.13438],[96.8188,17.13465],[96.8188,17.13527],[96.81845,17.13554],[96.81862,17.13626],[96.81827,17.13626],[96.81818,17.1377],[96.81791,17.1377],[96.81782,17.13707],[96.81755,17.13707],[96.81755,17.13743],[96.81656,17.13752],[96.81683,17.13806],[96.81629,17.13887],[96.81629,17.13941],[96.81656,17.13941],[96.81638,17.14021],[96.81611,17.14021],[96.81611,17.13968],[96.81449,17.13941],[96.81341,17.13869],[96.81314,17.13941],[96.81332,17.13986],[96.81216,17.14048],[96.81216,17.14075],[96.81261,17.14084],[96.81261,17.14129],[96.81225,17.14138],[96.81234,17.14237],[96.81261,17.14273],[96.81314,17.14219],[96.8135,17.14237],[96.81413,17.14372],[96.81494,17.14417],[96.8153,17.14543],[96.81512,17.14578],[96.81306,17.14543],[96.81297,17.14605],[96.8118,17.14587],[96.8118,17.14552],[96.81153,17.14552],[96.81153,17.14605],[96.81288,17.1465],[96.8135,17.14641],[96.81386,17.14686],[96.81386,17.14731],[96.81216,17.14776],[96.81153,17.14695],[96.81072,17.14677],[96.81036,17.14632],[96.81063,17.14578],[96.81,17.1456],[96.81018,17.14516],[96.81135,17.14543],[96.81162,17.14471],[96.8109,17.14444],[96.81081,17.14498],[96.80973,17.14507],[96.80982,17.14605],[96.80946,17.14722],[96.80919,17.14731],[96.80901,17.14821],[96.80856,17.14821],[96.80892,17.14875],[96.80847,17.15064],[96.80865,17.15225],[96.80901,17.15234],[96.80901,17.15261],[96.80838,17.15261],[96.80829,17.15342],[96.80856,17.15342],[96.80865,17.15342]],[[96.8162,17.14318],[96.81611,17.14399],[96.81521,17.1439],[96.8153,17.14318],[96.8162,17.14318]],[[96.81539,17.14201],[96.81503,17.1421],[96.81512,17.14129],[96.8153,17.14075],[96.81575,17.14066],[96.81584,17.1412],[96.81539,17.1412],[96.81548,17.14201],[96.81539,17.14201]],[[96.8224,17.13815],[96.82186,17.13716],[96.82132,17.13716],[96.82087,17.1377],[96.8206,17.13752],[96.8206,17.13707],[96.82114,17.13644],[96.82051,17.13653],[96.82015,17.13626],[96.82006,17.13509],[96.81916,17.13518],[96.81916,17.13491],[96.82015,17.13465],[96.82015,17.13509],[96.82078,17.13509],[96.82204,17.13438],[96.82258,17.13438],[96.82267,17.13393],[96.82195,17.13384],[96.82195,17.13438],[96.82114,17.13447],[96.82114,17.13411],[96.82186,17.13375],[96.82186,17.13339],[96.82159,17.13339],[96.82195,17.13303],[96.82177,17.13231],[96.82204,17.13231],[96.82204,17.13276],[96.82231,17.13267],[96.82222,17.13204],[96.82258,17.13177],[96.82294,17.13177],[96.82285,17.13276],[96.82222,17.13321],[96.82222,17.13366],[96.82339,17.13321],[96.82339,17.13285],[96.82392,17.13285],[96.82392,17.13312],[96.82348,17.13312],[96.82357,17.13348],[96.82437,17.13348],[96.82446,17.13384],[96.82518,17.13393],[96.82491,17.13474],[96.82464,17.13447],[96.82437,17.13465],[96.82464,17.13527],[96.82419,17.13554],[96.82428,17.13608],[96.82321,17.13599],[96.82303,17.13572],[96.82177,17.13599],[96.82177,17.13554],[96.82078,17.13545],[96.82177,17.13671],[96.82294,17.13671],[96.8224,17.13725],[96.82258,17.1377],[96.82312,17.1377],[96.82294,17.13815],[96.8224,17.13815]],[[96.8197,17.13132],[96.8197,17.13186],[96.81943,17.13186],[96.81943,17.1315],[96.81916,17.1315],[96.81925,17.13069],[96.82087,17.13033],[96.82078,17.13069],[96.81952,17.13105],[96.81952,17.13132],[96.8197,17.13132]],[[96.8171,17.13078],[96.81746,17.13078],[96.81755,17.13114],[96.8171,17.13114],[96.8171,17.13078],[96.81656,17.13078],[96.81647,17.13042],[96.81593,17.13042],[96.81584,17.13006],[96.81674,17.13015],[96.8171,17.13051],[96.8171,17.13078]],[[96.81943,17.13195],[96.81961,17.13267],[96.81862,17.13276],[96.81862,17.13249],[96.81898,17.13249],[96.81898,17.13195],[96.81943,17.13195]],[[96.81719,17.13402],[96.81728,17.13509],[96.81683,17.13518],[96.81692,17.13402],[96.81719,17.13402]],[[96.81934,17.12602],[96.81934,17.12647],[96.81889,17.12656],[96.81889,17.12602],[96.81979,17.12575],[96.81997,17.12629],[96.82087,17.12611],[96.82096,17.12647],[96.82132,17.12647],[96.82132,17.1271],[96.82096,17.1271],[96.82078,17.12656],[96.82024,17.12674],[96.82015,17.12647],[96.8197,17.12647],[96.8197,17.12602],[96.81934,17.12602]]],[[[96.78099,17.15306],[96.78108,17.15234],[96.78054,17.15234],[96.78063,17.15351],[96.78108,17.15351],[96.78108,17.15306],[96.78099,17.15306]]],[[[96.59809,17.15387],[96.59863,17.15315],[96.5998,17.15315],[96.60006,17.15135],[96.59953,17.15117],[96.59944,17.15064],[96.5998,17.15064],[96.5998,17.15028],[96.60033,17.15001],[96.60042,17.14929],[96.59935,17.1492],[96.59953,17.15001],[96.59908,17.15001],[96.59908,17.15028],[96.59881,17.15028],[96.59881,17.14992],[96.59809,17.1501],[96.59809,17.14983],[96.59773,17.14983],[96.59746,17.15028],[96.59773,17.15135],[96.59881,17.15153],[96.59836,17.15261],[96.59809,17.15261],[96.59818,17.15324],[96.59782,17.15333],[96.59782,17.15387],[96.59809,17.15387]]],[[[96.54024,17.15414],[96.54087,17.15369],[96.54149,17.15396],[96.54158,17.15315],[96.54221,17.15324],[96.5423,17.1527],[96.54284,17.1527],[96.54275,17.15153],[96.5432,17.15153],[96.5432,17.15099],[96.54185,17.15073],[96.54185,17.15108],[96.54158,17.15108],[96.5414,17.15064],[96.54096,17.15064],[96.54069,17.1509],[96.5406,17.15243],[96.5397,17.15261],[96.53871,17.15207],[96.53853,17.15252],[96.53781,17.15252],[96.53781,17.15315],[96.53889,17.15306],[96.53898,17.1536],[96.5397,17.15414],[96.54024,17.15414]]],[[[96.63348,17.15414],[96.63348,17.15387],[96.63429,17.15387],[96.63438,17.15261],[96.63474,17.15261],[96.63474,17.15297],[96.63564,17.15279],[96.63591,17.15306],[96.63609,17.15243],[96.63564,17.15189],[96.63474,17.15225],[96.63474,17.1518],[96.63447,17.1518],[96.63438,17.15225],[96.63393,17.15234],[96.63321,17.15207],[96.63312,17.15162],[96.63222,17.15189],[96.63258,17.15099],[96.63204,17.1509],[96.63169,17.15198],[96.63115,17.15216],[96.63106,17.15324],[96.63142,17.15324],[96.63142,17.1536],[96.63249,17.15369],[96.63249,17.15315],[96.63186,17.15333],[96.63186,17.15297],[96.63294,17.15297],[96.63285,17.15378],[96.63321,17.15414],[96.63348,17.15414]]],[[[96.77065,17.15369],[96.77074,17.15315],[96.77021,17.15306],[96.77012,17.1527],[96.76949,17.15279],[96.76949,17.15315],[96.76886,17.15315],[96.76886,17.1536],[96.7703,17.15369],[96.77056,17.15414],[96.77083,17.15414],[96.77083,17.15369],[96.77065,17.15369]]],[[[96.77721,17.15351],[96.77721,17.15306],[96.77649,17.15324],[96.77694,17.15414],[96.77748,17.15414],[96.7773,17.15351],[96.77721,17.15351]]],[[[96.59072,17.15423],[96.59135,17.15414],[96.59135,17.15315],[96.59018,17.15324],[96.59018,17.15378],[96.58937,17.1536],[96.58937,17.15405],[96.59045,17.15423],[96.59072,17.15423]]],[[[96.57662,17.15432],[96.57716,17.15378],[96.57662,17.15387],[96.57671,17.15324],[96.57617,17.15306],[96.57626,17.15432],[96.57662,17.15432]]],[[[96.85276,17.1545],[96.85276,17.15396],[96.85375,17.15405],[96.85375,17.15351],[96.8542,17.15351],[96.85384,17.15441],[96.85474,17.15423],[96.85465,17.1518],[96.8542,17.1518],[96.85438,17.15243],[96.85321,17.15261],[96.8533,17.15333],[96.85231,17.15351],[96.85204,17.1545],[96.85276,17.1545]]],[[[96.53431,17.15459],[96.53619,17.15432],[96.53628,17.15378],[96.53664,17.15387],[96.53664,17.15423],[96.53736,17.15414],[96.53763,17.15342],[96.53592,17.15324],[96.53619,17.1518],[96.53557,17.15207],[96.53521,17.15198],[96.5353,17.15135],[96.53413,17.15153],[96.53359,17.15216],[96.53395,17.1527],[96.53377,17.15342],[96.53404,17.15351],[96.53404,17.15414],[96.53377,17.15441],[96.53404,17.15459],[96.53431,17.15459]]],[[[96.88797,17.15459],[96.88869,17.15378],[96.88941,17.15369],[96.88977,17.15261],[96.89022,17.15306],[96.89094,17.15297],[96.89094,17.15333],[96.89121,17.15333],[96.89139,17.15234],[96.8904,17.15216],[96.88779,17.15279],[96.88744,17.15324],[96.88681,17.15315],[96.88753,17.15459],[96.88797,17.15459]]],[[[96.55434,17.15441],[96.55425,17.15279],[96.55371,17.15252],[96.55335,17.15126],[96.55227,17.15144],[96.55218,17.15189],[96.55254,17.15189],[96.55254,17.15162],[96.55317,17.15189],[96.5529,17.15279],[96.5538,17.15297],[96.5538,17.15333],[96.55344,17.15342],[96.55371,17.15423],[96.55416,17.15468],[96.55443,17.15441],[96.55434,17.15441]]],[[[96.73391,17.15468],[96.73409,17.15342],[96.73445,17.15342],[96.73445,17.15315],[96.73364,17.15315],[96.73364,17.15468],[96.73391,17.15468]]],[[[96.56045,17.1545],[96.56054,17.15414],[96.56126,17.15432],[96.56126,17.15387],[96.5609,17.15387],[96.56117,17.15333],[96.56018,17.15378],[96.56036,17.15477],[96.56081,17.15477],[96.56081,17.1545],[96.56045,17.1545]]],[[[96.56314,17.1545],[96.56323,17.15414],[96.56395,17.15405],[96.56395,17.15369],[96.56314,17.15387],[96.56243,17.1536],[96.56278,17.15477],[96.56332,17.15477],[96.56332,17.1545],[96.56314,17.1545]]],[[[96.60932,17.15477],[96.60932,17.15306],[96.60761,17.15333],[96.60716,17.15324],[96.60707,17.15279],[96.60653,17.15288],[96.60644,17.15387],[96.60878,17.15369],[96.60887,17.15477],[96.60932,17.15477]]],[[[96.52946,17.15495],[96.52964,17.15396],[96.53009,17.15396],[96.53009,17.15369],[96.52955,17.15369],[96.52946,17.15342],[96.52991,17.15261],[96.5291,17.15279],[96.5291,17.15495],[96.52946,17.15495]]],[[[96.74523,17.15495],[96.74532,17.15432],[96.74433,17.1545],[96.74433,17.15495],[96.74496,17.15495],[96.74523,17.15495]]],[[[96.57536,17.15504],[96.5759,17.1545],[96.5759,17.15396],[96.57527,17.15405],[96.57572,17.15306],[96.57473,17.1527],[96.57446,17.15279],[96.57473,17.15378],[96.57455,17.15495],[96.57491,17.15504],[96.57536,17.15504]]],[[[96.5962,17.15522],[96.59647,17.15495],[96.59629,17.1545],[96.59584,17.15423],[96.59557,17.1545],[96.59503,17.15441],[96.59512,17.15513],[96.59593,17.15477],[96.59593,17.15522],[96.5962,17.15522]]],[[[96.76131,17.15486],[96.76131,17.1545],[96.76185,17.1545],[96.76149,17.1536],[96.76248,17.15315],[96.76248,17.15279],[96.7614,17.15243],[96.76122,17.15342],[96.76041,17.15342],[96.76005,17.15333],[96.76005,17.15252],[96.75952,17.15252],[96.76005,17.15198],[96.75907,17.15198],[96.75889,17.15315],[96.76014,17.15405],[96.76059,17.15405],[96.76032,17.15504],[96.7614,17.15522],[96.7614,17.15486],[96.76131,17.15486]]],[[[96.81422,17.15522],[96.81476,17.15495],[96.81431,17.15414],[96.81494,17.15396],[96.81485,17.15315],[96.81512,17.15315],[96.81512,17.15279],[96.81458,17.15279],[96.81458,17.15315],[96.81431,17.15315],[96.81404,17.15468],[96.81332,17.15459],[96.81341,17.15513],[96.81395,17.15522],[96.81422,17.15522]]],[[[96.55686,17.15531],[96.55704,17.15486],[96.55587,17.15468],[96.55587,17.15513],[96.5565,17.15531],[96.55686,17.15531]]],[[[96.57815,17.15531],[96.57851,17.15423],[96.57913,17.15423],[96.57922,17.15351],[96.5803,17.15369],[96.58057,17.15306],[96.5803,17.15306],[96.58039,17.15252],[96.57904,17.15243],[96.57922,17.15171],[96.57886,17.15171],[96.57886,17.15126],[96.57833,17.15099],[96.57797,17.15099],[96.5777,17.15234],[96.57743,17.15234],[96.57734,17.15162],[96.57698,17.15162],[96.57698,17.15135],[96.57752,17.15135],[96.57761,17.1509],[96.57698,17.15055],[96.57608,17.15144],[96.57635,17.15153],[96.57653,17.15243],[96.57698,17.15243],[96.57689,17.15342],[96.57752,17.15324],[96.57779,17.15414],[96.57815,17.15414],[96.57815,17.15441],[96.5777,17.15441],[96.57779,17.15531],[96.57815,17.15531]]],[[[96.77012,17.15486],[96.77003,17.15432],[96.7694,17.15423],[96.7694,17.15504],[96.77021,17.15531],[96.77021,17.15486],[96.77012,17.15486]]],[[[96.81988,17.15531],[96.82033,17.15405],[96.81934,17.15441],[96.81961,17.15531],[96.81988,17.15531]]],[[[96.76203,17.1554],[96.76293,17.15504],[96.76293,17.15459],[96.76194,17.1545],[96.76167,17.1554],[96.76203,17.1554]]],[[[96.77631,17.1554],[96.77613,17.15378],[96.7756,17.15342],[96.77515,17.15369],[96.77515,17.15414],[96.77452,17.15414],[96.77452,17.15441],[96.77479,17.15477],[96.77613,17.15477],[96.77604,17.1554],[96.77631,17.1554]]],[[[96.77371,17.15567],[96.77362,17.1545],[96.77317,17.1545],[96.77317,17.15567],[96.77371,17.15567]]],[[[96.85105,17.15567],[96.85177,17.15531],[96.8515,17.15468],[96.85051,17.15522],[96.85051,17.15567],[96.85105,17.15567]]],[[[96.82294,17.15585],[96.8241,17.15414],[96.82339,17.15441],[96.82258,17.15414],[96.82231,17.15522],[96.82258,17.15585],[96.82294,17.15585]]],[[[96.59458,17.15558],[96.59476,17.15495],[96.59432,17.15486],[96.59441,17.15432],[96.59476,17.15432],[96.59521,17.15351],[96.59557,17.15351],[96.59557,17.15306],[96.59432,17.15378],[96.59432,17.15342],[96.59369,17.15315],[96.59378,17.15225],[96.59342,17.15225],[96.59342,17.15252],[96.5927,17.15225],[96.59243,17.1545],[96.5918,17.15441],[96.59153,17.15486],[96.5918,17.15513],[96.59297,17.15513],[96.59297,17.15468],[96.59378,17.15477],[96.59396,17.1554],[96.59441,17.15567],[96.59441,17.1562],[96.59485,17.1562],[96.59467,17.15558],[96.59458,17.15558]],[[96.59297,17.15423],[96.59306,17.15387],[96.59414,17.15378],[96.59414,17.15423],[96.59342,17.15423],[96.59297,17.15423]]],[[[96.53601,17.15629],[96.53619,17.15468],[96.53548,17.15468],[96.53539,17.15612],[96.53566,17.15629],[96.53601,17.15629]]],[[[96.58551,17.15647],[96.58623,17.15638],[96.58632,17.15594],[96.58497,17.15576],[96.58506,17.15477],[96.58318,17.15468],[96.58327,17.15522],[96.58282,17.15522],[96.58255,17.15441],[96.583,17.15441],[96.58318,17.1536],[96.58282,17.1536],[96.58246,17.15423],[96.5821,17.15423],[96.5821,17.15396],[96.58156,17.15423],[96.58165,17.15495],[96.58228,17.15486],[96.58237,17.15522],[96.58228,17.15594],[96.58192,17.15594],[96.58192,17.1562],[96.58372,17.1562],[96.58372,17.15513],[96.58452,17.15504],[96.58416,17.15576],[96.58443,17.15647],[96.58551,17.15647]]],[[[96.79392,17.15576],[96.79455,17.15638],[96.79482,17.15612],[96.79554,17.15629],[96.79536,17.15558],[96.79572,17.15522],[96.79554,17.15432],[96.79581,17.15432],[96.79599,17.15522],[96.79563,17.15612],[96.79599,17.15647],[96.79653,17.15647],[96.79644,17.15531],[96.79689,17.15531],[96.79644,17.15414],[96.79644,17.15387],[96.7968,17.15387],[96.79662,17.15288],[96.79635,17.15288],[96.79635,17.15324],[96.79527,17.15324],[96.79509,17.15423],[96.79464,17.15423],[96.79464,17.15549],[96.79437,17.15576],[96.79392,17.15576]]],[[[96.54051,17.15656],[96.54051,17.15612],[96.54131,17.15603],[96.54131,17.15558],[96.54185,17.15531],[96.54176,17.15495],[96.54042,17.15495],[96.54042,17.1545],[96.54015,17.1545],[96.54015,17.15486],[96.53943,17.15486],[96.53907,17.15396],[96.53871,17.15423],[96.53736,17.15423],[96.53754,17.1554],[96.53898,17.15477],[96.53898,17.15522],[96.53853,17.15522],[96.53853,17.15549],[96.53934,17.15576],[96.53952,17.15656],[96.54051,17.15656]]],[[[96.84225,17.15665],[96.84207,17.15567],[96.84126,17.1554],[96.84153,17.1562],[96.84198,17.1562],[96.84198,17.15665],[96.84225,17.15665]]],[[[96.82922,17.14408],[96.82922,17.14363],[96.82806,17.14345],[96.82878,17.14246],[96.82734,17.14291],[96.82689,17.14264],[96.82689,17.14228],[96.82734,17.1421],[96.82734,17.14147],[96.82788,17.14129],[96.82824,17.14129],[96.82824,17.14183],[96.82743,17.14201],[96.82743,17.14228],[96.82833,17.14228],[96.82833,17.14183],[96.82905,17.14201],[96.82878,17.14147],[96.82949,17.14129],[96.82958,17.14075],[96.82985,17.14075],[96.82958,17.14192],[96.82931,17.14192],[96.82922,17.14327],[96.83084,17.14336],[96.83147,17.14291],[96.83147,17.14246],[96.83084,17.14309],[96.83021,17.14291],[96.83039,17.14246],[96.83075,17.14246],[96.83093,17.14165],[96.83012,17.14111],[96.83012,17.13905],[96.83066,17.13896],[96.83093,17.1395],[96.83219,17.13941],[96.83201,17.13833],[96.833,17.13887],[96.83381,17.13878],[96.8339,17.13797],[96.83444,17.1377],[96.83506,17.1377],[96.83605,17.13896],[96.83758,17.13896],[96.83758,17.1386],[96.83686,17.1386],[96.83686,17.13824],[96.8356,17.13815],[96.83524,17.13653],[96.83497,17.13653],[96.83497,17.13689],[96.83444,17.13671],[96.8347,17.13644],[96.83452,17.13572],[96.83524,17.13509],[96.83497,17.13483],[96.83515,17.13258],[96.83569,17.13249],[96.83596,17.13177],[96.83677,17.13159],[96.83677,17.13096],[96.83596,17.13078],[96.83587,17.13051],[96.83533,17.13051],[96.83533,17.13096],[96.83506,17.13096],[96.83444,17.13069],[96.83444,17.13024],[96.83408,17.13024],[96.83408,17.13087],[96.83327,17.13069],[96.83354,17.13024],[96.83408,17.13024],[96.83408,17.12988],[96.83497,17.13015],[96.83461,17.12908],[96.8339,17.12926],[96.83354,17.12845],[96.83354,17.12818],[96.83444,17.12827],[96.8339,17.12791],[96.8339,17.1271],[96.83435,17.12656],[96.83461,17.1253],[96.8339,17.12458],[96.83345,17.12458],[96.83417,17.12566],[96.83336,17.12575],[96.83309,17.12476],[96.83246,17.12449],[96.83264,17.12405],[96.83336,17.12431],[96.83363,17.1236],[96.83426,17.1236],[96.8339,17.12449],[96.8347,17.12387],[96.83551,17.1244],[96.83623,17.12288],[96.83686,17.12288],[96.83686,17.12261],[96.83677,17.12234],[96.83605,17.12243],[96.83578,17.12162],[96.83452,17.12153],[96.83444,17.12081],[96.83408,17.12081],[96.83417,17.12144],[96.83372,17.12144],[96.83318,17.12054],[96.83273,17.1209],[96.83237,17.11901],[96.83156,17.1191],[96.83156,17.11937],[96.83057,17.11928],[96.83066,17.12],[96.83111,17.12],[96.83102,17.12063],[96.83048,17.12081],[96.83075,17.12189],[96.83183,17.12189],[96.83228,17.12144],[96.833,17.12135],[96.83282,17.12198],[96.83336,17.12279],[96.83372,17.12279],[96.8339,17.12234],[96.8347,17.12261],[96.8347,17.12216],[96.83497,17.12216],[96.83506,17.12261],[96.83479,17.12261],[96.83479,17.12297],[96.83417,17.12288],[96.83408,17.12324],[96.83246,17.12342],[96.83228,17.1244],[96.83156,17.12476],[96.83129,17.12422],[96.83156,17.12351],[96.83111,17.12342],[96.83102,17.12306],[96.83174,17.12297],[96.83174,17.12261],[96.83102,17.12279],[96.83075,17.12198],[96.83048,17.12279],[96.83039,17.12656],[96.82976,17.128],[96.82913,17.13087],[96.8294,17.13123],[96.82994,17.13087],[96.83003,17.13132],[96.82976,17.13168],[96.82913,17.13141],[96.82913,17.13114],[96.82887,17.13132],[96.82815,17.13384],[96.82734,17.13483],[96.82698,17.13617],[96.82635,17.13752],[96.82599,17.1377],[96.825,17.14039],[96.82401,17.14165],[96.82294,17.14426],[96.82348,17.14471],[96.82527,17.14516],[96.82554,17.1456],[96.8259,17.14534],[96.8259,17.14578],[96.82644,17.14587],[96.82644,17.14623],[96.82671,17.14623],[96.82671,17.14578],[96.82617,17.14525],[96.82689,17.14534],[96.82689,17.14641],[96.82743,17.14659],[96.82779,17.14731],[96.82779,17.14767],[96.82743,17.14767],[96.82734,17.14848],[96.82689,17.14857],[96.82689,17.1501],[96.82761,17.1501],[96.8277,17.14929],[96.82815,17.14929],[96.82851,17.14947],[96.82815,17.1501],[96.82842,17.15019],[96.8286,17.15117],[96.82931,17.15046],[96.82994,17.15099],[96.83003,17.15198],[96.82958,17.15189],[96.82958,17.15108],[96.82922,17.15099],[96.82922,17.15126],[96.82878,17.15126],[96.82878,17.15171],[96.82806,17.15207],[96.82617,17.15189],[96.82554,17.15153],[96.82554,17.15108],[96.82518,17.15108],[96.82518,17.15162],[96.82608,17.15207],[96.82653,17.15297],[96.82707,17.15297],[96.82653,17.15369],[96.82608,17.15369],[96.8259,17.15441],[96.82716,17.15414],[96.82734,17.15324],[96.8277,17.15315],[96.8277,17.15342],[96.82806,17.15342],[96.82779,17.15405],[96.82851,17.15378],[96.82887,17.15459],[96.82887,17.15603],[96.82994,17.15629],[96.82994,17.15665],[96.83021,17.15665],[96.83048,17.1562],[96.8294,17.15594],[96.82931,17.15477],[96.82878,17.15387],[96.82878,17.15342],[96.82913,17.15342],[96.82931,17.15387],[96.83003,17.15378],[96.83003,17.15477],[96.82967,17.15522],[96.8303,17.15522],[96.83048,17.15585],[96.83147,17.15612],[96.83147,17.15674],[96.83336,17.15647],[96.83336,17.15603],[96.83309,17.15594],[96.83228,17.15594],[96.8321,17.15638],[96.83138,17.15585],[96.83129,17.1554],[96.83066,17.15513],[96.83075,17.15423],[96.83102,17.15423],[96.83102,17.15459],[96.83165,17.15486],[96.83165,17.15513],[96.83246,17.15531],[96.83237,17.15423],[96.83192,17.15378],[96.83093,17.15396],[96.83129,17.1536],[96.83129,17.15324],[96.83093,17.15315],[96.83138,17.15216],[96.83129,17.15153],[96.83102,17.15153],[96.8312,17.15082],[96.83057,17.15046],[96.83012,17.14929],[96.82994,17.14992],[96.82949,17.14992],[96.82905,17.14974],[96.82878,17.14866],[96.82815,17.14875],[96.82815,17.14848],[96.82887,17.14812],[96.82887,17.14848],[96.82949,17.14839],[96.82949,17.14893],[96.82976,17.14893],[96.82967,17.14812],[96.82815,17.14776],[96.82806,17.14749],[96.82824,17.14614],[96.8286,17.14614],[96.82833,17.14543],[96.82913,17.14516],[96.82878,17.14408],[96.82922,17.14408]],[[96.82509,17.14318],[96.825,17.14273],[96.82599,17.14273],[96.82599,17.14336],[96.82554,17.14336],[96.82554,17.14363],[96.82509,17.14336],[96.82509,17.14318]],[[96.82482,17.1421],[96.82455,17.14183],[96.82482,17.14111],[96.82572,17.14093],[96.82635,17.14039],[96.82626,17.13887],[96.8268,17.13878],[96.82671,17.13824],[96.82707,17.13815],[96.82734,17.13689],[96.8277,17.13671],[96.8277,17.13581],[96.82842,17.13509],[96.82842,17.13581],[96.82806,17.13617],[96.82824,17.13698],[96.8277,17.13743],[96.82761,17.13815],[96.82815,17.13896],[96.82806,17.13959],[96.82851,17.13959],[96.82851,17.13995],[96.82779,17.13995],[96.82743,17.14048],[96.82671,17.14048],[96.82653,17.14156],[96.82545,17.14219],[96.82509,17.1421],[96.82482,17.1421]],[[96.83237,17.13483],[96.83237,17.13536],[96.83174,17.13536],[96.83174,17.13465],[96.83093,17.13518],[96.83093,17.1342],[96.83138,17.13402],[96.83174,17.13438],[96.83264,17.13447],[96.83264,17.13474],[96.83183,17.13456],[96.83183,17.13483],[96.83237,17.13483]],[[96.82994,17.13402],[96.83021,17.13438],[96.83012,17.13509],[96.82976,17.13509],[96.8294,17.13447],[96.82967,17.13402],[96.82994,17.13402]],[[96.83084,17.13114],[96.83102,17.13069],[96.83138,17.13069],[96.83138,17.12997],[96.83093,17.12917],[96.83147,17.12917],[96.83192,17.12935],[96.83174,17.13024],[96.8321,17.13096],[96.83192,17.13123],[96.83138,17.13114],[96.83084,17.13114]],[[96.83255,17.12997],[96.83273,17.12881],[96.83318,17.12881],[96.83309,17.1297],[96.83354,17.1297],[96.83354,17.13015],[96.83282,17.12997],[96.83255,17.12997]]],[[[96.53718,17.15612],[96.53718,17.15585],[96.53682,17.15585],[96.53673,17.15656],[96.53754,17.15683],[96.53745,17.15612],[96.53718,17.15612]]],[[[96.58973,17.15683],[96.58973,17.15638],[96.59036,17.15638],[96.59036,17.15594],[96.59081,17.15558],[96.59081,17.15459],[96.58973,17.1545],[96.58928,17.15486],[96.58946,17.15432],[96.58812,17.15441],[96.58848,17.15261],[96.58731,17.15252],[96.58695,17.15171],[96.58551,17.15171],[96.58497,17.15234],[96.58425,17.15234],[96.58372,17.15279],[96.58372,17.15333],[96.5847,17.15396],[96.58542,17.15333],[96.58632,17.1536],[96.58641,17.1527],[96.58686,17.15243],[96.58668,17.15333],[96.58641,17.15342],[96.58641,17.15432],[96.58686,17.15441],[96.58695,17.1562],[96.58767,17.15629],[96.58776,17.15567],[96.58803,17.15567],[96.58812,17.15612],[96.58937,17.15612],[96.58946,17.15683],[96.58973,17.15683]]],[[[96.81395,17.15683],[96.81395,17.15585],[96.81306,17.15576],[96.8135,17.15683],[96.81395,17.15683]]],[[[96.60734,17.15701],[96.60761,17.15692],[96.60743,17.15567],[96.60617,17.15603],[96.60617,17.1554],[96.60581,17.1554],[96.6059,17.15629],[96.60563,17.15656],[96.6059,17.15701],[96.60734,17.15701]]],[[[96.7658,17.15674],[96.7658,17.15647],[96.76661,17.15638],[96.76661,17.15612],[96.76553,17.15603],[96.76526,17.1571],[96.76598,17.1571],[96.76598,17.15674],[96.7658,17.15674]]],[[[96.53907,17.15683],[96.53925,17.15603],[96.53844,17.15594],[96.53871,17.15719],[96.53961,17.15719],[96.53961,17.15692],[96.53916,17.15683],[96.53907,17.15683]]],[[[96.79141,17.15728],[96.79159,17.15629],[96.79185,17.15656],[96.79275,17.15656],[96.79275,17.15594],[96.79177,17.15585],[96.79177,17.15558],[96.79221,17.15558],[96.79221,17.15522],[96.79293,17.15513],[96.79293,17.15486],[96.79239,17.15486],[96.79221,17.1545],[96.79194,17.1545],[96.79185,17.15504],[96.79114,17.15486],[96.79114,17.15728],[96.79141,17.15728]]],[[[96.6042,17.15737],[96.60447,17.15647],[96.60483,17.15647],[96.60474,17.15594],[96.60456,17.15549],[96.60339,17.1554],[96.60339,17.15495],[96.60456,17.15459],[96.60456,17.15387],[96.60536,17.15387],[96.60527,17.15333],[96.60429,17.15351],[96.6042,17.15387],[96.60393,17.15387],[96.60393,17.15333],[96.60213,17.15351],[96.60204,17.15387],[96.60141,17.15387],[96.60141,17.15423],[96.60087,17.15423],[96.60087,17.15612],[96.6006,17.15638],[96.60132,17.15656],[96.60132,17.15683],[96.60078,17.15692],[96.60078,17.15719],[96.60186,17.1571],[96.6024,17.15656],[96.6024,17.15701],[96.60384,17.15737],[96.6042,17.15737]],[[96.60195,17.1562],[96.60141,17.1562],[96.60159,17.15477],[96.60222,17.15504],[96.6024,17.1562],[96.60204,17.1562],[96.60195,17.1562]]],[[[96.60878,17.15737],[96.60878,17.15674],[96.60824,17.15674],[96.60824,17.15638],[96.60788,17.15638],[96.60788,17.15692],[96.60833,17.15701],[96.60833,17.15737],[96.60878,17.15737]]],[[[96.75368,17.15746],[96.75368,17.15701],[96.7544,17.15701],[96.75466,17.15665],[96.75574,17.15701],[96.75574,17.1562],[96.75619,17.15629],[96.75619,17.15701],[96.75673,17.15701],[96.75655,17.15558],[96.75511,17.15549],[96.75511,17.15594],[96.7544,17.1562],[96.75395,17.15603],[96.75395,17.15531],[96.75332,17.15522],[96.75305,17.1562],[96.75233,17.15594],[96.75296,17.15683],[96.75296,17.15746],[96.75368,17.15746]]],[[[96.8277,17.15755],[96.8277,17.15603],[96.82716,17.15603],[96.82743,17.15755],[96.8277,17.15755]]],[[[96.53557,17.15773],[96.53557,17.15638],[96.53485,17.15638],[96.53476,17.15612],[96.5344,17.15612],[96.5344,17.15647],[96.5335,17.15629],[96.53386,17.1571],[96.53521,17.15773],[96.53557,17.15773]]],[[[96.73823,17.15782],[96.73867,17.15764],[96.73876,17.15719],[96.73876,17.15683],[96.73823,17.15647],[96.73841,17.15585],[96.73796,17.15585],[96.73769,17.15647],[96.73787,17.15782],[96.73823,17.15782]]],[[[96.78575,17.15782],[96.78584,17.15674],[96.78548,17.15629],[96.78503,17.15629],[96.78476,17.15522],[96.78404,17.15513],[96.78359,17.15369],[96.78359,17.15342],[96.78413,17.15333],[96.78539,17.15369],[96.78503,17.15297],[96.78431,17.15306],[96.78431,17.1527],[96.78332,17.15252],[96.78332,17.15225],[96.78422,17.15207],[96.78395,17.1509],[96.78197,17.15153],[96.78188,17.15261],[96.78341,17.15279],[96.78314,17.15342],[96.78224,17.15333],[96.78242,17.15432],[96.78206,17.1545],[96.78152,17.15459],[96.78125,17.15414],[96.78063,17.15405],[96.78036,17.15333],[96.77964,17.15333],[96.77964,17.15369],[96.77937,17.15369],[96.77928,17.15324],[96.77775,17.15315],[96.77784,17.15441],[96.77838,17.15432],[96.77847,17.15387],[96.7791,17.15378],[96.77919,17.15423],[96.78,17.15387],[96.77991,17.15468],[96.7809,17.15459],[96.78116,17.15531],[96.78045,17.15549],[96.78045,17.15576],[96.78134,17.15585],[96.78134,17.15647],[96.7817,17.15656],[96.78206,17.15656],[96.78206,17.15513],[96.78332,17.15468],[96.78332,17.15423],[96.78359,17.15423],[96.78323,17.15531],[96.78332,17.15567],[96.78368,17.15567],[96.7835,17.1571],[96.78467,17.15692],[96.78467,17.15665],[96.7853,17.15674],[96.78521,17.15755],[96.78548,17.15782],[96.78575,17.15782]]],[[[96.82006,17.15782],[96.82006,17.15665],[96.82105,17.15665],[96.82123,17.15567],[96.82078,17.15567],[96.82078,17.1554],[96.82141,17.15504],[96.82141,17.15441],[96.82042,17.15504],[96.82033,17.15594],[96.8206,17.15594],[96.8206,17.15629],[96.8197,17.15647],[96.81952,17.15728],[96.81979,17.15782],[96.82006,17.15782]]],[[[96.77658,17.15791],[96.77685,17.15773],[96.77658,17.15746],[96.77685,17.15683],[96.77649,17.15558],[96.77613,17.15567],[96.77622,17.15638],[96.7756,17.15629],[96.77586,17.1571],[96.77506,17.15719],[96.77515,17.15764],[96.77613,17.15791],[96.77658,17.15791]]],[[[96.59369,17.158],[96.59378,17.15728],[96.59458,17.15728],[96.59458,17.15674],[96.59387,17.15647],[96.59369,17.1571],[96.59342,17.1571],[96.59324,17.15585],[96.59288,17.15585],[96.5927,17.15647],[96.59198,17.1562],[96.59198,17.15665],[96.59288,17.15719],[96.59297,17.15791],[96.59342,17.158],[96.59369,17.158]]],[[[96.61417,17.15827],[96.61417,17.15782],[96.61462,17.15755],[96.61552,17.15809],[96.61587,17.158],[96.61587,17.15746],[96.61507,17.15755],[96.61561,17.15692],[96.61561,17.15647],[96.61794,17.15638],[96.61785,17.15531],[96.61848,17.15468],[96.61785,17.15468],[96.61785,17.15441],[96.62001,17.15477],[96.61992,17.15405],[96.6192,17.15351],[96.61866,17.15351],[96.61866,17.15387],[96.61785,17.15387],[96.6174,17.15351],[96.61641,17.15369],[96.61641,17.15297],[96.61543,17.1527],[96.61534,17.15225],[96.61534,17.15198],[96.61614,17.15171],[96.61614,17.15207],[96.61677,17.15207],[96.61677,17.15252],[96.61722,17.15252],[96.61722,17.15279],[96.61911,17.15288],[96.61884,17.15243],[96.61821,17.15252],[96.61821,17.15216],[96.6192,17.15207],[96.61902,17.15099],[96.61947,17.15099],[96.61956,17.15055],[96.6192,17.14938],[96.61866,17.14947],[96.61866,17.1501],[96.61839,17.15019],[96.61803,17.15019],[96.61785,17.14974],[96.61722,17.14974],[96.61713,17.15108],[96.61686,17.15108],[96.61722,17.15207],[96.61596,17.15144],[96.61596,17.15099],[96.61623,17.15099],[96.61623,17.15135],[96.61686,17.15099],[96.61686,17.15073],[96.61587,17.15055],[96.61605,17.14983],[96.61561,17.15028],[96.61435,17.1501],[96.61408,17.15037],[96.61408,17.15001],[96.61237,17.15019],[96.61246,17.14893],[96.61165,17.14929],[96.61165,17.15001],[96.6121,17.15001],[96.6121,17.15028],[96.60869,17.15073],[96.60878,17.15037],[96.61111,17.1501],[96.61147,17.14902],[96.61102,17.14875],[96.61102,17.14812],[96.60923,17.1483],[96.60923,17.14776],[96.60968,17.14776],[96.60968,17.14722],[96.60905,17.14722],[96.60887,17.14803],[96.60815,17.14794],[96.60743,17.14848],[96.60725,17.14785],[96.60797,17.14767],[96.60806,17.14713],[96.60725,17.14713],[96.6068,17.14758],[96.60689,17.14704],[96.60501,17.14704],[96.60474,17.14713],[96.60483,17.14767],[96.60393,17.14776],[96.60393,17.14749],[96.60429,17.14749],[96.60429,17.14704],[96.60375,17.14668],[96.60339,17.1483],[96.6042,17.14821],[96.60393,17.14884],[96.60312,17.14875],[96.60294,17.14929],[96.6024,17.14947],[96.6024,17.14902],[96.60321,17.14866],[96.60321,17.14821],[96.60267,17.14821],[96.60231,17.14893],[96.60159,17.14893],[96.60141,17.15001],[96.60051,17.14983],[96.6006,17.15126],[96.60123,17.15117],[96.6015,17.15055],[96.60204,17.15028],[96.60195,17.15099],[96.60123,17.15153],[96.60123,17.15261],[96.60168,17.15306],[96.60303,17.15279],[96.60294,17.15171],[96.60402,17.15135],[96.60411,17.15064],[96.60572,17.15055],[96.60554,17.14965],[96.60608,17.14983],[96.60608,17.15064],[96.60653,17.15099],[96.60644,17.15135],[96.60563,17.15135],[96.60563,17.15171],[96.60536,17.15171],[96.60563,17.15252],[96.60617,17.15243],[96.60599,17.15189],[96.60635,17.15189],[96.60671,17.15126],[96.60743,17.15117],[96.60707,17.15189],[96.60761,17.1518],[96.60761,17.15216],[96.60689,17.15216],[96.60644,17.15261],[96.60842,17.15207],[96.60815,17.15153],[96.60842,17.15126],[96.60905,17.15135],[96.60923,17.15189],[96.61031,17.1518],[96.61022,17.15261],[96.6112,17.15252],[96.6112,17.15288],[96.61147,17.15288],[96.61273,17.15198],[96.61282,17.15126],[96.61327,17.15126],[96.61345,17.15198],[96.6139,17.15198],[96.61417,17.15234],[96.61345,17.1536],[96.61345,17.15405],[96.6139,17.15414],[96.6139,17.15441],[96.61318,17.15432],[96.61327,17.1554],[96.61291,17.15549],[96.61309,17.15647],[96.61372,17.15638],[96.61372,17.15827],[96.61417,17.15827]],[[96.61462,17.15441],[96.61435,17.15432],[96.61426,17.15369],[96.61462,17.15279],[96.61489,17.15279],[96.61489,17.15351],[96.61525,17.1536],[96.61507,17.15414],[96.61552,17.15414],[96.61552,17.15441],[96.61462,17.15441]],[[96.60734,17.15028],[96.60734,17.15073],[96.60698,17.15073],[96.60698,17.15019],[96.60635,17.1501],[96.60635,17.14947],[96.60572,17.14929],[96.60581,17.14866],[96.60545,17.14785],[96.60599,17.14794],[96.60644,17.14758],[96.60644,17.14812],[96.60689,17.1483],[96.60653,17.14893],[96.60716,17.14875],[96.6077,17.14965],[96.60824,17.14965],[96.60824,17.14992],[96.60743,17.15028],[96.60734,17.15028]]],[[[96.62019,17.15836],[96.62019,17.15773],[96.61983,17.15773],[96.61992,17.15701],[96.61902,17.1571],[96.61902,17.15737],[96.61947,17.15737],[96.61938,17.15836],[96.62019,17.15836]]],[[[96.58632,17.15845],[96.58632,17.15809],[96.5874,17.15818],[96.58758,17.15737],[96.58695,17.15746],[96.58686,17.15683],[96.58632,17.15683],[96.58605,17.15845],[96.58632,17.15845]]],[[[96.62189,17.15845],[96.62189,17.158],[96.62153,17.15791],[96.62082,17.15791],[96.62073,17.15845],[96.62189,17.15845]]],[[[96.85402,17.15845],[96.85429,17.15683],[96.85483,17.15683],[96.85519,17.15719],[96.85528,17.15629],[96.85555,17.15629],[96.85555,17.15603],[96.85447,17.15585],[96.8542,17.15486],[96.85384,17.15486],[96.8542,17.15647],[96.85348,17.15746],[96.85348,17.15845],[96.85402,17.15845]]],[[[96.72107,17.15881],[96.72107,17.15755],[96.72259,17.15692],[96.72224,17.15594],[96.7217,17.15594],[96.72161,17.1571],[96.72071,17.1571],[96.72044,17.15881],[96.72107,17.15881]]],[[[96.78449,17.15881],[96.78467,17.15809],[96.78494,17.15809],[96.78476,17.15746],[96.78404,17.15773],[96.78404,17.158],[96.7844,17.158],[96.78422,17.15881],[96.78449,17.15881]]],[[[96.86588,17.15881],[96.8657,17.15585],[96.86543,17.15558],[96.8657,17.15558],[96.86597,17.15396],[96.86525,17.15414],[96.86507,17.15486],[96.86507,17.15665],[96.86552,17.15881],[96.86588,17.15881]]],[[[96.53305,17.1589],[96.53332,17.15881],[96.53332,17.15791],[96.53188,17.15782],[96.53242,17.1589],[96.53305,17.1589]]],[[[96.78575,17.1589],[96.78593,17.15836],[96.78647,17.15827],[96.78638,17.15791],[96.78566,17.15791],[96.78548,17.1589],[96.78575,17.1589]]],[[[96.55335,17.15899],[96.55344,17.15863],[96.55434,17.15872],[96.55416,17.15809],[96.55506,17.15809],[96.55497,17.1589],[96.55614,17.15872],[96.55605,17.15809],[96.55533,17.15809],[96.55587,17.15746],[96.55542,17.15692],[96.55524,17.15549],[96.5547,17.15549],[96.55425,17.1562],[96.55317,17.15603],[96.55326,17.15674],[96.55317,17.15719],[96.55281,17.15719],[96.5529,17.15773],[96.552,17.15773],[96.552,17.15836],[96.55281,17.15899],[96.55335,17.15899]]],[[[96.90864,17.15899],[96.90864,17.15854],[96.90917,17.15827],[96.90917,17.15459],[96.90864,17.15603],[96.90837,17.15899],[96.90864,17.15899]]],[[[96.82545,17.15908],[96.82572,17.15854],[96.82491,17.15836],[96.82464,17.15899],[96.82509,17.15908],[96.82545,17.15908]]],[[[96.79069,17.15863],[96.7906,17.15746],[96.79033,17.15746],[96.79033,17.158],[96.78997,17.158],[96.78979,17.15881],[96.79015,17.15881],[96.79024,17.15926],[96.79078,17.15926],[96.79078,17.15863],[96.79069,17.15863]]],[[[96.77991,17.15944],[96.78045,17.15881],[96.77919,17.1589],[96.77928,17.15944],[96.77991,17.15944]]],[[[96.79302,17.15944],[96.7932,17.158],[96.79293,17.15764],[96.79159,17.15764],[96.79123,17.15737],[96.79132,17.15818],[96.79194,17.15836],[96.7915,17.1589],[96.79266,17.15845],[96.79266,17.15872],[96.7923,17.15872],[96.79239,17.15944],[96.79302,17.15944]]],[[[96.59593,17.15917],[96.59629,17.15674],[96.59638,17.15638],[96.59674,17.15638],[96.59674,17.15576],[96.59566,17.15531],[96.59521,17.1554],[96.59512,17.15585],[96.59512,17.1562],[96.59584,17.15638],[96.59584,17.15665],[96.5953,17.15665],[96.59548,17.15746],[96.59458,17.15746],[96.59467,17.15845],[96.59405,17.15854],[96.59405,17.15881],[96.59629,17.15953],[96.59602,17.15917],[96.59593,17.15917]]],[[[96.73149,17.15908],[96.73167,17.15737],[96.73122,17.15728],[96.73122,17.15701],[96.73212,17.15683],[96.73221,17.15396],[96.73167,17.15414],[96.73194,17.15504],[96.73005,17.15522],[96.73005,17.15558],[96.72978,17.15558],[96.72978,17.15674],[96.73086,17.15683],[96.73104,17.1589],[96.73077,17.15917],[96.73104,17.15953],[96.73158,17.15953],[96.73158,17.15908],[96.73149,17.15908]]],[[[96.76275,17.15926],[96.76302,17.15854],[96.76266,17.15818],[96.76203,17.15818],[96.7623,17.15872],[96.76203,17.15872],[96.76185,17.15935],[96.76248,17.15926],[96.76248,17.15953],[96.76284,17.15953],[96.76284,17.15926],[96.76275,17.15926]]],[[[96.53664,17.15962],[96.53673,17.15926],[96.53718,17.15917],[96.53718,17.15881],[96.53664,17.1589],[96.53664,17.15854],[96.53853,17.15854],[96.53871,17.15791],[96.53655,17.15764],[96.53646,17.15818],[96.53601,17.15836],[96.53467,17.15818],[96.53449,17.15917],[96.53637,17.15962],[96.53664,17.15962]]],[[[96.52434,17.15944],[96.52434,17.15899],[96.52515,17.15881],[96.52515,17.15791],[96.52452,17.15737],[96.52389,17.15773],[96.52389,17.15746],[96.5229,17.15728],[96.52281,17.15809],[96.52236,17.15809],[96.52236,17.15845],[96.52272,17.15845],[96.52299,17.15899],[96.52407,17.15926],[96.52425,17.15971],[96.5247,17.15971],[96.5247,17.15944],[96.52434,17.15944]]],[[[96.81961,17.15944],[96.81997,17.15818],[96.81925,17.15818],[96.81934,17.15908],[96.81898,17.15908],[96.81889,17.15944],[96.81934,17.15944],[96.81943,17.1598],[96.8197,17.1598],[96.8197,17.15944],[96.81961,17.15944]]],[[[96.8374,17.15998],[96.83758,17.1589],[96.83677,17.15809],[96.83686,17.15728],[96.8374,17.15737],[96.83758,17.15818],[96.83794,17.15818],[96.83812,17.15863],[96.83857,17.15845],[96.83848,17.15755],[96.83785,17.15683],[96.83803,17.15567],[96.83767,17.15477],[96.83722,17.15486],[96.8365,17.15594],[96.83506,17.15567],[96.83551,17.15755],[96.83605,17.15782],[96.83632,17.15863],[96.83668,17.15881],[96.83632,17.15944],[96.83695,17.15953],[96.83713,17.15998],[96.8374,17.15998]]],[[[96.86363,17.16007],[96.86381,17.15881],[96.863,17.15809],[96.86327,17.15908],[96.86282,17.15908],[96.86282,17.15935],[96.86318,17.15953],[96.86327,17.16007],[96.86363,17.16007]]],[[[96.58731,17.16016],[96.58749,17.15962],[96.58713,17.15962],[96.58704,17.15917],[96.58569,17.15854],[96.58578,17.15917],[96.58686,17.15953],[96.58704,17.16016],[96.58731,17.16016]]],[[[96.83363,17.16016],[96.83399,17.15944],[96.83309,17.15926],[96.83291,17.15971],[96.83336,17.16016],[96.83363,17.16016]]],[[[96.76994,17.16025],[96.77012,17.15791],[96.76967,17.15746],[96.7694,17.15746],[96.76931,17.15809],[96.76976,17.15809],[96.76976,17.15836],[96.76931,17.15836],[96.76922,17.15899],[96.76922,17.15935],[96.76958,17.15935],[96.76958,17.15989],[96.76904,17.15989],[96.76904,17.16025],[96.76994,17.16025]]],[[[96.78161,17.16025],[96.7826,17.15944],[96.78323,17.15962],[96.78314,17.15836],[96.7826,17.15782],[96.78197,17.158],[96.78161,17.15881],[96.78161,17.15908],[96.78224,17.15908],[96.78215,17.15944],[96.78179,17.15917],[96.7809,17.15926],[96.7809,17.1598],[96.78134,17.1598],[96.78134,17.16025],[96.78161,17.16025]]],[[[96.85474,17.15881],[96.85438,17.15881],[96.85456,17.16025],[96.85483,17.16025],[96.85474,17.15953],[96.85474,17.15881]]],[[[96.59225,17.16034],[96.59261,17.15935],[96.59216,17.15926],[96.59189,17.15926],[96.59162,17.16034],[96.59225,17.16034]]],[[[96.77667,17.16034],[96.77676,17.15944],[96.77595,17.15926],[96.77578,17.15827],[96.77551,17.15827],[96.77551,17.15872],[96.77497,17.15872],[96.77506,17.15944],[96.77613,17.1598],[96.7764,17.16034],[96.77667,17.16034]]],[[[96.84557,17.16034],[96.84566,17.1598],[96.84602,17.1598],[96.84575,17.15908],[96.84638,17.1589],[96.84665,17.15746],[96.84701,17.15737],[96.8471,17.15612],[96.84755,17.15585],[96.84755,17.15558],[96.84701,17.15558],[96.84665,17.15585],[96.84656,17.15647],[96.8462,17.15647],[96.84638,17.15504],[96.84611,17.15477],[96.84647,17.15477],[96.84647,17.1545],[96.84521,17.15513],[96.84495,17.15603],[96.84468,17.15603],[96.8445,17.15935],[96.84477,17.15935],[96.84512,17.16034],[96.84557,17.16034]]],[[[96.61057,17.16043],[96.61093,17.16016],[96.61075,17.15935],[96.6112,17.15926],[96.61138,17.15872],[96.61084,17.15809],[96.6095,17.15863],[96.60932,17.16007],[96.60995,17.16043],[96.61057,17.16043]]],[[[96.83273,17.16043],[96.83273,17.1598],[96.83246,17.1598],[96.83237,17.15926],[96.83201,17.15926],[96.83192,17.15971],[96.83237,17.1598],[96.8321,17.16034],[96.83246,17.16043],[96.83273,17.16043]]],[[[96.76122,17.16052],[96.76149,17.15953],[96.76059,17.15971],[96.7605,17.15935],[96.76077,17.15917],[96.76077,17.15827],[96.76158,17.15845],[96.76167,17.15809],[96.76113,17.15746],[96.7605,17.15746],[96.75996,17.15845],[96.75952,17.15854],[96.75952,17.15899],[96.76005,17.15917],[96.76014,17.16052],[96.76059,17.16052],[96.76068,17.16025],[96.76095,17.16052],[96.76122,17.16052]]],[[[96.55272,17.16061],[96.55344,17.16025],[96.55335,17.15962],[96.55272,17.15944],[96.55272,17.15989],[96.55245,17.15989],[96.55236,17.15935],[96.552,17.15935],[96.552,17.15881],[96.55165,17.15881],[96.55174,17.15935],[96.5512,17.15935],[96.55102,17.16016],[96.55209,17.16007],[96.55218,17.16061],[96.55272,17.16061]]],[[[96.52344,17.16079],[96.52353,17.16052],[96.52407,17.16052],[96.5238,17.16025],[96.52389,17.15971],[96.52308,17.16025],[96.52308,17.16079],[96.52344,17.16079]]],[[[96.59054,17.16079],[96.59072,17.1598],[96.59108,17.15953],[96.59108,17.15917],[96.59072,17.15917],[96.59063,17.1598],[96.59027,17.1598],[96.59054,17.15854],[96.59117,17.1589],[96.59126,17.15836],[96.59126,17.15809],[96.59072,17.15791],[96.59018,17.15791],[96.58955,17.1589],[96.58955,17.15944],[96.59,17.15944],[96.59,17.15971],[96.58884,17.15998],[96.58884,17.16034],[96.59027,17.16043],[96.59027,17.16079],[96.59054,17.16079]]],[[[96.74622,17.15989],[96.74631,17.15944],[96.74685,17.15935],[96.74667,17.15998],[96.74694,17.16034],[96.7473,17.16034],[96.7473,17.15989],[96.74784,17.16034],[96.74793,17.15944],[96.74874,17.15962],[96.74892,17.16007],[96.75134,17.16007],[96.75134,17.15971],[96.74936,17.15962],[96.7491,17.15926],[96.74829,17.15908],[96.74829,17.15836],[96.74766,17.15836],[96.74766,17.15881],[96.7473,17.15881],[96.7473,17.15836],[96.74595,17.15881],[96.74505,17.15827],[96.74415,17.15836],[96.74406,17.15764],[96.74353,17.15782],[96.7438,17.15917],[96.74451,17.15908],[96.74451,17.15935],[96.74406,17.15935],[96.74406,17.1598],[96.74505,17.15953],[96.74676,17.16106],[96.7464,17.15989],[96.74622,17.15989]]],[[[96.73454,17.16124],[96.73472,17.15953],[96.73535,17.15953],[96.73535,17.15926],[96.73454,17.15908],[96.73319,17.15962],[96.73311,17.15908],[96.73391,17.15899],[96.73391,17.15863],[96.73346,17.15863],[96.73346,17.15836],[96.73454,17.15881],[96.73454,17.15809],[96.73499,17.15791],[96.7358,17.158],[96.7358,17.15827],[96.73499,17.15818],[96.7349,17.15845],[96.73526,17.15899],[96.73571,17.15899],[96.73607,17.15791],[96.73553,17.15719],[96.73607,17.15701],[96.73607,17.15665],[96.73535,17.15638],[96.73535,17.15612],[96.73625,17.15594],[96.73625,17.15638],[96.73679,17.15638],[96.73706,17.15576],[96.73697,17.1545],[96.73643,17.1545],[96.73625,17.15522],[96.73661,17.15522],[96.73661,17.15558],[96.73616,17.15567],[96.73589,17.15414],[96.73463,17.15405],[96.73463,17.15378],[96.73436,17.15378],[96.73436,17.15423],[96.73472,17.15459],[96.73535,17.15459],[96.73571,17.15576],[96.73472,17.15594],[96.73472,17.15558],[96.73445,17.15558],[96.73436,17.15603],[96.73346,17.15612],[96.73364,17.15683],[96.73427,17.15665],[96.73436,17.15701],[96.73373,17.1571],[96.73373,17.15746],[96.73328,17.15773],[96.73248,17.15782],[96.73266,17.15845],[96.73203,17.15818],[96.73194,17.15863],[96.73203,17.15908],[96.73266,17.15881],[96.73266,17.15989],[96.73311,17.16007],[96.73311,17.16034],[96.73239,17.16034],[96.73239,17.1607],[96.73373,17.1607],[96.73364,17.15971],[96.734,17.15971],[96.73427,17.15998],[96.73418,17.16061],[96.73445,17.16061],[96.73418,17.16124],[96.73454,17.16124]]],[[[96.59351,17.16133],[96.59351,17.16097],[96.59396,17.1607],[96.59369,17.1598],[96.59342,17.1598],[96.59306,17.1607],[96.59315,17.16133],[96.59351,17.16133]]],[[[96.73131,17.16142],[96.73131,17.16106],[96.73212,17.16097],[96.73185,17.16034],[96.73059,17.16043],[96.7305,17.16124],[96.73077,17.16142],[96.73131,17.16142]]],[[[96.75943,17.16142],[96.75952,17.16025],[96.75907,17.16025],[96.75916,17.16097],[96.75736,17.16106],[96.75736,17.16133],[96.75898,17.16142],[96.75943,17.16142]]],[[[96.84351,17.16142],[96.84351,17.16043],[96.84297,17.15998],[96.84288,17.16088],[96.84315,17.16142],[96.84351,17.16142]]],[[[96.7411,17.16151],[96.7411,17.16124],[96.74227,17.16115],[96.74227,17.1607],[96.74155,17.16079],[96.74146,17.16007],[96.74227,17.16016],[96.74263,17.16052],[96.74335,17.16034],[96.74335,17.15989],[96.74281,17.1598],[96.74281,17.15935],[96.74335,17.15881],[96.74281,17.15881],[96.74263,17.15845],[96.7411,17.15872],[96.74119,17.15701],[96.74038,17.15728],[96.73957,17.1571],[96.74002,17.15818],[96.73805,17.15872],[96.73876,17.15953],[96.73921,17.15953],[96.7393,17.15872],[96.74083,17.15944],[96.74083,17.15998],[96.7411,17.16007],[96.74092,17.16061],[96.74128,17.16061],[96.74128,17.16088],[96.73876,17.16106],[96.73876,17.16133],[96.74029,17.16124],[96.74038,17.16151],[96.7411,17.16151]]],[[[96.79203,17.16151],[96.79203,17.16097],[96.79239,17.16079],[96.7923,17.1598],[96.79168,17.15962],[96.79203,17.16016],[96.79123,17.16025],[96.79114,17.16079],[96.79159,17.16088],[96.79177,17.16151],[96.79203,17.16151]]],[[[96.76796,17.16168],[96.76805,17.16088],[96.76886,17.16088],[96.76886,17.16025],[96.76814,17.16007],[96.76832,17.15962],[96.76886,17.15953],[96.76868,17.15845],[96.76832,17.15845],[96.76832,17.15917],[96.76769,17.15962],[96.7676,17.16025],[96.76706,17.16007],[96.76724,17.16061],[96.7676,17.16061],[96.76769,17.16168],[96.76796,17.16168]]],[[[96.61668,17.16177],[96.61731,17.16159],[96.61722,17.16016],[96.61677,17.16016],[96.61677,17.16106],[96.61614,17.16106],[96.61641,17.16177],[96.61668,17.16177]]],[[[96.78422,17.16177],[96.78422,17.16124],[96.78449,17.16115],[96.78512,17.16151],[96.78512,17.15962],[96.78458,17.15953],[96.78449,17.15998],[96.78395,17.15998],[96.78395,17.1607],[96.78368,17.1607],[96.78395,17.16177],[96.78422,17.16177]]],[[[96.52667,17.16195],[96.52685,17.16133],[96.52712,17.16133],[96.52712,17.16177],[96.52748,17.16177],[96.52748,17.16079],[96.52712,17.16052],[96.5264,17.1607],[96.52622,17.16007],[96.52712,17.16007],[96.52712,17.15971],[96.52541,17.15944],[96.52541,17.15989],[96.52488,17.16016],[96.52488,17.16097],[96.52425,17.16079],[96.52425,17.16142],[96.52541,17.16151],[96.52559,17.16195],[96.52622,17.16159],[96.52631,17.16195],[96.52667,17.16195]]],[[[96.7756,17.16195],[96.77578,17.16151],[96.77622,17.16151],[96.77622,17.16115],[96.77434,17.16043],[96.77452,17.16124],[96.77506,17.16124],[96.77533,17.16195],[96.7756,17.16195]]],[[[96.7367,17.16213],[96.73697,17.16168],[96.7376,17.16168],[96.73805,17.16079],[96.73544,17.16159],[96.73562,17.16213],[96.73607,17.16213],[96.73607,17.16177],[96.73634,17.16177],[96.73634,17.16213],[96.7367,17.16213]]],[[[96.60932,17.16222],[96.60995,17.16213],[96.61004,17.16168],[96.61093,17.16177],[96.61093,17.16151],[96.60941,17.16133],[96.60923,17.16061],[96.60878,17.16061],[96.60869,17.16016],[96.60662,17.15971],[96.60644,17.16151],[96.60671,17.16186],[96.60869,17.16222],[96.60869,17.16151],[96.60896,17.16151],[96.60905,17.16222],[96.60932,17.16222]]],[[[96.89507,17.1421],[96.89453,17.1421],[96.8948,17.14165],[96.89534,17.1421],[96.89552,17.1412],[96.89516,17.14021],[96.89534,17.13923],[96.89489,17.13815],[96.89507,17.13761],[96.8948,17.13725],[96.89435,17.13743],[96.89471,17.13689],[96.89372,17.13689],[96.89372,17.13662],[96.89453,17.13662],[96.89417,17.13581],[96.89345,17.13545],[96.89256,17.13563],[96.89229,17.13599],[96.89229,17.13734],[96.89301,17.13734],[96.89301,17.1377],[96.89247,17.13761],[96.89292,17.13824],[96.89184,17.1386],[96.89202,17.1395],[96.89175,17.13977],[96.89211,17.14021],[96.8922,17.14129],[96.89301,17.1412],[96.89301,17.14156],[96.89211,17.14165],[96.89202,17.1421],[96.8913,17.14228],[96.89139,17.143],[96.89022,17.14336],[96.89022,17.14381],[96.88977,17.14381],[96.88986,17.14291],[96.88905,17.14309],[96.88878,17.14174],[96.88797,17.14156],[96.88833,17.14336],[96.88878,17.14336],[96.88914,17.14417],[96.89031,17.14408],[96.89049,17.14444],[96.89013,17.14444],[96.89022,17.14516],[96.88941,17.14614],[96.88941,17.14668],[96.88869,17.14686],[96.88824,17.14776],[96.88501,17.14947],[96.88465,17.14947],[96.88465,17.1492],[96.88501,17.14911],[96.88528,17.14839],[96.88582,17.14848],[96.88905,17.14569],[96.88905,17.14534],[96.88824,17.14516],[96.88842,17.14462],[96.88806,17.14435],[96.88806,17.14309],[96.88788,17.14255],[96.88762,17.14255],[96.88753,17.14084],[96.88806,17.14048],[96.88788,17.13977],[96.88735,17.13959],[96.88717,17.14021],[96.88663,17.14021],[96.88663,17.14057],[96.88582,17.14084],[96.88573,17.14048],[96.88528,17.14048],[96.88528,17.13923],[96.88474,17.13914],[96.88474,17.13878],[96.88519,17.13878],[96.88519,17.13851],[96.88483,17.13851],[96.88501,17.13779],[96.88465,17.1377],[96.88393,17.13842],[96.88321,17.13842],[96.88223,17.13959],[96.88178,17.13968],[96.88178,17.14013],[96.88106,17.14039],[96.87998,17.14237],[96.87998,17.14264],[96.8807,17.14255],[96.88106,17.14138],[96.88151,17.14129],[96.88151,17.1421],[96.88097,17.14219],[96.88097,17.14273],[96.88232,17.14318],[96.88232,17.14345],[96.88115,17.14345],[96.88124,17.1448],[96.88339,17.14534],[96.88348,17.14489],[96.8842,17.14462],[96.88429,17.14534],[96.88384,17.1456],[96.88366,17.14659],[96.88447,17.14623],[96.88447,17.14668],[96.88402,17.14668],[96.88393,17.14731],[96.88357,17.14731],[96.88357,17.14677],[96.8833,17.14677],[96.88294,17.14722],[96.88151,17.14767],[96.88151,17.1483],[96.88097,17.14839],[96.88097,17.14866],[96.88169,17.14839],[96.88196,17.14893],[96.88115,17.14911],[96.88097,17.14974],[96.88142,17.14974],[96.88142,17.14947],[96.88169,17.14974],[96.88133,17.1501],[96.88079,17.14983],[96.88025,17.15028],[96.88079,17.15046],[96.88025,17.15144],[96.87971,17.15162],[96.87962,17.15216],[96.88115,17.15153],[96.88115,17.15117],[96.88214,17.15126],[96.88241,17.15082],[96.88205,17.15082],[96.88205,17.15055],[96.88294,17.15037],[96.88294,17.15082],[96.8842,17.15099],[96.88411,17.1518],[96.88483,17.15144],[96.88483,17.15171],[96.88564,17.15171],[96.88573,17.15207],[96.8869,17.15261],[96.8869,17.15234],[96.88762,17.15216],[96.88771,17.15126],[96.88815,17.15108],[96.88842,17.15046],[96.88887,17.15037],[96.88905,17.14983],[96.88995,17.14974],[96.88995,17.15019],[96.89058,17.14992],[96.89004,17.15108],[96.89049,17.15099],[96.89049,17.15064],[96.89148,17.15082],[96.89175,17.15019],[96.89202,17.15019],[96.8922,17.15261],[96.89148,17.15279],[96.8913,17.15585],[96.89112,17.15656],[96.89076,17.15656],[96.89067,17.15692],[96.89085,17.15845],[96.89022,17.15845],[96.89022,17.1589],[96.88995,17.1589],[96.88959,17.15971],[96.88842,17.15998],[96.88833,17.16052],[96.88726,17.16079],[96.88672,17.16159],[96.88681,17.1624],[96.89031,17.16151],[96.8922,17.1607],[96.89238,17.16025],[96.8931,17.16016],[96.89408,17.15944],[96.89525,17.15791],[96.89552,17.1562],[96.89525,17.15441],[96.89471,17.15414],[96.89507,17.15342],[96.8948,17.1527],[96.89498,17.15162],[96.89453,17.15144],[96.89453,17.1509],[96.89363,17.15001],[96.89256,17.14704],[96.89184,17.14686],[96.89184,17.1465],[96.89121,17.1465],[96.89103,17.14722],[96.89049,17.14677],[96.89049,17.14641],[96.89139,17.14623],[96.89211,17.14632],[96.89211,17.14668],[96.89283,17.14668],[96.89283,17.14614],[96.8931,17.14614],[96.89327,17.14722],[96.89292,17.14722],[96.89301,17.14794],[96.89408,17.14704],[96.89399,17.14785],[96.89453,17.14776],[96.89453,17.1483],[96.89516,17.14839],[96.8957,17.1439],[96.89444,17.14354],[96.89543,17.14264],[96.89507,17.14246],[96.89507,17.1421]],[[96.89471,17.14471],[96.89471,17.14525],[96.89507,17.14534],[96.89489,17.14587],[96.8939,17.14578],[96.89417,17.14623],[96.89471,17.14614],[96.89471,17.14668],[96.89372,17.14677],[96.89363,17.14578],[96.8931,17.14578],[96.8931,17.14552],[96.89453,17.14543],[96.89453,17.14507],[96.89426,17.14507],[96.89444,17.14471],[96.89471,17.14471]],[[96.88546,17.15019],[96.88546,17.15064],[96.88492,17.15064],[96.88474,17.15099],[96.8842,17.1509],[96.8842,17.15055],[96.88519,17.15019],[96.88546,17.15019]],[[96.88636,17.143],[96.88609,17.14273],[96.88681,17.14318],[96.88681,17.1439],[96.88708,17.14399],[96.8869,17.14453],[96.88753,17.14471],[96.88771,17.14569],[96.88717,17.14534],[96.88717,17.14498],[96.88645,17.14471],[96.88636,17.14327],[96.88636,17.143]]],[[[96.73337,17.16249],[96.73364,17.16222],[96.73355,17.16133],[96.73257,17.16124],[96.73257,17.16159],[96.73311,17.16168],[96.73302,17.16249],[96.73337,17.16249]]],[[[96.81171,17.16267],[96.81216,17.16258],[96.81216,17.16213],[96.81288,17.16222],[96.81306,17.16097],[96.81252,17.16097],[96.81252,17.16186],[96.81162,17.16177],[96.8118,17.16213],[96.81144,17.16267],[96.81171,17.16267]]],[[[96.77299,17.16276],[96.77317,17.16195],[96.77245,17.16204],[96.77263,17.16133],[96.77173,17.16097],[96.77209,17.16043],[96.77272,17.16052],[96.7729,17.15908],[96.77245,17.15899],[96.77227,17.15854],[96.77092,17.15818],[96.77056,17.15944],[96.77074,17.1607],[96.76949,17.16061],[96.7694,17.16106],[96.77012,17.16106],[96.77021,17.16142],[96.77137,17.16133],[96.77155,17.16177],[96.77209,17.16177],[96.77227,17.16276],[96.77299,17.16276]]],[[[96.61102,17.16258],[96.61102,17.16231],[96.61156,17.1624],[96.61183,17.16204],[96.61102,17.16177],[96.61031,17.16276],[96.61111,17.16285],[96.61111,17.16258],[96.61102,17.16258]]],[[[96.58659,17.16213],[96.58695,17.16159],[96.58614,17.16142],[96.58569,17.16258],[96.58686,17.16294],[96.58677,17.16213],[96.58659,17.16213]]],[[[96.79248,17.16294],[96.79293,17.16186],[96.79194,17.16231],[96.79221,17.16294],[96.79248,17.16294]]],[[[96.73203,17.16303],[96.73203,17.16213],[96.73122,17.16222],[96.73131,17.16303],[96.73203,17.16303]]],[[[96.74496,17.16303],[96.74514,17.16267],[96.74442,17.16267],[96.74424,17.1624],[96.74451,17.16186],[96.74371,17.16222],[96.74388,17.16303],[96.74496,17.16303]]],[[[96.61435,17.16321],[96.61462,17.16312],[96.61435,17.16258],[96.61462,17.16186],[96.61372,17.16195],[96.61372,17.16151],[96.61345,17.16142],[96.61354,17.16079],[96.61399,17.16079],[96.61399,17.16043],[96.61318,17.16052],[96.61345,17.16025],[96.61345,17.15863],[96.61336,17.15809],[96.61309,17.15809],[96.61309,17.15845],[96.61192,17.15836],[96.61147,17.15935],[96.61282,17.16025],[96.61282,17.16052],[96.61237,17.16052],[96.61237,17.16115],[96.61309,17.16115],[96.61282,17.16231],[96.61336,17.16249],[96.61354,17.16321],[96.61435,17.16321]]],[[[96.76059,17.16339],[96.7605,17.16213],[96.76014,17.16213],[96.76014,17.16276],[96.75987,17.16285],[96.76005,17.16339],[96.76059,17.16339]]],[[[96.75655,17.16348],[96.75673,17.16312],[96.7579,17.1633],[96.75799,17.16285],[96.75601,17.16267],[96.75601,17.16339],[96.75628,17.16348],[96.75655,17.16348]]],[[[96.77694,17.16294],[96.77712,17.16213],[96.77766,17.16258],[96.77784,17.16142],[96.77631,17.16088],[96.77631,17.16124],[96.77712,17.16177],[96.77712,17.16204],[96.77649,17.16195],[96.7764,17.16276],[96.77685,17.16294],[96.77685,17.16348],[96.77712,17.16348],[96.77712,17.16294],[96.77694,17.16294]]],[[[96.77254,17.16375],[96.77254,17.16348],[96.77308,17.16348],[96.77308,17.16312],[96.77164,17.1633],[96.77164,17.16294],[96.7711,17.16294],[96.7711,17.16348],[96.77218,17.16375],[96.77254,17.16375]]],[[[96.73733,17.16384],[96.73769,17.16375],[96.73769,17.1633],[96.7367,17.1633],[96.7367,17.16384],[96.73733,17.16384]]],[[[96.60608,17.16411],[96.60608,17.16357],[96.60644,17.16321],[96.60554,17.16249],[96.6051,17.16348],[96.60572,17.16321],[96.60554,17.16402],[96.60581,17.16411],[96.60608,17.16411]]],[[[96.76284,17.16411],[96.76293,17.16258],[96.7632,17.16258],[96.7632,17.16294],[96.76383,17.16294],[96.76383,17.16375],[96.76544,17.16366],[96.76544,17.1633],[96.76491,17.16303],[96.765,17.16133],[96.76571,17.16124],[96.76562,17.15971],[96.76625,17.15962],[96.76589,17.15926],[96.76589,17.15863],[96.76544,17.15863],[96.76562,17.15917],[96.76446,17.1589],[96.76473,17.16016],[96.765,17.16016],[96.765,17.16052],[96.76473,17.16052],[96.76473,17.16168],[96.76302,17.16142],[96.76302,17.16195],[96.76212,17.16195],[96.76212,17.16168],[96.76266,17.16159],[96.76239,17.16133],[96.76257,17.16061],[96.76212,17.16061],[96.76185,17.16151],[96.76077,17.16151],[96.76104,17.16204],[96.76158,17.16186],[96.76185,17.16249],[96.76167,17.16303],[96.76086,17.16312],[96.76086,17.16348],[96.76149,17.16402],[96.76248,17.16411],[96.76284,17.16411]]],[[[96.57572,17.15782],[96.57545,17.15809],[96.57572,17.15755],[96.575,17.15701],[96.57509,17.15576],[96.57374,17.15558],[96.57374,17.15603],[96.57329,17.15603],[96.57347,17.15549],[96.5732,17.15522],[96.57285,17.15522],[96.57285,17.15567],[96.57222,17.15549],[96.57222,17.15522],[96.57258,17.15522],[96.57347,17.15423],[96.57401,17.15414],[96.57392,17.15351],[96.5732,17.15333],[96.57294,17.15342],[96.57312,17.15423],[96.57249,17.15441],[96.57249,17.15324],[96.57374,17.15315],[96.57419,17.15243],[96.57419,17.15216],[96.57338,17.15243],[96.5732,17.15162],[96.57347,17.15108],[96.57383,17.15117],[96.57392,17.15162],[96.57446,17.15144],[96.57428,17.14974],[96.57509,17.14974],[96.57536,17.15028],[96.57689,17.14992],[96.57599,17.14857],[96.575,17.14812],[96.575,17.14785],[96.57356,17.14821],[96.5732,17.14857],[96.57222,17.14848],[96.57222,17.14821],[96.57096,17.14857],[96.57132,17.14758],[96.57132,17.14713],[96.57096,17.14686],[96.56898,17.14713],[96.56889,17.14659],[96.56817,17.1465],[96.56826,17.1474],[96.56988,17.14731],[96.57078,17.14767],[96.57042,17.14839],[96.5697,17.14839],[96.56952,17.1492],[96.56916,17.1492],[96.56934,17.14992],[96.56907,17.14992],[96.56907,17.14947],[96.56826,17.1492],[96.56826,17.14884],[96.56925,17.14902],[96.56925,17.14803],[96.56871,17.14803],[96.56871,17.14839],[96.56844,17.14839],[96.56844,17.14794],[96.56782,17.14758],[96.56755,17.14758],[96.56755,17.14794],[96.56692,17.14785],[96.56719,17.14839],[96.56683,17.14839],[96.56665,17.14767],[96.56485,17.14794],[96.56458,17.14902],[96.56413,17.14902],[96.56458,17.14947],[96.56449,17.15046],[96.5653,17.1501],[96.56557,17.14902],[96.56674,17.14911],[96.56674,17.14938],[96.56611,17.14947],[96.56611,17.14983],[96.56683,17.14965],[96.56683,17.14992],[96.56629,17.14992],[96.56674,17.15064],[96.56521,17.15046],[96.56503,17.15099],[96.56638,17.15117],[96.56638,17.15216],[96.56719,17.15198],[96.56764,17.15234],[96.56773,17.15306],[96.56907,17.15315],[96.56916,17.15225],[96.57015,17.15252],[96.5697,17.15171],[96.57051,17.15153],[96.57051,17.15099],[96.57006,17.15099],[96.57006,17.15073],[96.5715,17.15117],[96.57105,17.15333],[96.57114,17.15378],[96.57168,17.15405],[96.57168,17.15477],[96.57033,17.15495],[96.57024,17.15441],[96.56979,17.15441],[96.56862,17.15504],[96.56853,17.1562],[96.56773,17.1562],[96.56746,17.1554],[96.56799,17.1545],[96.56746,17.1545],[96.56782,17.15369],[96.56737,17.15333],[96.56728,17.15414],[96.56656,17.15387],[96.56629,17.15468],[96.56548,17.15459],[96.56548,17.15486],[96.56512,17.15486],[96.56503,17.15414],[96.56431,17.15414],[96.56422,17.15495],[96.56341,17.1554],[96.56341,17.15612],[96.56413,17.15629],[96.56521,17.15522],[96.56521,17.15594],[96.56566,17.15603],[96.56566,17.15629],[96.56521,17.15629],[96.56494,17.15701],[96.5653,17.15701],[96.56539,17.15656],[96.56584,17.15656],[96.56584,17.15701],[96.56521,17.15737],[96.56512,17.1571],[96.56413,17.15683],[96.56422,17.15764],[96.56494,17.15764],[96.56494,17.158],[96.56548,17.15818],[96.56665,17.15818],[96.56665,17.15791],[96.56701,17.15791],[96.5671,17.15872],[96.56665,17.1589],[96.56665,17.15926],[96.56764,17.15899],[96.56737,17.16034],[96.56782,17.16079],[96.56844,17.16079],[96.5688,17.16007],[96.56916,17.16043],[96.5697,17.16034],[96.56961,17.15899],[96.56997,17.15899],[96.56997,17.15863],[96.56979,17.15809],[96.56952,17.15809],[96.56952,17.15746],[96.57006,17.15719],[96.57105,17.15737],[96.57105,17.15764],[96.57033,17.15773],[96.57033,17.158],[96.57069,17.15809],[96.57078,17.15881],[96.57141,17.15881],[96.57141,17.15908],[96.57006,17.15908],[96.57024,17.15989],[96.56988,17.1607],[96.57015,17.16106],[96.56979,17.16115],[96.56988,17.16151],[96.57096,17.16151],[96.57114,17.16061],[96.57168,17.1607],[96.57177,17.16213],[96.57123,17.16213],[96.57114,17.16312],[96.57078,17.16312],[96.57069,17.16249],[96.57042,17.16249],[96.57069,17.16375],[96.57267,17.16375],[96.57267,17.16411],[96.5741,17.16411],[96.57428,17.16231],[96.57374,17.16231],[96.57365,17.16159],[96.57419,17.16204],[96.57455,17.16106],[96.57545,17.16079],[96.57536,17.15998],[96.5741,17.16043],[96.57401,17.15971],[96.57365,17.15971],[96.57347,17.15908],[96.57303,17.15908],[96.57303,17.15863],[96.5724,17.15863],[96.57249,17.158],[96.57168,17.15612],[96.57213,17.15656],[96.57338,17.15656],[96.57338,17.15683],[96.57294,17.15683],[96.57294,17.15782],[96.57365,17.15827],[96.57365,17.15899],[96.5741,17.15971],[96.57545,17.15971],[96.57572,17.15944],[96.57563,17.1589],[96.57599,17.1589],[96.57581,17.16007],[96.5768,17.16016],[96.57698,17.15971],[96.57653,17.15971],[96.57671,17.15917],[96.57635,17.15908],[96.57635,17.15827],[96.57671,17.15827],[96.57671,17.15908],[96.57734,17.15908],[96.57743,17.15845],[96.5777,17.15845],[96.57806,17.15854],[96.57806,17.15953],[96.57904,17.15953],[96.57859,17.15719],[96.57806,17.15755],[96.57806,17.1571],[96.57743,17.1571],[96.57725,17.15818],[96.57698,17.15818],[96.57716,17.15737],[96.5768,17.15737],[96.5768,17.15782],[96.57599,17.15782],[96.57572,17.15782]],[[96.57087,17.15612],[96.57069,17.15692],[96.57015,17.15665],[96.57015,17.1562],[96.56934,17.15656],[96.56934,17.15576],[96.57042,17.15612],[96.57087,17.15612]],[[96.57105,17.15594],[96.57141,17.15504],[96.57186,17.15504],[96.57195,17.15576],[96.57114,17.15594],[96.57105,17.15594]]],[[[96.74308,17.16447],[96.74344,17.16375],[96.74281,17.16375],[96.74281,17.16348],[96.74335,17.16312],[96.74299,17.16258],[96.74335,17.16133],[96.74308,17.16133],[96.74299,17.16079],[96.74254,17.16079],[96.74236,17.16168],[96.742,17.16186],[96.74182,17.16393],[96.74227,17.16402],[96.74227,17.16447],[96.74281,17.16447],[96.74308,17.16447]]],[[[96.53341,17.16474],[96.53386,17.16438],[96.53359,17.16411],[96.53368,17.16348],[96.53431,17.16321],[96.53431,17.1624],[96.53485,17.16249],[96.53485,17.16222],[96.53449,17.16151],[96.53332,17.16159],[96.53305,17.16097],[96.53224,17.16097],[96.53233,17.16357],[96.5326,17.16384],[96.53242,17.16456],[96.53305,17.16474],[96.53341,17.16474]]],[[[96.88258,17.16492],[96.88285,17.16456],[96.88312,17.16483],[96.88375,17.16483],[96.88375,17.16456],[96.88258,17.16429],[96.88232,17.16492],[96.88258,17.16492]]],[[[96.69906,17.16501],[96.69915,17.16474],[96.6996,17.16474],[96.69933,17.16321],[96.69861,17.16321],[96.69861,17.16366],[96.69726,17.16357],[96.69744,17.16456],[96.69852,17.1642],[96.69879,17.16501],[96.69906,17.16501]]],[[[96.72331,17.16447],[96.72304,17.1642],[96.72286,17.16483],[96.72367,17.16492],[96.72367,17.16528],[96.72403,17.16528],[96.72394,17.16447],[96.72331,17.16447]]],[[[96.61246,17.16438],[96.61219,17.16438],[96.61237,17.16519],[96.61309,17.16537],[96.613,17.16465],[96.61246,17.16456],[96.61246,17.16438]]],[[[96.74128,17.16537],[96.74155,17.16384],[96.74056,17.16348],[96.74038,17.16393],[96.73984,17.16411],[96.73975,17.16474],[96.74038,17.16483],[96.74074,17.16537],[96.74128,17.16537]]],[[[96.75287,17.16537],[96.75323,17.16375],[96.75314,17.16339],[96.7526,17.16366],[96.75278,17.1624],[96.75179,17.16339],[96.75188,17.16276],[96.75152,17.16285],[96.75152,17.1633],[96.75116,17.1633],[96.75098,17.16249],[96.75152,17.1624],[96.75152,17.16204],[96.75107,17.16177],[96.7508,17.16177],[96.7508,17.16213],[96.75017,17.16213],[96.75026,17.16294],[96.74945,17.16249],[96.74883,17.16267],[96.74883,17.16213],[96.74829,17.16177],[96.74748,17.16195],[96.74676,17.16168],[96.74649,17.16204],[96.74676,17.16285],[96.74721,17.16285],[96.74721,17.16231],[96.74748,17.16231],[96.74721,17.16339],[96.74784,17.1633],[96.74802,17.16375],[96.74856,17.16366],[96.74874,17.1642],[96.74927,17.16393],[96.7499,17.16447],[96.75143,17.16438],[96.75152,17.16357],[96.75179,17.16357],[96.75179,17.16411],[96.7526,17.16375],[96.75251,17.16429],[96.75188,17.16429],[96.75197,17.16474],[96.75278,17.16456],[96.75233,17.16537],[96.75287,17.16537]]],[[[96.78125,17.1651],[96.78125,17.16465],[96.7809,17.16465],[96.7809,17.16438],[96.78161,17.16429],[96.78179,17.16474],[96.78224,17.16474],[96.78215,17.16375],[96.78197,17.16294],[96.78081,17.16285],[96.78081,17.16348],[96.78009,17.16357],[96.78009,17.16429],[96.78081,17.16483],[96.78054,17.16537],[96.78143,17.16546],[96.78143,17.1651],[96.78125,17.1651]]],[[[96.88941,17.16555],[96.8895,17.16483],[96.89076,17.16429],[96.89013,17.16339],[96.89184,17.16384],[96.89274,17.16375],[96.89274,17.16447],[96.89372,17.1642],[96.89435,17.16438],[96.89462,17.16348],[96.89381,17.16348],[96.89372,17.16303],[96.89498,17.16294],[96.89498,17.16222],[96.89354,17.16204],[96.88411,17.1642],[96.88483,17.16492],[96.88591,17.16501],[96.88627,17.16429],[96.88708,17.16447],[96.88708,17.1642],[96.88806,17.16411],[96.88806,17.16456],[96.88914,17.16447],[96.88914,17.16555],[96.88941,17.16555]]],[[[96.56728,17.16582],[96.56782,17.16465],[96.56853,17.16447],[96.56853,17.16402],[96.56889,17.16402],[96.56871,17.16474],[96.56979,17.16465],[96.5697,17.16384],[96.56934,17.16357],[96.56925,17.16186],[96.56889,17.16186],[96.56898,17.16249],[96.56853,17.1624],[96.56844,17.16195],[96.56773,17.16195],[96.56773,17.16231],[96.56746,17.16231],[96.56764,17.16168],[96.5671,17.16115],[96.56575,17.16106],[96.56512,17.16124],[96.56557,17.16177],[96.56557,17.1624],[96.56512,17.16249],[96.56503,17.16303],[96.5653,17.16411],[96.56692,17.16375],[96.56692,17.16429],[96.56638,17.16402],[96.56629,17.16456],[96.56566,17.16465],[96.56611,17.16528],[96.56665,17.16492],[96.56674,17.16582],[96.56728,17.16582]],[[96.56737,17.16258],[96.56737,17.16285],[96.56692,17.16249],[96.5662,17.16258],[96.56602,17.16204],[96.56665,17.16168],[96.56728,17.16258],[96.56737,17.16258]]],[[[96.58452,17.16582],[96.58461,17.16501],[96.58677,17.16492],[96.58677,17.16528],[96.58731,17.16528],[96.58731,17.16456],[96.58336,17.16447],[96.58336,17.16483],[96.58372,17.16483],[96.58354,17.16564],[96.58416,17.16582],[96.58452,17.16582]]],[[[96.84225,17.16582],[96.84234,17.1651],[96.84135,17.1651],[96.84108,17.16573],[96.84162,17.16582],[96.84225,17.16582]]],[[[96.60725,17.16591],[96.60725,17.16546],[96.6077,17.16537],[96.60752,17.16393],[96.60833,17.1642],[96.60833,17.16339],[96.60797,17.16294],[96.60671,17.16294],[96.60689,17.1642],[96.60743,17.16474],[96.60743,17.1651],[96.60698,17.16528],[96.60698,17.16591],[96.60725,17.16591]]],[[[96.74586,17.166],[96.74631,17.16573],[96.74604,17.16501],[96.74505,17.16501],[96.74505,17.16573],[96.7455,17.16573],[96.74559,17.166],[96.74586,17.166]]],[[[96.85608,17.166],[96.85662,17.1651],[96.85734,17.1651],[96.85743,17.16465],[96.85797,17.16456],[96.85788,17.1651],[96.85869,17.16474],[96.85869,17.16375],[96.85815,17.16357],[96.85797,17.16294],[96.85689,17.16312],[96.85716,17.1624],[96.85671,17.1624],[96.85662,17.16151],[96.85626,17.16159],[96.85608,17.16249],[96.85644,17.16348],[96.85608,17.16519],[96.85546,17.1651],[96.85546,17.16465],[96.85599,17.16465],[96.85581,17.16393],[96.85465,17.16465],[96.85357,17.16447],[96.85384,17.1651],[96.85438,17.1651],[96.85465,17.166],[96.85492,17.166],[96.85492,17.16546],[96.85581,17.166],[96.85608,17.166]]],[[[96.60492,17.16609],[96.60474,17.16519],[96.60527,17.16528],[96.60527,17.16492],[96.60474,17.16483],[96.60474,17.16438],[96.6042,17.16456],[96.60375,17.16339],[96.60312,17.1633],[96.60312,17.16294],[96.6024,17.16321],[96.60222,17.16411],[96.60285,17.1642],[96.60267,17.16492],[96.60348,17.16537],[96.60366,17.16474],[96.60411,17.16474],[96.60447,17.16501],[96.60429,17.16591],[96.60465,17.16609],[96.60492,17.16609]]],[[[96.6112,17.16609],[96.61165,17.16582],[96.61165,17.16492],[96.61111,17.16492],[96.61057,17.16438],[96.61084,17.16483],[96.61066,17.16609],[96.6112,17.16609]]],[[[96.75772,17.16609],[96.7588,17.16501],[96.7597,17.16501],[96.7597,17.16537],[96.76005,17.16537],[96.76032,17.16492],[96.76104,17.16474],[96.76131,17.16501],[96.76131,17.16474],[96.76086,17.16411],[96.76059,17.16411],[96.76059,17.16456],[96.76023,17.16456],[96.76041,17.16375],[96.75987,17.16393],[96.75987,17.16357],[96.75952,17.16348],[96.75925,17.16348],[96.75916,17.16402],[96.75871,17.16402],[96.75871,17.16447],[96.75835,17.16447],[96.75835,17.16402],[96.75664,17.16402],[96.75646,17.16456],[96.75691,17.16465],[96.75682,17.16609],[96.75772,17.16609]]],[[[96.82455,17.16609],[96.825,17.16555],[96.82357,17.16528],[96.82428,17.16609],[96.82455,17.16609]]],[[[96.84441,17.16627],[96.84459,17.16564],[96.84432,17.16456],[96.84351,17.16438],[96.84405,17.16528],[96.84414,17.16627],[96.84441,17.16627]]],[[[96.54958,17.16609],[96.54976,17.16546],[96.54904,17.16528],[96.54931,17.16609],[96.54895,17.16609],[96.54895,17.16636],[96.54967,17.16636],[96.54967,17.16609],[96.54958,17.16609]]],[[[96.86282,17.16636],[96.863,17.16582],[96.86462,17.16555],[96.86462,17.16528],[96.86507,17.16528],[96.86507,17.16492],[96.86336,17.16465],[96.86336,17.16492],[96.86291,17.16492],[96.86264,17.16564],[96.8621,17.16564],[96.8621,17.16609],[96.86255,17.16636],[96.86282,17.16636]]],[[[96.89274,17.16645],[96.89301,17.16591],[96.89336,17.16591],[96.89336,17.16555],[96.89175,17.16447],[96.89166,17.16528],[96.89229,17.16537],[96.89229,17.16564],[96.89166,17.16564],[96.89148,17.16609],[96.8922,17.16618],[96.8922,17.16645],[96.89274,17.16645]]],[[[96.55874,17.16663],[96.55919,17.16636],[96.56,17.16654],[96.56,17.16609],[96.55892,17.16582],[96.55892,17.16609],[96.55829,17.16609],[96.55838,17.16663],[96.55874,17.16663]]],[[[96.77892,17.16663],[96.7791,17.16573],[96.77829,17.16591],[96.77838,17.1651],[96.77793,17.1651],[96.77775,17.16618],[96.77829,17.16618],[96.77847,17.16663],[96.77892,17.16663]]],[[[96.74263,17.16672],[96.74272,17.166],[96.74388,17.16618],[96.74415,17.16537],[96.74353,17.1651],[96.74344,17.16573],[96.74245,17.16573],[96.74245,17.16519],[96.74218,17.16519],[96.74209,17.16564],[96.74137,17.16564],[96.74119,17.16663],[96.74146,17.16663],[96.74146,17.16627],[96.742,17.16627],[96.74227,17.16672],[96.74263,17.16672]]],[[[96.72942,17.16681],[96.73059,17.16618],[96.73167,17.16636],[96.73167,17.16609],[96.73131,17.166],[96.73131,17.16555],[96.73059,17.16564],[96.72978,17.16528],[96.72951,17.16537],[96.72951,17.16609],[96.72924,17.16609],[96.72924,17.16564],[96.7287,17.16573],[96.7287,17.16681],[96.72942,17.16681]]],[[[96.77146,17.16609],[96.77137,17.16546],[96.77191,17.16546],[96.77191,17.1651],[96.77254,17.16528],[96.77236,17.16447],[96.77155,17.16411],[96.77101,17.16465],[96.77074,17.16384],[96.7694,17.16375],[96.76931,17.16267],[96.76859,17.16258],[96.76841,17.16204],[96.76706,17.16213],[96.76688,17.16106],[96.76733,17.16097],[96.76733,17.1607],[96.76598,17.16034],[96.76625,17.16222],[96.76589,17.16222],[96.76589,17.16249],[96.76643,17.16258],[96.76643,17.16285],[96.76598,17.16303],[96.76589,17.16348],[96.76553,17.16348],[96.76553,17.16375],[96.76607,17.16375],[96.76607,17.16402],[96.76571,17.16402],[96.76571,17.16456],[96.76643,17.16447],[96.76634,17.16366],[96.76904,17.16339],[96.76913,17.16375],[96.76877,17.16402],[96.76886,17.16645],[96.76958,17.16609],[96.76949,17.16483],[96.76976,17.16483],[96.76976,17.16528],[96.77065,17.16537],[96.77065,17.16582],[96.76994,17.166],[96.76994,17.16627],[96.7711,17.16609],[96.77137,17.16663],[96.77254,17.16681],[96.77254,17.16654],[96.77173,17.16609],[96.77146,17.16609]]],[[[96.7862,17.16681],[96.787,17.16627],[96.78772,17.16636],[96.78781,17.16537],[96.78709,17.16528],[96.78709,17.16501],[96.78934,17.16501],[96.78907,17.16402],[96.78835,17.16411],[96.78871,17.16465],[96.78799,17.16474],[96.78817,17.16366],[96.78745,17.16393],[96.78736,17.16366],[96.7862,17.16339],[96.78593,17.16339],[96.78593,17.16375],[96.78521,17.16357],[96.78512,17.16501],[96.78548,17.16501],[96.78611,17.16582],[96.78593,17.16681],[96.7862,17.16681]]],[[[96.79401,17.16716],[96.79419,17.16627],[96.79455,17.16627],[96.79464,17.16582],[96.79383,17.16564],[96.79383,17.16537],[96.79437,17.16528],[96.79437,17.16501],[96.79248,17.16519],[96.79248,17.16618],[96.79185,17.16627],[96.79177,17.16716],[96.79266,17.16689],[96.79284,17.16609],[96.79365,17.16618],[96.79374,17.16716],[96.79401,17.16716]]],[[[96.54185,17.16725],[96.54185,17.16645],[96.54131,17.16645],[96.54105,17.16725],[96.54158,17.16725],[96.54185,17.16725]]],[[[96.54751,17.16725],[96.54832,17.16698],[96.54805,17.16519],[96.54733,17.16555],[96.54751,17.16636],[96.54715,17.16636],[96.54724,17.16725],[96.54751,17.16725]]],[[[96.5556,17.16725],[96.55587,17.16689],[96.55461,17.16663],[96.55461,17.16716],[96.55524,17.16725],[96.5556,17.16725]]],[[[96.69699,17.16725],[96.69708,17.16672],[96.69663,17.16591],[96.69618,17.16591],[96.69627,17.16725],[96.69699,17.16725]]],[[[96.69861,17.16725],[96.69861,17.16663],[96.69879,17.16636],[96.69933,17.16654],[96.69933,17.16591],[96.69915,17.1651],[96.69861,17.16528],[96.69852,17.16474],[96.69825,17.16474],[96.69825,17.16573],[96.69879,17.16573],[96.69879,17.16618],[96.69834,17.16618],[96.69807,17.16654],[96.69753,17.16618],[96.69798,17.16725],[96.69861,17.16725]]],[[[96.75224,17.16725],[96.75224,17.16672],[96.75278,17.16672],[96.75278,17.16636],[96.75188,17.16654],[96.75143,17.16627],[96.75143,17.16681],[96.75197,17.16681],[96.75197,17.16725],[96.75224,17.16725]]],[[[96.85303,17.16725],[96.8533,17.16681],[96.85294,17.16636],[96.85249,17.16636],[96.85249,17.166],[96.85213,17.166],[96.85276,17.16725],[96.85303,17.16725]]],[[[96.73634,17.16698],[96.73652,17.16564],[96.73598,17.16591],[96.7358,17.16725],[96.73643,17.16734],[96.73643,17.16698],[96.73634,17.16698]]],[[[96.78215,17.16734],[96.78242,17.16582],[96.78287,17.16582],[96.78296,17.16636],[96.78368,17.16591],[96.78368,17.16555],[96.7844,17.16546],[96.78503,17.16582],[96.78512,17.1651],[96.7844,17.1651],[96.78458,17.16438],[96.78413,17.1642],[96.78413,17.16384],[96.78359,17.16393],[96.78395,17.16456],[96.78332,17.16456],[96.78332,17.16501],[96.78233,17.1651],[96.78233,17.16564],[96.78152,17.16573],[96.78179,17.16734],[96.78215,17.16734]]],[[[96.833,17.16734],[96.83327,17.16689],[96.83273,17.16681],[96.83273,17.16636],[96.83237,17.16636],[96.8321,17.16698],[96.83246,17.16734],[96.833,17.16734]]],[[[96.60797,17.16752],[96.60824,17.16716],[96.60869,17.16716],[96.60842,17.16636],[96.60932,17.16636],[96.60923,17.16564],[96.60878,17.16564],[96.60869,17.16609],[96.60806,17.16636],[96.60806,17.16681],[96.60761,17.16681],[96.60761,17.16752],[96.60797,17.16752]]],[[[96.72376,17.16752],[96.72376,17.16645],[96.72304,17.16636],[96.72295,17.16698],[96.7234,17.16707],[96.72349,17.16752],[96.72376,17.16752]]],[[[96.74972,17.16752],[96.74981,17.16689],[96.75071,17.16689],[96.75116,17.16573],[96.75008,17.16618],[96.74963,17.16573],[96.75017,17.16573],[96.75017,17.16528],[96.74954,17.16546],[96.74954,17.16501],[96.74829,17.1651],[96.74829,17.16465],[96.74766,17.16483],[96.74766,17.16447],[96.74667,17.16456],[96.74721,17.16591],[96.74829,17.16591],[96.7482,17.16672],[96.74892,17.166],[96.74963,17.16609],[96.74963,17.16663],[96.74918,17.16689],[96.74945,17.16752],[96.74972,17.16752]]],[[[96.76419,17.16752],[96.76491,17.16725],[96.76509,17.16654],[96.76365,17.16681],[96.76365,17.16752],[96.76419,17.16752]]],[[[96.75511,17.16725],[96.75511,17.166],[96.75448,17.16591],[96.75484,17.16663],[96.75457,17.16752],[96.75538,17.16761],[96.75538,17.16725],[96.75511,17.16725]]],[[[96.78018,17.16761],[96.78018,17.16734],[96.78072,17.16734],[96.78072,17.16689],[96.77973,17.16689],[96.77973,17.16761],[96.78018,17.16761]]],[[[96.60258,17.1677],[96.60321,17.166],[96.60267,17.16636],[96.60258,17.16555],[96.60213,17.16555],[96.60213,17.16519],[96.60141,17.16519],[96.60132,17.16681],[96.60168,17.16681],[96.60186,17.1677],[96.60258,17.1677]]],[[[96.60483,17.1677],[96.60492,17.16663],[96.6042,17.16672],[96.60429,17.1677],[96.60483,17.1677]]],[[[96.77056,17.1677],[96.77065,17.16689],[96.7694,17.16698],[96.7694,17.16672],[96.76886,17.16672],[96.76886,17.16734],[96.76994,17.16734],[96.77021,17.1677],[96.77056,17.1677]]],[[[96.61498,17.16788],[96.61534,17.16734],[96.61489,17.16734],[96.6148,17.16681],[96.61579,17.16672],[96.61561,17.16743],[96.61623,17.16734],[96.61632,17.166],[96.61713,17.16582],[96.61713,17.16537],[96.61579,17.16546],[96.61579,17.16645],[96.61543,17.16627],[96.61534,17.16546],[96.61426,17.16537],[96.61453,17.16645],[96.61417,17.16725],[96.61426,17.16788],[96.61498,17.16788]]],[[[96.77829,17.16761],[96.77838,17.16698],[96.77748,17.16681],[96.77784,17.16788],[96.77838,17.16788],[96.77838,17.16761],[96.77829,17.16761]]],[[[96.60384,17.16797],[96.60384,17.16681],[96.60348,17.16672],[96.60357,17.16797],[96.60384,17.16797]]],[[[96.89759,17.16779],[96.89759,17.16752],[96.89813,17.16743],[96.89831,17.16636],[96.89732,17.16609],[96.89768,17.16654],[96.89759,17.16743],[96.89723,17.16743],[96.89732,17.16806],[96.89768,17.16806],[96.89768,17.16779],[96.89759,17.16779]]],[[[96.5768,17.16645],[96.57491,17.16716],[96.57482,17.16815],[96.57554,17.1677],[96.57626,17.16779],[96.5768,17.16672],[96.5768,17.16645]]],[[[96.61821,17.16824],[96.6183,17.16743],[96.61749,17.16743],[96.61776,17.1677],[96.61767,17.16824],[96.61821,17.16824]]],[[[96.82401,17.16833],[96.82401,17.16797],[96.82437,17.16797],[96.82401,17.16743],[96.8241,17.16681],[96.82366,17.16707],[96.82366,17.16833],[96.82401,17.16833]]],[[[96.85159,17.16833],[96.85132,17.16734],[96.8506,17.16743],[96.85132,17.16833],[96.85159,17.16833]]],[[[96.60878,17.16851],[96.60914,17.16752],[96.6077,17.16788],[96.6077,17.16815],[96.60842,17.16851],[96.60878,17.16851]]],[[[96.56171,17.1686],[96.5618,17.1677],[96.56153,17.16743],[96.56243,17.16761],[96.56252,17.16707],[96.56198,17.16698],[96.56198,17.16663],[96.56287,17.16672],[96.5626,17.16627],[96.56287,17.16546],[96.5626,17.16519],[96.56341,17.16492],[96.56332,17.16456],[96.56278,17.16447],[96.56296,17.16303],[96.56225,17.16321],[96.5626,17.16483],[96.56207,17.16492],[96.56198,17.16438],[96.56126,17.16429],[96.56126,17.16402],[96.56153,17.16402],[96.56189,17.16312],[96.56234,17.16312],[96.56243,17.16231],[96.5618,17.16222],[96.56171,17.16267],[96.56081,17.16267],[96.56072,17.16204],[96.55964,17.16159],[96.55964,17.16133],[96.56081,17.16124],[96.56108,17.16151],[96.56144,17.16079],[96.56278,17.16043],[96.56296,17.1589],[96.56225,17.15899],[96.56207,17.15854],[96.56144,17.15863],[96.56099,17.15818],[96.56045,17.15836],[96.56072,17.15746],[96.55982,17.15692],[96.55829,17.15674],[96.55856,17.15773],[96.55955,17.15782],[96.55955,17.15827],[96.55901,17.158],[96.55829,17.15827],[96.55811,17.15746],[96.55686,17.15764],[96.55686,17.15872],[96.5573,17.15872],[96.55704,17.15926],[96.55775,17.15944],[96.55775,17.15971],[96.55542,17.15971],[96.55479,17.15944],[96.55479,17.15971],[96.55434,17.1598],[96.55389,17.15953],[96.55389,17.16079],[96.55452,17.16079],[96.55461,17.16115],[96.55227,17.16106],[96.55227,17.16204],[96.55191,17.16204],[96.55174,17.16097],[96.55129,17.16097],[96.55102,17.16142],[96.55048,17.16133],[96.55066,17.16213],[96.5512,17.16213],[96.5512,17.1624],[96.54922,17.16294],[96.54931,17.16384],[96.54868,17.16375],[96.54877,17.16303],[96.54805,17.16276],[96.54742,17.16339],[96.54742,17.16375],[96.54841,17.16366],[96.54832,17.16474],[96.54904,17.16456],[96.54922,17.16501],[96.55057,17.16492],[96.55075,17.16537],[96.55111,17.16537],[96.5512,17.16474],[96.55174,17.1651],[96.55254,17.16492],[96.55254,17.16528],[96.55308,17.16528],[96.55326,17.16483],[96.55362,17.16483],[96.55362,17.16591],[96.55416,17.16591],[96.55416,17.16528],[96.55452,17.16528],[96.55443,17.16474],[96.55506,17.16465],[96.55506,17.16402],[96.55479,17.16402],[96.55479,17.16447],[96.55443,17.16447],[96.55416,17.16312],[96.55389,17.16312],[96.55389,17.16411],[96.55353,17.1642],[96.55353,17.16249],[96.55389,17.16285],[96.5547,17.16276],[96.5547,17.16249],[96.55551,17.16276],[96.55542,17.16168],[96.55587,17.16168],[96.55569,17.16231],[96.55614,17.1624],[96.55614,17.16168],[96.55659,17.16168],[96.55659,17.16124],[96.55713,17.16106],[96.55713,17.16061],[96.55775,17.1607],[96.55775,17.16115],[96.55847,17.16106],[96.5591,17.16124],[96.5591,17.16151],[96.55784,17.16159],[96.55757,17.16097],[96.5573,17.16097],[96.5573,17.16249],[96.55677,17.16249],[96.55668,17.16177],[96.55641,17.16177],[96.55641,17.16258],[96.55596,17.16258],[96.55614,17.16366],[96.55569,17.16366],[96.55614,17.16474],[96.55614,17.16573],[96.55533,17.16546],[96.55524,17.16573],[96.55479,17.16573],[96.55488,17.16627],[96.55587,17.16609],[96.55614,17.16636],[96.55596,17.16698],[96.55695,17.16689],[96.55748,17.16842],[96.55802,17.16842],[96.55793,17.16743],[96.5582,17.16698],[96.55757,17.16707],[96.55775,17.16627],[96.55739,17.16627],[96.55739,17.16591],[96.55766,17.16591],[96.55766,17.16474],[96.55739,17.16474],[96.5573,17.16411],[96.55695,17.16411],[96.5573,17.1633],[96.55677,17.1633],[96.55668,17.16285],[96.55713,17.16285],[96.55713,17.16312],[96.55766,17.16285],[96.55766,17.16321],[96.5582,17.1633],[96.55847,17.16213],[96.55874,17.16213],[96.55874,17.16285],[96.55919,17.16285],[96.55928,17.16222],[96.55901,17.16222],[96.55901,17.16186],[96.55964,17.16186],[96.55991,17.1624],[96.55955,17.16303],[96.56,17.16321],[96.56,17.16357],[96.55937,17.16366],[96.55937,17.16393],[96.55982,17.16393],[96.55982,17.1642],[96.55847,17.16438],[96.55802,17.16393],[96.55784,17.16483],[96.55811,17.16492],[96.55811,17.16591],[96.55955,17.16537],[96.55955,17.1651],[96.55883,17.1651],[96.55883,17.16474],[96.56054,17.16447],[96.56171,17.16474],[96.56144,17.16591],[96.5618,17.16591],[96.56189,17.16636],[96.56135,17.16627],[96.56144,17.16689],[96.56099,17.16689],[96.56108,17.16743],[96.56072,17.1677],[96.56072,17.16824],[96.56135,17.16815],[96.56144,17.1686],[96.56171,17.1686]],[[96.55964,17.16106],[96.56009,17.15998],[96.56081,17.16016],[96.56099,17.16097],[96.56054,17.16106],[96.55964,17.16106]]],[[[96.58776,17.1686],[96.58776,17.16698],[96.58722,17.16743],[96.58713,17.16627],[96.58668,17.16627],[96.58659,17.16761],[96.5874,17.16815],[96.5874,17.1686],[96.58776,17.1686]]],[[[96.84782,17.1686],[96.848,17.16743],[96.84755,17.16663],[96.84818,17.16663],[96.84818,17.16627],[96.84809,17.16591],[96.8471,17.16546],[96.84674,17.16564],[96.84674,17.16609],[96.84755,17.1677],[96.84755,17.1686],[96.84782,17.1686]]],[[[96.5282,17.16887],[96.52847,17.16797],[96.52775,17.16743],[96.52766,17.16636],[96.52739,17.16636],[96.52748,17.16725],[96.52712,17.16725],[96.52694,17.16869],[96.52784,17.16887],[96.5282,17.16887]]],[[[96.6033,17.16932],[96.6033,17.16896],[96.60375,17.16896],[96.60357,17.16842],[96.60213,17.16833],[96.60213,17.1686],[96.60276,17.16869],[96.60294,17.16932],[96.6033,17.16932]]],[[[96.69654,17.16968],[96.69744,17.16941],[96.69744,17.16905],[96.69681,17.16878],[96.69609,17.16923],[96.69627,17.16968],[96.69654,17.16968]]],[[[96.73122,17.16968],[96.73176,17.16887],[96.73248,17.16878],[96.73239,17.16788],[96.73212,17.16788],[96.73212,17.16833],[96.7305,17.16824],[96.7305,17.1677],[96.72915,17.16806],[96.72942,17.16869],[96.73059,17.16851],[96.73086,17.16968],[96.73122,17.16968]]],[[[96.74972,17.16968],[96.75008,17.16932],[96.75008,17.16842],[96.74954,17.16842],[96.74936,17.16968],[96.74972,17.16968]]],[[[96.75287,17.16977],[96.75296,17.16932],[96.7535,17.16923],[96.7535,17.16896],[96.75206,17.16887],[96.75242,17.16797],[96.75125,17.16824],[96.75107,17.16896],[96.75206,17.16896],[96.75197,17.16968],[96.7526,17.1695],[96.7526,17.16977],[96.75287,17.16977]]],[[[96.75871,17.16977],[96.75907,17.16941],[96.75979,17.1695],[96.75943,17.16851],[96.75979,17.16851],[96.75979,17.16896],[96.76005,17.16896],[96.76005,17.16833],[96.76068,17.16779],[96.76059,17.16707],[96.75952,17.16707],[96.75952,17.16734],[96.75853,17.16716],[96.75853,17.16752],[96.75763,17.16752],[96.75763,17.16815],[96.75673,17.16806],[96.75637,17.1686],[96.75592,17.16869],[96.7561,17.16959],[96.75637,17.16959],[96.75682,17.1695],[96.75655,17.16923],[96.75664,17.1686],[96.75817,17.16833],[96.75799,17.16887],[96.75718,17.16887],[96.75718,17.16914],[96.75745,17.16941],[96.75808,17.16932],[96.75835,17.16977],[96.75871,17.16977]]],[[[96.70984,17.16986],[96.71029,17.16932],[96.71011,17.16878],[96.70975,17.16878],[96.70975,17.16941],[96.7093,17.16941],[96.7093,17.16986],[96.70984,17.16986]]],[[[96.57518,17.17004],[96.57536,17.16932],[96.57518,17.16878],[96.57482,17.16878],[96.57455,17.16923],[96.57491,17.16932],[96.57491,17.17004],[96.57518,17.17004]]],[[[96.72736,17.17004],[96.72798,17.16959],[96.72798,17.16914],[96.72718,17.16914],[96.72718,17.16968],[96.72682,17.16968],[96.72682,17.17004],[96.72736,17.17004]]],[[[96.54958,17.16869],[96.54967,17.16968],[96.55039,17.16932],[96.55039,17.16977],[96.55156,17.17013],[96.5512,17.16833],[96.55183,17.16833],[96.552,17.16878],[96.55254,17.16842],[96.55218,17.16734],[96.55183,17.16734],[96.55183,17.16707],[96.55254,17.16698],[96.55254,17.16645],[96.55165,17.16627],[96.55156,17.16654],[96.55075,17.16663],[96.55075,17.16698],[96.55048,17.16698],[96.55048,17.16663],[96.54931,17.16698],[96.54931,17.16725],[96.54976,17.16725],[96.54976,17.1677],[96.55039,17.16761],[96.55057,17.16788],[96.5503,17.16869],[96.54958,17.16869]]],[[[96.537,17.1704],[96.53835,17.17022],[96.53799,17.16842],[96.53772,17.16842],[96.53772,17.16887],[96.53727,17.16887],[96.53718,17.16797],[96.53673,17.16743],[96.53673,17.16716],[96.53709,17.16716],[96.53745,17.1677],[96.5379,17.16761],[96.53781,17.16689],[96.53727,17.16672],[96.53718,17.16609],[96.53664,17.16618],[96.53664,17.16591],[96.53736,17.16582],[96.53727,17.16528],[96.53817,17.16528],[96.53826,17.16645],[96.53916,17.16609],[96.53961,17.16681],[96.53997,17.16681],[96.54006,17.16627],[96.5397,17.16627],[96.5397,17.16555],[96.5406,17.16537],[96.54024,17.16501],[96.54024,17.16447],[96.54069,17.16447],[96.54087,17.16375],[96.54131,17.16348],[96.54131,17.16285],[96.54167,17.16285],[96.54203,17.16222],[96.54266,17.16222],[96.54266,17.16258],[96.54248,17.1633],[96.54221,17.1633],[96.54221,17.16294],[96.54158,17.16321],[96.54158,17.16348],[96.54203,17.16348],[96.54203,17.16402],[96.54167,17.16402],[96.54167,17.16438],[96.54311,17.16375],[96.54365,17.16402],[96.54446,17.16384],[96.54419,17.16447],[96.54509,17.16438],[96.54509,17.16375],[96.54617,17.16357],[96.54617,17.1633],[96.54688,17.16339],[96.54688,17.16312],[96.54608,17.16276],[96.5459,17.16133],[96.54455,17.16133],[96.54464,17.1607],[96.54437,17.1607],[96.54419,17.15998],[96.54464,17.15872],[96.545,17.15881],[96.545,17.15935],[96.54608,17.15944],[96.5459,17.15998],[96.545,17.1598],[96.54527,17.16097],[96.54572,17.16097],[96.54572,17.1607],[96.54661,17.16079],[96.54661,17.16142],[96.54904,17.16124],[96.55012,17.16079],[96.55012,17.16025],[96.55039,17.16016],[96.5503,17.15962],[96.54994,17.15962],[96.54994,17.15845],[96.55048,17.15791],[96.55039,17.15674],[96.5512,17.15701],[96.55183,17.15674],[96.55209,17.15737],[96.55236,17.15737],[96.55218,17.15647],[96.55245,17.15549],[96.55156,17.1554],[96.55156,17.15486],[96.55039,17.15495],[96.55003,17.15558],[96.54868,17.1562],[96.54841,17.1562],[96.54841,17.15585],[96.54796,17.15585],[96.54796,17.15558],[96.5485,17.15558],[96.5485,17.15522],[96.5467,17.1554],[96.54706,17.15486],[96.54769,17.15495],[96.54769,17.1545],[96.54841,17.15459],[96.54859,17.15423],[96.54832,17.1536],[96.54778,17.15369],[96.54805,17.15306],[96.54778,17.15297],[96.54751,17.15153],[96.54715,17.15135],[96.5476,17.14992],[96.5467,17.14956],[96.5467,17.1492],[96.54635,17.14929],[96.54635,17.14965],[96.54688,17.15064],[96.54626,17.15064],[96.54599,17.15162],[96.54617,17.15252],[96.54679,17.15216],[96.54724,17.1527],[96.54644,17.15306],[96.54617,17.15279],[96.54455,17.15288],[96.54383,17.15261],[96.54383,17.15324],[96.54329,17.15324],[96.54329,17.1536],[96.54428,17.15378],[96.54428,17.15432],[96.54563,17.15423],[96.54527,17.1554],[96.54608,17.15558],[96.54608,17.15522],[96.54635,17.15522],[96.54652,17.15603],[96.54688,17.15638],[96.54751,17.15638],[96.5476,17.15692],[96.54706,17.15647],[96.54626,17.15674],[96.54563,17.15576],[96.54527,17.15585],[96.54545,17.15656],[96.54491,17.15665],[96.54491,17.15522],[96.54275,17.15522],[96.54284,17.15576],[96.54338,17.1562],[96.54311,17.15674],[96.54338,17.15809],[96.54365,17.15845],[96.54419,17.15836],[96.54428,17.15881],[96.5432,17.15872],[96.5432,17.15809],[96.54275,17.158],[96.54284,17.15692],[96.54257,17.15629],[96.5423,17.15629],[96.54185,17.15728],[96.5414,17.15737],[96.54131,17.158],[96.54033,17.15881],[96.53952,17.15899],[96.53916,17.15989],[96.53835,17.16034],[96.5388,17.16186],[96.53799,17.16151],[96.53835,17.16204],[96.53817,17.16375],[96.53781,17.16375],[96.53772,17.16339],[96.53646,17.16321],[96.53646,17.16285],[96.53575,17.16303],[96.53575,17.16249],[96.53548,17.16249],[96.53575,17.16339],[96.53503,17.1642],[96.53512,17.1651],[96.53458,17.1651],[96.53458,17.16537],[96.53539,17.16528],[96.53566,17.16618],[96.5353,17.16645],[96.53431,17.16636],[96.53413,17.16681],[96.53476,17.16698],[96.53476,17.16743],[96.53521,17.16734],[96.53521,17.16707],[96.53637,17.16707],[96.53637,17.16752],[96.53521,17.16761],[96.53503,17.16824],[96.53566,17.16851],[96.53566,17.16896],[96.53601,17.16896],[96.53601,17.16923],[96.53673,17.16914],[96.53646,17.16968],[96.53664,17.1704],[96.537,17.1704]],[[96.54338,17.16204],[96.54284,17.16106],[96.54311,17.16106],[96.54338,17.16007],[96.54392,17.16007],[96.54401,17.16276],[96.54374,17.16276],[96.54356,17.16204],[96.54338,17.16204]],[[96.54266,17.15998],[96.54275,17.1607],[96.54239,17.16088],[96.54176,17.16043],[96.54185,17.15998],[96.54266,17.15998]],[[96.54733,17.15935],[96.54742,17.16016],[96.54688,17.16034],[96.54652,17.15935],[96.54724,17.15935],[96.54733,17.15935]]],[[[96.75655,17.1704],[96.75727,17.17013],[96.75727,17.16968],[96.7561,17.16995],[96.75583,17.1704],[96.75655,17.1704]]],[[[96.76257,17.17067],[96.76275,17.17031],[96.76437,17.17013],[96.76446,17.16977],[96.76526,17.16959],[96.76535,17.16914],[96.76589,17.16905],[96.76589,17.16869],[96.76437,17.16887],[96.76446,17.16968],[96.7623,17.16977],[96.76194,17.17004],[96.7623,17.17067],[96.76257,17.17067]]],[[[96.62091,17.17076],[96.62091,17.17049],[96.62162,17.17022],[96.62171,17.16941],[96.62109,17.16968],[96.62109,17.17022],[96.62001,17.16995],[96.6201,17.17076],[96.62091,17.17076]]],[[[96.76868,17.17076],[96.76913,17.17067],[96.76895,17.16968],[96.76976,17.16941],[96.77155,17.16959],[96.77164,17.16878],[96.76985,17.16896],[96.76985,17.16869],[96.76949,17.16869],[96.76868,17.16905],[96.76868,17.1695],[96.7676,17.16914],[96.76805,17.17076],[96.76868,17.17076]]],[[[96.78368,17.17085],[96.78368,17.16959],[96.78269,17.16932],[96.78269,17.16995],[96.78314,17.17013],[96.78314,17.17085],[96.78368,17.17085]]],[[[96.60177,17.16986],[96.60141,17.16986],[96.60141,17.1704],[96.60213,17.17094],[96.60177,17.17004],[96.60177,17.16986]]],[[[96.85878,17.17094],[96.85914,17.17058],[96.85887,17.17031],[96.85905,17.16932],[96.85833,17.16905],[96.85815,17.16977],[96.85842,17.16977],[96.85842,17.17094],[96.85878,17.17094]]],[[[96.80955,17.17103],[96.80946,17.16905],[96.8091,17.16887],[96.8091,17.16995],[96.80937,17.17004],[96.80919,17.17103],[96.80955,17.17103]]],[[[96.5361,17.17112],[96.53584,17.16968],[96.53485,17.1695],[96.5344,17.17049],[96.53503,17.17031],[96.53503,17.17076],[96.53557,17.17076],[96.53584,17.17112],[96.5361,17.17112]]],[[[96.72367,17.17112],[96.72358,17.17004],[96.72322,17.17004],[96.72349,17.16977],[96.7234,17.16905],[96.72295,17.16896],[96.72224,17.17112],[96.72313,17.17112],[96.72367,17.17112]]],[[[96.60456,17.17139],[96.60465,17.1704],[96.60501,17.1704],[96.60501,17.17004],[96.6042,17.17013],[96.6042,17.17139],[96.60456,17.17139]]],[[[96.60617,17.17139],[96.60617,17.17076],[96.60689,17.17049],[96.60662,17.16986],[96.60707,17.16833],[96.60698,17.16806],[96.60635,17.16806],[96.60617,17.16752],[96.6051,17.16725],[96.6051,17.16806],[96.60474,17.16806],[96.60474,17.16833],[96.60545,17.16824],[96.60581,17.16932],[96.60617,17.1695],[96.60617,17.16977],[96.60572,17.16977],[96.60563,17.17139],[96.60617,17.17139]]],[[[96.77092,17.17139],[96.77128,17.1704],[96.76958,17.17031],[96.76958,17.17076],[96.77021,17.17058],[96.77065,17.17139],[96.77092,17.17139]]],[[[96.5247,17.17148],[96.5255,17.17112],[96.52515,17.17013],[96.52416,17.1704],[96.52416,17.17148],[96.5247,17.17148]]],[[[96.53,17.17148],[96.53,17.17112],[96.53278,17.17121],[96.53323,17.17085],[96.53323,17.17058],[96.53233,17.17049],[96.53233,17.17013],[96.53161,17.17013],[96.53161,17.1686],[96.53125,17.16824],[96.5317,17.16815],[96.5317,17.16761],[96.53107,17.1677],[96.53179,17.16663],[96.53179,17.16591],[96.53143,17.16564],[96.53018,17.16564],[96.53,17.16609],[96.52865,17.166],[96.52919,17.16851],[96.52982,17.16824],[96.52973,17.16752],[96.53062,17.16743],[96.53062,17.16779],[96.53107,17.16779],[96.53045,17.16842],[96.5308,17.16878],[96.5308,17.1695],[96.53107,17.1695],[96.53098,17.16995],[96.53036,17.16977],[96.53027,17.17004],[96.52982,17.17004],[96.52982,17.16977],[96.52937,17.16977],[96.52847,17.16986],[96.52829,17.17022],[96.52766,17.17013],[96.52766,17.17058],[96.53009,17.1704],[96.53009,17.17076],[96.52955,17.17112],[96.52964,17.17148],[96.53,17.17148]]],[[[96.58354,17.17148],[96.58363,17.17049],[96.58327,17.1704],[96.58327,17.16977],[96.583,17.16977],[96.58327,17.17148],[96.58354,17.17148]]],[[[96.5874,17.17157],[96.58767,17.17121],[96.58731,17.17067],[96.58767,17.17058],[96.58767,17.17022],[96.58686,17.16995],[96.58713,17.17157],[96.5874,17.17157]]],[[[96.61147,17.17112],[96.61165,17.17031],[96.61201,17.17031],[96.61228,17.16977],[96.61264,17.16815],[96.613,17.16824],[96.61291,17.16968],[96.61318,17.16968],[96.61327,17.16896],[96.61363,17.16887],[96.61363,17.16779],[96.6139,17.16779],[96.6139,17.16707],[96.61363,17.16707],[96.61363,17.16743],[96.61255,17.16716],[96.61228,17.16645],[96.61246,17.16582],[96.61102,17.16654],[96.61102,17.16689],[96.61156,17.16707],[96.61156,17.16779],[96.61192,17.16779],[96.61192,17.16833],[96.61138,17.16833],[96.61129,17.16914],[96.6104,17.16968],[96.61057,17.17013],[96.61138,17.1704],[96.61111,17.17085],[96.61138,17.17157],[96.61174,17.17157],[96.61165,17.17112],[96.61147,17.17112]]],[[[96.75583,17.1713],[96.75592,17.17049],[96.75457,17.17049],[96.75457,17.1713],[96.75502,17.17139],[96.75502,17.17103],[96.75556,17.17157],[96.75592,17.17157],[96.75592,17.1713],[96.75583,17.1713]]],[[[96.76805,17.17157],[96.76814,17.17094],[96.7676,17.17103],[96.76742,17.17031],[96.76598,17.1704],[96.76562,17.17076],[96.76589,17.17139],[96.76625,17.17139],[96.76616,17.17076],[96.76652,17.17076],[96.7667,17.17157],[96.76769,17.17157],[96.76805,17.17157]]],[[[96.70014,17.17166],[96.70086,17.17148],[96.70086,17.17112],[96.69987,17.17103],[96.69987,17.17166],[96.70014,17.17166]]],[[[96.7146,17.17166],[96.7146,17.17103],[96.71424,17.17094],[96.71361,17.17112],[96.7137,17.17166],[96.7146,17.17166]]],[[[96.61677,17.17085],[96.61713,17.17022],[96.61749,17.17022],[96.61776,17.16941],[96.61803,17.16941],[96.61812,17.17004],[96.61866,17.17004],[96.61848,17.17058],[96.6192,17.17076],[96.61947,17.17058],[96.6192,17.16923],[96.6183,17.16923],[96.6183,17.16887],[96.61767,17.1686],[96.61731,17.16968],[96.61695,17.16977],[96.61659,17.16923],[96.61587,17.16932],[96.61587,17.16842],[96.61561,17.16779],[96.61534,17.16779],[96.61525,17.16842],[96.61561,17.16887],[96.61489,17.16878],[96.61489,17.16905],[96.61525,17.16968],[96.61596,17.16968],[96.61596,17.17004],[96.61516,17.16977],[96.61516,17.17022],[96.61623,17.17031],[96.61623,17.17076],[96.61552,17.17067],[96.61552,17.17148],[96.61686,17.17148],[96.61713,17.17175],[96.61686,17.17085],[96.61677,17.17085]]],[[[96.5768,17.16645],[96.57716,17.16645],[96.57725,17.16761],[96.57842,17.16743],[96.57842,17.1677],[96.57806,17.1677],[96.57797,17.16851],[96.57743,17.1686],[96.57743,17.16905],[96.57644,17.16941],[96.57626,17.16986],[96.57734,17.17184],[96.57788,17.17184],[96.57797,17.17085],[96.57851,17.17094],[96.57895,17.17049],[96.57886,17.16968],[96.5794,17.16968],[96.57949,17.17031],[96.57976,17.17031],[96.57985,17.16977],[96.58075,17.16968],[96.58111,17.16995],[96.5812,17.16914],[96.58174,17.16914],[96.58192,17.16716],[96.5812,17.16716],[96.58111,17.16681],[96.58201,17.16689],[96.58201,17.16734],[96.58246,17.16734],[96.58246,17.16689],[96.58237,17.16627],[96.58156,17.16645],[96.58129,17.16582],[96.58174,17.16537],[96.58219,17.16537],[96.58255,17.16483],[96.583,17.16483],[96.583,17.16456],[96.58282,17.1642],[96.58219,17.16447],[96.58219,17.16402],[96.58165,17.16357],[96.58183,17.16285],[96.58147,17.16285],[96.58147,17.16249],[96.58201,17.16276],[96.58183,17.16213],[96.5821,17.16168],[96.58129,17.16159],[96.58129,17.16115],[96.58075,17.16106],[96.58084,17.16052],[96.58147,17.15989],[96.58147,17.15935],[96.5803,17.16034],[96.57967,17.16034],[96.57967,17.16106],[96.57851,17.16106],[96.57851,17.16151],[96.57824,17.16151],[96.57824,17.16106],[96.57716,17.16124],[96.57725,17.16186],[96.57689,17.16213],[96.57617,17.16501],[96.5768,17.16618],[96.5768,17.16645]],[[96.57815,17.16465],[96.57815,17.1651],[96.57716,17.16501],[96.57734,17.16411],[96.57698,17.16375],[96.57743,17.16285],[96.57797,17.16321],[96.57815,17.1624],[96.57958,17.16258],[96.58084,17.16339],[96.58075,17.1642],[96.58039,17.16429],[96.5803,17.16375],[96.57931,17.1633],[96.57958,17.16411],[96.57886,17.16366],[96.57886,17.16402],[96.57833,17.16393],[96.57868,17.16429],[96.57851,17.16465],[96.57815,17.16465]],[[96.58003,17.16761],[96.58003,17.16815],[96.58075,17.16797],[96.58093,17.16923],[96.58012,17.16914],[96.58012,17.16833],[96.57976,17.16833],[96.57958,17.16761],[96.58003,17.16761]],[[96.57913,17.16806],[96.57913,17.16896],[96.57859,17.16905],[96.57824,17.16806],[96.57904,17.16806],[96.57913,17.16806]]],[[[96.69708,17.17193],[96.69708,17.17157],[96.69861,17.17121],[96.69861,17.17067],[96.69681,17.17049],[96.69672,17.17193],[96.69708,17.17193]]],[[[96.59638,17.17202],[96.59665,17.17121],[96.59692,17.17121],[96.59692,17.17157],[96.59746,17.17139],[96.59863,17.17184],[96.59935,17.1713],[96.60024,17.17148],[96.60024,17.17112],[96.59926,17.17085],[96.59944,17.17013],[96.59908,17.16923],[96.59728,17.16878],[96.59737,17.1695],[96.59782,17.16977],[96.59764,17.1704],[96.59809,17.17022],[96.59818,17.16977],[96.5989,17.16968],[96.59899,17.17085],[96.59836,17.17139],[96.59809,17.17076],[96.59755,17.17103],[96.5953,17.17067],[96.5953,17.17112],[96.59611,17.17157],[96.59611,17.17202],[96.59638,17.17202]]],[[[96.74874,17.17202],[96.74981,17.17175],[96.74981,17.17103],[96.75053,17.17085],[96.75062,17.17031],[96.75026,17.17022],[96.74999,17.17067],[96.74936,17.17076],[96.74936,17.17031],[96.74838,17.17022],[96.7482,17.17112],[96.74694,17.17121],[96.74703,17.17184],[96.74811,17.17175],[96.74838,17.17202],[96.74874,17.17202]]],[[[96.78027,17.17211],[96.78036,17.17166],[96.7809,17.17175],[96.7809,17.17139],[96.78116,17.17139],[96.78125,17.17193],[96.7817,17.17202],[96.78206,17.17058],[96.7817,17.17058],[96.7817,17.16959],[96.77928,17.1695],[96.7791,17.16815],[96.77946,17.16752],[96.77883,17.16734],[96.77829,17.16923],[96.77838,17.17004],[96.77982,17.17013],[96.77973,17.17211],[96.78027,17.17211]]],[[[96.61057,17.17228],[96.61093,17.17184],[96.61057,17.17175],[96.61049,17.17076],[96.60995,17.17076],[96.60995,17.17112],[96.60914,17.17094],[96.60923,17.16959],[96.60824,17.1695],[96.60788,17.16887],[96.60752,17.16887],[96.60716,17.16923],[96.60725,17.17031],[96.60797,17.1704],[96.60788,17.17121],[96.60815,17.17121],[96.60815,17.17157],[96.60887,17.17139],[96.60995,17.17228],[96.61057,17.17228]]],[[[96.87522,17.17202],[96.87522,17.17121],[96.87486,17.17112],[96.87495,17.17228],[96.87549,17.17228],[96.87549,17.17202],[96.87522,17.17202]]],[[[96.73077,17.17184],[96.73095,17.1713],[96.72987,17.17112],[96.72978,17.16968],[96.72951,17.16968],[96.72951,17.17049],[96.72843,17.17085],[96.72861,17.17193],[96.73005,17.17211],[96.7305,17.17175],[96.73068,17.17237],[96.73113,17.17237],[96.73095,17.17184],[96.73077,17.17184]]],[[[96.76005,17.17184],[96.75925,17.17175],[96.75925,17.1713],[96.75898,17.1713],[96.75907,17.17219],[96.75943,17.17219],[96.7597,17.17264],[96.76014,17.17264],[96.76014,17.17184],[96.76005,17.17184]]],[[[96.8241,17.17264],[96.82419,17.17219],[96.82464,17.17219],[96.82446,17.17166],[96.82312,17.17193],[96.82375,17.17264],[96.8241,17.17264]]],[[[96.55434,17.17273],[96.55461,17.17067],[96.55533,17.17058],[96.55533,17.17103],[96.55739,17.17067],[96.55713,17.1695],[96.5565,17.16959],[96.5565,17.16887],[96.55605,17.16923],[96.55452,17.16923],[96.55443,17.16986],[96.55479,17.17031],[96.55434,17.17031],[96.55434,17.16977],[96.55398,17.16968],[96.55191,17.17022],[96.55183,17.17103],[96.55218,17.17112],[96.55227,17.17157],[96.55398,17.17219],[96.55407,17.17273],[96.55434,17.17273]]],[[[96.71828,17.17219],[96.71828,17.17184],[96.71945,17.17175],[96.71954,17.17112],[96.719,17.17121],[96.719,17.17148],[96.71864,17.17148],[96.71864,17.17121],[96.7181,17.17139],[96.71801,17.17246],[96.71909,17.17273],[96.71864,17.17219],[96.71828,17.17219]]],[[[96.61372,17.17282],[96.61372,17.17228],[96.61408,17.17202],[96.61372,17.17166],[96.6139,17.17103],[96.61354,17.17103],[96.61336,17.17148],[96.61237,17.17157],[96.61219,17.17246],[96.61282,17.17237],[96.61327,17.17282],[96.61372,17.17282]]],[[[96.77074,17.17291],[96.7711,17.17175],[96.77003,17.17175],[96.77003,17.17211],[96.77047,17.17228],[96.77047,17.17291],[96.77074,17.17291]]],[[[96.60608,17.173],[96.60653,17.17282],[96.60653,17.17228],[96.60725,17.17237],[96.60716,17.17157],[96.60581,17.17166],[96.60608,17.17255],[96.60581,17.17255],[96.60572,17.173],[96.60608,17.173]]],[[[96.62297,17.17318],[96.6236,17.17282],[96.62369,17.17175],[96.62342,17.17175],[96.62306,17.17273],[96.62234,17.17237],[96.62243,17.17318],[96.62297,17.17318]]],[[[96.75134,17.17318],[96.75197,17.17282],[96.75179,17.17219],[96.75098,17.17219],[96.75098,17.17264],[96.75071,17.17264],[96.75071,17.17309],[96.75098,17.17318],[96.75134,17.17318]]],[[[96.53745,17.17327],[96.53772,17.17318],[96.53754,17.17175],[96.53718,17.1713],[96.53655,17.1713],[96.53727,17.17202],[96.53727,17.17237],[96.537,17.17237],[96.53718,17.17327],[96.53745,17.17327]]],[[[96.78431,17.17327],[96.78422,17.17255],[96.78476,17.17264],[96.78476,17.17211],[96.78377,17.17237],[96.78359,17.17291],[96.78386,17.17291],[96.78386,17.17327],[96.78431,17.17327]]],[[[96.8409,17.17336],[96.8409,17.173],[96.84153,17.17246],[96.84216,17.17237],[96.84216,17.17211],[96.84153,17.17184],[96.84144,17.17112],[96.84108,17.17103],[96.8409,17.17022],[96.84036,17.16977],[96.84054,17.16905],[96.84189,17.16887],[96.84225,17.16941],[96.84351,17.16941],[96.84378,17.16797],[96.8445,17.16806],[96.8445,17.16663],[96.84396,17.16698],[96.84396,17.16743],[96.84297,17.16779],[96.84225,17.1677],[96.84216,17.16716],[96.84108,17.16743],[96.84063,17.16707],[96.84036,17.16788],[96.83991,17.16806],[96.83974,17.16869],[96.84,17.16923],[96.8392,17.1695],[96.83893,17.1713],[96.83974,17.17112],[96.83982,17.17193],[96.84027,17.17211],[96.84036,17.17336],[96.8409,17.17336]]],[[[96.58704,17.17354],[96.58704,17.17228],[96.58632,17.17211],[96.58623,17.17291],[96.58659,17.17354],[96.58704,17.17354]]],[[[96.59656,17.17246],[96.59602,17.17246],[96.59602,17.17273],[96.59683,17.17354],[96.59656,17.17255],[96.59656,17.17246]]],[[[96.77443,17.17309],[96.77434,17.17211],[96.77407,17.17211],[96.77389,17.17273],[96.77326,17.173],[96.77326,17.17327],[96.77398,17.17309],[96.77398,17.17336],[96.77461,17.17363],[96.77461,17.17309],[96.77443,17.17309]]],[[[96.77551,17.17363],[96.77604,17.17345],[96.77622,17.17255],[96.77515,17.17327],[96.77515,17.17363],[96.77551,17.17363]]],[[[96.7773,17.17363],[96.77739,17.17309],[96.77856,17.17354],[96.77865,17.17264],[96.77757,17.17264],[96.77757,17.17202],[96.77703,17.17211],[96.77721,17.17291],[96.77685,17.17309],[96.77685,17.17363],[96.7773,17.17363]]],[[[96.58937,17.17381],[96.58964,17.17309],[96.58848,17.17318],[96.58848,17.17291],[96.58803,17.17291],[96.58794,17.17336],[96.58875,17.17345],[96.58875,17.17381],[96.58937,17.17381]]],[[[96.70714,17.17381],[96.70723,17.17327],[96.70813,17.17336],[96.70795,17.17237],[96.70634,17.17219],[96.70651,17.17381],[96.70714,17.17381]]],[[[96.87028,17.1739],[96.87055,17.17291],[96.8701,17.17291],[96.86965,17.17336],[96.86974,17.1739],[96.87028,17.1739]]],[[[96.71819,17.17408],[96.71864,17.17372],[96.71864,17.17318],[96.71756,17.17291],[96.71774,17.17345],[96.71738,17.17345],[96.71738,17.17381],[96.71774,17.17408],[96.71819,17.17408]]],[[[96.6996,17.17444],[96.69951,17.17264],[96.70014,17.17255],[96.70032,17.17184],[96.69951,17.17219],[96.69951,17.17121],[96.69897,17.17121],[96.69888,17.17255],[96.69861,17.17255],[96.69861,17.17202],[96.69735,17.17219],[96.69708,17.17318],[96.69753,17.17345],[96.69888,17.17327],[96.69879,17.17417],[96.69933,17.17444],[96.6996,17.17444]]],[[[96.74137,17.17453],[96.74173,17.17444],[96.74146,17.17363],[96.74047,17.17363],[96.74047,17.17408],[96.7411,17.17408],[96.7411,17.17453],[96.74137,17.17453]]],[[[96.54958,17.16869],[96.54958,17.16842],[96.55021,17.16842],[96.55021,17.16797],[96.54904,17.16761],[96.54895,17.16681],[96.5485,17.16681],[96.54841,17.16743],[96.54733,17.16761],[96.54742,17.16878],[96.54661,17.16932],[96.54644,17.16887],[96.54697,17.16878],[96.54697,17.16752],[96.54652,17.16734],[96.54652,17.16797],[96.54626,17.16797],[96.54608,17.16636],[96.54679,17.16618],[96.54661,17.16465],[96.54688,17.16429],[96.54599,17.1642],[96.54554,17.16438],[96.54554,17.16474],[96.54527,17.16447],[96.54428,17.16465],[96.54383,17.16492],[96.54392,17.16564],[96.54329,17.16591],[96.54347,17.16654],[96.5432,17.16654],[96.54311,17.16734],[96.54338,17.16788],[96.54302,17.16815],[96.54329,17.16914],[96.54356,17.16914],[96.54338,17.16977],[96.54392,17.16977],[96.54392,17.17004],[96.54311,17.17013],[96.54311,17.16986],[96.54275,17.16986],[96.54284,17.16824],[96.54221,17.16815],[96.54203,17.1677],[96.54122,17.16779],[96.54122,17.16824],[96.54033,17.1686],[96.54015,17.16914],[96.53988,17.16914],[96.53961,17.16851],[96.53898,17.16851],[96.53898,17.16878],[96.53862,17.16878],[96.53853,17.17031],[96.53898,17.1704],[96.53934,17.16968],[96.53961,17.16968],[96.5397,17.17121],[96.53952,17.17193],[96.53925,17.17193],[96.53925,17.17148],[96.53844,17.17157],[96.53862,17.17076],[96.53808,17.17085],[96.53817,17.17193],[96.53907,17.17211],[96.53907,17.17246],[96.53862,17.17246],[96.53853,17.17354],[96.53988,17.17471],[96.54185,17.17435],[96.5423,17.17345],[96.54302,17.17336],[96.54311,17.17363],[96.54392,17.17381],[96.545,17.17255],[96.54464,17.17166],[96.54554,17.17148],[96.54545,17.17022],[96.5459,17.17022],[96.54554,17.16959],[96.54617,17.16977],[96.54617,17.17004],[96.54733,17.16986],[96.54733,17.1704],[96.54679,17.17031],[96.54644,17.17103],[96.54733,17.17103],[96.54733,17.17067],[96.54832,17.17103],[96.55021,17.17058],[96.54994,17.17022],[96.54859,17.1704],[96.54886,17.17004],[96.54877,17.16869],[96.54913,17.16869],[96.54958,17.16869]],[[96.54185,17.17004],[96.54185,17.17067],[96.54149,17.17067],[96.54149,17.17013],[96.54087,17.16995],[96.54087,17.16941],[96.54167,17.16959],[96.54167,17.17004],[96.54185,17.17004]],[[96.54284,17.17067],[96.54302,17.17193],[96.54239,17.17219],[96.54203,17.17184],[96.54257,17.17067],[96.54284,17.17067]],[[96.5414,17.16914],[96.5414,17.1686],[96.54185,17.16842],[96.5423,17.16914],[96.54167,17.16914],[96.5414,17.16914]],[[96.54374,17.16707],[96.54356,17.16654],[96.54401,17.16636],[96.54401,17.16672],[96.54464,17.16663],[96.54536,17.1677],[96.54464,17.16752],[96.54437,17.16707],[96.54374,17.16707]]],[[[96.71478,17.17471],[96.71514,17.17435],[96.71523,17.17264],[96.71379,17.173],[96.71379,17.17327],[96.71433,17.17327],[96.71433,17.1739],[96.71361,17.17408],[96.71361,17.17462],[96.71442,17.17444],[96.71442,17.17471],[96.71478,17.17471]]],[[[96.87387,17.1748],[96.87396,17.17426],[96.87441,17.17426],[96.87441,17.1739],[96.87387,17.17372],[96.87378,17.17336],[96.87333,17.17336],[96.87333,17.17309],[96.87288,17.17309],[96.87288,17.17354],[96.87378,17.17381],[96.87378,17.17408],[96.87279,17.17381],[96.87297,17.1748],[96.87387,17.1748]]],[[[96.78161,17.17444],[96.7817,17.17372],[96.78143,17.17372],[96.78116,17.1739],[96.78116,17.17489],[96.7817,17.17489],[96.7817,17.17444],[96.78161,17.17444]]],[[[96.55021,17.17471],[96.5503,17.173],[96.55075,17.17282],[96.55102,17.17211],[96.55057,17.17202],[96.55057,17.17246],[96.54967,17.173],[96.54967,17.17255],[96.54913,17.17255],[96.54904,17.17193],[96.54868,17.17193],[96.54823,17.17112],[96.54796,17.17139],[96.54769,17.17139],[96.54769,17.17103],[96.54742,17.17103],[96.54742,17.17139],[96.54688,17.1713],[96.54635,17.173],[96.54733,17.173],[96.54742,17.17264],[96.54832,17.17255],[96.54895,17.17336],[96.54895,17.17408],[96.54949,17.17489],[96.5503,17.17498],[96.5503,17.17471],[96.55021,17.17471]]],[[[96.75835,17.17498],[96.75844,17.17462],[96.75898,17.17462],[96.75952,17.1739],[96.75799,17.17372],[96.75772,17.17399],[96.75745,17.17237],[96.75718,17.17237],[96.75673,17.17327],[96.75592,17.17336],[96.75601,17.17408],[96.75646,17.17417],[96.75655,17.17471],[96.75736,17.17462],[96.75736,17.17498],[96.75763,17.17498],[96.75763,17.17462],[96.75799,17.17462],[96.75808,17.17498],[96.75835,17.17498]]],[[[96.55344,17.17516],[96.55425,17.17498],[96.55416,17.17444],[96.55443,17.17444],[96.55434,17.17363],[96.55353,17.17363],[96.55353,17.17336],[96.55245,17.17372],[96.55281,17.17435],[96.55272,17.17498],[96.55317,17.17516],[96.55344,17.17516]]],[[[96.70822,17.17516],[96.70885,17.17471],[96.70867,17.17417],[96.70903,17.17417],[96.70903,17.17381],[96.70831,17.17381],[96.7084,17.17453],[96.70813,17.17453],[96.70786,17.17516],[96.70822,17.17516]]],[[[96.58156,17.17525],[96.58255,17.1748],[96.583,17.17408],[96.58048,17.17426],[96.58048,17.17471],[96.58129,17.17525],[96.58156,17.17525]]],[[[96.72268,17.17525],[96.72259,17.17399],[96.72188,17.17372],[96.72197,17.17426],[96.72233,17.17426],[96.72215,17.17525],[96.72268,17.17525]]],[[[96.75017,17.17525],[96.75107,17.17381],[96.75026,17.17408],[96.75017,17.17363],[96.7499,17.17363],[96.75008,17.17291],[96.74936,17.17318],[96.74927,17.17228],[96.74748,17.17228],[96.74685,17.17309],[96.74595,17.173],[96.74595,17.17327],[96.74649,17.17345],[96.74649,17.17381],[96.74604,17.17399],[96.7464,17.1748],[96.74712,17.17444],[96.74685,17.17372],[96.74766,17.17372],[96.74784,17.17291],[96.74811,17.17291],[96.74811,17.17345],[96.74901,17.17363],[96.74901,17.17489],[96.7499,17.17525],[96.75017,17.17525]]],[[[96.55165,17.17543],[96.55245,17.17525],[96.55227,17.17435],[96.55191,17.17435],[96.55174,17.17489],[96.5512,17.17489],[96.5512,17.17444],[96.55066,17.17471],[96.55057,17.17525],[96.5512,17.17516],[96.55138,17.17543],[96.55165,17.17543]]],[[[96.59845,17.17435],[96.59773,17.17462],[96.59773,17.17372],[96.59746,17.17372],[96.59755,17.17426],[96.59665,17.17399],[96.59692,17.17543],[96.59719,17.17543],[96.59737,17.17489],[96.59827,17.17489],[96.59845,17.17462],[96.59845,17.17435]]],[[[96.6095,17.17381],[96.61049,17.17399],[96.6104,17.1748],[96.61013,17.1748],[96.6095,17.17381],[96.60914,17.17381],[96.60959,17.17489],[96.6095,17.17552],[96.61201,17.17498],[96.6121,17.17435],[96.61246,17.17435],[96.61246,17.17462],[96.61363,17.17462],[96.61309,17.1739],[96.61165,17.17372],[96.61165,17.17336],[96.6104,17.17336],[96.60959,17.17291],[96.60932,17.17228],[96.60887,17.17255],[96.60887,17.173],[96.60851,17.173],[96.60851,17.17237],[96.6077,17.17264],[96.6086,17.17354],[96.60959,17.17309],[96.6095,17.17354],[96.6095,17.17381]]],[[[96.62369,17.17552],[96.62369,17.17507],[96.6245,17.17462],[96.6245,17.17435],[96.62243,17.17408],[96.62225,17.17525],[96.62342,17.17552],[96.62369,17.17552]]],[[[96.69502,17.17552],[96.69511,17.1748],[96.69565,17.17471],[96.69565,17.17408],[96.69627,17.17399],[96.69618,17.17345],[96.69565,17.17318],[96.69574,17.1713],[96.69466,17.17121],[96.69466,17.17076],[96.69385,17.17067],[96.69385,17.17103],[96.69331,17.17103],[96.69331,17.17139],[96.69367,17.17148],[96.69358,17.17264],[96.69385,17.17264],[96.69385,17.17184],[96.69484,17.17148],[96.69466,17.17246],[96.69502,17.17246],[96.69511,17.173],[96.69484,17.17327],[96.69466,17.17273],[96.69412,17.17291],[96.69412,17.17381],[96.69475,17.17498],[96.69457,17.17552],[96.69502,17.17552]]],[[[96.6201,17.17561],[96.62019,17.17435],[96.62055,17.17453],[96.62055,17.17516],[96.6218,17.17507],[96.6218,17.17372],[96.6201,17.17372],[96.6201,17.17345],[96.61956,17.17336],[96.61893,17.17435],[96.61785,17.17444],[96.61803,17.17543],[96.61983,17.17561],[96.6201,17.17561]]],[[[96.77299,17.17561],[96.77308,17.17489],[96.77128,17.17471],[96.77128,17.17444],[96.77236,17.17426],[96.77236,17.17399],[96.77164,17.1739],[96.77039,17.17426],[96.77021,17.17498],[96.76931,17.17534],[96.76931,17.17561],[96.77272,17.17561],[96.77299,17.17561]]],[[[96.59854,17.16321],[96.59854,17.16357],[96.59818,17.16357],[96.59854,17.16285],[96.59764,17.16213],[96.59719,17.16249],[96.59638,17.1624],[96.59629,17.16303],[96.5953,17.16276],[96.59548,17.16204],[96.59665,17.16186],[96.59665,17.16159],[96.59584,17.16168],[96.59602,17.16106],[96.59539,17.16097],[96.59539,17.16159],[96.59485,17.16168],[96.59467,17.16231],[96.59521,17.16348],[96.59423,17.16375],[96.59423,17.16411],[96.59476,17.16411],[96.59467,17.16456],[96.59378,17.16456],[96.59378,17.1642],[96.59315,17.16393],[96.59261,17.1642],[96.59279,17.16321],[96.59126,17.16357],[96.5918,17.16537],[96.59171,17.16663],[96.59207,17.16681],[96.59279,17.16663],[96.59288,17.16627],[96.5927,17.16564],[96.59297,17.16555],[96.59297,17.1651],[96.59252,17.16501],[96.59252,17.16474],[96.59467,17.16501],[96.59423,17.16546],[96.59423,17.16582],[96.59458,17.16582],[96.59423,17.16663],[96.59315,17.16681],[96.59315,17.16707],[96.59378,17.16707],[96.59378,17.16734],[96.59324,17.16743],[96.59315,17.1686],[96.59396,17.16851],[96.59396,17.16878],[96.59441,17.16878],[96.59432,17.16707],[96.59503,17.16618],[96.5953,17.16645],[96.59485,17.1677],[96.59458,17.1677],[96.5945,17.16914],[96.59369,17.16932],[96.59369,17.16986],[96.59324,17.17013],[96.59279,17.17013],[96.59252,17.16968],[96.59279,17.16896],[96.59243,17.1686],[96.58839,17.16896],[96.58839,17.16968],[96.59036,17.16986],[96.59027,17.16932],[96.59171,17.1695],[96.59171,17.16986],[96.59117,17.16995],[96.59117,17.17022],[96.59126,17.17049],[96.5918,17.17049],[96.59171,17.17112],[96.59234,17.17175],[96.59234,17.17202],[96.59099,17.17202],[96.59099,17.17237],[96.59036,17.17273],[96.59036,17.17336],[96.58955,17.17372],[96.59009,17.17435],[96.59,17.17507],[96.59099,17.17543],[96.59144,17.17435],[96.5918,17.17435],[96.5918,17.1757],[96.59207,17.1757],[96.59207,17.1739],[96.59252,17.17363],[96.59261,17.173],[96.59243,17.17211],[96.59297,17.17211],[96.59297,17.17175],[96.59351,17.17193],[96.59351,17.17139],[96.59405,17.17103],[96.59378,17.17022],[96.59441,17.1704],[96.59414,17.16959],[96.59512,17.16968],[96.59521,17.16716],[96.59566,17.16716],[96.59575,17.16636],[96.59611,17.16636],[96.59602,17.16716],[96.59656,17.16716],[96.59665,17.16663],[96.59692,17.16663],[96.59683,17.16734],[96.59791,17.16779],[96.59827,17.16743],[96.59827,17.16645],[96.59899,17.16627],[96.59935,17.16645],[96.59908,17.16815],[96.59962,17.16788],[96.59962,17.16743],[96.60015,17.16743],[96.60006,17.16797],[96.6006,17.16797],[96.60087,17.16734],[96.60033,17.16734],[96.60042,17.16681],[96.59944,17.16645],[96.59971,17.16582],[96.59926,17.16582],[96.59926,17.16555],[96.59971,17.1642],[96.59935,17.16393],[96.59935,17.16447],[96.59908,17.16447],[96.59926,17.16348],[96.59899,17.16321],[96.59854,17.16321]]],[[[96.76149,17.1757],[96.7623,17.17552],[96.76239,17.17516],[96.76167,17.17489],[96.7614,17.17417],[96.76032,17.17453],[96.76032,17.17498],[96.7597,17.17471],[96.75907,17.17489],[96.75898,17.17561],[96.75934,17.17525],[96.75996,17.17525],[96.7605,17.17543],[96.7605,17.1757],[96.76149,17.1757]]],[[[96.70113,17.17579],[96.70104,17.17471],[96.69951,17.17471],[96.69951,17.17498],[96.70014,17.17498],[96.70032,17.17561],[96.70077,17.17579],[96.70113,17.17579]]],[[[96.74487,17.17588],[96.74514,17.17489],[96.74433,17.17507],[96.74451,17.17588],[96.74487,17.17588]]],[[[96.77937,17.17588],[96.77964,17.1757],[96.77937,17.17516],[96.77811,17.17498],[96.77811,17.17462],[96.77766,17.17453],[96.77775,17.17552],[96.77874,17.17552],[96.77901,17.17588],[96.77937,17.17588]]],[[[96.58363,17.17498],[96.58336,17.17498],[96.58363,17.17597],[96.58425,17.17597],[96.58416,17.17516],[96.58363,17.17507],[96.58363,17.17498]]],[[[96.69717,17.17597],[96.6978,17.1748],[96.69627,17.1748],[96.69645,17.17597],[96.69717,17.17597]]],[[[96.53799,17.17606],[96.53799,17.17561],[96.53889,17.1757],[96.5388,17.17489],[96.53853,17.17516],[96.53754,17.17516],[96.53763,17.17606],[96.53799,17.17606]]],[[[96.84953,17.17606],[96.84998,17.17561],[96.85007,17.17426],[96.85105,17.1739],[96.85123,17.17327],[96.85177,17.17327],[96.85177,17.173],[96.85123,17.17291],[96.85123,17.17246],[96.85016,17.17211],[96.8498,17.16995],[96.84953,17.16995],[96.84917,17.17202],[96.84881,17.17219],[96.84935,17.17282],[96.84944,17.17354],[96.84854,17.17318],[96.84926,17.17606],[96.84953,17.17606]]],[[[96.61381,17.17615],[96.6139,17.17543],[96.61318,17.17543],[96.61282,17.17579],[96.61309,17.17615],[96.61381,17.17615]]],[[[96.8957,17.16474],[96.89606,17.16474],[96.89597,17.16546],[96.89561,17.16546],[96.8957,17.16474],[96.8948,17.16501],[96.89507,17.16564],[96.89462,17.16573],[96.89462,17.166],[96.89534,17.166],[96.89525,17.16645],[96.89462,17.16636],[96.89408,17.16672],[96.89417,17.16707],[96.89471,17.16725],[96.89444,17.16806],[96.89354,17.16788],[96.89336,17.16842],[96.89301,17.16842],[96.89292,17.16806],[96.89229,17.16815],[96.89157,17.16707],[96.89031,17.16743],[96.89013,17.16698],[96.88959,17.16681],[96.8895,17.16761],[96.88977,17.16806],[96.88887,17.16941],[96.88842,17.1713],[96.88744,17.17193],[96.8869,17.17184],[96.8869,17.17148],[96.88618,17.17148],[96.88618,17.17219],[96.88636,17.17246],[96.88771,17.17228],[96.88797,17.173],[96.88869,17.17175],[96.88923,17.17193],[96.88923,17.17166],[96.89004,17.17148],[96.88977,17.17246],[96.89049,17.17228],[96.89049,17.17255],[96.88986,17.17309],[96.88923,17.17309],[96.88923,17.17336],[96.88806,17.17336],[96.88788,17.17426],[96.88753,17.17471],[96.88708,17.17471],[96.88708,17.17498],[96.88681,17.17498],[96.88681,17.17462],[96.88573,17.17453],[96.88591,17.17543],[96.88645,17.17507],[96.88663,17.1757],[96.88735,17.17561],[96.88735,17.17615],[96.88788,17.17606],[96.88815,17.17543],[96.88941,17.17498],[96.8895,17.1739],[96.89013,17.17399],[96.89013,17.17363],[96.89049,17.17363],[96.89085,17.17399],[96.89076,17.17264],[96.89202,17.17211],[96.8922,17.17139],[96.89723,17.16851],[96.89723,17.16824],[96.89669,17.16833],[96.89678,17.16689],[96.89714,17.16689],[96.89714,17.16663],[96.89651,17.16663],[96.89651,17.16636],[96.89723,17.16654],[96.89678,17.16537],[96.89687,17.16447],[96.89732,17.16384],[96.89786,17.16384],[96.89786,17.16339],[96.89741,17.16303],[96.89579,17.16303],[96.89543,17.1633],[96.8957,17.16438],[96.8957,17.16474]]],[[[96.74038,17.17624],[96.74074,17.17615],[96.74083,17.17507],[96.74056,17.17507],[96.74056,17.17552],[96.7402,17.17552],[96.74011,17.17624],[96.74038,17.17624]]],[[[96.80326,17.17624],[96.80344,17.17588],[96.80308,17.17552],[96.80156,17.17498],[96.80093,17.17507],[96.80093,17.17534],[96.80219,17.17561],[96.80299,17.17624],[96.80326,17.17624]]],[[[96.59261,17.17651],[96.5927,17.17606],[96.59342,17.17606],[96.59342,17.17552],[96.59216,17.17561],[96.59234,17.17651],[96.59261,17.17651]]],[[[96.71676,17.17669],[96.71685,17.17579],[96.71631,17.17543],[96.71586,17.1757],[96.71595,17.17669],[96.71676,17.17669]]],[[[96.7031,17.17678],[96.70337,17.17597],[96.70409,17.17588],[96.70445,17.17489],[96.70373,17.17462],[96.70373,17.17426],[96.70283,17.17417],[96.70274,17.17381],[96.70166,17.17363],[96.70184,17.17444],[96.7013,17.17507],[96.70283,17.17597],[96.70274,17.17678],[96.7031,17.17678]]],[[[96.79105,17.17678],[96.79105,17.17606],[96.7915,17.17606],[96.79123,17.17561],[96.79132,17.1748],[96.7906,17.17453],[96.79015,17.17579],[96.79042,17.17579],[96.79042,17.17633],[96.79078,17.17633],[96.79078,17.17678],[96.79105,17.17678]]],[[[96.74936,17.17696],[96.74945,17.17561],[96.74865,17.17579],[96.74838,17.1766],[96.7473,17.17642],[96.74739,17.17696],[96.7482,17.17696],[96.74936,17.17696]]],[[[96.79024,17.17219],[96.78997,17.17219],[96.78997,17.17175],[96.79024,17.17175],[96.79051,17.17246],[96.79078,17.17246],[96.79078,17.17202],[96.79194,17.17219],[96.79203,17.17157],[96.79123,17.17121],[96.79141,17.17004],[96.78979,17.1704],[96.78979,17.16977],[96.78907,17.16968],[96.78925,17.17049],[96.78835,17.17022],[96.78871,17.16941],[96.78817,17.16941],[96.78817,17.16905],[96.78898,17.16896],[96.78862,17.16824],[96.78898,17.16815],[96.78898,17.1686],[96.78961,17.1686],[96.78988,17.16725],[96.79033,17.16725],[96.79033,17.16636],[96.78961,17.16636],[96.78952,17.16761],[96.78898,17.1677],[96.78898,17.16725],[96.78853,17.16725],[96.78844,17.16779],[96.78817,17.16752],[96.78745,17.1677],[96.78745,17.16797],[96.78817,17.16815],[96.78817,17.16851],[96.78745,17.16806],[96.78655,17.16824],[96.78673,17.16923],[96.78745,17.16941],[96.78745,17.16986],[96.78673,17.16986],[96.78664,17.17031],[96.78781,17.17013],[96.78763,17.17139],[96.78647,17.17148],[96.787,17.17534],[96.78826,17.17561],[96.78871,17.17696],[96.78979,17.17678],[96.78961,17.17534],[96.79006,17.17534],[96.78979,17.17417],[96.78988,17.17336],[96.79051,17.17336],[96.79024,17.17273],[96.79024,17.17219]],[[96.78925,17.17148],[96.78925,17.17103],[96.79078,17.17121],[96.79078,17.17157],[96.79033,17.17148],[96.78925,17.17148]]],[[[96.5989,17.17237],[96.60033,17.17237],[96.60051,17.17291],[96.60078,17.17291],[96.60087,17.17381],[96.60033,17.17408],[96.60024,17.17471],[96.59988,17.17471],[96.60006,17.17408],[96.5998,17.17399],[96.59971,17.17309],[96.59863,17.17237],[96.59908,17.17372],[96.59845,17.1739],[96.59818,17.17363],[96.59845,17.17435],[96.5989,17.17435],[96.59899,17.17534],[96.59863,17.17588],[96.60006,17.17597],[96.60015,17.17534],[96.59962,17.17525],[96.59962,17.17498],[96.60015,17.17498],[96.60078,17.17597],[96.6015,17.17606],[96.60141,17.17687],[96.60213,17.17705],[96.60204,17.17651],[96.60249,17.17642],[96.60249,17.1757],[96.60285,17.17543],[96.60474,17.17543],[96.60447,17.1748],[96.60384,17.17471],[96.60384,17.17435],[96.60348,17.17435],[96.60348,17.1748],[96.60222,17.17462],[96.60249,17.17399],[96.60213,17.1739],[96.60186,17.17273],[96.60123,17.17291],[96.60123,17.17166],[96.60069,17.17157],[96.60042,17.17211],[96.5989,17.17211],[96.5989,17.17237]]],[[[96.76562,17.17705],[96.76562,17.17678],[96.76652,17.17669],[96.76652,17.17642],[96.76823,17.17687],[96.76832,17.17633],[96.76886,17.17615],[96.76886,17.17543],[96.76814,17.17543],[96.76814,17.17588],[96.76724,17.17579],[96.76715,17.17543],[96.7658,17.17543],[96.7658,17.1757],[96.76464,17.17606],[96.76464,17.17642],[96.76526,17.17651],[96.76535,17.17705],[96.76562,17.17705]]],[[[96.75197,17.17714],[96.75323,17.17705],[96.75314,17.17624],[96.7535,17.17561],[96.75323,17.17462],[96.75359,17.17462],[96.75359,17.17435],[96.75296,17.17435],[96.75305,17.17372],[96.75422,17.17381],[96.75422,17.17327],[96.75332,17.17237],[96.75269,17.17246],[96.75269,17.17309],[96.75224,17.17318],[96.75224,17.1739],[96.75269,17.1739],[96.75269,17.17489],[96.75224,17.17498],[96.75215,17.17435],[96.75179,17.17435],[96.7517,17.17552],[96.75134,17.17561],[96.75197,17.1766],[96.7517,17.17714],[96.75197,17.17714]]],[[[96.73751,17.17723],[96.73823,17.17714],[96.73832,17.17651],[96.73885,17.17651],[96.73903,17.17615],[96.73858,17.17615],[96.73849,17.1757],[96.73787,17.1757],[96.73787,17.17642],[96.73724,17.17642],[96.73688,17.17723],[96.73751,17.17723]]],[[[96.55883,17.17732],[96.5591,17.17705],[96.55901,17.17651],[96.55937,17.17651],[96.55946,17.17723],[96.55973,17.17723],[96.55964,17.17669],[96.56018,17.17687],[96.56018,17.1766],[96.56099,17.1766],[96.56144,17.17615],[96.56063,17.17489],[96.56153,17.17516],[96.56153,17.17408],[96.56045,17.1739],[96.56036,17.17193],[96.55946,17.17228],[96.55955,17.17435],[96.56009,17.17516],[96.56018,17.17615],[96.55991,17.17615],[96.55964,17.17543],[96.55856,17.17579],[96.55784,17.17561],[96.55775,17.17651],[96.55856,17.17633],[96.55856,17.17687],[96.55793,17.17678],[96.55811,17.17732],[96.55883,17.17732]]],[[[96.56647,17.17741],[96.56683,17.17597],[96.56799,17.17588],[96.56799,17.17552],[96.56773,17.1748],[96.56701,17.17444],[96.5671,17.17246],[96.56656,17.17157],[96.56665,17.17094],[96.56638,17.17094],[96.56629,17.17031],[96.56521,17.1704],[96.56521,17.16842],[96.56494,17.16842],[96.56494,17.16869],[96.56449,17.16878],[96.56449,17.16941],[96.56171,17.16977],[96.56225,17.1704],[96.56135,17.17013],[96.56135,17.17049],[96.56099,17.17049],[96.56081,17.17202],[96.5618,17.17273],[96.56198,17.17219],[96.56162,17.17157],[96.5626,17.17121],[96.56252,17.17184],[96.56296,17.17184],[96.56305,17.17076],[96.56252,17.17067],[96.56252,17.1704],[96.56404,17.1704],[96.56422,17.17085],[96.56476,17.17067],[96.56485,17.17103],[96.56602,17.17103],[96.56602,17.17139],[96.5653,17.17148],[96.5653,17.17184],[96.56467,17.17157],[96.5644,17.17103],[96.56368,17.17121],[96.56395,17.17184],[96.56323,17.17184],[96.56359,17.17246],[96.56422,17.17211],[96.56422,17.17255],[96.5653,17.17291],[96.5653,17.17363],[96.56647,17.17345],[96.56629,17.17507],[96.56494,17.17525],[96.56377,17.17489],[96.56377,17.17534],[96.56413,17.17534],[96.56386,17.17651],[96.56611,17.17633],[96.56566,17.17678],[96.56566,17.17741],[96.56647,17.17741]]],[[[96.61956,17.17714],[96.61947,17.17633],[96.61983,17.17633],[96.61983,17.17588],[96.61749,17.17615],[96.61839,17.17741],[96.61866,17.17741],[96.61875,17.17696],[96.61911,17.17714],[96.61956,17.17714]]],[[[96.77128,17.17705],[96.77101,17.17678],[96.77209,17.17732],[96.77209,17.17606],[96.77047,17.17606],[96.77003,17.17687],[96.76895,17.17687],[96.76904,17.17723],[96.77092,17.17714],[96.77128,17.17741],[96.77128,17.17705]]],[[[96.74317,17.1775],[96.74344,17.17741],[96.74335,17.17606],[96.74299,17.17597],[96.74326,17.17507],[96.74245,17.17525],[96.74272,17.1757],[96.74254,17.17696],[96.7429,17.1775],[96.74317,17.1775]]],[[[96.76005,17.1775],[96.76023,17.17579],[96.75961,17.17579],[96.75979,17.1766],[96.75907,17.1766],[96.75907,17.17705],[96.75979,17.17723],[96.75979,17.1775],[96.76005,17.1775]]],[[[96.85581,17.1775],[96.85608,17.1766],[96.85492,17.17678],[96.85438,17.17651],[96.85465,17.17723],[96.85528,17.17714],[96.85528,17.1775],[96.85581,17.1775]]],[[[96.76176,17.17776],[96.76185,17.17696],[96.76059,17.17678],[96.76068,17.17732],[96.76122,17.1775],[96.76122,17.17776],[96.76176,17.17776]]],[[[96.69502,17.17785],[96.69529,17.17741],[96.69645,17.17732],[96.69645,17.17767],[96.69681,17.17767],[96.69681,17.17723],[96.69726,17.17723],[96.69726,17.17696],[96.69663,17.17669],[96.69663,17.17633],[96.69529,17.17633],[96.69475,17.17785],[96.69502,17.17785]]],[[[96.60788,17.17794],[96.60788,17.17669],[96.60662,17.17651],[96.60644,17.17776],[96.60698,17.17758],[96.60761,17.17794],[96.60788,17.17794]]],[[[96.76616,17.17803],[96.76724,17.17767],[96.76832,17.17785],[96.76832,17.17758],[96.76778,17.1775],[96.76778,17.17705],[96.76643,17.17678],[96.7658,17.17705],[96.76589,17.17803],[96.76616,17.17803]]],[[[96.78718,17.17767],[96.78709,17.17714],[96.78638,17.17696],[96.7862,17.17723],[96.7862,17.17776],[96.78682,17.1775],[96.78691,17.17812],[96.78736,17.17812],[96.78727,17.17767],[96.78718,17.17767]]],[[[96.84701,17.17723],[96.84755,17.17624],[96.84719,17.17588],[96.84665,17.17597],[96.84683,17.17812],[96.8471,17.17812],[96.8471,17.17723],[96.84701,17.17723]]],[[[96.74451,17.17821],[96.74496,17.17803],[96.74496,17.1775],[96.74595,17.17758],[96.74622,17.17714],[96.7446,17.17705],[96.74424,17.17821],[96.74451,17.17821]]],[[[96.82204,17.1783],[96.82285,17.17821],[96.82285,17.17794],[96.82258,17.1775],[96.82204,17.17741],[96.82222,17.17651],[96.82186,17.17624],[96.82213,17.17552],[96.82195,17.17462],[96.8215,17.17462],[96.82168,17.17579],[96.82087,17.1757],[96.82087,17.17516],[96.82006,17.17525],[96.81952,17.17471],[96.81809,17.17489],[96.81791,17.17426],[96.81692,17.17408],[96.81692,17.17372],[96.81593,17.17372],[96.81422,17.17264],[96.81413,17.17228],[96.81377,17.17228],[96.81377,17.17282],[96.8135,17.17282],[96.81314,17.17184],[96.81359,17.17112],[96.81539,17.1713],[96.81503,17.17076],[96.8144,17.17067],[96.81476,17.16896],[96.81431,17.16869],[96.81431,17.1677],[96.81314,17.1677],[96.81314,17.16734],[96.81243,17.16761],[96.81045,17.16752],[96.81045,17.16788],[96.81126,17.16833],[96.81117,17.16914],[96.81153,17.16941],[96.8118,17.16932],[96.81162,17.16869],[96.81198,17.16824],[96.81297,17.1686],[96.81234,17.17049],[96.81153,17.17013],[96.81144,17.17058],[96.81288,17.17139],[96.81279,17.17408],[96.81314,17.17471],[96.8127,17.17525],[96.81288,17.1757],[96.81323,17.1757],[96.81314,17.17723],[96.8135,17.1775],[96.81404,17.17723],[96.81386,17.17794],[96.81611,17.17776],[96.81638,17.1775],[96.81907,17.17767],[96.81952,17.17741],[96.82042,17.1775],[96.82078,17.17714],[96.82096,17.1775],[96.82204,17.17776],[96.82168,17.1783],[96.82204,17.1783]]],[[[96.59926,17.17839],[96.59944,17.17732],[96.59899,17.17633],[96.59827,17.17597],[96.59827,17.17561],[96.59764,17.1757],[96.59764,17.17624],[96.59593,17.17624],[96.59593,17.1766],[96.59512,17.17615],[96.59441,17.17687],[96.59441,17.17714],[96.59494,17.17732],[96.59611,17.17732],[96.5962,17.17785],[96.59674,17.17794],[96.59692,17.17678],[96.598,17.17678],[96.59863,17.17642],[96.59881,17.17714],[96.59845,17.17714],[96.59845,17.17758],[96.59899,17.17839],[96.59926,17.17839]]],[[[96.89184,17.17848],[96.89184,17.17803],[96.89139,17.17794],[96.89148,17.17723],[96.89256,17.17741],[96.89256,17.17705],[96.89211,17.17705],[96.89193,17.17615],[96.89085,17.17606],[96.89004,17.1766],[96.8895,17.1766],[96.88932,17.17696],[96.88869,17.17678],[96.88914,17.17839],[96.89004,17.17848],[96.89058,17.17812],[96.8913,17.17821],[96.8913,17.17848],[96.89184,17.17848]]],[[[96.73796,17.17875],[96.73814,17.17794],[96.73715,17.17812],[96.73715,17.17857],[96.73751,17.17875],[96.73796,17.17875]]],[[[96.75233,17.17893],[96.75296,17.17839],[96.75341,17.17839],[96.75341,17.17812],[96.75251,17.17803],[96.75251,17.17848],[96.75161,17.17812],[96.7517,17.17893],[96.75233,17.17893]]],[[[96.7588,17.17893],[96.75907,17.17857],[96.76005,17.17857],[96.76005,17.17794],[96.75835,17.17821],[96.75826,17.17785],[96.75871,17.17776],[96.7588,17.17741],[96.75799,17.17714],[96.75763,17.17785],[96.75709,17.17785],[96.75673,17.17884],[96.75817,17.17893],[96.75817,17.17848],[96.75844,17.17848],[96.75844,17.17893],[96.7588,17.17893]]],[[[96.55335,17.17902],[96.55371,17.17857],[96.55425,17.17848],[96.55425,17.17803],[96.55326,17.17794],[96.55326,17.1783],[96.55263,17.17848],[96.55263,17.17902],[96.55335,17.17902]]],[[[96.70975,17.17911],[96.71038,17.17884],[96.7102,17.17812],[96.71047,17.17741],[96.70957,17.1775],[96.70957,17.17785],[96.70885,17.17767],[96.70894,17.17893],[96.70948,17.17884],[96.70948,17.17911],[96.70975,17.17911]]],[[[96.85842,17.17911],[96.85842,17.1783],[96.85779,17.17839],[96.8577,17.17785],[96.85617,17.17812],[96.85617,17.17884],[96.85698,17.17902],[96.85698,17.17875],[96.85734,17.17875],[96.85734,17.17911],[96.85806,17.17911],[96.85842,17.17911]]],[[[96.88097,17.1792],[96.88088,17.17839],[96.88187,17.17884],[96.88196,17.1783],[96.88357,17.17812],[96.88357,17.17785],[96.88465,17.1775],[96.88456,17.17714],[96.88348,17.17723],[96.88393,17.17669],[96.88366,17.17588],[96.88294,17.17597],[96.88115,17.1775],[96.88088,17.17714],[96.88034,17.17723],[96.88043,17.17911],[96.8807,17.1792],[96.88097,17.1792]]],[[[96.59171,17.17929],[96.59171,17.17902],[96.59288,17.17866],[96.59243,17.17803],[96.5927,17.17741],[96.59216,17.17732],[96.59216,17.17758],[96.59162,17.17767],[96.59162,17.17705],[96.59018,17.17687],[96.59063,17.17857],[96.59117,17.17866],[96.59135,17.17803],[96.59198,17.17839],[96.59198,17.17875],[96.59117,17.17884],[96.59144,17.17929],[96.59171,17.17929]]],[[[96.69466,17.17929],[96.69475,17.17839],[96.69394,17.17839],[96.69358,17.17803],[96.6934,17.17893],[96.69385,17.17929],[96.69466,17.17929]]],[[[96.71442,17.17929],[96.71451,17.17875],[96.71505,17.17866],[96.71487,17.17705],[96.71415,17.17696],[96.71379,17.17732],[96.71388,17.17597],[96.71307,17.17579],[96.71316,17.17534],[96.71352,17.17534],[96.71352,17.1748],[96.7128,17.17471],[96.7128,17.17426],[96.71235,17.17408],[96.71208,17.17408],[96.71208,17.17462],[96.71155,17.17453],[96.71226,17.17345],[96.71164,17.17318],[96.7111,17.17193],[96.71065,17.17184],[96.71056,17.17273],[96.71092,17.17282],[96.71074,17.17336],[96.71119,17.17336],[96.71083,17.1739],[96.71128,17.17417],[96.71128,17.17489],[96.71074,17.17498],[96.71083,17.17588],[96.7093,17.17588],[96.70921,17.17624],[96.71011,17.17615],[96.71029,17.17651],[96.71083,17.17642],[96.71092,17.17606],[96.71155,17.17633],[96.71208,17.17606],[96.71289,17.17624],[96.71298,17.1775],[96.71244,17.17758],[96.71217,17.17732],[96.7119,17.17776],[96.71208,17.17803],[96.71289,17.17794],[96.71325,17.17857],[96.71388,17.17857],[96.71388,17.17803],[96.71415,17.17803],[96.71415,17.17929],[96.71442,17.17929]]],[[[96.86076,17.17929],[96.86112,17.1792],[96.86103,17.17821],[96.86022,17.17848],[96.85995,17.17893],[96.85995,17.1792],[96.86049,17.17929],[96.86076,17.17929]]],[[[96.77371,17.17938],[96.77371,17.17839],[96.77335,17.17839],[96.77326,17.17938],[96.77371,17.17938]]],[[[96.52847,17.17956],[96.52856,17.17884],[96.52829,17.17884],[96.52829,17.17848],[96.5291,17.17866],[96.5291,17.1783],[96.52874,17.17821],[96.52901,17.17723],[96.53009,17.1775],[96.53,17.17714],[96.52955,17.17714],[96.52982,17.17687],[96.52955,17.17615],[96.53045,17.17606],[96.53036,17.17552],[96.53071,17.17552],[96.53036,17.17498],[96.53009,17.17498],[96.53,17.17543],[96.52964,17.17534],[96.52937,17.17453],[96.52892,17.17453],[96.52892,17.17354],[96.52946,17.17363],[96.52946,17.17399],[96.53,17.17435],[96.53027,17.17408],[96.53134,17.17417],[96.53089,17.17471],[96.53107,17.17579],[96.53062,17.17669],[96.53134,17.17651],[96.53143,17.17705],[96.53107,17.17705],[96.53089,17.17776],[96.53188,17.17758],[96.5317,17.1766],[96.53197,17.17606],[96.53278,17.17642],[96.53278,17.17597],[96.53449,17.17588],[96.53422,17.17543],[96.53278,17.17552],[96.53278,17.17471],[96.53224,17.17417],[96.53242,17.17309],[96.53179,17.17237],[96.53116,17.17273],[96.53116,17.17246],[96.53045,17.17246],[96.53045,17.17193],[96.53,17.17193],[96.53036,17.17327],[96.52991,17.17345],[96.52847,17.17318],[96.5282,17.17426],[96.52766,17.17453],[96.52613,17.17444],[96.52613,17.17399],[96.52703,17.17372],[96.52703,17.17345],[96.52631,17.17327],[96.52577,17.17372],[96.52595,17.17525],[96.52541,17.17525],[96.5255,17.17435],[96.52461,17.17453],[96.52434,17.17633],[96.52479,17.17606],[96.52694,17.17606],[96.52766,17.1766],[96.52739,17.1775],[96.52802,17.17758],[96.52802,17.17875],[96.52766,17.17902],[96.52793,17.17956],[96.52847,17.17956]]],[[[96.53116,17.17956],[96.5317,17.1792],[96.5317,17.17893],[96.53107,17.17875],[96.53143,17.17803],[96.53,17.17803],[96.53,17.1783],[96.53053,17.1783],[96.53089,17.17956],[96.53116,17.17956]]],[[[96.81611,17.17956],[96.81611,17.17911],[96.81782,17.17866],[96.81782,17.1783],[96.8162,17.1783],[96.81539,17.1792],[96.81584,17.17956],[96.81611,17.17956]]],[[[96.77146,17.17965],[96.77182,17.17938],[96.77173,17.17884],[96.77101,17.17884],[96.7711,17.17965],[96.77146,17.17965]]],[[[96.52416,17.17974],[96.52416,17.1792],[96.52443,17.17911],[96.52595,17.1792],[96.52595,17.17785],[96.5264,17.17785],[96.52604,17.17705],[96.52479,17.17732],[96.52398,17.17678],[96.52344,17.17821],[96.52362,17.17965],[96.52389,17.17974],[96.52416,17.17974]]],[[[96.74649,17.1792],[96.74631,17.17812],[96.74577,17.17812],[96.74577,17.17848],[96.74478,17.1783],[96.74505,17.17866],[96.74496,17.17938],[96.7455,17.17938],[96.74559,17.17875],[96.74595,17.17875],[96.74613,17.17974],[96.74658,17.17974],[96.74658,17.1792],[96.74649,17.1792]]],[[[96.53835,17.17983],[96.53916,17.17965],[96.53943,17.1792],[96.53853,17.17938],[96.53817,17.17911],[96.53781,17.17983],[96.53835,17.17983]]],[[[96.61534,17.17938],[96.61543,17.17893],[96.61632,17.17893],[96.61623,17.17857],[96.61561,17.17866],[96.61561,17.1783],[96.61605,17.17821],[96.61605,17.17776],[96.61659,17.17767],[96.61659,17.17723],[96.61587,17.17714],[96.61579,17.17669],[96.61543,17.17669],[96.61498,17.17821],[96.61516,17.17983],[96.61543,17.17983],[96.61543,17.17938],[96.61534,17.17938]]],[[[96.84216,17.17983],[96.84243,17.17911],[96.84378,17.1792],[96.84378,17.17866],[96.84306,17.17839],[96.84306,17.17794],[96.84261,17.1775],[96.84144,17.17705],[96.84135,17.17803],[96.84099,17.17803],[96.84099,17.17839],[96.8418,17.17983],[96.84216,17.17983]]],[[[96.74892,17.17992],[96.74901,17.17732],[96.74829,17.17732],[96.74829,17.17785],[96.74856,17.17785],[96.74856,17.17812],[96.7482,17.17812],[96.74829,17.17902],[96.74739,17.17911],[96.74721,17.17983],[96.74847,17.17938],[96.74847,17.17992],[96.74892,17.17992]]],[[[96.81099,17.17983],[96.81153,17.17974],[96.81135,17.17911],[96.8118,17.17929],[96.81162,17.18001],[96.81252,17.17983],[96.81252,17.17956],[96.81377,17.17965],[96.81377,17.17929],[96.8144,17.1792],[96.81512,17.1783],[96.81377,17.17884],[96.81306,17.17884],[96.81306,17.17839],[96.81243,17.17848],[96.81225,17.17794],[96.8118,17.17794],[96.81207,17.1775],[96.81198,17.17651],[96.81162,17.17588],[96.81108,17.17588],[96.81108,17.17633],[96.81153,17.17669],[96.81072,17.17678],[96.81072,17.17758],[96.81036,17.17812],[96.81036,17.17857],[96.81099,17.17911],[96.81099,17.17983]]],[[[96.89202,17.18001],[96.89327,17.1783],[96.89381,17.1783],[96.89507,17.17651],[96.89642,17.17552],[96.89642,17.17462],[96.89678,17.17426],[96.89705,17.17426],[96.89687,17.1748],[96.89822,17.17426],[96.89956,17.17309],[96.90046,17.17291],[96.9019,17.17193],[96.90316,17.17058],[96.90378,17.17049],[96.90387,17.17022],[96.90307,17.16968],[96.90307,17.17022],[96.9019,17.17031],[96.9019,17.17094],[96.90082,17.17112],[96.90064,17.17175],[96.89983,17.17157],[96.89983,17.1713],[96.90028,17.1713],[96.90019,17.17058],[96.90064,17.17058],[96.90064,17.17031],[96.90019,17.17031],[96.90055,17.16968],[96.90109,17.16968],[96.90109,17.16941],[96.90163,17.16968],[96.90154,17.16905],[96.90262,17.16914],[96.90271,17.16833],[96.90343,17.16842],[96.90343,17.16797],[96.90396,17.16824],[96.90414,17.16743],[96.90495,17.16743],[96.90495,17.16681],[96.90576,17.16681],[96.9054,17.16645],[96.9054,17.16573],[96.90576,17.16573],[96.90576,17.16528],[96.90486,17.16537],[96.90486,17.16618],[96.90459,17.16618],[96.90441,17.16546],[96.90396,17.16564],[96.90387,17.16636],[96.90414,17.16636],[96.90414,17.16672],[96.90387,17.16725],[96.90343,17.16681],[96.90271,17.16672],[96.90262,17.16591],[96.90217,17.16591],[96.90217,17.16636],[96.9019,17.16636],[96.90208,17.16528],[96.90118,17.16537],[96.90073,17.16761],[96.90037,17.16761],[96.90046,17.16672],[96.89983,17.16627],[96.89992,17.16698],[96.89947,17.16716],[96.89983,17.1677],[96.8992,17.16752],[96.89938,17.16824],[96.89848,17.16905],[96.8984,17.17022],[96.89741,17.1704],[96.89741,17.17085],[96.89687,17.17085],[96.89678,17.17112],[96.89624,17.17094],[96.89579,17.1713],[96.89498,17.1713],[96.89471,17.17184],[96.89354,17.17193],[96.89318,17.17246],[96.89283,17.17246],[96.89265,17.173],[96.89354,17.17318],[96.89426,17.17534],[96.89372,17.17516],[96.89372,17.17696],[96.89345,17.17732],[96.89301,17.17732],[96.89327,17.17785],[96.89283,17.17785],[96.89283,17.17839],[96.89247,17.17848],[96.89229,17.17902],[96.89157,17.17929],[96.89157,17.18001],[96.89193,17.18001],[96.89202,17.18001]],[[96.89426,17.17255],[96.89417,17.17327],[96.89381,17.17327],[96.89381,17.17255],[96.89426,17.17255],[96.89426,17.17219],[96.89579,17.17219],[96.89579,17.17166],[96.8966,17.17202],[96.89678,17.17255],[96.89768,17.17211],[96.89804,17.17264],[96.8984,17.17264],[96.89857,17.17157],[96.89902,17.17166],[96.89911,17.17228],[96.89947,17.17228],[96.89956,17.17175],[96.89983,17.17175],[96.89983,17.17228],[96.89947,17.17264],[96.89822,17.17309],[96.89777,17.17309],[96.89768,17.17273],[96.89669,17.17309],[96.89651,17.17264],[96.89606,17.17264],[96.89552,17.17273],[96.89579,17.17345],[96.89543,17.17345],[96.89525,17.17282],[96.89462,17.173],[96.89462,17.17255],[96.89426,17.17255]]],[[[96.73311,17.1801],[96.73436,17.18001],[96.73418,17.17812],[96.73346,17.17785],[96.73346,17.17723],[96.73319,17.17723],[96.73311,17.17785],[96.73266,17.17812],[96.73311,17.17929],[96.73284,17.17956],[96.73203,17.17947],[96.73248,17.1801],[96.73311,17.1801]]],[[[96.76428,17.18019],[96.76428,17.17893],[96.7632,17.17875],[96.76275,17.17848],[96.76275,17.17803],[96.76203,17.17803],[96.76203,17.17857],[96.76248,17.17866],[96.76257,17.17974],[96.76356,17.17983],[96.76392,17.18019],[96.76428,17.18019]]],[[[96.52883,17.18028],[96.52892,17.18001],[96.52964,17.17992],[96.52946,17.17938],[96.53009,17.17938],[96.53018,17.17893],[96.5291,17.17893],[96.52856,17.18028],[96.52883,17.18028]]],[[[96.61956,17.17714],[96.61956,17.17741],[96.62046,17.1775],[96.62046,17.17911],[96.61947,17.17911],[96.61956,17.18001],[96.61929,17.18028],[96.61983,17.18028],[96.62001,17.17983],[96.62109,17.17992],[96.62109,17.17902],[96.62162,17.17902],[96.6218,17.17866],[96.62153,17.17785],[96.6218,17.17705],[96.62126,17.17705],[96.62126,17.17767],[96.62091,17.17767],[96.62091,17.17723],[96.62037,17.17714],[96.62037,17.17669],[96.62001,17.17678],[96.62001,17.17714],[96.61956,17.17714]]],[[[96.73104,17.1783],[96.73068,17.1783],[96.73068,17.17857],[96.73104,17.17857],[96.7314,17.18019],[96.73176,17.18037],[96.73158,17.17875],[96.73104,17.17848],[96.73104,17.1783]]],[[[96.81099,17.17983],[96.81072,17.17983],[96.81045,17.1792],[96.81018,17.1792],[96.81018,17.18001],[96.80973,17.17992],[96.80982,17.1792],[96.80874,17.17947],[96.80874,17.17974],[96.80829,17.17974],[96.80829,17.17938],[96.80784,17.17965],[96.80802,17.1801],[96.80892,17.18019],[96.8091,17.18055],[96.80946,17.18028],[96.81036,17.18055],[96.81099,17.18037],[96.81099,17.17983]]],[[[96.61264,17.18073],[96.61327,17.18046],[96.613,17.17785],[96.61354,17.17785],[96.61354,17.17758],[96.61318,17.17758],[96.61273,17.17669],[96.61228,17.17651],[96.61228,17.17606],[96.61147,17.17561],[96.61102,17.17561],[96.61102,17.17606],[96.60932,17.17597],[96.60932,17.17624],[96.60986,17.17633],[96.60986,17.17678],[96.61031,17.17678],[96.61031,17.17714],[96.60977,17.17723],[96.6095,17.1766],[96.60896,17.1766],[96.60905,17.17785],[96.6086,17.17785],[96.6086,17.17812],[96.60932,17.17794],[96.60932,17.17821],[96.60968,17.17821],[96.60977,17.17776],[96.61093,17.17767],[96.61093,17.17803],[96.6104,17.1783],[96.6104,17.17893],[96.60968,17.17893],[96.60968,17.17974],[96.61013,17.17929],[96.61174,17.17929],[96.61156,17.18055],[96.61201,17.18073],[96.61264,17.18073]],[[96.61093,17.17866],[96.61102,17.17803],[96.61138,17.17803],[96.61138,17.17776],[96.61201,17.17785],[96.61174,17.17884],[96.61138,17.17866],[96.61093,17.17866]]],[[[96.6952,17.18082],[96.6952,17.17965],[96.69475,17.17965],[96.69484,17.18082],[96.6952,17.18082]]],[[[96.7296,17.18082],[96.73014,17.18064],[96.72978,17.17857],[96.72834,17.17812],[96.72834,17.17911],[96.72861,17.17911],[96.72861,17.17857],[96.72915,17.17866],[96.72924,17.17965],[96.72951,17.17965],[96.72951,17.17992],[96.72897,17.17992],[96.72915,17.18082],[96.7296,17.18082]]],[[[96.74326,17.18091],[96.74362,17.17965],[96.74415,17.17992],[96.74388,17.17911],[96.74299,17.17929],[96.74299,17.18091],[96.74326,17.18091]]],[[[96.78332,17.18091],[96.78341,17.18019],[96.78404,17.18028],[96.78431,17.17974],[96.78413,17.17902],[96.78323,17.17884],[96.78323,17.17857],[96.78386,17.17857],[96.78386,17.17794],[96.78215,17.17776],[96.78224,17.17678],[96.78188,17.17678],[96.78188,17.17732],[96.78134,17.17705],[96.78099,17.17723],[96.78099,17.17767],[96.78188,17.17785],[96.78224,17.17947],[96.78224,17.17974],[96.78188,17.17974],[96.78188,17.18037],[96.78242,17.18037],[96.78269,17.18091],[96.78332,17.18091]]],[[[96.56737,17.181],[96.56773,17.18046],[96.56656,17.18055],[96.56674,17.181],[96.56737,17.181]]],[[[96.74541,17.181],[96.74541,17.18064],[96.74595,17.18064],[96.74595,17.18028],[96.74505,17.18028],[96.74505,17.17956],[96.74478,17.17956],[96.74478,17.18073],[96.74514,17.181],[96.74541,17.181]]],[[[96.75925,17.181],[96.75916,17.1801],[96.75862,17.1801],[96.75889,17.18073],[96.75844,17.18073],[96.75844,17.181],[96.75925,17.181]]],[[[96.77569,17.17992],[96.77622,17.18028],[96.77613,17.181],[96.7764,17.181],[96.77649,17.1792],[96.77739,17.17911],[96.77739,17.17956],[96.7782,17.17983],[96.7782,17.18046],[96.78045,17.18037],[96.78072,17.18064],[96.7809,17.17974],[96.78161,17.17974],[96.78161,17.17875],[96.78027,17.17875],[96.78009,17.17732],[96.78036,17.17696],[96.77973,17.17678],[96.77955,17.17732],[96.77919,17.17732],[96.77937,17.17624],[96.77874,17.17624],[96.77856,17.17678],[96.77766,17.17678],[96.77739,17.17741],[96.77604,17.17732],[96.77595,17.17642],[96.77685,17.17633],[96.77676,17.17579],[96.77497,17.1757],[96.77506,17.17642],[96.77452,17.17633],[96.77389,17.17767],[96.77479,17.17767],[96.77479,17.17732],[96.77515,17.17723],[96.77551,17.17741],[96.77551,17.17803],[96.77748,17.17776],[96.77748,17.17812],[96.77694,17.17821],[96.77694,17.17884],[96.77613,17.17893],[96.77613,17.17839],[96.7756,17.17848],[96.77569,17.17884],[96.77569,17.17992]],[[96.77748,17.17902],[96.77766,17.1783],[96.77838,17.17839],[96.7782,17.17902],[96.77784,17.17902],[96.77748,17.17902]]],[[[96.81288,17.181],[96.81368,17.18082],[96.81386,17.18028],[96.81323,17.18064],[96.81207,17.18046],[96.81207,17.181],[96.81261,17.181],[96.81288,17.181]]],[[[96.76769,17.18109],[96.76769,17.18037],[96.76814,17.18037],[96.76823,17.18001],[96.7676,17.17992],[96.76733,17.18019],[96.76742,17.18109],[96.76769,17.18109]]],[[[96.74901,17.18118],[96.75017,17.18046],[96.75017,17.18019],[96.74847,17.18028],[96.74856,17.18118],[96.74901,17.18118]]],[[[96.56234,17.17812],[96.5626,17.17812],[96.56252,17.17902],[96.56287,17.17938],[96.56162,17.17938],[96.56162,17.17875],[96.56225,17.17875],[96.56234,17.17812],[96.56153,17.17812],[96.5609,17.17848],[96.56108,17.17983],[96.56198,17.18028],[96.56314,17.18028],[96.56323,17.18127],[96.56368,17.18127],[96.56323,17.17947],[96.56359,17.17947],[96.56359,17.17992],[96.56548,17.17974],[96.56539,17.18109],[96.56629,17.181],[96.56629,17.18046],[96.56665,17.18046],[96.56656,17.17938],[96.56683,17.17875],[96.56638,17.17875],[96.56638,17.17794],[96.56539,17.17821],[96.56521,17.17911],[96.56395,17.17947],[96.56431,17.17866],[96.56287,17.1783],[96.56287,17.17803],[96.56332,17.17803],[96.56332,17.1783],[96.56413,17.17839],[96.56386,17.17776],[96.56359,17.1775],[96.56225,17.17741],[96.56234,17.17776],[96.56234,17.17812]]],[[[96.719,17.18127],[96.71936,17.18109],[96.71936,17.18064],[96.71873,17.18019],[96.71828,17.18037],[96.71846,17.18127],[96.719,17.18127]]],[[[96.82608,17.18127],[96.82617,17.18046],[96.82779,17.18046],[96.82734,17.1792],[96.82761,17.17848],[96.82617,17.17857],[96.8259,17.17821],[96.82527,17.17821],[96.82527,17.17857],[96.825,17.17857],[96.825,17.17812],[96.82464,17.17812],[96.82446,17.17866],[96.8241,17.17839],[96.82321,17.17857],[96.82357,17.17965],[96.82455,17.17956],[96.82357,17.17911],[96.82357,17.17884],[96.825,17.1792],[96.82491,17.17974],[96.82554,17.18028],[96.8259,17.18127],[96.82608,17.18127]]],[[[96.74649,17.18136],[96.74649,17.18082],[96.74721,17.18073],[96.74721,17.18019],[96.74613,17.18046],[96.74613,17.18136],[96.74649,17.18136]]],[[[96.77371,17.18136],[96.77443,17.18082],[96.77443,17.18037],[96.77335,17.18046],[96.77344,17.18136],[96.77371,17.18136]]],[[[96.89058,17.18136],[96.8913,17.18073],[96.8913,17.18019],[96.89013,17.18064],[96.89013,17.18109],[96.89049,17.18136],[96.89058,17.18136]]],[[[96.78772,17.18118],[96.78754,17.17965],[96.78871,17.17965],[96.78862,17.17839],[96.78817,17.17839],[96.78808,17.1792],[96.78763,17.1792],[96.78754,17.17866],[96.78718,17.17866],[96.787,17.17929],[96.78647,17.17902],[96.78611,17.17929],[96.78611,17.17992],[96.78664,17.17956],[96.78718,17.17965],[96.78691,17.18145],[96.78826,17.18154],[96.78799,17.18118],[96.78772,17.18118]]],[[[96.83641,17.18163],[96.83659,17.18046],[96.83641,17.1801],[96.83596,17.1801],[96.83605,17.17938],[96.83695,17.17956],[96.83722,17.17884],[96.83803,17.17875],[96.8383,17.17785],[96.83749,17.17839],[96.83605,17.1775],[96.83605,17.17723],[96.83722,17.17678],[96.83749,17.17597],[96.83848,17.17588],[96.83875,17.17489],[96.83947,17.17498],[96.83974,17.17435],[96.83902,17.17444],[96.83884,17.1739],[96.83785,17.17408],[96.83803,17.17444],[96.83866,17.17444],[96.83866,17.1748],[96.83767,17.17525],[96.83677,17.17516],[96.8365,17.17543],[96.83659,17.17669],[96.83596,17.1766],[96.83596,17.17606],[96.83542,17.17597],[96.83497,17.17651],[96.83408,17.17642],[96.83399,17.17687],[96.83318,17.1766],[96.83237,17.17705],[96.83201,17.17579],[96.83228,17.17579],[96.83228,17.17615],[96.83327,17.17624],[96.83426,17.17552],[96.83488,17.17579],[96.83551,17.17561],[96.83542,17.17489],[96.83497,17.17453],[96.83506,17.17381],[96.83551,17.17363],[96.83587,17.17246],[96.83668,17.17228],[96.8365,17.17175],[96.83704,17.17166],[96.83677,17.17103],[96.83713,17.17103],[96.83722,17.17004],[96.8365,17.17031],[96.8365,17.16995],[96.83713,17.16968],[96.83731,17.16878],[96.83758,17.16878],[96.8374,17.16968],[96.83785,17.16986],[96.83785,17.16815],[96.8383,17.16815],[96.8383,17.16725],[96.83884,17.16645],[96.83893,17.16555],[96.83956,17.16492],[96.84,17.16303],[96.84036,17.16303],[96.84036,17.16258],[96.84072,17.16258],[96.84099,17.16204],[96.84171,17.15926],[96.8409,17.15917],[96.84081,17.15818],[96.83965,17.15863],[96.83893,17.1598],[96.83938,17.16079],[96.83982,17.1607],[96.83974,17.16016],[96.84045,17.16052],[96.84027,17.16222],[96.83982,17.16177],[96.83947,17.16213],[96.83821,17.16177],[96.83821,17.16222],[96.83776,17.16231],[96.83785,17.16393],[96.83596,17.16366],[96.83605,17.1642],[96.83686,17.16447],[96.83686,17.16492],[96.83605,17.16483],[96.83614,17.16528],[96.83677,17.16528],[96.83677,17.16564],[96.83632,17.16591],[96.83632,17.16698],[96.83569,17.16698],[96.83605,17.16788],[96.83542,17.16788],[96.83497,17.16887],[96.83533,17.16923],[96.83533,17.17004],[96.83587,17.17031],[96.83587,17.17085],[96.83533,17.17139],[96.83399,17.17103],[96.83452,17.17228],[96.83426,17.17228],[96.83426,17.17354],[96.83354,17.17363],[96.83354,17.17435],[96.83435,17.17408],[96.83426,17.17462],[96.83452,17.17489],[96.83336,17.17516],[96.83363,17.17462],[96.83327,17.17462],[96.83327,17.17417],[96.833,17.17417],[96.83273,17.17534],[96.83246,17.17534],[96.83138,17.1739],[96.83075,17.17372],[96.83075,17.17327],[96.82985,17.17318],[96.82976,17.17246],[96.82922,17.17246],[96.82913,17.17157],[96.83075,17.17175],[96.83075,17.17148],[96.82994,17.17121],[96.82994,17.17076],[96.82922,17.17067],[96.82949,17.16977],[96.82905,17.16977],[96.82887,17.16941],[96.82788,17.16977],[96.82851,17.16788],[96.82887,17.16788],[96.82887,17.16725],[96.82913,17.16725],[96.82922,17.16618],[96.82967,17.16636],[96.82994,17.16725],[96.83048,17.16761],[96.83084,17.1695],[96.8312,17.16959],[96.83093,17.16986],[96.83102,17.17049],[96.83138,17.17049],[96.83174,17.16941],[96.83156,17.16878],[96.83093,17.16851],[96.8312,17.16779],[96.83084,17.16779],[96.83111,17.16716],[96.83066,17.16672],[96.83066,17.16609],[96.82994,17.16618],[96.83012,17.16555],[96.83093,17.16564],[96.83102,17.16519],[96.83003,17.16519],[96.83003,17.16483],[96.82967,17.16474],[96.82994,17.16546],[96.82913,17.16591],[96.82869,17.16528],[96.82931,17.16528],[96.8294,17.16492],[96.82851,17.16474],[96.82851,17.16438],[96.82922,17.16456],[96.82931,17.1642],[96.82985,17.16465],[96.82976,17.16393],[96.82913,17.16384],[96.82878,17.1642],[96.82869,17.16384],[96.82994,17.16357],[96.83012,17.16276],[96.83084,17.16285],[96.83084,17.16231],[96.83138,17.1624],[96.83093,17.16088],[96.82994,17.16079],[96.83039,17.15971],[96.83093,17.15989],[96.83093,17.15962],[96.83147,17.15962],[96.83147,17.15926],[96.83219,17.15917],[96.83219,17.15746],[96.83138,17.15692],[96.83147,17.15791],[96.83192,17.15791],[96.83192,17.15818],[96.83129,17.158],[96.83165,17.15836],[96.83165,17.15899],[96.83102,17.15899],[96.83066,17.15863],[96.83066,17.15917],[96.83021,17.15917],[96.82958,17.15872],[96.82985,17.1598],[96.82931,17.16016],[96.82931,17.16151],[96.82869,17.16142],[96.82833,17.16097],[96.82752,17.16106],[96.82752,17.1607],[96.82707,17.1607],[96.82725,17.16124],[96.82662,17.16124],[96.82725,17.16195],[96.82815,17.16186],[96.82815,17.16222],[96.82761,17.16231],[96.82806,17.16393],[96.82761,17.1642],[96.82752,17.16474],[96.82707,17.16474],[96.82662,17.16429],[96.82644,17.16483],[96.82752,17.16528],[96.82824,17.16474],[96.82797,17.16564],[96.82824,17.16573],[96.82833,17.16645],[96.82734,17.16716],[96.82797,17.16788],[96.82797,17.16833],[96.82707,17.16833],[96.82707,17.1686],[96.8277,17.1686],[96.82725,17.16914],[96.82725,17.16986],[96.8277,17.16995],[96.82779,17.17103],[96.82743,17.17112],[96.82689,17.17219],[96.82743,17.17327],[96.82626,17.17327],[96.82653,17.1739],[96.82617,17.1739],[96.82608,17.17435],[96.82725,17.17381],[96.82725,17.17453],[96.82779,17.17453],[96.82779,17.1748],[96.82734,17.1748],[96.82671,17.17534],[96.82671,17.17606],[96.82725,17.17606],[96.82734,17.17714],[96.82797,17.17687],[96.8277,17.17597],[96.82869,17.17498],[96.82887,17.1739],[96.82994,17.17399],[96.83012,17.17444],[96.83165,17.17507],[96.83174,17.17552],[96.83039,17.17579],[96.83039,17.17633],[96.83048,17.1766],[96.83102,17.17651],[96.83129,17.17678],[96.83111,17.17785],[96.83165,17.17785],[96.83174,17.17812],[96.83237,17.17794],[96.83237,17.17839],[96.83138,17.17866],[96.83111,17.17902],[96.83048,17.17893],[96.83039,17.17938],[96.83075,17.17938],[96.83075,17.17983],[96.83138,17.17965],[96.83138,17.17902],[96.83255,17.17866],[96.83165,17.17956],[96.83291,17.17956],[96.833,17.18028],[96.83327,17.18028],[96.8339,17.17884],[96.83444,17.17902],[96.83479,17.1783],[96.8356,17.17821],[96.83587,17.17785],[96.83659,17.17803],[96.83659,17.17848],[96.83623,17.17848],[96.83623,17.17821],[96.83551,17.17839],[96.83569,17.17992],[96.83524,17.18091],[96.83596,17.18118],[96.83614,17.18163],[96.83641,17.18163]],[[96.82922,17.16267],[96.8294,17.16186],[96.82985,17.16186],[96.83012,17.16142],[96.83057,17.16151],[96.83048,17.1624],[96.83003,17.16231],[96.82994,17.16276],[96.82958,17.16267],[96.82922,17.16267]]],[[[96.87055,17.18163],[96.87091,17.18064],[96.8701,17.181],[96.87019,17.18163],[96.87046,17.18163],[96.87055,17.18163]]],[[[96.87737,17.18163],[96.87827,17.18136],[96.87881,17.18082],[96.87899,17.18001],[96.87719,17.181],[96.87639,17.18091],[96.87639,17.18055],[96.87612,17.18055],[96.87612,17.18109],[96.8754,17.18127],[96.87693,17.18163],[96.87737,17.18163]]],[[[96.70068,17.18172],[96.70104,17.18154],[96.70095,17.18037],[96.70005,17.18073],[96.70032,17.18172],[96.70068,17.18172]]],[[[96.78907,17.18181],[96.78907,17.18154],[96.7897,17.18154],[96.78988,17.18109],[96.78916,17.181],[96.78862,17.18181],[96.78907,17.18181]]],[[[96.75925,17.1819],[96.75925,17.18127],[96.75844,17.18118],[96.75817,17.18118],[96.75799,17.1819],[96.75925,17.1819]]],[[[96.52928,17.18199],[96.52955,17.18154],[96.52982,17.18181],[96.53053,17.18172],[96.53018,17.18055],[96.52955,17.18055],[96.52928,17.18136],[96.52874,17.18127],[96.52892,17.18199],[96.52928,17.18199]]],[[[96.53673,17.18199],[96.53673,17.18172],[96.53709,17.18172],[96.53691,17.18082],[96.53655,17.18082],[96.53673,17.18145],[96.5361,17.18163],[96.5361,17.18199],[96.53673,17.18199]]],[[[96.88977,17.18199],[96.88995,17.18154],[96.88923,17.18172],[96.88914,17.18118],[96.8886,17.18073],[96.88878,17.18199],[96.88968,17.18199],[96.88977,17.18199]]],[[[96.61731,17.18244],[96.61749,17.18181],[96.61722,17.18109],[96.61776,17.18109],[96.61776,17.18082],[96.6174,17.18001],[96.61677,17.1801],[96.6165,17.17929],[96.61605,17.17929],[96.61579,17.17938],[96.6157,17.18001],[96.61525,17.18019],[96.61525,17.18064],[96.61471,17.18064],[96.61462,17.18154],[96.6148,17.18181],[96.61552,17.18181],[96.61579,17.18172],[96.61579,17.18127],[96.61641,17.18127],[96.6165,17.1819],[96.61695,17.1819],[96.61695,17.18244],[96.61731,17.18244]]],[[[96.59117,17.18253],[96.59117,17.18226],[96.59207,17.18235],[96.59216,17.18172],[96.59054,17.18172],[96.59081,17.18253],[96.59117,17.18253]]],[[[96.54464,17.17911],[96.54491,17.17884],[96.54437,17.17938],[96.54446,17.18037],[96.54419,17.18037],[96.54419,17.18073],[96.54527,17.18028],[96.54527,17.17947],[96.54599,17.17947],[96.5459,17.17911],[96.54545,17.17911],[96.54563,17.17839],[96.54491,17.17839],[96.54491,17.17812],[96.54652,17.17767],[96.54661,17.17705],[96.5476,17.17714],[96.54751,17.17776],[96.5467,17.17785],[96.54688,17.17866],[96.54715,17.17866],[96.54715,17.17902],[96.54661,17.17875],[96.54688,17.17947],[96.5459,17.17974],[96.5459,17.18037],[96.54626,17.18037],[96.54626,17.18064],[96.54563,17.18055],[96.54563,17.18082],[96.54626,17.18109],[96.54626,17.18136],[96.54563,17.18118],[96.54563,17.18154],[96.54626,17.1819],[96.54679,17.18136],[96.54652,17.18253],[96.54697,17.18262],[96.54706,17.18163],[96.54778,17.18154],[96.54814,17.18082],[96.54967,17.18073],[96.54949,17.17992],[96.55021,17.17911],[96.55075,17.1792],[96.55075,17.17974],[96.55138,17.17965],[96.55129,17.17875],[96.55209,17.17866],[96.55209,17.17812],[96.55156,17.17803],[96.55156,17.17848],[96.5512,17.17848],[96.5512,17.17767],[96.55075,17.17767],[96.55093,17.17839],[96.55012,17.17812],[96.55012,17.17776],[96.54958,17.17767],[96.54958,17.17741],[96.55012,17.1775],[96.55003,17.1766],[96.54922,17.17705],[96.54859,17.17507],[96.54769,17.17498],[96.54787,17.17435],[96.54617,17.17354],[96.54626,17.17435],[96.5467,17.17462],[96.54617,17.17525],[96.54545,17.17516],[96.54536,17.17435],[96.54473,17.17417],[96.54311,17.17435],[96.54266,17.17489],[96.54167,17.1748],[96.54185,17.17678],[96.54374,17.1766],[96.54374,17.17776],[96.54401,17.17776],[96.54437,17.17911],[96.54464,17.17911]]],[[[96.80183,17.18262],[96.80183,17.18226],[96.80084,17.18181],[96.80021,17.18199],[96.80021,17.18244],[96.80138,17.18262],[96.80183,17.18262]]],[[[96.61839,17.18271],[96.61839,17.18226],[96.61893,17.18235],[96.61893,17.1819],[96.61938,17.18172],[96.61911,17.18109],[96.61785,17.18109],[96.61785,17.18136],[96.6183,17.18136],[96.6183,17.18217],[96.61785,17.18217],[96.61794,17.18271],[96.61839,17.18271]]],[[[96.76877,17.18253],[96.76877,17.181],[96.7685,17.181],[96.76823,17.18163],[96.76724,17.18145],[96.76733,17.1819],[96.76805,17.18199],[96.76796,17.18253],[96.76859,17.1828],[96.76886,17.18253],[96.76877,17.18253]]],[[[96.84252,17.18297],[96.84252,17.18271],[96.84297,17.18271],[96.84297,17.18181],[96.84252,17.18091],[96.84162,17.18082],[96.84081,17.17974],[96.84,17.17929],[96.84009,17.17785],[96.83982,17.17785],[96.83947,17.17821],[96.83947,17.18136],[96.83974,17.18181],[96.84027,17.18181],[96.84009,17.18118],[96.84081,17.18118],[96.84072,17.18181],[96.84198,17.18145],[96.84243,17.18199],[96.84207,17.18297],[96.84252,17.18297]]],[[[96.59575,17.18315],[96.59611,17.18253],[96.59683,17.18253],[96.59692,17.18208],[96.59503,17.18208],[96.59512,17.18136],[96.59485,17.18127],[96.59315,17.18154],[96.59351,17.18073],[96.59162,17.181],[96.5918,17.18145],[96.59387,17.18199],[96.59396,17.18271],[96.5945,17.1828],[96.5945,17.18315],[96.59575,17.18315]]],[[[96.83003,17.18163],[96.83003,17.18199],[96.83147,17.18226],[96.83147,17.18262],[96.8312,17.18262],[96.83138,17.18315],[96.83264,17.18262],[96.83273,17.18091],[96.83129,17.18145],[96.8312,17.18181],[96.83075,17.18163],[96.83003,17.18163]]],[[[96.84081,17.18288],[96.84144,17.18226],[96.84036,17.18208],[96.84009,17.18297],[96.8409,17.18315],[96.8409,17.18288],[96.84081,17.18288]]],[[[96.58902,17.18342],[96.58911,17.18297],[96.58866,17.18297],[96.58866,17.18271],[96.58919,17.18271],[96.58919,17.18217],[96.58785,17.18208],[96.58785,17.18342],[96.58875,17.18342],[96.58902,17.18342]]],[[[96.74577,17.18342],[96.74649,17.18324],[96.74649,17.18297],[96.74622,17.18262],[96.74577,17.18262],[96.74577,17.18226],[96.74532,17.18226],[96.74532,17.18262],[96.74559,17.18262],[96.7455,17.18342],[96.74577,17.18342]]],[[[96.74344,17.1836],[96.7438,17.18342],[96.74353,17.18288],[96.74406,17.18288],[96.74397,17.18235],[96.74308,17.1828],[96.74317,17.1836],[96.74344,17.1836]]],[[[96.76535,17.18315],[96.7658,17.18208],[96.76473,17.18235],[96.76482,17.18342],[96.76589,17.1836],[96.76562,17.18315],[96.76535,17.18315]]],[[[96.85303,17.1836],[96.85303,17.18324],[96.85348,17.18324],[96.85357,17.18253],[96.85402,17.18235],[96.85393,17.18145],[96.8533,17.18118],[96.85249,17.18145],[96.85204,17.18199],[96.85114,17.18208],[96.85114,17.18244],[96.85168,17.18244],[96.85186,17.18297],[96.85231,17.18271],[96.85285,17.18288],[96.85276,17.1836],[96.85303,17.1836]]],[[[96.75395,17.18378],[96.75448,17.18369],[96.75466,17.18333],[96.75466,17.18226],[96.75583,17.18181],[96.75583,17.18127],[96.75547,17.18127],[96.75547,17.18091],[96.75619,17.18028],[96.75574,17.17965],[96.75619,17.17848],[96.75511,17.17785],[96.75502,17.17741],[96.75556,17.17615],[96.75628,17.17624],[96.75628,17.17579],[96.75565,17.17561],[96.75601,17.17417],[96.75547,17.17435],[96.75547,17.17489],[96.75493,17.17525],[96.75511,17.17453],[96.75538,17.17453],[96.75511,17.17381],[96.7544,17.1739],[96.7544,17.17462],[96.75413,17.17462],[96.75422,17.17543],[96.75475,17.17624],[96.75395,17.17588],[96.75395,17.17642],[96.75359,17.17642],[96.75359,17.17678],[96.75413,17.17714],[96.75395,17.17776],[96.75466,17.17767],[96.75466,17.17794],[96.75395,17.17803],[96.75386,17.17839],[96.75323,17.17866],[96.75323,17.17956],[96.7517,17.17956],[96.75206,17.18001],[96.75359,17.17965],[96.75386,17.1801],[96.75422,17.1801],[96.75413,17.18064],[96.75332,17.1801],[96.75332,17.18118],[96.75296,17.18118],[96.75368,17.18226],[96.75224,17.18208],[96.7517,17.18253],[96.7517,17.18297],[96.75305,17.18324],[96.75305,17.18378],[96.75359,17.18378],[96.75395,17.18378]]],[[[96.70364,17.18333],[96.70364,17.18306],[96.704,17.18306],[96.704,17.18226],[96.7031,17.18208],[96.70292,17.18297],[96.70319,17.18297],[96.70355,17.18387],[96.70382,17.18387],[96.70382,17.18333],[96.70364,17.18333]]],[[[96.77928,17.18387],[96.77955,17.18378],[96.77955,17.18306],[96.77874,17.18315],[96.77874,17.1828],[96.77838,17.1828],[96.77829,17.18378],[96.77892,17.18387],[96.77928,17.18387]]],[[[96.59944,17.18396],[96.59997,17.18387],[96.59997,17.18333],[96.60033,17.18333],[96.60024,17.18288],[96.59935,17.18262],[96.59935,17.18226],[96.59971,17.18226],[96.59953,17.18163],[96.59881,17.18172],[96.59773,17.18244],[96.59773,17.18288],[96.59818,17.18288],[96.59818,17.18315],[96.59773,17.18315],[96.59773,17.18351],[96.59872,17.18324],[96.59917,17.18351],[96.59917,17.18396],[96.59944,17.18396]]],[[[96.6068,17.18396],[96.60734,17.18342],[96.60545,17.18306],[96.60545,17.18351],[96.60644,17.18396],[96.6068,17.18396]]],[[[96.79509,17.18396],[96.79518,17.18288],[96.79464,17.18271],[96.79419,17.1836],[96.79473,17.18369],[96.79473,17.18396],[96.79509,17.18396]]],[[[96.77272,17.18405],[96.77299,17.18396],[96.77299,17.18306],[96.77335,17.18306],[96.77335,17.1828],[96.77236,17.18306],[96.77083,17.18253],[96.77083,17.18297],[96.77047,17.18297],[96.77047,17.18324],[96.77164,17.18342],[96.77173,17.18387],[96.77227,17.18405],[96.77272,17.18405]]],[[[96.74155,17.18414],[96.74209,17.18333],[96.74083,17.1836],[96.74083,17.18396],[96.74128,17.18414],[96.74155,17.18414]]],[[[96.5282,17.18423],[96.52829,17.1836],[96.52874,17.1836],[96.52874,17.18324],[96.52838,17.18315],[96.52856,17.18262],[96.52802,17.18262],[96.52802,17.18351],[96.52712,17.18324],[96.5273,17.18378],[96.52793,17.18423],[96.5282,17.18423]]],[[[96.69529,17.18423],[96.69547,17.18342],[96.69466,17.18315],[96.69466,17.18288],[96.6952,17.18288],[96.69511,17.18235],[96.69556,17.18226],[96.6952,17.1819],[96.69493,17.1819],[96.69493,17.18235],[96.69421,17.18235],[96.69394,17.18387],[96.69466,17.18369],[96.69457,17.18423],[96.69529,17.18423]]],[[[96.8913,17.18423],[96.8931,17.1828],[96.89336,17.18208],[96.89435,17.18154],[96.89462,17.18082],[96.89525,17.18064],[96.89588,17.17929],[96.89507,17.17965],[96.89327,17.18199],[96.89157,17.18324],[96.89157,17.18369],[96.89085,17.18405],[96.8913,17.18432],[96.8913,17.18423]]],[[[96.63124,17.18414],[96.63142,17.18333],[96.63052,17.18324],[96.63052,17.1828],[96.63097,17.1828],[96.63097,17.18253],[96.63052,17.18253],[96.63052,17.18217],[96.62917,17.18208],[96.62899,17.18262],[96.62818,17.18244],[96.62854,17.18351],[96.62899,17.18351],[96.62899,17.18378],[96.63025,17.18414],[96.63034,17.18441],[96.63133,17.18441],[96.63133,17.18414],[96.63124,17.18414]]],[[[96.74532,17.18441],[96.74541,17.18333],[96.74451,17.18351],[96.74487,17.18441],[96.74532,17.18441]]],[[[96.88824,17.1845],[96.88869,17.18324],[96.88824,17.18306],[96.88806,17.18208],[96.88753,17.18172],[96.88779,17.18306],[96.88824,17.18333],[96.88797,17.1845],[96.88824,17.1845]]],[[[96.53027,17.18459],[96.53071,17.1836],[96.53125,17.18378],[96.53116,17.18324],[96.53062,17.18315],[96.53045,17.18271],[96.53018,17.18271],[96.53009,17.18333],[96.52928,17.18324],[96.52937,17.18396],[96.53,17.18459],[96.53027,17.18459]]],[[[96.74272,17.18459],[96.74344,17.18441],[96.74335,17.18378],[96.74218,17.18414],[96.74218,17.18459],[96.74272,17.18459]]],[[[96.84827,17.18459],[96.84827,17.18351],[96.84773,17.18351],[96.84737,17.18387],[96.84746,17.18459],[96.84827,17.18459]]],[[[96.53637,17.18468],[96.53691,17.18459],[96.53646,17.18405],[96.537,17.18405],[96.53655,17.18333],[96.53584,17.18351],[96.53584,17.18414],[96.53619,17.18414],[96.53592,17.18468],[96.53637,17.18468]]],[[[96.54293,17.18477],[96.54356,17.1845],[96.54329,17.18369],[96.54203,17.18387],[96.54203,17.18441],[96.54257,17.18477],[96.54293,17.18477]]],[[[96.59674,17.18432],[96.59656,17.18342],[96.59602,17.18351],[96.59584,17.1845],[96.59683,17.18477],[96.59683,17.18432],[96.59674,17.18432]]],[[[96.73957,17.18477],[96.74002,17.18378],[96.73894,17.1836],[96.73867,17.18423],[96.73921,17.18423],[96.7393,17.18477],[96.73957,17.18477]]],[[[96.74874,17.18477],[96.74883,17.18378],[96.74927,17.18378],[96.74918,17.18324],[96.74945,17.18324],[96.74954,17.18378],[96.75044,17.18324],[96.75044,17.18297],[96.75008,17.18297],[96.75008,17.18253],[96.74927,17.18297],[96.74927,17.18235],[96.74847,17.18235],[96.74847,17.18477],[96.74874,17.18477]]],[[[96.63231,17.18486],[96.63258,17.18477],[96.63258,17.18432],[96.63213,17.18414],[96.6316,17.18441],[96.63186,17.18486],[96.63231,17.18486]]],[[[96.75278,17.18495],[96.75278,17.18414],[96.75188,17.18423],[96.75188,17.18486],[96.75242,17.18495],[96.75278,17.18495]]],[[[96.8135,17.18495],[96.8135,17.18414],[96.81431,17.18414],[96.81413,17.18351],[96.81386,17.18351],[96.81404,17.18288],[96.81368,17.18288],[96.81386,17.18226],[96.81341,17.18226],[96.81359,17.18163],[96.81297,17.18208],[96.81162,17.18181],[96.81117,17.18226],[96.81162,17.18306],[96.81261,17.18244],[96.81306,17.18244],[96.81332,17.18288],[96.81332,17.18315],[96.81243,17.18288],[96.81243,17.18324],[96.81216,17.18324],[96.81243,17.18387],[96.81297,17.18396],[96.81306,17.18495],[96.8135,17.18495]]],[[[96.76832,17.18504],[96.76877,17.18486],[96.7685,17.18351],[96.76778,17.18342],[96.76769,17.18315],[96.76607,17.18315],[96.76598,17.18351],[96.76688,17.18351],[96.76724,17.18504],[96.76832,17.18504]]],[[[96.85114,17.18504],[96.85141,17.18486],[96.85141,17.18414],[96.85096,17.1836],[96.85051,17.1836],[96.85078,17.1845],[96.8506,17.18504],[96.85114,17.18504]]],[[[96.58542,17.18531],[96.58596,17.18414],[96.5865,17.18405],[96.58659,17.18369],[96.58497,17.18396],[96.58515,17.18531],[96.58542,17.18531]]],[[[96.72655,17.18549],[96.72655,17.18495],[96.72727,17.18387],[96.72727,17.1828],[96.727,17.18244],[96.72646,17.18253],[96.72655,17.18315],[96.7261,17.18342],[96.72574,17.18288],[96.72574,17.18208],[96.72511,17.18208],[96.72493,17.18288],[96.72538,17.18387],[96.72637,17.18414],[96.72628,17.1845],[96.72583,17.18459],[96.7261,17.18486],[96.72601,17.18549],[96.72655,17.18549]]],[[[96.59854,17.18567],[96.59863,17.18495],[96.59773,17.18468],[96.59818,17.18396],[96.59719,17.18396],[96.59719,17.18495],[96.59791,17.18567],[96.59854,17.18567]]],[[[96.58345,17.18585],[96.58336,17.18477],[96.58273,17.18441],[96.58246,17.1836],[96.58129,17.18369],[96.58111,17.18477],[96.58282,17.18504],[96.58291,17.18585],[96.58345,17.18585]]],[[[96.79491,17.18585],[96.79491,17.18531],[96.79455,17.18522],[96.79473,17.18468],[96.7941,17.18504],[96.79428,17.18585],[96.79491,17.18585]]],[[[96.79958,17.18585],[96.79994,17.18567],[96.80003,17.18504],[96.80066,17.18513],[96.80066,17.18468],[96.80012,17.1845],[96.8003,17.18396],[96.80057,17.18396],[96.80075,17.1845],[96.80129,17.1845],[96.80129,17.18414],[96.80084,17.18414],[96.80084,17.18387],[96.80147,17.1836],[96.80156,17.18306],[96.80057,17.18288],[96.80048,17.18342],[96.7994,17.18315],[96.79895,17.18414],[96.79895,17.18585],[96.79958,17.18585]]],[[[96.56683,17.18594],[96.56755,17.18423],[96.56746,17.18306],[96.56782,17.18306],[96.56782,17.1828],[96.5671,17.1828],[96.56692,17.1836],[96.56602,17.18342],[96.56602,17.18423],[96.56647,17.18423],[96.56647,17.18504],[96.56575,17.18504],[96.56575,17.18531],[96.56638,17.1854],[96.56656,17.18594],[96.56683,17.18594]]],[[[96.75583,17.18612],[96.75592,17.18504],[96.7552,17.18495],[96.7552,17.18423],[96.75493,17.18423],[96.75475,17.18513],[96.75493,17.18612],[96.75583,17.18612]]],[[[96.5308,17.18621],[96.5308,17.18576],[96.53116,17.18576],[96.53143,17.18504],[96.53143,17.18477],[96.53089,17.18459],[96.53062,17.18459],[96.53062,17.18531],[96.53,17.18567],[96.53036,17.18621],[96.5308,17.18621]]],[[[96.74559,17.18522],[96.74568,17.18468],[96.74532,17.18468],[96.74541,17.18621],[96.74586,17.18621],[96.74568,17.18522],[96.74559,17.18522]]],[[[96.60986,17.18648],[96.61022,17.18522],[96.60968,17.18513],[96.60968,17.18396],[96.60932,17.18396],[96.60941,17.18477],[96.60914,17.18477],[96.60923,17.18648],[96.60986,17.18648]]],[[[96.81314,17.18648],[96.81323,17.18504],[96.81297,17.18504],[96.8127,17.18567],[96.81234,17.18567],[96.81279,17.18648],[96.81314,17.18648]]],[[[96.79132,17.18639],[96.7915,17.18576],[96.7906,17.18567],[96.7906,17.18657],[96.79141,17.18666],[96.79141,17.18639],[96.79132,17.18639]]],[[[96.6006,17.18558],[96.6006,17.18603],[96.60006,17.18603],[96.59988,17.18657],[96.60132,17.18639],[96.60132,17.18675],[96.60168,17.18675],[96.60177,17.18603],[96.60204,17.18603],[96.60204,17.18648],[96.6024,17.18648],[96.60222,17.18567],[96.60249,17.18567],[96.60249,17.18504],[96.60222,17.18531],[96.60141,17.18513],[96.60087,17.18558],[96.6006,17.18558]]],[[[96.61857,17.18684],[96.61893,17.18675],[96.61893,17.18648],[96.61857,17.18648],[96.61857,17.18603],[96.61911,17.18594],[96.61929,17.18405],[96.61794,17.18387],[96.61794,17.18423],[96.61758,17.18423],[96.61776,17.18315],[96.61552,17.18288],[96.61498,17.18306],[96.61498,17.18351],[96.61462,17.18351],[96.61444,17.1828],[96.6139,17.18262],[96.6139,17.18369],[96.61453,17.18378],[96.61453,17.1845],[96.61399,17.18468],[96.61399,17.18441],[96.61336,17.18441],[96.61327,17.18396],[96.61201,17.18432],[96.61201,17.18486],[96.61246,17.18486],[96.61228,17.18612],[96.61273,17.18603],[96.61273,17.18567],[96.61435,17.18549],[96.61453,17.18603],[96.6157,17.18648],[96.61596,17.18567],[96.61668,17.18567],[96.61659,17.18675],[96.61704,17.18675],[96.61695,17.18621],[96.61722,17.18621],[96.61731,17.18675],[96.61794,17.18684],[96.61857,17.18684]]],[[[96.76185,17.18684],[96.76176,17.18603],[96.76221,17.18594],[96.76221,17.18558],[96.76149,17.18531],[96.76122,17.18666],[96.76158,17.18684],[96.76185,17.18684]]],[[[96.56773,17.18702],[96.56817,17.18675],[96.56817,17.1863],[96.56701,17.18603],[96.56719,17.18702],[96.56773,17.18702]]],[[[96.58228,17.18702],[96.58282,17.18693],[96.58291,17.18639],[96.58183,17.18594],[96.58201,17.18702],[96.58228,17.18702]]],[[[96.62513,17.18711],[96.62504,17.1863],[96.6245,17.1863],[96.62468,17.18522],[96.62387,17.1854],[96.62396,17.18666],[96.62288,17.18621],[96.62324,17.18711],[96.62387,17.18711],[96.62396,17.18684],[96.62477,17.18711],[96.62513,17.18711]]],[[[96.56566,17.1872],[96.56566,17.18693],[96.56647,17.18702],[96.56656,17.18657],[96.56602,17.18639],[96.56602,17.18558],[96.56494,17.18522],[96.56485,17.18576],[96.56521,17.18648],[96.56467,17.18648],[96.56467,17.18675],[96.56476,17.18702],[96.56539,17.18684],[96.56539,17.1872],[96.56566,17.1872]]],[[[96.78566,17.1872],[96.78584,17.18585],[96.78539,17.18585],[96.7853,17.18513],[96.78566,17.18513],[96.78575,17.18576],[96.78629,17.18567],[96.78763,17.18639],[96.78763,17.18666],[96.7879,17.18666],[96.78808,17.18612],[96.78898,17.1863],[96.78916,17.18585],[96.79015,17.18585],[96.79015,17.18558],[96.78952,17.1854],[96.78952,17.18513],[96.78988,17.18513],[96.78988,17.18459],[96.78907,17.1845],[96.78889,17.18387],[96.7879,17.18387],[96.78799,17.1828],[96.78844,17.18271],[96.78844,17.18208],[96.7862,17.1819],[96.7862,17.18226],[96.78566,17.18217],[96.78566,17.18163],[96.78655,17.18163],[96.78655,17.18028],[96.7862,17.18028],[96.7862,17.18073],[96.78593,17.18073],[96.78602,17.17992],[96.78566,17.17992],[96.78557,17.181],[96.78512,17.181],[96.78521,17.1819],[96.78404,17.18199],[96.78377,17.18118],[96.78314,17.18118],[96.78332,17.18172],[96.78224,17.1819],[96.78188,17.18271],[96.77991,17.18253],[96.78018,17.18378],[96.78072,17.18378],[96.78054,17.1854],[96.78,17.1854],[96.77991,17.18585],[96.78215,17.18567],[96.78197,17.18657],[96.78161,17.18666],[96.78161,17.18693],[96.78206,17.18693],[96.78224,17.18657],[96.78359,17.18684],[96.78431,17.18648],[96.78422,17.18603],[96.78296,17.18603],[96.78296,17.18576],[96.78476,17.18567],[96.78539,17.1872],[96.78566,17.1872]],[[96.7817,17.18531],[96.7817,17.18315],[96.78224,17.18315],[96.78197,17.18342],[96.78224,17.18369],[96.78197,17.18495],[96.78251,17.18468],[96.78251,17.18504],[96.78206,17.18504],[96.78197,17.18531],[96.7817,17.18531]]],[[[96.79491,17.18585],[96.795,17.18657],[96.7941,17.18666],[96.79392,17.18729],[96.79563,17.18639],[96.79563,17.18567],[96.79518,17.18585],[96.79491,17.18585]]],[[[96.60132,17.18675],[96.59997,17.18684],[96.59997,17.18711],[96.60051,17.18711],[96.60051,17.18765],[96.60123,17.18765],[96.60132,17.18729],[96.60087,17.18729],[96.60087,17.18702],[96.60132,17.18702],[96.60132,17.18675]]],[[[96.78997,17.18738],[96.78997,17.18684],[96.78952,17.18684],[96.78952,17.18648],[96.78853,17.18675],[96.78844,17.18702],[96.78898,17.18756],[96.79006,17.18765],[96.79006,17.18738],[96.78997,17.18738]]],[[[96.62836,17.18729],[96.62836,17.18675],[96.62872,17.18675],[96.62872,17.18729],[96.62836,17.18729],[96.62836,17.18756],[96.62881,17.18765],[96.62881,17.18729],[96.62917,17.18729],[96.62917,17.18774],[96.62944,17.18774],[96.62944,17.18711],[96.63043,17.18693],[96.63043,17.18549],[96.62998,17.18522],[96.62827,17.1854],[96.62746,17.18495],[96.62737,17.18549],[96.62648,17.18576],[96.62665,17.1863],[96.6263,17.18657],[96.62621,17.18747],[96.62773,17.18729],[96.62836,17.18729]]],[[[96.59656,17.18783],[96.59656,17.1872],[96.5953,17.1872],[96.5953,17.18765],[96.59593,17.18747],[96.5962,17.18783],[96.59656,17.18783]]],[[[96.56216,17.18792],[96.56269,17.18774],[96.56278,17.18729],[96.56323,17.18729],[96.56332,17.18675],[96.56234,17.18675],[96.56234,17.18702],[96.5618,17.18684],[96.5618,17.18711],[96.56117,17.18684],[96.56135,17.18792],[96.56216,17.18792]]],[[[96.59863,17.18792],[96.5989,17.18774],[96.59881,17.18693],[96.59917,17.18675],[96.59917,17.18648],[96.59863,17.18657],[96.59863,17.18621],[96.59755,17.18657],[96.59764,17.18774],[96.59809,17.18783],[96.59809,17.18738],[96.59836,17.18738],[96.59818,17.18792],[96.59863,17.18792]]],[[[96.54006,17.18801],[96.54078,17.18648],[96.54078,17.18558],[96.5397,17.18576],[96.53952,17.18513],[96.53988,17.18459],[96.53934,17.18459],[96.53925,17.18495],[96.53835,17.18495],[96.53826,17.18549],[96.53988,17.18621],[96.53997,17.18684],[96.5397,17.18684],[96.53952,17.18738],[96.53979,17.18801],[96.54006,17.18801]]],[[[96.75251,17.18801],[96.75269,17.18738],[96.75233,17.18702],[96.75314,17.18675],[96.75323,17.18621],[96.75188,17.18639],[96.75188,17.18801],[96.75251,17.18801]]],[[[96.7985,17.18827],[96.79913,17.1881],[96.79922,17.18765],[96.79922,17.18693],[96.79868,17.18621],[96.79778,17.18639],[96.79796,17.18702],[96.79859,17.1872],[96.79859,17.18765],[96.79796,17.18729],[96.79787,17.18827],[96.7985,17.18827]]],[[[96.58991,17.18845],[96.59018,17.18783],[96.58937,17.18765],[96.58964,17.18845],[96.58991,17.18845]]],[[[96.61129,17.18872],[96.61237,17.18854],[96.61246,17.18756],[96.61345,17.18747],[96.61345,17.18657],[96.61192,17.18648],[96.6121,17.18513],[96.61174,17.18513],[96.61174,17.18441],[96.6112,17.18441],[96.61129,17.18405],[96.61201,17.18396],[96.61237,17.18226],[96.61066,17.18244],[96.61066,17.1819],[96.60914,17.18172],[96.60932,17.18271],[96.61004,17.18235],[96.61013,17.18297],[96.61049,17.18297],[96.61013,17.18405],[96.61138,17.18477],[96.61156,17.18648],[96.60842,17.18702],[96.60842,17.18792],[96.60896,17.18774],[96.60869,17.1872],[96.60968,17.18756],[96.60905,17.18818],[96.61004,17.1881],[96.61022,17.18747],[96.61057,17.18738],[96.61066,17.18872],[96.61129,17.18872]]],[[[96.77802,17.18872],[96.77856,17.18863],[96.77874,17.18774],[96.78206,17.18792],[96.78206,17.18747],[96.78108,17.18738],[96.78108,17.18675],[96.78063,17.18675],[96.78036,17.1872],[96.7791,17.18729],[96.77883,17.18711],[96.77883,17.18675],[96.77928,17.18675],[96.7791,17.18603],[96.77802,17.18594],[96.77784,17.18765],[96.7782,17.18765],[96.7782,17.18792],[96.77775,17.18792],[96.77775,17.18872],[96.77802,17.18872]]],[[[96.80147,17.18872],[96.80138,17.18684],[96.80102,17.18684],[96.80093,17.18747],[96.80048,17.18792],[96.80084,17.18872],[96.80147,17.18872]]],[[[96.80335,17.18872],[96.80335,17.18827],[96.80362,17.18827],[96.80353,17.18702],[96.80281,17.18702],[96.80272,17.18729],[96.80299,17.18872],[96.80335,17.18872]]],[[[96.76221,17.18881],[96.7623,17.1881],[96.76266,17.1881],[96.76257,17.18765],[96.76194,17.18783],[96.76194,17.18881],[96.76221,17.18881]]],[[[96.54697,17.18262],[96.54724,17.18405],[96.54751,17.18414],[96.54733,17.18504],[96.54697,17.18504],[96.54697,17.18477],[96.54626,17.18504],[96.54608,17.18441],[96.545,17.1845],[96.545,17.18477],[96.54545,17.18477],[96.54545,17.18531],[96.54482,17.1854],[96.54482,17.18567],[96.54518,17.18567],[96.54518,17.18657],[96.54482,17.1863],[96.54455,17.18657],[96.545,17.18702],[96.54527,17.18702],[96.54527,17.18657],[96.5459,17.18657],[96.54644,17.18747],[96.54635,17.18801],[96.54581,17.18774],[96.54527,17.18827],[96.54536,17.18899],[96.54626,17.18836],[96.54679,17.18836],[96.54679,17.18863],[96.5476,17.18827],[96.5485,17.18836],[96.54859,17.18774],[96.54904,17.18774],[96.54904,17.1872],[96.5494,17.1872],[96.5494,17.18747],[96.55057,17.18738],[96.55057,17.18711],[96.55147,17.1872],[96.55156,17.1854],[96.55129,17.18513],[96.55165,17.18504],[96.55236,17.18549],[96.55245,17.1863],[96.5529,17.1863],[96.55299,17.18693],[96.55227,17.18666],[96.55227,17.18711],[96.55281,17.18729],[96.55263,17.18783],[96.55398,17.18756],[96.55461,17.18657],[96.55416,17.18522],[96.55461,17.18513],[96.55488,17.18603],[96.55515,17.18603],[96.55515,17.18513],[96.55452,17.18486],[96.55452,17.18459],[96.55551,17.18477],[96.5565,17.1845],[96.5565,17.18414],[96.55713,17.18405],[96.55713,17.18378],[96.55793,17.18378],[96.55757,17.18244],[96.55721,17.18244],[96.55721,17.18172],[96.55632,17.18172],[96.55632,17.18136],[96.55488,17.18145],[96.55461,17.18064],[96.55596,17.18019],[96.55587,17.17956],[96.55632,17.17956],[96.55659,17.1792],[96.55686,17.1792],[96.55695,17.17992],[96.55793,17.17974],[96.55793,17.18019],[96.5591,17.18028],[96.55865,17.17875],[96.5591,17.17776],[96.5582,17.17767],[96.55721,17.17803],[96.55704,17.17723],[96.55587,17.17723],[96.55587,17.1775],[96.55524,17.1775],[96.55551,17.17812],[96.5547,17.17875],[96.55461,17.17947],[96.55416,17.17947],[96.55416,17.17983],[96.55317,17.18019],[96.55245,17.18001],[96.55245,17.17965],[96.55191,17.17965],[96.55218,17.18046],[96.5529,17.18082],[96.55281,17.18145],[96.55398,17.18145],[96.55371,17.18199],[96.55443,17.18217],[96.55452,17.18306],[96.55425,17.18306],[96.55425,17.18262],[96.55353,17.18244],[96.55398,17.18333],[96.55425,17.18333],[96.55389,17.18378],[96.55416,17.18477],[96.5538,17.18477],[96.55362,17.18387],[96.552,17.18288],[96.552,17.18244],[96.55263,17.18226],[96.55263,17.1819],[96.552,17.18217],[96.55174,17.18181],[96.55209,17.18181],[96.55236,17.18118],[96.55147,17.18136],[96.55039,17.18217],[96.54967,17.18199],[96.54967,17.18253],[96.54922,17.18262],[96.54877,17.18342],[96.54994,17.18315],[96.55003,17.18396],[96.54868,17.18414],[96.54778,17.1828],[96.54733,17.18262],[96.54697,17.18262]],[[96.5556,17.18378],[96.55542,17.18315],[96.55623,17.18297],[96.55623,17.18253],[96.55551,17.18244],[96.55551,17.18217],[96.55623,17.1819],[96.55686,17.18244],[96.55704,17.18333],[96.55686,17.18369],[96.55587,17.18351],[96.55587,17.18378],[96.5556,17.18378]]],[[[96.82734,17.18908],[96.82734,17.18836],[96.82689,17.1881],[96.82572,17.18836],[96.8259,17.18872],[96.82707,17.18863],[96.82707,17.18908],[96.82734,17.18908]]],[[[96.7853,17.18917],[96.78566,17.18836],[96.78476,17.18836],[96.78467,17.18899],[96.78494,17.18917],[96.7853,17.18917]]],[[[96.60878,17.18926],[96.60851,17.18845],[96.60761,17.18854],[96.60788,17.18917],[96.60851,17.18881],[96.60851,17.18926],[96.60878,17.18926]]],[[[96.62692,17.18935],[96.6271,17.18899],[96.628,17.18881],[96.62827,17.18836],[96.62809,17.18774],[96.62719,17.18827],[96.62674,17.18801],[96.62594,17.18827],[96.62594,17.18899],[96.62639,17.18935],[96.62692,17.18935]]],[[[96.84998,17.18944],[96.85043,17.18926],[96.85043,17.1889],[96.8489,17.18854],[96.8489,17.18899],[96.84926,17.18899],[96.84935,17.18944],[96.84998,17.18944]]],[[[96.88618,17.18935],[96.88708,17.18872],[96.88717,17.18818],[96.88591,17.18917],[96.88618,17.18944],[96.88618,17.18935]]],[[[96.59207,17.18953],[96.59225,17.18854],[96.59162,17.18818],[96.59171,17.18953],[96.59207,17.18953]]],[[[96.54302,17.18962],[96.5432,17.18854],[96.54221,17.18818],[96.54194,17.18899],[96.54239,17.18962],[96.54302,17.18962]]],[[[96.63142,17.18962],[96.63186,17.18836],[96.6316,17.18765],[96.63213,17.18765],[96.63213,17.18729],[96.62989,17.18738],[96.62989,17.18872],[96.62953,17.18881],[96.62944,17.18944],[96.63061,17.18935],[96.6307,17.18962],[96.63142,17.18962]]],[[[96.70696,17.18962],[96.70696,17.18756],[96.70678,17.18729],[96.70607,17.18729],[96.70651,17.18962],[96.70696,17.18962]]],[[[96.7773,17.18962],[96.7773,17.1889],[96.77595,17.18872],[96.77595,17.18917],[96.77703,17.18962],[96.7773,17.18962]]],[[[96.825,17.1898],[96.82527,17.18899],[96.82554,17.18899],[96.82545,17.1881],[96.825,17.18783],[96.8241,17.18818],[96.8241,17.18845],[96.82464,17.18845],[96.82473,17.1898],[96.825,17.1898]]],[[[96.55263,17.18989],[96.55353,17.18944],[96.55353,17.18881],[96.55389,17.18881],[96.5538,17.18827],[96.55335,17.18827],[96.55263,17.18899],[96.55281,17.18953],[96.55227,17.18953],[96.55236,17.18989],[96.55263,17.18989]]],[[[96.7049,17.18989],[96.70517,17.18971],[96.70499,17.18872],[96.70373,17.18845],[96.70355,17.18944],[96.70436,17.18926],[96.70436,17.18989],[96.7049,17.18989]]],[[[96.77919,17.18989],[96.77964,17.18944],[96.77919,17.18935],[96.77901,17.1889],[96.77865,17.18926],[96.77883,17.18989],[96.77919,17.18989]]],[[[96.76706,17.18917],[96.76706,17.18836],[96.76652,17.18836],[96.76652,17.18917],[96.76625,17.18917],[96.76625,17.18827],[96.76535,17.18827],[96.76544,17.18765],[96.76634,17.18765],[96.76625,17.18621],[96.76473,17.18621],[96.76482,17.18801],[96.76455,17.18881],[96.76482,17.18881],[96.76482,17.18926],[96.76571,17.18953],[96.76571,17.19007],[96.76715,17.19007],[96.76715,17.18917],[96.76706,17.18917]]],[[[96.60644,17.19016],[96.60707,17.18836],[96.60671,17.1881],[96.60501,17.18836],[96.60518,17.18783],[96.60447,17.18729],[96.60465,17.18836],[96.60366,17.18827],[96.60366,17.18872],[96.60339,17.18881],[96.60357,17.18989],[96.60608,17.19016],[96.60644,17.19016]]],[[[96.61803,17.19016],[96.61803,17.18953],[96.61929,17.18944],[96.61911,17.18854],[96.61938,17.18818],[96.61911,17.18818],[96.6192,17.18747],[96.61884,17.1872],[96.61776,17.18738],[96.61767,17.18854],[96.61695,17.1889],[96.61704,17.18953],[96.61767,17.18944],[96.61767,17.19016],[96.61803,17.19016]]],[[[96.56934,17.19007],[96.56934,17.18944],[96.56844,17.18854],[96.56835,17.18989],[96.56871,17.19034],[96.56943,17.19034],[96.56943,17.19007],[96.56934,17.19007]]],[[[96.60734,17.19034],[96.60824,17.19007],[96.60815,17.18962],[96.60689,17.1898],[96.60698,17.19034],[96.60734,17.19034]]],[[[96.79931,17.19034],[96.79958,17.18971],[96.79931,17.18899],[96.79895,17.18899],[96.79904,17.19034],[96.79931,17.19034]]],[[[96.69888,17.19043],[96.69933,17.19007],[96.70032,17.19016],[96.7013,17.18917],[96.70086,17.18863],[96.70139,17.18881],[96.7013,17.18827],[96.70202,17.18836],[96.70238,17.18774],[96.70175,17.18801],[96.70148,17.18801],[96.70148,17.18765],[96.70104,17.18774],[96.70068,17.18845],[96.69825,17.18989],[96.69825,17.19043],[96.69888,17.19043]]],[[[96.61587,17.19052],[96.61605,17.18971],[96.61561,17.18971],[96.61552,17.18899],[96.61444,17.18908],[96.61489,17.19016],[96.61516,17.19016],[96.61516,17.18971],[96.61552,17.18971],[96.61552,17.19052],[96.61587,17.19052]]],[[[96.79832,17.19025],[96.79823,17.18935],[96.79913,17.18845],[96.79841,17.18845],[96.7976,17.18917],[96.79742,17.19007],[96.79823,17.19025],[96.79823,17.19052],[96.7985,17.19025],[96.79832,17.19025]]],[[[96.64354,17.19061],[96.64363,17.1889],[96.64309,17.1889],[96.64309,17.18863],[96.64354,17.18863],[96.64354,17.18801],[96.6422,17.18801],[96.64211,17.18872],[96.64175,17.18872],[96.64139,17.18935],[96.64166,17.18935],[96.64193,17.19016],[96.64327,17.19061],[96.64354,17.19061]]],[[[96.56063,17.19079],[96.56036,17.18971],[96.55937,17.18953],[96.55919,17.19043],[96.56018,17.19043],[96.56027,17.19079],[96.56063,17.19079]]],[[[96.82725,17.19097],[96.8277,17.18998],[96.82707,17.19025],[96.82698,17.18935],[96.82617,17.18935],[96.82617,17.18989],[96.82527,17.1898],[96.82464,17.19025],[96.82473,17.19097],[96.82527,17.19088],[96.82536,17.19052],[96.82563,17.19052],[96.82563,17.19088],[96.82644,17.1907],[96.8268,17.19097],[96.82725,17.19097]]],[[[96.85977,17.19061],[96.86004,17.19034],[96.85986,17.18953],[96.85905,17.18926],[96.8595,17.19106],[96.85986,17.19106],[96.85986,17.19061],[96.85977,17.19061]]],[[[96.56638,17.19115],[96.56638,17.19061],[96.56728,17.19007],[96.56817,17.19007],[96.56817,17.1898],[96.56728,17.18953],[96.56674,17.19007],[96.56665,17.18953],[96.56593,17.18971],[96.56611,17.19043],[96.56566,17.19043],[96.56593,17.19115],[96.56638,17.19115]]],[[[96.77047,17.19115],[96.77039,17.19016],[96.77119,17.19007],[96.77083,17.18908],[96.76976,17.18944],[96.77012,17.19115],[96.77047,17.19115]]],[[[96.80003,17.19115],[96.80048,17.19043],[96.80093,17.19034],[96.80084,17.18989],[96.79967,17.1898],[96.7994,17.19061],[96.79976,17.19115],[96.80003,17.19115]]],[[[96.82922,17.19124],[96.8294,17.1907],[96.82976,17.1907],[96.82976,17.19115],[96.83021,17.19106],[96.82994,17.18971],[96.8294,17.1898],[96.82905,17.1907],[96.82869,17.1907],[96.82896,17.19124],[96.82922,17.19124]]],[[[96.85608,17.19133],[96.85644,17.19025],[96.8568,17.19025],[96.85707,17.18971],[96.85815,17.18953],[96.85815,17.18926],[96.85653,17.18935],[96.85644,17.18998],[96.85564,17.18998],[96.85501,17.19061],[96.85429,17.1907],[96.85429,17.19124],[96.85537,17.19133],[96.85608,17.19133]]],[[[96.71092,17.19151],[96.71101,17.19115],[96.71208,17.19115],[96.71199,17.19007],[96.71092,17.19052],[96.71056,17.19151],[96.71092,17.19151]]],[[[96.77991,17.19196],[96.78045,17.19187],[96.78063,17.19142],[96.78134,17.19133],[96.78134,17.19097],[96.78206,17.1907],[96.78206,17.19043],[96.78116,17.19034],[96.7809,17.19115],[96.78018,17.19115],[96.78009,17.19151],[96.77946,17.19124],[96.77946,17.19097],[96.78045,17.19088],[96.78009,17.19034],[96.77901,17.19079],[96.77802,17.19043],[96.77775,17.19124],[96.77874,17.19115],[96.77892,17.19187],[96.77946,17.19196],[96.77991,17.19196]]],[[[96.7632,17.19205],[96.76329,17.19106],[96.76437,17.19097],[96.76437,17.1916],[96.76473,17.1916],[96.76437,17.19016],[96.76437,17.18989],[96.76473,17.18989],[96.76473,17.18935],[96.76257,17.18917],[96.76239,17.18998],[96.76266,17.19052],[96.76239,17.19088],[96.76185,17.19088],[96.76185,17.19142],[96.76284,17.19169],[96.76284,17.19205],[96.7632,17.19205]]],[[[96.77515,17.19205],[96.77542,17.18935],[96.77524,17.18854],[96.77497,17.18854],[96.77506,17.18801],[96.77569,17.18792],[96.77569,17.18827],[96.77676,17.18836],[96.77748,17.18738],[96.7773,17.18612],[96.77551,17.18603],[96.77551,17.18558],[96.7773,17.18585],[96.77748,17.18513],[96.77739,17.18414],[96.77658,17.18414],[96.77658,17.18387],[96.77748,17.18378],[96.77739,17.18217],[96.77631,17.18208],[96.77631,17.18172],[96.77578,17.18181],[96.77578,17.18145],[96.77551,17.18145],[96.77551,17.18199],[96.77335,17.18208],[96.77335,17.18235],[96.77416,17.18226],[96.77416,17.18333],[96.77344,17.18324],[96.77335,17.1845],[96.77398,17.18432],[96.77398,17.18459],[96.77335,17.18477],[96.77335,17.18567],[96.7729,17.18603],[96.77317,17.1863],[96.77524,17.18594],[96.77524,17.18621],[96.77461,17.18639],[96.77434,17.18738],[96.77371,17.18765],[96.77398,17.18827],[96.77434,17.18827],[96.77452,17.18774],[96.77497,17.18774],[96.77497,17.18801],[96.77461,17.18801],[96.77443,17.18854],[96.77353,17.18863],[96.77371,17.18998],[96.77434,17.19007],[96.77461,17.19088],[96.77506,17.19088],[96.77506,17.19115],[96.77452,17.19115],[96.7747,17.19205],[96.77515,17.19205]]],[[[96.6395,17.19187],[96.6395,17.19151],[96.63995,17.19142],[96.63986,17.19061],[96.63914,17.19052],[96.63932,17.19214],[96.63968,17.19214],[96.63968,17.19187],[96.6395,17.19187]]],[[[96.55434,17.19223],[96.55479,17.19151],[96.55398,17.18998],[96.55254,17.19025],[96.55254,17.19079],[96.55407,17.19115],[96.55371,17.19223],[96.55434,17.19223]]],[[[96.63636,17.19223],[96.63896,17.19169],[96.6386,17.19007],[96.63806,17.18962],[96.63788,17.1889],[96.6351,17.18863],[96.63528,17.19205],[96.63609,17.19223],[96.63636,17.19223]]],[[[96.79311,17.19223],[96.79356,17.19214],[96.79356,17.19187],[96.79437,17.19196],[96.79446,17.1916],[96.79491,17.19151],[96.79482,17.19106],[96.79257,17.19142],[96.79284,17.19223],[96.79311,17.19223]]],[[[96.82527,17.19205],[96.82527,17.1916],[96.82473,17.19178],[96.82392,17.19151],[96.82392,17.19187],[96.82428,17.19187],[96.82455,17.19232],[96.82491,17.19205],[96.82527,17.19205]]],[[[96.79653,17.19259],[96.7968,17.19241],[96.79671,17.19187],[96.79599,17.1916],[96.79581,17.19205],[96.79545,17.19205],[96.79545,17.1925],[96.79626,17.19259],[96.79653,17.19259]]],[[[96.84081,17.19259],[96.8409,17.19142],[96.84036,17.19115],[96.84045,17.19052],[96.84018,17.19034],[96.84045,17.18836],[96.84135,17.18845],[96.84135,17.18926],[96.84243,17.19106],[96.84279,17.19097],[96.84279,17.19052],[96.84198,17.1898],[96.84198,17.18899],[96.84171,17.18881],[96.84189,17.18792],[96.84216,17.18792],[96.84216,17.18872],[96.84279,17.1889],[96.84261,17.18944],[96.84324,17.18953],[96.84333,17.18899],[96.84414,17.18899],[96.84387,17.18953],[96.84342,17.18962],[96.84369,17.19052],[96.84414,17.19052],[96.84414,17.18998],[96.8445,17.18971],[96.84539,17.18962],[96.84557,17.19007],[96.84593,17.19007],[96.84593,17.18971],[96.84566,17.18971],[96.84584,17.18908],[96.84486,17.18899],[96.84477,17.18801],[96.84414,17.18801],[96.84414,17.18747],[96.84378,17.18738],[96.84378,17.18648],[96.84459,17.18648],[96.84459,17.18612],[96.84396,17.18603],[96.84378,17.18558],[96.8427,17.18567],[96.84243,17.18648],[96.84279,17.18648],[96.84279,17.18675],[96.84225,17.18738],[96.83982,17.18657],[96.83991,17.18621],[96.84099,17.18621],[96.84063,17.18549],[96.84135,17.18414],[96.84045,17.18432],[96.83902,17.18315],[96.83884,17.18226],[96.8383,17.18226],[96.8383,17.18118],[96.83857,17.18118],[96.83857,17.18064],[96.8383,17.18064],[96.83785,17.18109],[96.83749,17.18226],[96.83659,17.18226],[96.83659,17.18288],[96.83596,17.18297],[96.83596,17.18324],[96.83506,17.18324],[96.83569,17.18441],[96.8365,17.18441],[96.83686,17.18459],[96.83686,17.18513],[96.83713,17.18513],[96.83695,17.18594],[96.8365,17.18639],[96.8339,17.18594],[96.8339,17.18567],[96.833,17.18549],[96.83264,17.18585],[96.83479,17.18648],[96.83452,17.18702],[96.83524,17.18693],[96.83524,17.18738],[96.83569,17.18738],[96.83605,17.18675],[96.83758,17.18684],[96.83749,17.18756],[96.83803,17.1881],[96.83749,17.18845],[96.83749,17.18908],[96.83866,17.19025],[96.83884,17.19133],[96.84,17.19142],[96.84036,17.19259],[96.84081,17.19259]],[[96.83875,17.18621],[96.83884,17.18567],[96.83839,17.18558],[96.83839,17.18495],[96.83785,17.18477],[96.83758,17.18333],[96.83695,17.18324],[96.83713,17.18271],[96.83839,17.18288],[96.83839,17.18333],[96.83794,17.18342],[96.83794,17.18369],[96.83848,17.18369],[96.83848,17.18414],[96.83884,17.18414],[96.83884,17.18369],[96.83911,17.18369],[96.83911,17.18414],[96.83991,17.18441],[96.83991,17.18468],[96.83956,17.18468],[96.83956,17.18513],[96.83893,17.1854],[96.8392,17.18621],[96.83875,17.18621]]],[[[96.60312,17.19268],[96.6033,17.19178],[96.60258,17.19187],[96.60276,17.19268],[96.60312,17.19268]]],[[[96.84297,17.19286],[96.84324,17.19241],[96.84378,17.1925],[96.84378,17.19187],[96.84288,17.19187],[96.84288,17.19133],[96.84252,17.19124],[96.84261,17.19187],[96.84207,17.19187],[96.84198,17.1925],[96.84261,17.19286],[96.84297,17.19286]]],[[[96.54347,17.19295],[96.54527,17.19277],[96.54527,17.19178],[96.54365,17.19223],[96.54347,17.19259],[96.54302,17.19259],[96.54302,17.19295],[96.54347,17.19295]]],[[[96.7844,17.19313],[96.78566,17.19295],[96.78575,17.19223],[96.78404,17.19223],[96.78377,17.19241],[96.78404,17.19313],[96.7844,17.19313]]],[[[96.62109,17.19322],[96.62153,17.19223],[96.62153,17.1916],[96.62117,17.19151],[96.62073,17.1916],[96.62064,17.19322],[96.62109,17.19322]]],[[[96.76248,17.19322],[96.76248,17.19286],[96.76473,17.19277],[96.76491,17.19232],[96.7641,17.19223],[96.76401,17.19151],[96.76374,17.19151],[96.76347,17.19223],[96.76302,17.19241],[96.76122,17.1925],[96.76122,17.19304],[96.76221,17.19322],[96.76248,17.19322]]],[[[96.60986,17.19331],[96.61013,17.1925],[96.61138,17.19286],[96.61093,17.19178],[96.6104,17.19178],[96.61004,17.19133],[96.60923,17.19169],[96.60923,17.19196],[96.60986,17.19196],[96.60986,17.19241],[96.6095,17.19241],[96.60959,17.19331],[96.60986,17.19331]]],[[[96.80281,17.19331],[96.80299,17.19277],[96.80237,17.19277],[96.80228,17.19241],[96.80156,17.19205],[96.80021,17.19214],[96.80093,17.19295],[96.80201,17.19259],[96.80237,17.19331],[96.80281,17.19331]]],[[[96.82527,17.19205],[96.82527,17.19286],[96.82446,17.19295],[96.82446,17.1934],[96.82725,17.19295],[96.82707,17.1925],[96.82563,17.19268],[96.82599,17.19196],[96.82563,17.19205],[96.82527,17.19205]]],[[[96.70373,17.19349],[96.70373,17.19304],[96.70436,17.19286],[96.70454,17.19214],[96.7049,17.19214],[96.7049,17.1916],[96.70445,17.1916],[96.70445,17.19124],[96.70526,17.19097],[96.70526,17.19016],[96.70436,17.19025],[96.70418,17.19124],[96.70391,17.19124],[96.704,17.19232],[96.70301,17.19277],[96.70301,17.19304],[96.70337,17.19304],[96.70337,17.19349],[96.70373,17.19349]]],[[[96.78727,17.19402],[96.78736,17.19366],[96.78799,17.19349],[96.78745,17.19277],[96.78673,17.19295],[96.78664,17.19375],[96.787,17.19375],[96.787,17.19402],[96.78727,17.19402]]],[[[96.79446,17.19402],[96.79473,17.19366],[96.79554,17.19357],[96.79563,17.19304],[96.79455,17.19322],[96.79401,17.19402],[96.79446,17.19402]]],[[[96.55632,17.1934],[96.55596,17.1934],[96.55596,17.19304],[96.55632,17.1934],[96.55695,17.19304],[96.55659,17.19232],[96.55578,17.19241],[96.55569,17.19304],[96.55497,17.19313],[96.55497,17.19375],[96.55434,17.19322],[96.55452,17.1925],[96.5538,17.19259],[96.55398,17.19349],[96.55434,17.19357],[96.55416,17.19438],[96.55515,17.19438],[96.55533,17.19384],[96.55614,17.19366],[96.55641,17.19393],[96.55632,17.19366],[96.55632,17.1934]]],[[[96.54078,17.19465],[96.54087,17.19402],[96.5397,17.19402],[96.5397,17.19456],[96.54042,17.19465],[96.54078,17.19465]]],[[[96.70723,17.19474],[96.70741,17.19375],[96.70795,17.19375],[96.70795,17.19349],[96.70687,17.19322],[96.70669,17.19465],[96.70696,17.19474],[96.70723,17.19474]]],[[[96.80371,17.19483],[96.8038,17.19429],[96.80416,17.19429],[96.8038,17.19331],[96.80263,17.19357],[96.80263,17.19429],[96.80326,17.19438],[96.80335,17.19483],[96.80371,17.19483]]],[[[96.56413,17.19492],[96.56485,17.19456],[96.56458,17.19384],[96.56521,17.19384],[96.56521,17.19429],[96.5662,17.19393],[96.56638,17.19438],[96.56674,17.19438],[96.56674,17.19384],[96.5662,17.19366],[96.5662,17.19322],[96.5679,17.19331],[96.56799,17.19151],[96.56539,17.19151],[96.56512,17.1916],[96.56512,17.19205],[96.56413,17.19205],[96.56413,17.19169],[96.56332,17.1916],[96.56395,17.19097],[96.56377,17.19025],[96.56243,17.19079],[96.56243,17.19124],[96.56296,17.19124],[96.56296,17.19169],[96.56234,17.19259],[96.56234,17.19313],[96.56341,17.19322],[96.56341,17.19357],[96.5626,17.19384],[96.5626,17.19411],[96.56305,17.19411],[96.56314,17.19492],[96.56413,17.19492]]],[[[96.69672,17.19501],[96.69699,17.19411],[96.69645,17.19384],[96.69645,17.19349],[96.69699,17.1934],[96.69699,17.19286],[96.69645,17.19295],[96.69618,17.1934],[96.69565,17.19322],[96.69547,17.19474],[96.69591,17.19501],[96.69672,17.19501]]],[[[96.53853,17.1951],[96.53844,17.19438],[96.53907,17.19447],[96.53907,17.19393],[96.53853,17.19402],[96.53844,17.19366],[96.53871,17.19313],[96.53943,17.19304],[96.53943,17.1925],[96.53889,17.19259],[96.53889,17.19214],[96.53808,17.19223],[96.53808,17.1951],[96.53853,17.1951]]],[[[96.61444,17.1951],[96.61444,17.19483],[96.61516,17.19501],[96.61516,17.19429],[96.61408,17.19438],[96.61417,17.1951],[96.61444,17.1951]]],[[[96.76122,17.1951],[96.76122,17.19429],[96.76185,17.19429],[96.76194,17.19375],[96.7605,17.19393],[96.76095,17.1951],[96.76122,17.1951]]],[[[96.80605,17.1951],[96.80596,17.19429],[96.80524,17.1942],[96.8056,17.1951],[96.80605,17.1951]]],[[[96.84728,17.19519],[96.84818,17.1951],[96.84818,17.19456],[96.84764,17.19447],[96.84791,17.19331],[96.84593,17.19375],[96.84539,17.1942],[96.84575,17.19474],[96.84692,17.19465],[96.84701,17.19519],[96.84728,17.19519]]],[[[96.70903,17.19555],[96.70903,17.19501],[96.70939,17.19501],[96.70939,17.19465],[96.7084,17.19501],[96.70867,17.19555],[96.70903,17.19555]]],[[[96.55048,17.19582],[96.55057,17.19528],[96.55102,17.19519],[96.55102,17.19438],[96.54985,17.19393],[96.54985,17.19349],[96.5503,17.19349],[96.5503,17.19259],[96.54976,17.19088],[96.55066,17.19052],[96.55084,17.18944],[96.55012,17.1889],[96.5476,17.1889],[96.54742,17.18944],[96.54778,17.19025],[96.54679,17.19016],[96.54599,17.19061],[96.5459,17.19106],[96.54706,17.19061],[96.5476,17.1907],[96.5476,17.19106],[96.54814,17.19079],[96.54823,17.19115],[96.5494,17.19097],[96.5494,17.19124],[96.5485,17.19142],[96.54841,17.19196],[96.54814,17.19196],[96.54814,17.19133],[96.54769,17.19124],[96.54778,17.19259],[96.54688,17.19232],[96.54635,17.19304],[96.54652,17.1934],[96.54697,17.19331],[96.54697,17.19286],[96.54832,17.19313],[96.5485,17.1925],[96.54877,17.1925],[96.54904,17.19313],[96.54949,17.19313],[96.54949,17.19349],[96.54922,17.19322],[96.54868,17.19322],[96.54868,17.19357],[96.54814,17.1934],[96.54832,17.19393],[96.54778,17.19375],[96.54778,17.1942],[96.54805,17.19474],[96.54841,17.19474],[96.54841,17.19393],[96.54913,17.19411],[96.54958,17.19528],[96.55021,17.19546],[96.55021,17.19582],[96.55048,17.19582]]],[[[96.81036,17.19591],[96.81045,17.19483],[96.80937,17.19465],[96.80982,17.19591],[96.81036,17.19591]]],[[[96.63555,17.19555],[96.63483,17.19555],[96.63483,17.19528],[96.63582,17.1951],[96.63564,17.19411],[96.63492,17.19402],[96.63492,17.19366],[96.63186,17.1934],[96.63106,17.19366],[96.63097,17.19456],[96.63052,17.19519],[96.63061,17.19555],[96.63222,17.19564],[96.63222,17.19501],[96.63303,17.19465],[96.63303,17.19528],[96.63339,17.19564],[96.63573,17.196],[96.63564,17.19555],[96.63555,17.19555]]],[[[96.76374,17.19627],[96.76419,17.19582],[96.76356,17.19582],[96.76356,17.19555],[96.76437,17.19555],[96.76419,17.19483],[96.76347,17.19528],[96.76293,17.19483],[96.7632,17.19591],[96.76266,17.19591],[96.76266,17.19627],[96.76374,17.19627]]],[[[96.78009,17.19627],[96.78081,17.19618],[96.78072,17.19546],[96.77928,17.19528],[96.7791,17.19474],[96.77766,17.19483],[96.77784,17.19555],[96.77694,17.19537],[96.77703,17.19609],[96.77964,17.19627],[96.78009,17.19627]]],[[[96.53467,17.19645],[96.53503,17.19537],[96.5344,17.19528],[96.5344,17.19555],[96.53404,17.19555],[96.53413,17.19447],[96.53386,17.19447],[96.53368,17.19564],[96.53404,17.19645],[96.53467,17.19645]]],[[[96.8091,17.19645],[96.80919,17.19609],[96.8082,17.19582],[96.80802,17.19519],[96.8074,17.19492],[96.80677,17.1951],[96.80686,17.19555],[96.80758,17.19573],[96.80767,17.19627],[96.80829,17.19609],[96.80874,17.19645],[96.8091,17.19645]]],[[[96.53853,17.19654],[96.53862,17.19519],[96.53799,17.19582],[96.53826,17.19654],[96.53853,17.19654]]],[[[96.56287,17.1969],[96.56368,17.19681],[96.56368,17.19654],[96.56323,17.19654],[96.56323,17.19609],[96.56269,17.19618],[96.5626,17.1969],[96.56287,17.1969]]],[[[96.70975,17.1969],[96.7102,17.19681],[96.70984,17.19573],[96.70912,17.19609],[96.70939,17.1969],[96.70975,17.1969]]],[[[96.79733,17.19708],[96.79733,17.19681],[96.79787,17.1969],[96.79787,17.19645],[96.79671,17.19627],[96.79662,17.19663],[96.79698,17.19663],[96.79707,17.19708],[96.79733,17.19708]]],[[[96.6987,17.19717],[96.69897,17.19636],[96.69888,17.19573],[96.69852,17.19573],[96.69852,17.19546],[96.69906,17.19537],[96.69924,17.19429],[96.69987,17.19429],[96.69987,17.19402],[96.69933,17.19402],[96.69906,17.1934],[96.69816,17.19331],[96.69798,17.19393],[96.69762,17.19393],[96.69762,17.19456],[96.69843,17.19717],[96.6987,17.19717]]],[[[96.80263,17.19717],[96.80344,17.19672],[96.80344,17.19627],[96.80219,17.19546],[96.80219,17.1951],[96.80183,17.1951],[96.80192,17.19717],[96.80263,17.19717]]],[[[96.58021,17.19654],[96.58021,17.19609],[96.57967,17.19609],[96.57958,17.19645],[96.57913,17.19645],[96.57913,17.1969],[96.5794,17.19726],[96.5803,17.19735],[96.5803,17.19654],[96.58021,17.19654]]],[[[96.77649,17.19735],[96.77667,17.19672],[96.77613,17.19645],[96.77586,17.19555],[96.77497,17.19564],[96.77488,17.19618],[96.77578,17.19618],[96.77586,17.19735],[96.77649,17.19735]]],[[[96.7641,17.19762],[96.7641,17.19735],[96.76464,17.19735],[96.76455,17.19672],[96.765,17.19663],[96.765,17.19609],[96.7641,17.19618],[96.7641,17.19663],[96.7632,17.19654],[96.76338,17.19762],[96.7641,17.19762]]],[[[96.63043,17.19726],[96.63052,17.19663],[96.63007,17.19663],[96.62989,17.1978],[96.63061,17.19789],[96.63052,17.19726],[96.63043,17.19726]]],[[[96.61686,17.19816],[96.61695,17.19717],[96.61632,17.19708],[96.61623,17.19672],[96.61695,17.19681],[96.61695,17.19645],[96.61543,17.19609],[96.61507,17.19681],[96.61587,17.19789],[96.61659,17.19816],[96.61686,17.19816]]],[[[96.54922,17.19825],[96.5494,17.19753],[96.54886,17.19735],[96.54895,17.19789],[96.54859,17.19789],[96.54859,17.19726],[96.54823,17.19726],[96.54832,17.19807],[96.54877,17.19825],[96.54922,17.19825]]],[[[96.69151,17.19825],[96.69214,17.19753],[96.69214,17.19726],[96.69178,17.19726],[96.69178,17.19663],[96.69142,17.19663],[96.69169,17.19753],[96.69124,17.19825],[96.69151,17.19825]]],[[[96.53628,17.19834],[96.53664,17.19798],[96.53664,17.19708],[96.53601,17.19735],[96.53601,17.19834],[96.53628,17.19834]]],[[[96.84279,17.19843],[96.84324,17.19798],[96.84324,17.19735],[96.84405,17.19753],[96.8445,17.19825],[96.84512,17.19825],[96.84521,17.1978],[96.84468,17.19753],[96.84486,17.19699],[96.8436,17.19681],[96.8436,17.19708],[96.84306,17.19708],[96.84099,17.19663],[96.84099,17.1969],[96.84153,17.1969],[96.84153,17.19735],[96.84018,17.1978],[96.83911,17.19762],[96.83938,17.19681],[96.8383,17.19681],[96.83821,17.19726],[96.83758,17.19708],[96.83767,17.19753],[96.83875,17.19735],[96.83884,17.19789],[96.8392,17.19807],[96.84081,17.19798],[96.84081,17.19825],[96.8418,17.19816],[96.84171,17.19744],[96.84207,17.19735],[96.84234,17.19771],[96.84288,17.19771],[96.84288,17.19798],[96.84225,17.19789],[96.84234,17.19843],[96.84279,17.19843]]],[[[96.6192,17.19852],[96.61929,17.19816],[96.61974,17.19816],[96.61974,17.19771],[96.61938,17.19744],[96.61884,17.19753],[96.61893,17.19852],[96.6192,17.19852]]],[[[96.69978,17.1987],[96.70023,17.19861],[96.69996,17.1978],[96.69897,17.19744],[96.6987,17.19843],[96.69933,17.1987],[96.69978,17.1987]]],[[[96.62549,17.19887],[96.62549,17.19852],[96.62621,17.19852],[96.62621,17.19825],[96.62558,17.19825],[96.62576,17.19762],[96.62441,17.19753],[96.62351,17.19816],[96.62351,17.1987],[96.62378,17.1987],[96.62396,17.19816],[96.62486,17.19798],[96.62495,17.19852],[96.62468,17.19879],[96.62495,17.19887],[96.62549,17.19887]]],[[[96.83533,17.19887],[96.83533,17.19843],[96.83587,17.19834],[96.83587,17.19807],[96.8347,17.19789],[96.8347,17.19816],[96.83506,17.19816],[96.83506,17.19887],[96.83533,17.19887]]],[[[96.78233,17.19896],[96.78233,17.1987],[96.78368,17.19879],[96.78332,17.19825],[96.7835,17.19798],[96.78413,17.19807],[96.78386,17.19744],[96.78404,17.19627],[96.7853,17.19627],[96.78521,17.19573],[96.78476,17.19555],[96.78467,17.19483],[96.78224,17.19492],[96.78152,17.19465],[96.78108,17.19492],[96.78143,17.19555],[96.78134,17.19636],[96.78224,17.19627],[96.78197,17.1969],[96.78251,17.1978],[96.7817,17.19726],[96.78108,17.19735],[96.78099,17.19672],[96.78072,17.19672],[96.78072,17.19726],[96.78027,17.19735],[96.77847,17.19735],[96.77874,17.19708],[96.77847,17.19672],[96.77802,17.19672],[96.77811,17.19726],[96.77766,17.19726],[96.77784,17.19834],[96.78134,17.19825],[96.78188,17.19834],[96.78188,17.19905],[96.78233,17.19905],[96.78233,17.19896]]],[[[96.8074,17.19852],[96.8074,17.19807],[96.80776,17.19807],[96.80892,17.19843],[96.80991,17.19834],[96.81036,17.1987],[96.81036,17.19825],[96.81072,17.19816],[96.81117,17.1987],[96.81171,17.1987],[96.81135,17.19816],[96.81198,17.19789],[96.81243,17.19654],[96.81234,17.19591],[96.81162,17.19555],[96.81135,17.19591],[96.81072,17.19591],[96.81072,17.19681],[96.80991,17.19672],[96.81063,17.1978],[96.80901,17.1978],[96.80901,17.19735],[96.8082,17.19789],[96.80749,17.1978],[96.80749,17.19726],[96.80695,17.19726],[96.80659,17.19645],[96.80578,17.19645],[96.80605,17.19681],[96.80587,17.19762],[96.8065,17.19789],[96.80659,17.19834],[96.80713,17.19843],[96.80722,17.19905],[96.80776,17.19905],[96.80749,17.19852],[96.8074,17.19852]]],[[[96.84692,17.19905],[96.8471,17.19852],[96.84584,17.19843],[96.84584,17.19879],[96.84647,17.19905],[96.84692,17.19905]]],[[[96.62153,17.19941],[96.6218,17.1978],[96.62082,17.1978],[96.62028,17.19816],[96.62028,17.1987],[96.62073,17.19879],[96.62109,17.19941],[96.62153,17.19941]]],[[[96.55183,17.19959],[96.55191,17.19905],[96.5529,17.1995],[96.55245,17.19807],[96.55218,17.19807],[96.55209,17.19852],[96.55129,17.19852],[96.55111,17.19896],[96.55075,17.19896],[96.5512,17.19959],[96.55183,17.19959]]],[[[96.772,17.19977],[96.77254,17.1995],[96.77236,17.19852],[96.77173,17.1987],[96.77173,17.19977],[96.772,17.19977]]],[[[96.61677,17.19986],[96.61731,17.19932],[96.61731,17.19834],[96.61686,17.19834],[96.61704,17.19923],[96.61668,17.19923],[96.61668,17.19879],[96.61641,17.19879],[96.61614,17.19977],[96.6165,17.19986],[96.61677,17.19986]]],[[[96.84045,17.19986],[96.84045,17.19959],[96.84117,17.19932],[96.84108,17.19896],[96.84009,17.19923],[96.84018,17.19986],[96.84045,17.19986]]],[[[96.81261,17.19995],[96.8127,17.19896],[96.81404,17.1995],[96.81449,17.19887],[96.81449,17.19843],[96.81395,17.19834],[96.81395,17.19807],[96.81449,17.19807],[96.81458,17.19717],[96.81368,17.19735],[96.81368,17.1978],[96.81323,17.19843],[96.81288,17.19843],[96.81288,17.19879],[96.8118,17.19861],[96.81198,17.19914],[96.81252,17.19914],[96.81234,17.19995],[96.81261,17.19995]]],[[[96.6996,17.19986],[96.6996,17.19914],[96.69906,17.19923],[96.69906,17.20004],[96.69969,17.20013],[96.69969,17.19986],[96.6996,17.19986]]],[[[96.83003,17.18163],[96.83003,17.18127],[96.83111,17.18127],[96.83111,17.181],[96.83075,17.181],[96.83075,17.18073],[96.82913,17.18082],[96.82922,17.18001],[96.8286,17.18001],[96.82851,17.18082],[96.82878,17.18109],[96.82824,17.18082],[96.8277,17.18127],[96.82644,17.18145],[96.82635,17.18199],[96.82608,17.18199],[96.82617,17.18288],[96.82689,17.18324],[96.82689,17.18351],[96.82653,17.18378],[96.82563,17.18351],[96.82563,17.18396],[96.82518,17.18405],[96.82482,17.18342],[96.82509,17.18253],[96.8241,17.18253],[96.8241,17.18226],[96.82527,17.18172],[96.82509,17.18118],[96.82446,17.18064],[96.82348,17.18082],[96.82348,17.18055],[96.82303,17.18055],[96.82258,17.17947],[96.82195,17.17938],[96.82195,17.17884],[96.82159,17.17866],[96.82096,17.17857],[96.82096,17.17893],[96.81907,17.17893],[96.81907,17.17857],[96.81862,17.17893],[96.81782,17.17875],[96.81764,17.17929],[96.81647,17.17938],[96.81638,17.1801],[96.81557,17.17992],[96.81521,17.18028],[96.81521,17.18091],[96.81593,17.18037],[96.818,17.18064],[96.818,17.18037],[96.8188,17.1801],[96.81853,17.17929],[96.81943,17.1792],[96.81952,17.18028],[96.81862,17.18064],[96.81862,17.18109],[96.81979,17.18109],[96.81979,17.18064],[96.82006,17.18055],[96.8224,17.18073],[96.8224,17.18046],[96.82276,17.18046],[96.82312,17.18136],[96.82401,17.18163],[96.82375,17.1819],[96.82383,17.18262],[96.82401,17.18297],[96.82455,17.18297],[96.82464,17.18369],[96.82428,17.18387],[96.82428,17.18441],[96.825,17.18468],[96.82491,17.18522],[96.82563,17.18531],[96.82581,17.18594],[96.82644,17.18576],[96.82644,17.18612],[96.82671,17.18612],[96.82671,17.18567],[96.82707,17.18567],[96.82743,17.18612],[96.82788,17.18612],[96.82788,17.18639],[96.82689,17.18657],[96.82644,17.18711],[96.82599,17.18711],[96.82599,17.18675],[96.82572,17.18675],[96.82572,17.1872],[96.82509,17.1872],[96.82509,17.18756],[96.82554,17.18756],[96.82563,17.18792],[96.82644,17.18783],[96.82644,17.18738],[96.82761,17.18729],[96.82743,17.18675],[96.82833,17.18693],[96.82842,17.1872],[96.82896,17.1872],[96.82905,17.18684],[96.8303,17.18711],[96.83066,17.18801],[96.83102,17.18801],[96.83093,17.18881],[96.8312,17.18917],[96.83183,17.18899],[96.83228,17.18962],[96.83354,17.18989],[96.83435,17.19079],[96.83479,17.19079],[96.83479,17.19124],[96.83551,17.19088],[96.83515,17.19241],[96.83435,17.1925],[96.83399,17.19178],[96.83291,17.19142],[96.833,17.19061],[96.83264,17.19043],[96.83228,17.19043],[96.83228,17.19088],[96.83147,17.19079],[96.83156,17.19151],[96.83111,17.1916],[96.83138,17.1925],[96.83075,17.19214],[96.83075,17.1916],[96.82967,17.19169],[96.82967,17.19205],[96.82896,17.19232],[96.82896,17.19259],[96.83066,17.19268],[96.83066,17.19313],[96.83156,17.19331],[96.83165,17.19375],[96.83219,17.19393],[96.83237,17.19465],[96.83309,17.19447],[96.83309,17.19474],[96.83506,17.19537],[96.83488,17.19627],[96.8339,17.19636],[96.83354,17.196],[96.83363,17.19537],[96.83192,17.19555],[96.83201,17.19483],[96.83147,17.1951],[96.8312,17.19474],[96.8312,17.19429],[96.83165,17.19429],[96.83165,17.19402],[96.83003,17.19411],[96.82994,17.19313],[96.82958,17.19313],[96.82949,17.19357],[96.82851,17.1934],[96.82797,17.19375],[96.82707,17.19375],[96.82734,17.19474],[96.8268,17.19465],[96.8268,17.19501],[96.82644,17.19501],[96.82653,17.19636],[96.82698,17.19636],[96.82698,17.19699],[96.82878,17.19699],[96.82922,17.1978],[96.83003,17.19744],[96.83003,17.19699],[96.83102,17.19726],[96.83138,17.19843],[96.83183,17.19861],[96.83156,17.20004],[96.8321,17.20013],[96.83219,17.19923],[96.83264,17.19914],[96.83273,17.19834],[96.83318,17.19834],[96.83327,17.19798],[96.83309,17.19762],[96.8312,17.19699],[96.83165,17.19645],[96.83533,17.19753],[96.83587,17.19753],[96.83623,17.19708],[96.8374,17.19717],[96.83713,17.19645],[96.83668,17.19645],[96.83668,17.19681],[96.83614,17.19681],[96.83614,17.19636],[96.8356,17.19645],[96.83515,17.19501],[96.83668,17.19501],[96.83686,17.19537],[96.8374,17.19537],[96.83767,17.19528],[96.83767,17.19438],[96.83722,17.19429],[96.83722,17.19465],[96.83695,17.19465],[96.8365,17.19402],[96.83551,17.19438],[96.83578,17.19357],[96.83659,17.19366],[96.83659,17.1934],[96.83587,17.19322],[96.83497,17.19411],[96.83497,17.19357],[96.83435,17.19375],[96.83417,17.19304],[96.83488,17.19268],[96.83587,17.19304],[96.83659,17.19241],[96.83839,17.1934],[96.83857,17.19402],[96.83974,17.19456],[96.83974,17.19501],[96.84,17.19501],[96.84009,17.1942],[96.83893,17.19366],[96.83848,17.19313],[96.83857,17.1925],[96.83803,17.19259],[96.83776,17.19196],[96.83641,17.1916],[96.83659,17.19097],[96.83587,17.19079],[96.83551,17.18989],[96.83497,17.18989],[96.83497,17.18953],[96.83461,17.18953],[96.8347,17.18827],[96.83354,17.18863],[96.83336,17.18774],[96.8321,17.18765],[96.83183,17.18693],[96.8312,17.18693],[96.83093,17.18648],[96.8303,17.18639],[96.83021,17.18576],[96.82958,17.18585],[96.82949,17.1854],[96.82994,17.18459],[96.8286,17.18495],[96.82743,17.18441],[96.82716,17.1836],[96.82815,17.18378],[96.82824,17.18342],[96.82887,17.18333],[96.82905,17.18288],[96.82851,17.18199],[96.82958,17.18199],[96.82967,17.18163],[96.83003,17.18163]],[[96.83345,17.19241],[96.83345,17.19268],[96.83309,17.19268],[96.83291,17.19349],[96.83192,17.19304],[96.83183,17.19241],[96.83309,17.19241],[96.83345,17.19241]],[[96.8206,17.1801],[96.8206,17.17956],[96.82105,17.17938],[96.82204,17.17992],[96.82204,17.18019],[96.8215,17.1801],[96.8206,17.1801]]],[[[96.7614,17.20022],[96.7623,17.19968],[96.76248,17.19914],[96.76149,17.19923],[96.76149,17.19959],[96.76059,17.19923],[96.76104,17.20022],[96.7614,17.20022]]],[[[96.83363,17.2004],[96.83578,17.19986],[96.83668,17.19887],[96.8374,17.19896],[96.8374,17.19932],[96.83677,17.1995],[96.83677,17.19977],[96.83713,17.19977],[96.83884,17.19923],[96.83902,17.19879],[96.83767,17.19887],[96.83776,17.19807],[96.83731,17.19762],[96.8374,17.19816],[96.83641,17.19852],[96.83641,17.19896],[96.83587,17.19879],[96.83578,17.19932],[96.83542,17.19896],[96.8347,17.19932],[96.8347,17.19887],[96.83426,17.19879],[96.83426,17.19789],[96.83354,17.1978],[96.83426,17.19959],[96.833,17.19977],[96.83336,17.2004],[96.83363,17.2004]]],[[[96.58219,17.20049],[96.58318,17.20013],[96.58318,17.19762],[96.58174,17.19753],[96.5812,17.19789],[96.58129,17.19726],[96.58093,17.19726],[96.58075,17.19798],[96.57967,17.19789],[96.57958,17.19834],[96.57725,17.19852],[96.57725,17.19905],[96.57949,17.19887],[96.57949,17.19932],[96.58075,17.19968],[96.5812,17.19968],[96.58147,17.19923],[96.58219,17.19941],[96.58228,17.20004],[96.58165,17.19995],[96.58192,17.20049],[96.58219,17.20049]]],[[[96.62019,17.1995],[96.62037,17.19896],[96.61992,17.19879],[96.61992,17.19914],[96.61956,17.19914],[96.61911,17.19977],[96.62064,17.20049],[96.62082,17.20094],[96.62144,17.20094],[96.62117,17.19995],[96.62028,17.1995],[96.62019,17.1995]]],[[[96.85007,17.20121],[96.85105,17.20067],[96.85105,17.20022],[96.85186,17.20004],[96.85168,17.19941],[96.85231,17.1995],[96.85267,17.19843],[96.85402,17.19879],[96.8542,17.19834],[96.85375,17.19825],[96.85366,17.19789],[96.85429,17.19789],[96.85429,17.19744],[96.85537,17.19753],[96.8551,17.19555],[96.85447,17.19555],[96.85447,17.196],[96.85411,17.196],[96.85411,17.19555],[96.85375,17.19537],[96.85276,17.19537],[96.85276,17.19582],[96.85249,17.19582],[96.85222,17.19492],[96.85177,17.19492],[96.85168,17.19564],[96.85105,17.19573],[96.85051,17.19537],[96.85034,17.19627],[96.85105,17.19627],[96.8515,17.19699],[96.85222,17.19699],[96.8524,17.19789],[96.85186,17.19771],[96.85025,17.19816],[96.84998,17.19789],[96.84935,17.19807],[96.84917,17.19735],[96.8489,17.19735],[96.84872,17.19816],[96.84935,17.19852],[96.84953,17.19959],[96.84998,17.19959],[96.84971,17.20049],[96.84926,17.20067],[96.84953,17.20121],[96.85007,17.20121]]],[[[96.55766,17.20139],[96.55793,17.2013],[96.55766,17.2004],[96.55695,17.20067],[96.55686,17.20139],[96.55766,17.20139]]],[[[96.60932,17.20058],[96.60887,17.20058],[96.60887,17.20094],[96.60914,17.20094],[96.60923,17.20139],[96.60995,17.20139],[96.60995,17.20076],[96.60932,17.20076],[96.60932,17.20058]]],[[[96.77847,17.20166],[96.77865,17.20103],[96.77811,17.20067],[96.77811,17.20013],[96.77784,17.20013],[96.77766,17.20085],[96.77829,17.20103],[96.7782,17.20166],[96.77847,17.20166]]],[[[96.78143,17.20166],[96.78242,17.20157],[96.78242,17.20103],[96.78278,17.20103],[96.78278,17.20067],[96.78206,17.20094],[96.78206,17.20121],[96.78099,17.20085],[96.78063,17.20103],[96.78063,17.20166],[96.78143,17.20166]]],[[[96.55901,17.20184],[96.55901,17.20139],[96.55991,17.20166],[96.55991,17.2013],[96.56054,17.20103],[96.56045,17.20031],[96.55973,17.20031],[96.55982,17.20121],[96.55865,17.20121],[96.55874,17.20184],[96.55901,17.20184]]],[[[96.7066,17.20166],[96.70687,17.20094],[96.70571,17.20076],[96.70571,17.20004],[96.70625,17.20004],[96.70643,17.20049],[96.70804,17.2004],[96.70804,17.20004],[96.7084,17.20004],[96.70858,17.20076],[96.70921,17.20076],[96.70894,17.20004],[96.70993,17.1995],[96.70993,17.19923],[96.70957,17.19923],[96.70957,17.19879],[96.70804,17.19852],[96.70849,17.19941],[96.7075,17.19968],[96.70732,17.19816],[96.70903,17.19843],[96.70966,17.19825],[96.70966,17.19879],[96.7102,17.19879],[96.71029,17.19932],[96.71074,17.19923],[96.71083,17.19861],[96.70993,17.19825],[96.71029,17.19762],[96.7093,17.19744],[96.7093,17.1978],[96.70876,17.19789],[96.70894,17.19726],[96.70822,17.19726],[96.70795,17.19636],[96.70768,17.19636],[96.70786,17.19726],[96.70741,17.19726],[96.70678,17.19501],[96.70589,17.19501],[96.70553,17.1951],[96.70553,17.19573],[96.70616,17.19573],[96.70625,17.19654],[96.70562,17.19699],[96.70562,17.1987],[96.70535,17.1987],[96.70535,17.19905],[96.70427,17.19879],[96.704,17.19977],[96.70427,17.20067],[96.70535,17.20112],[96.70562,17.2022],[96.70669,17.2022],[96.70669,17.20166],[96.7066,17.20166]],[[96.70607,17.1995],[96.70616,17.19905],[96.70669,17.19905],[96.70678,17.19986],[96.70625,17.19995],[96.70625,17.1995],[96.70607,17.1995]]],[[[96.78413,17.20085],[96.78485,17.20085],[96.78458,17.19968],[96.78494,17.19941],[96.78521,17.19995],[96.78611,17.20022],[96.78611,17.20049],[96.78566,17.20058],[96.78611,17.20121],[96.78539,17.20094],[96.78512,17.20121],[96.78413,17.20112],[96.78413,17.20085],[96.7835,17.20076],[96.78359,17.20148],[96.78386,17.20148],[96.78422,17.2022],[96.78449,17.2022],[96.78449,17.20148],[96.78494,17.20148],[96.78494,17.20193],[96.78655,17.20175],[96.78647,17.20112],[96.78682,17.20103],[96.787,17.20013],[96.78862,17.20031],[96.78862,17.19968],[96.78808,17.19968],[96.78808,17.19932],[96.7888,17.19959],[96.78916,17.19941],[96.78925,17.19879],[96.78853,17.19896],[96.78835,17.19861],[96.78889,17.19861],[96.78889,17.19825],[96.78952,17.19798],[96.79042,17.19825],[96.79033,17.19744],[96.7897,17.19735],[96.7897,17.19681],[96.78907,17.19663],[96.78853,17.19807],[96.78709,17.19807],[96.787,17.19762],[96.78673,17.19762],[96.78638,17.19825],[96.78709,17.19852],[96.78709,17.19887],[96.78664,17.19887],[96.78664,17.19932],[96.78611,17.19905],[96.78584,17.19968],[96.7853,17.1995],[96.78557,17.1987],[96.78404,17.1987],[96.78404,17.19914],[96.78341,17.19914],[96.78341,17.1995],[96.78422,17.19977],[96.78422,17.20004],[96.78377,17.20004],[96.78413,17.20058],[96.78413,17.20085]]],[[[96.79563,17.2022],[96.79563,17.20193],[96.79617,17.20193],[96.79626,17.20067],[96.795,17.20112],[96.79527,17.2022],[96.79563,17.2022]]],[[[96.61156,17.20049],[96.61129,17.20076],[96.61156,17.20049],[96.61147,17.19986],[96.61201,17.19968],[96.61201,17.19843],[96.61129,17.19843],[96.61111,17.19923],[96.61049,17.1995],[96.61049,17.20022],[96.61084,17.20058],[96.61066,17.20166],[96.6112,17.20166],[96.61138,17.20247],[96.6121,17.20247],[96.61201,17.20166],[96.61228,17.20139],[96.61219,17.20076],[96.61183,17.20076],[96.61183,17.20049],[96.61156,17.20049]]],[[[96.71262,17.20247],[96.71289,17.20229],[96.71262,17.20112],[96.71199,17.20085],[96.71217,17.20247],[96.71262,17.20247]]],[[[96.84584,17.20247],[96.84611,17.20175],[96.84539,17.20184],[96.84521,17.20238],[96.84548,17.20247],[96.84584,17.20247]]],[[[96.56243,17.20328],[96.56269,17.20292],[96.56252,17.20184],[96.56198,17.20193],[96.56198,17.20265],[96.56225,17.20265],[96.56198,17.20328],[96.56243,17.20328]]],[[[96.7111,17.20364],[96.71083,17.20265],[96.71128,17.2022],[96.71038,17.2013],[96.71038,17.20166],[96.70993,17.20175],[96.70984,17.20274],[96.71011,17.20364],[96.71074,17.20364],[96.7111,17.20364]]],[[[96.61713,17.20373],[96.61713,17.20328],[96.6183,17.2031],[96.61794,17.20193],[96.61677,17.20211],[96.61516,17.20184],[96.61525,17.20247],[96.61659,17.20265],[96.61659,17.20301],[96.61605,17.2031],[96.61605,17.20337],[96.61659,17.20337],[96.61677,17.20373],[96.61713,17.20373]]],[[[96.78072,17.20373],[96.78099,17.20283],[96.77946,17.20283],[96.77946,17.20337],[96.78018,17.20373],[96.78072,17.20373]]],[[[96.61255,17.204],[96.61255,17.20364],[96.61156,17.20364],[96.61147,17.20328],[96.61111,17.20328],[96.61129,17.204],[96.61201,17.204],[96.61255,17.204]]],[[[96.69205,17.20409],[96.69196,17.20337],[96.69088,17.20346],[96.69106,17.20247],[96.69052,17.20256],[96.69052,17.20211],[96.69008,17.2022],[96.69008,17.20283],[96.68972,17.20283],[96.68972,17.20238],[96.68945,17.20238],[96.68891,17.20319],[96.68747,17.20319],[96.68747,17.20346],[96.689,17.20355],[96.68927,17.20391],[96.69017,17.20382],[96.6907,17.20409],[96.69205,17.20409]]],[[[96.70921,17.20444],[96.70912,17.20355],[96.70822,17.20364],[96.70849,17.20444],[96.70921,17.20444]]],[[[96.69969,17.20453],[96.6996,17.20247],[96.70166,17.20211],[96.70193,17.20328],[96.70274,17.20355],[96.70184,17.20058],[96.70193,17.20004],[96.70148,17.19968],[96.70032,17.19995],[96.70041,17.20031],[96.70077,17.20031],[96.70086,17.20094],[96.7013,17.20094],[96.70157,17.2013],[96.70157,17.20166],[96.70095,17.20193],[96.70014,17.20193],[96.69969,17.20076],[96.69897,17.20076],[96.69888,17.20049],[96.69852,17.20049],[96.69843,17.20112],[96.69762,17.20112],[96.69762,17.20157],[96.69843,17.20184],[96.6987,17.20283],[96.69897,17.20292],[96.69897,17.20355],[96.69816,17.20373],[96.69789,17.20417],[96.69924,17.20391],[96.69942,17.20453],[96.69969,17.20453]]],[[[96.55874,17.20417],[96.55874,17.20373],[96.55829,17.20373],[96.55811,17.20453],[96.55892,17.20471],[96.55883,17.20417],[96.55874,17.20417]]],[[[96.7535,17.20471],[96.75422,17.20426],[96.75448,17.20426],[96.75448,17.20462],[96.75502,17.20453],[96.75502,17.20346],[96.75278,17.20391],[96.75323,17.20471],[96.7535,17.20471]]],[[[96.81332,17.2048],[96.81332,17.20453],[96.81431,17.20426],[96.8144,17.20355],[96.81503,17.20337],[96.81476,17.20274],[96.8144,17.20274],[96.81404,17.204],[96.81288,17.20435],[96.81288,17.2048],[96.81332,17.2048]]],[[[96.84315,17.20498],[96.84351,17.20489],[96.84324,17.20435],[96.84243,17.20435],[96.84261,17.20498],[96.84315,17.20498]]],[[[96.78081,17.20435],[96.78054,17.20462],[96.78081,17.20409],[96.78009,17.20426],[96.78009,17.20507],[96.78161,17.2048],[96.78197,17.20373],[96.78143,17.20355],[96.78108,17.20435],[96.78081,17.20435]]],[[[96.68855,17.20516],[96.68828,17.204],[96.68774,17.204],[96.68747,17.2048],[96.68819,17.2048],[96.68819,17.20516],[96.68855,17.20516]]],[[[96.69475,17.20525],[96.6952,17.20462],[96.69582,17.20444],[96.69556,17.20417],[96.69582,17.20328],[96.69511,17.20328],[96.69556,17.20283],[96.69547,17.20202],[96.6952,17.20202],[96.69511,17.20256],[96.69448,17.20274],[96.69457,17.20346],[96.6943,17.20346],[96.69403,17.20202],[96.69286,17.20238],[96.69295,17.20139],[96.69196,17.20166],[96.69295,17.20409],[96.69367,17.20453],[96.69475,17.20462],[96.69448,17.20525],[96.69475,17.20525]]],[[[96.76464,17.20534],[96.76464,17.20382],[96.7641,17.20382],[96.76446,17.20337],[96.765,17.20355],[96.765,17.20462],[96.76607,17.20462],[96.76598,17.20409],[96.76535,17.20409],[96.76535,17.20382],[96.76571,17.20382],[96.76598,17.20337],[96.76688,17.20328],[96.76688,17.20453],[96.76715,17.20453],[96.76733,17.20516],[96.76814,17.20525],[96.76859,17.20453],[96.76778,17.20462],[96.76724,17.20426],[96.76751,17.20337],[96.76814,17.20328],[96.76859,17.20373],[96.76913,17.20373],[96.76913,17.20346],[96.77065,17.20328],[96.76994,17.2022],[96.7703,17.2022],[96.77039,17.20256],[96.7711,17.2022],[96.7711,17.20049],[96.77039,17.20058],[96.77074,17.19887],[96.77003,17.19896],[96.76976,17.19968],[96.76922,17.19977],[96.76868,17.1978],[96.76823,17.1978],[96.76778,17.19807],[96.76778,17.19852],[96.76706,17.19861],[96.76706,17.19905],[96.7667,17.19932],[96.76634,17.19896],[96.7658,17.19905],[96.7658,17.19959],[96.76544,17.19959],[96.76535,17.19923],[96.76455,17.19923],[96.76428,17.19959],[96.76437,17.20058],[96.76589,17.20049],[96.76589,17.20013],[96.76643,17.20013],[96.76697,17.1995],[96.7676,17.19959],[96.76769,17.20004],[96.76742,17.20004],[96.76751,17.20076],[96.76706,17.20076],[96.76697,17.20157],[96.76697,17.20202],[96.7676,17.20211],[96.7676,17.20238],[96.76526,17.20238],[96.76464,17.20274],[96.76437,17.20229],[96.76374,17.20229],[96.7632,17.20283],[96.76149,17.20265],[96.76221,17.20382],[96.76311,17.20319],[96.76293,17.20453],[96.76437,17.20471],[96.76437,17.20534],[96.76464,17.20534]]],[[[96.68711,17.20507],[96.68675,17.20417],[96.68594,17.20426],[96.68594,17.2048],[96.68666,17.20462],[96.68648,17.20525],[96.68684,17.20525],[96.68702,17.20588],[96.68747,17.20588],[96.6872,17.20507],[96.68711,17.20507]]],[[[96.70939,17.20606],[96.71065,17.2057],[96.71047,17.2048],[96.70885,17.20507],[96.70903,17.20606],[96.70939,17.20606]]],[[[96.7544,17.20633],[96.75493,17.20561],[96.75484,17.20525],[96.75395,17.20588],[96.75404,17.20633],[96.7544,17.20633]]],[[[96.70265,17.20651],[96.70274,17.20588],[96.70193,17.20588],[96.70202,17.20651],[96.70265,17.20651]]],[[[96.78224,17.20606],[96.78224,17.20579],[96.78278,17.20579],[96.78314,17.20642],[96.7835,17.20642],[96.78341,17.20561],[96.78377,17.20561],[96.78404,17.20498],[96.78323,17.20498],[96.78314,17.20561],[96.78287,17.20561],[96.78278,17.20507],[96.78188,17.20507],[96.78179,17.20624],[96.78269,17.20651],[96.78233,17.20606],[96.78224,17.20606]]],[[[96.84468,17.20651],[96.84557,17.20642],[96.84557,17.20543],[96.84638,17.20507],[96.8462,17.20453],[96.84441,17.20516],[96.84468,17.20579],[96.84396,17.20579],[96.84423,17.20651],[96.84468,17.20651]]],[[[96.7729,17.20696],[96.77299,17.20624],[96.77263,17.20624],[96.7729,17.2057],[96.77389,17.20579],[96.77389,17.20543],[96.77425,17.20543],[96.77452,17.20696],[96.77488,17.20696],[96.77506,17.20597],[96.77533,17.20597],[96.77533,17.20651],[96.77586,17.20606],[96.77578,17.20534],[96.77542,17.20525],[96.77569,17.20435],[96.77479,17.20462],[96.77479,17.20435],[96.77515,17.20435],[96.77524,17.20265],[96.77344,17.20274],[96.77353,17.20364],[96.77398,17.20373],[96.77425,17.20453],[96.77344,17.20453],[96.77335,17.2048],[96.77083,17.20462],[96.77119,17.20507],[96.77182,17.20498],[96.77182,17.20552],[96.77218,17.20552],[96.77218,17.20597],[96.77155,17.20633],[96.77155,17.20669],[96.77227,17.20669],[96.77272,17.20741],[96.77299,17.20741],[96.77299,17.20696],[96.7729,17.20696]]],[[[96.71298,17.2075],[96.71298,17.20579],[96.71271,17.20534],[96.71199,17.20525],[96.71262,17.2075],[96.71298,17.2075]]],[[[96.61282,17.20759],[96.61318,17.2075],[96.61318,17.20696],[96.61228,17.20669],[96.61219,17.20633],[96.61049,17.2066],[96.61049,17.20624],[96.61022,17.20624],[96.61013,17.20732],[96.61228,17.20759],[96.61237,17.20723],[96.61201,17.20714],[96.61228,17.20687],[96.61264,17.20705],[96.61255,17.20759],[96.61282,17.20759]]],[[[96.70193,17.20759],[96.70238,17.20696],[96.70139,17.20669],[96.70157,17.20759],[96.70193,17.20759]]],[[[96.53934,17.20804],[96.53961,17.2075],[96.53961,17.20552],[96.54015,17.20579],[96.54051,17.20489],[96.54051,17.20453],[96.53979,17.20471],[96.54042,17.20175],[96.53952,17.20193],[96.53952,17.20157],[96.53898,17.20166],[96.53889,17.20121],[96.53979,17.20121],[96.53961,17.20058],[96.53997,17.20058],[96.53997,17.19995],[96.53961,17.19995],[96.53961,17.19959],[96.5388,17.19977],[96.53853,17.20148],[96.53808,17.20148],[96.53817,17.20076],[96.53718,17.20094],[96.53718,17.20067],[96.53628,17.20058],[96.53646,17.2013],[96.53575,17.20112],[96.53494,17.20139],[96.53476,17.2022],[96.53512,17.20256],[96.53413,17.20265],[96.53413,17.20301],[96.53377,17.20274],[96.53323,17.20292],[96.53296,17.20247],[96.53323,17.20202],[96.53422,17.20238],[96.5344,17.20094],[96.53368,17.20103],[96.53404,17.20175],[96.53359,17.20175],[96.5335,17.20067],[96.53305,17.20067],[96.53251,17.20256],[96.53197,17.20274],[96.53224,17.20391],[96.53278,17.204],[96.53242,17.20462],[96.53359,17.20489],[96.53359,17.20426],[96.53422,17.20426],[96.53413,17.20489],[96.53377,17.20489],[96.53377,17.20516],[96.53422,17.20516],[96.53404,17.20597],[96.53467,17.20651],[96.53467,17.20705],[96.53512,17.20723],[96.53557,17.20723],[96.53521,17.20543],[96.53566,17.20543],[96.53566,17.20507],[96.53718,17.20534],[96.53727,17.20471],[96.53808,17.20462],[96.53817,17.20552],[96.53763,17.20561],[96.53772,17.20696],[96.53709,17.20723],[96.53709,17.20768],[96.53853,17.20732],[96.53826,17.20804],[96.5388,17.20804],[96.53934,17.20804]],[[96.53682,17.20444],[96.53682,17.20364],[96.53817,17.20382],[96.53817,17.20409],[96.53727,17.20444],[96.53682,17.20444]]],[[[96.75035,17.20804],[96.75062,17.20795],[96.75062,17.2075],[96.74954,17.20777],[96.74954,17.20723],[96.7491,17.20714],[96.7491,17.20777],[96.74945,17.20777],[96.74945,17.20804],[96.75035,17.20804]]],[[[96.53062,17.2084],[96.5308,17.20714],[96.53036,17.20714],[96.53036,17.20678],[96.53071,17.20669],[96.53062,17.20597],[96.53098,17.20606],[96.53107,17.20669],[96.53287,17.20642],[96.53332,17.20777],[96.53386,17.20777],[96.53386,17.20633],[96.53359,17.20552],[96.53332,17.20552],[96.53332,17.20597],[96.53251,17.20606],[96.53251,17.20561],[96.53206,17.20552],[96.53206,17.20525],[96.53053,17.20498],[96.53053,17.20471],[96.52973,17.2048],[96.52973,17.20453],[96.53018,17.20444],[96.52973,17.20391],[96.53018,17.20391],[96.53027,17.20346],[96.53,17.20337],[96.53009,17.20274],[96.52928,17.20256],[96.52964,17.20355],[96.52919,17.20364],[96.52919,17.20426],[96.52847,17.20409],[96.52847,17.20435],[96.52937,17.20453],[96.52937,17.20489],[96.5291,17.20489],[96.52928,17.20561],[96.53,17.20579],[96.53,17.20606],[96.52919,17.20597],[96.52919,17.20642],[96.52937,17.20723],[96.52973,17.20723],[96.52964,17.20804],[96.53036,17.2084],[96.53062,17.2084]]],[[[96.53646,17.20822],[96.53637,17.20759],[96.5361,17.20759],[96.53601,17.20822],[96.53521,17.20768],[96.53584,17.20876],[96.53655,17.20876],[96.53655,17.20822],[96.53646,17.20822]]],[[[96.54859,17.20894],[96.5494,17.20867],[96.54904,17.20804],[96.54949,17.20804],[96.54949,17.20777],[96.54796,17.20777],[96.54805,17.20894],[96.54859,17.20894]]],[[[96.69582,17.20912],[96.69582,17.20867],[96.6952,17.20822],[96.69457,17.2084],[96.69394,17.20795],[96.69385,17.20885],[96.69448,17.20903],[96.6952,17.20876],[96.69529,17.20912],[96.69582,17.20912]]],[[[96.87225,17.20939],[96.87243,17.20912],[96.87351,17.20912],[96.8736,17.20849],[96.87172,17.20867],[96.87189,17.20939],[96.87225,17.20939]]],[[[96.5282,17.20948],[96.52901,17.20921],[96.52901,17.20876],[96.52973,17.20903],[96.53,17.2084],[96.52874,17.2084],[96.52874,17.20867],[96.52802,17.20885],[96.52784,17.20948],[96.5282,17.20948]]],[[[96.53637,17.20948],[96.53718,17.20939],[96.53745,17.20849],[96.53709,17.20858],[96.53709,17.20894],[96.53566,17.20885],[96.53575,17.20948],[96.53637,17.20948]]],[[[96.77461,17.20956],[96.77461,17.20885],[96.77353,17.20894],[96.77353,17.2093],[96.77425,17.20956],[96.77461,17.20956]]],[[[96.87414,17.20992],[96.87432,17.20965],[96.87531,17.20974],[96.87531,17.20939],[96.87594,17.20974],[96.87603,17.2093],[96.87468,17.20867],[96.87441,17.2093],[96.87369,17.20956],[96.87387,17.20992],[96.87414,17.20992]]],[[[96.60797,17.2101],[96.60869,17.20921],[96.60869,17.20885],[96.60833,17.20876],[96.60833,17.20759],[96.60914,17.20714],[96.60914,17.20687],[96.60842,17.20696],[96.60833,17.20651],[96.60797,17.20651],[96.60788,17.20714],[96.60761,17.20714],[96.60716,17.20804],[96.60716,17.20831],[96.60806,17.20849],[96.60815,17.20948],[96.6077,17.20956],[96.6077,17.2101],[96.60797,17.2101]]],[[[96.8118,17.21028],[96.8118,17.21001],[96.81306,17.21001],[96.81323,17.2093],[96.81297,17.20885],[96.81261,17.20885],[96.81261,17.20939],[96.81198,17.2093],[96.81153,17.21028],[96.8118,17.21028]]],[[[96.82905,17.21037],[96.82967,17.2101],[96.82967,17.20948],[96.82878,17.20983],[96.82878,17.21037],[96.82905,17.21037]]],[[[96.70319,17.21055],[96.70319,17.21001],[96.70382,17.21037],[96.70382,17.20992],[96.70346,17.20992],[96.70328,17.20939],[96.70301,17.20939],[96.70283,17.20992],[96.70292,17.21055],[96.70319,17.21055]]],[[[96.77991,17.21055],[96.78018,17.20939],[96.78054,17.2093],[96.78036,17.20876],[96.78009,17.20876],[96.77982,17.20948],[96.77946,17.20948],[96.77964,17.21055],[96.77991,17.21055]]],[[[96.59288,17.21064],[96.5936,17.20956],[96.59441,17.20939],[96.59441,17.20876],[96.59288,17.20894],[96.59252,17.20786],[96.59207,17.20777],[96.59207,17.2075],[96.59153,17.20777],[96.59162,17.20669],[96.59117,17.20669],[96.59108,17.20633],[96.58973,17.2066],[96.58982,17.20759],[96.59018,17.20759],[96.59036,17.20696],[96.59108,17.2075],[96.59108,17.20786],[96.59027,17.20795],[96.59027,17.20831],[96.59081,17.2084],[96.59144,17.20903],[96.59243,17.20867],[96.59234,17.21064],[96.59288,17.21064]]],[[[96.72754,17.211],[96.72861,17.21037],[96.72879,17.20956],[96.72798,17.21001],[96.72798,17.21046],[96.72727,17.21028],[96.72727,17.211],[96.72754,17.211]]],[[[96.76661,17.211],[96.76643,17.20903],[96.765,17.20894],[96.76491,17.20974],[96.76437,17.20983],[96.76437,17.21019],[96.76482,17.21019],[96.76482,17.211],[96.76607,17.211],[96.76661,17.211]]],[[[96.84045,17.20921],[96.83965,17.20921],[96.83965,17.20948],[96.84036,17.20956],[96.84081,17.21037],[96.84108,17.21037],[96.84117,17.211],[96.84153,17.211],[96.84117,17.20956],[96.84045,17.2093],[96.84045,17.20921]]],[[[96.60276,17.21028],[96.60249,17.21055],[96.60438,17.21109],[96.6042,17.21055],[96.60276,17.21037],[96.60276,17.21028]]],[[[96.6121,17.21109],[96.61219,17.2093],[96.61147,17.20885],[96.61183,17.20777],[96.60941,17.20795],[96.60932,17.20876],[96.61156,17.20965],[96.61138,17.21109],[96.6121,17.21109]]],[[[96.63492,17.21109],[96.63519,17.21064],[96.63492,17.21064],[96.63483,17.2101],[96.6333,17.21019],[96.6333,17.21055],[96.63411,17.21037],[96.63411,17.21073],[96.63465,17.21109],[96.63492,17.21109]]],[[[96.72511,17.21064],[96.72493,17.20939],[96.72565,17.2093],[96.72565,17.20894],[96.72484,17.20894],[96.72484,17.2093],[96.72439,17.2093],[96.72439,17.211],[96.7252,17.21118],[96.7252,17.21064],[96.72511,17.21064]]],[[[96.63708,17.21073],[96.63708,17.21046],[96.63761,17.21037],[96.63761,17.20983],[96.63537,17.21001],[96.63528,17.21064],[96.63582,17.21064],[96.63582,17.21109],[96.63618,17.21109],[96.63618,17.21046],[96.63645,17.21046],[96.63663,17.211],[96.63725,17.21127],[96.63717,17.21073],[96.63708,17.21073]]],[[[96.53664,17.21136],[96.53655,17.21064],[96.53404,17.21091],[96.53413,17.21136],[96.53601,17.211],[96.53628,17.211],[96.53628,17.21136],[96.53664,17.21136]]],[[[96.63986,17.21136],[96.63995,17.21055],[96.64076,17.21055],[96.64121,17.20974],[96.6386,17.20983],[96.63851,17.21118],[96.63923,17.21136],[96.63986,17.21136]]],[[[96.74936,17.21136],[96.7499,17.21082],[96.74981,17.21028],[96.75044,17.2101],[96.75044,17.20948],[96.74927,17.20965],[96.74927,17.2101],[96.74901,17.21019],[96.74811,17.21001],[96.74883,17.20885],[96.74784,17.20894],[96.74784,17.20831],[96.74703,17.20849],[96.74649,17.20965],[96.74586,17.20939],[96.74586,17.20983],[96.74514,17.20983],[96.7455,17.21019],[96.7455,17.21091],[96.74577,17.21091],[96.74577,17.21055],[96.74685,17.21055],[96.74685,17.2101],[96.74721,17.2101],[96.7473,17.21109],[96.74838,17.211],[96.74838,17.21127],[96.74892,17.21136],[96.74936,17.21136]]],[[[96.75484,17.21055],[96.7544,17.21055],[96.75448,17.21136],[96.7552,17.21145],[96.7552,17.211],[96.75484,17.21082],[96.75484,17.21055]]],[[[96.79904,17.21145],[96.79868,17.20974],[96.79787,17.20983],[96.79814,17.21127],[96.79868,17.21118],[96.79877,17.21145],[96.79904,17.21145]]],[[[96.59908,17.21181],[96.59953,17.21172],[96.59917,17.21055],[96.59962,17.21019],[96.59962,17.20876],[96.59872,17.20903],[96.59872,17.20974],[96.59827,17.20974],[96.59827,17.21019],[96.59872,17.21037],[96.59881,17.21181],[96.59908,17.21181]]],[[[96.59656,17.21208],[96.59701,17.21091],[96.59791,17.21091],[96.59818,17.21118],[96.59791,17.20965],[96.59818,17.2075],[96.5962,17.20822],[96.59575,17.20903],[96.59476,17.20885],[96.59494,17.21109],[96.59566,17.21109],[96.59566,17.21154],[96.5962,17.21163],[96.59629,17.21208],[96.59656,17.21208]]],[[[96.70867,17.21217],[96.70876,17.21172],[96.70939,17.21163],[96.70939,17.21091],[96.70903,17.21127],[96.7084,17.21127],[96.70831,17.21217],[96.70867,17.21217]]],[[[96.78036,17.21235],[96.78054,17.21154],[96.78116,17.21145],[96.78116,17.21118],[96.78224,17.21109],[96.7826,17.2119],[96.78296,17.21181],[96.78287,17.21118],[96.78368,17.21127],[96.78413,17.20948],[96.78449,17.20912],[96.78386,17.2093],[96.78386,17.21001],[96.78359,17.21001],[96.78323,17.21082],[96.78287,17.21082],[96.78287,17.21055],[96.78332,17.20921],[96.78296,17.20921],[96.78296,17.20965],[96.78269,17.20965],[96.78269,17.20912],[96.78233,17.20912],[96.78224,17.20965],[96.78161,17.2093],[96.7817,17.20983],[96.78099,17.21028],[96.7809,17.21082],[96.77874,17.21091],[96.77874,17.21163],[96.77946,17.21172],[96.77946,17.21208],[96.78009,17.21235],[96.78036,17.21235]]],[[[96.70095,17.21253],[96.70059,17.21172],[96.69942,17.21172],[96.69942,17.21235],[96.70014,17.21226],[96.70041,17.21253],[96.70095,17.21253]]],[[[96.71235,17.21271],[96.71226,17.2119],[96.71253,17.21145],[96.71173,17.21145],[96.71137,17.21208],[96.71208,17.21271],[96.71235,17.21271]]],[[[96.60222,17.2128],[96.60249,17.21163],[96.60303,17.2119],[96.60303,17.21244],[96.60339,17.21244],[96.60321,17.21091],[96.60249,17.21109],[96.60222,17.20992],[96.60177,17.20992],[96.60177,17.21028],[96.60087,17.2101],[96.60078,17.21064],[96.60105,17.21136],[96.6006,17.21244],[96.60177,17.2128],[96.60222,17.2128]]],[[[96.75691,17.21289],[96.75673,17.2119],[96.75574,17.21181],[96.75574,17.21226],[96.75664,17.21235],[96.75619,17.21289],[96.75691,17.21289]]],[[[96.76383,17.21298],[96.76464,17.21253],[96.76464,17.21226],[96.7632,17.21235],[96.76392,17.21082],[96.76338,17.21082],[96.76338,17.21136],[96.76293,17.21109],[96.76194,17.21118],[96.76194,17.21226],[96.76284,17.21226],[96.76284,17.21271],[96.76356,17.21298],[96.76383,17.21298]]],[[[96.7968,17.21298],[96.79778,17.2128],[96.79778,17.2119],[96.79698,17.21226],[96.79689,17.21181],[96.79662,17.21181],[96.79662,17.21226],[96.79626,17.21244],[96.79653,17.21298],[96.7968,17.21298]]],[[[96.7455,17.21307],[96.74568,17.21262],[96.74478,17.21226],[96.74478,17.21181],[96.74451,17.21181],[96.74442,17.21253],[96.74496,17.21262],[96.74496,17.21307],[96.7455,17.21307]]],[[[96.73355,17.21316],[96.73391,17.21253],[96.73445,17.21253],[96.73427,17.21172],[96.73391,17.21172],[96.73391,17.21217],[96.73319,17.21217],[96.73337,17.21154],[96.73293,17.21154],[96.73293,17.21217],[96.7323,17.21217],[96.73203,17.2119],[96.73212,17.21136],[96.73176,17.21136],[96.73122,17.21253],[96.73221,17.21271],[96.73221,17.21307],[96.73275,17.21307],[96.73266,17.21253],[96.73302,17.21253],[96.73328,17.21316],[96.73355,17.21316]]],[[[96.81323,17.21217],[96.81404,17.21217],[96.81413,17.21307],[96.8153,17.21343],[96.8153,17.21298],[96.81494,17.2128],[96.81521,17.21172],[96.81485,17.21172],[96.81476,17.21208],[96.81323,17.21181],[96.81323,17.21217]]],[[[96.63627,17.21325],[96.63663,17.2128],[96.63645,17.21226],[96.63582,17.21235],[96.63591,17.21181],[96.63546,17.21172],[96.63573,17.21325],[96.63618,17.21325],[96.63627,17.2137],[96.63681,17.2137],[96.63663,17.21325],[96.63627,17.21325]]],[[[96.80829,17.2137],[96.80829,17.21343],[96.80892,17.21343],[96.80892,17.21307],[96.81009,17.21361],[96.81036,17.21307],[96.80973,17.21298],[96.80964,17.21217],[96.80937,17.21217],[96.80928,17.21262],[96.80847,17.2128],[96.80883,17.21217],[96.80838,17.21199],[96.80838,17.21235],[96.80802,17.21235],[96.8082,17.21172],[96.80973,17.2119],[96.81099,17.21163],[96.81099,17.21199],[96.81126,17.21199],[96.81126,17.21127],[96.81063,17.21118],[96.81045,17.21064],[96.81162,17.21109],[96.81162,17.21136],[96.81216,17.21127],[96.81216,17.21091],[96.81306,17.21145],[96.8135,17.21145],[96.81359,17.21109],[96.81306,17.21082],[96.81306,17.21037],[96.81189,17.21028],[96.81162,17.21055],[96.81081,17.21028],[96.81063,17.2093],[96.81018,17.2093],[96.81036,17.20831],[96.80901,17.20858],[96.8091,17.20813],[96.80991,17.20804],[96.80973,17.20732],[96.81081,17.20669],[96.81081,17.20606],[96.80937,17.20588],[96.80946,17.20516],[96.80973,17.20516],[96.80973,17.20561],[96.81009,17.20561],[96.81,17.20462],[96.80919,17.20453],[96.80919,17.2048],[96.80856,17.20489],[96.80829,17.20435],[96.8074,17.20435],[96.80749,17.20256],[96.8056,17.20256],[96.8056,17.20229],[96.80632,17.2022],[96.80641,17.20157],[96.80614,17.2013],[96.80722,17.20112],[96.80722,17.20085],[96.80668,17.20085],[96.80677,17.20022],[96.80767,17.20004],[96.80767,17.19977],[96.80641,17.19995],[96.80605,17.19887],[96.80551,17.19887],[96.80542,17.19941],[96.80497,17.19941],[96.80488,17.19896],[96.80434,17.19887],[96.80434,17.19932],[96.80398,17.19959],[96.80326,17.19932],[96.80317,17.20022],[96.80281,17.20022],[96.80281,17.19959],[96.80201,17.19968],[96.80183,17.19941],[96.80192,17.1987],[96.80246,17.1987],[96.80246,17.19807],[96.80174,17.19798],[96.80156,17.19735],[96.80102,17.19753],[96.8012,17.19636],[96.80048,17.19528],[96.80075,17.19438],[96.79904,17.19411],[96.79877,17.19447],[96.79895,17.19546],[96.7994,17.19546],[96.7994,17.19492],[96.79976,17.19492],[96.79994,17.19564],[96.80021,17.19564],[96.80021,17.19609],[96.79958,17.19609],[96.79958,17.19717],[96.80021,17.19735],[96.79994,17.19798],[96.80021,17.19798],[96.8003,17.1987],[96.80147,17.19879],[96.80147,17.19914],[96.80093,17.19896],[96.80084,17.19932],[96.80147,17.19941],[96.80174,17.20049],[96.80228,17.20049],[96.80228,17.20085],[96.80165,17.20076],[96.80183,17.20184],[96.80129,17.20274],[96.80075,17.20265],[96.80129,17.20328],[96.80066,17.20435],[96.79994,17.20417],[96.7994,17.20453],[96.79913,17.20337],[96.79868,17.20337],[96.79859,17.204],[96.79823,17.204],[96.79832,17.20337],[96.79796,17.20337],[96.79751,17.20391],[96.79787,17.20391],[96.79805,17.20435],[96.79635,17.20391],[96.79662,17.2048],[96.79599,17.20507],[96.7959,17.20471],[96.79626,17.20471],[96.79626,17.20435],[96.79545,17.20409],[96.79518,17.2048],[96.79464,17.20489],[96.79464,17.20552],[96.7941,17.20552],[96.79473,17.20696],[96.79383,17.20678],[96.79392,17.20813],[96.79428,17.20822],[96.79428,17.20885],[96.79518,17.20903],[96.79572,17.20965],[96.79796,17.20965],[96.79805,17.2093],[96.79904,17.20948],[96.79904,17.20921],[96.7994,17.20921],[96.7994,17.20965],[96.80012,17.20956],[96.8003,17.21037],[96.79958,17.20992],[96.7994,17.21073],[96.80012,17.21073],[96.79976,17.21154],[96.80039,17.21226],[96.8003,17.2128],[96.8012,17.21289],[96.80147,17.21334],[96.80246,17.21298],[96.80219,17.21154],[96.8029,17.21127],[96.80308,17.21082],[96.80371,17.21091],[96.80371,17.21037],[96.80335,17.21037],[96.80335,17.2101],[96.80407,17.2101],[96.80407,17.21055],[96.8047,17.21055],[96.80488,17.20974],[96.80452,17.20965],[96.80452,17.20921],[96.80416,17.20921],[96.80416,17.20894],[96.80452,17.20894],[96.80533,17.2093],[96.80533,17.20983],[96.80596,17.20974],[96.80596,17.21019],[96.80551,17.21046],[96.80569,17.21109],[96.80479,17.21073],[96.80479,17.21118],[96.80443,17.21118],[96.80443,17.21145],[96.80659,17.21172],[96.80713,17.21262],[96.80758,17.21271],[96.80758,17.21307],[96.80704,17.21325],[96.80749,17.2137],[96.80793,17.2137],[96.80829,17.2137]],[[96.80731,17.20992],[96.80731,17.21019],[96.8065,17.21001],[96.8065,17.21037],[96.80623,17.21037],[96.80641,17.20974],[96.80614,17.2093],[96.80704,17.2093],[96.8074,17.2084],[96.80767,17.2084],[96.80767,17.20956],[96.80704,17.20939],[96.80695,17.20992],[96.80731,17.20992]],[[96.80497,17.20822],[96.80497,17.20885],[96.8047,17.20885],[96.80407,17.20786],[96.80479,17.20777],[96.80479,17.20822],[96.80497,17.20822]],[[96.79545,17.20777],[96.79554,17.20804],[96.79671,17.2084],[96.79707,17.20912],[96.79491,17.2084],[96.79518,17.20777],[96.79545,17.20777]],[[96.80093,17.20903],[96.80093,17.20858],[96.80129,17.20849],[96.8021,17.20876],[96.80219,17.20992],[96.80111,17.20974],[96.80102,17.20903],[96.80093,17.20903]],[[96.79985,17.20642],[96.79985,17.20615],[96.80102,17.20579],[96.80111,17.20633],[96.80039,17.20633],[96.80039,17.2066],[96.79994,17.20642],[96.79985,17.20642]],[[96.80776,17.20588],[96.80802,17.20525],[96.80892,17.20543],[96.80892,17.20579],[96.8082,17.20588],[96.80776,17.20588]],[[96.80174,17.20256],[96.80201,17.20202],[96.8029,17.20184],[96.8029,17.20229],[96.80237,17.20229],[96.80228,17.20256],[96.80174,17.20256]]],[[[96.77955,17.21379],[96.77973,17.2128],[96.77946,17.2128],[96.77937,17.21334],[96.7791,17.21307],[96.77856,17.21316],[96.77883,17.21379],[96.77955,17.21379]]],[[[96.56108,17.21388],[96.56126,17.21343],[96.5609,17.2128],[96.56063,17.2128],[96.56063,17.21388],[96.56108,17.21388]]],[[[96.6104,17.21388],[96.6104,17.21352],[96.60977,17.21325],[96.60842,17.21334],[96.6086,17.21388],[96.61013,17.21388],[96.6104,17.21388]]],[[[96.61237,17.21397],[96.61291,17.21316],[96.61255,17.21262],[96.61183,17.21262],[96.61174,17.21397],[96.61237,17.21397]]],[[[96.71047,17.21361],[96.71056,17.21298],[96.70975,17.21298],[96.71029,17.21397],[96.71065,17.21397],[96.71056,17.21361],[96.71047,17.21361]]],[[[96.60815,17.21415],[96.60815,17.2137],[96.60779,17.21361],[96.60806,17.21307],[96.60608,17.21289],[96.60527,17.21316],[96.60527,17.21388],[96.60572,17.21406],[96.6068,17.21388],[96.60788,17.21415],[96.60815,17.21415]]],[[[96.69645,17.21424],[96.6969,17.21415],[96.69699,17.21307],[96.69654,17.21307],[96.69645,17.2137],[96.69609,17.2137],[96.69618,17.21424],[96.69645,17.21424]]],[[[96.75448,17.21433],[96.75475,17.21397],[96.75413,17.21388],[96.75386,17.21316],[96.7535,17.21316],[96.75404,17.21433],[96.75448,17.21433]]],[[[96.76005,17.21433],[96.76023,17.21397],[96.75987,17.2137],[96.75987,17.21316],[96.75925,17.21316],[96.75925,17.21289],[96.75952,17.21244],[96.76041,17.21271],[96.76032,17.20983],[96.76059,17.20903],[96.75996,17.20912],[96.75996,17.20885],[96.76041,17.20876],[96.76059,17.20786],[96.76041,17.20705],[96.75916,17.20696],[96.75916,17.20669],[96.7605,17.2066],[96.76041,17.20489],[96.75637,17.20507],[96.75637,17.20579],[96.75664,17.20579],[96.75664,17.20543],[96.75709,17.20543],[96.757,17.20606],[96.75745,17.20687],[96.75853,17.2066],[96.75853,17.20714],[96.75754,17.20705],[96.75754,17.20741],[96.75718,17.20741],[96.75664,17.20687],[96.75628,17.20687],[96.75628,17.20714],[96.75547,17.20696],[96.75457,17.20741],[96.75448,17.20777],[96.75601,17.20804],[96.7561,17.20867],[96.75583,17.20894],[96.75502,17.20876],[96.75457,17.20921],[96.75377,17.20903],[96.75377,17.2093],[96.75592,17.21073],[96.75592,17.20948],[96.75565,17.20921],[96.75628,17.20912],[96.75628,17.20885],[96.75952,17.20876],[96.75925,17.20974],[96.75979,17.20983],[96.75979,17.2101],[96.75934,17.2101],[96.75916,17.21055],[96.75889,17.21055],[96.75907,17.20965],[96.7588,17.20912],[96.75826,17.20903],[96.75817,17.20939],[96.75862,17.21091],[96.75835,17.21154],[96.7588,17.2119],[96.7588,17.21235],[96.75808,17.21244],[96.75763,17.21181],[96.75763,17.211],[96.75709,17.21109],[96.75709,17.21181],[96.75781,17.21226],[96.75763,17.2128],[96.75808,17.21289],[96.7579,17.21334],[96.75736,17.21325],[96.75709,17.21397],[96.75745,17.21397],[96.75754,17.21433],[96.75835,17.21433],[96.75844,17.21379],[96.75871,17.21379],[96.75871,17.21424],[96.75943,17.21433],[96.76005,17.21433]]],[[[96.63447,17.21442],[96.63447,17.21406],[96.63519,17.21424],[96.63501,17.21334],[96.63447,17.21343],[96.63447,17.21289],[96.63348,17.21253],[96.63348,17.2128],[96.63384,17.2128],[96.63402,17.21442],[96.63447,17.21442]]],[[[96.76311,17.21451],[96.76329,17.21388],[96.76374,17.21388],[96.76365,17.21325],[96.76311,17.21325],[96.76311,17.21388],[96.76266,17.21406],[96.76266,17.21334],[96.76221,17.21334],[96.76221,17.2137],[96.76194,17.2137],[96.76194,17.21325],[96.76113,17.21316],[96.76131,17.21379],[96.76086,17.21388],[96.76086,17.21433],[96.7623,17.21424],[96.76257,17.21451],[96.76311,17.21451]]],[[[96.73553,17.21469],[96.73598,17.21442],[96.73589,17.2137],[96.7349,17.21334],[96.73481,17.21406],[96.73526,17.21469],[96.73553,17.21469]]],[[[96.88124,17.21469],[96.88124,17.21415],[96.88196,17.21424],[96.88267,17.21307],[96.88321,17.21262],[96.88384,17.21271],[96.88393,17.21208],[96.88492,17.21199],[96.88492,17.21154],[96.88546,17.21109],[96.88645,17.21136],[96.88618,17.21109],[96.88636,17.21055],[96.8869,17.21055],[96.8869,17.21028],[96.88779,17.2101],[96.88914,17.20921],[96.89112,17.20858],[96.89193,17.20813],[96.89193,17.20786],[96.89283,17.20786],[96.8939,17.20723],[96.89588,17.20669],[96.89615,17.20624],[96.89777,17.20561],[96.89804,17.20507],[96.8992,17.20489],[96.89911,17.20409],[96.89938,17.20409],[96.89938,17.20453],[96.90019,17.20435],[96.90046,17.20373],[96.90163,17.20328],[96.9028,17.20211],[96.90244,17.20184],[96.90253,17.20085],[96.9019,17.20022],[96.90208,17.19968],[96.90145,17.19959],[96.90136,17.20049],[96.90064,17.2004],[96.90082,17.20103],[96.90055,17.20103],[96.90055,17.20049],[96.90019,17.20049],[96.90001,17.19968],[96.89938,17.20004],[96.8992,17.19959],[96.89884,17.19986],[96.89786,17.19959],[96.89795,17.20004],[96.8984,17.20004],[96.89822,17.20058],[96.89633,17.20094],[96.89615,17.20013],[96.89651,17.20013],[96.89651,17.19968],[96.89714,17.19977],[96.89723,17.19914],[96.89804,17.19896],[96.89804,17.19932],[96.89929,17.19941],[96.89974,17.19941],[96.89974,17.19914],[96.89902,17.19843],[96.89875,17.19843],[96.89875,17.19905],[96.89848,17.19905],[96.89902,17.19771],[96.89804,17.19753],[96.89804,17.19789],[96.89759,17.19789],[96.89759,17.19744],[96.89714,17.19735],[96.89741,17.19672],[96.89678,17.19663],[96.89678,17.19573],[96.89714,17.19573],[96.89741,17.19492],[96.89705,17.19528],[96.89606,17.19492],[96.89597,17.19528],[96.89633,17.19564],[96.8957,17.19555],[96.89597,17.19663],[96.89552,17.19923],[96.89606,17.19905],[96.89615,17.19941],[96.8957,17.1995],[96.89543,17.20058],[96.89462,17.20049],[96.89435,17.20121],[96.89471,17.20175],[96.89399,17.20193],[96.89363,17.2013],[96.89318,17.2013],[96.89363,17.20211],[96.89301,17.20229],[96.89265,17.2013],[96.8922,17.20184],[96.89139,17.20175],[96.89076,17.20265],[96.88986,17.20229],[96.88968,17.2031],[96.88851,17.2031],[96.88833,17.20364],[96.8886,17.20391],[96.88797,17.20382],[96.88779,17.20453],[96.88735,17.20453],[96.88771,17.20516],[96.88735,17.20552],[96.88753,17.20633],[96.88663,17.20669],[96.88654,17.2075],[96.88564,17.2084],[96.88564,17.20894],[96.88654,17.20912],[96.88654,17.20965],[96.88609,17.20965],[96.88609,17.2093],[96.88537,17.2093],[96.88456,17.2101],[96.88465,17.21055],[96.8842,17.21073],[96.8842,17.21118],[96.88339,17.21136],[96.8833,17.21226],[96.88285,17.21244],[96.88258,17.21244],[96.88267,17.21163],[96.8833,17.21145],[96.8833,17.21109],[96.88384,17.21109],[96.88411,17.21019],[96.88321,17.2101],[96.88312,17.21082],[96.88258,17.21064],[96.88276,17.20965],[96.88214,17.21001],[96.88214,17.21046],[96.8816,17.2101],[96.88079,17.21019],[96.88079,17.21118],[96.88043,17.21118],[96.88034,17.21163],[96.88178,17.21172],[96.88178,17.21208],[96.88115,17.21244],[96.88097,17.21415],[96.88025,17.2137],[96.88061,17.21253],[96.88052,17.21226],[96.87998,17.21226],[96.87998,17.21199],[96.88043,17.21199],[96.88043,17.21172],[96.87872,17.21136],[96.87872,17.21253],[96.87926,17.2128],[96.87926,17.21415],[96.88088,17.21469],[96.88124,17.21469]]],[[[96.6042,17.1907],[96.60393,17.19097],[96.6042,17.19034],[96.60312,17.19007],[96.60231,17.19052],[96.60123,17.18998],[96.60015,17.19007],[96.59962,17.19043],[96.59971,17.18953],[96.60015,17.18953],[96.59988,17.18872],[96.59926,17.18854],[96.59935,17.18908],[96.59872,17.18899],[96.59872,17.18926],[96.59836,17.18926],[96.59818,17.18872],[96.59845,17.18863],[96.59845,17.18818],[96.59755,17.1881],[96.59746,17.19007],[96.59728,17.19043],[96.59647,17.19052],[96.59647,17.19124],[96.59701,17.19133],[96.59764,17.19097],[96.59773,17.19151],[96.59629,17.1916],[96.5962,17.18953],[96.59503,17.18989],[96.59503,17.18863],[96.59441,17.1889],[96.59423,17.18836],[96.59378,17.18827],[96.59378,17.18783],[96.59243,17.18783],[96.59252,17.18818],[96.59288,17.18818],[96.59288,17.18863],[96.59378,17.18899],[96.59324,17.18962],[96.59333,17.19016],[96.59243,17.19043],[96.59108,17.19016],[96.59081,17.18953],[96.59009,17.1898],[96.59009,17.18944],[96.59036,17.18944],[96.59009,17.18854],[96.58928,17.18872],[96.58955,17.18989],[96.59009,17.18989],[96.58982,17.1907],[96.59036,17.19079],[96.59045,17.19115],[96.59009,17.19205],[96.58911,17.19196],[96.58919,17.19142],[96.58982,17.19133],[96.58982,17.19106],[96.58946,17.19088],[96.58964,17.19025],[96.58893,17.19007],[96.58911,17.18917],[96.58875,17.18818],[96.58902,17.18774],[96.58785,17.18738],[96.58821,17.18675],[96.58749,17.18684],[96.5874,17.18765],[96.58587,17.18756],[96.58578,17.1872],[96.58533,17.1872],[96.58542,17.18621],[96.58488,17.18612],[96.58488,17.18756],[96.58309,17.18747],[96.58309,17.1881],[96.58372,17.18827],[96.58372,17.18872],[96.58318,17.18872],[96.58318,17.18926],[96.5821,17.18935],[96.5821,17.1898],[96.58524,17.18971],[96.58524,17.18845],[96.58569,17.18854],[96.58533,17.18926],[96.58587,17.18908],[96.58641,17.18935],[96.58677,17.18935],[96.58758,17.18854],[96.58749,17.18935],[96.58785,17.18944],[96.58767,17.19088],[96.58893,17.1907],[96.58911,17.19106],[96.58884,17.19106],[96.58884,17.19142],[96.58839,17.19142],[96.5883,17.19187],[96.58677,17.19196],[96.58659,17.19133],[96.58686,17.19133],[96.58686,17.19169],[96.58722,17.1916],[96.58677,17.18998],[96.58632,17.18998],[96.58632,17.19043],[96.58578,17.19034],[96.58569,17.19079],[96.58488,17.19016],[96.58434,17.19016],[96.58434,17.1907],[96.58407,17.1907],[96.58407,17.19016],[96.58228,17.18998],[96.58165,17.19034],[96.58192,17.19097],[96.58138,17.19097],[96.58138,17.19205],[96.58111,17.19205],[96.58111,17.19241],[96.58192,17.19277],[96.5821,17.19322],[96.58255,17.19322],[96.58219,17.19268],[96.58336,17.19286],[96.583,17.19402],[96.58183,17.19438],[96.58228,17.1951],[96.58336,17.19501],[96.58336,17.19474],[96.5847,17.19492],[96.58497,17.19465],[96.58524,17.19501],[96.58641,17.19519],[96.58668,17.19564],[96.58758,17.19564],[96.58758,17.19591],[96.58785,17.19591],[96.58785,17.19555],[96.58937,17.19573],[96.58928,17.19609],[96.58857,17.19609],[96.58884,17.19654],[96.58973,17.19627],[96.58964,17.19582],[96.59153,17.19573],[96.59198,17.196],[96.59162,17.19636],[96.59162,17.19735],[96.59315,17.19762],[96.59324,17.19941],[96.59369,17.19941],[96.59324,17.20013],[96.59458,17.20022],[96.59458,17.20184],[96.59485,17.2022],[96.59566,17.20229],[96.59539,17.20301],[96.59575,17.2031],[96.59575,17.20346],[96.59512,17.20346],[96.59503,17.20417],[96.59557,17.20444],[96.59575,17.20382],[96.59692,17.20391],[96.59701,17.20426],[96.59647,17.20435],[96.59647,17.20462],[96.59674,17.20534],[96.59728,17.20516],[96.59719,17.20606],[96.59773,17.20606],[96.59818,17.20705],[96.59899,17.20705],[96.59917,17.20642],[96.59971,17.20678],[96.59962,17.20759],[96.59935,17.20759],[96.59926,17.20714],[96.59836,17.20732],[96.59854,17.20858],[96.59926,17.20867],[96.59908,17.20804],[96.59935,17.20786],[96.6024,17.20813],[96.60276,17.2084],[96.60267,17.2101],[96.60474,17.21028],[96.60483,17.21109],[96.60447,17.21118],[96.60429,17.21217],[96.60384,17.21262],[96.60384,17.21379],[96.60357,17.21415],[96.60411,17.21415],[96.60411,17.21442],[96.60375,17.21442],[96.60375,17.21478],[96.6042,17.21478],[96.60465,17.21406],[96.60465,17.21334],[96.60527,17.21307],[96.60501,17.21253],[96.60545,17.21208],[96.60545,17.21136],[96.60572,17.21136],[96.60581,17.21091],[96.6077,17.21118],[96.6077,17.21064],[96.60716,17.21064],[96.60689,17.21028],[96.60581,17.21046],[96.60492,17.21028],[96.60474,17.20992],[96.60348,17.20983],[96.60366,17.20741],[96.60285,17.20705],[96.60231,17.20723],[96.60231,17.20696],[96.60321,17.20669],[96.60321,17.20597],[96.60393,17.20615],[96.6042,17.20669],[96.60501,17.20651],[96.60527,17.20678],[96.60545,17.20561],[96.60465,17.20588],[96.60474,17.20534],[96.60545,17.20534],[96.60501,17.20462],[96.60527,17.20435],[96.60599,17.20444],[96.60599,17.20471],[96.60788,17.20453],[96.60779,17.204],[96.60752,17.204],[96.60752,17.20319],[96.60698,17.20319],[96.60698,17.20283],[96.60779,17.20247],[96.60779,17.20292],[96.60824,17.20292],[96.60869,17.20256],[96.60869,17.20202],[96.60842,17.20139],[96.60815,17.20166],[96.60743,17.20157],[96.60761,17.20013],[96.60734,17.19977],[96.60779,17.19959],[96.60734,17.19932],[96.60653,17.19959],[96.60608,17.2013],[96.60518,17.20103],[96.60545,17.20031],[96.60599,17.20013],[96.6059,17.19932],[96.60447,17.1995],[96.60447,17.19986],[96.60384,17.1995],[96.60339,17.19995],[96.6024,17.19968],[96.6024,17.19941],[96.60303,17.19932],[96.60393,17.19834],[96.6042,17.19861],[96.60384,17.19923],[96.60465,17.19914],[96.60474,17.19887],[96.6068,17.19896],[96.6068,17.19852],[96.60806,17.19771],[96.60842,17.19771],[96.60842,17.19807],[96.60932,17.19771],[96.60986,17.19771],[96.60995,17.19807],[96.61066,17.19825],[96.61183,17.19807],[96.61192,17.1969],[96.61219,17.1969],[96.61219,17.19735],[96.61264,17.19735],[96.61255,17.19681],[96.61291,17.1969],[96.61291,17.19789],[96.61318,17.19789],[96.61309,17.19636],[96.61354,17.19636],[96.61345,17.19735],[96.61381,17.19735],[96.6139,17.19636],[96.6148,17.19627],[96.6148,17.196],[96.61372,17.19609],[96.61372,17.19582],[96.613,17.19573],[96.61282,17.19456],[96.61372,17.19474],[96.61408,17.19357],[96.61444,17.19357],[96.61417,17.19232],[96.61516,17.19223],[96.61516,17.19268],[96.61552,17.19268],[96.61543,17.19178],[96.61596,17.19178],[96.61596,17.19151],[96.61516,17.19142],[96.61525,17.19088],[96.61453,17.19115],[96.61453,17.19043],[96.61408,17.19043],[96.61426,17.18971],[96.61309,17.18971],[96.61363,17.19088],[96.61327,17.19151],[96.61246,17.19151],[96.61282,17.19268],[96.61237,17.1934],[96.61246,17.19393],[96.61183,17.19393],[96.6121,17.19447],[96.61246,17.19447],[96.61246,17.19492],[96.61201,17.19492],[96.61201,17.19537],[96.61174,17.19537],[96.61174,17.19501],[96.6112,17.19501],[96.6112,17.19546],[96.61084,17.19546],[96.61084,17.1951],[96.60869,17.19537],[96.60842,17.19411],[96.60815,17.19402],[96.6086,17.19178],[96.60833,17.19106],[96.60797,17.19115],[96.60797,17.1916],[96.60752,17.19178],[96.60734,17.19232],[96.60779,17.19304],[96.60707,17.19295],[96.60653,17.19384],[96.60617,17.19537],[96.6059,17.19546],[96.6059,17.19645],[96.60536,17.19645],[96.60545,17.19564],[96.60384,17.19537],[96.60366,17.19645],[96.60213,17.19681],[96.60195,17.19528],[96.60258,17.19546],[96.60267,17.1951],[96.60105,17.19483],[96.60105,17.19447],[96.60042,17.19474],[96.60015,17.19528],[96.59926,17.19573],[96.59944,17.19654],[96.59997,17.19672],[96.59997,17.19726],[96.5998,17.1978],[96.59917,17.19816],[96.59908,17.19941],[96.59962,17.19986],[96.60015,17.19887],[96.60051,17.19896],[96.60033,17.19959],[96.60213,17.19941],[96.60195,17.19977],[96.60015,17.19995],[96.60015,17.20049],[96.60096,17.20049],[96.60087,17.20085],[96.60015,17.20085],[96.60015,17.20193],[96.6006,17.20229],[96.60087,17.20373],[96.6015,17.20382],[96.6015,17.20444],[96.60087,17.20444],[96.60087,17.2057],[96.59988,17.20561],[96.59971,17.20516],[96.5989,17.2057],[96.59917,17.20453],[96.59971,17.20444],[96.60006,17.20391],[96.60078,17.20391],[96.60051,17.20292],[96.59997,17.20292],[96.59962,17.20373],[96.59908,17.20355],[96.59917,17.20409],[96.59872,17.20409],[96.59854,17.20319],[96.59881,17.20319],[96.59908,17.20238],[96.59872,17.2022],[96.59863,17.2013],[96.59953,17.20139],[96.59917,17.20013],[96.59872,17.20013],[96.59872,17.20076],[96.59845,17.20085],[96.59746,17.20112],[96.59656,17.20094],[96.59665,17.20184],[96.59584,17.20166],[96.59575,17.20076],[96.59764,17.20067],[96.59773,17.20004],[96.59836,17.19959],[96.59818,17.19879],[96.59872,17.19861],[96.59863,17.19762],[96.59908,17.19762],[96.59935,17.19681],[96.5989,17.19546],[96.59971,17.19492],[96.59962,17.19438],[96.60033,17.19456],[96.60087,17.19384],[96.60177,17.19366],[96.60168,17.19465],[96.60339,17.19483],[96.60339,17.19456],[96.60483,17.19465],[96.6051,17.19438],[96.60554,17.19438],[96.60554,17.19474],[96.60608,17.19456],[96.60644,17.19322],[96.6059,17.1934],[96.60563,17.19313],[96.60527,17.19187],[96.60447,17.19223],[96.60447,17.19259],[96.60393,17.19259],[96.60393,17.19322],[96.60321,17.19331],[96.60294,17.19277],[96.60249,17.19277],[96.60249,17.19241],[96.60186,17.19286],[96.60177,17.19196],[96.60213,17.19196],[96.60231,17.19133],[96.60518,17.1916],[96.60536,17.19124],[96.60599,17.19124],[96.60608,17.19178],[96.60653,17.19187],[96.60662,17.19106],[96.60626,17.19106],[96.60626,17.19079],[96.60662,17.19079],[96.60662,17.19052],[96.6051,17.19043],[96.6051,17.19088],[96.60456,17.1907],[96.6042,17.1907]],[[96.58416,17.19169],[96.58407,17.19241],[96.58497,17.1925],[96.58497,17.19214],[96.58542,17.19214],[96.58542,17.19241],[96.58614,17.19259],[96.58578,17.1934],[96.58695,17.1934],[96.58695,17.19375],[96.58596,17.19349],[96.58641,17.19456],[96.58596,17.19456],[96.58596,17.19393],[96.58569,17.19393],[96.58542,17.19304],[96.5847,17.19304],[96.58515,17.19402],[96.58434,17.19366],[96.58434,17.19304],[96.58398,17.19304],[96.58381,17.19259],[96.58389,17.1916],[96.58434,17.19142],[96.58434,17.19169],[96.58416,17.19169]],[[96.5909,17.19402],[96.59063,17.19357],[96.58893,17.19357],[96.58893,17.19331],[96.58991,17.19295],[96.58982,17.19232],[96.59018,17.19259],[96.59117,17.19241],[96.59207,17.19322],[96.59207,17.19357],[96.59144,17.19375],[96.59135,17.19456],[96.59108,17.19456],[96.59099,17.19402],[96.5909,17.19402]],[[96.59261,17.19456],[96.59243,17.19366],[96.59279,17.19366],[96.59342,17.19438],[96.59342,17.19492],[96.59252,17.19483],[96.59252,17.19456],[96.59261,17.19456]],[[96.59333,17.19384],[96.59333,17.19357],[96.59423,17.19357],[96.59414,17.19438],[96.59369,17.19438],[96.59351,17.19384],[96.59333,17.19384]],[[96.5936,17.19546],[96.59378,17.19609],[96.59485,17.19645],[96.59494,17.19681],[96.5945,17.19681],[96.59414,17.19636],[96.5936,17.19672],[96.59315,17.19663],[96.5927,17.19591],[96.59315,17.19582],[96.59315,17.19528],[96.59342,17.19546],[96.5936,17.19546]],[[96.59611,17.19681],[96.59638,17.19762],[96.59836,17.19726],[96.59827,17.1978],[96.59665,17.19771],[96.59629,17.19825],[96.59593,17.19825],[96.59548,17.19807],[96.59539,17.1969],[96.59566,17.19681],[96.59611,17.19681]],[[96.59737,17.20184],[96.59737,17.20148],[96.59764,17.20148],[96.59791,17.2022],[96.59764,17.20283],[96.5971,17.20256],[96.59728,17.20184],[96.59737,17.20184]],[[96.60213,17.20516],[96.60231,17.20391],[96.6015,17.20364],[96.6015,17.20337],[96.60222,17.20355],[96.6024,17.20292],[96.60132,17.20283],[96.60123,17.20238],[96.6024,17.20256],[96.60285,17.20049],[96.60312,17.20049],[96.60312,17.2022],[96.60285,17.2022],[96.60258,17.20346],[96.60294,17.20516],[96.60276,17.20561],[96.60222,17.20561],[96.60222,17.20516],[96.60213,17.20516]],[[96.60393,17.204],[96.60411,17.20319],[96.60348,17.20319],[96.60339,17.20283],[96.60572,17.20301],[96.60572,17.20382],[96.60545,17.204],[96.60402,17.204],[96.60393,17.204]],[[96.60518,17.19726],[96.60447,17.19798],[96.60447,17.19771],[96.60393,17.19771],[96.60402,17.19708],[96.60366,17.19672],[96.60411,17.19654],[96.60474,17.1969],[96.60545,17.19681],[96.60527,17.19726],[96.60518,17.19726]],[[96.61147,17.19636],[96.61183,17.19573],[96.61291,17.196],[96.61291,17.19627],[96.61219,17.19654],[96.61192,17.19636],[96.61147,17.19636]],[[96.59423,17.19088],[96.59423,17.18998],[96.59476,17.1898],[96.59494,17.19079],[96.59467,17.19088],[96.59423,17.19088]]],[[[96.72475,17.21433],[96.72475,17.21379],[96.72448,17.21379],[96.72421,17.21406],[96.7243,17.21495],[96.72502,17.21495],[96.72493,17.21433],[96.72475,17.21433]]],[[[96.82366,17.21469],[96.82383,17.21415],[96.82357,17.21379],[96.82303,17.21379],[96.82303,17.21415],[96.82339,17.21415],[96.82321,17.21495],[96.82383,17.21495],[96.82383,17.21469],[96.82366,17.21469]]],[[[96.83156,17.21495],[96.83156,17.21325],[96.83192,17.21316],[96.83201,17.21271],[96.83255,17.21262],[96.83237,17.21217],[96.83174,17.21217],[96.83174,17.21253],[96.8303,17.21388],[96.8303,17.21424],[96.83084,17.21433],[96.83084,17.21495],[96.83156,17.21495]]],[[[96.72673,17.21478],[96.727,17.21379],[96.72673,17.21379],[96.72664,17.21442],[96.72601,17.21469],[96.72601,17.21495],[96.72709,17.21504],[96.72709,17.21478],[96.72673,17.21478]]],[[[96.75071,17.21513],[96.75071,17.21442],[96.74972,17.21442],[96.74972,17.21495],[96.75026,17.21513],[96.75071,17.21513]]],[[[96.76706,17.21513],[96.76697,17.21406],[96.76571,17.21388],[96.76535,17.21415],[96.76535,17.2146],[96.76607,17.21513],[96.76706,17.21513]]],[[[96.55856,17.21522],[96.56027,17.21513],[96.56054,17.21504],[96.56054,17.2146],[96.55982,17.21442],[96.55964,17.21352],[96.55928,17.21352],[96.55946,17.21271],[96.55883,17.21271],[96.55874,17.21316],[96.5582,17.21307],[96.55811,17.21028],[96.55748,17.21028],[96.55748,17.21064],[96.55659,17.21082],[96.55659,17.21127],[96.55713,17.21118],[96.5573,17.21172],[96.55748,17.21415],[96.55802,17.21478],[96.55865,17.21442],[96.55856,17.21478],[96.55856,17.21522]]],[[[96.56332,17.21531],[96.56431,17.21513],[96.56431,17.21451],[96.56404,17.21451],[96.56386,17.21388],[96.56404,17.21208],[96.56368,17.21172],[96.56404,17.21064],[96.56323,17.21046],[96.56314,17.21001],[96.56287,17.21028],[96.56171,17.2101],[96.56162,17.21064],[96.56269,17.21073],[96.56269,17.21109],[96.56234,17.21109],[96.56234,17.21163],[96.56135,17.211],[96.55991,17.21118],[96.55991,17.21073],[96.55964,17.21073],[96.55937,17.21181],[96.55955,17.21271],[96.56108,17.21208],[96.56108,17.21235],[96.56171,17.21235],[96.5618,17.21289],[96.56243,17.2128],[96.56234,17.21199],[96.56296,17.21217],[96.56287,17.21136],[96.56323,17.21136],[96.56341,17.21226],[96.56314,17.21226],[96.56287,17.21316],[96.56234,17.21307],[96.56225,17.21361],[96.56225,17.21388],[96.56296,17.21406],[96.56296,17.2146],[96.5626,17.21478],[96.56296,17.21531],[96.56332,17.21531]]],[[[96.73805,17.21531],[96.73805,17.21424],[96.7376,17.21415],[96.7376,17.21388],[96.73841,17.21379],[96.73841,17.21325],[96.73885,17.21325],[96.73894,17.21289],[96.74038,17.2128],[96.74038,17.21253],[96.73903,17.21262],[96.73903,17.21226],[96.73832,17.21235],[96.73769,17.21172],[96.73661,17.21352],[96.73688,17.21424],[96.73751,17.21433],[96.73751,17.21531],[96.73805,17.21531]]],[[[96.74847,17.21531],[96.74874,17.21469],[96.74757,17.21442],[96.74757,17.21495],[96.74811,17.21531],[96.74847,17.21531]]],[[[96.60231,17.2154],[96.60249,17.21442],[96.60168,17.21388],[96.60051,17.2137],[96.60051,17.21442],[96.59971,17.21451],[96.59988,17.21513],[96.60105,17.21513],[96.60105,17.21442],[96.60132,17.21442],[96.60204,17.21478],[96.60204,17.2154],[96.60231,17.2154]]],[[[96.62962,17.21513],[96.62962,17.21451],[96.62908,17.21451],[96.62908,17.21486],[96.62881,17.21486],[96.62917,17.2154],[96.62971,17.2154],[96.62971,17.21513],[96.62962,17.21513]]],[[[96.72754,17.21567],[96.72754,17.2154],[96.72861,17.21549],[96.72861,17.21522],[96.72763,17.21486],[96.727,17.21567],[96.72754,17.21567]]],[[[96.77299,17.21576],[96.77326,17.21558],[96.77326,17.2137],[96.77272,17.21334],[96.77281,17.21154],[96.77182,17.21172],[96.77173,17.21136],[96.77218,17.21136],[96.77218,17.21082],[96.77335,17.21073],[96.77389,17.21226],[96.77461,17.21217],[96.7747,17.21271],[96.7756,17.2128],[96.77578,17.2119],[96.77524,17.21172],[96.77524,17.21145],[96.77578,17.21136],[96.77578,17.211],[96.7738,17.21082],[96.77308,17.20992],[96.77308,17.20948],[96.77245,17.20939],[96.77245,17.20912],[96.77344,17.20912],[96.77353,17.20831],[96.77245,17.20777],[96.77236,17.20741],[96.77146,17.20714],[96.77146,17.2075],[96.77092,17.2075],[96.77092,17.20714],[96.76994,17.20696],[96.77012,17.20777],[96.77074,17.20777],[96.77074,17.20813],[96.77039,17.20813],[96.77065,17.20939],[96.76913,17.20948],[96.76823,17.20894],[96.76823,17.20867],[96.76922,17.20867],[96.76922,17.20804],[96.76868,17.20813],[96.76805,17.20777],[96.76805,17.20741],[96.76877,17.20741],[96.76895,17.20687],[96.76661,17.20687],[96.76652,17.20858],[96.76796,17.20876],[96.76796,17.20903],[96.7676,17.20903],[96.7676,17.21037],[96.76805,17.21091],[96.76949,17.21091],[96.76931,17.2128],[96.772,17.21271],[96.772,17.21316],[96.77263,17.21334],[96.77254,17.2137],[96.77173,17.21388],[96.77146,17.21388],[96.77146,17.21352],[96.77092,17.21361],[96.77092,17.21388],[96.77003,17.21388],[96.77012,17.21433],[96.77039,17.21433],[96.77021,17.21504],[96.77173,17.21486],[96.77164,17.21424],[96.77218,17.21415],[96.77245,17.2146],[96.77209,17.2146],[96.77209,17.21486],[96.77263,17.21486],[96.77263,17.21513],[96.77227,17.21513],[96.77263,17.21576],[96.77299,17.21576]]],[[[96.55856,17.21522],[96.55775,17.21522],[96.55748,17.21594],[96.55856,17.21585],[96.55856,17.21522]]],[[[96.75979,17.21603],[96.76014,17.21567],[96.7597,17.21522],[96.75907,17.2154],[96.75907,17.21603],[96.75979,17.21603]]],[[[96.5406,17.21325],[96.54087,17.21352],[96.54015,17.21325],[96.54024,17.21442],[96.54122,17.21361],[96.54149,17.21361],[96.54149,17.21415],[96.54194,17.21415],[96.54194,17.21361],[96.5423,17.21352],[96.5423,17.21325],[96.54087,17.21316],[96.54131,17.21235],[96.54176,17.21235],[96.54167,17.21289],[96.54194,17.21262],[96.54311,17.21271],[96.54284,17.21334],[96.54338,17.21325],[96.54338,17.21361],[96.54284,17.21361],[96.54284,17.21406],[96.54356,17.21415],[96.54401,17.21585],[96.54446,17.21612],[96.5441,17.2137],[96.54446,17.21352],[96.54455,17.21388],[96.54509,17.21388],[96.54527,17.21316],[96.5459,17.21307],[96.5459,17.21253],[96.54383,17.21262],[96.54365,17.21109],[96.54464,17.21109],[96.54464,17.21055],[96.5441,17.2101],[96.54401,17.21046],[96.5432,17.21037],[96.5432,17.21154],[96.54293,17.21172],[96.54239,17.21163],[96.54239,17.21127],[96.54284,17.21127],[96.54293,17.21064],[96.54203,17.21055],[96.54185,17.21136],[96.54212,17.21136],[96.54212,17.2119],[96.54042,17.21199],[96.5406,17.21298],[96.5406,17.21325]]],[[[96.62495,17.21621],[96.62504,17.21558],[96.62423,17.21486],[96.62387,17.21504],[96.62387,17.21567],[96.62441,17.21585],[96.62441,17.21621],[96.62495,17.21621]]],[[[96.61543,17.2163],[96.61596,17.21558],[96.61677,17.21531],[96.61695,17.21469],[96.6174,17.21469],[96.61749,17.21388],[96.61543,17.21316],[96.61543,17.2128],[96.61444,17.21271],[96.61435,17.21163],[96.61408,17.21163],[96.61381,17.21316],[96.61345,17.21325],[96.61318,17.21531],[96.61408,17.21531],[96.61417,17.21567],[96.61507,17.21585],[96.61516,17.2163],[96.61543,17.2163]]],[[[96.54257,17.21558],[96.54248,17.21486],[96.54176,17.2146],[96.54167,17.21603],[96.54221,17.21549],[96.54257,17.21567],[96.54275,17.21648],[96.54302,17.21648],[96.54284,17.21558],[96.54257,17.21558]]],[[[96.58551,17.21648],[96.58551,17.21612],[96.58506,17.21594],[96.58398,17.21612],[96.58398,17.21639],[96.58524,17.21648],[96.58551,17.21648]]],[[[96.81413,17.21307],[96.81359,17.21307],[96.81323,17.21217],[96.81288,17.21253],[96.81234,17.21226],[96.81216,17.21271],[96.8118,17.21271],[96.81225,17.21379],[96.81162,17.21379],[96.81162,17.21406],[96.8127,17.21424],[96.8127,17.21504],[96.81216,17.21504],[96.81216,17.21549],[96.81252,17.21603],[96.81314,17.21612],[96.81314,17.21648],[96.81377,17.21648],[96.81368,17.21549],[96.81431,17.21549],[96.81431,17.21513],[96.81494,17.21469],[96.81476,17.2137],[96.81413,17.21334],[96.81413,17.21307]]],[[[96.82446,17.21657],[96.82446,17.21549],[96.82383,17.21567],[96.82392,17.21657],[96.82446,17.21657]]],[[[96.72484,17.21621],[96.72484,17.21549],[96.72367,17.2154],[96.72322,17.21567],[96.72331,17.21603],[96.72394,17.21585],[96.72394,17.21648],[96.72421,17.21657],[96.72511,17.21666],[96.72511,17.21621],[96.72484,17.21621]]],[[[96.54868,17.21675],[96.54868,17.2163],[96.54904,17.2163],[96.54904,17.21576],[96.54931,17.21576],[96.54913,17.21513],[96.54859,17.21513],[96.54859,17.21567],[96.54814,17.21567],[96.54841,17.21675],[96.54868,17.21675]]],[[[96.74901,17.21648],[96.74901,17.21612],[96.74954,17.21612],[96.74936,17.21549],[96.74865,17.21576],[96.74874,17.21684],[96.7491,17.21684],[96.7491,17.21648],[96.74901,17.21648]]],[[[96.5644,17.2163],[96.5644,17.21594],[96.56368,17.21603],[96.56368,17.21639],[96.56413,17.21639],[96.56413,17.21684],[96.5644,17.21693],[96.56467,17.21693],[96.56458,17.2163],[96.5644,17.2163]]],[[[96.75332,17.21702],[96.75341,17.21621],[96.75188,17.21594],[96.7517,17.21531],[96.75107,17.21531],[96.75107,17.21594],[96.75233,17.21621],[96.75233,17.21666],[96.75287,17.21675],[96.75287,17.21702],[96.75332,17.21702]]],[[[96.72313,17.21711],[96.72385,17.21702],[96.72385,17.21648],[96.7225,17.21639],[96.72286,17.21711],[96.72313,17.21711]]],[[[96.53718,17.2172],[96.53718,17.21675],[96.53754,17.21675],[96.53754,17.21603],[96.53808,17.21594],[96.53808,17.2146],[96.53853,17.2146],[96.53862,17.21424],[96.53799,17.21415],[96.53781,17.21334],[96.537,17.21316],[96.537,17.2128],[96.53655,17.2128],[96.53655,17.21307],[96.53584,17.2128],[96.53512,17.21352],[96.53592,17.21379],[96.53655,17.21352],[96.53655,17.21388],[96.53709,17.2137],[96.53709,17.21397],[96.53575,17.21442],[96.53575,17.21406],[96.53458,17.2137],[96.53476,17.21478],[96.53575,17.21486],[96.53592,17.21558],[96.53584,17.2163],[96.53503,17.21639],[96.53503,17.21666],[96.53637,17.21684],[96.53682,17.2172],[96.53718,17.2172]]],[[[96.57258,17.21756],[96.57294,17.21711],[96.57276,17.21621],[96.57231,17.2163],[96.57231,17.21666],[96.57258,17.21666],[96.57258,17.21702],[96.57222,17.21711],[96.57231,17.21756],[96.57258,17.21756]]],[[[96.5741,17.21603],[96.57365,17.21603],[96.57392,17.21756],[96.57419,17.21756],[96.5741,17.21612],[96.5741,17.21603]]],[[[96.61111,17.21765],[96.61156,17.21729],[96.61156,17.21666],[96.6104,17.21729],[96.61049,17.21765],[96.61111,17.21765]]],[[[96.73005,17.21774],[96.73023,17.21711],[96.73059,17.2172],[96.73059,17.21756],[96.73149,17.21711],[96.73149,17.21648],[96.73095,17.21639],[96.73095,17.21675],[96.73041,17.21675],[96.73041,17.2163],[96.73005,17.21621],[96.72969,17.21774],[96.73005,17.21774]]],[[[96.71262,17.21783],[96.71361,17.21774],[96.71406,17.21729],[96.71505,17.21756],[96.71514,17.2154],[96.71568,17.21522],[96.71559,17.21415],[96.71487,17.21415],[96.71406,17.2137],[96.71155,17.21379],[96.71101,17.21388],[96.71065,17.21469],[96.70984,17.21486],[96.70993,17.21567],[96.71047,17.21585],[96.71029,17.21711],[96.71128,17.21729],[96.71137,17.21783],[96.71235,17.21783],[96.71262,17.21783]]],[[[96.78251,17.21783],[96.78296,17.21774],[96.78278,17.21666],[96.78161,17.21603],[96.78125,17.21711],[96.78188,17.2172],[96.78215,17.21783],[96.78251,17.21783]]],[[[96.70723,17.21792],[96.7075,17.21783],[96.70759,17.21558],[96.7084,17.21513],[96.70912,17.21522],[96.70912,17.21567],[96.70939,17.21567],[96.70939,17.21495],[96.70885,17.21415],[96.70795,17.21424],[96.70741,17.21388],[96.7058,17.21415],[96.7058,17.21549],[96.70669,17.21567],[96.70669,17.21693],[96.70705,17.21702],[96.70669,17.21774],[96.70696,17.21792],[96.70723,17.21792]]],[[[96.76706,17.21513],[96.76706,17.2154],[96.76571,17.21558],[96.7658,17.21603],[96.7667,17.21603],[96.76643,17.21666],[96.76482,17.21675],[96.76482,17.21702],[96.76589,17.21711],[96.76571,17.21792],[96.76634,17.21765],[96.76634,17.21702],[96.76697,17.21702],[96.76706,17.21648],[96.76733,17.21648],[96.76733,17.21702],[96.76805,17.21693],[96.76814,17.21765],[96.76904,17.21756],[96.76904,17.21621],[96.76823,17.21621],[96.76823,17.21594],[96.76904,17.21594],[96.76886,17.21513],[96.76733,17.21513],[96.76706,17.21513]]],[[[96.79338,17.21729],[96.79293,17.21729],[96.79302,17.21792],[96.79392,17.21801],[96.79392,17.21756],[96.79338,17.21738],[96.79338,17.21729]]],[[[96.56997,17.2181],[96.57015,17.21747],[96.56961,17.21729],[96.56943,17.21666],[96.56853,17.21666],[96.5688,17.2181],[96.5697,17.2181],[96.56997,17.2181]]],[[[96.70256,17.2181],[96.70328,17.21801],[96.70328,17.21774],[96.7022,17.21756],[96.70184,17.2181],[96.70256,17.2181]]],[[[96.72071,17.21819],[96.72116,17.21711],[96.7208,17.21657],[96.72044,17.21657],[96.72062,17.21711],[96.72008,17.21711],[96.72017,17.21819],[96.72071,17.21819]]],[[[96.72601,17.21819],[96.7261,17.21756],[96.72637,17.21756],[96.72637,17.2181],[96.72673,17.21801],[96.72673,17.21756],[96.727,17.21756],[96.72682,17.21702],[96.72511,17.21738],[96.72574,17.21819],[96.72601,17.21819]]],[[[96.56072,17.21828],[96.56117,17.21819],[96.56117,17.21774],[96.56171,17.21783],[96.5618,17.21729],[96.5609,17.2172],[96.56054,17.21639],[96.56117,17.2163],[96.56126,17.21594],[96.56036,17.21549],[96.5591,17.21675],[96.5591,17.21711],[96.55991,17.21711],[96.55946,17.21783],[96.56063,17.21765],[96.56045,17.21828],[96.56072,17.21828]]],[[[96.69547,17.21846],[96.69591,17.21837],[96.69574,17.21765],[96.69645,17.21756],[96.69627,17.21684],[96.69547,17.21657],[96.69484,17.21693],[96.69484,17.2172],[96.69538,17.2172],[96.69547,17.21765],[96.69493,17.21846],[96.69547,17.21846]]],[[[96.74901,17.21846],[96.74954,17.2181],[96.74918,17.21747],[96.74865,17.21756],[96.74874,17.21846],[96.74901,17.21846]]],[[[96.82554,17.1978],[96.82554,17.19807],[96.82446,17.1978],[96.82446,17.19816],[96.82419,17.19816],[96.82419,17.1978],[96.82321,17.19735],[96.82321,17.19708],[96.82375,17.19708],[96.82375,17.19645],[96.82312,17.19654],[96.82312,17.19618],[96.82401,17.19582],[96.82401,17.19528],[96.8233,17.19456],[96.82375,17.19456],[96.82375,17.1942],[96.82563,17.19456],[96.82581,17.19375],[96.82401,17.19357],[96.82375,17.19384],[96.82276,17.19375],[96.8224,17.1942],[96.82195,17.1942],[96.82177,17.19384],[96.82186,17.19349],[96.82249,17.19349],[96.82249,17.19322],[96.82348,17.19322],[96.82348,17.19295],[96.82249,17.19295],[96.82258,17.19196],[96.82357,17.19151],[96.82437,17.1898],[96.82392,17.1898],[96.82366,17.19025],[96.82249,17.19025],[96.82231,17.19079],[96.82186,17.19079],[96.82195,17.19142],[96.82096,17.19106],[96.82114,17.1916],[96.8206,17.1916],[96.8206,17.19088],[96.81997,17.19133],[96.81925,17.19106],[96.81925,17.19061],[96.81898,17.19061],[96.81898,17.19034],[96.81988,17.18998],[96.81988,17.18971],[96.81916,17.1898],[96.81961,17.1889],[96.81889,17.18935],[96.81791,17.18917],[96.81809,17.18872],[96.81862,17.18863],[96.81862,17.18827],[96.81907,17.18827],[96.81907,17.18783],[96.81997,17.18756],[96.8206,17.18854],[96.81979,17.18854],[96.81979,17.18881],[96.82024,17.18881],[96.8206,17.18926],[96.8215,17.18926],[96.8215,17.18881],[96.82123,17.18881],[96.82141,17.18792],[96.82096,17.18738],[96.82132,17.18684],[96.82096,17.18684],[96.82096,17.18639],[96.82159,17.18621],[96.8224,17.18666],[96.82249,17.18765],[96.8241,17.1881],[96.82392,17.18729],[96.82339,17.1872],[96.82357,17.18648],[96.82303,17.18639],[96.82285,17.18594],[96.82186,17.18585],[96.82186,17.18549],[96.82303,17.18558],[96.82303,17.18459],[96.82366,17.18459],[96.82348,17.18297],[96.82312,17.18262],[96.82204,17.1828],[96.82195,17.18244],[96.82105,17.18208],[96.81952,17.18226],[96.81952,17.18253],[96.81898,17.18262],[96.8188,17.18199],[96.81773,17.18163],[96.81791,17.18226],[96.81746,17.1819],[96.81701,17.18199],[96.8171,17.1828],[96.81683,17.1828],[96.81656,17.18217],[96.81611,17.18217],[96.81611,17.18244],[96.81575,17.18244],[96.81611,17.18297],[96.81557,17.18306],[96.81557,17.18262],[96.81512,17.18244],[96.81521,17.1819],[96.81485,17.1819],[96.81503,17.18378],[96.81548,17.18387],[96.81548,17.18414],[96.81458,17.18423],[96.81449,17.18495],[96.81404,17.18549],[96.81422,17.18576],[96.81476,17.18558],[96.81476,17.18594],[96.81575,17.18675],[96.81593,17.18774],[96.81647,17.18747],[96.81656,17.18854],[96.81692,17.18854],[96.81773,17.18962],[96.81719,17.18962],[96.81728,17.19052],[96.81701,17.19052],[96.81665,17.18944],[96.81611,17.18926],[96.81611,17.1889],[96.81665,17.18917],[96.81647,17.18854],[96.81566,17.18818],[96.81566,17.18756],[96.8153,17.18756],[96.81521,17.1872],[96.8144,17.1872],[96.81413,17.18872],[96.81431,17.18917],[96.81476,17.18926],[96.81449,17.19007],[96.81539,17.19025],[96.81521,17.19088],[96.81458,17.19088],[96.81458,17.19124],[96.81539,17.19124],[96.81584,17.19169],[96.81494,17.1916],[96.81467,17.19196],[96.81386,17.19169],[96.81377,17.19214],[96.81341,17.19223],[96.8135,17.19286],[96.81386,17.19277],[96.81386,17.19241],[96.81476,17.19241],[96.81458,17.19313],[96.81521,17.19366],[96.81512,17.19447],[96.81431,17.19492],[96.81332,17.1942],[96.81314,17.19465],[96.81386,17.19537],[96.81395,17.196],[96.8144,17.19609],[96.81422,17.1969],[96.81521,17.19672],[96.8153,17.19618],[96.81476,17.19636],[96.81503,17.19555],[96.8162,17.19564],[96.81593,17.19663],[96.81674,17.19654],[96.81692,17.19717],[96.81548,17.19744],[96.81557,17.19789],[96.81692,17.19807],[96.81683,17.19879],[96.81638,17.19887],[96.81629,17.19932],[96.81566,17.19896],[96.81566,17.1995],[96.8162,17.19977],[96.8162,17.20049],[96.81665,17.20076],[96.81674,17.20202],[96.81728,17.20184],[96.81782,17.20247],[96.81782,17.20283],[96.81746,17.20283],[96.81782,17.204],[96.81719,17.20373],[96.8171,17.204],[96.81665,17.204],[96.81566,17.20328],[96.81557,17.20265],[96.81647,17.20175],[96.81602,17.20157],[96.81584,17.20193],[96.81494,17.20202],[96.81476,17.20148],[96.81503,17.2013],[96.8144,17.19977],[96.81413,17.20022],[96.81377,17.20022],[96.81386,17.20085],[96.81458,17.20148],[96.81458,17.2022],[96.8153,17.20229],[96.8153,17.20346],[96.81566,17.20355],[96.81602,17.20435],[96.81692,17.20471],[96.81674,17.20552],[96.81791,17.20606],[96.81791,17.20669],[96.8188,17.20786],[96.81979,17.20795],[96.81988,17.20849],[96.82033,17.20858],[96.82051,17.20921],[96.82123,17.2093],[96.82123,17.20974],[96.82177,17.21001],[96.82177,17.21037],[96.82366,17.21109],[96.8241,17.21208],[96.82473,17.2119],[96.825,17.21271],[96.82581,17.21217],[96.82581,17.21253],[96.82635,17.21289],[96.82626,17.21379],[96.82689,17.21361],[96.82725,17.21388],[96.82689,17.21424],[96.82698,17.21469],[96.82743,17.21469],[96.82779,17.21522],[96.82913,17.21603],[96.82922,17.21657],[96.83012,17.21675],[96.8312,17.21783],[96.83246,17.21846],[96.83273,17.21702],[96.8321,17.21693],[96.8321,17.21657],[96.83156,17.21693],[96.8312,17.21639],[96.83084,17.21639],[96.8303,17.21486],[96.82967,17.21486],[96.82949,17.21415],[96.82976,17.21343],[96.82931,17.21343],[96.82931,17.21244],[96.82887,17.21244],[96.82905,17.2119],[96.82815,17.2119],[96.82797,17.21073],[96.82734,17.21028],[96.82779,17.20965],[96.82563,17.20948],[96.82563,17.20974],[96.82527,17.20974],[96.82527,17.20939],[96.82572,17.20849],[96.82689,17.20831],[96.82689,17.20876],[96.82716,17.20876],[96.82716,17.20831],[96.82806,17.20804],[96.82815,17.2066],[96.82922,17.20651],[96.82922,17.20624],[96.82994,17.20651],[96.82949,17.20534],[96.83021,17.20525],[96.83021,17.20471],[96.82869,17.2048],[96.8286,17.204],[96.8277,17.20391],[96.82797,17.20346],[96.83084,17.20346],[96.83138,17.2031],[96.83129,17.20256],[96.8321,17.20247],[96.83174,17.20373],[96.83111,17.20373],[96.83129,17.20462],[96.83282,17.20453],[96.83345,17.2048],[96.83372,17.20417],[96.83551,17.20417],[96.83533,17.20364],[96.83479,17.20364],[96.83479,17.20319],[96.8356,17.20328],[96.8356,17.20256],[96.83542,17.20229],[96.83479,17.20238],[96.83488,17.20184],[96.83417,17.20157],[96.83452,17.20103],[96.83309,17.20103],[96.83264,17.2013],[96.83201,17.20112],[96.83201,17.20175],[96.83156,17.20175],[96.83129,17.20121],[96.83057,17.20094],[96.83066,17.20166],[96.8303,17.20202],[96.83066,17.20202],[96.83066,17.20229],[96.82976,17.20202],[96.82949,17.2022],[96.82958,17.20283],[96.82878,17.20265],[96.82788,17.20319],[96.82788,17.20274],[96.82824,17.20265],[96.82797,17.20148],[96.82707,17.20157],[96.82707,17.20112],[96.82815,17.20139],[96.8286,17.2013],[96.82887,17.20076],[96.82931,17.20076],[96.82931,17.20193],[96.82958,17.20193],[96.82958,17.20148],[96.83021,17.20121],[96.83021,17.20067],[96.83075,17.20085],[96.83093,17.20049],[96.83075,17.19905],[96.83129,17.19896],[96.83129,17.19843],[96.82985,17.19932],[96.82913,17.19932],[96.82905,17.19977],[96.82967,17.19968],[96.82913,17.20049],[96.8277,17.20058],[96.82815,17.20013],[96.82815,17.19959],[96.82734,17.19959],[96.82734,17.19923],[96.82842,17.19914],[96.82887,17.19861],[96.82725,17.19834],[96.82617,17.1987],[96.82617,17.19905],[96.82563,17.19923],[96.82536,17.19861],[96.82662,17.19834],[96.82662,17.19807],[96.8259,17.19816],[96.82581,17.1978],[96.82554,17.1978]],[[96.82159,17.19843],[96.82159,17.1987],[96.82042,17.19896],[96.82006,17.19834],[96.81862,17.19852],[96.81862,17.19798],[96.8188,17.19753],[96.81943,17.1978],[96.81952,17.19708],[96.81979,17.19708],[96.81988,17.19744],[96.82087,17.19789],[96.82096,17.19843],[96.82159,17.19843]],[[96.82168,17.19905],[96.82204,17.19932],[96.82177,17.19977],[96.82105,17.19941],[96.82114,17.19896],[96.82141,17.19905],[96.82168,17.19905]],[[96.82096,17.2004],[96.82096,17.20076],[96.82159,17.20085],[96.82159,17.20121],[96.82006,17.20076],[96.82006,17.20049],[96.82069,17.2004],[96.82096,17.2004]],[[96.83237,17.20292],[96.83246,17.20193],[96.83372,17.20175],[96.83417,17.2031],[96.8339,17.2031],[96.83363,17.20229],[96.83309,17.20229],[96.83282,17.20292],[96.83237,17.20292]],[[96.82689,17.21001],[96.82653,17.21073],[96.82563,17.21136],[96.82572,17.21073],[96.82644,17.21001],[96.82689,17.21001]],[[96.82276,17.19609],[96.82258,17.19501],[96.82168,17.19501],[96.82186,17.19573],[96.82123,17.19582],[96.82087,17.1951],[96.81907,17.19537],[96.81907,17.1951],[96.81871,17.1951],[96.81871,17.19465],[96.81809,17.19501],[96.81809,17.19456],[96.81853,17.19393],[96.81889,17.19393],[96.8188,17.19483],[96.81925,17.19492],[96.81943,17.19384],[96.81898,17.19384],[96.81898,17.19357],[96.8197,17.19295],[96.8197,17.19331],[96.82024,17.19331],[96.82024,17.19366],[96.8197,17.19375],[96.8197,17.19438],[96.82114,17.19411],[96.82051,17.19349],[96.82141,17.19366],[96.82168,17.19474],[96.82321,17.19483],[96.82348,17.19582],[96.82312,17.19609],[96.82276,17.19609]],[[96.81665,17.19322],[96.81701,17.19411],[96.81746,17.19411],[96.81791,17.19349],[96.81827,17.19384],[96.81701,17.1951],[96.81674,17.19483],[96.81521,17.19501],[96.81521,17.19456],[96.81593,17.19456],[96.81665,17.19393],[96.81584,17.19384],[96.81566,17.19277],[96.81611,17.19322],[96.81665,17.19322]]],[[[96.61013,17.21792],[96.6095,17.21792],[96.6095,17.21819],[96.61031,17.21882],[96.61013,17.21801],[96.61013,17.21792]]],[[[96.76113,17.21882],[96.76176,17.21855],[96.76176,17.21801],[96.76203,17.21792],[96.76176,17.21711],[96.76068,17.21729],[96.76077,17.21882],[96.76113,17.21882]]],[[[96.75961,17.21909],[96.75961,17.21864],[96.75889,17.21792],[96.75835,17.21783],[96.75907,17.21909],[96.75961,17.21909]]],[[[96.89417,17.21918],[96.89552,17.21891],[96.89552,17.21864],[96.89417,17.21882],[96.89381,17.21819],[96.89327,17.2181],[96.89336,17.21882],[96.8939,17.21918],[96.89417,17.21918]]],[[[96.58363,17.21927],[96.58434,17.21918],[96.58434,17.21891],[96.58318,17.21873],[96.58318,17.21927],[96.58363,17.21927]]],[[[96.78431,17.21927],[96.78431,17.21855],[96.78503,17.21882],[96.7853,17.21819],[96.78458,17.21792],[96.7844,17.21828],[96.78359,17.21837],[96.7835,17.21882],[96.78395,17.21927],[96.78431,17.21927]]],[[[96.61992,17.21936],[96.62073,17.21855],[96.61992,17.21765],[96.61956,17.21774],[96.61947,17.21828],[96.61965,17.21936],[96.61992,17.21936]]],[[[96.69798,17.21954],[96.69798,17.219],[96.69852,17.21882],[96.69834,17.21837],[96.69681,17.21927],[96.69681,17.21954],[96.69726,17.21954],[96.69726,17.21918],[96.69762,17.21918],[96.69771,17.21954],[96.69798,17.21954]]],[[[96.55299,17.21316],[96.55308,17.21253],[96.55362,17.21262],[96.55398,17.2137],[96.55434,17.2137],[96.55461,17.2128],[96.55488,17.2128],[96.55515,17.21442],[96.55443,17.21442],[96.55425,17.21397],[96.55371,17.21397],[96.55335,17.21316],[96.55299,17.21316],[96.55299,17.21433],[96.55254,17.21451],[96.55281,17.21504],[96.55335,17.21504],[96.55335,17.21433],[96.5538,17.21433],[96.55443,17.2146],[96.55425,17.21531],[96.5547,17.21513],[96.5547,17.21469],[96.55506,17.21478],[96.55524,17.21549],[96.55605,17.21513],[96.55721,17.21513],[96.55721,17.21478],[96.55695,17.21478],[96.55713,17.21325],[96.55605,17.21343],[96.55569,17.21127],[96.55407,17.21163],[96.55371,17.21019],[96.5538,17.20992],[96.55479,17.20965],[96.55461,17.20912],[96.55416,17.20912],[96.55416,17.2084],[96.55452,17.20831],[96.55461,17.20732],[96.55506,17.20723],[96.55775,17.20795],[96.55784,17.20903],[96.5573,17.20903],[96.55748,17.2084],[96.55677,17.2084],[96.55677,17.20804],[96.5556,17.20849],[96.55569,17.20956],[96.55739,17.20992],[96.5573,17.20939],[96.55811,17.20921],[96.5582,17.20714],[96.55793,17.20714],[96.55793,17.20669],[96.55838,17.2066],[96.5582,17.20588],[96.55847,17.20561],[96.55784,17.20561],[96.55784,17.20615],[96.55757,17.20615],[96.55748,17.20552],[96.55775,17.20552],[96.55775,17.20516],[96.55713,17.20543],[96.5573,17.20453],[96.55551,17.20426],[96.55551,17.20382],[96.55524,17.20382],[96.55551,17.20525],[96.55506,17.20552],[96.55497,17.20615],[96.5547,17.20615],[96.55479,17.20561],[96.55389,17.20606],[96.55344,17.20606],[96.55326,17.2057],[96.55263,17.20579],[96.55281,17.20534],[96.55398,17.20489],[96.55407,17.20417],[96.55353,17.20435],[96.55353,17.20364],[96.55479,17.20319],[96.55479,17.20166],[96.55434,17.20166],[96.55362,17.20085],[96.55218,17.20076],[96.55236,17.20157],[96.55147,17.20175],[96.55165,17.20121],[96.55084,17.20076],[96.55111,17.20049],[96.55093,17.19995],[96.54967,17.20022],[96.55012,17.20094],[96.54778,17.20121],[96.54769,17.19959],[96.54805,17.19959],[96.54778,17.19887],[96.54554,17.19887],[96.54356,17.19941],[96.54329,17.19807],[96.54401,17.19807],[96.54392,17.19744],[96.54464,17.19753],[96.54545,17.19699],[96.54599,17.19699],[96.54599,17.19627],[96.54527,17.19618],[96.54563,17.19546],[96.54491,17.19546],[96.54473,17.19591],[96.54428,17.19591],[96.54428,17.19555],[96.54329,17.19546],[96.54329,17.19573],[96.54266,17.19591],[96.54266,17.19465],[96.54221,17.19465],[96.5423,17.19402],[96.54131,17.19411],[96.54131,17.19456],[96.54185,17.19456],[96.54185,17.19483],[96.54069,17.19483],[96.54078,17.19555],[96.54051,17.19582],[96.54087,17.19618],[96.54078,17.19681],[96.54114,17.19681],[96.54114,17.19744],[96.54078,17.19753],[96.5406,17.19708],[96.54006,17.19717],[96.54006,17.19627],[96.53979,17.19654],[96.53925,17.19645],[96.53916,17.19843],[96.53961,17.19843],[96.54024,17.19914],[96.54087,17.19914],[96.54105,17.19816],[96.54167,17.19762],[96.54114,17.19941],[96.54248,17.19905],[96.54311,17.19905],[96.54311,17.19932],[96.54239,17.1995],[96.54221,17.20004],[96.54087,17.19986],[96.54015,17.20094],[96.5406,17.20148],[96.54203,17.20139],[96.54239,17.20166],[96.54239,17.20193],[96.54176,17.20193],[96.54185,17.20274],[96.54275,17.20256],[96.54284,17.20292],[96.54239,17.20292],[96.54212,17.20337],[96.54194,17.20444],[96.54239,17.20444],[96.54239,17.20417],[96.54329,17.20426],[96.54275,17.20319],[96.54347,17.20337],[96.54365,17.20274],[96.54518,17.20319],[96.54473,17.20274],[96.54464,17.20148],[96.54554,17.20112],[96.54581,17.20202],[96.54545,17.20202],[96.54527,17.20247],[96.5459,17.20238],[96.5459,17.20373],[96.54455,17.20355],[96.54455,17.20391],[96.54491,17.20391],[96.54464,17.2048],[96.54536,17.2048],[96.5459,17.20417],[96.54635,17.20417],[96.54644,17.20453],[96.545,17.20552],[96.54527,17.20642],[96.54455,17.20624],[96.54455,17.20651],[96.54428,17.20651],[96.54437,17.2057],[96.54365,17.20534],[96.54356,17.20453],[96.54329,17.20453],[96.54311,17.20525],[96.5423,17.20525],[96.54203,17.20561],[96.54158,17.20561],[96.54149,17.20597],[96.54069,17.20606],[96.54087,17.20714],[96.54006,17.20696],[96.53997,17.2075],[96.54221,17.20786],[96.54212,17.20588],[96.54356,17.2057],[96.54401,17.20615],[96.54401,17.20642],[96.54356,17.20642],[96.54365,17.20768],[96.54329,17.20768],[96.54329,17.20813],[96.54374,17.20813],[96.54374,17.20867],[96.5441,17.20867],[96.54392,17.20723],[96.54545,17.20696],[96.54554,17.20867],[96.54635,17.20876],[96.54635,17.20912],[96.54661,17.20912],[96.54661,17.20867],[96.54706,17.20867],[96.54679,17.2084],[96.54688,17.2075],[96.54626,17.2075],[96.54608,17.20705],[96.54626,17.2057],[96.54554,17.20579],[96.54608,17.20498],[96.54644,17.20498],[96.54626,17.2057],[96.54652,17.2057],[96.54635,17.20723],[96.54697,17.20723],[96.5476,17.2066],[96.5476,17.20606],[96.54832,17.20606],[96.54841,17.20543],[96.54922,17.20597],[96.54913,17.20669],[96.54958,17.20669],[96.54958,17.20588],[96.55021,17.20597],[96.55021,17.20624],[96.55093,17.20615],[96.55111,17.20678],[96.55218,17.2066],[96.55227,17.20615],[96.55272,17.20624],[96.55263,17.20705],[96.55308,17.20741],[96.55263,17.20813],[96.55281,17.20983],[96.5512,17.21037],[96.55075,17.20921],[96.54877,17.20921],[96.54886,17.20974],[96.5494,17.20956],[96.5494,17.20983],[96.54814,17.21028],[96.54814,17.21055],[96.54832,17.21109],[96.54886,17.21109],[96.54886,17.21136],[96.54742,17.21127],[96.54742,17.21091],[96.54697,17.21091],[96.54697,17.21136],[96.54635,17.21145],[96.54644,17.21253],[96.54661,17.21307],[96.54751,17.21325],[96.54796,17.21271],[96.5476,17.21154],[96.54832,17.21172],[96.5485,17.21262],[96.54904,17.21244],[96.54877,17.2137],[96.54706,17.21433],[96.54706,17.2146],[96.54751,17.21469],[96.54706,17.21531],[96.54733,17.21567],[96.54823,17.21558],[96.54823,17.2146],[96.5485,17.21486],[96.54913,17.21486],[96.54913,17.2146],[96.55003,17.21486],[96.5494,17.21334],[96.55039,17.2137],[96.55039,17.21334],[96.55102,17.21325],[96.55111,17.2137],[96.55165,17.21361],[96.55165,17.21469],[96.55075,17.21469],[96.55075,17.21442],[96.5503,17.2146],[96.5503,17.21495],[96.55066,17.21495],[96.55066,17.21567],[96.55138,17.21567],[96.55138,17.21594],[96.54985,17.2163],[96.54985,17.21666],[96.55111,17.21738],[96.55111,17.21783],[96.54949,17.21729],[96.54967,17.21828],[96.5503,17.21828],[96.5503,17.21792],[96.55075,17.21837],[96.55111,17.21837],[96.55111,17.2181],[96.55191,17.21819],[96.55191,17.21945],[96.55317,17.21945],[96.55317,17.219],[96.55344,17.219],[96.55326,17.21954],[96.55533,17.21945],[96.55488,17.21873],[96.55569,17.219],[96.55587,17.21837],[96.55542,17.21828],[96.55542,17.21801],[96.55587,17.21801],[96.55587,17.21756],[96.55542,17.21738],[96.55506,17.21621],[96.5547,17.21621],[96.5547,17.21558],[96.55425,17.21558],[96.55461,17.21648],[96.55416,17.21648],[96.55407,17.21612],[96.55344,17.21621],[96.55344,17.21513],[96.55254,17.21558],[96.55138,17.21531],[96.55138,17.21504],[96.55218,17.21495],[96.552,17.21379],[96.55272,17.21352],[96.55272,17.21316],[96.55299,17.21316]],[[96.55308,17.21612],[96.55308,17.21702],[96.55263,17.21702],[96.55263,17.21747],[96.55236,17.21747],[96.55236,17.21684],[96.55272,17.21684],[96.55272,17.21639],[96.55183,17.21666],[96.55191,17.21603],[96.55236,17.21612],[96.55308,17.21612]],[[96.55389,17.21774],[96.55407,17.21684],[96.55434,17.21684],[96.55434,17.21756],[96.55506,17.21774],[96.55506,17.2181],[96.55425,17.21837],[96.55425,17.21864],[96.55254,17.21837],[96.55254,17.2181],[96.55335,17.21819],[96.5538,17.21774],[96.55389,17.21774]],[[96.54994,17.21181],[96.54967,17.21145],[96.54913,17.21181],[96.54913,17.21109],[96.54949,17.21082],[96.55066,17.21136],[96.55066,17.21181],[96.55102,17.21181],[96.55102,17.21208],[96.5503,17.21181],[96.54994,17.21181]],[[96.54886,17.20373],[96.54886,17.20319],[96.54985,17.20328],[96.55021,17.20292],[96.55111,17.20292],[96.55147,17.2022],[96.552,17.20211],[96.55165,17.20364],[96.54967,17.20346],[96.54949,17.20373],[96.54886,17.20373]],[[96.54356,17.20103],[96.54302,17.20139],[96.54329,17.19968],[96.54374,17.19968],[96.54374,17.20013],[96.54347,17.20013],[96.54365,17.20103],[96.54356,17.20103]],[[96.54194,17.19753],[96.54194,17.19645],[96.54239,17.19645],[96.54239,17.19609],[96.54266,17.19609],[96.54221,17.19753],[96.54194,17.19753]]],[[[96.57392,17.21981],[96.5741,17.21783],[96.57365,17.21801],[96.57365,17.21981],[96.57392,17.21981]]],[[[96.80461,17.21981],[96.8047,17.21927],[96.80425,17.21909],[96.80425,17.21846],[96.80263,17.21855],[96.80263,17.21729],[96.80228,17.21729],[96.80228,17.21774],[96.80138,17.21783],[96.80129,17.21756],[96.80129,17.21729],[96.80201,17.21738],[96.8021,17.21675],[96.80281,17.21675],[96.80272,17.21594],[96.80353,17.21612],[96.80335,17.21549],[96.80281,17.21558],[96.80272,17.21522],[96.8021,17.21513],[96.80219,17.21469],[96.80246,17.21495],[96.80299,17.21486],[96.8029,17.21343],[96.8021,17.21352],[96.80183,17.21388],[96.80156,17.21388],[96.80156,17.21352],[96.80084,17.2137],[96.80066,17.21415],[96.79994,17.21433],[96.80003,17.21522],[96.80039,17.2154],[96.80012,17.21612],[96.80021,17.21783],[96.80075,17.21792],[96.80075,17.21819],[96.8003,17.21819],[96.80057,17.21909],[96.80111,17.21918],[96.80111,17.21882],[96.80138,17.21882],[96.80156,17.21927],[96.80201,17.21927],[96.80201,17.219],[96.80398,17.21918],[96.80398,17.21963],[96.80434,17.21981],[96.80461,17.21981]]],[[[96.81072,17.21936],[96.81072,17.219],[96.80991,17.21918],[96.81045,17.21981],[96.81081,17.21981],[96.81081,17.21936],[96.81072,17.21936]]],[[[96.87091,17.21981],[96.87136,17.21963],[96.87136,17.21927],[96.87001,17.21918],[96.87055,17.21981],[96.87091,17.21981]]],[[[96.60617,17.2199],[96.6077,17.21936],[96.6095,17.21936],[96.60923,17.2172],[96.60887,17.2172],[96.60887,17.21747],[96.60806,17.21729],[96.60806,17.21702],[96.6086,17.21702],[96.6086,17.21666],[96.60923,17.21657],[96.60923,17.21612],[96.60959,17.21612],[96.60959,17.21567],[96.60923,17.21567],[96.60932,17.21442],[96.60905,17.21424],[96.60788,17.21469],[96.60743,17.21684],[96.60671,17.21666],[96.60572,17.21702],[96.60572,17.21666],[96.60492,17.21666],[96.60492,17.21594],[96.60429,17.21594],[96.60429,17.21558],[96.60375,17.21567],[96.60375,17.2163],[96.6033,17.2163],[96.60303,17.21702],[96.60384,17.2172],[96.60357,17.21909],[96.60492,17.21918],[96.60563,17.2199],[96.60617,17.2199]]],[[[96.74999,17.2199],[96.75053,17.21954],[96.7508,17.21819],[96.75044,17.2172],[96.75053,17.2163],[96.74954,17.21621],[96.74936,17.21711],[96.7499,17.21702],[96.74999,17.21801],[96.75035,17.21801],[96.75035,17.21855],[96.7499,17.21855],[96.74981,17.21936],[96.74954,17.21936],[96.74963,17.2199],[96.74999,17.2199]]],[[[96.59629,17.21972],[96.59593,17.21882],[96.59521,17.21909],[96.59521,17.21945],[96.59575,17.21936],[96.59575,17.21999],[96.59638,17.21999],[96.59638,17.21972],[96.59629,17.21972]]],[[[96.75772,17.21999],[96.75781,17.21873],[96.75718,17.21882],[96.75745,17.21909],[96.75727,17.21999],[96.75772,17.21999]]],[[[96.78566,17.21999],[96.78611,17.21954],[96.78611,17.21909],[96.78647,17.21909],[96.78647,17.21972],[96.78682,17.21972],[96.7879,17.219],[96.78808,17.21981],[96.78835,17.21981],[96.78844,17.21936],[96.78925,17.21918],[96.78925,17.21882],[96.78997,17.21873],[96.79006,17.21801],[96.7906,17.21801],[96.79051,17.21747],[96.79123,17.21711],[96.79096,17.21639],[96.79159,17.21621],[96.79159,17.21594],[96.79239,17.21639],[96.79239,17.21684],[96.79302,17.21639],[96.79266,17.2172],[96.79329,17.21702],[96.79311,17.21531],[96.79356,17.21486],[96.79221,17.21486],[96.79141,17.21549],[96.79042,17.21522],[96.79015,17.21594],[96.79087,17.21567],[96.79096,17.2163],[96.78988,17.21594],[96.78988,17.2154],[96.7906,17.21478],[96.7906,17.21379],[96.78997,17.21379],[96.78961,17.21289],[96.79069,17.21271],[96.79033,17.21217],[96.78979,17.21217],[96.79015,17.21181],[96.78988,17.21109],[96.79033,17.21109],[96.7906,17.21055],[96.79132,17.21073],[96.79114,17.20983],[96.79078,17.21019],[96.79051,17.21019],[96.79051,17.20983],[96.78961,17.20983],[96.78916,17.21019],[96.78916,17.20974],[96.78862,17.20948],[96.78844,17.21001],[96.7888,17.21001],[96.78925,17.21109],[96.78826,17.211],[96.78808,17.21271],[96.78763,17.21271],[96.78754,17.21325],[96.787,17.21334],[96.78709,17.21262],[96.78655,17.21244],[96.78655,17.21208],[96.78682,17.21172],[96.78727,17.21172],[96.78772,17.21091],[96.78736,17.21064],[96.78682,17.21091],[96.78664,17.21046],[96.78629,17.21046],[96.78593,17.20894],[96.78548,17.20894],[96.7844,17.21064],[96.78503,17.21082],[96.78575,17.21046],[96.78584,17.21127],[96.78638,17.21136],[96.78593,17.21253],[96.78638,17.21253],[96.78655,17.21334],[96.78593,17.21271],[96.7853,17.21271],[96.78593,17.21145],[96.78521,17.21145],[96.78458,17.21208],[96.7835,17.21217],[96.7835,17.21253],[96.78233,17.21244],[96.78215,17.21271],[96.78224,17.21325],[96.78314,17.21307],[96.78224,17.21495],[96.78341,17.21469],[96.7835,17.21415],[96.78377,17.21415],[96.78377,17.21486],[96.78413,17.21495],[96.78413,17.21531],[96.78359,17.21531],[96.7835,17.21558],[96.78287,17.21522],[96.78215,17.21549],[96.78251,17.21639],[96.78323,17.21603],[96.78323,17.21657],[96.78395,17.21675],[96.78395,17.21648],[96.78359,17.21648],[96.78386,17.21594],[96.78467,17.21603],[96.78467,17.2163],[96.78413,17.21621],[96.78413,17.21648],[96.78476,17.21711],[96.78521,17.21711],[96.78503,17.21612],[96.78566,17.21603],[96.78566,17.21558],[96.78611,17.21558],[96.78629,17.21639],[96.787,17.21603],[96.78772,17.2163],[96.78772,17.21684],[96.78736,17.21693],[96.78763,17.21774],[96.78727,17.21774],[96.78727,17.21729],[96.78682,17.21729],[96.78718,17.21675],[96.7862,17.21684],[96.78638,17.21747],[96.78593,17.21747],[96.78611,17.21882],[96.78557,17.21855],[96.78584,17.21936],[96.78449,17.21945],[96.78449,17.21972],[96.78503,17.21963],[96.7853,17.21999],[96.78566,17.21999]],[[96.78889,17.21693],[96.78826,17.21603],[96.78844,17.21495],[96.78871,17.21486],[96.78925,17.21495],[96.78952,17.21549],[96.78916,17.21693],[96.78889,17.21693]],[[96.78718,17.21495],[96.78718,17.2154],[96.78682,17.21567],[96.78629,17.21549],[96.78709,17.21433],[96.787,17.21397],[96.78727,17.21397],[96.787,17.21495],[96.78718,17.21495]]],[[[96.53916,17.21972],[96.53943,17.21882],[96.53916,17.21792],[96.5361,17.21801],[96.53628,17.21981],[96.53655,17.21999],[96.53736,17.22008],[96.53718,17.21945],[96.53808,17.21972],[96.53871,17.21927],[96.53871,17.2199],[96.53934,17.22034],[96.53925,17.21972],[96.53916,17.21972]]],[[[96.58659,17.22034],[96.58677,17.21981],[96.58578,17.21954],[96.58587,17.22008],[96.58632,17.22034],[96.58659,17.22034]]],[[[96.79284,17.22043],[96.79302,17.21918],[96.79248,17.21909],[96.7923,17.21963],[96.79257,17.22043],[96.79284,17.22043]]],[[[96.7005,17.22079],[96.70059,17.219],[96.70032,17.21846],[96.69933,17.21846],[96.69888,17.21792],[96.69897,17.21711],[96.69807,17.21693],[96.69798,17.21738],[96.69834,17.21747],[96.6987,17.21855],[96.6996,17.219],[96.6996,17.21936],[96.69906,17.21927],[96.69897,17.21972],[96.6987,17.21972],[96.69897,17.22052],[96.70014,17.22052],[96.70014,17.22079],[96.7005,17.22079]]],[[[96.75323,17.22079],[96.75341,17.2199],[96.75278,17.21981],[96.7526,17.21927],[96.75197,17.21918],[96.75197,17.21972],[96.75296,17.22008],[96.75296,17.22079],[96.75323,17.22079]]],[[[96.54518,17.22097],[96.54626,17.22061],[96.54563,17.21954],[96.54491,17.21981],[96.54473,17.22097],[96.54518,17.22097]]],[[[96.76994,17.22052],[96.76994,17.21909],[96.76913,17.21927],[96.76913,17.21954],[96.76949,17.21954],[96.7694,17.2207],[96.77012,17.22097],[96.77003,17.22052],[96.76994,17.22052]]],[[[96.80192,17.22097],[96.80219,17.22052],[96.80183,17.22052],[96.80165,17.21981],[96.80066,17.2199],[96.80057,17.22061],[96.80138,17.22043],[96.80138,17.22097],[96.80192,17.22097]]],[[[96.56395,17.22106],[96.56431,17.22088],[96.56422,17.22017],[96.56476,17.22008],[96.56485,17.219],[96.56305,17.21936],[96.56305,17.21981],[96.56359,17.21999],[96.56332,17.22097],[96.56368,17.22106],[96.56395,17.22106]]],[[[96.74532,17.22106],[96.74532,17.22061],[96.74586,17.22079],[96.74613,17.22052],[96.74613,17.22017],[96.74532,17.21963],[96.74487,17.21981],[96.74478,17.22088],[96.74505,17.22106],[96.74532,17.22106]]],[[[96.54985,17.22124],[96.55003,17.22052],[96.54976,17.22017],[96.54931,17.22017],[96.54922,17.21981],[96.55021,17.21999],[96.55021,17.22043],[96.55075,17.22061],[96.55084,17.22017],[96.5512,17.22017],[96.55129,17.21936],[96.5485,17.219],[96.54796,17.21918],[96.54823,17.21999],[96.54886,17.22008],[96.54886,17.2207],[96.54958,17.2207],[96.54958,17.22124],[96.54985,17.22124]]],[[[96.60707,17.22124],[96.60698,17.22008],[96.60662,17.22008],[96.60653,17.22124],[96.60707,17.22124]]],[[[96.76212,17.22124],[96.76248,17.2199],[96.76356,17.22017],[96.76356,17.21972],[96.76428,17.21954],[96.76428,17.21927],[96.76284,17.21954],[96.76266,17.21891],[96.76221,17.21891],[96.7623,17.21981],[96.76158,17.21972],[96.76158,17.22008],[96.76203,17.22008],[96.76212,17.22043],[96.7614,17.22043],[96.76131,17.22124],[96.76212,17.22124]]],[[[96.77578,17.22151],[96.77622,17.22142],[96.77622,17.22106],[96.77685,17.22115],[96.77721,17.22043],[96.77748,17.22043],[96.77757,17.22124],[96.77793,17.22124],[96.77784,17.21981],[96.77712,17.21981],[96.77712,17.21909],[96.77802,17.21909],[96.77802,17.21864],[96.77685,17.21864],[96.77676,17.21765],[96.77784,17.21729],[96.77784,17.21639],[96.77946,17.21648],[96.77928,17.21594],[96.77847,17.21603],[96.77847,17.21531],[96.77973,17.21567],[96.77919,17.21478],[96.77856,17.21504],[96.77793,17.21469],[96.77793,17.21442],[96.77829,17.21442],[96.7782,17.2137],[96.77694,17.21361],[96.77685,17.21388],[96.7764,17.21388],[96.77649,17.21325],[96.7756,17.21343],[96.7756,17.21388],[96.77434,17.21397],[96.77488,17.21495],[96.77595,17.21478],[96.77595,17.21424],[96.77694,17.21424],[96.77703,17.21478],[96.77793,17.21486],[96.77802,17.21603],[96.77712,17.21594],[96.77685,17.21639],[96.77622,17.21648],[96.77622,17.21684],[96.77676,17.21693],[96.77676,17.2172],[96.77595,17.21846],[96.77551,17.21828],[96.77569,17.21756],[96.77515,17.21747],[96.77515,17.21711],[96.77461,17.21738],[96.77443,17.21801],[96.77317,17.21765],[96.77317,17.2172],[96.77083,17.21693],[96.76949,17.21711],[96.76931,17.21774],[96.7694,17.21837],[96.77047,17.21819],[96.77056,17.21864],[96.77146,17.21891],[96.77137,17.21981],[96.77182,17.21999],[96.77236,17.21981],[96.77317,17.22008],[96.77353,17.21936],[96.77434,17.21963],[96.77425,17.219],[96.77461,17.219],[96.77461,17.21945],[96.77595,17.21954],[96.77613,17.22088],[96.77551,17.22151],[96.77578,17.22151]]],[[[96.79329,17.22169],[96.79329,17.2207],[96.79293,17.2207],[96.79275,17.22115],[96.7923,17.22115],[96.7923,17.22169],[96.79302,17.22169],[96.79329,17.22169]]],[[[96.59566,17.22187],[96.5962,17.22178],[96.59584,17.22142],[96.59593,17.22106],[96.59683,17.22097],[96.59701,17.2199],[96.59665,17.2199],[96.59674,17.22061],[96.59629,17.22025],[96.59512,17.22061],[96.5953,17.22187],[96.59566,17.22187]]],[[[96.58291,17.22196],[96.58291,17.2216],[96.58407,17.2216],[96.58398,17.22106],[96.5847,17.22097],[96.58479,17.22061],[96.58389,17.2207],[96.58389,17.22106],[96.58327,17.22124],[96.583,17.22124],[96.58318,17.2207],[96.58264,17.22079],[96.58255,17.22196],[96.58291,17.22196]]],[[[96.54617,17.22205],[96.54644,17.22196],[96.54617,17.22097],[96.54509,17.22115],[96.545,17.22187],[96.54563,17.22205],[96.5459,17.22178],[96.5459,17.22205],[96.54617,17.22205]]],[[[96.80317,17.22223],[96.80398,17.22214],[96.80434,17.22142],[96.80326,17.22097],[96.80263,17.22178],[96.80281,17.22223],[96.80317,17.22223]]],[[[96.59378,17.22232],[96.59387,17.22196],[96.59441,17.22178],[96.59441,17.22142],[96.59342,17.22133],[96.59351,17.22232],[96.59378,17.22232]]],[[[96.72358,17.22286],[96.72421,17.22268],[96.72439,17.22223],[96.7234,17.22142],[96.72277,17.22169],[96.72286,17.22286],[96.72358,17.22286]]],[[[96.79491,17.22286],[96.795,17.2216],[96.79446,17.22061],[96.795,17.22061],[96.795,17.22017],[96.79401,17.21963],[96.79374,17.22124],[96.79401,17.22124],[96.79419,17.2225],[96.79455,17.22286],[96.79491,17.22286]]],[[[96.7464,17.22304],[96.74658,17.2225],[96.74874,17.22241],[96.74874,17.22178],[96.74721,17.22196],[96.74721,17.22169],[96.74658,17.22169],[96.74649,17.22124],[96.7473,17.22124],[96.7473,17.22169],[96.74757,17.22169],[96.74793,17.22106],[96.74622,17.22079],[96.74604,17.22187],[96.74658,17.22187],[96.74658,17.22232],[96.74595,17.2225],[96.74604,17.22304],[96.7464,17.22304]]],[[[96.53404,17.22313],[96.53449,17.22259],[96.53539,17.22259],[96.5353,17.22043],[96.53494,17.22043],[96.53494,17.22079],[96.53413,17.2207],[96.53386,17.22106],[96.53404,17.22259],[96.53368,17.22259],[96.53368,17.22313],[96.53404,17.22313]]],[[[96.7773,17.22313],[96.77757,17.22304],[96.77748,17.22268],[96.77631,17.22259],[96.77631,17.22304],[96.77694,17.22313],[96.7773,17.22313]]],[[[96.74514,17.22358],[96.74559,17.22241],[96.74523,17.22241],[96.74523,17.22277],[96.74442,17.22268],[96.74451,17.22331],[96.74487,17.22331],[96.74487,17.22358],[96.74514,17.22358]]],[[[96.79715,17.22277],[96.79715,17.22008],[96.79689,17.22008],[96.79689,17.22043],[96.79581,17.22034],[96.79599,17.22259],[96.79662,17.22286],[96.7968,17.22358],[96.79733,17.22358],[96.79733,17.22277],[96.79715,17.22277]]],[[[96.80129,17.22358],[96.80201,17.22349],[96.80254,17.22313],[96.80254,17.22277],[96.8021,17.22277],[96.8021,17.2225],[96.80057,17.2225],[96.80066,17.22358],[96.80129,17.22358]]],[[[96.61255,17.2234],[96.61255,17.22295],[96.61291,17.22295],[96.613,17.22331],[96.61354,17.22322],[96.61345,17.22187],[96.61282,17.22178],[96.61273,17.22142],[96.61417,17.22097],[96.61426,17.21981],[96.61408,17.219],[96.61363,17.21909],[96.61372,17.21981],[96.6121,17.21963],[96.61264,17.21891],[96.61246,17.21765],[96.61291,17.21756],[96.61291,17.21711],[96.61219,17.21711],[96.61201,17.21846],[96.6112,17.21855],[96.6112,17.21828],[96.61075,17.21828],[96.61093,17.21954],[96.61004,17.21954],[96.61004,17.21981],[96.61031,17.22017],[96.61022,17.22106],[96.61138,17.22223],[96.6112,17.22286],[96.6121,17.22322],[96.61219,17.22367],[96.61264,17.22367],[96.61264,17.2234],[96.61255,17.2234]]],[[[96.76643,17.22367],[96.76688,17.22232],[96.76778,17.22196],[96.76769,17.22124],[96.7667,17.22124],[96.7667,17.22008],[96.76823,17.21981],[96.76823,17.21936],[96.76697,17.21927],[96.76679,17.21864],[96.7658,17.21828],[96.76562,17.21945],[96.76589,17.22043],[96.76517,17.22043],[96.765,17.22115],[96.76607,17.22115],[96.76616,17.22151],[96.76697,17.22169],[96.76697,17.22205],[96.76643,17.22214],[96.76643,17.22259],[96.76553,17.2225],[96.76553,17.22277],[96.76598,17.22277],[96.76553,17.22349],[96.76616,17.22367],[96.76643,17.22367]]],[[[96.76814,17.22403],[96.7685,17.22394],[96.76859,17.22304],[96.76922,17.22277],[96.76913,17.22178],[96.76868,17.2216],[96.76904,17.22043],[96.7685,17.22017],[96.76805,17.22017],[96.76841,17.22133],[96.76823,17.22187],[96.76787,17.22196],[96.76787,17.22241],[96.7676,17.22241],[96.7676,17.22268],[96.76814,17.22268],[96.76814,17.22322],[96.76769,17.22331],[96.76769,17.22403],[96.76814,17.22403]]],[[[96.77308,17.22412],[96.77308,17.22385],[96.77353,17.22385],[96.77371,17.22304],[96.77407,17.22304],[96.77398,17.22376],[96.77452,17.22367],[96.77443,17.2225],[96.77398,17.2225],[96.77443,17.22061],[96.77362,17.22097],[96.77344,17.22169],[96.77209,17.22169],[96.77146,17.22205],[96.77173,17.22259],[96.77155,17.22349],[96.77236,17.22349],[96.77245,17.22412],[96.77308,17.22412]]],[[[96.81692,17.22241],[96.81719,17.22214],[96.81692,17.22241],[96.81719,17.22268],[96.81746,17.22241],[96.81845,17.22259],[96.81853,17.22232],[96.81853,17.22106],[96.81773,17.22097],[96.81737,17.22008],[96.81791,17.22017],[96.81791,17.22061],[96.81818,17.22061],[96.81836,17.21999],[96.8188,17.21999],[96.81862,17.21891],[96.81809,17.21909],[96.818,17.21873],[96.81683,17.21873],[96.81692,17.21828],[96.81791,17.21846],[96.81791,17.2181],[96.81701,17.21792],[96.81665,17.21711],[96.81665,17.21684],[96.81719,17.21684],[96.81719,17.2163],[96.81853,17.21585],[96.81853,17.21549],[96.81791,17.21549],[96.81701,17.21603],[96.81719,17.21522],[96.81656,17.21531],[96.81665,17.2163],[96.81638,17.2163],[96.81629,17.21585],[96.81467,17.2154],[96.81431,17.21621],[96.81503,17.21585],[96.81548,17.21657],[96.81341,17.21675],[96.81341,17.21747],[96.81422,17.21819],[96.8144,17.21909],[96.81422,17.21945],[96.81323,17.21972],[96.8135,17.22034],[96.81332,17.22115],[96.81368,17.22115],[96.81377,17.22034],[96.81476,17.22043],[96.81449,17.22017],[96.81476,17.2199],[96.81458,17.21918],[96.81503,17.21918],[96.81503,17.22017],[96.81557,17.22169],[96.81494,17.22187],[96.81494,17.2225],[96.81575,17.22322],[96.81575,17.22394],[96.81602,17.22412],[96.81638,17.22412],[96.81638,17.22376],[96.81674,17.22376],[96.81674,17.22403],[96.81728,17.22376],[96.81737,17.22295],[96.81638,17.22313],[96.81629,17.22187],[96.81665,17.22187],[96.81665,17.22241],[96.81692,17.22241]]],[[[96.79922,17.22457],[96.79949,17.22421],[96.79994,17.22421],[96.79994,17.22385],[96.7985,17.22421],[96.79877,17.22457],[96.79922,17.22457]]],[[[96.59773,17.22484],[96.59809,17.22295],[96.59746,17.22331],[96.59728,17.22439],[96.59674,17.22448],[96.59674,17.22484],[96.59773,17.22484]]],[[[96.80784,17.22484],[96.80865,17.2234],[96.80829,17.2225],[96.80749,17.2225],[96.80695,17.22196],[96.80578,17.22223],[96.80461,17.22151],[96.80443,17.2225],[96.80524,17.22277],[96.80524,17.22331],[96.80587,17.2234],[96.80587,17.22376],[96.80632,17.22403],[96.80731,17.22385],[96.80731,17.22421],[96.80758,17.22421],[96.80749,17.22484],[96.80784,17.22484]]],[[[96.69843,17.22493],[96.69843,17.22385],[96.69798,17.22358],[96.69798,17.22331],[96.69843,17.22331],[96.69843,17.22178],[96.69816,17.22178],[96.69798,17.22106],[96.69645,17.22079],[96.69636,17.22232],[96.69672,17.22394],[96.69798,17.22439],[96.69816,17.22493],[96.69843,17.22493]]],[[[96.70121,17.22385],[96.70095,17.22358],[96.70121,17.22385],[96.70148,17.22385],[96.70148,17.22349],[96.70193,17.22358],[96.70193,17.22385],[96.70157,17.22385],[96.70157,17.22502],[96.70337,17.22484],[96.70346,17.22322],[96.70382,17.22322],[96.70364,17.2216],[96.70337,17.2216],[96.70364,17.22097],[96.6996,17.22124],[96.69978,17.22331],[96.70041,17.22349],[96.70041,17.22412],[96.69951,17.22448],[96.69951,17.22484],[96.69969,17.22511],[96.70095,17.22493],[96.70121,17.22412],[96.70121,17.22385]]],[[[96.76086,17.22511],[96.76158,17.2243],[96.76005,17.22385],[96.76005,17.22493],[96.76059,17.22511],[96.76086,17.22511]]],[[[96.59926,17.22529],[96.5998,17.22511],[96.5998,17.22484],[96.59926,17.22493],[96.59962,17.22439],[96.59988,17.22439],[96.59988,17.22493],[96.60024,17.22484],[96.60024,17.22412],[96.60087,17.22475],[96.60231,17.22457],[96.60213,17.22376],[96.60186,17.22367],[96.60186,17.2234],[96.60267,17.22349],[96.60231,17.22295],[96.60312,17.22295],[96.60303,17.22376],[96.60258,17.22385],[96.60276,17.22475],[96.60312,17.22475],[96.60366,17.22403],[96.60483,17.22385],[96.60474,17.22313],[96.60375,17.22304],[96.60384,17.22187],[96.60294,17.22223],[96.60231,17.22223],[96.6024,17.22169],[96.60132,17.22178],[96.60069,17.22223],[96.59899,17.22196],[96.59935,17.22331],[96.59881,17.22376],[96.59881,17.22322],[96.59836,17.22322],[96.59836,17.22421],[96.59881,17.22421],[96.59836,17.22502],[96.5989,17.22529],[96.59926,17.22529]]],[[[96.81898,17.22475],[96.81898,17.22448],[96.81845,17.22439],[96.81845,17.22412],[96.81889,17.22412],[96.81871,17.22313],[96.81809,17.22322],[96.81845,17.22394],[96.81746,17.22412],[96.81737,17.22448],[96.81647,17.22421],[96.81647,17.22466],[96.81845,17.22466],[96.81853,17.22547],[96.81961,17.22573],[96.81907,17.22475],[96.81898,17.22475]]],[[[96.78108,17.22286],[96.78108,17.2225],[96.78179,17.22214],[96.7817,17.22178],[96.78108,17.22196],[96.78116,17.2216],[96.78161,17.2216],[96.78125,17.22088],[96.78224,17.22088],[96.78224,17.22043],[96.7817,17.22017],[96.7817,17.21981],[96.78233,17.21954],[96.7826,17.22088],[96.78296,17.22088],[96.78296,17.2216],[96.78323,17.2216],[96.78287,17.22205],[96.78287,17.2234],[96.78341,17.22322],[96.78341,17.22358],[96.78197,17.22376],[96.78152,17.22313],[96.78179,17.22259],[96.78108,17.22286],[96.78099,17.22331],[96.78036,17.22313],[96.78036,17.22259],[96.77955,17.22259],[96.77964,17.22313],[96.7791,17.22313],[96.7791,17.22232],[96.77856,17.22232],[96.77829,17.22259],[96.77829,17.22394],[96.77802,17.22394],[96.77802,17.22358],[96.77766,17.22367],[96.77784,17.22475],[96.77865,17.22493],[96.77865,17.22376],[96.77901,17.22367],[96.77928,17.22421],[96.77991,17.22439],[96.78,17.22493],[96.78036,17.22493],[96.78045,17.22376],[96.78072,17.22376],[96.78072,17.22403],[96.78251,17.2243],[96.78233,17.2252],[96.78314,17.22511],[96.78314,17.22475],[96.78341,17.22475],[96.78341,17.22591],[96.78386,17.22591],[96.78413,17.22466],[96.7844,17.22466],[96.7844,17.22547],[96.78584,17.22564],[96.78602,17.22502],[96.78673,17.22493],[96.78682,17.2243],[96.78718,17.2243],[96.78754,17.22313],[96.78853,17.22241],[96.78862,17.22142],[96.78799,17.2216],[96.78772,17.22214],[96.787,17.22223],[96.78664,17.22358],[96.78593,17.22376],[96.78557,17.22277],[96.78664,17.22268],[96.78664,17.22196],[96.78763,17.2216],[96.78763,17.22124],[96.78557,17.22106],[96.78458,17.22133],[96.78458,17.22169],[96.78575,17.22151],[96.78575,17.22178],[96.78539,17.22178],[96.78539,17.22205],[96.78575,17.22205],[96.78566,17.2225],[96.78458,17.22223],[96.78458,17.22178],[96.78386,17.22187],[96.78431,17.22115],[96.78377,17.22133],[96.78377,17.22008],[96.78431,17.21999],[96.7844,17.21963],[96.7835,17.21963],[96.78287,17.21909],[96.78224,17.219],[96.78206,17.2181],[96.78152,17.21792],[96.78108,17.2181],[96.78108,17.21846],[96.78018,17.21873],[96.78036,17.22061],[96.77937,17.22106],[96.77955,17.22223],[96.78036,17.22232],[96.78027,17.22178],[96.78063,17.22178],[96.78081,17.22286],[96.78108,17.22286]]],[[[96.79347,17.22591],[96.79356,17.22555],[96.79437,17.22564],[96.79437,17.22538],[96.7941,17.22511],[96.79419,17.2243],[96.79338,17.2243],[96.79338,17.22403],[96.79311,17.22403],[96.79311,17.22591],[96.79347,17.22591]]],[[[96.61219,17.22609],[96.61282,17.22573],[96.61273,17.22493],[96.61183,17.2252],[96.61192,17.22609],[96.61219,17.22609]]],[[[96.75664,17.22618],[96.75664,17.22564],[96.75592,17.22564],[96.75583,17.22466],[96.75628,17.22457],[96.75655,17.22502],[96.75691,17.22502],[96.757,17.22421],[96.75592,17.2243],[96.7561,17.2234],[96.75556,17.22295],[96.7535,17.22295],[96.75377,17.22214],[96.75305,17.22187],[96.75296,17.22142],[96.75224,17.22142],[96.7517,17.22196],[96.7517,17.2225],[96.75107,17.22196],[96.7508,17.22259],[96.75035,17.22259],[96.75035,17.22286],[96.75107,17.22286],[96.75107,17.22313],[96.75053,17.22349],[96.74972,17.22529],[96.75161,17.22547],[96.75278,17.22349],[96.75341,17.22322],[96.75395,17.22394],[96.75529,17.22403],[96.7552,17.22502],[96.75493,17.22502],[96.75493,17.22466],[96.75448,17.22475],[96.7544,17.22609],[96.75592,17.22582],[96.75637,17.22618],[96.75664,17.22618]]],[[[96.86327,17.22636],[96.86363,17.22564],[96.86246,17.22547],[96.86246,17.22582],[96.86291,17.22591],[96.86291,17.22636],[96.86327,17.22636]]],[[[96.56566,17.22591],[96.56575,17.22555],[96.56916,17.22547],[96.56961,17.22466],[96.57114,17.22475],[96.57105,17.2243],[96.57033,17.2243],[96.57024,17.22394],[96.57231,17.22385],[96.57177,17.22205],[96.57132,17.22205],[96.57132,17.22268],[96.57042,17.22277],[96.57051,17.22367],[96.57024,17.22367],[96.57024,17.22313],[96.5688,17.22322],[96.5688,17.22358],[96.56952,17.22376],[96.56952,17.22412],[96.56835,17.22358],[96.56844,17.2225],[96.56979,17.2225],[96.56979,17.22151],[96.57069,17.22142],[96.57114,17.22097],[96.57231,17.22106],[96.57303,17.2199],[96.57303,17.21918],[96.57267,17.21918],[96.57258,17.2199],[96.57132,17.2199],[96.57132,17.21801],[96.5706,17.21801],[96.57087,17.22008],[96.57033,17.21999],[96.56943,17.22052],[96.56853,17.22061],[96.5688,17.21999],[96.56817,17.22008],[96.56817,17.21972],[96.5697,17.21963],[96.57015,17.21936],[96.57006,17.21882],[96.56853,17.21936],[96.5679,17.219],[96.5679,17.21873],[96.56853,17.21873],[96.56853,17.21846],[96.56764,17.21846],[96.56755,17.2181],[96.56719,17.2181],[96.56719,17.21864],[96.56674,17.21864],[96.56674,17.21837],[96.56611,17.21828],[96.56629,17.21729],[96.56602,17.21693],[96.56665,17.21702],[96.56647,17.21783],[96.56665,17.21828],[96.5671,17.21828],[96.56683,17.21765],[96.56773,17.21756],[96.56764,17.21675],[96.56799,17.21675],[96.56782,17.21621],[96.56808,17.21621],[96.56808,17.21657],[96.56907,17.2163],[96.5688,17.21567],[96.56808,17.21585],[96.56808,17.21513],[96.56889,17.21531],[96.56889,17.21486],[96.56916,17.21486],[96.57006,17.21522],[96.57033,17.2146],[96.57141,17.21451],[96.57114,17.21603],[96.5715,17.21612],[96.5715,17.21567],[96.57213,17.21576],[96.57222,17.21334],[96.57114,17.21325],[96.57105,17.21289],[96.57006,17.21262],[96.56988,17.21226],[96.56988,17.2119],[96.57033,17.21172],[96.5715,17.21235],[96.57159,17.21064],[96.57231,17.21046],[96.57249,17.20912],[96.57285,17.20912],[96.57249,17.20633],[96.57159,17.20624],[96.57141,17.20579],[96.57213,17.20471],[96.57204,17.20391],[96.5724,17.20391],[96.5724,17.20247],[96.57096,17.20229],[96.56943,17.20274],[96.56943,17.20229],[96.57015,17.20211],[96.57006,17.20112],[96.57078,17.20121],[96.57105,17.2004],[96.57195,17.2004],[96.57213,17.19986],[96.57168,17.19905],[96.57006,17.19941],[96.5697,17.19896],[96.57006,17.19834],[96.57114,17.19879],[96.57195,17.19843],[96.57195,17.19798],[96.57159,17.19798],[96.57159,17.19726],[96.57123,17.19726],[96.57123,17.19654],[96.57051,17.19645],[96.57069,17.19573],[96.57114,17.19564],[96.57105,17.19456],[96.57069,17.19456],[96.56997,17.19331],[96.56925,17.19357],[96.56952,17.19501],[96.56898,17.19501],[96.56898,17.19349],[96.56826,17.19322],[96.56853,17.1951],[96.5679,17.19528],[96.56557,17.19474],[96.5653,17.19492],[96.56539,17.19555],[96.56485,17.19564],[96.56503,17.19627],[96.56449,17.19609],[96.56449,17.19564],[96.56404,17.19564],[96.56395,17.196],[96.56413,17.1969],[96.56638,17.19681],[96.56692,17.19708],[96.56692,17.19744],[96.56674,17.19798],[96.5662,17.19807],[96.56611,17.1987],[96.5653,17.19861],[96.56485,17.19905],[96.5644,17.19905],[96.56485,17.2004],[96.56467,17.20202],[96.56395,17.20229],[96.56422,17.20364],[96.56404,17.20471],[96.56341,17.20489],[96.56341,17.2057],[96.5644,17.20543],[96.56476,17.20615],[96.56413,17.2066],[96.56422,17.20732],[96.5635,17.20723],[96.56368,17.20795],[96.56269,17.20804],[96.56252,17.20858],[96.56305,17.2084],[96.56314,17.20912],[96.56368,17.20939],[96.56368,17.20992],[96.56422,17.20983],[96.56458,17.21037],[96.56656,17.21082],[96.56665,17.21109],[96.56782,17.21073],[96.5679,17.21127],[96.5688,17.21109],[96.56898,17.21154],[96.56952,17.21163],[96.56916,17.21199],[96.56889,17.21397],[96.56835,17.21379],[96.56826,17.21298],[96.56853,17.21271],[96.56817,17.21271],[96.56817,17.21181],[96.56683,17.21163],[96.56683,17.21208],[96.56656,17.21208],[96.56647,17.21136],[96.56602,17.21145],[96.56602,17.21262],[96.56512,17.21208],[96.56485,17.2137],[96.5644,17.2137],[96.5644,17.21442],[96.56485,17.21469],[96.56512,17.21594],[96.56629,17.21549],[96.56602,17.21639],[96.5671,17.21621],[96.5671,17.21648],[96.56566,17.21666],[96.56557,17.21747],[96.56512,17.21747],[96.56494,17.2181],[96.5653,17.21918],[96.56602,17.21909],[96.56602,17.21963],[96.5653,17.21972],[96.56575,17.22142],[96.56755,17.22061],[96.56799,17.2207],[96.56799,17.22097],[96.5671,17.22142],[96.56548,17.22187],[96.56512,17.22268],[96.56539,17.2234],[96.56611,17.22349],[96.56611,17.22376],[96.56557,17.22376],[96.56539,17.2243],[96.56539,17.22475],[96.56602,17.22475],[96.56575,17.22529],[96.56539,17.22529],[96.56548,17.22654],[96.56575,17.22654],[96.56575,17.22591],[96.56566,17.22591]]],[[[96.78179,17.22555],[96.78152,17.22555],[96.78152,17.22591],[96.78206,17.22609],[96.78215,17.22654],[96.78278,17.22654],[96.78278,17.226],[96.78179,17.22564],[96.78179,17.22555]]],[[[96.82069,17.22663],[96.82069,17.22627],[96.82267,17.22636],[96.82276,17.22555],[96.82168,17.2243],[96.82024,17.2243],[96.81988,17.22582],[96.82042,17.22663],[96.82069,17.22663]]],[[[96.57195,17.22681],[96.57195,17.22618],[96.57168,17.22618],[96.57195,17.22538],[96.57159,17.22538],[96.57141,17.226],[96.57114,17.226],[96.57105,17.22663],[96.57132,17.22681],[96.57195,17.22681]]],[[[96.75161,17.2269],[96.75368,17.22663],[96.75431,17.22681],[96.7544,17.22645],[96.75161,17.22654],[96.7499,17.22609],[96.74901,17.22645],[96.74901,17.22672],[96.75008,17.22645],[96.75008,17.22681],[96.75125,17.2269],[96.75161,17.2269]]],[[[96.56746,17.22699],[96.56746,17.22627],[96.56656,17.226],[96.56656,17.22663],[96.56719,17.22654],[96.56719,17.22699],[96.56746,17.22699]]],[[[96.72466,17.22699],[96.72511,17.22627],[96.72403,17.22627],[96.72412,17.22699],[96.72466,17.22699]]],[[[96.75934,17.22699],[96.7597,17.22663],[96.75655,17.22636],[96.75529,17.22654],[96.75457,17.22627],[96.75475,17.22681],[96.75862,17.22699],[96.75934,17.22699]]],[[[96.56808,17.22699],[96.56925,17.22699],[96.56907,17.22618],[96.56871,17.226],[96.56826,17.226],[96.56808,17.22672],[96.56808,17.22699]]],[[[96.59971,17.22717],[96.6015,17.2269],[96.60159,17.22538],[96.60015,17.22573],[96.59997,17.22654],[96.59899,17.22663],[96.59899,17.22717],[96.59971,17.22717]]],[[[96.79581,17.22717],[96.79608,17.22627],[96.79545,17.22609],[96.79545,17.22654],[96.79518,17.22654],[96.79518,17.22538],[96.79482,17.22538],[96.79464,17.22672],[96.79536,17.22681],[96.79536,17.22717],[96.79581,17.22717]]],[[[96.80246,17.22735],[96.80254,17.22618],[96.8029,17.22618],[96.80299,17.22564],[96.80335,17.22564],[96.80335,17.22609],[96.80398,17.22609],[96.80416,17.22502],[96.80362,17.22403],[96.80317,17.22403],[96.80317,17.22448],[96.8029,17.22448],[96.8029,17.22403],[96.80254,17.22403],[96.80272,17.22493],[96.80219,17.22529],[96.80228,17.226],[96.80192,17.226],[96.80201,17.22538],[96.8012,17.22493],[96.80129,17.22726],[96.80219,17.22735],[96.80246,17.22735]]],[[[96.79194,17.22726],[96.79212,17.22672],[96.79257,17.22672],[96.79248,17.22636],[96.7915,17.22663],[96.79141,17.22717],[96.79177,17.22753],[96.79203,17.22726],[96.79194,17.22726]]],[[[96.79841,17.22762],[96.79886,17.22753],[96.79886,17.22699],[96.79823,17.2269],[96.79832,17.22555],[96.79805,17.22529],[96.79832,17.2252],[96.79832,17.2234],[96.79796,17.2234],[96.79751,17.22349],[96.79742,17.22421],[96.79689,17.22385],[96.79662,17.22502],[96.79689,17.22547],[96.79608,17.22564],[96.79608,17.22591],[96.79617,17.22636],[96.7968,17.22645],[96.7968,17.22699],[96.79733,17.22699],[96.79742,17.22744],[96.79805,17.22762],[96.79841,17.22762]]],[[[96.76122,17.22735],[96.76122,17.22708],[96.76275,17.22717],[96.76275,17.22753],[96.7632,17.22753],[96.76383,17.22717],[96.76517,17.22726],[96.76517,17.22699],[96.7641,17.22672],[96.76059,17.22672],[96.76113,17.22762],[96.76158,17.22771],[96.76158,17.22735],[96.76122,17.22735]]],[[[96.56081,17.2278],[96.56162,17.226],[96.56162,17.22484],[96.56225,17.22385],[96.56225,17.22304],[96.56198,17.22304],[96.56189,17.22367],[96.56117,17.2234],[96.56117,17.22367],[96.56009,17.22376],[96.56045,17.22277],[96.55982,17.22313],[96.55973,17.22241],[96.55901,17.2225],[96.55892,17.22286],[96.55937,17.22286],[96.55955,17.22385],[96.55883,17.22394],[96.55892,17.2234],[96.55856,17.22268],[96.55632,17.22268],[96.55641,17.22349],[96.55614,17.22349],[96.55596,17.22277],[96.55488,17.22277],[96.55497,17.22475],[96.55524,17.22511],[96.55614,17.22502],[96.55614,17.22529],[96.55551,17.22538],[96.55533,17.22654],[96.55686,17.22663],[96.55677,17.22618],[96.55614,17.22618],[96.55587,17.22564],[96.55686,17.22591],[96.55686,17.22555],[96.55641,17.22555],[96.55686,17.22448],[96.55632,17.22475],[96.55605,17.22448],[96.55704,17.22412],[96.55739,17.22699],[96.56,17.22708],[96.55973,17.22762],[96.56054,17.2278],[96.56081,17.2278]]],[[[96.86893,17.22789],[96.86929,17.22771],[96.86893,17.22699],[96.86704,17.22618],[96.8665,17.22564],[96.8657,17.22538],[96.86399,17.22564],[96.86435,17.22645],[96.8665,17.22654],[96.86866,17.22789],[96.86893,17.22789]]],[[[96.88609,17.22789],[96.88627,17.22717],[96.88726,17.22699],[96.88717,17.22609],[96.88744,17.22582],[96.88708,17.22538],[96.88824,17.22421],[96.88824,17.22349],[96.88869,17.22349],[96.88842,17.22268],[96.88905,17.22295],[96.88887,17.22232],[96.88941,17.22205],[96.88995,17.22088],[96.89085,17.22088],[96.89085,17.22052],[96.89139,17.22079],[96.8913,17.22017],[96.89058,17.22008],[96.89049,17.22052],[96.88995,17.22052],[96.88842,17.22259],[96.88771,17.22268],[96.88762,17.22322],[96.8869,17.22367],[96.88735,17.22421],[96.88618,17.22529],[96.88636,17.22645],[96.88573,17.22636],[96.88546,17.22663],[96.88546,17.22699],[96.886,17.22708],[96.88582,17.22789],[96.88609,17.22789]]],[[[96.80075,17.22789],[96.80066,17.22762],[96.79931,17.22753],[96.79958,17.22807],[96.8003,17.22789],[96.80111,17.22816],[96.80111,17.22789],[96.80075,17.22789]]],[[[96.60572,17.22834],[96.60869,17.22789],[96.6086,17.2269],[96.60905,17.22663],[96.60905,17.226],[96.60851,17.22645],[96.60797,17.22555],[96.60716,17.22555],[96.60501,17.22609],[96.60501,17.22798],[96.60474,17.22825],[96.60518,17.22834],[96.60572,17.22834]]],[[[96.74074,17.22834],[96.74092,17.22798],[96.74227,17.22825],[96.74227,17.22672],[96.74272,17.22663],[96.74272,17.22636],[96.742,17.22645],[96.74191,17.22699],[96.7393,17.22708],[96.7393,17.22753],[96.73984,17.2278],[96.73975,17.22834],[96.74074,17.22834]]],[[[96.78727,17.22843],[96.78835,17.22807],[96.78844,17.22726],[96.78871,17.22726],[96.78889,17.2278],[96.78943,17.22771],[96.78952,17.22726],[96.78979,17.22726],[96.79015,17.2252],[96.78961,17.22564],[96.78961,17.22439],[96.78898,17.22457],[96.78871,17.22538],[96.78808,17.22538],[96.78826,17.22582],[96.78871,17.22547],[96.78916,17.22547],[96.78925,17.22582],[96.78871,17.22636],[96.78754,17.22645],[96.78718,17.22735],[96.78664,17.22744],[96.78691,17.22843],[96.78727,17.22843]]],[[[96.88411,17.22843],[96.88465,17.22825],[96.88465,17.22744],[96.88402,17.22771],[96.88411,17.22816],[96.88411,17.22843]]],[[[96.56808,17.22699],[96.56764,17.22708],[96.56755,17.2278],[96.56808,17.22789],[96.56808,17.22843],[96.5688,17.22879],[96.56871,17.22762],[96.56808,17.22744],[96.56808,17.22699]]],[[[96.7694,17.22825],[96.76859,17.22798],[96.7685,17.22753],[96.76796,17.22762],[96.76814,17.22843],[96.76886,17.22825],[96.76913,17.22861],[96.76994,17.22879],[96.76958,17.22825],[96.7694,17.22825]]],[[[96.78359,17.22897],[96.78359,17.22825],[96.78269,17.22816],[96.78251,17.22861],[96.78278,17.22861],[96.78278,17.22897],[96.78359,17.22897]]],[[[96.5715,17.22906],[96.57186,17.2287],[96.57186,17.22816],[96.57078,17.22834],[96.57114,17.22906],[96.5715,17.22906]]],[[[96.77919,17.22807],[96.77928,17.22762],[96.77964,17.22762],[96.77955,17.22807],[96.77919,17.22807],[96.77928,17.22897],[96.78116,17.22897],[96.78143,17.22834],[96.78143,17.22807],[96.78009,17.22789],[96.78009,17.22744],[96.77964,17.22744],[96.77982,17.22636],[96.77901,17.22708],[96.77892,17.22663],[96.77856,17.22663],[96.77874,17.22555],[96.7782,17.22529],[96.77757,17.22529],[96.77757,17.22555],[96.77793,17.22555],[96.77793,17.22618],[96.7782,17.22618],[96.77766,17.22681],[96.77721,17.22663],[96.77739,17.22573],[96.77631,17.22564],[96.77631,17.22618],[96.77694,17.22627],[96.77649,17.22717],[96.7756,17.22717],[96.77586,17.22627],[96.77497,17.22627],[96.77479,17.22726],[96.7756,17.22744],[96.7756,17.22825],[96.7764,17.22843],[96.77667,17.22816],[96.77811,17.22807],[96.77919,17.22807]]],[[[96.77146,17.22924],[96.77146,17.22888],[96.77021,17.2287],[96.77021,17.22915],[96.77101,17.22924],[96.77146,17.22924]]],[[[96.79482,17.22924],[96.79482,17.22816],[96.79527,17.22816],[96.79527,17.22789],[96.79383,17.22798],[96.79383,17.22825],[96.79446,17.22843],[96.79446,17.22879],[96.7941,17.22879],[96.79437,17.22924],[96.79482,17.22924]]],[[[96.886,17.22942],[96.886,17.22816],[96.88573,17.22816],[96.88537,17.22942],[96.886,17.22942]]],[[[96.73948,17.2296],[96.7393,17.22906],[96.73787,17.22879],[96.73769,17.22951],[96.73876,17.2296],[96.73948,17.2296]]],[[[96.56799,17.22942],[96.56799,17.22825],[96.56674,17.22834],[96.56647,17.22807],[96.56647,17.22843],[96.56674,17.22843],[96.56647,17.22906],[96.56746,17.22879],[96.56737,17.2296],[96.56808,17.22969],[96.56808,17.22942],[96.56799,17.22942]]],[[[96.78862,17.22969],[96.78898,17.22879],[96.78835,17.22861],[96.78808,17.22861],[96.78835,17.22915],[96.78763,17.22888],[96.78799,17.22969],[96.78862,17.22969]]],[[[96.76068,17.22942],[96.76068,17.22906],[96.76014,17.22906],[96.75987,17.22969],[96.76113,17.22996],[96.76077,17.22942],[96.76068,17.22942]]],[[[96.72763,17.23023],[96.72825,17.22942],[96.72915,17.22915],[96.72906,17.22852],[96.72879,17.22852],[96.72879,17.22897],[96.72843,17.22897],[96.72816,17.22888],[96.72843,17.22825],[96.72754,17.22825],[96.72727,17.2287],[96.72736,17.22987],[96.72709,17.22987],[96.72709,17.22924],[96.72655,17.22924],[96.727,17.23023],[96.72763,17.23023]]],[[[96.60968,17.23041],[96.60968,17.22978],[96.61031,17.23032],[96.61084,17.22942],[96.60905,17.22933],[96.60896,17.23032],[96.60923,17.23041],[96.60968,17.23041]]],[[[96.76535,17.2305],[96.76544,17.23014],[96.765,17.23014],[96.76482,17.2287],[96.76589,17.22888],[96.76589,17.22924],[96.76616,17.22924],[96.76625,17.22861],[96.76473,17.22834],[96.76491,17.22762],[96.76392,17.22753],[96.7641,17.22942],[96.76446,17.22942],[96.76428,17.23032],[96.76473,17.2305],[96.76535,17.2305]]],[[[96.78063,17.22987],[96.77991,17.22987],[96.77991,17.23041],[96.78072,17.2305],[96.78072,17.22987],[96.78063,17.22987]]],[[[96.88411,17.22843],[96.88339,17.22825],[96.88321,17.22771],[96.88196,17.22744],[96.88205,17.22663],[96.88142,17.22645],[96.88142,17.226],[96.88088,17.226],[96.87998,17.22762],[96.87962,17.23059],[96.88016,17.23059],[96.88016,17.23005],[96.88061,17.22987],[96.88124,17.22771],[96.88267,17.22825],[96.88267,17.2287],[96.88411,17.2287],[96.88411,17.22843]]],[[[96.57258,17.23068],[96.57267,17.2296],[96.57222,17.22987],[96.57213,17.23068],[96.57258,17.23068]]],[[[96.78152,17.23077],[96.78215,17.23014],[96.78197,17.22951],[96.78108,17.22987],[96.78099,17.23077],[96.78152,17.23077]]],[[[96.60465,17.23005],[96.60393,17.23005],[96.60429,17.23085],[96.60474,17.23085],[96.60465,17.23041],[96.60465,17.23005]]],[[[96.77712,17.23085],[96.77748,17.23059],[96.77919,17.23068],[96.77919,17.23032],[96.77856,17.23023],[96.77856,17.22978],[96.77883,17.23005],[96.77955,17.22996],[96.77955,17.22969],[96.7791,17.22969],[96.77937,17.22915],[96.77838,17.22906],[96.77829,17.22942],[96.7773,17.22924],[96.77685,17.22951],[96.77497,17.22942],[96.77506,17.23068],[96.77551,17.23059],[96.77533,17.23005],[96.77658,17.23023],[96.77712,17.22996],[96.77685,17.23085],[96.77712,17.23085]]],[[[96.5953,17.23121],[96.59584,17.23023],[96.59521,17.22897],[96.59467,17.22924],[96.59432,17.23014],[96.59476,17.23121],[96.5953,17.23121]]],[[[96.80111,17.23139],[96.80093,17.22978],[96.80183,17.22951],[96.80183,17.2287],[96.80075,17.22888],[96.80057,17.22843],[96.80003,17.22879],[96.80003,17.23139],[96.80111,17.23139]]],[[[96.73337,17.23184],[96.73355,17.23121],[96.73427,17.23112],[96.73364,17.22672],[96.73149,17.22672],[96.73149,17.22708],[96.73086,17.22708],[96.73095,17.22834],[96.73167,17.22834],[96.73167,17.22861],[96.73122,17.2287],[96.73068,17.23094],[96.7323,17.23059],[96.7323,17.23094],[96.73284,17.23103],[96.73284,17.23184],[96.73337,17.23184]]],[[[96.79042,17.23202],[96.79105,17.23166],[96.79105,17.23121],[96.79168,17.23112],[96.79177,17.23077],[96.79248,17.23085],[96.79239,17.23032],[96.79284,17.23032],[96.79284,17.23005],[96.79365,17.23032],[96.79356,17.22924],[96.7932,17.22924],[96.7932,17.22978],[96.79221,17.22933],[96.79221,17.22987],[96.79185,17.22996],[96.79177,17.22942],[96.7906,17.22915],[96.79087,17.22978],[96.79042,17.22978],[96.79042,17.23005],[96.79087,17.23005],[96.79087,17.23041],[96.79024,17.23041],[96.79024,17.23085],[96.79087,17.23068],[96.79087,17.23103],[96.79042,17.23103],[96.79015,17.23202],[96.79042,17.23202]]],[[[96.76742,17.23211],[96.76742,17.23166],[96.76805,17.23148],[96.76796,17.23103],[96.76715,17.23121],[96.76679,17.23211],[96.76742,17.23211]]],[[[96.78871,17.23211],[96.78907,17.23103],[96.7888,17.22978],[96.78853,17.22978],[96.78853,17.23014],[96.7879,17.23005],[96.78763,17.23032],[96.78763,17.23059],[96.78862,17.2305],[96.78862,17.23077],[96.78718,17.23112],[96.78709,17.23202],[96.78754,17.23211],[96.78781,17.2313],[96.78808,17.2313],[96.78808,17.23193],[96.78844,17.23211],[96.78871,17.23211]]],[[[96.77613,17.23175],[96.77622,17.23112],[96.77569,17.23121],[96.77595,17.23229],[96.7764,17.23229],[96.7764,17.23175],[96.77613,17.23175]]],[[[96.61498,17.23247],[96.6157,17.2313],[96.61417,17.23112],[96.61408,17.23157],[96.61471,17.23247],[96.61498,17.23247]]],[[[96.56323,17.23256],[96.56368,17.23247],[96.56368,17.23184],[96.56234,17.23193],[96.56216,17.23256],[96.56323,17.23256]]],[[[96.54356,17.23256],[96.54383,17.23175],[96.54437,17.23175],[96.54437,17.2313],[96.54338,17.23148],[96.54347,17.23211],[96.54275,17.23184],[96.54275,17.2322],[96.54114,17.23238],[96.54078,17.23283],[96.54203,17.23283],[96.54212,17.23256],[96.54365,17.23283],[96.54365,17.23256],[96.54356,17.23256]]],[[[96.61794,17.23301],[96.61821,17.23238],[96.61902,17.23247],[96.61902,17.23193],[96.61695,17.23175],[96.61713,17.23247],[96.61686,17.23247],[96.61686,17.23292],[96.61731,17.23301],[96.61794,17.23301]]],[[[96.56144,17.23283],[96.56216,17.23166],[96.56485,17.23139],[96.56458,17.23077],[96.56494,17.23077],[96.56494,17.23023],[96.56404,17.23032],[96.56404,17.23085],[96.56153,17.23121],[96.56108,17.23256],[96.56126,17.23319],[96.56162,17.23319],[96.56153,17.23283],[96.56144,17.23283]]],[[[96.78081,17.23274],[96.78125,17.23112],[96.78072,17.2313],[96.78,17.23103],[96.77964,17.23238],[96.78018,17.23229],[96.78099,17.23319],[96.78134,17.23319],[96.78134,17.23274],[96.78081,17.23274]]],[[[96.77892,17.23346],[96.77901,17.2331],[96.77829,17.23283],[96.77829,17.23256],[96.77901,17.23247],[96.77892,17.23166],[96.77721,17.23184],[96.77721,17.23112],[96.77658,17.23112],[96.77685,17.23139],[96.77685,17.23166],[96.77649,17.23166],[96.77667,17.23256],[96.77703,17.23265],[96.77712,17.23211],[96.77793,17.23211],[96.77757,17.23337],[96.77838,17.23319],[96.77856,17.23346],[96.77892,17.23346]]],[[[96.60429,17.23355],[96.60438,17.23328],[96.60536,17.23337],[96.6051,17.23283],[96.60536,17.23283],[96.60554,17.23202],[96.60626,17.23175],[96.60617,17.23139],[96.60447,17.23157],[96.60276,17.2322],[96.60267,17.23283],[96.60312,17.23283],[96.60312,17.23319],[96.60393,17.23355],[96.60429,17.23355]]],[[[96.59917,17.23373],[96.59926,17.23337],[96.59818,17.23319],[96.59836,17.23373],[96.59917,17.23373]]],[[[96.56826,17.234],[96.56853,17.2331],[96.56916,17.23292],[96.56916,17.23256],[96.56728,17.23247],[96.56728,17.23274],[96.5662,17.2331],[96.56647,17.234],[96.56701,17.234],[96.5671,17.23328],[96.56737,17.23328],[96.56737,17.234],[96.56826,17.234]]],[[[96.73436,17.23364],[96.73436,17.23157],[96.734,17.23157],[96.73391,17.23355],[96.73427,17.23364],[96.73427,17.234],[96.73454,17.234],[96.73454,17.23364],[96.73436,17.23364]]],[[[96.78844,17.234],[96.78835,17.23319],[96.78718,17.23319],[96.78691,17.23265],[96.78647,17.23265],[96.78691,17.23355],[96.78799,17.23355],[96.78808,17.234],[96.78844,17.234]]],[[[96.5927,17.23409],[96.59351,17.23382],[96.59351,17.23328],[96.59261,17.23166],[96.59216,17.23166],[96.59171,17.2322],[96.59198,17.23328],[96.59162,17.23328],[96.59153,17.23364],[96.59216,17.23355],[96.59243,17.23409],[96.5927,17.23409]]],[[[96.73293,17.234],[96.73302,17.2331],[96.73248,17.23328],[96.73212,17.23301],[96.73194,17.23337],[96.73149,17.23337],[96.73149,17.23382],[96.7323,17.23373],[96.73239,17.23427],[96.73302,17.23427],[96.73302,17.234],[96.73293,17.234]]],[[[96.78116,17.23463],[96.78206,17.23364],[96.7809,17.23346],[96.7809,17.23463],[96.78116,17.23463]]],[[[96.78305,17.23373],[96.78314,17.23328],[96.78422,17.23328],[96.78422,17.23256],[96.78467,17.23247],[96.78494,17.23247],[96.78503,17.23373],[96.78557,17.23373],[96.78593,17.23274],[96.78521,17.23265],[96.78503,17.23211],[96.78413,17.23211],[96.78413,17.23175],[96.78359,17.23175],[96.78377,17.23265],[96.78287,17.23238],[96.78305,17.23301],[96.78242,17.2331],[96.78242,17.23337],[96.78278,17.23346],[96.78287,17.23436],[96.78368,17.23463],[96.78368,17.23427],[96.78314,17.23427],[96.78314,17.23373],[96.78305,17.23373]]],[[[96.77964,17.23481],[96.78018,17.23463],[96.78018,17.23436],[96.77874,17.234],[96.77865,17.23463],[96.77901,17.23481],[96.77964,17.23481]]],[[[96.61318,17.23454],[96.61336,17.23391],[96.61264,17.23391],[96.61255,17.23346],[96.61228,17.23346],[96.6121,17.23445],[96.61291,17.2349],[96.61327,17.2349],[96.61327,17.23454],[96.61318,17.23454]]],[[[96.59593,17.23508],[96.59593,17.23409],[96.59494,17.23409],[96.59485,17.23454],[96.59548,17.23454],[96.59548,17.23508],[96.59593,17.23508]]],[[[96.78898,17.23544],[96.78934,17.23526],[96.78916,17.23436],[96.78781,17.23454],[96.78781,17.23418],[96.78709,17.23391],[96.78709,17.23436],[96.78736,17.23436],[96.78718,17.2349],[96.78853,17.2349],[96.78871,17.23544],[96.78898,17.23544]]],[[[96.76571,17.23571],[96.76562,17.23409],[96.76428,17.23409],[96.76428,17.23562],[96.76526,17.23571],[96.76571,17.23571]]],[[[96.81189,17.23589],[96.81189,17.23562],[96.81108,17.23544],[96.81108,17.23607],[96.81198,17.23624],[96.81198,17.23589],[96.81189,17.23589]]],[[[96.89381,17.23651],[96.89381,17.2358],[96.89274,17.23553],[96.89274,17.23607],[96.89336,17.23598],[96.89354,17.23651],[96.89381,17.23651]]],[[[96.80713,17.2366],[96.8074,17.23616],[96.80704,17.23607],[96.80704,17.23571],[96.80641,17.23571],[96.80614,17.23651],[96.8065,17.2366],[96.80713,17.2366]]],[[[96.53655,17.23642],[96.53655,17.23553],[96.53512,17.23544],[96.53512,17.23624],[96.53584,17.23616],[96.53592,17.23669],[96.53664,17.23669],[96.53664,17.23642],[96.53655,17.23642]]],[[[96.59135,17.23642],[96.59135,17.23589],[96.59072,17.23571],[96.59063,17.23633],[96.59117,17.23669],[96.59144,17.23642],[96.59135,17.23642]]],[[[96.51392,17.23678],[96.5141,17.23535],[96.51365,17.23553],[96.51374,17.23616],[96.51347,17.23616],[96.51374,17.2375],[96.51419,17.2375],[96.51401,17.23678],[96.51392,17.23678]]],[[[96.56467,17.23759],[96.56611,17.23732],[96.56638,17.23598],[96.56692,17.23607],[96.56719,17.23687],[96.56773,17.23678],[96.56844,17.2375],[96.56916,17.2375],[96.5697,17.23642],[96.57006,17.23633],[96.57006,17.23589],[96.56988,17.23562],[96.56808,17.2358],[96.56826,17.23633],[96.56799,17.23633],[96.56799,17.23598],[96.56692,17.23589],[96.56539,17.23517],[96.56557,17.23472],[96.56647,17.23481],[96.56638,17.23436],[96.56557,17.23427],[96.56557,17.234],[96.56611,17.234],[96.56611,17.23319],[96.56548,17.23283],[96.5653,17.23319],[96.56449,17.23328],[96.56449,17.23391],[96.56521,17.23409],[96.56521,17.23436],[96.56413,17.23418],[96.56413,17.23463],[96.56359,17.23445],[96.56278,17.23472],[96.56278,17.23517],[96.56305,17.23526],[96.56359,17.23526],[96.56359,17.23499],[96.5644,17.23517],[96.56431,17.23607],[96.56386,17.23616],[96.56404,17.23526],[96.56368,17.23526],[96.56332,17.23687],[96.56305,17.23687],[96.56269,17.23598],[96.56305,17.23598],[96.56314,17.23562],[96.56243,17.2358],[96.56225,17.23687],[96.56269,17.23696],[96.56269,17.23741],[96.56395,17.23759],[96.56377,17.23687],[96.56413,17.23687],[96.56431,17.23759],[96.56467,17.23759]]],[[[96.89579,17.2375],[96.89561,17.23669],[96.89516,17.23669],[96.89516,17.23768],[96.89588,17.23777],[96.89588,17.2375],[96.89579,17.2375]]],[[[96.61668,17.23786],[96.61677,17.23759],[96.61749,17.23777],[96.61749,17.23741],[96.61677,17.23714],[96.61677,17.23678],[96.6165,17.23678],[96.61668,17.2375],[96.61632,17.2375],[96.61623,17.23786],[96.61668,17.23786]]],[[[96.55488,17.23804],[96.55533,17.23768],[96.55614,17.23786],[96.55632,17.2375],[96.55407,17.2375],[96.55398,17.23804],[96.55488,17.23804]]],[[[96.8056,17.2375],[96.80551,17.23687],[96.80497,17.23696],[96.80533,17.23633],[96.80452,17.23624],[96.80479,17.23786],[96.80569,17.23804],[96.80569,17.2375],[96.8056,17.2375]]],[[[96.81431,17.23813],[96.81449,17.23777],[96.81422,17.23732],[96.81341,17.23759],[96.81332,17.23705],[96.8127,17.23714],[96.81297,17.23633],[96.81243,17.23624],[96.81216,17.23669],[96.81225,17.23759],[96.81189,17.23795],[96.81386,17.23813],[96.81431,17.23813]]],[[[96.54428,17.23822],[96.54518,17.23804],[96.54536,17.23759],[96.54509,17.23544],[96.54383,17.23544],[96.54266,17.23589],[96.54266,17.23616],[96.54311,17.23616],[96.54311,17.23642],[96.54266,17.23642],[96.54266,17.23714],[96.54347,17.2375],[96.54311,17.23813],[96.54383,17.23822],[96.54428,17.23822]]],[[[96.77479,17.23831],[96.77479,17.23804],[96.77667,17.23768],[96.77766,17.23795],[96.77766,17.23723],[96.77685,17.23687],[96.77685,17.23642],[96.77757,17.23633],[96.77829,17.23705],[96.77856,17.23571],[96.77739,17.23553],[96.77739,17.23526],[96.7764,17.23535],[96.7764,17.23454],[96.77586,17.23454],[96.77586,17.2349],[96.77551,17.23499],[96.77515,17.2349],[96.77515,17.23445],[96.77335,17.2349],[96.77272,17.23409],[96.77263,17.23202],[96.77236,17.23229],[96.77021,17.23211],[96.77021,17.23283],[96.76949,17.23301],[96.76931,17.23391],[96.76787,17.23427],[96.76769,17.23553],[96.76949,17.23562],[96.7694,17.23669],[96.76976,17.23696],[96.77083,17.23678],[96.77083,17.23624],[96.77012,17.23553],[96.77092,17.23553],[96.77092,17.23445],[96.77146,17.23445],[96.77146,17.2349],[96.77209,17.23544],[96.77272,17.23544],[96.77299,17.2349],[96.77362,17.23544],[96.77425,17.23544],[96.77515,17.23651],[96.77515,17.23678],[96.77461,17.23669],[96.77479,17.23732],[96.77443,17.23732],[96.77452,17.23831],[96.77479,17.23831]]],[[[96.77137,17.23858],[96.77164,17.23822],[96.77263,17.23849],[96.77263,17.23723],[96.77227,17.23696],[96.77245,17.23616],[96.77191,17.23616],[96.77092,17.23858],[96.77137,17.23858]]],[[[96.78871,17.23786],[96.78871,17.23714],[96.78835,17.23696],[96.78808,17.23768],[96.78835,17.23777],[96.78853,17.23876],[96.78889,17.23876],[96.7888,17.23786],[96.78871,17.23786]]],[[[96.60123,17.23885],[96.60141,17.23849],[96.6006,17.23831],[96.60042,17.23786],[96.60042,17.23759],[96.60123,17.23723],[96.60123,17.23669],[96.60006,17.23696],[96.60024,17.2375],[96.5998,17.23768],[96.5998,17.23804],[96.60033,17.23822],[96.6006,17.23885],[96.60123,17.23885]]],[[[96.82258,17.23885],[96.82357,17.23867],[96.82366,17.23822],[96.8233,17.23813],[96.82312,17.23849],[96.8224,17.23831],[96.82231,17.23885],[96.82258,17.23885]]],[[[96.89498,17.23885],[96.89561,17.23867],[96.89543,17.23795],[96.89507,17.23795],[96.89498,17.23849],[96.89417,17.23858],[96.89417,17.23786],[96.8939,17.23786],[96.8939,17.23885],[96.89471,17.23885],[96.89498,17.23885]]],[[[96.54087,17.23903],[96.54149,17.23876],[96.54149,17.23831],[96.54194,17.23822],[96.54194,17.23795],[96.54015,17.23822],[96.5397,17.23894],[96.54024,17.23903],[96.54087,17.23903]]],[[[96.56584,17.23912],[96.56647,17.23894],[96.56656,17.23849],[96.56584,17.23822],[96.56431,17.23831],[96.56431,17.23777],[96.56386,17.23777],[96.56359,17.23903],[96.56413,17.23885],[96.56548,17.23912],[96.56584,17.23912]]],[[[96.57051,17.23912],[96.57105,17.23535],[96.5706,17.23535],[96.5706,17.23669],[96.57015,17.23669],[96.57015,17.23912],[96.57051,17.23912]]],[[[96.80982,17.23912],[96.81,17.23813],[96.81045,17.23822],[96.81045,17.23858],[96.81072,17.23858],[96.81072,17.23822],[96.8118,17.23822],[96.81162,17.23759],[96.81189,17.23714],[96.81117,17.23669],[96.81,17.2366],[96.81,17.2375],[96.80946,17.23795],[96.80946,17.23912],[96.80982,17.23912]]],[[[96.5167,17.23921],[96.51787,17.23903],[96.5176,17.2384],[96.51796,17.2384],[96.51796,17.23786],[96.51751,17.23777],[96.51751,17.2375],[96.51706,17.23768],[96.51706,17.23867],[96.51679,17.23867],[96.51679,17.23831],[96.51589,17.23849],[96.51481,17.23804],[96.51526,17.23912],[96.5158,17.23921],[96.5167,17.23921]]],[[[96.58255,17.23436],[96.58255,17.23472],[96.58192,17.23481],[96.58201,17.23445],[96.58255,17.23436],[96.58246,17.23283],[96.58398,17.23355],[96.58605,17.23346],[96.58722,17.23328],[96.58731,17.23247],[96.58812,17.23202],[96.58812,17.23274],[96.58848,17.23274],[96.58848,17.23319],[96.58902,17.2331],[96.58902,17.23274],[96.58991,17.23238],[96.59018,17.23175],[96.59081,17.23166],[96.59081,17.23112],[96.59027,17.23103],[96.59027,17.23041],[96.59081,17.23041],[96.59099,17.23094],[96.59216,17.23094],[96.59243,17.23023],[96.59288,17.23023],[96.59315,17.22987],[96.59315,17.22942],[96.59396,17.22915],[96.59396,17.22879],[96.59081,17.22888],[96.58973,17.22906],[96.58973,17.22933],[96.58911,17.22915],[96.58722,17.23014],[96.58686,17.2296],[96.58659,17.22987],[96.58578,17.22969],[96.5856,17.22897],[96.58587,17.22897],[96.58587,17.22942],[96.58614,17.22942],[96.58614,17.22888],[96.5865,17.22888],[96.58668,17.22942],[96.58722,17.22942],[96.5874,17.22888],[96.58911,17.22879],[96.58893,17.22816],[96.58928,17.22816],[96.58928,17.22861],[96.58964,17.2287],[96.59036,17.22861],[96.59009,17.22798],[96.59135,17.22843],[96.59216,17.22816],[96.5936,17.22843],[96.59423,17.22834],[96.59432,17.22771],[96.5936,17.22699],[96.5918,17.22672],[96.59189,17.226],[96.59153,17.22636],[96.58991,17.22645],[96.58991,17.226],[96.58785,17.22573],[96.58785,17.22618],[96.58758,17.22618],[96.58767,17.22529],[96.5865,17.22493],[96.58533,17.22493],[96.58461,17.22591],[96.58407,17.226],[96.58398,17.22555],[96.58309,17.22493],[96.58183,17.22511],[96.58201,17.2243],[96.58425,17.2252],[96.58488,17.22511],[96.5847,17.22439],[96.58497,17.22394],[96.58614,17.22376],[96.58614,17.22403],[96.58578,17.22403],[96.58605,17.22457],[96.58686,17.22457],[96.58731,17.22502],[96.58839,17.22475],[96.58893,17.22538],[96.59054,17.22547],[96.59072,17.22502],[96.59018,17.22484],[96.59,17.2243],[96.58955,17.2243],[96.58919,17.22376],[96.58839,17.22349],[96.58839,17.22313],[96.58875,17.22313],[96.5909,17.22475],[96.5918,17.22439],[96.59144,17.22529],[96.59261,17.22582],[96.59279,17.22627],[96.59396,17.22627],[96.59396,17.22672],[96.59512,17.22654],[96.59521,17.2269],[96.59593,17.22681],[96.59611,17.22529],[96.59575,17.22529],[96.59575,17.22502],[96.59602,17.22457],[96.59539,17.2243],[96.5953,17.22349],[96.59593,17.22349],[96.5962,17.22394],[96.59692,17.22385],[96.59719,17.22232],[96.59692,17.22232],[96.59683,17.22286],[96.59629,17.22268],[96.59629,17.22331],[96.59593,17.22331],[96.59593,17.22295],[96.5953,17.2234],[96.59458,17.22331],[96.5945,17.22277],[96.59279,17.22331],[96.59315,17.22214],[96.59234,17.22232],[96.5927,17.22106],[96.59252,17.22061],[96.59207,17.22061],[96.59207,17.22088],[96.59027,17.2207],[96.59009,17.2225],[96.58982,17.2225],[96.58955,17.22097],[96.59027,17.2199],[96.59099,17.21999],[96.59144,17.21954],[96.59279,17.21963],[96.59333,17.22061],[96.59485,17.22097],[96.59441,17.22017],[96.59432,17.21855],[96.59494,17.21909],[96.5953,17.21792],[96.59557,17.21792],[96.59584,17.21873],[96.59674,17.21873],[96.59674,17.21936],[96.59746,17.21972],[96.59746,17.21774],[96.59791,17.21765],[96.59791,17.21738],[96.59827,17.21765],[96.59944,17.21756],[96.59953,17.21585],[96.59881,17.21442],[96.59854,17.21442],[96.59854,17.21388],[96.59818,17.21388],[96.59827,17.21442],[96.59791,17.21433],[96.59791,17.21361],[96.59566,17.21388],[96.59557,17.21352],[96.59629,17.21361],[96.59629,17.21307],[96.59557,17.21289],[96.59548,17.21253],[96.59414,17.21262],[96.59414,17.21226],[96.59467,17.21217],[96.59441,17.21181],[96.59378,17.21181],[96.59378,17.21262],[96.59351,17.21262],[96.59351,17.21226],[96.59306,17.21226],[96.59306,17.21253],[96.59243,17.21271],[96.59243,17.21316],[96.59342,17.21307],[96.59342,17.21334],[96.59297,17.21334],[96.59225,17.21406],[96.59189,17.21397],[96.59189,17.21307],[96.58911,17.21298],[96.58946,17.21253],[96.59036,17.21244],[96.59036,17.21217],[96.59153,17.21208],[96.59153,17.21163],[96.59072,17.21136],[96.58928,17.21181],[96.58928,17.21154],[96.58964,17.21154],[96.58937,17.21109],[96.58964,17.21082],[96.58955,17.20956],[96.59081,17.21073],[96.59153,17.21064],[96.59153,17.21109],[96.59189,17.21109],[96.59189,17.20983],[96.59135,17.20983],[96.59099,17.20912],[96.58973,17.20921],[96.58973,17.2084],[96.58928,17.2084],[96.58919,17.20678],[96.58812,17.20687],[96.58803,17.20723],[96.58704,17.20768],[96.58776,17.20651],[96.58946,17.20633],[96.58946,17.20579],[96.58991,17.20552],[96.59054,17.2057],[96.59054,17.20543],[96.59135,17.20534],[96.59162,17.20597],[96.59252,17.20624],[96.59261,17.2057],[96.59225,17.20561],[96.59225,17.20525],[96.59261,17.20525],[96.59252,17.20426],[96.59297,17.20426],[96.59315,17.20543],[96.5927,17.20543],[96.59288,17.20624],[96.59252,17.20624],[96.59252,17.2066],[96.59315,17.20705],[96.59306,17.20786],[96.5945,17.20786],[96.5945,17.20732],[96.59369,17.20678],[96.59405,17.20489],[96.59342,17.20525],[96.5936,17.20409],[96.59432,17.20453],[96.59432,17.20337],[96.59279,17.20382],[96.59261,17.20319],[96.59288,17.20283],[96.59225,17.20283],[96.59225,17.20256],[96.59306,17.20238],[96.59342,17.20184],[96.59414,17.20175],[96.59396,17.20085],[96.59324,17.20085],[96.59342,17.20157],[96.59306,17.20193],[96.59279,17.20193],[96.59252,17.2013],[96.5918,17.20139],[96.59162,17.20094],[96.59117,17.20094],[96.5909,17.20166],[96.58964,17.20193],[96.59,17.20256],[96.58857,17.20229],[96.58875,17.20157],[96.58812,17.20112],[96.58767,17.20121],[96.58794,17.20193],[96.58704,17.20193],[96.58659,17.2013],[96.58533,17.20112],[96.58551,17.20202],[96.58506,17.20247],[96.58452,17.20247],[96.58497,17.20202],[96.5847,17.20103],[96.58407,17.20112],[96.58389,17.20067],[96.58318,17.2004],[96.58192,17.20085],[96.5812,17.20076],[96.58102,17.20004],[96.5803,17.20013],[96.57994,17.19977],[96.57895,17.19968],[96.57895,17.20022],[96.57842,17.20022],[96.57833,17.19968],[96.57743,17.19968],[96.57761,17.20148],[96.57689,17.20166],[96.57689,17.20139],[96.57725,17.20139],[96.57716,17.20049],[96.57653,17.19995],[96.57581,17.20004],[96.57581,17.1995],[96.57608,17.1995],[96.5759,17.1987],[96.57617,17.1987],[96.57617,17.19825],[96.57653,17.19825],[96.57653,17.19789],[96.57626,17.19789],[96.57608,17.19672],[96.57437,17.19663],[96.5741,17.19528],[96.57455,17.19501],[96.57455,17.19393],[96.57536,17.19393],[96.57518,17.19456],[96.5759,17.19474],[96.57617,17.19474],[96.57617,17.19429],[96.57572,17.19429],[96.57581,17.19393],[96.57644,17.19438],[96.57716,17.19411],[96.57734,17.19456],[96.57815,17.19456],[96.57824,17.19501],[96.57859,17.19501],[96.57868,17.19438],[96.57949,17.1942],[96.57949,17.19384],[96.57913,17.19375],[96.5794,17.1925],[96.57895,17.1925],[96.57895,17.19223],[96.57761,17.19232],[96.5777,17.19286],[96.57743,17.19286],[96.57725,17.19205],[96.57779,17.19196],[96.57779,17.19151],[96.57842,17.19178],[96.57833,17.19106],[96.57976,17.19061],[96.58012,17.18971],[96.58111,17.1898],[96.58093,17.18818],[96.5812,17.18729],[96.58174,17.1872],[96.58174,17.18693],[96.58111,17.18666],[96.58111,17.18639],[96.58156,17.1863],[96.58138,17.18549],[96.58057,17.18468],[96.57931,17.18495],[96.57895,17.18414],[96.5794,17.18342],[96.57994,17.1836],[96.57958,17.18253],[96.58021,17.18288],[96.58021,17.18333],[96.58057,17.18333],[96.58048,17.18271],[96.58093,17.18306],[96.58255,17.18324],[96.58318,17.18315],[96.58318,17.18288],[96.58264,17.18288],[96.58264,17.18253],[96.583,17.18253],[96.58282,17.18172],[96.58138,17.18172],[96.58129,17.18118],[96.58102,17.18118],[96.58111,17.18064],[96.58066,17.18064],[96.58102,17.17938],[96.58093,17.17821],[96.58183,17.17785],[96.58219,17.1766],[96.57976,17.17669],[96.57904,17.17624],[96.57904,17.17687],[96.57752,17.17732],[96.57752,17.17758],[96.57824,17.17758],[96.57788,17.17812],[96.57743,17.17812],[96.57752,17.17758],[96.57662,17.17785],[96.57608,17.17758],[96.57608,17.17794],[96.57563,17.17812],[96.57473,17.17803],[96.5732,17.17848],[96.5724,17.17812],[96.57329,17.17678],[96.57365,17.17678],[96.57365,17.17803],[96.57428,17.17776],[96.57428,17.17741],[96.57392,17.17741],[96.57419,17.17651],[96.57383,17.17651],[96.57383,17.17624],[96.57446,17.17642],[96.57446,17.17615],[96.57527,17.17606],[96.57554,17.17633],[96.57554,17.17579],[96.57473,17.17561],[96.57437,17.17462],[96.57392,17.17462],[96.5741,17.17525],[96.57276,17.17525],[96.57276,17.17561],[96.57141,17.17534],[96.57168,17.17435],[96.57114,17.17354],[96.57177,17.17363],[96.57186,17.173],[96.57267,17.17354],[96.57249,17.17246],[96.5732,17.17273],[96.5732,17.17246],[96.57365,17.17246],[96.57365,17.17211],[96.57401,17.17211],[96.57365,17.17273],[96.57455,17.17327],[96.57446,17.17381],[96.57491,17.17381],[96.57491,17.17444],[96.57527,17.17444],[96.57527,17.17471],[96.57608,17.17462],[96.57572,17.17543],[96.57617,17.17543],[96.57644,17.17597],[96.5768,17.17597],[96.57635,17.17669],[96.57734,17.17642],[96.57761,17.17498],[96.57895,17.17534],[96.57895,17.17444],[96.57886,17.17417],[96.57779,17.17399],[96.57779,17.17363],[96.57752,17.17363],[96.57743,17.17417],[96.5768,17.17417],[96.5768,17.1739],[96.57725,17.1739],[96.57716,17.17327],[96.57653,17.17363],[96.57644,17.173],[96.57572,17.173],[96.57572,17.17228],[96.57518,17.17219],[96.575,17.17112],[96.57464,17.17112],[96.57473,17.17202],[96.57392,17.17175],[96.57392,17.17139],[96.57338,17.17139],[96.57347,17.17103],[96.57374,17.1713],[96.57455,17.17121],[96.57455,17.16986],[96.57428,17.16986],[96.57383,17.16896],[96.57312,17.16905],[96.57312,17.16941],[96.57285,17.16941],[96.57267,17.16887],[96.57159,17.16842],[96.57159,17.16797],[96.57231,17.16752],[96.57204,17.16555],[96.57123,17.16582],[96.57123,17.16519],[96.57033,17.16501],[96.5706,17.16537],[96.57051,17.16627],[96.56988,17.16618],[96.56979,17.16537],[96.56862,17.16555],[96.56844,17.16645],[96.5688,17.16663],[96.56907,17.16636],[96.56907,17.16663],[96.5688,17.16663],[96.5688,17.16698],[96.56817,17.16707],[96.5679,17.16797],[96.56871,17.16797],[96.56889,17.16743],[96.56925,17.16743],[96.56925,17.16779],[96.56997,17.1677],[96.56997,17.16725],[96.56907,17.16716],[96.56907,17.16689],[96.57015,17.16654],[96.57042,17.16716],[96.57015,17.16815],[96.57069,17.16833],[96.57069,17.1686],[96.57006,17.16878],[96.57006,17.16842],[96.56925,17.16851],[96.56889,17.16824],[96.5688,17.1686],[96.56817,17.1686],[96.56835,17.16932],[96.56755,17.16941],[96.56755,17.16986],[96.56799,17.16986],[96.5679,17.17121],[96.56817,17.17121],[96.56817,17.17184],[96.56853,17.17211],[96.56826,17.17264],[96.56871,17.17291],[96.56871,17.17336],[96.56907,17.17336],[96.56907,17.17507],[96.56952,17.17507],[96.56952,17.17534],[96.56898,17.17534],[96.56907,17.17651],[96.56952,17.17669],[96.56907,17.17848],[96.56961,17.17857],[96.56979,17.17983],[96.56907,17.18001],[96.56907,17.18037],[96.56988,17.18028],[96.56997,17.18082],[96.5697,17.18082],[96.56988,17.18199],[96.56925,17.18208],[96.56952,17.18342],[96.56907,17.18387],[96.56952,17.18396],[96.56952,17.18423],[96.56898,17.18441],[96.56898,17.18468],[96.56907,17.18495],[96.56961,17.18495],[96.56952,17.18549],[96.57006,17.18558],[96.57024,17.18603],[96.57114,17.18612],[96.57114,17.18639],[96.57042,17.18657],[96.57051,17.18738],[96.57015,17.18738],[96.57015,17.18792],[96.57051,17.18792],[96.57024,17.18854],[96.57051,17.18917],[96.57096,17.18917],[96.57087,17.19034],[96.57114,17.19052],[96.57123,17.1916],[96.57177,17.19169],[96.57186,17.1925],[96.57347,17.19214],[96.57383,17.19357],[96.57527,17.19322],[96.57518,17.19366],[96.5724,17.19429],[96.5724,17.19456],[96.57312,17.19465],[96.57312,17.19582],[96.57267,17.19582],[96.57267,17.19672],[96.57338,17.1969],[96.57303,17.19843],[96.57356,17.19896],[96.57356,17.19959],[96.57437,17.19932],[96.57437,17.20013],[96.57491,17.20031],[96.57464,17.20085],[96.57428,17.20085],[96.57428,17.20121],[96.575,17.20112],[96.575,17.20067],[96.57581,17.2004],[96.57581,17.20085],[96.57653,17.20139],[96.57626,17.20184],[96.57599,17.20184],[96.57581,17.20112],[96.57491,17.20157],[96.57338,17.20175],[96.57347,17.20265],[96.57491,17.20229],[96.57473,17.20319],[96.57635,17.20301],[96.57635,17.20337],[96.57536,17.20337],[96.57536,17.20382],[96.57446,17.20373],[96.57419,17.20561],[96.57455,17.20615],[96.57428,17.20624],[96.57428,17.20669],[96.575,17.20633],[96.57509,17.20687],[96.57554,17.20723],[96.57617,17.20714],[96.57653,17.20813],[96.57698,17.20813],[96.57698,17.20768],[96.57779,17.2075],[96.57886,17.20858],[96.57868,17.20912],[96.57833,17.20912],[96.57824,17.20867],[96.57761,17.20858],[96.57617,17.20867],[96.57617,17.20912],[96.5759,17.20912],[96.57563,17.20858],[96.57617,17.20822],[96.57617,17.20768],[96.57536,17.20804],[96.57518,17.20723],[96.57482,17.20696],[96.57383,17.20705],[96.57392,17.20992],[96.57428,17.20992],[96.57401,17.21073],[96.57428,17.21073],[96.57437,17.21199],[96.57527,17.21145],[96.57491,17.21001],[96.57554,17.21028],[96.57554,17.20974],[96.57635,17.20939],[96.57662,17.21028],[96.57581,17.2101],[96.57581,17.21082],[96.57671,17.21055],[96.5768,17.21091],[96.57617,17.21109],[96.57599,17.21163],[96.57671,17.21154],[96.57698,17.21199],[96.57626,17.21199],[96.57644,17.21262],[96.57608,17.21271],[96.57617,17.21325],[96.57716,17.21316],[96.57725,17.2137],[96.57913,17.21406],[96.57931,17.21433],[96.57931,17.21531],[96.57877,17.21504],[96.57868,17.2146],[96.57779,17.21486],[96.57779,17.21531],[96.57752,17.21531],[96.57752,17.21415],[96.5759,17.21397],[96.57554,17.21334],[96.57491,17.21352],[96.57518,17.21576],[96.57491,17.2163],[96.57572,17.2172],[96.57428,17.21747],[96.57428,17.21774],[96.57491,17.21774],[96.57491,17.2181],[96.57572,17.21837],[96.57599,17.21945],[96.57662,17.21963],[96.57662,17.22008],[96.57752,17.22025],[96.57707,17.21972],[96.57886,17.2199],[96.57886,17.22025],[96.57752,17.22025],[96.57725,17.22088],[96.57698,17.22088],[96.57698,17.22052],[96.57671,17.22061],[96.57671,17.2216],[96.57725,17.22259],[96.57698,17.22367],[96.57815,17.22376],[96.57851,17.2234],[96.57851,17.22376],[96.57842,17.22412],[96.57662,17.22412],[96.57644,17.22502],[96.5794,17.22547],[96.5821,17.22547],[96.5821,17.22591],[96.57626,17.2252],[96.57455,17.2252],[96.57437,17.22573],[96.57383,17.22564],[96.57365,17.2269],[96.57401,17.22708],[96.57401,17.22762],[96.57437,17.22762],[96.57437,17.22825],[96.57491,17.22825],[96.57491,17.22861],[96.57437,17.22861],[96.57446,17.22996],[96.57383,17.23005],[96.57383,17.2296],[96.57303,17.22996],[96.57356,17.2305],[96.57356,17.2313],[96.57276,17.23139],[96.57276,17.23247],[96.57617,17.23301],[96.5768,17.23292],[96.57644,17.23229],[96.57761,17.23256],[96.57815,17.23193],[96.57851,17.23193],[96.57815,17.23256],[96.57922,17.23274],[96.57922,17.23301],[96.57976,17.23274],[96.57994,17.23337],[96.57958,17.23355],[96.57958,17.23427],[96.57913,17.23445],[96.57886,17.23364],[96.5768,17.23355],[96.5768,17.234],[96.57644,17.23409],[96.57635,17.23337],[96.57437,17.2331],[96.57437,17.23346],[96.5741,17.23346],[96.5741,17.2331],[96.57365,17.2331],[96.5732,17.23373],[96.57249,17.23355],[96.57213,17.234],[96.57213,17.23526],[96.57249,17.23526],[96.57249,17.23571],[96.57204,17.23571],[96.57195,17.23607],[96.5724,17.23616],[96.57249,17.23669],[96.57285,17.23678],[96.57312,17.23678],[96.5732,17.23616],[96.57347,17.23616],[96.57356,17.23687],[96.57401,17.2366],[96.57563,17.2366],[96.57626,17.23633],[96.57689,17.23472],[96.57788,17.23508],[96.5777,17.23562],[96.57734,17.23562],[96.57752,17.23624],[96.57698,17.23642],[96.57707,17.23714],[96.57671,17.23732],[96.57698,17.23786],[96.57761,17.23813],[96.57743,17.23921],[96.5777,17.23921],[96.57788,17.23867],[96.57868,17.23903],[96.57868,17.23759],[96.57806,17.2375],[96.57806,17.23723],[96.57734,17.23741],[96.57734,17.23714],[96.57779,17.23714],[96.57806,17.23669],[96.57868,17.2366],[96.57868,17.23633],[96.57895,17.23633],[96.57877,17.2375],[96.57967,17.23696],[96.57976,17.23786],[96.58048,17.23759],[96.58021,17.23849],[96.58129,17.2384],[96.58138,17.23795],[96.58228,17.23777],[96.58228,17.23741],[96.58327,17.23714],[96.58336,17.23669],[96.58488,17.23598],[96.58506,17.2349],[96.58587,17.23454],[96.58587,17.2349],[96.58623,17.23499],[96.58758,17.23364],[96.58551,17.234],[96.58551,17.23427],[96.58407,17.234],[96.58416,17.23463],[96.58389,17.23463],[96.58389,17.23418],[96.58282,17.23436],[96.58255,17.23436]],[[96.58156,17.2349],[96.58147,17.23526],[96.58039,17.23598],[96.57931,17.23633],[96.57931,17.23607],[96.5812,17.2349],[96.58156,17.2349]],[[96.57338,17.23526],[96.57401,17.23526],[96.57401,17.2358],[96.57276,17.23562],[96.57294,17.23526],[96.57338,17.23526]],[[96.58138,17.234],[96.58084,17.23382],[96.58102,17.23292],[96.58129,17.23292],[96.58156,17.23364],[96.5821,17.23373],[96.5821,17.234],[96.58156,17.234],[96.58138,17.234]],[[96.58677,17.2322],[96.58677,17.23175],[96.58623,17.23157],[96.58605,17.23103],[96.58686,17.23157],[96.58758,17.23148],[96.58758,17.23184],[96.58704,17.23193],[96.58704,17.2322],[96.58677,17.2322]],[[96.58425,17.23068],[96.58443,17.23148],[96.58372,17.23157],[96.58389,17.23211],[96.58363,17.23211],[96.58327,17.23112],[96.58147,17.23121],[96.5812,17.2305],[96.58165,17.23032],[96.58165,17.22942],[96.58398,17.22924],[96.58407,17.2296],[96.5821,17.22978],[96.58183,17.23085],[96.58372,17.23041],[96.58416,17.23041],[96.58416,17.23068],[96.58425,17.23068]],[[96.58803,17.22789],[96.58758,17.22771],[96.58758,17.22735],[96.58812,17.22735],[96.58803,17.22681],[96.58857,17.22663],[96.58875,17.22717],[96.58839,17.22789],[96.58803,17.22789]],[[96.58039,17.2278],[96.58003,17.2278],[96.58003,17.22753],[96.58039,17.22744],[96.58039,17.2278],[96.58066,17.2278],[96.58084,17.22717],[96.58048,17.22672],[96.58111,17.22609],[96.58093,17.2269],[96.58156,17.22708],[96.58111,17.22771],[96.58165,17.22825],[96.58093,17.22861],[96.58039,17.22807],[96.58039,17.2278]],[[96.58057,17.21199],[96.58057,17.21172],[96.58093,17.21172],[96.58093,17.21199],[96.58057,17.21199],[96.58057,17.21289],[96.58111,17.21379],[96.58147,17.21379],[96.58156,17.21334],[96.58219,17.21334],[96.58219,17.21379],[96.58363,17.21397],[96.58363,17.21442],[96.58336,17.21442],[96.58354,17.21522],[96.58389,17.21522],[96.58389,17.2146],[96.58443,17.21495],[96.58434,17.21388],[96.58372,17.21388],[96.58381,17.21352],[96.58425,17.21352],[96.58434,17.21235],[96.58524,17.21244],[96.58524,17.21271],[96.58461,17.2128],[96.5847,17.21513],[96.58515,17.2154],[96.58578,17.21522],[96.58587,17.21406],[96.58722,17.21406],[96.58758,17.21433],[96.58758,17.21478],[96.58848,17.21513],[96.58821,17.21424],[96.58839,17.21316],[96.58749,17.21289],[96.58749,17.21262],[96.58803,17.21262],[96.58803,17.2119],[96.58884,17.21271],[96.58875,17.21379],[96.58973,17.21379],[96.58964,17.21415],[96.58875,17.21424],[96.58857,17.21469],[96.59,17.21513],[96.59,17.2154],[96.58839,17.21549],[96.5883,17.21522],[96.58749,17.21522],[96.58722,17.21558],[96.58632,17.21576],[96.58623,17.21621],[96.58623,17.21648],[96.58722,17.21639],[96.58704,17.21693],[96.58749,17.21702],[96.58785,17.21603],[96.58857,17.21576],[96.58839,17.21666],[96.58946,17.21702],[96.58946,17.21747],[96.58893,17.21747],[96.58893,17.2181],[96.58964,17.21819],[96.58955,17.21891],[96.58982,17.21891],[96.58982,17.21927],[96.58839,17.21882],[96.58866,17.2199],[96.58821,17.2199],[96.58821,17.22043],[96.58919,17.22017],[96.58919,17.22052],[96.5883,17.22088],[96.5883,17.22304],[96.58704,17.2225],[96.58704,17.22223],[96.58785,17.22241],[96.58776,17.22052],[96.58641,17.22043],[96.58632,17.2216],[96.58677,17.22169],[96.58677,17.22205],[96.58614,17.22196],[96.58596,17.22331],[96.583,17.22349],[96.5821,17.22322],[96.5821,17.22286],[96.58255,17.22286],[96.58255,17.22259],[96.58219,17.22259],[96.58201,17.22151],[96.58228,17.22115],[96.5821,17.21963],[96.58255,17.21963],[96.58228,17.21846],[96.58282,17.21855],[96.58309,17.2181],[96.583,17.21693],[96.58372,17.21693],[96.58363,17.21657],[96.58327,17.21657],[96.58327,17.21486],[96.58255,17.21495],[96.58255,17.21451],[96.58183,17.21451],[96.58183,17.21424],[96.58093,17.21433],[96.58066,17.21486],[96.5794,17.21486],[96.57976,17.21424],[96.58057,17.21424],[96.58102,17.21379],[96.58057,17.21361],[96.58012,17.21226],[96.57922,17.21235],[96.57904,17.2128],[96.57833,17.2128],[96.57859,17.21253],[96.57833,17.21172],[96.57743,17.21172],[96.57752,17.21136],[96.57806,17.21136],[96.57824,17.21091],[96.57859,17.21091],[96.57842,17.20939],[96.57895,17.2093],[96.57868,17.21019],[96.57931,17.21082],[96.58048,17.21082],[96.57985,17.21145],[96.57913,17.21127],[96.57913,17.21181],[96.57985,17.21172],[96.58021,17.21199],[96.58057,17.21199]],[[96.58183,17.21172],[96.58183,17.21028],[96.58246,17.21019],[96.583,17.21118],[96.58246,17.21127],[96.58255,17.21217],[96.5821,17.21217],[96.58192,17.21172],[96.58183,17.21172]],[[96.58479,17.21199],[96.58479,17.21163],[96.58434,17.21199],[96.58309,17.21199],[96.583,17.21163],[96.58407,17.21154],[96.58425,17.211],[96.58461,17.211],[96.58506,17.21136],[96.58515,17.21199],[96.58479,17.21199]],[[96.57949,17.20373],[96.57877,17.20373],[96.57868,17.20426],[96.57797,17.20435],[96.57806,17.20498],[96.57842,17.20498],[96.57842,17.20525],[96.57689,17.20489],[96.57734,17.20561],[96.57689,17.20615],[96.57635,17.20624],[96.5768,17.20705],[96.57626,17.20714],[96.57635,17.2066],[96.57572,17.20651],[96.57572,17.20615],[96.57599,17.20615],[96.57599,17.20579],[96.57572,17.20579],[96.57608,17.20507],[96.5759,17.20435],[96.5768,17.20462],[96.57806,17.20391],[96.57779,17.20364],[96.57797,17.20256],[96.57725,17.20211],[96.57725,17.20175],[96.57806,17.20175],[96.57842,17.20139],[96.57868,17.2022],[96.57931,17.20238],[96.57913,17.20319],[96.57949,17.20373],[96.58129,17.2048],[96.58165,17.20552],[96.58246,17.20579],[96.58273,17.20489],[96.583,17.20489],[96.583,17.20534],[96.58381,17.20561],[96.58443,17.20525],[96.58452,17.20705],[96.58506,17.20696],[96.58479,17.20786],[96.58542,17.20768],[96.58542,17.20813],[96.58596,17.20831],[96.58596,17.20759],[96.58551,17.20759],[96.58533,17.20705],[96.58596,17.20714],[96.58632,17.20678],[96.58659,17.20705],[96.58659,17.20876],[96.58713,17.20876],[96.58713,17.20813],[96.58812,17.20795],[96.58812,17.20831],[96.58749,17.20849],[96.58803,17.20912],[96.58686,17.20965],[96.58686,17.21001],[96.58713,17.21037],[96.58758,17.21037],[96.58767,17.21109],[96.58803,17.21109],[96.58803,17.21073],[96.58902,17.21073],[96.58911,17.21109],[96.58875,17.21109],[96.58857,17.21154],[96.58785,17.21136],[96.58785,17.21181],[96.58695,17.21154],[96.58677,17.2101],[96.58578,17.20983],[96.58533,17.20867],[96.58461,17.20858],[96.58461,17.20804],[96.58398,17.20768],[96.58434,17.20606],[96.58389,17.20597],[96.58389,17.2057],[96.58354,17.2057],[96.58354,17.20597],[96.58273,17.20579],[96.58273,17.20606],[96.58309,17.20606],[96.583,17.20678],[96.58381,17.20687],[96.58381,17.20723],[96.58291,17.20705],[96.58255,17.20624],[96.58147,17.20606],[96.57949,17.204],[96.57949,17.20373]],[[96.57976,17.20597],[96.57976,17.20624],[96.58039,17.20597],[96.57994,17.20732],[96.57949,17.20732],[96.57931,17.20615],[96.57886,17.2057],[96.57949,17.20597],[96.57976,17.20597]],[[96.57797,17.20912],[96.57797,17.21019],[96.57743,17.21037],[96.57707,17.2093],[96.57761,17.20912],[96.57797,17.20912]],[[96.58677,17.20615],[96.58722,17.2057],[96.58731,17.20498],[96.58803,17.2048],[96.58839,17.2057],[96.58776,17.20606],[96.58803,17.20579],[96.58803,17.20525],[96.58776,17.20525],[96.5874,17.20606],[96.58704,17.20615],[96.58677,17.20615]],[[96.58875,17.20516],[96.58875,17.20471],[96.58839,17.20453],[96.58866,17.20328],[96.58964,17.20373],[96.58964,17.204],[96.59018,17.20391],[96.59,17.20462],[96.58928,17.20462],[96.58902,17.20516],[96.58875,17.20516]],[[96.59144,17.2048],[96.59135,17.20435],[96.59054,17.20435],[96.59054,17.20409],[96.5918,17.204],[96.59216,17.20364],[96.59243,17.20409],[96.5918,17.20444],[96.5918,17.2048],[96.59144,17.2048]],[[96.58767,17.20355],[96.58776,17.20391],[96.58812,17.20391],[96.58803,17.20435],[96.5874,17.20417],[96.58704,17.20256],[96.58776,17.20265],[96.58758,17.20355],[96.58767,17.20355]],[[96.57545,17.19322],[96.5759,17.19268],[96.57707,17.1925],[96.57707,17.19277],[96.57554,17.19322],[96.57545,17.19322]],[[96.5741,17.18747],[96.5741,17.1872],[96.57312,17.18738],[96.57347,17.18657],[96.57383,17.18657],[96.57392,17.18603],[96.57419,17.18603],[96.57401,17.18711],[96.57437,17.18711],[96.57437,17.18747],[96.5741,17.18747]],[[96.57392,17.17983],[96.57392,17.18028],[96.57347,17.18019],[96.57356,17.17893],[96.57392,17.17866],[96.57536,17.17875],[96.57491,17.17947],[96.57437,17.17956],[96.5741,17.17929],[96.5741,17.17983],[96.57392,17.17983]],[[96.56934,17.17211],[96.56961,17.17067],[96.56943,17.17022],[96.5688,17.17022],[96.5688,17.16995],[96.56997,17.16977],[96.57033,17.1704],[96.56988,17.1704],[96.56988,17.17121],[96.57051,17.17121],[96.57051,17.17175],[96.56961,17.17175],[96.56961,17.17211],[96.56934,17.17211]],[[96.57096,17.16689],[96.57096,17.16618],[96.57168,17.16618],[96.57177,17.16689],[96.57096,17.16689]],[[96.59135,17.22187],[96.59135,17.22115],[96.59216,17.22124],[96.59189,17.22196],[96.59144,17.22187],[96.59135,17.22187]]],[[[96.59935,17.23867],[96.59935,17.23786],[96.59908,17.23786],[96.59908,17.2384],[96.59845,17.23813],[96.59854,17.23858],[96.59908,17.23876],[96.59917,17.2393],[96.59953,17.2393],[96.59953,17.23867],[96.59935,17.23867]]],[[[96.6369,17.2393],[96.6386,17.23849],[96.63986,17.23741],[96.63968,17.23633],[96.63914,17.23624],[96.63779,17.23436],[96.63699,17.2349],[96.63699,17.23562],[96.63743,17.23598],[96.63761,17.23696],[96.6369,17.23696],[96.63627,17.23759],[96.63618,17.23651],[96.63573,17.23651],[96.63582,17.2375],[96.63636,17.23768],[96.63645,17.2393],[96.6369,17.2393]],[[96.63788,17.23804],[96.63699,17.23804],[96.63699,17.23777],[96.63743,17.23777],[96.63752,17.23732],[96.63797,17.23723],[96.63788,17.23633],[96.63833,17.23633],[96.63815,17.23732],[96.6386,17.23732],[96.6386,17.23759],[96.63815,17.23759],[96.63815,17.23804],[96.63788,17.23804]]],[[[96.89148,17.2393],[96.89148,17.23894],[96.89202,17.23876],[96.89175,17.23849],[96.89193,17.23669],[96.89238,17.23669],[96.89238,17.23624],[96.89148,17.23642],[96.89139,17.23705],[96.89103,17.23723],[96.89076,17.23723],[96.89076,17.23669],[96.88995,17.23705],[96.89004,17.23777],[96.8904,17.23777],[96.8904,17.23804],[96.88995,17.23813],[96.88995,17.23867],[96.8904,17.2393],[96.89067,17.23867],[96.89094,17.23867],[96.89121,17.2393],[96.89148,17.2393]]],[[[96.80174,17.23948],[96.80219,17.23876],[96.80102,17.23858],[96.80084,17.23813],[96.80012,17.23822],[96.79994,17.23885],[96.80057,17.23885],[96.80057,17.23912],[96.80111,17.23885],[96.80129,17.23948],[96.80174,17.23948]]],[[[96.63896,17.23858],[96.63869,17.23858],[96.63878,17.23975],[96.63932,17.23984],[96.63896,17.23867],[96.63896,17.23858]]],[[[96.79177,17.24011],[96.79293,17.23966],[96.79311,17.23894],[96.79203,17.23894],[96.79203,17.23948],[96.7915,17.23957],[96.7915,17.24011],[96.79177,17.24011]]],[[[96.78907,17.24038],[96.78898,17.23912],[96.78853,17.23903],[96.78871,17.24038],[96.78907,17.24038]]],[[[96.60231,17.24029],[96.60231,17.24002],[96.60141,17.24002],[96.60141,17.23957],[96.60195,17.23939],[96.60195,17.23912],[96.60096,17.2393],[96.60123,17.24047],[96.60195,17.24029],[96.60231,17.24056],[96.60231,17.24029]]],[[[96.62899,17.24038],[96.62899,17.24011],[96.62935,17.24011],[96.62917,17.23975],[96.6289,17.23975],[96.6289,17.24011],[96.628,17.24011],[96.62827,17.24065],[96.62908,17.24065],[96.62908,17.24038],[96.62899,17.24038]]],[[[96.64597,17.24029],[96.64597,17.23939],[96.64453,17.23957],[96.64471,17.24038],[96.64606,17.24065],[96.64606,17.24029],[96.64597,17.24029]]],[[[96.54221,17.24011],[96.54194,17.24011],[96.54212,17.24083],[96.54293,17.24083],[96.54257,17.2402],[96.54221,17.2402],[96.54221,17.24011]]],[[[96.59836,17.24083],[96.59845,17.24011],[96.59899,17.23993],[96.59908,17.2393],[96.598,17.23939],[96.598,17.24083],[96.59836,17.24083]]],[[[96.77874,17.24092],[96.77937,17.24074],[96.77874,17.24011],[96.77829,17.24029],[96.77838,17.24092],[96.77874,17.24092]]],[[[96.8118,17.24092],[96.81207,17.24056],[96.81126,17.24047],[96.8109,17.23993],[96.81189,17.23966],[96.81216,17.23885],[96.8109,17.23903],[96.8109,17.23966],[96.81063,17.23975],[96.81036,17.23975],[96.81036,17.2393],[96.80919,17.23948],[96.80928,17.24083],[96.81135,17.24092],[96.8118,17.24092]]],[[[96.82087,17.24092],[96.82105,17.23948],[96.81871,17.23948],[96.81818,17.23867],[96.81683,17.23867],[96.81656,17.23822],[96.81557,17.23777],[96.81584,17.23876],[96.81638,17.23921],[96.81701,17.23921],[96.81701,17.23948],[96.81665,17.23948],[96.81674,17.24002],[96.81764,17.2402],[96.81818,17.24092],[96.81934,17.24092],[96.81916,17.24029],[96.81952,17.24029],[96.8197,17.24092],[96.82051,17.24092],[96.82087,17.24092]]],[[[96.82428,17.24092],[96.82491,17.24083],[96.825,17.23993],[96.82554,17.23993],[96.82554,17.24029],[96.82635,17.24038],[96.82644,17.24065],[96.82707,17.24056],[96.82716,17.24002],[96.82608,17.24002],[96.82554,17.23984],[96.82554,17.23957],[96.82563,17.23912],[96.82599,17.23921],[96.82599,17.23957],[96.82644,17.23957],[96.82725,17.23939],[96.82725,17.23903],[96.82626,17.23903],[96.82536,17.23858],[96.82446,17.2402],[96.82419,17.2402],[96.8241,17.23921],[96.82357,17.2393],[96.82357,17.24002],[96.82312,17.24002],[96.82303,17.23948],[96.82204,17.23948],[96.82186,17.24002],[96.82258,17.24002],[96.82258,17.24092],[96.82339,17.24092],[96.82428,17.24092]]],[[[96.86183,17.24092],[96.8621,17.24047],[96.86112,17.23993],[96.86112,17.24047],[96.86147,17.24047],[96.86156,17.24092],[96.86183,17.24092]]],[[[96.55892,17.2411],[96.55955,17.24101],[96.55955,17.24038],[96.55856,17.24056],[96.55856,17.2411],[96.55892,17.2411]]],[[[96.63618,17.24038],[96.63609,17.24002],[96.63564,17.24002],[96.63555,17.24101],[96.63591,17.24128],[96.63645,17.24128],[96.63627,17.24038],[96.63618,17.24038]]],[[[96.63528,17.24092],[96.63501,17.24011],[96.63474,17.24011],[96.63474,17.24065],[96.63438,17.24101],[96.63537,17.24146],[96.63537,17.24092],[96.63528,17.24092]]],[[[96.88717,17.24137],[96.88726,17.24092],[96.88788,17.24092],[96.88788,17.24065],[96.88878,17.24029],[96.88878,17.23966],[96.88824,17.23975],[96.88771,17.24038],[96.88627,17.24056],[96.88654,17.2411],[96.88618,17.24128],[96.88717,17.24146],[96.88717,17.24137]]],[[[96.60087,17.24154],[96.60096,17.24047],[96.60024,17.24083],[96.60033,17.24154],[96.60087,17.24154]]],[[[96.56683,17.24163],[96.56737,17.24146],[96.56737,17.24119],[96.56674,17.24083],[96.56674,17.24002],[96.56611,17.2402],[96.56386,17.23984],[96.56341,17.24011],[96.56323,17.23867],[96.56243,17.23813],[96.56269,17.23957],[96.56252,17.2402],[96.56359,17.24038],[96.56341,17.24137],[96.56656,17.24128],[96.56656,17.24163],[96.56683,17.24163]]],[[[96.59953,17.24074],[96.59881,17.24074],[96.59881,17.24146],[96.5998,17.24163],[96.59953,17.24101],[96.59953,17.24074]]],[[[96.51481,17.2419],[96.51508,17.24101],[96.51553,17.24101],[96.51544,17.24002],[96.51472,17.23993],[96.51437,17.23804],[96.51374,17.23804],[96.51392,17.23939],[96.51437,17.24002],[96.51454,17.2419],[96.51481,17.2419]]],[[[96.55335,17.24199],[96.55335,17.24146],[96.55371,17.24146],[96.55389,17.24083],[96.55542,17.24029],[96.55533,17.23957],[96.55389,17.23984],[96.5538,17.23939],[96.55425,17.23876],[96.5538,17.23849],[96.55317,17.23876],[96.55326,17.23939],[96.55272,17.23939],[96.55299,17.23993],[96.55263,17.23993],[96.55263,17.23966],[96.55138,17.23984],[96.55147,17.24038],[96.55191,17.24038],[96.55191,17.23993],[96.55263,17.24002],[96.55263,17.24074],[96.55308,17.24092],[96.55308,17.24199],[96.55335,17.24199]]],[[[96.60348,17.24199],[96.60357,17.24101],[96.6024,17.24128],[96.6024,17.24154],[96.60321,17.24199],[96.60348,17.24199]]],[[[96.8259,17.24208],[96.82599,17.24092],[96.82536,17.2411],[96.82536,17.24065],[96.825,17.24065],[96.82509,17.24119],[96.82446,17.24128],[96.82446,17.24163],[96.82545,17.24208],[96.8259,17.24208]]],[[[96.78108,17.24226],[96.78179,17.24208],[96.78188,17.24172],[96.78188,17.2411],[96.78108,17.24083],[96.78072,17.24083],[96.78072,17.24226],[96.78108,17.24226]]],[[[96.56943,17.24235],[96.57006,17.24011],[96.56961,17.2402],[96.56916,17.24235],[96.56943,17.24235]]],[[[96.82797,17.24235],[96.8286,17.24226],[96.82905,17.24128],[96.82815,17.24101],[96.82797,17.24181],[96.82734,17.24181],[96.82761,17.24235],[96.82797,17.24235]]],[[[96.76589,17.24244],[96.76589,17.24163],[96.76419,17.24163],[96.76383,17.24199],[96.76383,17.24235],[96.76491,17.24217],[96.76544,17.24244],[96.76589,17.24244]]],[[[96.89229,17.24244],[96.89229,17.24199],[96.89318,17.24199],[96.89345,17.24128],[96.89462,17.24101],[96.89462,17.23966],[96.89408,17.23957],[96.89354,17.24092],[96.89274,17.24101],[96.89274,17.24038],[96.89238,17.24038],[96.89229,17.24002],[96.89256,17.23948],[96.89148,17.23939],[96.89148,17.23966],[96.89202,17.23966],[96.89202,17.24002],[96.89157,17.24011],[96.89157,17.24119],[96.89292,17.24137],[96.89292,17.24163],[96.89202,17.2419],[96.89202,17.24244],[96.89229,17.24244]]],[[[96.53503,17.24253],[96.53539,17.24235],[96.5353,17.23966],[96.53503,17.23903],[96.53431,17.23912],[96.53458,17.24253],[96.53503,17.24253]]],[[[96.60024,17.24208],[96.60024,17.24172],[96.59962,17.2419],[96.59971,17.24235],[96.60033,17.24262],[96.6006,17.24262],[96.6006,17.24208],[96.60024,17.24208]]],[[[96.871,17.24217],[96.86947,17.24208],[96.86947,17.24235],[96.87118,17.24262],[96.87118,17.24217],[96.871,17.24217]]],[[[96.57886,17.24271],[96.57958,17.24217],[96.57958,17.24172],[96.57931,17.24163],[96.57949,17.24128],[96.5803,17.24208],[96.58021,17.24074],[96.57994,17.24056],[96.58021,17.23993],[96.57949,17.24011],[96.57886,17.2411],[96.57824,17.24137],[96.57815,17.24199],[96.57877,17.24217],[96.57859,17.24271],[96.57886,17.24271]]],[[[96.86219,17.2419],[96.8621,17.24128],[96.86174,17.24128],[96.86174,17.24181],[96.86129,17.24181],[96.86129,17.24208],[96.86192,17.24208],[96.8621,17.24289],[96.86237,17.24289],[96.86237,17.2419],[96.86219,17.2419]]],[[[96.51697,17.24307],[96.51724,17.24199],[96.51625,17.24199],[96.51661,17.24307],[96.51697,17.24307]]],[[[96.62827,17.24262],[96.62818,17.24199],[96.62872,17.24208],[96.62872,17.24154],[96.62908,17.24128],[96.62944,17.24128],[96.62944,17.24181],[96.62872,17.24253],[96.63007,17.24262],[96.63007,17.24226],[96.62962,17.24226],[96.62962,17.24074],[96.6289,17.24074],[96.62854,17.24154],[96.62827,17.24154],[96.62782,17.24056],[96.6271,17.24074],[96.62728,17.24163],[96.62791,17.24163],[96.62728,17.24226],[96.62737,17.24271],[96.628,17.24262],[96.628,17.24307],[96.62836,17.24307],[96.62836,17.24262],[96.62827,17.24262]]],[[[96.59494,17.23894],[96.59638,17.23939],[96.5962,17.24011],[96.59566,17.2402],[96.59575,17.23957],[96.59503,17.23984],[96.59494,17.23894],[96.59396,17.2384],[96.59369,17.2384],[96.5936,17.23885],[96.59297,17.23849],[96.59162,17.23867],[96.59144,17.23912],[96.59081,17.2393],[96.59099,17.23858],[96.59234,17.23813],[96.59216,17.23723],[96.59243,17.23723],[96.59243,17.23687],[96.59333,17.23678],[96.59333,17.23642],[96.59252,17.23633],[96.59225,17.23553],[96.59189,17.23553],[96.59162,17.23562],[96.59162,17.23607],[96.59216,17.23633],[96.59198,17.23723],[96.5909,17.23678],[96.59072,17.23732],[96.59045,17.23732],[96.59054,17.2366],[96.58982,17.23651],[96.58982,17.23616],[96.58955,17.23616],[96.58964,17.23508],[96.58919,17.23481],[96.58911,17.23418],[96.58884,17.23418],[96.58884,17.23481],[96.58821,17.2349],[96.58821,17.23517],[96.58884,17.23526],[96.58884,17.23562],[96.5883,17.23598],[96.58866,17.23696],[96.58866,17.23795],[96.5883,17.2384],[96.5874,17.23786],[96.58785,17.23669],[96.5874,17.23633],[96.5874,17.23678],[96.58704,17.23678],[96.5874,17.23553],[96.58713,17.23526],[96.58677,17.23589],[96.58596,17.23624],[96.5865,17.23723],[96.58578,17.23705],[96.58533,17.23786],[96.58533,17.23813],[96.58569,17.23813],[96.58587,17.23894],[96.5856,17.23894],[96.58533,17.23813],[96.58479,17.23822],[96.58515,17.23705],[96.58461,17.23714],[96.58398,17.23786],[96.58425,17.23867],[96.58363,17.23813],[96.58363,17.2384],[96.58309,17.2384],[96.58309,17.23867],[96.58237,17.23876],[96.58237,17.23903],[96.58084,17.23966],[96.58039,17.24092],[96.58093,17.24083],[96.58093,17.24119],[96.58057,17.24119],[96.58039,17.24181],[96.5812,17.24172],[96.58129,17.24137],[96.5821,17.24119],[96.58219,17.24083],[96.58318,17.24119],[96.58336,17.24056],[96.58381,17.24038],[96.58461,17.24038],[96.58461,17.24074],[96.58533,17.24065],[96.58515,17.23993],[96.5856,17.24002],[96.58551,17.24056],[96.58578,17.24056],[96.5865,17.24002],[96.5865,17.23948],[96.58587,17.23966],[96.58623,17.23912],[96.58722,17.23948],[96.58731,17.24002],[96.58776,17.24002],[96.58767,17.2393],[96.58821,17.23975],[96.5883,17.23912],[96.58857,17.23912],[96.58884,17.23921],[96.58884,17.23993],[96.59018,17.24038],[96.59054,17.24101],[96.5918,17.24146],[96.5918,17.24172],[96.59135,17.24181],[96.59054,17.2411],[96.58964,17.24119],[96.58973,17.24056],[96.58919,17.24029],[96.58839,17.24056],[96.58937,17.24146],[96.59,17.24154],[96.59045,17.24217],[96.59126,17.24244],[96.59126,17.24208],[96.59189,17.24208],[96.59189,17.24181],[96.5927,17.24217],[96.59279,17.24181],[96.59342,17.24154],[96.59342,17.2419],[96.59306,17.2419],[96.59333,17.24271],[96.59414,17.24298],[96.59414,17.24325],[96.59539,17.24325],[96.59566,17.24253],[96.59593,17.24253],[96.59593,17.24172],[96.59647,17.24172],[96.59701,17.24119],[96.59755,17.24154],[96.59755,17.24047],[96.59683,17.24011],[96.59683,17.23975],[96.59737,17.24002],[96.59737,17.23912],[96.59692,17.23885],[96.59692,17.23921],[96.59656,17.23921],[96.59512,17.23831],[96.59494,17.23777],[96.59441,17.23777],[96.59458,17.23669],[96.59288,17.23723],[96.59297,17.23768],[96.59369,17.23768],[96.59387,17.23813],[96.59432,17.23813],[96.59441,17.23858],[96.59494,17.23858],[96.59494,17.23894]]],[[[96.87522,17.22573],[96.87477,17.22573],[96.87477,17.22547],[96.87549,17.22573],[96.87585,17.22439],[96.87648,17.22349],[96.87648,17.22169],[96.87684,17.22169],[96.87648,17.22106],[96.87684,17.22079],[96.87684,17.22017],[96.87737,17.22008],[96.87684,17.21945],[96.87782,17.21909],[96.87791,17.21855],[96.87854,17.21801],[96.87836,17.21666],[96.8798,17.21657],[96.87998,17.21603],[96.88088,17.2154],[96.88061,17.21486],[96.87971,17.21513],[96.87962,17.21558],[96.87881,17.21513],[96.87836,17.21585],[96.87809,17.21585],[96.87818,17.21522],[96.87773,17.21522],[96.87773,17.21648],[96.87809,17.21648],[96.87791,17.21711],[96.87711,17.21747],[96.87666,17.21747],[96.87666,17.21711],[96.87585,17.21729],[96.87387,17.21855],[96.87172,17.21945],[96.87172,17.21972],[96.87252,17.21972],[96.87288,17.21927],[96.87405,17.219],[96.87441,17.21846],[96.87531,17.21819],[96.87594,17.21819],[96.8763,17.21918],[96.87585,17.21972],[96.87477,17.22331],[96.8745,17.2234],[96.87477,17.2243],[96.87423,17.22448],[96.87387,17.22555],[96.87351,17.22573],[96.8736,17.22627],[96.87333,17.22627],[96.87342,17.2269],[96.87315,17.22726],[96.87342,17.22807],[96.87297,17.22834],[96.87315,17.22897],[96.87252,17.22888],[96.87252,17.22915],[96.8718,17.22933],[96.87127,17.22924],[96.87127,17.22897],[96.86956,17.2287],[96.86992,17.22915],[96.86983,17.22978],[96.87136,17.22951],[96.87136,17.23041],[96.8718,17.2305],[96.87234,17.23139],[96.87297,17.2313],[96.87315,17.23157],[96.87315,17.23202],[96.87279,17.23202],[96.87297,17.23301],[96.87225,17.23274],[96.87306,17.23598],[96.87297,17.23669],[96.87243,17.23687],[96.87261,17.23849],[96.87216,17.23858],[96.87216,17.23885],[96.87252,17.23885],[96.87261,17.23975],[96.87288,17.23975],[96.87243,17.24289],[96.87189,17.24289],[96.87225,17.24334],[96.87297,17.24307],[96.87342,17.24146],[96.87333,17.23589],[96.8736,17.23562],[96.87378,17.23283],[96.87378,17.23256],[96.87333,17.23256],[96.87378,17.23211],[96.87378,17.2305],[96.87324,17.23032],[96.87324,17.22987],[96.87243,17.22969],[96.87243,17.22942],[96.87342,17.22951],[96.87342,17.22996],[96.87378,17.22996],[96.87522,17.226],[96.87522,17.22573]]],[[[96.88681,17.24343],[96.88717,17.24289],[96.88681,17.24226],[96.88654,17.24235],[96.88654,17.24289],[96.88609,17.24307],[96.88609,17.24334],[96.88654,17.24343],[96.88681,17.24343]]],[[[96.56907,17.2437],[96.56925,17.24289],[96.56835,17.24289],[96.56835,17.2437],[96.56907,17.2437]]],[[[96.58839,17.24083],[96.58758,17.24065],[96.58731,17.24154],[96.58668,17.24154],[96.58668,17.2419],[96.58812,17.24262],[96.58812,17.24298],[96.58857,17.24316],[96.58812,17.2437],[96.58866,17.24379],[96.58946,17.2419],[96.58839,17.24119],[96.58839,17.24083]]],[[[96.63914,17.24379],[96.63896,17.2419],[96.63923,17.2419],[96.63923,17.24092],[96.63887,17.24092],[96.63887,17.24047],[96.63851,17.24047],[96.63887,17.24137],[96.63887,17.24163],[96.63851,17.24163],[96.63851,17.24217],[96.63752,17.2419],[96.63761,17.24244],[96.63851,17.24253],[96.63851,17.24379],[96.63914,17.24379]]],[[[96.59063,17.24388],[96.59099,17.24343],[96.59153,17.24352],[96.59153,17.24325],[96.58973,17.24271],[96.58973,17.24379],[96.59036,17.24388],[96.59063,17.24388]]],[[[96.79006,17.24388],[96.78997,17.24298],[96.78925,17.24271],[96.78934,17.24316],[96.7897,17.24316],[96.78934,17.24379],[96.78979,17.24388],[96.79006,17.24388]]],[[[96.81773,17.24406],[96.81818,17.24343],[96.81818,17.24181],[96.81782,17.24146],[96.8171,17.24172],[96.8171,17.24325],[96.8162,17.24289],[96.81647,17.24316],[96.81629,17.24379],[96.8171,17.24361],[96.81746,17.24406],[96.81773,17.24406]]],[[[96.77685,17.24415],[96.77703,17.24379],[96.77793,17.24379],[96.77811,17.24334],[96.77856,17.24334],[96.77847,17.24298],[96.77811,17.24298],[96.77811,17.24253],[96.77856,17.2419],[96.77892,17.2419],[96.77892,17.24146],[96.77784,17.24181],[96.7773,17.24271],[96.77613,17.24244],[96.77649,17.24307],[96.77649,17.24361],[96.77622,17.24361],[96.7764,17.24415],[96.77685,17.24415]]],[[[96.63537,17.24424],[96.63555,17.24352],[96.63519,17.24334],[96.63528,17.24235],[96.63483,17.24208],[96.63375,17.24217],[96.63375,17.24271],[96.63411,17.24271],[96.63393,17.24325],[96.63483,17.24325],[96.63474,17.24361],[96.6342,17.2437],[96.6342,17.24406],[96.63501,17.24397],[96.63501,17.24424],[96.63537,17.24424]]],[[[96.77407,17.24424],[96.77434,17.24289],[96.77542,17.2428],[96.77533,17.24226],[96.77586,17.24208],[96.77586,17.24154],[96.77533,17.24154],[96.77533,17.2419],[96.77506,17.2419],[96.77506,17.24154],[96.7747,17.24146],[96.77299,17.24146],[96.77308,17.24244],[96.77353,17.24244],[96.77326,17.24424],[96.77407,17.24424]]],[[[96.63366,17.24316],[96.63366,17.24271],[96.63267,17.2428],[96.63276,17.24343],[96.63303,17.24388],[96.63348,17.24388],[96.63348,17.24433],[96.63393,17.24433],[96.63375,17.24316],[96.63366,17.24316]]],[[[96.89004,17.24433],[96.89013,17.24406],[96.89058,17.24406],[96.89049,17.24307],[96.89193,17.24307],[96.89157,17.24172],[96.89112,17.24172],[96.8913,17.2411],[96.89085,17.2411],[96.89076,17.2402],[96.89013,17.24029],[96.89013,17.2419],[96.88986,17.2419],[96.88968,17.24298],[96.88932,17.24298],[96.88977,17.24433],[96.89004,17.24433]]],[[[96.77865,17.24361],[96.7782,17.24361],[96.7782,17.24388],[96.77928,17.24442],[96.7791,17.24361],[96.77865,17.24361]]],[[[96.78593,17.24442],[96.78593,17.24388],[96.78629,17.24388],[96.78647,17.24334],[96.78593,17.2437],[96.78566,17.2437],[96.78566,17.24334],[96.78664,17.24226],[96.78593,17.24244],[96.78566,17.24217],[96.7853,17.24262],[96.7853,17.24415],[96.78566,17.24442],[96.78593,17.24442]]],[[[96.53323,17.24451],[96.5335,17.24352],[96.53269,17.24361],[96.53287,17.24451],[96.53323,17.24451]]],[[[96.60429,17.24451],[96.6042,17.24397],[96.60303,17.24352],[96.60285,17.24433],[96.60357,17.24424],[96.60384,17.24451],[96.60429,17.24451]]],[[[96.88169,17.24074],[96.8816,17.24119],[96.88115,17.24119],[96.88124,17.24074],[96.88169,17.24074],[96.88169,17.24029],[96.88142,17.23966],[96.88079,17.23966],[96.88079,17.2393],[96.88016,17.23948],[96.88043,17.23975],[96.88034,17.24047],[96.88007,17.24056],[96.88025,17.24128],[96.87998,17.24128],[96.87998,17.24092],[96.87944,17.24092],[96.87971,17.24011],[96.8789,17.2402],[96.87944,17.24199],[96.88016,17.24289],[96.88106,17.24298],[96.88106,17.24325],[96.8807,17.24325],[96.88106,17.24424],[96.88303,17.24442],[96.88339,17.24415],[96.88339,17.24451],[96.88375,17.24451],[96.8842,17.24406],[96.88393,17.24325],[96.8842,17.24271],[96.88465,17.24271],[96.88438,17.24334],[96.88528,17.24316],[96.88528,17.24146],[96.88474,17.24146],[96.88447,17.24092],[96.88411,17.24092],[96.88438,17.24163],[96.88402,17.24163],[96.88402,17.24119],[96.88366,17.24119],[96.88366,17.24092],[96.8842,17.24056],[96.88528,17.24047],[96.88546,17.24002],[96.88492,17.2402],[96.88492,17.23975],[96.88564,17.23948],[96.88573,17.23885],[96.88429,17.23948],[96.8842,17.23858],[96.88303,17.23849],[96.88321,17.23912],[96.88294,17.23912],[96.88294,17.23876],[96.88249,17.23876],[96.88241,17.23957],[96.88205,17.23993],[96.88214,17.24074],[96.88169,17.24074]]],[[[96.54473,17.24469],[96.54518,17.24424],[96.54518,17.24154],[96.54545,17.24154],[96.54527,17.24065],[96.54482,17.24065],[96.54491,17.23975],[96.54455,17.23975],[96.54455,17.24056],[96.54365,17.24056],[96.54365,17.2402],[96.54338,17.2402],[96.54338,17.24146],[96.54293,17.24154],[96.54293,17.24226],[96.5423,17.24244],[96.54221,17.2419],[96.54167,17.2419],[96.54149,17.24289],[96.54087,17.24316],[96.54078,17.2437],[96.54078,17.24415],[96.54203,17.24451],[96.5441,17.24424],[96.54437,17.24469],[96.54473,17.24469]]],[[[96.54617,17.2411],[96.54617,17.24074],[96.54679,17.24083],[96.54679,17.2411],[96.54617,17.2411],[96.54617,17.24154],[96.54644,17.24154],[96.54617,17.24217],[96.54652,17.24298],[96.54706,17.24298],[96.54706,17.24325],[96.5467,17.24361],[96.54599,17.24217],[96.54563,17.24217],[96.54572,17.2437],[96.54608,17.2437],[96.54581,17.24397],[96.54599,17.24442],[96.54652,17.24424],[96.5476,17.24469],[96.54787,17.24451],[96.5476,17.24388],[96.54814,17.24379],[96.54841,17.24316],[96.54904,17.24298],[96.54913,17.24334],[96.54877,17.24334],[96.54859,17.24388],[96.54931,17.24379],[96.5494,17.24325],[96.54967,17.24325],[96.54967,17.2437],[96.5503,17.24388],[96.5503,17.2446],[96.55183,17.2446],[96.55191,17.24406],[96.55129,17.24388],[96.55129,17.24316],[96.55281,17.24316],[96.5529,17.24352],[96.55362,17.24316],[96.55362,17.24271],[96.55317,17.24271],[96.55317,17.24226],[96.55191,17.24244],[96.55165,17.24217],[96.55156,17.24163],[96.552,17.24163],[96.55191,17.24128],[96.55111,17.24163],[96.55048,17.24271],[96.54958,17.24271],[96.54895,17.24101],[96.54967,17.24083],[96.54994,17.24038],[96.54904,17.24047],[96.54904,17.23993],[96.54832,17.24002],[96.54778,17.23966],[96.5476,17.24074],[96.54688,17.24065],[96.54715,17.2393],[96.54644,17.23903],[96.54635,17.23858],[96.54599,17.23858],[96.54599,17.23939],[96.54572,17.23939],[96.54599,17.24047],[96.54572,17.2411],[96.54617,17.2411]]],[[[96.64327,17.24478],[96.6439,17.24442],[96.64336,17.24083],[96.64085,17.24038],[96.64103,17.24101],[96.64139,17.24101],[96.64121,17.24244],[96.64184,17.24307],[96.64157,17.24343],[96.64166,17.24442],[96.64202,17.24442],[96.64202,17.24478],[96.64291,17.24478],[96.64327,17.24478]]],[[[96.58578,17.24415],[96.58542,17.24415],[96.58542,17.24487],[96.58632,17.24496],[96.58623,17.24424],[96.58578,17.24424],[96.58578,17.24415]]],[[[96.88708,17.24388],[96.88779,17.2437],[96.88744,17.24487],[96.88878,17.24496],[96.88905,17.24379],[96.88833,17.24298],[96.88833,17.24244],[96.88887,17.24226],[96.88869,17.24163],[96.88744,17.24199],[96.88762,17.24316],[96.88708,17.24343],[96.88708,17.24388]]],[[[96.82617,17.24379],[96.82626,17.24298],[96.82536,17.24244],[96.82527,17.24316],[96.82581,17.24334],[96.82572,17.24397],[96.82653,17.24487],[96.82743,17.24505],[96.82725,17.24406],[96.82626,17.24379],[96.82617,17.24379]]],[[[96.53898,17.24514],[96.53907,17.24487],[96.53988,17.24487],[96.53988,17.24451],[96.53862,17.24451],[96.53853,17.24514],[96.53898,17.24514]]],[[[96.81674,17.24478],[96.81656,17.24424],[96.81566,17.24442],[96.81566,17.24478],[96.81629,17.24478],[96.81656,17.24514],[96.81692,17.24514],[96.81683,17.24478],[96.81674,17.24478]]],[[[96.88708,17.24388],[96.88654,17.2437],[96.88663,17.24433],[96.88618,17.24505],[96.88681,17.24523],[96.88708,17.24451],[96.88708,17.24388]]],[[[96.80129,17.24532],[96.80138,17.24469],[96.80192,17.24451],[96.80192,17.24424],[96.80093,17.24415],[96.80111,17.24478],[96.80075,17.24478],[96.80075,17.24532],[96.80129,17.24532]]],[[[96.81476,17.24532],[96.81467,17.24406],[96.8144,17.24406],[96.81422,17.2446],[96.81431,17.24532],[96.81476,17.24532]]],[[[96.78961,17.24541],[96.78997,17.24532],[96.78988,17.24469],[96.78925,17.24496],[96.78925,17.24451],[96.78889,17.24433],[96.78853,17.24433],[96.78853,17.24469],[96.78799,17.2446],[96.78817,17.24514],[96.78853,17.24487],[96.78916,17.24496],[96.78916,17.24541],[96.78961,17.24541]]],[[[96.62719,17.2455],[96.62764,17.24532],[96.62755,17.24487],[96.62665,17.24487],[96.62639,17.2455],[96.62719,17.2455]]],[[[96.60051,17.24577],[96.6006,17.24532],[96.60015,17.24478],[96.59926,17.24496],[96.59935,17.24433],[96.59881,17.24415],[96.59872,17.24514],[96.5998,17.2455],[96.5998,17.24577],[96.60051,17.24577]]],[[[96.63088,17.24577],[96.63142,17.24568],[96.63142,17.24541],[96.62998,17.24505],[96.62872,17.24505],[96.62836,17.24532],[96.62836,17.24568],[96.63061,17.24577],[96.63088,17.24577]]],[[[96.62207,17.24622],[96.62243,17.24604],[96.62216,17.24496],[96.62189,17.24496],[96.6218,17.24622],[96.62207,17.24622]]],[[[96.78431,17.2464],[96.78458,17.24577],[96.78395,17.24577],[96.78386,17.24604],[96.78305,17.24586],[96.78314,17.24631],[96.78404,17.2464],[96.78431,17.2464]]],[[[96.60294,17.24649],[96.60339,17.24604],[96.60348,17.24541],[96.60312,17.2455],[96.60294,17.24604],[96.60231,17.24604],[96.60231,17.24649],[96.60294,17.24649]]],[[[96.77685,17.24649],[96.77685,17.24622],[96.77739,17.2464],[96.77766,17.24604],[96.77766,17.24514],[96.77613,17.24496],[96.77613,17.24433],[96.77586,17.24433],[96.77569,17.24613],[96.77604,17.24613],[96.77613,17.24541],[96.77703,17.2455],[96.77649,17.24649],[96.77685,17.24649]]],[[[96.77191,17.24658],[96.77218,17.24595],[96.772,17.24523],[96.7729,17.24532],[96.7729,17.24505],[96.772,17.24496],[96.772,17.2446],[96.7711,17.24487],[96.77101,17.2446],[96.77003,17.24451],[96.77021,17.24505],[96.76976,17.24532],[96.76985,17.24613],[96.77137,17.24622],[96.77137,17.24658],[96.77191,17.24658]]],[[[96.77488,17.24658],[96.77515,17.24649],[96.77533,17.24559],[96.7756,17.24559],[96.77533,17.24523],[96.77551,17.24442],[96.77515,17.24442],[96.77506,17.24514],[96.77452,17.24541],[96.77443,17.24622],[96.77407,17.24631],[96.77407,17.24658],[96.77461,17.24658],[96.77488,17.24658]]],[[[96.85528,17.24667],[96.85555,17.24559],[96.85411,17.24577],[96.85411,17.2455],[96.85447,17.2455],[96.85447,17.24496],[96.85357,17.24568],[96.85384,17.24451],[96.85312,17.24514],[96.85285,17.24514],[96.85285,17.24469],[96.85195,17.24469],[96.85195,17.24523],[96.85231,17.24559],[96.85213,17.24622],[96.85294,17.24622],[96.85294,17.24649],[96.85438,17.24622],[96.85474,17.24667],[96.85528,17.24667]]],[[[96.80883,17.24684],[96.80901,17.24613],[96.80793,17.24622],[96.80793,17.24667],[96.80856,17.24684],[96.80883,17.24684]]],[[[96.56602,17.24693],[96.56584,17.24604],[96.56665,17.24604],[96.56692,17.24532],[96.56773,17.24514],[96.56737,17.24451],[96.56782,17.24415],[96.56799,17.24316],[96.56683,17.24262],[96.56503,17.24289],[96.56458,17.24325],[96.56422,17.24307],[96.56413,17.24235],[96.5635,17.24235],[96.5635,17.24361],[96.56269,17.24379],[96.56269,17.24415],[96.56171,17.24415],[96.56135,17.24442],[96.56135,17.24496],[96.56269,17.24478],[96.56269,17.24442],[96.56395,17.2446],[96.56467,17.24586],[96.56449,17.24649],[96.56575,17.24693],[96.56602,17.24693]]],[[[96.58659,17.24693],[96.58695,17.24667],[96.58695,17.24613],[96.58596,17.24613],[96.58623,17.24693],[96.58659,17.24693]]],[[[96.81422,17.24693],[96.81503,17.24676],[96.81494,17.24604],[96.81458,17.24604],[96.81458,17.24649],[96.81413,17.24649],[96.81404,17.24604],[96.81341,17.24604],[96.8135,17.24541],[96.8127,17.24487],[96.8127,17.2446],[96.81359,17.24451],[96.81368,17.24397],[96.81332,17.24397],[96.81332,17.24424],[96.81225,17.2446],[96.81225,17.24613],[96.8127,17.24613],[96.81252,17.24684],[96.81314,17.24684],[96.81332,17.24631],[96.81377,17.2464],[96.81359,17.24693],[96.81422,17.24693]]],[[[96.80533,17.24702],[96.8056,17.24676],[96.80614,17.24684],[96.80587,17.24532],[96.80452,17.24532],[96.80434,17.24622],[96.80407,17.24622],[96.80407,17.24577],[96.80326,17.24523],[96.80326,17.24676],[96.80506,17.24702],[96.80533,17.24702]]],[[[96.82581,17.24711],[96.82626,17.2464],[96.82581,17.2464],[96.82581,17.24595],[96.82482,17.24604],[96.82509,17.24667],[96.82545,17.24667],[96.82545,17.24711],[96.82581,17.24711]]],[[[96.61543,17.24729],[96.61543,17.24702],[96.61641,17.2472],[96.6165,17.24649],[96.61623,17.2464],[96.61623,17.24595],[96.6157,17.24595],[96.61579,17.24559],[96.61632,17.24559],[96.61722,17.24487],[96.61929,17.24496],[96.61956,17.24415],[96.62037,17.24352],[96.62037,17.24172],[96.61489,17.24199],[96.61498,17.24244],[96.61561,17.2428],[96.61561,17.24307],[96.61498,17.24289],[96.61507,17.24343],[96.61614,17.24316],[96.61605,17.24379],[96.61516,17.24379],[96.61525,17.24604],[96.6148,17.24613],[96.6148,17.2464],[96.61525,17.24658],[96.61525,17.24693],[96.61498,17.24693],[96.61498,17.24729],[96.61543,17.24729]]],[[[96.53116,17.24667],[96.53053,17.24667],[96.53062,17.24747],[96.53125,17.24747],[96.53116,17.24693],[96.53116,17.24667]]],[[[96.55209,17.24756],[96.55254,17.2472],[96.55254,17.24676],[96.55317,17.24676],[96.55362,17.24595],[96.55254,17.24658],[96.552,17.24649],[96.55209,17.24702],[96.55174,17.24756],[96.55209,17.24756]]],[[[96.87234,17.24756],[96.87243,17.24406],[96.87198,17.24361],[96.87073,17.24361],[96.87019,17.24298],[96.86929,17.24271],[96.86929,17.2419],[96.86812,17.24181],[96.86776,17.24217],[96.86668,17.24235],[96.86624,17.24307],[96.86516,17.24316],[96.86516,17.24361],[96.86471,17.24361],[96.86507,17.24298],[96.86399,17.24289],[96.86327,17.24217],[96.86264,17.24217],[96.86327,17.24397],[96.86372,17.24415],[96.86399,17.24487],[96.86471,17.24496],[96.8648,17.24523],[96.86552,17.24523],[96.86552,17.24442],[96.86606,17.24442],[96.86668,17.24343],[96.86731,17.24325],[96.86785,17.24334],[96.86794,17.24406],[96.86947,17.24361],[96.87154,17.2446],[96.87172,17.24514],[96.87118,17.24505],[96.871,17.24541],[96.87127,17.24559],[96.87109,17.24613],[96.87198,17.24667],[96.87189,17.24756],[96.87234,17.24756]]],[[[96.62351,17.24783],[96.6236,17.24729],[96.62315,17.24684],[96.62216,17.24676],[96.62216,17.2472],[96.6227,17.24729],[96.62288,17.24783],[96.62351,17.24783]]],[[[96.58452,17.24819],[96.58488,17.24801],[96.58488,17.24756],[96.58318,17.24756],[96.58327,17.24801],[96.58425,17.24792],[96.58425,17.24819],[96.58452,17.24819]]],[[[96.5512,17.24828],[96.55165,17.24819],[96.55129,17.24702],[96.55174,17.24658],[96.55093,17.24684],[96.55075,17.24828],[96.5512,17.24828]]],[[[96.79123,17.24837],[96.79194,17.2481],[96.79212,17.2472],[96.79159,17.2472],[96.79159,17.24801],[96.79123,17.24801],[96.79096,17.24756],[96.78961,17.24765],[96.78961,17.24819],[96.79033,17.24837],[96.79123,17.24837]]],[[[96.60545,17.24846],[96.60626,17.24819],[96.60644,17.24747],[96.60581,17.24747],[96.6059,17.24801],[96.60492,17.24774],[96.60483,17.24846],[96.60545,17.24846]]],[[[96.59252,17.24855],[96.59351,17.24792],[96.59324,17.24765],[96.59351,17.24693],[96.58955,17.24424],[96.58857,17.24451],[96.58857,17.24532],[96.58893,17.2455],[96.58875,17.24631],[96.58964,17.24658],[96.59054,17.24747],[96.59099,17.24747],[96.59099,17.24801],[96.59153,17.24801],[96.59198,17.24855],[96.59252,17.24855]]],[[[96.62531,17.24747],[96.62486,17.24747],[96.62513,17.24855],[96.62621,17.24891],[96.62603,17.24801],[96.62531,17.24756],[96.62531,17.24747]]],[[[96.60069,17.24963],[96.60123,17.24936],[96.60123,17.24882],[96.6006,17.249],[96.6006,17.24864],[96.60024,17.24864],[96.60024,17.24963],[96.60069,17.24963]]],[[[96.60923,17.25017],[96.60977,17.24999],[96.60977,17.24954],[96.60923,17.24954],[96.60905,17.24909],[96.60752,17.24927],[96.60734,17.24837],[96.60707,17.24837],[96.60707,17.2499],[96.60878,17.2499],[96.60887,17.25017],[96.60923,17.25017]]],[[[96.77892,17.24963],[96.77874,17.249],[96.7791,17.24837],[96.77838,17.24792],[96.77802,17.24828],[96.77811,17.249],[96.77784,17.249],[96.77748,17.2499],[96.77928,17.25026],[96.77901,17.24963],[96.77892,17.24963]]],[[[96.63303,17.25035],[96.63303,17.24936],[96.63231,17.24936],[96.63213,17.25035],[96.63303,17.25035]]],[[[96.8135,17.25098],[96.81395,17.25089],[96.81395,17.24999],[96.81288,17.25008],[96.81252,17.25098],[96.8135,17.25098]]],[[[96.55335,17.25116],[96.55335,17.2499],[96.55263,17.25062],[96.55272,17.24972],[96.55326,17.24981],[96.55371,17.24927],[96.55245,17.249],[96.55245,17.24864],[96.55138,17.24864],[96.55147,17.24981],[96.55227,17.24999],[96.55236,17.25098],[96.5529,17.25116],[96.55335,17.25116]]],[[[96.58911,17.25116],[96.58919,17.25044],[96.5883,17.25035],[96.5883,17.25062],[96.58785,17.25062],[96.58785,17.25098],[96.58884,17.2508],[96.58884,17.25116],[96.58911,17.25116]]],[[[96.63537,17.25134],[96.63528,17.25062],[96.63591,17.25098],[96.63591,17.25071],[96.63636,17.25071],[96.63663,17.25035],[96.63627,17.24918],[96.63537,17.24954],[96.6342,17.24954],[96.63429,17.25053],[96.63474,17.25053],[96.63447,17.25116],[96.63501,17.25107],[96.63501,17.25134],[96.63537,17.25134]]],[[[96.63779,17.25134],[96.63815,17.25098],[96.63806,17.25026],[96.63743,17.25035],[96.63743,17.2508],[96.63672,17.25089],[96.63681,17.25134],[96.63779,17.25134]]],[[[96.78152,17.25143],[96.78269,17.25125],[96.78269,17.25089],[96.78242,17.25089],[96.78269,17.25017],[96.78188,17.25026],[96.78161,17.25107],[96.78099,17.25107],[96.78108,17.25044],[96.78045,17.25044],[96.78027,17.25143],[96.78108,17.25143],[96.78152,17.25143]]],[[[96.61327,17.25161],[96.61372,17.25152],[96.61372,17.25116],[96.61237,17.25125],[96.61264,17.25161],[96.61327,17.25161]]],[[[96.6307,17.25188],[96.6307,17.25161],[96.63133,17.25161],[96.63124,17.25035],[96.6307,17.25035],[96.63097,17.25134],[96.63043,17.25134],[96.63043,17.25188],[96.6307,17.25188]]],[[[96.80973,17.25197],[96.81126,17.2517],[96.81117,17.25053],[96.81063,17.25044],[96.81063,17.24999],[96.80928,17.25008],[96.80928,17.25197],[96.80973,17.25197]]],[[[96.54266,17.25206],[96.54338,17.25143],[96.54338,17.25107],[96.54374,17.25107],[96.54401,17.2499],[96.54185,17.25107],[96.5414,17.25026],[96.54158,17.24927],[96.54122,17.24891],[96.54015,17.24945],[96.53934,17.249],[96.53925,17.24945],[96.54096,17.2508],[96.54096,17.25125],[96.54167,17.25143],[96.5423,17.25206],[96.54266,17.25206]]],[[[96.84378,17.25206],[96.84396,17.2517],[96.84557,17.25107],[96.84782,17.25107],[96.848,17.25071],[96.84872,17.25098],[96.84917,17.2508],[96.84935,17.25026],[96.85186,17.25044],[96.85294,17.24945],[96.85303,17.24837],[96.85231,17.24855],[96.85204,17.24972],[96.85114,17.24981],[96.85078,17.24891],[96.85051,17.24891],[96.85034,17.24999],[96.84971,17.24963],[96.84962,17.24999],[96.84863,17.25026],[96.84459,17.25098],[96.84342,17.25143],[96.84333,17.25206],[96.84378,17.25206]]],[[[96.80506,17.25161],[96.80452,17.25161],[96.80461,17.25223],[96.80578,17.25259],[96.80578,17.25206],[96.80515,17.25161],[96.80506,17.25161]]],[[[96.79769,17.25268],[96.7985,17.25259],[96.7985,17.25223],[96.79949,17.25232],[96.79931,17.25143],[96.79967,17.25008],[96.79859,17.25008],[96.79814,17.25044],[96.79823,17.25134],[96.79733,17.2517],[96.79742,17.25268],[96.79769,17.25268]]],[[[96.80246,17.25277],[96.80326,17.2525],[96.80362,17.25179],[96.80416,17.25179],[96.80416,17.25152],[96.80362,17.25143],[96.80389,17.25044],[96.80326,17.25053],[96.80308,17.2499],[96.80201,17.24999],[96.8021,17.2508],[96.80246,17.2508],[96.80246,17.25107],[96.80183,17.25125],[96.8021,17.25277],[96.80246,17.25277]]],[[[96.787,17.25286],[96.78736,17.25268],[96.78709,17.25035],[96.78673,17.25008],[96.78512,17.25008],[96.78512,17.25206],[96.78575,17.25232],[96.78602,17.25286],[96.78673,17.25286],[96.787,17.25286]]],[[[96.70032,17.2534],[96.70059,17.25268],[96.70095,17.25259],[96.70095,17.25215],[96.70005,17.25179],[96.69942,17.25215],[96.69852,17.25188],[96.69834,17.25268],[96.6987,17.25268],[96.6987,17.25241],[96.69897,17.25268],[96.69987,17.25241],[96.69978,17.25322],[96.70005,17.2534],[96.70032,17.2534]]],[[[96.54572,17.25349],[96.54581,17.25304],[96.54635,17.25295],[96.54644,17.25215],[96.54742,17.25241],[96.54841,17.25215],[96.54841,17.25017],[96.54877,17.25017],[96.54859,17.25107],[96.55012,17.25017],[96.55012,17.24972],[96.54922,17.24963],[96.54958,17.24873],[96.54832,17.24882],[96.54832,17.24846],[96.54985,17.2481],[96.55003,17.24747],[96.55066,17.24765],[96.55057,17.24693],[96.54922,17.24738],[96.54922,17.24783],[96.54895,17.24783],[96.54913,17.24729],[96.5485,17.24729],[96.54841,17.24792],[96.54805,17.24792],[96.54805,17.24702],[96.54751,17.24729],[96.54626,17.24702],[96.54599,17.24541],[96.54473,17.24568],[96.54482,17.24631],[96.54419,17.24631],[96.54401,17.24801],[96.54482,17.24918],[96.54482,17.24981],[96.54437,17.25026],[96.54437,17.25071],[96.54473,17.25071],[96.54473,17.25098],[96.54347,17.25223],[96.54311,17.25223],[96.54311,17.25259],[96.54383,17.25241],[96.54392,17.25313],[96.54545,17.25349],[96.54572,17.25349]]],[[[96.70211,17.2543],[96.70292,17.25421],[96.70256,17.25331],[96.7022,17.25367],[96.70148,17.25367],[96.70139,17.25412],[96.70184,17.2543],[96.70211,17.2543]]],[[[96.86094,17.25286],[96.86094,17.25322],[96.86058,17.25322],[96.86058,17.25286],[96.86094,17.25286],[96.86067,17.25232],[96.85986,17.25259],[96.86004,17.25313],[96.86049,17.25322],[96.8604,17.25385],[96.86103,17.25385],[96.86103,17.2543],[96.86228,17.25412],[96.86228,17.25385],[96.86138,17.25376],[96.8612,17.25286],[96.86094,17.25286]]],[[[96.78718,17.25448],[96.78727,17.25412],[96.78772,17.25412],[96.78736,17.25349],[96.78593,17.25322],[96.7853,17.2534],[96.7853,17.25439],[96.78557,17.25439],[96.78566,17.25376],[96.78664,17.25376],[96.78691,17.25448],[96.78718,17.25448]]],[[[96.87127,17.25439],[96.87172,17.25134],[96.87198,17.25134],[96.8718,17.25017],[96.87207,17.24765],[96.87163,17.24765],[96.87163,17.24846],[96.87136,17.24855],[96.87145,17.25116],[96.87109,17.25116],[96.87136,17.25215],[96.87091,17.25412],[96.87127,17.25448],[96.87127,17.25439]]],[[[96.79069,17.25466],[96.79069,17.25421],[96.79105,17.25421],[96.79096,17.25313],[96.7906,17.25322],[96.79051,17.25403],[96.79006,17.25412],[96.79042,17.25466],[96.79069,17.25466]]],[[[96.57473,17.25484],[96.57482,17.25448],[96.57572,17.2543],[96.57599,17.25349],[96.5768,17.25322],[96.57662,17.25232],[96.57716,17.25259],[96.57707,17.25313],[96.57743,17.25322],[96.57824,17.25277],[96.57842,17.25232],[96.57815,17.25044],[96.57851,17.25008],[96.57868,17.24909],[96.57842,17.24909],[96.57824,17.24819],[96.57824,17.24667],[96.57806,17.24622],[96.5777,17.24622],[96.5777,17.24496],[96.57806,17.24496],[96.57824,17.24442],[96.57725,17.24442],[96.57734,17.24352],[96.57671,17.24343],[96.5768,17.24307],[96.57761,17.24325],[96.57824,17.24298],[96.57824,17.24235],[96.57752,17.24271],[96.57725,17.24172],[96.57491,17.24083],[96.57455,17.23948],[96.57303,17.23957],[96.57329,17.23903],[96.57464,17.23921],[96.57644,17.23732],[96.57536,17.23696],[96.57392,17.23759],[96.57392,17.23732],[96.57204,17.23705],[96.57204,17.2375],[96.57312,17.23768],[96.57267,17.23957],[96.57294,17.23957],[96.57303,17.24047],[96.57356,17.24056],[96.57329,17.2419],[96.57446,17.2419],[96.57518,17.24208],[96.57518,17.24235],[96.57491,17.24289],[96.57455,17.24289],[96.57446,17.24235],[96.57374,17.24235],[96.57356,17.24334],[96.57329,17.24334],[96.57329,17.24289],[96.57258,17.24226],[96.57105,17.24226],[96.5715,17.24101],[96.57177,17.24101],[96.57186,17.23984],[96.57213,17.23975],[96.57186,17.23921],[96.57123,17.23921],[96.57141,17.24056],[96.57114,17.24056],[96.57114,17.23993],[96.5706,17.23993],[96.57051,17.24047],[96.57105,17.24101],[96.57024,17.24092],[96.57024,17.24137],[96.57078,17.2419],[96.56997,17.24226],[96.57024,17.24316],[96.56961,17.24316],[96.56934,17.24496],[96.57051,17.24532],[96.57141,17.24514],[96.57195,17.24433],[96.57195,17.24262],[96.57222,17.24262],[96.57222,17.24388],[96.57258,17.24415],[96.57347,17.24379],[96.57356,17.24343],[96.57419,17.24352],[96.57419,17.24298],[96.57581,17.24352],[96.57599,17.24262],[96.57572,17.24235],[96.57707,17.24235],[96.57707,17.24271],[96.57653,17.2428],[96.57572,17.24433],[96.57491,17.24442],[96.57455,17.24496],[96.57419,17.24496],[96.5741,17.24577],[96.57312,17.24532],[96.57285,17.24676],[96.57258,17.24676],[96.57249,17.24595],[96.5715,17.24613],[96.57213,17.24909],[96.57168,17.24918],[96.57168,17.24747],[96.57132,17.24729],[96.57132,17.24658],[96.57105,17.24658],[96.57015,17.24702],[96.57024,17.24783],[96.57087,17.24792],[96.57087,17.24828],[96.57015,17.24828],[96.57015,17.24864],[96.56979,17.24864],[96.56934,17.24738],[96.56907,17.24738],[96.56898,17.24882],[96.56808,17.24891],[96.56844,17.24945],[96.56746,17.24945],[96.56746,17.24972],[96.56647,17.2499],[96.56647,17.25017],[96.56853,17.25188],[96.5688,17.25188],[96.56889,17.25071],[96.56997,17.25089],[96.57042,17.25143],[96.57033,17.2525],[96.57195,17.25259],[96.57276,17.25206],[96.57312,17.25376],[96.5741,17.25412],[96.57428,17.25484],[96.57473,17.25484]],[[96.57644,17.25098],[96.57635,17.25017],[96.57671,17.25017],[96.57671,17.2499],[96.57716,17.25035],[96.5777,17.25026],[96.57752,17.25143],[96.57653,17.25098],[96.57644,17.25098]],[[96.57033,17.24891],[96.57069,17.25098],[96.57033,17.2508],[96.57006,17.24891],[96.57033,17.24891]]],[[[96.59917,17.25484],[96.59988,17.2534],[96.59917,17.25394],[96.59881,17.25484],[96.59917,17.25484]]],[[[96.68945,17.25457],[96.68954,17.25421],[96.68999,17.25421],[96.68999,17.25367],[96.68918,17.25394],[96.68927,17.25484],[96.68954,17.25457],[96.68945,17.25457]]],[[[96.69861,17.25484],[96.69915,17.25349],[96.69834,17.2534],[96.69834,17.25484],[96.69861,17.25484]]],[[[96.72233,17.25484],[96.72286,17.25457],[96.72295,17.25385],[96.72152,17.25394],[96.72152,17.2543],[96.72197,17.25439],[96.72197,17.25484],[96.72233,17.25484]]],[[[96.59629,17.25529],[96.59656,17.25493],[96.59629,17.25412],[96.59557,17.2543],[96.59557,17.25457],[96.59611,17.25448],[96.59611,17.25475],[96.59566,17.25475],[96.59557,17.25529],[96.59629,17.25529]]],[[[96.69259,17.25448],[96.69286,17.25421],[96.69232,17.25547],[96.69286,17.2552],[96.69286,17.25475],[96.69349,17.25466],[96.69349,17.25421],[96.69385,17.2543],[96.69367,17.25511],[96.69421,17.2552],[96.69448,17.25403],[96.69223,17.25349],[96.69187,17.25376],[96.69196,17.25448],[96.69259,17.25448]]],[[[96.71873,17.25556],[96.71891,17.25475],[96.71855,17.25421],[96.71756,17.25403],[96.71756,17.25448],[96.71846,17.25457],[96.71828,17.25556],[96.71873,17.25556]]],[[[96.77874,17.25565],[96.77901,17.25475],[96.7782,17.25475],[96.77847,17.25565],[96.77874,17.25565]]],[[[96.79949,17.25565],[96.79958,17.25484],[96.79868,17.25484],[96.79922,17.25565],[96.79949,17.25565]]],[[[96.69582,17.25583],[96.69708,17.25565],[96.69708,17.25538],[96.696,17.25529],[96.69591,17.25502],[96.69529,17.25493],[96.6952,17.25457],[96.69457,17.25475],[96.69457,17.2552],[96.69529,17.2552],[96.69556,17.25583],[96.69582,17.25583]]],[[[96.71424,17.25583],[96.71424,17.25556],[96.71514,17.25556],[96.71478,17.25475],[96.71379,17.25475],[96.7137,17.25511],[96.71325,17.25475],[96.71271,17.25493],[96.71253,17.25556],[96.7137,17.25583],[96.71424,17.25583]]],[[[96.58946,17.2561],[96.59009,17.25556],[96.58964,17.25448],[96.58919,17.25457],[96.58866,17.2561],[96.58946,17.2561]]],[[[96.7234,17.25619],[96.72268,17.25502],[96.72224,17.25502],[96.72268,17.25583],[96.7217,17.25583],[96.7217,17.25556],[96.72125,17.25574],[96.72161,17.25619],[96.72286,17.2561],[96.72295,17.25646],[96.72358,17.25646],[96.72358,17.25619],[96.7234,17.25619]]],[[[96.79599,17.25664],[96.79644,17.25646],[96.79635,17.25601],[96.79554,17.25592],[96.79545,17.25664],[96.79599,17.25664]]],[[[96.69969,17.25673],[96.69978,17.2561],[96.6987,17.25565],[96.6987,17.25619],[96.69942,17.25673],[96.69969,17.25673]]],[[[96.70211,17.25718],[96.70211,17.25682],[96.70274,17.25691],[96.70274,17.25655],[96.7022,17.25637],[96.70202,17.25673],[96.70148,17.25682],[96.70086,17.25646],[96.70121,17.25709],[96.70184,17.25718],[96.70211,17.25718]]],[[[96.5962,17.25745],[96.5962,17.25673],[96.59557,17.25691],[96.59557,17.25664],[96.59611,17.25646],[96.59602,17.25574],[96.59557,17.25565],[96.59512,17.25619],[96.59512,17.25709],[96.59593,17.25745],[96.5962,17.25745]]],[[[96.7119,17.25753],[96.71217,17.25682],[96.71155,17.25646],[96.71164,17.25753],[96.7119,17.25753]]],[[[96.54581,17.25762],[96.5459,17.25673],[96.54518,17.25646],[96.54536,17.25762],[96.54581,17.25762]]],[[[96.6324,17.25762],[96.63402,17.25691],[96.63393,17.25655],[96.63321,17.25628],[96.6333,17.25565],[96.63222,17.25565],[96.63222,17.25646],[96.6316,17.25664],[96.63204,17.25762],[96.6324,17.25762]]],[[[96.70903,17.25673],[96.70921,17.25601],[96.70804,17.2561],[96.70777,17.25547],[96.70921,17.25547],[96.70921,17.25511],[96.7084,17.25484],[96.7084,17.25511],[96.70723,17.2552],[96.70723,17.25583],[96.70777,17.25601],[96.70777,17.25628],[96.70696,17.25628],[96.70714,17.25736],[96.70912,17.25762],[96.70912,17.25673],[96.70903,17.25673]]],[[[96.86749,17.25762],[96.86749,17.25673],[96.86695,17.25646],[96.86606,17.25655],[96.86606,17.2561],[96.86534,17.2561],[96.86534,17.25565],[96.86453,17.25583],[96.86408,17.25511],[96.86363,17.25511],[96.86381,17.25448],[96.863,17.25448],[96.863,17.25421],[96.86255,17.25421],[96.86255,17.25448],[96.86174,17.25439],[96.86201,17.25502],[96.86228,17.25475],[96.86273,17.25493],[96.86255,17.25547],[96.86327,17.25556],[96.86363,17.25646],[96.86399,17.2561],[96.86462,17.2561],[96.86489,17.25646],[96.86597,17.25664],[96.86597,17.25691],[96.86677,17.25691],[96.86713,17.25762],[96.86749,17.25762]]],[[[96.61525,17.2578],[96.61552,17.25736],[96.61489,17.25709],[96.61444,17.25718],[96.61444,17.2578],[96.61525,17.2578]]],[[[96.70651,17.2578],[96.70678,17.25682],[96.70616,17.257],[96.70616,17.25673],[96.7066,17.25673],[96.70643,17.25619],[96.70616,17.25619],[96.70616,17.25655],[96.70562,17.25637],[96.70571,17.257],[96.70544,17.25718],[96.70517,17.25718],[96.70526,17.25655],[96.70463,17.25664],[96.70508,17.25745],[96.7058,17.25727],[96.70607,17.2578],[96.70651,17.2578]]],[[[96.55425,17.24774],[96.55461,17.24774],[96.55461,17.24801],[96.55335,17.24765],[96.55326,17.24864],[96.5538,17.24864],[96.55407,17.24936],[96.55362,17.25026],[96.55389,17.25035],[96.55425,17.25179],[96.55416,17.25223],[96.55335,17.25241],[96.55335,17.25304],[96.55156,17.25223],[96.55174,17.25179],[96.55245,17.25143],[96.55245,17.25116],[96.55183,17.25116],[96.55183,17.25026],[96.55129,17.25044],[96.55129,17.25098],[96.55057,17.25107],[96.55111,17.2525],[96.55147,17.2525],[96.55147,17.25367],[96.55111,17.25367],[96.55093,17.25439],[96.55156,17.25421],[96.55165,17.25484],[96.5512,17.25484],[96.5512,17.25511],[96.55191,17.2552],[96.55191,17.25376],[96.55299,17.25394],[96.55317,17.25439],[96.55407,17.25412],[96.55434,17.25511],[96.55389,17.25511],[96.55362,17.25547],[96.55308,17.25529],[96.55299,17.25574],[96.55218,17.25583],[96.55245,17.257],[96.55344,17.25691],[96.55353,17.25646],[96.55434,17.25619],[96.55416,17.25565],[96.55614,17.25538],[96.55605,17.25466],[96.55452,17.25475],[96.5547,17.25304],[96.55542,17.25277],[96.55614,17.25304],[96.55623,17.25215],[96.55659,17.25241],[96.55721,17.25232],[96.55784,17.25268],[96.55775,17.25484],[96.55991,17.25484],[96.56009,17.2561],[96.55892,17.2561],[96.55883,17.25691],[96.55838,17.25709],[96.55838,17.25753],[96.55802,17.25753],[96.55802,17.25789],[96.55901,17.25789],[96.55919,17.25655],[96.56036,17.25664],[96.56045,17.25574],[96.56108,17.2561],[96.56126,17.25556],[96.56189,17.25556],[96.56198,17.25484],[96.56144,17.2552],[96.56162,17.25457],[96.56117,17.25457],[96.56108,17.25412],[96.56054,17.25412],[96.56054,17.25385],[96.56269,17.25304],[96.56269,17.2525],[96.56368,17.25116],[96.56395,17.2499],[96.56332,17.25035],[96.56332,17.25125],[96.56269,17.25125],[96.56269,17.2508],[96.5618,17.25089],[96.56153,17.25044],[96.56108,17.25053],[96.5609,17.25125],[96.55946,17.2508],[96.55919,17.25107],[96.55946,17.25241],[96.55856,17.2525],[96.55802,17.25152],[96.55766,17.25152],[96.55766,17.25116],[96.55829,17.25125],[96.55838,17.25152],[96.55892,17.25134],[96.55883,17.2508],[96.55838,17.25071],[96.55838,17.25026],[96.55811,17.25026],[96.55793,17.25089],[96.55704,17.25098],[96.55704,17.25071],[96.55766,17.25062],[96.55766,17.24801],[96.55704,17.24595],[96.55883,17.24595],[96.55901,17.24693],[96.56207,17.24702],[96.56234,17.24702],[96.56269,17.24631],[96.56314,17.24631],[96.56314,17.24595],[96.56269,17.24577],[96.56269,17.24514],[96.56108,17.24532],[96.56117,17.24388],[96.56144,17.24388],[96.56144,17.24334],[96.56108,17.24334],[96.56108,17.24307],[96.56,17.24334],[96.56018,17.24487],[96.55919,17.24433],[96.55865,17.2446],[96.5582,17.24424],[96.55695,17.24442],[96.55695,17.24415],[96.5573,17.24415],[96.5573,17.24334],[96.55704,17.24334],[96.55695,17.2437],[96.55641,17.2437],[96.5565,17.24469],[96.55569,17.24469],[96.55569,17.24532],[96.55542,17.24532],[96.55542,17.24487],[96.55434,17.24487],[96.55407,17.24442],[96.55362,17.24442],[96.55335,17.2455],[96.55398,17.24559],[96.5538,17.24729],[96.55425,17.24747],[96.55425,17.24774]]],[[[96.57904,17.25798],[96.57958,17.25789],[96.57976,17.25718],[96.57877,17.25736],[96.57868,17.25798],[96.57904,17.25798]]],[[[96.77712,17.25798],[96.77748,17.25762],[96.77694,17.25745],[96.77685,17.25691],[96.77649,17.25691],[96.77667,17.25745],[96.77631,17.25745],[96.77631,17.25771],[96.77685,17.25771],[96.77685,17.25798],[96.77712,17.25798]]],[[[96.68001,17.2578],[96.68001,17.25753],[96.68082,17.25745],[96.68046,17.25655],[96.68019,17.25655],[96.68001,17.25745],[96.67975,17.25745],[96.67983,17.25807],[96.6801,17.2578],[96.68001,17.2578]]],[[[96.70184,17.25807],[96.70256,17.25798],[96.70274,17.25762],[96.70121,17.25762],[96.70139,17.25807],[96.70184,17.25807]]],[[[96.86983,17.25834],[96.87064,17.2578],[96.87109,17.2561],[96.87073,17.25646],[96.86947,17.25646],[96.86965,17.25718],[96.86911,17.25718],[96.86911,17.25664],[96.86839,17.25664],[96.86839,17.25691],[96.86875,17.25691],[96.86893,17.25789],[96.86965,17.25834],[96.86983,17.25834]]],[[[96.55443,17.25771],[96.55443,17.25727],[96.55398,17.25727],[96.55344,17.25753],[96.55344,17.25816],[96.55497,17.25852],[96.55452,17.25771],[96.55443,17.25771]]],[[[96.78027,17.25852],[96.78036,17.25745],[96.77946,17.25745],[96.77946,17.25771],[96.78,17.2578],[96.78,17.25852],[96.78027,17.25852]]],[[[96.78278,17.25861],[96.78323,17.25852],[96.78314,17.25762],[96.78368,17.25762],[96.78377,17.25718],[96.78476,17.25727],[96.78476,17.257],[96.78431,17.257],[96.78431,17.25619],[96.78224,17.25619],[96.78224,17.25583],[96.78197,17.25583],[96.78233,17.257],[96.78269,17.25709],[96.7826,17.25762],[96.78215,17.2578],[96.78224,17.25861],[96.78278,17.25861]]],[[[96.72098,17.2587],[96.72134,17.25798],[96.72125,17.25709],[96.72098,17.25709],[96.72098,17.25762],[96.72071,17.25771],[96.72071,17.2587],[96.72098,17.2587]]],[[[96.58731,17.25906],[96.58731,17.25879],[96.58812,17.25897],[96.58812,17.25816],[96.58704,17.25852],[96.58704,17.25906],[96.58731,17.25906]]],[[[96.62836,17.25915],[96.62845,17.25843],[96.62737,17.25879],[96.62737,17.25915],[96.62836,17.25915]]],[[[96.62576,17.25951],[96.62576,17.25915],[96.62639,17.25897],[96.62621,17.25753],[96.62648,17.25753],[96.62639,17.25807],[96.6271,17.25771],[96.62728,17.25843],[96.62782,17.25843],[96.62818,17.25798],[96.62872,17.25807],[96.62836,17.25664],[96.628,17.25664],[96.62872,17.25502],[96.62791,17.25466],[96.62737,17.2552],[96.62728,17.25637],[96.62755,17.25673],[96.6271,17.25727],[96.62612,17.257],[96.62531,17.25628],[96.62531,17.25592],[96.62576,17.25601],[96.62576,17.25628],[96.62665,17.2561],[96.62656,17.25574],[96.62603,17.25574],[96.6263,17.25493],[96.62477,17.25502],[96.62477,17.25475],[96.62558,17.25475],[96.62558,17.25421],[96.6245,17.25457],[96.62441,17.25403],[96.62315,17.25376],[96.62288,17.25223],[96.62207,17.25197],[96.62207,17.25241],[96.62162,17.25241],[96.62162,17.25179],[96.62073,17.25161],[96.621,17.25125],[96.62216,17.25143],[96.62198,17.25017],[96.62162,17.25008],[96.62144,17.25062],[96.62117,17.25062],[96.62082,17.25017],[96.62091,17.24954],[96.61992,17.24972],[96.61992,17.24999],[96.61947,17.24999],[96.61938,17.25053],[96.62019,17.2508],[96.62028,17.25152],[96.62064,17.25161],[96.62082,17.25215],[96.62073,17.25277],[96.61974,17.25295],[96.61866,17.25259],[96.61875,17.25313],[96.61695,17.25376],[96.61677,17.25448],[96.61722,17.25448],[96.61713,17.2552],[96.61632,17.2552],[96.61596,17.25574],[96.61596,17.25655],[96.61561,17.25655],[96.61561,17.25682],[96.61632,17.25655],[96.61614,17.25718],[96.61686,17.25762],[96.6183,17.25736],[96.61848,17.25798],[96.61821,17.25897],[96.61848,17.25897],[96.62091,17.25861],[96.62117,17.25843],[96.62091,17.25745],[96.62126,17.25745],[96.62144,17.25825],[96.62207,17.25807],[96.62234,17.25753],[96.62333,17.25753],[96.62288,17.25709],[96.62288,17.25673],[96.62315,17.25673],[96.62369,17.25691],[96.62351,17.25745],[96.62423,17.25745],[96.62405,17.25825],[96.6245,17.25843],[96.62468,17.25933],[96.62531,17.25924],[96.62549,17.25951],[96.62576,17.25951]],[[96.62252,17.25664],[96.62243,17.25727],[96.62216,17.25727],[96.62153,17.25619],[96.62198,17.25619],[96.62225,17.25664],[96.62252,17.25664]],[[96.62414,17.2561],[96.62351,17.25601],[96.62351,17.25574],[96.62423,17.25565],[96.62423,17.2552],[96.6245,17.2552],[96.6245,17.25583],[96.62504,17.25583],[96.62504,17.2561],[96.62414,17.2561]],[[96.61983,17.25709],[96.62001,17.25753],[96.62055,17.25736],[96.62064,17.25807],[96.62019,17.25771],[96.61947,17.25789],[96.61956,17.25709],[96.61983,17.25709]],[[96.61956,17.25448],[96.61965,17.2534],[96.6201,17.2534],[96.62055,17.25412],[96.62001,17.25448],[96.61956,17.25448]]],[[[96.6236,17.25924],[96.62333,17.25843],[96.62369,17.25843],[96.62369,17.2578],[96.62315,17.2578],[96.62315,17.25825],[96.62171,17.25834],[96.62198,17.25933],[96.62297,17.25906],[96.62315,17.2596],[96.62369,17.2596],[96.62369,17.25924],[96.6236,17.25924]]],[[[96.70616,17.25978],[96.70651,17.25951],[96.70651,17.25807],[96.70499,17.25798],[96.70499,17.25879],[96.70535,17.25879],[96.70535,17.25906],[96.70463,17.25906],[96.70481,17.25789],[96.704,17.25789],[96.70427,17.25942],[96.70526,17.25942],[96.70544,17.25978],[96.70616,17.25978]]],[[[96.6165,17.25987],[96.61659,17.25906],[96.61596,17.25906],[96.61587,17.25978],[96.61614,17.25987],[96.6165,17.25987]]],[[[96.60995,17.25996],[96.60995,17.25942],[96.61049,17.25933],[96.61057,17.25897],[96.60968,17.25852],[96.60914,17.25861],[96.60905,17.25996],[96.60995,17.25996]]],[[[96.87306,17.25996],[96.8736,17.25843],[96.87342,17.25592],[96.87288,17.2561],[96.87252,17.25771],[96.87225,17.2578],[96.87243,17.25834],[96.87207,17.25879],[96.87234,17.25933],[96.87279,17.25933],[96.87279,17.25996],[96.87306,17.25996]]],[[[96.71586,17.26005],[96.71712,17.25996],[96.71712,17.25951],[96.71613,17.25924],[96.71613,17.2596],[96.7155,17.25951],[96.7155,17.26005],[96.71586,17.26005]]],[[[96.55218,17.26014],[96.55272,17.25996],[96.55272,17.25969],[96.55111,17.25951],[96.55165,17.26014],[96.55218,17.26014]]],[[[96.72008,17.26014],[96.72062,17.26005],[96.72053,17.25906],[96.71999,17.25915],[96.71999,17.25852],[96.71972,17.25852],[96.71981,17.26014],[96.72008,17.26014]]],[[[96.55964,17.26023],[96.55964,17.25978],[96.56009,17.25978],[96.56009,17.25906],[96.55973,17.25897],[96.55946,17.25897],[96.55955,17.25951],[96.55919,17.25978],[96.55937,17.26023],[96.55964,17.26023]]],[[[96.78772,17.26032],[96.78799,17.25978],[96.78772,17.25897],[96.78709,17.25915],[96.78727,17.26032],[96.78772,17.26032]]],[[[96.70148,17.26041],[96.70157,17.25978],[96.6996,17.25888],[96.69942,17.25951],[96.7005,17.2596],[96.7005,17.25987],[96.69978,17.25987],[96.69987,17.26023],[96.70104,17.25996],[96.70121,17.26041],[96.70148,17.26041]]],[[[96.5688,17.2605],[96.56907,17.26041],[96.5688,17.25727],[96.56916,17.25727],[96.56916,17.257],[96.56853,17.25682],[96.56835,17.25592],[96.5635,17.25493],[96.5635,17.25565],[96.56404,17.25565],[96.56413,17.25619],[96.56503,17.25628],[96.56503,17.25655],[96.56584,17.25673],[96.56584,17.257],[96.56557,17.257],[96.56557,17.25753],[96.56494,17.25745],[96.56476,17.25816],[96.56395,17.25807],[96.56422,17.25709],[96.56368,17.257],[96.56368,17.25664],[96.56422,17.25673],[96.56422,17.25646],[96.56287,17.25628],[96.56278,17.25691],[96.56332,17.25682],[96.56332,17.25718],[96.56287,17.25718],[96.56287,17.25762],[96.56332,17.25762],[96.56395,17.25852],[96.56503,17.25843],[96.56503,17.2587],[96.56539,17.2587],[96.56548,17.25942],[96.56611,17.25951],[96.56611,17.25915],[96.56638,17.25915],[96.56638,17.2596],[96.56683,17.2596],[96.56683,17.25906],[96.56602,17.25771],[96.56674,17.25762],[96.5662,17.25673],[96.56701,17.25691],[96.56719,17.25996],[96.56844,17.2605],[96.5688,17.2605]]],[[[96.60833,17.2596],[96.6077,17.2596],[96.6077,17.26059],[96.60869,17.26059],[96.6086,17.26005],[96.60833,17.26005],[96.60833,17.2596]]],[[[96.71424,17.26059],[96.71487,17.26032],[96.71487,17.25987],[96.71424,17.25978],[96.71397,17.26059],[96.71424,17.26059]]],[[[96.70804,17.2605],[96.70795,17.25996],[96.70669,17.26023],[96.70687,17.26077],[96.70732,17.2605],[96.70822,17.26077],[96.70822,17.2605],[96.70804,17.2605]]],[[[96.61938,17.26086],[96.61992,17.26077],[96.62001,17.26041],[96.61866,17.26014],[96.61911,17.26086],[96.61938,17.26086]]],[[[96.71217,17.26131],[96.71217,17.26104],[96.71325,17.26086],[96.71307,17.26032],[96.71164,17.26068],[96.71182,17.26131],[96.71217,17.26131]]],[[[96.60617,17.2614],[96.60671,17.26059],[96.60554,17.26059],[96.60572,17.2614],[96.60617,17.2614]]],[[[96.71936,17.26149],[96.71972,17.26077],[96.71954,17.25978],[96.71882,17.26005],[96.71873,17.25969],[96.7181,17.25969],[96.71819,17.26041],[96.71738,17.26059],[96.71738,17.26122],[96.71873,17.26149],[96.71936,17.26149]]],[[[96.6157,17.26185],[96.61614,17.26176],[96.61614,17.2614],[96.6157,17.26122],[96.61561,17.26059],[96.61462,17.26086],[96.61462,17.26113],[96.61516,17.26113],[96.61543,17.26185],[96.6157,17.26185]]],[[[96.59872,17.26194],[96.59881,17.26077],[96.59782,17.2605],[96.59782,17.26014],[96.59692,17.26023],[96.59728,17.26077],[96.59665,17.26059],[96.5962,17.26104],[96.59638,17.26158],[96.59737,17.2614],[96.59737,17.26167],[96.59809,17.26167],[96.59818,17.26194],[96.59872,17.26194]]],[[[96.58973,17.26113],[96.58964,17.25897],[96.58884,17.2587],[96.58749,17.26122],[96.58875,17.2614],[96.58991,17.26203],[96.58982,17.26113],[96.58973,17.26113]]],[[[96.60986,17.26248],[96.60986,17.26113],[96.60932,17.26104],[96.60914,17.2614],[96.60959,17.26248],[96.60986,17.26248]]],[[[96.70355,17.26266],[96.70418,17.26176],[96.70508,17.26167],[96.70508,17.2614],[96.70651,17.26158],[96.70651,17.26059],[96.70616,17.2605],[96.70607,17.26095],[96.7058,17.26095],[96.70571,17.26014],[96.70526,17.26014],[96.70517,17.26077],[96.70463,17.26032],[96.70382,17.26194],[96.70355,17.26194],[96.70364,17.26131],[96.70283,17.26122],[96.70283,17.26167],[96.70319,17.26167],[96.70319,17.26266],[96.70355,17.26266]]],[[[96.56925,17.26292],[96.56988,17.26283],[96.57024,17.26239],[96.5697,17.26149],[96.56907,17.26149],[96.56916,17.26203],[96.56826,17.26185],[96.56835,17.26283],[96.56889,17.26292],[96.56925,17.26292]]],[[[96.70517,17.26292],[96.70499,17.26221],[96.70418,17.26239],[96.70418,17.26283],[96.7049,17.26292],[96.70517,17.26292]]],[[[96.61713,17.26328],[96.61821,17.2623],[96.61884,17.26275],[96.61884,17.26194],[96.61668,17.26176],[96.61686,17.26328],[96.61713,17.26328]]],[[[96.8816,17.26355],[96.88142,17.26283],[96.88196,17.26283],[96.88196,17.26239],[96.88241,17.26239],[96.88241,17.26194],[96.88276,17.26194],[96.88276,17.26167],[96.88151,17.26158],[96.88169,17.2623],[96.88106,17.26221],[96.88106,17.26364],[96.88178,17.26391],[96.88169,17.26355],[96.8816,17.26355]]],[[[96.70804,17.26373],[96.70804,17.26301],[96.70849,17.26275],[96.70849,17.2623],[96.7093,17.26239],[96.70966,17.26194],[96.71101,17.26203],[96.7111,17.2614],[96.71146,17.2614],[96.71146,17.26104],[96.71083,17.26059],[96.71083,17.25933],[96.70885,17.25969],[96.70903,17.26122],[96.70948,17.26122],[96.70993,17.26077],[96.71056,17.26077],[96.71065,17.26122],[96.70903,17.26167],[96.70687,17.26158],[96.70687,17.26203],[96.70625,17.26185],[96.70643,17.26239],[96.70786,17.2623],[96.70786,17.26257],[96.70732,17.26257],[96.70714,17.26373],[96.70777,17.26373],[96.70786,17.264],[96.70813,17.26373],[96.70804,17.26373]]],[[[96.71577,17.26409],[96.71631,17.264],[96.71631,17.26337],[96.71514,17.26346],[96.71541,17.26409],[96.71577,17.26409]]],[[[96.56647,17.264],[96.56647,17.26355],[96.56719,17.26346],[96.56719,17.2631],[96.56638,17.26301],[96.56638,17.26185],[96.56602,17.26167],[96.56629,17.26113],[96.56593,17.26113],[96.56584,17.26059],[96.56521,17.26059],[96.56521,17.26095],[96.56566,17.26095],[96.56584,17.2614],[96.56449,17.26176],[96.56449,17.26212],[96.56476,17.26212],[96.56539,17.26328],[96.56593,17.26337],[96.56593,17.26427],[96.56674,17.26427],[96.56674,17.264],[96.56647,17.264]]],[[[96.71307,17.26436],[96.71343,17.26409],[96.71433,17.26418],[96.71433,17.26382],[96.7146,17.26382],[96.7146,17.26355],[96.71397,17.26373],[96.71433,17.26266],[96.71379,17.26266],[96.71379,17.26328],[96.71316,17.26337],[96.71325,17.26283],[96.7128,17.26248],[96.71271,17.26436],[96.71307,17.26436]]],[[[96.91843,17.26319],[96.91798,17.26328],[96.91816,17.26436],[96.91852,17.26427],[96.91843,17.26337],[96.91843,17.26319]]],[[[96.69403,17.26454],[96.69439,17.26373],[96.6934,17.26364],[96.69331,17.26409],[96.69367,17.26409],[96.69376,17.26454],[96.69403,17.26454]]],[[[96.71101,17.26436],[96.71101,17.26346],[96.71056,17.26346],[96.71074,17.26409],[96.71002,17.26436],[96.71002,17.26463],[96.71119,17.26463],[96.71119,17.26436],[96.71101,17.26436]]],[[[96.69133,17.26481],[96.69151,17.26409],[96.69079,17.26418],[96.69061,17.26472],[96.69097,17.26481],[96.69133,17.26481]]],[[[96.57455,17.26526],[96.575,17.26508],[96.57608,17.26248],[96.57617,17.26113],[96.57581,17.26113],[96.57581,17.26077],[96.57707,17.26077],[96.5768,17.25996],[96.57707,17.25996],[96.57716,17.2605],[96.57752,17.2605],[96.57752,17.25933],[96.57707,17.25933],[96.57698,17.25897],[96.57779,17.25897],[96.57779,17.25834],[96.57464,17.25834],[96.57482,17.25745],[96.57509,17.25745],[96.57527,17.25807],[96.57572,17.25807],[96.5759,17.257],[96.57635,17.25691],[96.57635,17.25655],[96.5759,17.25655],[96.5759,17.25628],[96.57635,17.25628],[96.57662,17.25592],[96.5777,17.25592],[96.5777,17.25628],[96.57851,17.25646],[96.57859,17.25511],[96.57895,17.25511],[96.57904,17.25628],[96.5794,17.25646],[96.57976,17.25646],[96.57976,17.25619],[96.58156,17.25619],[96.58156,17.25655],[96.58012,17.25664],[96.58012,17.25753],[96.58066,17.25789],[96.5803,17.25897],[96.58057,17.2587],[96.58129,17.25897],[96.58264,17.25888],[96.583,17.25852],[96.583,17.2578],[96.58246,17.2578],[96.58246,17.25736],[96.5821,17.25736],[96.58237,17.25673],[96.58201,17.25673],[96.58201,17.25646],[96.58264,17.25601],[96.58264,17.25637],[96.58318,17.25646],[96.58318,17.25727],[96.58398,17.25727],[96.58381,17.25655],[96.58416,17.25655],[96.58416,17.2561],[96.58381,17.25574],[96.58461,17.25574],[96.5847,17.25457],[96.58506,17.25457],[96.58506,17.25502],[96.58542,17.25493],[96.58506,17.25331],[96.58452,17.25331],[96.58461,17.2525],[96.58533,17.25268],[96.58542,17.25322],[96.58614,17.25268],[96.58614,17.25223],[96.58515,17.25241],[96.58506,17.25215],[96.58524,17.25089],[96.58569,17.25089],[96.58569,17.25053],[96.5847,17.25053],[96.58479,17.25107],[96.58452,17.25107],[96.58443,17.25053],[96.58398,17.25053],[96.58398,17.25098],[96.58345,17.2508],[96.58345,17.25125],[96.5821,17.25089],[96.58228,17.25179],[96.58156,17.25152],[96.58165,17.2508],[96.58048,17.25062],[96.58048,17.25035],[96.58156,17.25035],[96.5812,17.24909],[96.58201,17.24918],[96.58264,17.24819],[96.58273,17.24729],[96.58165,17.24738],[96.58165,17.24702],[96.58246,17.24676],[96.58246,17.24613],[96.58282,17.24604],[96.58282,17.24702],[96.58327,17.24702],[96.58345,17.2464],[96.58389,17.2464],[96.58389,17.24613],[96.58461,17.2464],[96.58506,17.24622],[96.58506,17.24586],[96.58479,17.24586],[96.58452,17.24505],[96.58416,17.24505],[96.58416,17.24559],[96.58381,17.24559],[96.58381,17.24586],[96.58318,17.24577],[96.58309,17.24505],[96.58255,17.24505],[96.58291,17.24541],[96.58291,17.24577],[96.58255,17.24577],[96.58255,17.24541],[96.58219,17.24541],[96.58219,17.24469],[96.5812,17.24451],[96.58147,17.24379],[96.58021,17.24307],[96.57904,17.24334],[96.57931,17.24442],[96.57877,17.24451],[96.57868,17.24505],[96.57886,17.24676],[96.57994,17.24676],[96.57994,17.24702],[96.57922,17.24702],[96.57913,17.24765],[96.57877,17.24765],[96.57913,17.24882],[96.57886,17.25197],[96.57949,17.25197],[96.57949,17.25232],[96.57877,17.25241],[96.57868,17.25277],[96.57931,17.25277],[96.57931,17.25304],[96.57886,17.25331],[96.57797,17.25322],[96.57752,17.25385],[96.57698,17.25367],[96.5768,17.25466],[96.57572,17.25484],[96.57554,17.25574],[96.57527,17.25574],[96.57527,17.25538],[96.57464,17.25538],[96.57455,17.25574],[96.57356,17.25592],[96.57356,17.25619],[96.57401,17.25619],[96.5741,17.25673],[96.57347,17.25655],[96.57312,17.25834],[96.57383,17.25825],[96.57383,17.25852],[96.57294,17.25861],[96.57276,17.25942],[96.57204,17.25906],[96.57213,17.257],[96.57132,17.25718],[96.57132,17.25762],[96.56925,17.25807],[96.56988,17.25924],[96.56988,17.25951],[96.56925,17.25942],[96.5697,17.26005],[96.56952,17.26086],[96.5706,17.26086],[96.57069,17.26122],[96.57141,17.26122],[96.57186,17.25942],[96.57312,17.25996],[96.57312,17.26095],[96.57195,17.26095],[96.57231,17.2623],[96.57159,17.2623],[96.57141,17.26283],[96.57231,17.26301],[96.57231,17.26337],[96.57419,17.26283],[96.5741,17.26463],[96.57383,17.26481],[96.5741,17.26526],[96.57455,17.26526]],[[96.57994,17.25439],[96.57994,17.25475],[96.57949,17.25475],[96.57949,17.25439],[96.57851,17.25457],[96.57851,17.25412],[96.57913,17.2543],[96.57913,17.25403],[96.57958,17.25403],[96.57985,17.25439],[96.57994,17.25439]],[[96.58318,17.25277],[96.58318,17.25197],[96.58416,17.25188],[96.58407,17.25268],[96.58372,17.25268],[96.58372,17.25223],[96.58345,17.25223],[96.58345,17.25277],[96.58318,17.25277]],[[96.58138,17.257],[96.58147,17.25762],[96.58084,17.25789],[96.58084,17.25691],[96.58111,17.257],[96.58138,17.257]]],[[[96.68855,17.26499],[96.689,17.264],[96.68927,17.264],[96.68909,17.26463],[96.6899,17.26463],[96.6899,17.26409],[96.6907,17.26409],[96.6907,17.26382],[96.69124,17.26373],[96.69088,17.26257],[96.69044,17.26257],[96.6907,17.26292],[96.69052,17.26364],[96.69026,17.26364],[96.69017,17.2631],[96.6899,17.2631],[96.68981,17.26364],[96.68945,17.26364],[96.68945,17.26257],[96.68882,17.26203],[96.68909,17.26301],[96.6881,17.26328],[96.6881,17.26355],[96.68846,17.26355],[96.68855,17.26445],[96.68765,17.26463],[96.68783,17.26517],[96.68828,17.26535],[96.68864,17.26535],[96.68864,17.26499],[96.68855,17.26499]]],[[[96.55784,17.26571],[96.5582,17.26499],[96.55802,17.26283],[96.55686,17.26292],[96.55668,17.26355],[96.55668,17.26481],[96.55739,17.26571],[96.55784,17.26571]]],[[[96.68567,17.26499],[96.68567,17.26562],[96.68675,17.26544],[96.68657,17.2649],[96.68603,17.26499],[96.68567,17.26499]]],[[[96.73841,17.2658],[96.73832,17.26472],[96.73787,17.26472],[96.73769,17.26571],[96.73805,17.2658],[96.73841,17.2658]]],[[[96.70795,17.26589],[96.70822,17.26571],[96.70795,17.26544],[96.70822,17.26454],[96.70759,17.26472],[96.70759,17.26544],[96.70723,17.26544],[96.7075,17.26589],[96.70795,17.26589]]],[[[96.73409,17.26589],[96.73427,17.26517],[96.73454,17.26517],[96.73454,17.26571],[96.73562,17.26535],[96.73562,17.26445],[96.73607,17.26418],[96.73634,17.26337],[96.73616,17.26292],[96.73454,17.26248],[96.73337,17.26266],[96.73319,17.26418],[96.73454,17.26463],[96.73454,17.2649],[96.73382,17.26481],[96.73382,17.26526],[96.73355,17.26526],[96.73382,17.26589],[96.73409,17.26589]]],[[[96.57276,17.2667],[96.57312,17.26661],[96.57312,17.26562],[96.57213,17.26571],[96.57177,17.2667],[96.57276,17.2667]]],[[[96.56225,17.26679],[96.5626,17.26634],[96.56252,17.26571],[96.56287,17.26553],[96.56278,17.2649],[96.56135,17.26301],[96.5609,17.26283],[96.5609,17.2631],[96.56054,17.2631],[96.56054,17.26355],[96.56,17.26355],[96.55982,17.26427],[96.56072,17.26481],[96.56072,17.26508],[96.56018,17.26508],[96.56018,17.2658],[96.56126,17.2658],[96.56126,17.26634],[96.5618,17.26679],[96.56225,17.26679]]],[[[96.5679,17.2667],[96.56817,17.26607],[96.56746,17.26616],[96.56746,17.26688],[96.56826,17.26706],[96.56817,17.2667],[96.5679,17.2667]]],[[[96.92085,17.26706],[96.92121,17.26562],[96.92004,17.26571],[96.92067,17.26634],[96.92049,17.26706],[96.92085,17.26706]]],[[[96.78045,17.26742],[96.78063,17.26688],[96.78036,17.26616],[96.77937,17.26652],[96.77883,17.26625],[96.77892,17.26688],[96.77946,17.26742],[96.78045,17.26742]]],[[[96.73679,17.26805],[96.73679,17.26769],[96.73535,17.26742],[96.73535,17.26805],[96.73625,17.26805],[96.73679,17.26805]]],[[[96.71298,17.26814],[96.71307,17.26778],[96.71244,17.26778],[96.71235,17.26724],[96.71235,17.26688],[96.7128,17.26688],[96.7128,17.26661],[96.71208,17.26652],[96.71164,17.26733],[96.71217,17.2676],[96.71217,17.26805],[96.71271,17.26814],[96.71298,17.26814]]],[[[96.91977,17.26652],[96.91977,17.26616],[96.91942,17.26616],[96.91942,17.26778],[96.91977,17.26814],[96.92058,17.26814],[96.9204,17.26742],[96.92004,17.26742],[96.91986,17.26652],[96.91977,17.26652]]],[[[96.7199,17.26831],[96.72035,17.26778],[96.72089,17.26778],[96.72089,17.26742],[96.72008,17.26715],[96.71999,17.2667],[96.71972,17.2667],[96.71927,17.26787],[96.719,17.26787],[96.719,17.26814],[96.71963,17.26831],[96.7199,17.26831]]],[[[96.57518,17.26858],[96.57545,17.26733],[96.57473,17.26733],[96.57482,17.26858],[96.57518,17.26858]]],[[[96.60105,17.26867],[96.6015,17.26858],[96.6015,17.26787],[96.60006,17.26769],[96.60006,17.26796],[96.60051,17.26796],[96.60078,17.26867],[96.60105,17.26867]]],[[[96.73832,17.26894],[96.73849,17.2676],[96.73769,17.26822],[96.73796,17.26894],[96.73832,17.26894]]],[[[96.70427,17.26921],[96.70472,17.26822],[96.70436,17.26787],[96.70454,17.26733],[96.70409,17.26733],[96.70382,17.26787],[96.704,17.26921],[96.70427,17.26921]]],[[[96.71011,17.2693],[96.71047,17.26849],[96.71119,17.2684],[96.71101,17.26679],[96.70939,17.26652],[96.7093,17.26697],[96.70966,17.26697],[96.70966,17.26724],[96.70912,17.26724],[96.70912,17.26805],[96.70939,17.26912],[96.70975,17.2693],[96.71011,17.2693]]],[[[96.55218,17.26517],[96.55218,17.26454],[96.55183,17.26454],[96.55183,17.26427],[96.55299,17.26418],[96.5529,17.26337],[96.55371,17.26292],[96.55371,17.26266],[96.55308,17.26275],[96.55326,17.26212],[96.5538,17.26221],[96.5538,17.26194],[96.55326,17.26185],[96.55344,17.26131],[96.55245,17.26167],[96.55299,17.26113],[96.55281,17.26032],[96.55174,17.26104],[96.55156,17.26185],[96.5503,17.2631],[96.5503,17.26355],[96.54985,17.26355],[96.54967,17.2631],[96.55003,17.2631],[96.55003,17.26266],[96.55039,17.26257],[96.55057,17.26185],[96.55102,17.26185],[96.55111,17.26131],[96.55057,17.26122],[96.55003,17.26176],[96.54994,17.26113],[96.5503,17.26095],[96.5503,17.2605],[96.54976,17.26068],[96.54958,17.26032],[96.55021,17.26023],[96.55075,17.25906],[96.54994,17.25906],[96.54922,17.26032],[96.54751,17.26032],[96.54715,17.25996],[96.54652,17.26023],[96.54608,17.25906],[96.54545,17.25897],[96.54554,17.25825],[96.54527,17.25816],[96.54527,17.25762],[96.545,17.25762],[96.545,17.25682],[96.54419,17.257],[96.54437,17.25592],[96.54356,17.25592],[96.54275,17.25547],[96.54275,17.2552],[96.54212,17.2552],[96.54248,17.25457],[96.54167,17.25376],[96.54158,17.25304],[96.54114,17.25304],[96.54114,17.25331],[96.54033,17.25322],[96.54051,17.25268],[96.54122,17.25295],[96.5406,17.25215],[96.53988,17.25241],[96.54006,17.25313],[96.53952,17.25295],[96.5397,17.25394],[96.54033,17.25448],[96.54015,17.25556],[96.53907,17.25529],[96.53907,17.25493],[96.53862,17.25493],[96.53907,17.2543],[96.53907,17.25376],[96.53853,17.25367],[96.5388,17.25286],[96.53844,17.25286],[96.53844,17.25259],[96.53871,17.25259],[96.53889,17.25206],[96.53871,17.25116],[96.5379,17.25116],[96.53763,17.25053],[96.5361,17.25098],[96.53619,17.25017],[96.537,17.24972],[96.537,17.24945],[96.5361,17.24954],[96.53619,17.24891],[96.53422,17.24891],[96.53332,17.24837],[96.53332,17.24801],[96.53242,17.24783],[96.53215,17.24783],[96.53224,17.24837],[96.53161,17.24837],[96.53134,17.24828],[96.53152,17.24765],[96.53116,17.24765],[96.53089,17.24837],[96.52982,17.24828],[96.52982,17.24873],[96.52937,17.24882],[96.52946,17.24972],[96.52865,17.24972],[96.52892,17.24882],[96.52793,17.24855],[96.52793,17.24918],[96.52757,17.24918],[96.52793,17.24783],[96.52523,17.24837],[96.52577,17.24747],[96.52523,17.24747],[96.52515,17.2472],[96.52479,17.2472],[96.52488,17.24783],[96.52254,17.24792],[96.52263,17.24756],[96.52299,17.24756],[96.5229,17.24684],[96.52245,17.24684],[96.52245,17.24729],[96.522,17.24738],[96.52119,17.24702],[96.5211,17.24667],[96.52029,17.24676],[96.52047,17.24595],[96.51985,17.24595],[96.51993,17.24505],[96.51958,17.24505],[96.51949,17.24469],[96.51985,17.24415],[96.51931,17.24406],[96.51931,17.24442],[96.51904,17.24442],[96.51877,17.24406],[96.51796,17.24406],[96.51877,17.24325],[96.51805,17.24325],[96.51796,17.24361],[96.51706,17.24325],[96.51706,17.24361],[96.51598,17.24379],[96.51454,17.24325],[96.51446,17.24235],[96.51401,17.24244],[96.51392,17.24343],[96.51446,17.2437],[96.51463,17.2446],[96.51589,17.24433],[96.51652,17.24451],[96.51688,17.24514],[96.5176,17.24514],[96.5176,17.24478],[96.51796,17.24478],[96.51796,17.24523],[96.5167,17.2455],[96.5167,17.24577],[96.51598,17.24559],[96.51598,17.24487],[96.51562,17.24487],[96.5158,17.24586],[96.51634,17.24586],[96.51634,17.24613],[96.5158,17.24613],[96.51616,17.24684],[96.51742,17.24667],[96.51805,17.24523],[96.51841,17.24523],[96.51841,17.24577],[96.51877,17.24613],[96.51823,17.24631],[96.51823,17.24667],[96.5202,17.24774],[96.52056,17.24851],[96.52402,17.24869],[96.5292,17.25185],[96.52966,17.25321],[96.53061,17.25366],[96.53155,17.25592],[96.53395,17.25888],[96.53912,17.26715],[96.53907,17.26643],[96.5397,17.26652],[96.53979,17.26625],[96.54078,17.26607],[96.54149,17.26634],[96.54122,17.2658],[96.54185,17.2658],[96.54203,17.26544],[96.54185,17.2649],[96.54131,17.2649],[96.54131,17.26517],[96.54051,17.26553],[96.53988,17.26535],[96.53997,17.26598],[96.53952,17.26598],[96.53961,17.26535],[96.53934,17.26508],[96.53988,17.2649],[96.53961,17.26436],[96.54042,17.26454],[96.54114,17.26409],[96.54096,17.26301],[96.54122,17.26301],[96.54149,17.26373],[96.54203,17.26364],[96.54266,17.26517],[96.54329,17.26553],[96.54329,17.26625],[96.5441,17.26607],[96.54419,17.26652],[96.54455,17.26652],[96.54455,17.26679],[96.54392,17.26697],[96.54248,17.26679],[96.54248,17.26751],[96.5414,17.26733],[96.5414,17.26769],[96.54114,17.26769],[96.54114,17.26796],[96.54266,17.26787],[96.54266,17.26822],[96.54185,17.26831],[96.54185,17.26867],[96.54248,17.26858],[96.54248,17.26939],[96.54293,17.26921],[96.54293,17.26885],[96.54338,17.26885],[96.54374,17.26814],[96.54509,17.26796],[96.54491,17.26679],[96.54581,17.26544],[96.54572,17.2649],[96.5467,17.26526],[96.5467,17.26553],[96.5459,17.26553],[96.54572,17.26607],[96.54679,17.26616],[96.54679,17.26697],[96.54841,17.26688],[96.54832,17.26769],[96.54877,17.26778],[96.54859,17.26715],[96.54895,17.2667],[96.5485,17.26643],[96.54787,17.26661],[96.54787,17.2658],[96.54715,17.26598],[96.54715,17.26562],[96.5476,17.26562],[96.5476,17.264],[96.54688,17.26436],[96.54688,17.26382],[96.54661,17.26382],[96.54652,17.2631],[96.54626,17.2631],[96.54661,17.26257],[96.54626,17.26257],[96.54626,17.2623],[96.54679,17.2623],[96.54688,17.26275],[96.54751,17.26283],[96.5476,17.26373],[96.54859,17.26409],[96.54859,17.26436],[96.54949,17.26427],[96.54949,17.26391],[96.54976,17.26391],[96.54985,17.26526],[96.5512,17.26526],[96.5512,17.26562],[96.55147,17.26562],[96.55183,17.26517],[96.55218,17.26517]],[[96.53134,17.24963],[96.53143,17.24864],[96.53269,17.24846],[96.53269,17.24873],[96.53188,17.249],[96.53161,17.24963],[96.53134,17.24963]]],[[[96.73912,17.26948],[96.73912,17.26867],[96.73885,17.26867],[96.73858,17.26948],[96.73885,17.26975],[96.73948,17.26975],[96.73948,17.26948],[96.73912,17.26948]]],[[[96.74317,17.26975],[96.74335,17.26876],[96.74299,17.26867],[96.74227,17.26876],[96.74263,17.26975],[96.74317,17.26975]]],[[[96.59306,17.26966],[96.59351,17.26742],[96.59189,17.2676],[96.59171,17.26849],[96.59216,17.26957],[96.5927,17.26966],[96.5927,17.26993],[96.59315,17.26993],[96.59315,17.26966],[96.59306,17.26966]]],[[[96.60806,17.26939],[96.60806,17.26912],[96.60734,17.26921],[96.60761,17.27002],[96.60824,17.27002],[96.60815,17.26939],[96.60806,17.26939]]],[[[96.73194,17.27002],[96.7323,17.26993],[96.73212,17.26921],[96.73257,17.26921],[96.73257,17.26867],[96.73212,17.26867],[96.73212,17.26831],[96.73266,17.26822],[96.73266,17.26787],[96.73149,17.26751],[96.73113,17.2676],[96.73104,17.26822],[96.73041,17.26831],[96.73041,17.26742],[96.73167,17.26733],[96.73203,17.26661],[96.73248,17.26661],[96.73266,17.26751],[96.73319,17.26778],[96.73337,17.26876],[96.73373,17.26903],[96.73481,17.26903],[96.7349,17.26849],[96.73454,17.26814],[96.73508,17.26814],[96.73472,17.26625],[96.73418,17.26643],[96.73418,17.26688],[96.73311,17.26688],[96.73185,17.26598],[96.73086,17.26607],[96.73086,17.2658],[96.73131,17.2658],[96.73158,17.26427],[96.73275,17.264],[96.73293,17.26364],[96.73293,17.26337],[96.73221,17.26346],[96.73185,17.26266],[96.73185,17.26239],[96.73266,17.26221],[96.73248,17.26113],[96.73212,17.26113],[96.73212,17.26086],[96.73158,17.26104],[96.73095,17.26068],[96.73104,17.26131],[96.73077,17.26131],[96.7305,17.26077],[96.72969,17.26032],[96.72915,17.26032],[96.72879,17.26077],[96.72816,17.26068],[96.72834,17.2614],[96.72879,17.2614],[96.72879,17.26212],[96.72834,17.26257],[96.72781,17.26239],[96.72789,17.26176],[96.72745,17.2614],[96.72745,17.2605],[96.72682,17.26023],[96.72682,17.26113],[96.72709,17.26131],[96.72682,17.26167],[96.72682,17.26212],[96.72709,17.26212],[96.72682,17.2631],[96.72709,17.26409],[96.72655,17.26382],[96.72664,17.26292],[96.72601,17.2631],[96.72556,17.26283],[96.72556,17.26239],[96.72619,17.26239],[96.7261,17.26185],[96.72646,17.26185],[96.72628,17.26095],[96.7243,17.26113],[96.72376,17.26149],[96.72304,17.26131],[96.72295,17.26167],[96.72358,17.26185],[96.72331,17.26319],[96.72215,17.26337],[96.72215,17.26382],[96.7217,17.26409],[96.72134,17.26409],[96.72125,17.26373],[96.72179,17.26364],[96.72215,17.26158],[96.72071,17.2614],[96.7208,17.26041],[96.72008,17.26032],[96.71963,17.26158],[96.71864,17.26185],[96.71882,17.26239],[96.71855,17.26212],[96.71792,17.2623],[96.71828,17.26292],[96.71792,17.264],[96.71846,17.264],[96.71846,17.26427],[96.7181,17.26427],[96.7181,17.26472],[96.71855,17.26472],[96.71855,17.26526],[96.71819,17.26553],[96.71828,17.26634],[96.71882,17.26625],[96.71882,17.26553],[96.71963,17.26571],[96.71963,17.26607],[96.72017,17.26607],[96.72134,17.26517],[96.7217,17.26517],[96.72152,17.26571],[96.72286,17.26589],[96.72286,17.26634],[96.72313,17.26634],[96.72358,17.26526],[96.72448,17.26562],[96.72565,17.26553],[96.72556,17.26445],[96.72583,17.26418],[96.72727,17.26436],[96.72736,17.26526],[96.72709,17.26526],[96.72709,17.2658],[96.72763,17.26598],[96.72763,17.26553],[96.72807,17.26544],[96.72816,17.2658],[96.72772,17.26589],[96.72772,17.26616],[96.72843,17.26625],[96.72834,17.26679],[96.72745,17.26661],[96.72745,17.26769],[96.72906,17.26778],[96.72906,17.26742],[96.72933,17.26742],[96.72933,17.26769],[96.72978,17.26769],[96.73005,17.26876],[96.73122,17.26858],[96.73122,17.26921],[96.7305,17.26903],[96.7305,17.26993],[96.73113,17.27002],[96.73194,17.27002]],[[96.72089,17.26328],[96.72053,17.26283],[96.72062,17.26239],[96.72152,17.26266],[96.72125,17.26328],[96.72089,17.26328]],[[96.73041,17.2631],[96.73059,17.26203],[96.73113,17.26176],[96.7314,17.26266],[96.73095,17.26266],[96.73086,17.26319],[96.73167,17.26337],[96.73176,17.26373],[96.73059,17.26355],[96.7305,17.2631],[96.73041,17.2631]]],[[[96.9204,17.2693],[96.92031,17.26984],[96.92166,17.27011],[96.92058,17.2693],[96.9204,17.2693]]],[[[96.57437,17.27047],[96.57545,17.26966],[96.57536,17.26867],[96.575,17.26867],[96.57491,17.2693],[96.57365,17.2693],[96.57401,17.27047],[96.57437,17.27047]]],[[[96.71065,17.27047],[96.71092,17.2702],[96.71092,17.26921],[96.71065,17.26894],[96.7102,17.26912],[96.71038,17.26975],[96.70984,17.26975],[96.70984,17.27047],[96.71065,17.27047]]],[[[96.70086,17.26275],[96.70086,17.26301],[96.70121,17.26301],[96.70121,17.26346],[96.70077,17.26346],[96.70077,17.26409],[96.7013,17.26454],[96.7013,17.26499],[96.70175,17.26499],[96.70175,17.26625],[96.7013,17.26697],[96.70095,17.26697],[96.70148,17.26607],[96.70121,17.26544],[96.70059,17.26544],[96.70005,17.26598],[96.69978,17.2658],[96.69978,17.26508],[96.69852,17.26535],[96.69933,17.26427],[96.69951,17.26319],[96.69987,17.26319],[96.69987,17.26382],[96.70032,17.26382],[96.70032,17.26319],[96.70059,17.26319],[96.70086,17.26248],[96.70005,17.26248],[96.70014,17.26158],[96.69942,17.26131],[96.69942,17.26032],[96.69843,17.26095],[96.69888,17.25897],[96.69816,17.25906],[96.69816,17.25951],[96.69771,17.25978],[96.69771,17.26014],[96.69816,17.26014],[96.69807,17.26059],[96.69744,17.26023],[96.696,17.26104],[96.6952,17.26077],[96.6952,17.26131],[96.6943,17.26158],[96.6943,17.26203],[96.69556,17.26194],[96.69582,17.2614],[96.69636,17.26149],[96.69645,17.26095],[96.69726,17.26095],[96.69717,17.26149],[96.69636,17.26149],[96.69699,17.26248],[96.69771,17.26257],[96.69843,17.26194],[96.69825,17.26257],[96.69924,17.26266],[96.69924,17.2631],[96.69825,17.26319],[96.69726,17.26283],[96.69708,17.26382],[96.69735,17.26436],[96.6969,17.26436],[96.69645,17.26481],[96.69663,17.26544],[96.69591,17.26562],[96.69591,17.26598],[96.69556,17.26571],[96.69556,17.26526],[96.696,17.26526],[96.69565,17.26463],[96.69511,17.26463],[96.69502,17.26562],[96.69475,17.26562],[96.69448,17.26463],[96.69394,17.26463],[96.69412,17.26535],[96.69367,17.26571],[96.69367,17.26625],[96.69331,17.26625],[96.6934,17.26679],[96.69295,17.26706],[96.69304,17.26778],[96.69268,17.26778],[96.69268,17.26733],[96.69196,17.26733],[96.69196,17.26867],[96.69142,17.26867],[96.69133,17.26796],[96.6907,17.26787],[96.69061,17.26742],[96.69035,17.26742],[96.69035,17.26822],[96.68999,17.26822],[96.6899,17.26858],[96.69097,17.26876],[96.69088,17.26966],[96.69124,17.26966],[96.69124,17.26903],[96.69205,17.26894],[96.69232,17.26814],[96.69331,17.26814],[96.69358,17.26751],[96.69547,17.26787],[96.69565,17.26715],[96.69511,17.26706],[96.69511,17.26679],[96.69627,17.26697],[96.69591,17.26607],[96.69825,17.26589],[96.69816,17.26661],[96.69717,17.26652],[96.69699,17.26688],[96.69807,17.26787],[96.69888,17.26787],[96.69906,17.26742],[96.69978,17.26751],[96.69978,17.26787],[96.69915,17.26787],[96.69906,17.26822],[96.70032,17.26858],[96.70032,17.26894],[96.69915,17.2693],[96.69915,17.26966],[96.69987,17.26975],[96.69951,17.27029],[96.6987,17.27038],[96.69852,17.26966],[96.69798,17.26966],[96.69798,17.27056],[96.70077,17.27092],[96.70041,17.26993],[96.7005,17.2693],[96.70104,17.26939],[96.70104,17.26885],[96.70059,17.26885],[96.70059,17.26858],[96.70148,17.26814],[96.70175,17.26688],[96.70202,17.26643],[96.70247,17.26643],[96.70238,17.2658],[96.70292,17.26571],[96.70292,17.26535],[96.70229,17.26535],[96.70247,17.26454],[96.70346,17.26427],[96.70337,17.26355],[96.70292,17.26355],[96.70292,17.26391],[96.70193,17.264],[96.7022,17.26319],[96.70121,17.26275],[96.70086,17.26275]]],[[[96.56737,17.27146],[96.56746,17.2711],[96.56835,17.27128],[96.56862,17.27092],[96.56853,17.26903],[96.5697,17.26885],[96.56961,17.26975],[96.57015,17.26966],[96.57024,17.26876],[96.56988,17.26796],[96.56773,17.26831],[96.56692,17.26724],[96.56683,17.26625],[96.56728,17.2658],[96.56665,17.26571],[96.56665,17.26544],[96.56629,17.26544],[96.56629,17.26589],[96.56359,17.26634],[96.56359,17.2667],[96.56404,17.26688],[96.56404,17.26724],[96.56368,17.26724],[96.56395,17.26778],[96.56395,17.26939],[96.56602,17.27056],[96.56629,17.27056],[96.56638,17.26975],[96.56808,17.26993],[96.56817,17.27083],[96.56683,17.27092],[96.56701,17.27146],[96.56737,17.27146]]],[[[96.72188,17.27155],[96.72286,17.27146],[96.72295,17.27065],[96.72259,17.27065],[96.72259,17.27029],[96.72304,17.27002],[96.72313,17.2684],[96.72233,17.26831],[96.72206,17.26876],[96.7217,17.26876],[96.7217,17.26921],[96.72116,17.26876],[96.72116,17.27155],[96.72188,17.27155]]],[[[96.73679,17.27182],[96.73679,17.27128],[96.73742,17.27137],[96.73688,17.27011],[96.73625,17.2702],[96.73625,17.27056],[96.73562,17.27056],[96.73562,17.2711],[96.73607,17.27155],[96.73652,17.27155],[96.73652,17.27182],[96.73679,17.27182]]],[[[96.69214,17.27191],[96.69286,17.27182],[96.69295,17.27146],[96.69466,17.27137],[96.69511,17.27182],[96.69556,17.27182],[96.69547,17.27065],[96.69511,17.27029],[96.69484,17.27029],[96.69484,17.27065],[96.69376,17.27047],[96.69376,17.26993],[96.69475,17.26975],[96.6952,17.27011],[96.69547,17.26966],[96.69609,17.26966],[96.69609,17.26912],[96.69654,17.26912],[96.69663,17.26867],[96.6969,17.26867],[96.69663,17.26921],[96.6969,17.26957],[96.69681,17.2702],[96.69582,17.27038],[96.69574,17.27101],[96.69762,17.27083],[96.69744,17.26948],[96.69807,17.26948],[96.69834,17.26822],[96.69762,17.26858],[96.69735,17.26814],[96.69645,17.26814],[96.69591,17.26894],[96.69547,17.26903],[96.69565,17.26814],[96.69511,17.26796],[96.69466,17.26822],[96.69466,17.26867],[96.69232,17.26885],[96.69196,17.26939],[96.69142,17.26948],[96.69169,17.26993],[96.69169,17.27191],[96.69214,17.27191]]],[[[96.72619,17.27191],[96.72754,17.27101],[96.72861,17.2711],[96.72906,17.27047],[96.72978,17.27047],[96.72987,17.26984],[96.72942,17.26975],[96.72897,17.2702],[96.72888,17.26948],[96.72763,17.26921],[96.72736,17.26984],[96.72772,17.26984],[96.72772,17.27011],[96.72709,17.2702],[96.727,17.27119],[96.72664,17.2711],[96.72682,17.2702],[96.72511,17.2702],[96.72511,17.27128],[96.72592,17.27191],[96.72619,17.27191]]],[[[96.73149,17.272],[96.73176,17.27092],[96.73149,17.27092],[96.73131,17.27029],[96.73095,17.27029],[96.73086,17.27137],[96.73122,17.27137],[96.73104,17.272],[96.73149,17.272]]],[[[96.59944,17.27299],[96.59962,17.27254],[96.59899,17.27245],[96.59899,17.272],[96.59872,17.272],[96.59854,17.27254],[96.59908,17.27299],[96.59944,17.27299]]],[[[96.72861,17.27299],[96.72861,17.27245],[96.7296,17.27272],[96.7296,17.27245],[96.72924,17.27245],[96.72924,17.27191],[96.72834,17.27209],[96.72789,17.27137],[96.72745,17.27137],[96.72718,17.27155],[96.72745,17.27227],[96.72709,17.27272],[96.72825,17.27245],[96.72825,17.27299],[96.72861,17.27299]]],[[[96.91744,17.27299],[96.91771,17.27227],[96.91816,17.27236],[96.91834,17.27173],[96.91888,17.27164],[96.91897,17.27119],[96.91888,17.27047],[96.91861,17.27047],[96.9187,17.26858],[96.91834,17.26805],[96.9178,17.26805],[96.91771,17.26885],[96.91735,17.26885],[96.91717,17.27029],[96.91645,17.27146],[96.91636,17.27236],[96.91672,17.27236],[96.91699,17.27299],[96.91744,17.27299]]],[[[96.73688,17.27317],[96.73697,17.27227],[96.73607,17.27209],[96.73607,17.27254],[96.73661,17.27281],[96.73661,17.27317],[96.73688,17.27317]]],[[[96.5883,17.27326],[96.58866,17.27191],[96.58749,17.27227],[96.5874,17.2729],[96.58785,17.27326],[96.5883,17.27326]]],[[[96.68567,17.26499],[96.68594,17.26427],[96.68648,17.26409],[96.68657,17.26373],[96.6872,17.26364],[96.68702,17.26248],[96.6881,17.26221],[96.68783,17.26149],[96.68756,17.26149],[96.68756,17.26194],[96.6872,17.26194],[96.6872,17.2614],[96.68864,17.26131],[96.68855,17.26059],[96.68792,17.26068],[96.68792,17.26041],[96.68936,17.25987],[96.68936,17.25951],[96.68963,17.25951],[96.68963,17.26014],[96.69044,17.25996],[96.69044,17.26023],[96.69187,17.26032],[96.69259,17.25996],[96.69286,17.25906],[96.69322,17.25906],[96.6934,17.25987],[96.6925,17.26023],[96.6925,17.26068],[96.69106,17.26113],[96.69097,17.26167],[96.69035,17.2614],[96.6899,17.26167],[96.6899,17.26194],[96.69044,17.26194],[96.69044,17.2623],[96.69115,17.2623],[96.69124,17.26266],[96.69223,17.2623],[96.69277,17.26266],[96.69277,17.26104],[96.69367,17.2614],[96.69376,17.26059],[96.69511,17.26023],[96.69457,17.25942],[96.6943,17.25969],[96.69376,17.2596],[96.69367,17.25906],[96.69439,17.25879],[96.69448,17.25789],[96.69538,17.25789],[96.69574,17.25727],[96.6952,17.25691],[96.69439,17.25691],[96.69412,17.25771],[96.69367,17.25771],[96.69358,17.25825],[96.69331,17.25825],[96.69331,17.25789],[96.69232,17.25798],[96.69205,17.25718],[96.6916,17.25718],[96.69169,17.25646],[96.69115,17.25646],[96.69106,17.2561],[96.69035,17.25637],[96.69026,17.25601],[96.6899,17.25601],[96.68963,17.25673],[96.69052,17.25673],[96.69052,17.25718],[96.68927,17.25718],[96.68927,17.25753],[96.68864,17.25789],[96.68819,17.25745],[96.68774,17.25745],[96.68774,17.2578],[96.68747,17.2578],[96.68738,17.25727],[96.68783,17.25727],[96.68774,17.25655],[96.68657,17.25637],[96.68657,17.25538],[96.68585,17.2552],[96.68585,17.25601],[96.68621,17.2561],[96.68594,17.25637],[96.68612,17.2578],[96.68648,17.2578],[96.68666,17.25888],[96.68738,17.25879],[96.68738,17.25924],[96.68612,17.25906],[96.68567,17.25987],[96.68531,17.25987],[96.68522,17.25951],[96.68612,17.25906],[96.68612,17.25834],[96.68585,17.25789],[96.68487,17.25825],[96.68496,17.25789],[96.68558,17.25771],[96.68576,17.25709],[96.68505,17.25673],[96.68478,17.25592],[96.68433,17.25592],[96.68451,17.25646],[96.68361,17.25736],[96.68334,17.25736],[96.68334,17.25673],[96.68262,17.25709],[96.68217,17.2578],[96.68145,17.25762],[96.68145,17.25718],[96.68118,17.25718],[96.68109,17.25771],[96.68001,17.25834],[96.67975,17.25897],[96.67831,17.25969],[96.67831,17.25996],[96.67795,17.2596],[96.67723,17.25969],[96.67732,17.26014],[96.67786,17.26014],[96.67786,17.26041],[96.67741,17.26041],[96.67777,17.2614],[96.67687,17.26122],[96.67633,17.26203],[96.67516,17.26275],[96.67516,17.26346],[96.67445,17.26373],[96.67445,17.264],[96.67516,17.26409],[96.67516,17.26436],[96.67427,17.26427],[96.67346,17.26481],[96.67292,17.26652],[96.67256,17.26652],[96.67256,17.26706],[96.67202,17.26697],[96.67202,17.26733],[96.67157,17.26733],[96.67148,17.26787],[96.66977,17.26814],[96.66986,17.26867],[96.67031,17.26876],[96.67085,17.26831],[96.67112,17.26903],[96.66995,17.26939],[96.66986,17.26876],[96.66923,17.26867],[96.66923,17.26975],[96.6687,17.27074],[96.66932,17.27065],[96.66932,17.2711],[96.66834,17.27101],[96.66843,17.27164],[96.66888,17.27164],[96.66897,17.27209],[96.66816,17.27227],[96.66816,17.27272],[96.66771,17.27272],[96.66771,17.27299],[96.66825,17.27326],[96.66852,17.2729],[96.66897,17.2729],[96.66906,17.27236],[96.67022,17.27254],[96.67076,17.272],[96.67139,17.27191],[96.67148,17.27155],[96.67112,17.27155],[96.67121,17.27065],[96.67094,17.27065],[96.6713,17.26984],[96.67193,17.26984],[96.67157,17.27038],[96.6722,17.27038],[96.67229,17.26975],[96.67265,17.26975],[96.67265,17.27056],[96.67229,17.27056],[96.67247,17.27119],[96.67283,17.27119],[96.67283,17.27074],[96.67328,17.27074],[96.67337,17.27137],[96.67543,17.27155],[96.6757,17.27119],[96.67624,17.27119],[96.67606,17.26993],[96.67633,17.26966],[96.67588,17.26966],[96.67588,17.2693],[96.67651,17.26957],[96.6766,17.26912],[96.67705,17.26912],[96.6766,17.27002],[96.67678,17.27083],[96.6775,17.27074],[96.67741,17.26912],[96.67777,17.26921],[96.67786,17.27002],[96.67903,17.26966],[96.67903,17.27065],[96.68019,17.27011],[96.68217,17.27011],[96.68244,17.2693],[96.6837,17.27002],[96.68424,17.26975],[96.68424,17.2702],[96.68478,17.27011],[96.68487,17.26966],[96.6854,17.26948],[96.68576,17.26948],[96.68585,17.26984],[96.68612,17.26984],[96.68612,17.26948],[96.68675,17.26975],[96.68675,17.26921],[96.68585,17.26921],[96.68585,17.26885],[96.68612,17.26858],[96.68666,17.26867],[96.68684,17.26796],[96.68747,17.26787],[96.68747,17.26742],[96.68855,17.26814],[96.68846,17.26715],[96.68882,17.26715],[96.68882,17.2676],[96.68954,17.26733],[96.68963,17.26679],[96.68927,17.26679],[96.68927,17.26634],[96.69008,17.26634],[96.69017,17.26571],[96.6907,17.26526],[96.6907,17.2649],[96.68972,17.26481],[96.6899,17.26562],[96.68936,17.26526],[96.68936,17.2658],[96.68783,17.26616],[96.68774,17.26661],[96.68729,17.2667],[96.68747,17.26724],[96.68639,17.26706],[96.68639,17.26769],[96.68549,17.2684],[96.68505,17.26822],[96.68505,17.2676],[96.68478,17.2676],[96.68469,17.26831],[96.68334,17.26867],[96.68343,17.26939],[96.68316,17.26939],[96.68307,17.26849],[96.68397,17.26805],[96.68397,17.26778],[96.68325,17.2676],[96.6828,17.26796],[96.68289,17.26688],[96.68388,17.26697],[96.68397,17.26634],[96.68424,17.26634],[96.68433,17.26697],[96.6846,17.26697],[96.6846,17.26724],[96.68424,17.26724],[96.68424,17.26769],[96.68469,17.26769],[96.68469,17.26724],[96.68496,17.26724],[96.68496,17.2667],[96.6846,17.26652],[96.68478,17.26481],[96.68514,17.26499],[96.68567,17.26499]],[[96.6748,17.26544],[96.67462,17.26607],[96.67382,17.26562],[96.67382,17.26535],[96.67471,17.26544],[96.6748,17.26544]],[[96.68109,17.2667],[96.68136,17.26643],[96.68244,17.26688],[96.68226,17.26733],[96.68181,17.26742],[96.68181,17.26787],[96.68217,17.26805],[96.68217,17.26867],[96.68271,17.26867],[96.68271,17.26894],[96.68082,17.26894],[96.68082,17.26867],[96.68145,17.26876],[96.68163,17.26849],[96.68145,17.26742],[96.68118,17.26742],[96.68136,17.26822],[96.681,17.26822],[96.68082,17.26769],[96.68082,17.26733],[96.68136,17.26733],[96.68136,17.2667],[96.68109,17.2667]],[[96.69106,17.25951],[96.69106,17.25915],[96.69079,17.25942],[96.69044,17.25915],[96.68963,17.25942],[96.68972,17.25825],[96.69097,17.25825],[96.69088,17.25888],[96.69142,17.25897],[96.6916,17.25969],[96.69133,17.25951],[96.69106,17.25951]]],[[[96.68415,17.27335],[96.68487,17.27308],[96.68505,17.27119],[96.68415,17.2711],[96.68424,17.2729],[96.68388,17.27335],[96.68415,17.27335]]],[[[96.6872,17.27335],[96.68756,17.27317],[96.68747,17.27209],[96.68936,17.27191],[96.68936,17.27227],[96.68972,17.27227],[96.68963,17.27155],[96.69008,17.27146],[96.69026,17.27236],[96.69088,17.27227],[96.69079,17.27137],[96.69133,17.27119],[96.69133,17.2702],[96.69097,17.2702],[96.69088,17.27083],[96.69044,17.27101],[96.68927,17.27065],[96.68855,17.27092],[96.68846,17.27128],[96.68783,17.2711],[96.68774,17.27146],[96.68612,17.27155],[96.68585,17.27227],[96.68711,17.27236],[96.68675,17.27335],[96.6872,17.27335]]],[[[96.56171,17.27352],[96.56207,17.27335],[96.56207,17.27272],[96.56314,17.2729],[96.56422,17.27254],[96.5644,17.27191],[96.56341,17.27146],[96.56341,17.2711],[96.5644,17.2711],[96.5644,17.27056],[96.56386,17.2702],[96.56252,17.27029],[96.56252,17.27065],[96.56207,17.27065],[96.56234,17.26966],[96.56171,17.26948],[96.56099,17.2702],[96.56081,17.26975],[96.56108,17.26921],[96.56081,17.26921],[96.56072,17.26966],[96.56045,17.26966],[96.56072,17.27101],[96.56162,17.27074],[96.56198,17.27092],[96.56198,17.27146],[96.56135,17.27128],[96.56135,17.27155],[96.56171,17.27155],[96.56171,17.27191],[96.56144,17.27191],[96.56171,17.27326],[96.56171,17.27352]]],[[[96.68226,17.2737],[96.68271,17.27352],[96.68289,17.27263],[96.68208,17.27272],[96.68208,17.27317],[96.68154,17.27317],[96.68163,17.2737],[96.68226,17.2737]]],[[[96.7429,17.27406],[96.74308,17.27379],[96.74362,17.27397],[96.7438,17.27326],[96.74254,17.27299],[96.74263,17.27406],[96.7429,17.27406]]],[[[96.72574,17.27442],[96.72574,17.27406],[96.72619,17.27406],[96.72619,17.2737],[96.72592,17.2737],[96.72601,17.27299],[96.72511,17.27326],[96.72475,17.27379],[96.72484,17.27433],[96.72547,17.27442],[96.72574,17.27442]]],[[[96.66923,17.27478],[96.66923,17.27433],[96.67085,17.27397],[96.67085,17.2737],[96.67022,17.27344],[96.66816,17.2737],[96.66825,17.27469],[96.6687,17.27478],[96.66923,17.27478]]],[[[96.59638,17.27487],[96.59701,17.27478],[96.59737,17.27397],[96.59782,17.27397],[96.59773,17.27326],[96.59719,17.27335],[96.59701,17.2729],[96.59647,17.27281],[96.5962,17.27281],[96.5962,17.27326],[96.59557,17.27299],[96.59575,17.27397],[96.59539,17.27397],[96.59548,17.27487],[96.59638,17.27487]]],[[[96.59342,17.27496],[96.59342,17.27442],[96.59387,17.27397],[96.59315,17.27397],[96.59306,17.27496],[96.59342,17.27496]]],[[[96.74442,17.27496],[96.7446,17.27415],[96.74559,17.27433],[96.74559,17.27397],[96.74406,17.27361],[96.74415,17.27496],[96.74442,17.27496]]],[[[96.73688,17.27541],[96.7376,17.27496],[96.73751,17.2746],[96.73688,17.2746],[96.73652,17.27541],[96.73688,17.27541]]],[[[96.60096,17.27559],[96.60123,17.27505],[96.60186,17.27505],[96.60186,17.27397],[96.60141,17.27397],[96.60114,17.27433],[96.60123,17.27487],[96.60006,17.27478],[96.6006,17.27559],[96.60096,17.27559]]],[[[96.58443,17.27568],[96.58452,17.27514],[96.58425,17.27505],[96.58407,17.27424],[96.58524,17.2737],[96.58524,17.27344],[96.58452,17.27326],[96.58443,17.27272],[96.58488,17.27254],[96.58479,17.27317],[96.58533,17.27317],[96.58596,17.27263],[96.58596,17.27227],[96.58381,17.27227],[96.58381,17.27137],[96.58434,17.27191],[96.58479,17.27074],[96.58506,17.27074],[96.58488,17.2702],[96.58524,17.26957],[96.58443,17.26966],[96.58443,17.27011],[96.58372,17.26957],[96.58372,17.26921],[96.58345,17.26921],[96.58345,17.26966],[96.58309,17.26966],[96.58309,17.26885],[96.58255,17.26867],[96.5821,17.26787],[96.58174,17.26787],[96.58174,17.26822],[96.58147,17.26822],[96.58174,17.26903],[96.58273,17.2693],[96.58291,17.26993],[96.58273,17.27038],[96.58228,17.27038],[96.58228,17.27074],[96.58318,17.27074],[96.58336,17.27137],[96.58273,17.27101],[96.58264,17.27209],[96.58237,17.27209],[96.58219,17.27128],[96.58183,17.27119],[96.58183,17.272],[96.5812,17.272],[96.5812,17.27236],[96.58219,17.27227],[96.5821,17.2729],[96.58237,17.27317],[96.58273,17.27308],[96.58273,17.27245],[96.58363,17.27236],[96.58363,17.27263],[96.583,17.2729],[96.583,17.27335],[96.58201,17.27406],[96.58174,17.27379],[96.58228,17.27317],[96.58165,17.27317],[96.58165,17.27361],[96.58138,17.27335],[96.58057,17.27344],[96.57994,17.27254],[96.5803,17.27191],[96.57994,17.27191],[96.57985,17.27137],[96.57904,17.27146],[96.57904,17.27272],[96.57931,17.27281],[96.57976,17.27415],[96.58138,17.27388],[96.58156,17.2746],[96.58255,17.27487],[96.58246,17.2755],[96.58273,17.2755],[96.58273,17.27514],[96.58372,17.27514],[96.58389,17.27568],[96.58443,17.27568]]],[[[96.67013,17.27595],[96.67058,17.27478],[96.67103,17.27478],[96.67094,17.27433],[96.66977,17.27442],[96.66959,17.27595],[96.67013,17.27595]]],[[[96.59099,17.27622],[96.59162,17.27613],[96.59162,17.27523],[96.59108,17.27523],[96.59144,17.27326],[96.59081,17.27308],[96.59081,17.27254],[96.59153,17.27281],[96.59153,17.27254],[96.59198,17.27245],[96.59207,17.27191],[96.5927,17.27164],[96.59279,17.27083],[96.59216,17.27065],[96.5918,17.27065],[96.59171,17.27128],[96.59027,17.27101],[96.59,17.2711],[96.59,17.27155],[96.58946,17.27146],[96.58919,17.27182],[96.58919,17.27236],[96.59054,17.27236],[96.59054,17.272],[96.59081,17.272],[96.59081,17.27245],[96.59036,17.27245],[96.59063,17.27335],[96.59036,17.2746],[96.58973,17.27469],[96.58919,17.2755],[96.58928,17.27622],[96.58982,17.27622],[96.59099,17.27622]]],[[[96.89121,17.25834],[96.89148,17.25807],[96.89103,17.25906],[96.89121,17.26023],[96.89058,17.26014],[96.89058,17.25969],[96.89013,17.25969],[96.89013,17.26023],[96.88977,17.26023],[96.88977,17.2605],[96.89076,17.26059],[96.89076,17.26104],[96.89031,17.26104],[96.89031,17.2614],[96.89004,17.2614],[96.88986,17.26283],[96.88932,17.26266],[96.88914,17.26328],[96.88833,17.26337],[96.88869,17.26391],[96.88842,17.26391],[96.88815,17.26463],[96.88797,17.26625],[96.88753,17.26625],[96.88779,17.26688],[96.88708,17.26697],[96.88636,17.26769],[96.88609,17.2693],[96.88492,17.27002],[96.88483,17.27092],[96.88429,17.27101],[96.88411,17.27245],[96.88375,17.27245],[96.88375,17.27272],[96.88294,17.27263],[96.88303,17.27344],[96.88276,17.27344],[96.88258,17.27254],[96.88267,17.2711],[96.88223,17.2711],[96.88232,17.27047],[96.88205,17.27047],[96.88232,17.26975],[96.88187,17.26975],[96.88205,17.27406],[96.88133,17.27406],[96.88133,17.27433],[96.88178,17.27442],[96.88178,17.27487],[96.88133,17.27496],[96.88079,17.2764],[96.88196,17.27604],[96.88196,17.27559],[96.88276,17.27523],[96.88294,17.27451],[96.88339,17.27451],[96.88339,17.27496],[96.88384,17.27496],[96.88411,17.27424],[96.88456,17.27406],[96.8842,17.27344],[96.88474,17.27352],[96.88519,17.27308],[96.88681,17.27002],[96.88762,17.26948],[96.88753,17.26814],[96.88824,17.26688],[96.88797,17.26634],[96.88869,17.26625],[96.88905,17.26526],[96.8895,17.2649],[96.88968,17.264],[96.89013,17.26382],[96.8913,17.26086],[96.89184,17.26032],[96.89184,17.25987],[96.89148,17.25987],[96.89148,17.2596],[96.89229,17.25942],[96.89256,17.25825],[96.89292,17.25807],[96.89283,17.25673],[96.8922,17.25574],[96.89085,17.25529],[96.89076,17.25484],[96.88923,17.2552],[96.88779,17.25502],[96.88806,17.25565],[96.88717,17.25502],[96.8869,17.2552],[96.88708,17.25583],[96.88672,17.25583],[96.88654,17.25511],[96.88573,17.25511],[96.88573,17.25547],[96.88618,17.25547],[96.88636,17.25637],[96.88609,17.25637],[96.886,17.25592],[96.88528,17.25592],[96.88519,17.25619],[96.88465,17.25601],[96.88465,17.25565],[96.88528,17.25574],[96.8851,17.25511],[96.88384,17.25538],[96.88384,17.25583],[96.88321,17.25547],[96.88267,17.25565],[96.88348,17.25646],[96.88321,17.25691],[96.88276,17.25664],[96.88258,17.25592],[96.88223,17.25592],[96.88178,17.25718],[96.88232,17.25718],[96.88285,17.25762],[96.88303,17.25852],[96.88133,17.25843],[96.88124,17.25969],[96.88151,17.25969],[96.8816,17.25897],[96.88187,17.25897],[96.88187,17.25978],[96.88276,17.25978],[96.88294,17.26023],[96.88178,17.25996],[96.88178,17.26041],[96.88205,17.2605],[96.88187,17.26131],[96.88276,17.26113],[96.88285,17.26068],[96.88321,17.26059],[96.88321,17.25969],[96.88375,17.25969],[96.88375,17.2587],[96.88465,17.25879],[96.88402,17.2578],[96.88483,17.25762],[96.88492,17.257],[96.88582,17.25727],[96.88582,17.25673],[96.88636,17.25673],[96.88645,17.25646],[96.88824,17.25664],[96.88869,17.25619],[96.88959,17.25628],[96.88968,17.257],[96.88887,17.25682],[96.88896,17.25736],[96.88977,17.25745],[96.88995,17.25682],[96.89031,17.25682],[96.89031,17.25718],[96.89076,17.25718],[96.89076,17.25771],[96.8895,17.25771],[96.88932,17.25834],[96.89013,17.25798],[96.88986,17.25906],[96.89067,17.25897],[96.89067,17.25924],[96.89094,17.25924],[96.89094,17.25834],[96.89121,17.25834]]],[[[96.55632,17.27667],[96.55677,17.27604],[96.55596,17.27541],[96.55533,17.27586],[96.55533,17.27622],[96.55605,17.27667],[96.55632,17.27667]]],[[[96.87243,17.27694],[96.87288,17.27613],[96.87369,17.27568],[96.87414,17.27433],[96.8736,17.27442],[96.87315,17.2755],[96.87207,17.27622],[96.87216,17.27694],[96.87243,17.27694]]],[[[96.57788,17.27703],[96.57797,17.2764],[96.57743,17.27658],[96.57743,17.27586],[96.57707,17.27586],[96.57698,17.2764],[96.57743,17.27667],[96.57743,17.27703],[96.57788,17.27703]]],[[[96.92067,17.2764],[96.92022,17.2764],[96.9204,17.27712],[96.92157,17.2773],[96.92157,17.27703],[96.92067,17.27658],[96.92067,17.2764]]],[[[96.67957,17.27811],[96.68001,17.27748],[96.68055,17.27739],[96.68064,17.27685],[96.67921,17.27712],[96.6793,17.27775],[96.67885,17.27775],[96.67903,17.27811],[96.67957,17.27811]]],[[[96.56377,17.27847],[96.56404,17.2773],[96.56332,17.27766],[96.5635,17.27847],[96.56377,17.27847]]],[[[96.73239,17.272],[96.73302,17.272],[96.73293,17.27263],[96.7323,17.2729],[96.73239,17.272],[96.73158,17.272],[96.73158,17.27281],[96.73203,17.27326],[96.73122,17.27308],[96.7314,17.27415],[96.73113,17.27415],[96.73104,17.27496],[96.73032,17.27442],[96.72987,17.27451],[96.73005,17.27712],[96.7305,17.27712],[96.73077,17.27622],[96.73122,17.27622],[96.73122,17.27667],[96.73086,17.27667],[96.73113,17.27703],[96.73293,17.27694],[96.73319,17.2773],[96.73319,17.27847],[96.73427,17.279],[96.73454,17.279],[96.73454,17.27811],[96.73373,17.27757],[96.73373,17.27712],[96.73463,17.27739],[96.73463,17.27694],[96.73535,17.27703],[96.7349,17.27757],[96.73544,17.27766],[96.7358,17.27838],[96.73688,17.27811],[96.73706,17.27667],[96.73571,17.27676],[96.73571,17.27649],[96.73652,17.27622],[96.73616,17.2755],[96.73661,17.2746],[96.73625,17.27344],[96.73517,17.27352],[96.73508,17.27254],[96.73427,17.27272],[96.73427,17.27245],[96.73382,17.27245],[96.73409,17.27191],[96.73436,17.27191],[96.73436,17.27236],[96.73499,17.272],[96.73499,17.27074],[96.73454,17.27074],[96.73445,17.27038],[96.73391,17.27065],[96.734,17.27002],[96.73346,17.26975],[96.73355,17.27128],[96.73239,17.27164],[96.73239,17.272]],[[96.73463,17.27424],[96.73517,17.27388],[96.73517,17.27523],[96.73472,17.27496],[96.73472,17.27433],[96.73418,17.27451],[96.73418,17.27424],[96.73463,17.27424]]],[[[96.66618,17.27936],[96.66663,17.2764],[96.66609,17.27622],[96.66609,17.27595],[96.66654,17.27595],[96.66645,17.27496],[96.66708,17.27487],[96.66708,17.27415],[96.66681,17.27406],[96.66618,17.27424],[96.666,17.27505],[96.66546,17.27505],[96.66546,17.27532],[96.66618,17.27532],[96.66618,17.27559],[96.66573,17.27559],[96.66546,17.27613],[96.6651,17.27613],[96.6651,17.27658],[96.66474,17.27658],[96.6651,17.27712],[96.66456,17.27748],[96.66465,17.2782],[96.6642,17.2782],[96.66492,17.279],[96.66591,17.27936],[96.66618,17.27936]]],[[[96.57446,17.27945],[96.57455,17.27874],[96.575,17.27874],[96.575,17.27927],[96.57536,17.27927],[96.57527,17.27838],[96.57608,17.27865],[96.57635,17.27802],[96.57536,17.27811],[96.57428,17.27766],[96.5741,17.27945],[96.57446,17.27945]]],[[[96.55506,17.27954],[96.55524,17.27882],[96.55569,17.27882],[96.55569,17.27856],[96.5565,17.27882],[96.55641,17.2782],[96.55569,17.2782],[96.55569,17.27784],[96.5565,17.27775],[96.5565,17.27739],[96.55443,17.27748],[96.55452,17.27784],[96.55533,17.27802],[96.55524,17.27838],[96.55452,17.27856],[96.55479,17.27954],[96.55506,17.27954]]],[[[96.59081,17.27918],[96.59099,17.27829],[96.59045,17.27829],[96.58991,17.27757],[96.58955,17.27757],[96.58964,17.27874],[96.59045,17.27874],[96.59036,17.27954],[96.5909,17.27954],[96.5909,17.27918],[96.59081,17.27918]]],[[[96.56422,17.28026],[96.5644,17.27936],[96.56359,17.27856],[96.56386,17.28026],[96.56422,17.28026]]],[[[96.55254,17.27891],[96.55281,17.27891],[96.55263,17.27838],[96.55317,17.27838],[96.55353,17.27981],[96.55326,17.28044],[96.55371,17.28035],[96.55416,17.27981],[96.55389,17.27891],[96.55407,17.2782],[96.55254,17.27802],[96.55227,17.2782],[96.55227,17.27865],[96.55254,17.27865],[96.55254,17.27891]]],[[[96.9196,17.28062],[96.91977,17.27891],[96.91915,17.27918],[96.91933,17.28062],[96.9196,17.28062]]],[[[96.58506,17.28089],[96.58578,17.2808],[96.58578,17.28053],[96.58686,17.28008],[96.58776,17.28008],[96.58812,17.27963],[96.58758,17.27945],[96.5874,17.27865],[96.5865,17.279],[96.58542,17.27874],[96.58533,17.27999],[96.58488,17.27999],[96.58452,17.28044],[96.58461,17.28089],[96.58506,17.28089]]],[[[96.55497,17.28107],[96.55515,17.28026],[96.55488,17.27981],[96.55452,17.2799],[96.55452,17.28107],[96.55497,17.28107]]],[[[96.55254,17.27891],[96.55227,17.27891],[96.55218,17.28071],[96.55191,17.28098],[96.55236,17.2817],[96.55263,17.2817],[96.55254,17.28017],[96.55254,17.27891]]],[[[96.56009,17.28197],[96.56009,17.2817],[96.56099,17.28152],[96.56063,17.28071],[96.55973,17.28089],[96.55946,17.28125],[96.55964,17.28197],[96.56009,17.28197]]],[[[96.66483,17.28197],[96.66528,17.28035],[96.66636,17.28008],[96.66627,17.27963],[96.66555,17.27972],[96.66555,17.27999],[96.66501,17.27981],[96.66465,17.27999],[96.66465,17.28053],[96.66411,17.28053],[96.66393,17.28125],[96.6642,17.28197],[96.66483,17.28197]]],[[[96.66932,17.28233],[96.67013,17.28188],[96.67004,17.28089],[96.66959,17.28089],[96.66959,17.28179],[96.66897,17.28188],[96.66897,17.28233],[96.66932,17.28233]]],[[[96.57985,17.28377],[96.58066,17.28341],[96.58066,17.28305],[96.57958,17.28323],[96.5794,17.28377],[96.57985,17.28377]]],[[[96.66753,17.28395],[96.66807,17.28377],[96.66825,17.28323],[96.66825,17.28278],[96.66762,17.28296],[96.66762,17.28242],[96.66834,17.28251],[96.66834,17.28197],[96.66717,17.28197],[96.6669,17.28251],[96.66717,17.28395],[96.66753,17.28395]]],[[[96.5547,17.28421],[96.55479,17.28359],[96.55407,17.28359],[96.55407,17.28296],[96.55452,17.28287],[96.55452,17.28251],[96.55416,17.28251],[96.55425,17.28062],[96.5538,17.28053],[96.55353,17.28098],[96.55398,17.28134],[96.55398,17.28197],[96.55344,17.28215],[96.55317,17.2835],[96.5538,17.28341],[96.5538,17.28386],[96.55443,17.28421],[96.5547,17.28421]]],[[[96.57554,17.28421],[96.57554,17.28386],[96.5759,17.28386],[96.57572,17.2826],[96.57626,17.28287],[96.57617,17.28359],[96.57671,17.28377],[96.57725,17.28368],[96.57761,17.28305],[96.57833,17.28323],[96.57833,17.28287],[96.57859,17.28287],[96.57922,17.28314],[96.57922,17.28278],[96.57788,17.28242],[96.57779,17.2817],[96.5768,17.28188],[96.57662,17.28143],[96.57581,17.28125],[96.57599,17.28224],[96.575,17.28251],[96.57464,17.28296],[96.57383,17.28278],[96.57356,17.28305],[96.57365,17.2835],[96.57419,17.2835],[96.57455,17.28395],[96.57509,17.28395],[96.57509,17.28421],[96.57554,17.28421]]],[[[96.56449,17.2843],[96.56521,17.28413],[96.56521,17.2835],[96.56458,17.2835],[96.56458,17.28395],[96.56404,17.28395],[96.56404,17.2843],[96.56449,17.2843]]],[[[96.66627,17.2843],[96.66627,17.28386],[96.66573,17.28386],[96.66564,17.2843],[96.66501,17.2843],[96.66501,17.28466],[96.66645,17.28484],[96.66636,17.2843],[96.66627,17.2843]]],[[[96.66591,17.28646],[96.66663,17.28637],[96.66663,17.2861],[96.66609,17.28601],[96.66627,17.2852],[96.66582,17.28502],[96.66537,17.28529],[96.66555,17.28646],[96.66591,17.28646]]],[[[96.55281,17.28745],[96.55317,17.28727],[96.55299,17.2861],[96.55344,17.28619],[96.55353,17.28691],[96.55425,17.28709],[96.55443,17.28592],[96.55497,17.28565],[96.55497,17.28529],[96.55443,17.28529],[96.55443,17.28565],[96.55344,17.28592],[96.55353,17.28484],[96.55191,17.28484],[96.55147,17.28601],[96.55183,17.2861],[96.55174,17.28709],[96.55236,17.28745],[96.55281,17.28745]]],[[[96.55605,17.28754],[96.55659,17.28745],[96.55668,17.28664],[96.55596,17.28664],[96.5556,17.28754],[96.55605,17.28754]]],[[[96.92651,17.28763],[96.92669,17.28691],[96.92759,17.28745],[96.9275,17.28691],[96.9284,17.28673],[96.9284,17.28619],[96.92777,17.28628],[96.92804,17.28556],[96.92678,17.28511],[96.92642,17.28404],[96.92597,17.28404],[96.92579,17.2835],[96.92543,17.28341],[96.92543,17.28404],[96.92588,17.28404],[96.92606,17.28493],[96.92651,17.28493],[96.92624,17.28565],[96.92561,17.28583],[96.92597,17.28655],[96.92588,17.28736],[96.92624,17.28736],[96.92624,17.28763],[96.92651,17.28763]]],[[[96.88456,17.28808],[96.88474,17.28709],[96.88627,17.28709],[96.88627,17.28655],[96.88402,17.28655],[96.88348,17.28763],[96.8842,17.28781],[96.8842,17.28808],[96.88456,17.28808]]],[[[96.55641,17.28835],[96.55677,17.28826],[96.55677,17.28754],[96.55596,17.28772],[96.55587,17.28835],[96.55641,17.28835]]],[[[96.89777,17.28835],[96.89831,17.28781],[96.89795,17.28691],[96.89741,17.28718],[96.8975,17.28835],[96.89777,17.28835]]],[[[96.65163,17.28943],[96.65172,17.28907],[96.65235,17.28898],[96.65235,17.28862],[96.65271,17.28862],[96.65271,17.28907],[96.65298,17.28907],[96.6528,17.28826],[96.65342,17.28772],[96.65351,17.28709],[96.65316,17.28709],[96.65316,17.28745],[96.65208,17.28808],[96.65154,17.28799],[96.65163,17.28898],[96.65109,17.28907],[96.65136,17.28943],[96.65163,17.28943]]],[[[96.67597,17.2896],[96.67633,17.28951],[96.67633,17.28871],[96.67588,17.28871],[96.67561,17.2896],[96.67597,17.2896]]],[[[96.90145,17.28969],[96.90244,17.28871],[96.90028,17.28862],[96.90019,17.28916],[96.90055,17.28916],[96.90055,17.28969],[96.90145,17.28969]]],[[[96.55443,17.29005],[96.55488,17.28996],[96.55488,17.28951],[96.55542,17.2896],[96.55596,17.28844],[96.55533,17.28862],[96.55524,17.28799],[96.55479,17.28772],[96.5547,17.28835],[96.55416,17.28835],[96.55443,17.28862],[96.55443,17.28969],[96.55416,17.28969],[96.5538,17.2896],[96.5538,17.28916],[96.55344,17.28916],[96.55317,17.28799],[96.55353,17.2879],[96.55344,17.28844],[96.55371,17.28844],[96.55434,17.28808],[96.55434,17.28763],[96.55317,17.28754],[96.55263,17.28799],[96.55183,17.28763],[96.55209,17.2879],[96.552,17.28871],[96.55335,17.28934],[96.55335,17.28996],[96.55416,17.29005],[96.55443,17.29005]]],[[[96.8842,17.29032],[96.8842,17.29005],[96.88492,17.29005],[96.88456,17.28898],[96.88276,17.28826],[96.88276,17.28925],[96.88303,17.28925],[96.88303,17.28889],[96.8842,17.28916],[96.8842,17.28951],[96.88366,17.2896],[96.88393,17.29032],[96.8842,17.29032]]],[[[96.65082,17.2905],[96.65145,17.28996],[96.65109,17.28951],[96.65028,17.28978],[96.65028,17.29041],[96.65055,17.2905],[96.65082,17.2905]]],[[[96.56826,17.29104],[96.56844,17.29023],[96.56773,17.29023],[96.56737,17.29086],[96.56799,17.29077],[96.56799,17.29104],[96.56826,17.29104]]],[[[96.55632,17.28996],[96.55569,17.28969],[96.5556,17.29005],[96.55596,17.29005],[96.55596,17.29032],[96.55533,17.2905],[96.55533,17.29086],[96.55578,17.29086],[96.55578,17.29131],[96.55623,17.29131],[96.55605,17.29041],[96.55632,17.29041],[96.55632,17.28996]]],[[[96.90298,17.29167],[96.90378,17.29104],[96.90441,17.29113],[96.90441,17.29059],[96.90262,17.29113],[96.90091,17.29068],[96.9001,17.29077],[96.9001,17.29041],[96.89983,17.29041],[96.90001,17.29104],[96.89813,17.29104],[96.89813,17.29077],[96.89723,17.29077],[96.89723,17.2905],[96.89615,17.29059],[96.89606,17.28987],[96.89651,17.28987],[96.89669,17.2888],[96.89633,17.2888],[96.89633,17.28925],[96.89525,17.28925],[96.89498,17.29041],[96.89471,17.29041],[96.89489,17.28934],[96.89363,17.28996],[96.89426,17.29086],[96.89687,17.29131],[96.90082,17.29113],[96.90154,17.29167],[96.90271,17.29167],[96.90298,17.29167]]],[[[96.6545,17.29176],[96.65675,17.2905],[96.65648,17.28969],[96.65576,17.2896],[96.65576,17.28916],[96.6554,17.28898],[96.6554,17.28862],[96.65567,17.28862],[96.6554,17.28754],[96.65414,17.2879],[96.65396,17.28898],[96.65369,17.28907],[96.65396,17.29068],[96.65423,17.29068],[96.65423,17.29014],[96.65459,17.29014],[96.65477,17.29059],[96.65477,17.29104],[96.65405,17.29104],[96.65423,17.29176],[96.6545,17.29176]]],[[[96.88708,17.2923],[96.88771,17.29221],[96.88771,17.29194],[96.88869,17.29221],[96.88887,17.2914],[96.88806,17.29176],[96.88788,17.2914],[96.88815,17.29113],[96.88708,17.29095],[96.88681,17.2923],[96.88708,17.2923]]],[[[96.90675,17.29239],[96.90783,17.29068],[96.90783,17.29014],[96.90711,17.28987],[96.90666,17.29104],[96.90621,17.29068],[96.90513,17.29095],[96.9054,17.29131],[96.90585,17.29131],[96.90648,17.29239],[96.90675,17.29239]]],[[[96.89193,17.29275],[96.89256,17.29239],[96.89256,17.29203],[96.89139,17.29194],[96.89139,17.29248],[96.89193,17.29248],[96.89193,17.29275]]],[[[96.89498,17.29275],[96.89507,17.29239],[96.89283,17.29212],[96.89283,17.29248],[96.89444,17.29275],[96.89498,17.29275]]],[[[96.85662,17.29284],[96.85653,17.29248],[96.85564,17.29239],[96.85564,17.29275],[96.85483,17.29275],[96.85483,17.29347],[96.8559,17.29329],[96.85626,17.29284],[96.85662,17.29284]]],[[[96.56566,17.29356],[96.56692,17.2932],[96.56692,17.29293],[96.56539,17.29293],[96.5653,17.29356],[96.56566,17.29356]]],[[[96.89193,17.29275],[96.89085,17.29293],[96.89112,17.29185],[96.89004,17.29185],[96.89013,17.29275],[96.89058,17.29275],[96.89058,17.29356],[96.89175,17.29374],[96.89193,17.2932],[96.89193,17.29275]]],[[[96.91582,17.279],[96.91555,17.27874],[96.91609,17.279],[96.91609,17.2782],[96.91672,17.27838],[96.91645,17.27775],[96.91798,17.27739],[96.91762,17.27631],[96.91807,17.27631],[96.91861,17.27685],[96.92013,17.27703],[96.92013,17.27676],[96.91879,17.27658],[96.91906,17.27604],[96.91699,17.27604],[96.91699,17.27631],[96.91663,17.27631],[96.91627,17.27514],[96.91654,17.27514],[96.91654,17.2755],[96.91717,17.27559],[96.91753,17.27523],[96.91825,17.27532],[96.91825,17.27496],[96.91753,17.27451],[96.91744,17.27379],[96.91708,17.27415],[96.91636,17.27415],[96.91645,17.27245],[96.916,17.27245],[96.91627,17.27317],[96.91555,17.2729],[96.91582,17.27424],[96.91537,17.27469],[96.91537,17.27577],[96.916,17.27577],[96.916,17.27613],[96.91483,17.2764],[96.91492,17.27577],[96.91412,17.27568],[96.9143,17.27622],[96.91394,17.27631],[96.91394,17.27694],[96.91304,17.27676],[96.91286,17.27793],[96.9125,17.27811],[96.91205,17.27963],[96.91142,17.27981],[96.9116,17.28062],[96.91124,17.28062],[96.9107,17.28314],[96.91043,17.28332],[96.91052,17.28368],[96.91106,17.28359],[96.91106,17.28395],[96.91043,17.28404],[96.91052,17.28475],[96.91025,17.28493],[96.91025,17.28574],[96.9107,17.28574],[96.91115,17.28646],[96.91088,17.28709],[96.91025,17.28736],[96.91061,17.2879],[96.91043,17.28934],[96.91079,17.28934],[96.91007,17.29095],[96.91016,17.29185],[96.91043,17.29185],[96.90998,17.29248],[96.91025,17.29356],[96.91106,17.29338],[96.91268,17.29374],[96.91277,17.2932],[96.91322,17.29311],[96.91313,17.29374],[96.91367,17.29347],[96.91412,17.29383],[96.91537,17.29383],[96.91564,17.29356],[96.91645,17.29392],[96.91645,17.29338],[96.91573,17.29302],[96.9134,17.29266],[96.91313,17.29221],[96.91277,17.29221],[96.91295,17.29095],[96.9134,17.29104],[96.91331,17.29158],[96.91358,17.29176],[96.91412,17.29131],[96.91412,17.29176],[96.91492,17.29185],[96.91501,17.29212],[96.91609,17.29212],[96.91609,17.29149],[96.91546,17.29176],[96.91465,17.29158],[96.91483,17.29113],[96.91546,17.2914],[96.91546,17.29095],[96.91465,17.2905],[96.91465,17.29023],[96.91421,17.29023],[96.91439,17.28943],[96.91367,17.28951],[96.91367,17.28978],[96.91322,17.28978],[96.91295,17.28943],[96.91223,17.28951],[96.91196,17.28844],[96.91133,17.28817],[96.91133,17.2879],[96.91169,17.2879],[96.91133,17.2861],[96.91151,17.28583],[96.91223,17.28592],[96.91214,17.28502],[96.91268,17.28493],[96.91277,17.28529],[96.91241,17.28673],[96.91412,17.28655],[96.91412,17.28628],[96.91376,17.28628],[96.91376,17.28547],[96.91304,17.28547],[96.91313,17.28511],[96.91367,17.28502],[96.91367,17.28448],[96.91304,17.28421],[96.91304,17.28341],[96.91394,17.2835],[96.91385,17.2826],[96.91358,17.2826],[96.91358,17.28305],[96.91304,17.28305],[96.91277,17.28251],[96.91322,17.28251],[96.91331,17.28188],[96.9143,17.28188],[96.91456,17.2826],[96.91546,17.28224],[96.91555,17.28143],[96.9151,17.28143],[96.91483,17.28089],[96.91564,17.28116],[96.916,17.28044],[96.91573,17.28071],[96.91465,17.28053],[96.91456,17.28125],[96.91385,17.28098],[96.91385,17.28143],[96.91358,17.28143],[96.91358,17.28089],[96.91385,17.28089],[96.91385,17.28053],[96.9143,17.28053],[96.91447,17.27972],[96.91483,17.27972],[96.9151,17.28044],[96.91537,17.28044],[96.91564,17.27981],[96.91591,17.27981],[96.91582,17.27945],[96.91582,17.279]],[[96.91286,17.27999],[96.91277,17.28071],[96.91232,17.28071],[96.91241,17.28197],[96.91196,17.28242],[96.91259,17.28323],[96.91259,17.2835],[96.91223,17.2835],[96.91223,17.28421],[96.9125,17.28439],[96.91223,17.28466],[96.91214,17.28404],[96.91187,17.28404],[96.91196,17.28287],[96.91142,17.28296],[96.91169,17.28206],[96.91142,17.28152],[96.91223,17.27981],[96.91259,17.27999],[96.91286,17.27999]],[[96.9125,17.28978],[96.9125,17.29068],[96.91187,17.2905],[96.91151,17.28996],[96.91151,17.28969],[96.91178,17.28978],[96.9125,17.28978]],[[96.91367,17.27918],[96.91304,17.279],[96.91304,17.27865],[96.91385,17.27793],[96.91403,17.27927],[96.91376,17.27918],[96.91367,17.27918]]],[[[96.54572,17.29437],[96.54599,17.29392],[96.54563,17.29383],[96.54563,17.29347],[96.54661,17.29383],[96.54661,17.29338],[96.5476,17.29347],[96.54805,17.29284],[96.54715,17.29284],[96.54697,17.29194],[96.54617,17.29221],[96.54617,17.29266],[96.54554,17.29239],[96.54554,17.29266],[96.54509,17.29275],[96.54509,17.29356],[96.54473,17.29365],[96.54545,17.29437],[96.54572,17.29437]]],[[[96.64893,17.29589],[96.64911,17.29544],[96.64974,17.29517],[96.64992,17.29446],[96.65064,17.29446],[96.65073,17.29526],[96.65145,17.29544],[96.65109,17.2941],[96.65154,17.2941],[96.6519,17.29338],[96.65226,17.29338],[96.65226,17.29374],[96.65316,17.29347],[96.65307,17.29302],[96.65235,17.29284],[96.6528,17.29122],[96.65199,17.29113],[96.65163,17.29158],[96.65127,17.29131],[96.65055,17.29158],[96.65091,17.29239],[96.65055,17.29239],[96.65028,17.29329],[96.651,17.29374],[96.651,17.2941],[96.65055,17.29401],[96.65028,17.29338],[96.64911,17.29329],[96.64884,17.29446],[96.64803,17.2949],[96.64812,17.29562],[96.64866,17.29562],[96.64866,17.29589],[96.64893,17.29589]]],[[[96.64633,17.29688],[96.64633,17.29652],[96.64678,17.29652],[96.64714,17.29571],[96.64714,17.29401],[96.64669,17.2941],[96.6457,17.29553],[96.64561,17.2967],[96.64597,17.29688],[96.64633,17.29688]]],[[[96.65055,17.29688],[96.65127,17.29652],[96.65127,17.29616],[96.65082,17.29589],[96.64956,17.29661],[96.64956,17.29688],[96.65055,17.29688]]],[[[96.64121,17.29841],[96.64148,17.29805],[96.64193,17.29805],[96.64211,17.29706],[96.64166,17.29706],[96.64139,17.29796],[96.64067,17.29796],[96.64067,17.29841],[96.64121,17.29841]]],[[[96.64453,17.29877],[96.64471,17.29823],[96.64516,17.29823],[96.64498,17.29643],[96.64444,17.29643],[96.64435,17.29706],[96.64408,17.29706],[96.64417,17.2976],[96.64453,17.2976],[96.64417,17.29814],[96.64426,17.29877],[96.64453,17.29877]]],[[[96.56844,17.2994],[96.56925,17.29913],[96.56907,17.29805],[96.56835,17.29814],[96.56808,17.2985],[96.56817,17.2994],[96.56844,17.2994]]],[[[96.56368,17.29958],[96.56377,17.29922],[96.56269,17.29832],[96.56323,17.29958],[96.56368,17.29958]]],[[[96.57365,17.29949],[96.57365,17.29922],[96.57419,17.29931],[96.57419,17.29904],[96.57347,17.29895],[96.57338,17.29868],[96.57285,17.29904],[96.57285,17.29868],[96.57249,17.29868],[96.57231,17.29931],[96.57195,17.29931],[96.57195,17.29976],[96.57338,17.29949],[96.57374,17.30038],[96.57428,17.30038],[96.5741,17.29949],[96.57365,17.29949]]],[[[96.64022,17.30155],[96.64031,17.30065],[96.63986,17.30065],[96.63986,17.3002],[96.63959,17.3002],[96.6395,17.30092],[96.63995,17.30155],[96.64022,17.30155]]],[[[96.54994,17.30182],[96.55075,17.30173],[96.55075,17.30083],[96.54949,17.3011],[96.54922,17.30182],[96.54994,17.30182]]],[[[96.63815,17.30209],[96.63851,17.30182],[96.63851,17.30137],[96.63815,17.30119],[96.63636,17.30101],[96.63654,17.30155],[96.63627,17.30155],[96.63627,17.3011],[96.63591,17.30092],[96.63519,17.30065],[96.63447,17.30083],[96.63447,17.3002],[96.6342,17.3002],[96.63411,17.30083],[96.63384,17.30083],[96.63375,17.30012],[96.6333,17.3002],[96.63321,17.30074],[96.63213,17.30047],[96.63267,17.30101],[96.63357,17.30092],[96.63366,17.30137],[96.63447,17.30137],[96.63447,17.30164],[96.63528,17.30173],[96.63555,17.30146],[96.63555,17.30191],[96.63743,17.30182],[96.63743,17.30209],[96.63815,17.30209]]],[[[96.67274,17.30209],[96.67319,17.30182],[96.67274,17.3011],[96.6722,17.30119],[96.67238,17.30209],[96.67274,17.30209]]],[[[96.57078,17.30218],[96.57204,17.30173],[96.57258,17.30092],[96.57258,17.30065],[96.57141,17.30083],[96.57132,17.29994],[96.57087,17.2994],[96.57051,17.2994],[96.57087,17.30038],[96.57006,17.29994],[96.56997,17.2994],[96.56952,17.2994],[96.56844,17.29967],[96.56817,17.3002],[96.56719,17.30056],[96.56719,17.30083],[96.56799,17.30092],[96.56799,17.30128],[96.56997,17.30146],[96.57015,17.30218],[96.57078,17.30218]]],[[[96.5635,17.30254],[96.56377,17.30236],[96.56368,17.30173],[96.56314,17.30164],[96.56305,17.30092],[96.56252,17.30092],[96.56314,17.30254],[96.5635,17.30254]]],[[[96.55048,17.30281],[96.55066,17.30227],[96.54976,17.30209],[96.54994,17.30281],[96.55048,17.30281]]],[[[96.56952,17.30281],[96.56988,17.30272],[96.56988,17.30227],[96.56889,17.302],[96.56898,17.30272],[96.56925,17.30281],[96.56952,17.30281]]],[[[96.54922,17.3029],[96.5494,17.30209],[96.54769,17.302],[96.54796,17.30281],[96.54895,17.30263],[96.54895,17.3029],[96.54922,17.3029]]],[[[96.55632,17.28996],[96.55721,17.29005],[96.55721,17.29086],[96.55883,17.29158],[96.55883,17.29185],[96.55775,17.29167],[96.55713,17.29212],[96.55721,17.29356],[96.55677,17.29455],[96.5565,17.29661],[96.55641,17.29985],[96.55605,17.29994],[96.55605,17.30029],[96.55686,17.30056],[96.55695,17.30012],[96.55748,17.30003],[96.55775,17.30083],[96.55865,17.30065],[96.55865,17.30101],[96.55793,17.30128],[96.55802,17.30227],[96.55838,17.30245],[96.55838,17.30299],[96.55955,17.30299],[96.55964,17.30227],[96.56207,17.30092],[96.56225,17.3002],[96.5626,17.3002],[96.56243,17.29904],[96.5618,17.29868],[96.56171,17.29688],[96.56198,17.29688],[96.56234,17.29796],[96.56278,17.29796],[96.5626,17.29706],[96.56431,17.29697],[96.56431,17.29652],[96.56368,17.29661],[96.56368,17.2958],[96.56287,17.29535],[96.56269,17.29482],[96.56323,17.29482],[96.56332,17.29535],[96.56404,17.29544],[96.5644,17.29589],[96.5653,17.29553],[96.5653,17.29499],[96.56467,17.29482],[96.56467,17.29419],[96.56386,17.29437],[96.56413,17.29356],[96.56323,17.2932],[96.56323,17.29284],[96.56395,17.29311],[96.56404,17.29275],[96.56485,17.29284],[96.56638,17.29221],[96.56647,17.28951],[96.56746,17.28978],[96.56755,17.28916],[96.56737,17.28889],[96.56701,17.28916],[96.56575,17.28898],[96.56602,17.28763],[96.5653,17.28781],[96.56494,17.28889],[96.56539,17.28889],[96.56539,17.28916],[96.56449,17.28943],[96.56431,17.29005],[96.56467,17.29077],[96.56557,17.29032],[96.56548,17.29095],[96.5653,17.2914],[96.56476,17.29095],[96.56395,17.29095],[96.56404,17.29203],[96.56377,17.29203],[96.5635,17.29122],[96.5635,17.29095],[96.56404,17.29086],[96.56395,17.29023],[96.56332,17.29023],[96.56332,17.28978],[96.56287,17.28969],[96.56305,17.28916],[96.5635,17.28934],[96.5635,17.28978],[96.56395,17.28951],[96.56404,17.28871],[96.56341,17.2888],[96.56341,17.28808],[96.56305,17.28808],[96.56314,17.28871],[96.56278,17.28871],[96.56278,17.28817],[96.56198,17.28826],[96.56198,17.28799],[96.56135,17.28781],[96.56,17.2879],[96.55955,17.28835],[96.55838,17.28754],[96.55739,17.28781],[96.55757,17.28727],[96.55704,17.28709],[96.55721,17.28835],[96.55641,17.28871],[96.55632,17.28969],[96.55632,17.28996]],[[96.55991,17.29194],[96.56108,17.29221],[96.56117,17.29347],[96.5618,17.29383],[96.5618,17.2941],[96.56117,17.2941],[96.56153,17.29607],[96.56189,17.29634],[96.56171,17.29679],[96.56126,17.29661],[96.56108,17.29526],[96.56,17.2949],[96.55991,17.29392],[96.5609,17.29338],[96.56081,17.29248],[96.56018,17.29284],[96.56,17.2923],[96.55928,17.2923],[96.55919,17.29194],[96.55991,17.29194]]],[[[96.55623,17.29131],[96.55623,17.29158],[96.5556,17.29158],[96.55515,17.29212],[96.55398,17.29194],[96.55443,17.29266],[96.55353,17.29356],[96.55353,17.29392],[96.55398,17.29419],[96.55398,17.29383],[96.55425,17.29383],[96.5538,17.29517],[96.55443,17.29544],[96.55461,17.29625],[96.5538,17.29661],[96.55362,17.29589],[96.55335,17.29589],[96.55335,17.29517],[96.55254,17.29535],[96.55272,17.29455],[96.55236,17.29455],[96.55227,17.29419],[96.55263,17.2941],[96.55263,17.29446],[96.5529,17.29446],[96.55326,17.2923],[96.55371,17.2923],[96.55371,17.29203],[96.55272,17.29221],[96.55263,17.29176],[96.55317,17.29194],[96.55308,17.29104],[96.55398,17.29095],[96.55398,17.29068],[96.55326,17.2905],[96.55299,17.29059],[96.55299,17.29104],[96.55129,17.29131],[96.55093,17.29005],[96.55174,17.29077],[96.5529,17.29077],[96.55272,17.29014],[96.55191,17.29041],[96.55174,17.28987],[96.55138,17.28987],[96.55147,17.28889],[96.5512,17.28889],[96.5512,17.28925],[96.55066,17.28907],[96.55012,17.28934],[96.55012,17.28871],[96.55084,17.2888],[96.55066,17.2879],[96.55012,17.28799],[96.55012,17.28853],[96.54949,17.28862],[96.54922,17.28853],[96.5494,17.2879],[96.54868,17.2879],[96.5485,17.28763],[96.5485,17.28736],[96.5494,17.28718],[96.5494,17.28655],[96.55156,17.28538],[96.55138,17.2843],[96.55165,17.2843],[96.55165,17.28395],[96.55075,17.28395],[96.55084,17.28332],[96.55129,17.28332],[96.55129,17.28305],[96.55066,17.28296],[96.54949,17.2835],[96.54931,17.28278],[96.54823,17.28269],[96.54823,17.28224],[96.54742,17.28206],[96.54742,17.2826],[96.54823,17.28278],[96.54814,17.28359],[96.54751,17.28368],[96.54724,17.2843],[96.54644,17.28457],[96.54644,17.2852],[96.54751,17.28529],[96.54796,17.28484],[96.54796,17.28601],[96.54895,17.28583],[96.54931,17.28646],[96.54859,17.28628],[96.54859,17.28673],[96.54832,17.28673],[96.5476,17.2861],[96.54697,17.28628],[96.54697,17.28583],[96.54644,17.28583],[96.5467,17.28655],[96.54706,17.28664],[96.54706,17.287],[96.5467,17.28709],[96.54652,17.28637],[96.54545,17.28619],[96.54536,17.28655],[96.54599,17.28673],[96.54599,17.287],[96.54572,17.28799],[96.54536,17.28808],[96.54536,17.28871],[96.54635,17.28907],[96.54688,17.28996],[96.5467,17.29068],[96.54697,17.29122],[96.54751,17.2914],[96.54742,17.29194],[96.54832,17.29167],[96.54823,17.29239],[96.54877,17.29239],[96.54886,17.29275],[96.54949,17.29257],[96.5494,17.29347],[96.54967,17.29365],[96.55012,17.29365],[96.55003,17.29212],[96.55048,17.29167],[96.55147,17.29176],[96.55165,17.2932],[96.552,17.2932],[96.552,17.29347],[96.55129,17.29374],[96.55129,17.2941],[96.55183,17.29437],[96.552,17.29544],[96.55254,17.29553],[96.55254,17.29589],[96.55209,17.29589],[96.55191,17.29661],[96.55084,17.29742],[96.55075,17.29796],[96.55326,17.29787],[96.55326,17.29841],[96.55281,17.29868],[96.55263,17.2994],[96.55138,17.29931],[96.55075,17.29958],[96.55057,17.30029],[96.552,17.3002],[96.55218,17.29967],[96.55263,17.29967],[96.55326,17.29913],[96.55398,17.29922],[96.55398,17.29949],[96.55317,17.29949],[96.55353,17.30128],[96.5529,17.30137],[96.5529,17.30191],[96.55254,17.30191],[96.55245,17.30236],[96.55218,17.30236],[96.55245,17.302],[96.55218,17.30074],[96.55111,17.30083],[96.55111,17.302],[96.55138,17.30209],[96.55111,17.30317],[96.55209,17.30335],[96.55245,17.30299],[96.55479,17.30272],[96.55488,17.30092],[96.55452,17.30029],[96.55488,17.29994],[96.55452,17.29886],[96.55497,17.29859],[96.55497,17.29778],[96.55452,17.29778],[96.55452,17.29733],[96.55506,17.29706],[96.55551,17.29751],[96.55605,17.29742],[96.55587,17.29652],[96.55623,17.29652],[96.55632,17.29553],[96.55596,17.29553],[96.55596,17.29526],[96.55641,17.29526],[96.55668,17.29329],[96.5565,17.29131],[96.55623,17.29131]],[[96.5485,17.29041],[96.5485,17.28969],[96.54877,17.2896],[96.5485,17.28907],[96.54913,17.28889],[96.54931,17.28969],[96.55003,17.28987],[96.55003,17.29023],[96.54922,17.29014],[96.54895,17.29041],[96.5485,17.29041]],[[96.54742,17.28871],[96.54742,17.28826],[96.54823,17.28799],[96.54823,17.2888],[96.54769,17.28871],[96.54742,17.28871]]],[[[96.54868,17.30371],[96.54904,17.30308],[96.54706,17.30326],[96.54706,17.30371],[96.54769,17.30371],[96.54868,17.30371]]],[[[96.55739,17.30416],[96.55829,17.30344],[96.55829,17.3029],[96.55784,17.30254],[96.55686,17.30308],[96.55704,17.30416],[96.55739,17.30416]]],[[[96.64202,17.30452],[96.64471,17.30434],[96.64444,17.30344],[96.6448,17.30344],[96.6448,17.30317],[96.64363,17.30281],[96.64229,17.30326],[96.64211,17.30389],[96.64157,17.30398],[96.64166,17.30452],[96.64202,17.30452]]],[[[96.54715,17.30488],[96.54823,17.30479],[96.54895,17.30407],[96.54688,17.30434],[96.54688,17.30488],[96.54715,17.30488]]],[[[96.55371,17.30488],[96.55371,17.30344],[96.55317,17.30344],[96.55326,17.30488],[96.55371,17.30488]]],[[[96.55281,17.30497],[96.55281,17.30353],[96.55236,17.30353],[96.55218,17.30425],[96.55174,17.30434],[96.55227,17.30497],[96.55281,17.30497]]],[[[96.5662,17.30497],[96.56665,17.30479],[96.56647,17.30353],[96.56611,17.30353],[96.56638,17.30281],[96.56683,17.30236],[96.56782,17.30245],[96.56844,17.30227],[96.56844,17.302],[96.56701,17.30146],[96.56701,17.30119],[96.56647,17.30119],[96.56593,17.30065],[96.56422,17.30029],[96.56386,17.30047],[96.56395,17.30146],[96.56422,17.30155],[96.56422,17.30236],[96.56476,17.30335],[96.56485,17.30461],[96.56557,17.30461],[96.56584,17.30497],[96.5662,17.30497]]],[[[96.57141,17.30524],[96.57159,17.30452],[96.57213,17.30461],[96.57186,17.30335],[96.57141,17.30335],[96.57141,17.30371],[96.57096,17.3038],[96.57096,17.30344],[96.57006,17.30281],[96.56952,17.30362],[96.56916,17.30362],[96.56925,17.30425],[96.5697,17.30425],[96.5697,17.30461],[96.57078,17.30425],[96.57114,17.30524],[96.57141,17.30524]]],[[[96.55829,17.30533],[96.55838,17.30506],[96.55946,17.30497],[96.55955,17.30416],[96.55928,17.30371],[96.55856,17.30362],[96.55793,17.30425],[96.55766,17.30488],[96.55802,17.30533],[96.55829,17.30533]]],[[[96.66986,17.30685],[96.67013,17.30649],[96.67139,17.30667],[96.67148,17.30604],[96.67103,17.30568],[96.67103,17.30515],[96.6713,17.30461],[96.67211,17.30452],[96.6722,17.30407],[96.67265,17.30389],[96.67256,17.30353],[96.67193,17.30353],[96.67193,17.30407],[96.67166,17.30407],[96.67166,17.3038],[96.67121,17.3038],[96.67121,17.30335],[96.67049,17.30344],[96.67103,17.3029],[96.67175,17.30326],[96.67166,17.302],[96.67103,17.30209],[96.67103,17.30173],[96.67184,17.30164],[96.67184,17.3011],[96.67103,17.30119],[96.67058,17.30182],[96.67067,17.30263],[96.67013,17.30263],[96.66995,17.30299],[96.67013,17.30389],[96.66986,17.30425],[96.67067,17.30434],[96.67085,17.3047],[96.67004,17.30461],[96.67004,17.30542],[96.6695,17.30559],[96.66932,17.30685],[96.66986,17.30685]]],[[[96.55766,17.30775],[96.55802,17.30757],[96.55802,17.30568],[96.55757,17.30542],[96.55757,17.30506],[96.55668,17.30497],[96.55641,17.30524],[96.5565,17.30712],[96.55704,17.30739],[96.55704,17.30775],[96.55766,17.30775]]],[[[96.64175,17.30793],[96.64184,17.30721],[96.64121,17.30721],[96.64121,17.30829],[96.64202,17.30838],[96.64202,17.30793],[96.64175,17.30793]]],[[[96.68379,17.30856],[96.68406,17.30784],[96.6837,17.30784],[96.6837,17.30757],[96.68496,17.30739],[96.68496,17.30712],[96.68576,17.30739],[96.68603,17.30721],[96.68603,17.30613],[96.68648,17.30613],[96.68648,17.30676],[96.68684,17.30667],[96.68666,17.30533],[96.68567,17.30533],[96.68567,17.30506],[96.68675,17.30497],[96.68657,17.30407],[96.68433,17.30398],[96.68406,17.30263],[96.68325,17.30299],[96.68235,17.30281],[96.68217,17.30326],[96.68082,17.30353],[96.68073,17.30389],[96.68001,17.30425],[96.68037,17.30533],[96.68208,17.30559],[96.68208,17.30586],[96.68136,17.30595],[96.68091,17.30676],[96.68028,17.30703],[96.68064,17.30802],[96.68154,17.30793],[96.68154,17.30829],[96.68181,17.30829],[96.6819,17.30793],[96.68307,17.30811],[96.68307,17.30775],[96.68343,17.30775],[96.68352,17.30856],[96.68379,17.30856]],[[96.68352,17.30586],[96.68262,17.30586],[96.68235,17.30542],[96.68433,17.30488],[96.68442,17.30434],[96.68496,17.30434],[96.68496,17.30515],[96.6854,17.30515],[96.6854,17.3055],[96.68415,17.30586],[96.68352,17.30586]]],[[[96.66888,17.3091],[96.66888,17.30883],[96.66923,17.30883],[96.66923,17.30811],[96.66816,17.30793],[96.66816,17.30829],[96.66771,17.30829],[96.66771,17.30874],[96.66825,17.30883],[96.66825,17.3091],[96.66888,17.3091]]],[[[96.55973,17.30982],[96.56072,17.30937],[96.56198,17.30928],[96.56207,17.30865],[96.56332,17.30892],[96.56368,17.30829],[96.56269,17.30811],[96.5626,17.30712],[96.56072,17.3073],[96.56063,17.30784],[96.55928,17.30766],[96.55784,17.30811],[96.55784,17.30865],[96.5582,17.30865],[96.55919,17.30982],[96.55973,17.30982]],[[96.56063,17.30847],[96.56171,17.30748],[96.56243,17.30766],[96.56252,17.30838],[96.56198,17.30784],[96.56126,17.30856],[96.56099,17.30847],[96.56063,17.30847]]],[[[96.67094,17.30964],[96.67094,17.3091],[96.67139,17.30901],[96.67112,17.30793],[96.67157,17.30793],[96.67175,17.30721],[96.67112,17.30739],[96.67067,17.30712],[96.6695,17.30748],[96.66941,17.30829],[96.66995,17.30937],[96.67076,17.30991],[96.67103,17.30964],[96.67094,17.30964]]],[[[96.68397,17.31045],[96.68397,17.31009],[96.68451,17.31],[96.6846,17.30964],[96.68343,17.30982],[96.68298,17.30955],[96.68298,17.31009],[96.6837,17.31018],[96.6837,17.31045],[96.68397,17.31045]]],[[[96.55695,17.31054],[96.55775,17.31018],[96.55802,17.3091],[96.55757,17.30892],[96.55757,17.30847],[96.55686,17.30892],[96.55713,17.30802],[96.55623,17.30775],[96.55605,17.3082],[96.55659,17.30847],[96.55632,17.30919],[96.55668,17.31054],[96.55695,17.31054]]],[[[96.67202,17.31161],[96.67211,17.31],[96.67166,17.31],[96.67157,17.31161],[96.67202,17.31161]]],[[[96.85779,17.3117],[96.85788,17.30928],[96.85815,17.30928],[96.85815,17.30901],[96.85779,17.30901],[96.85779,17.30865],[96.85806,17.30865],[96.85779,17.30802],[96.85779,17.30506],[96.85941,17.29985],[96.85986,17.29949],[96.86085,17.29652],[96.86255,17.29356],[96.86273,17.29248],[96.86363,17.29122],[96.86381,17.29005],[96.86444,17.28969],[96.86444,17.28889],[96.86498,17.28853],[96.86525,17.28736],[96.8657,17.28718],[96.86633,17.28529],[96.8674,17.28448],[96.8674,17.28421],[96.86642,17.28439],[96.86642,17.28413],[96.86713,17.28413],[96.86722,17.2835],[96.86776,17.28377],[96.86893,17.2826],[96.86965,17.28089],[96.8701,17.2808],[96.87037,17.27972],[96.87127,17.27865],[96.87127,17.2782],[96.87001,17.27891],[96.87001,17.27918],[96.86938,17.27909],[96.8692,17.28008],[96.86821,17.2808],[96.86749,17.28089],[96.86642,17.28233],[96.8657,17.28224],[96.86453,17.28341],[96.8639,17.28332],[96.86354,17.28439],[96.86264,17.28484],[96.86201,17.28619],[96.86103,17.28691],[96.86103,17.28745],[96.86022,17.28826],[96.86013,17.28889],[96.8595,17.28916],[96.85941,17.28978],[96.85914,17.28987],[96.85932,17.2905],[96.85878,17.29041],[96.85869,17.29095],[96.85806,17.29158],[96.85671,17.29688],[96.85626,17.29706],[96.85662,17.29796],[96.85581,17.302],[96.85617,17.30452],[96.85573,17.30452],[96.85573,17.30479],[96.85626,17.30488],[96.85635,17.30631],[96.8568,17.30712],[96.85671,17.30883],[96.85698,17.30883],[96.85716,17.30955],[96.85689,17.31018],[96.85734,17.31018],[96.85752,17.3117],[96.85779,17.3117]],[[96.8577,17.30209],[96.85707,17.302],[96.8568,17.30146],[96.85806,17.30146],[96.85842,17.302],[96.85797,17.30209],[96.8577,17.30209]]],[[[96.56377,17.31179],[96.56377,17.31081],[96.56296,17.31063],[96.56323,17.31179],[96.56377,17.31179]]],[[[96.65971,17.31215],[96.66052,17.31161],[96.66052,17.31116],[96.66007,17.31081],[96.65962,17.31081],[96.65935,17.31116],[96.65926,17.31215],[96.65971,17.31215]]],[[[96.60114,17.31224],[96.60114,17.31107],[96.60078,17.31098],[96.59997,17.3117],[96.59908,17.31179],[96.59953,17.31224],[96.5998,17.31197],[96.60078,17.31224],[96.60114,17.31224]]],[[[96.85564,17.31233],[96.85635,17.31206],[96.85644,17.31107],[96.85599,17.31125],[96.85599,17.3117],[96.85537,17.31233],[96.85564,17.31233]]],[[[96.59997,17.31422],[96.60033,17.31359],[96.59988,17.31359],[96.59988,17.31323],[96.60006,17.31287],[96.60078,17.31296],[96.60078,17.3126],[96.59953,17.3126],[96.59917,17.31305],[96.59863,17.31305],[96.59863,17.31341],[96.59899,17.31377],[96.59953,17.31377],[96.59971,17.31422],[96.59997,17.31422]]],[[[96.6059,17.31808],[96.60617,17.31781],[96.60617,17.31691],[96.60483,17.31664],[96.60465,17.31736],[96.60536,17.31718],[96.60536,17.31808],[96.6059,17.31808]]],[[[96.59899,17.31952],[96.59899,17.31916],[96.5998,17.31943],[96.60105,17.31916],[96.60105,17.31889],[96.60078,17.31862],[96.60033,17.31871],[96.60033,17.31898],[96.59997,17.31871],[96.59899,17.31889],[96.59899,17.31853],[96.59953,17.31862],[96.59953,17.31817],[96.59827,17.31835],[96.59791,17.31907],[96.59872,17.31952],[96.59899,17.31952]]],[[[96.60087,17.32114],[96.60204,17.32087],[96.60204,17.32051],[96.60141,17.32042],[96.60141,17.32015],[96.60186,17.32015],[96.60186,17.31961],[96.60105,17.31961],[96.60105,17.32051],[96.60051,17.3206],[96.6006,17.32114],[96.60087,17.32114]]],[[[96.60024,17.32212],[96.60006,17.32132],[96.59908,17.32132],[96.59917,17.32194],[96.59997,17.32212],[96.60024,17.32212]]],[[[96.60465,17.3223],[96.60465,17.32203],[96.6051,17.32203],[96.60518,17.32141],[96.60518,17.32069],[96.60447,17.32078],[96.60465,17.32024],[96.60501,17.32024],[96.60465,17.31853],[96.6051,17.31853],[96.6051,17.31826],[96.60447,17.31808],[96.60429,17.31682],[96.60465,17.31664],[96.60456,17.31584],[96.60492,17.31575],[96.60492,17.31467],[96.60447,17.31458],[96.60447,17.31377],[96.60393,17.31395],[96.60438,17.31305],[96.60375,17.31287],[96.60348,17.31143],[96.60321,17.31143],[96.60222,17.31215],[96.60222,17.31269],[96.60168,17.31269],[96.60123,17.31224],[96.60096,17.31314],[96.6015,17.31341],[96.60159,17.31386],[96.60042,17.31395],[96.60042,17.31422],[96.60087,17.31422],[96.60087,17.31476],[96.60042,17.31476],[96.60042,17.31557],[96.6015,17.31485],[96.6015,17.31413],[96.60186,17.31449],[96.60294,17.31422],[96.60276,17.31548],[96.60303,17.31575],[96.60357,17.31566],[96.60375,17.31655],[96.60339,17.31655],[96.60321,17.31602],[96.60267,17.31602],[96.60267,17.31628],[96.60303,17.31628],[96.60303,17.317],[96.60393,17.31718],[96.60393,17.31745],[96.60285,17.31727],[96.60312,17.3188],[96.60276,17.31916],[96.60384,17.31916],[96.6042,17.32087],[96.60348,17.32105],[96.60339,17.31997],[96.60267,17.32006],[96.60231,17.31979],[96.60231,17.32024],[96.60285,17.32051],[96.60303,17.32158],[96.60429,17.32176],[96.60429,17.3223],[96.60465,17.3223]]],[[[96.64732,17.32715],[96.64768,17.32706],[96.64785,17.32653],[96.64848,17.32662],[96.64875,17.32608],[96.65001,17.32617],[96.6501,17.32563],[96.65055,17.32563],[96.65055,17.32536],[96.65181,17.32518],[96.65208,17.32491],[96.65199,17.32437],[96.65262,17.32464],[96.65307,17.32347],[96.65244,17.32347],[96.65244,17.3232],[96.65333,17.32311],[96.65333,17.32338],[96.65369,17.32338],[96.65405,17.32248],[96.65351,17.32239],[96.65342,17.32203],[96.65531,17.32132],[96.65531,17.32078],[96.65612,17.32033],[96.65612,17.3188],[96.65558,17.31889],[96.65567,17.31961],[96.65513,17.31952],[96.65567,17.31808],[96.65396,17.31772],[96.65396,17.31808],[96.65351,17.31808],[96.65351,17.31844],[96.65324,17.31844],[96.65333,17.31781],[96.65271,17.31763],[96.65271,17.31718],[96.65324,17.31718],[96.65324,17.31691],[96.65351,17.31691],[96.65351,17.31727],[96.65396,17.31718],[96.65387,17.31664],[96.65432,17.31637],[96.65423,17.31718],[96.65468,17.31727],[96.65468,17.31754],[96.65702,17.31817],[96.65747,17.31494],[96.6581,17.31485],[96.65837,17.3144],[96.65819,17.31377],[96.65863,17.31377],[96.65863,17.31341],[96.6581,17.31341],[96.65774,17.31386],[96.65693,17.31377],[96.65657,17.31404],[96.65675,17.31305],[96.65576,17.31287],[96.65522,17.31314],[96.65513,17.31242],[96.6554,17.31242],[96.65585,17.31116],[96.65585,17.31089],[96.65522,17.31089],[96.65522,17.31],[96.65612,17.31027],[96.65558,17.30919],[96.65612,17.30955],[96.65612,17.30991],[96.65693,17.30991],[96.65711,17.31018],[96.65711,17.31045],[96.65639,17.31063],[96.65639,17.31089],[96.65684,17.31089],[96.65657,17.31179],[96.65576,17.31179],[96.65585,17.31251],[96.65612,17.31251],[96.6572,17.31215],[96.6572,17.31089],[96.65747,17.31089],[96.65747,17.31143],[96.65819,17.31116],[96.65819,17.31152],[96.65854,17.31161],[96.65819,17.31063],[96.65899,17.31107],[96.65899,17.31036],[96.65926,17.31018],[96.65908,17.30928],[96.66016,17.30973],[96.66016,17.31018],[96.6607,17.31027],[96.6607,17.31089],[96.66205,17.31098],[96.66205,17.31036],[96.6616,17.31036],[96.6616,17.31072],[96.66133,17.31072],[96.66133,17.31027],[96.66268,17.30946],[96.66277,17.30883],[96.66322,17.30883],[96.66313,17.30658],[96.66429,17.30667],[96.66384,17.3082],[96.66591,17.30793],[96.66771,17.3073],[96.66897,17.30739],[96.66941,17.30524],[96.66888,17.30524],[96.66888,17.30488],[96.6695,17.30497],[96.66959,17.30425],[96.66941,17.30317],[96.66968,17.30254],[96.66941,17.30209],[96.67031,17.30164],[96.67076,17.30092],[96.67121,17.30092],[96.67121,17.29985],[96.66986,17.30003],[96.6704,17.30065],[96.66977,17.30092],[96.66977,17.30146],[96.6695,17.30146],[96.66807,17.30092],[96.66825,17.30012],[96.66923,17.30038],[96.6695,17.30003],[96.6695,17.29958],[96.66897,17.30003],[96.66897,17.29958],[96.66834,17.29958],[96.66834,17.29931],[96.66977,17.29922],[96.66977,17.29967],[96.67085,17.29967],[96.67085,17.29922],[96.67121,17.29922],[96.67121,17.29895],[96.6704,17.29904],[96.6704,17.2985],[96.67157,17.29859],[96.67193,17.29823],[96.67283,17.29859],[96.67301,17.29931],[96.67274,17.29931],[96.67274,17.29994],[96.67355,17.29985],[96.67382,17.29778],[96.67328,17.29778],[96.67337,17.29841],[96.67301,17.29841],[96.67301,17.29787],[96.67265,17.29787],[96.67238,17.29706],[96.6731,17.29715],[96.6731,17.29679],[96.67373,17.29643],[96.67373,17.29589],[96.67337,17.29589],[96.67328,17.29544],[96.67265,17.29553],[96.67265,17.29526],[96.67391,17.29508],[96.67373,17.29455],[96.6731,17.29464],[96.6731,17.29437],[96.67337,17.29383],[96.674,17.29392],[96.67409,17.29365],[96.67471,17.29356],[96.67471,17.29221],[96.67427,17.29221],[96.67427,17.29194],[96.67471,17.29194],[96.6748,17.29104],[96.67543,17.29068],[96.67543,17.28987],[96.67418,17.28951],[96.67418,17.28925],[96.67453,17.28925],[96.6748,17.28835],[96.67588,17.28835],[96.67588,17.2879],[96.6766,17.28808],[96.6766,17.28637],[96.67579,17.28664],[96.67606,17.28637],[96.67579,17.28565],[96.67669,17.28583],[96.67705,17.28395],[96.67786,17.28386],[96.67786,17.28341],[96.67714,17.28341],[96.67696,17.28395],[96.67633,17.28395],[96.67615,17.28314],[96.67669,17.28314],[96.67669,17.2826],[96.67615,17.2826],[96.67579,17.28224],[96.67606,17.28161],[96.67534,17.2817],[96.67534,17.28197],[96.67471,17.28188],[96.67471,17.28233],[96.67418,17.28242],[96.67445,17.28323],[96.67373,17.28341],[96.674,17.28215],[96.67445,17.28215],[96.67445,17.28179],[96.67391,17.28179],[96.67391,17.28152],[96.67489,17.28125],[96.67516,17.28053],[96.67471,17.28053],[96.67471,17.28026],[96.67606,17.28026],[96.6757,17.27945],[96.67633,17.27945],[96.67615,17.28035],[96.67642,17.2808],[96.67696,17.2808],[96.67669,17.28152],[96.67804,17.28143],[96.6784,17.2808],[96.67822,17.27999],[96.67732,17.28008],[96.67723,17.27963],[96.67777,17.27963],[96.6775,17.27891],[96.67813,17.27891],[96.67822,17.27865],[96.67741,17.27784],[96.67867,17.27811],[96.67867,17.27784],[96.67831,17.27784],[96.6784,17.27667],[96.67813,17.27667],[96.67858,17.27559],[96.67723,17.27559],[96.67696,17.27523],[96.67795,17.27487],[96.67795,17.27523],[96.6784,17.27523],[96.6784,17.2755],[96.67903,17.27541],[96.67903,17.27505],[96.6784,17.27496],[96.6784,17.27433],[96.67894,17.27478],[96.681,17.27469],[96.68127,17.27514],[96.68037,17.27514],[96.68028,17.27586],[96.68028,17.27622],[96.68082,17.27622],[96.68109,17.2755],[96.68199,17.27532],[96.68199,17.27451],[96.68145,17.27469],[96.68145,17.27388],[96.68091,17.27308],[96.68055,17.27308],[96.68055,17.27335],[96.68019,17.27308],[96.67948,17.27326],[96.67948,17.27236],[96.67903,17.27236],[96.67894,17.27209],[96.67786,17.27218],[96.67831,17.27397],[96.67768,17.27406],[96.67741,17.27487],[96.67606,17.27523],[96.6766,17.27424],[96.67705,17.27424],[96.67768,17.27263],[96.67714,17.27254],[96.67723,17.27317],[96.67696,17.27317],[96.67696,17.27281],[96.67597,17.27263],[96.67418,17.2729],[96.67462,17.27236],[96.67409,17.27227],[96.67391,17.27326],[96.67427,17.27406],[96.67373,17.27415],[96.67373,17.27361],[96.67337,17.27361],[96.67337,17.27505],[96.67247,17.27496],[96.67238,17.27451],[96.67211,17.27451],[96.67229,17.27361],[96.67274,17.27361],[96.67274,17.27335],[96.67229,17.27335],[96.67238,17.27281],[96.6713,17.2729],[96.67175,17.27379],[96.67121,17.27469],[96.67139,17.27532],[96.67103,17.2755],[96.67103,17.27613],[96.67049,17.2764],[96.67058,17.27694],[96.67022,17.27694],[96.67022,17.2773],[96.66959,17.27766],[96.66995,17.27829],[96.66959,17.27829],[96.6695,17.27874],[96.66879,17.27856],[96.66906,17.27757],[96.66843,17.27694],[96.66843,17.27631],[96.66744,17.27631],[96.66744,17.27712],[96.6669,17.2773],[96.6669,17.27766],[96.66726,17.27766],[96.66699,17.27999],[96.66726,17.27999],[96.66726,17.28035],[96.66986,17.28035],[96.67094,17.28098],[96.67022,17.28296],[96.67031,17.28359],[96.67076,17.28359],[96.67076,17.28395],[96.66968,17.28404],[96.66995,17.2826],[96.66941,17.2826],[96.66906,17.28296],[96.66906,17.28377],[96.66959,17.2843],[96.66789,17.28395],[96.66789,17.28421],[96.66672,17.28439],[96.66663,17.28493],[96.66717,17.2852],[96.66735,17.28592],[96.66771,17.28592],[96.66753,17.2852],[96.66798,17.28565],[96.6678,17.28718],[96.66852,17.28718],[96.66834,17.28799],[96.66798,17.28799],[96.66798,17.28763],[96.66744,17.28763],[96.66672,17.28826],[96.66663,17.28943],[96.66699,17.28943],[96.66699,17.28978],[96.666,17.2896],[96.66627,17.28844],[96.66582,17.28835],[96.66582,17.28799],[96.66645,17.28781],[96.66636,17.28682],[96.66546,17.28691],[96.6651,17.28907],[96.66483,17.28907],[96.66483,17.28862],[96.66402,17.28844],[96.66447,17.28907],[96.66447,17.28943],[96.66411,17.28943],[96.66411,17.28898],[96.66358,17.28898],[96.66322,17.28835],[96.66277,17.28844],[96.66259,17.28978],[96.66196,17.29014],[96.66214,17.29077],[96.66151,17.29077],[96.66124,17.29176],[96.6607,17.29203],[96.66088,17.29239],[96.66151,17.29212],[96.66151,17.29248],[96.66115,17.29248],[96.66115,17.29302],[96.66016,17.29293],[96.65989,17.29419],[96.65953,17.29419],[96.65962,17.29499],[96.66061,17.29499],[96.66043,17.29329],[96.66151,17.2932],[96.66151,17.29392],[96.66124,17.29401],[96.66124,17.29455],[96.66088,17.29455],[96.66079,17.29544],[96.65908,17.29526],[96.6589,17.29616],[96.65846,17.29643],[96.65846,17.29814],[96.65819,17.2985],[96.65935,17.29832],[96.65944,17.29877],[96.65846,17.29895],[96.65846,17.29931],[96.65801,17.2994],[96.65783,17.29868],[96.65756,17.29868],[96.65774,17.30047],[96.6581,17.30056],[96.6581,17.30012],[96.65863,17.30003],[96.65899,17.29931],[96.65998,17.29985],[96.66016,17.2994],[96.66007,17.29895],[96.65971,17.29895],[96.65971,17.2985],[96.6607,17.29823],[96.6607,17.29877],[96.66142,17.29895],[96.66088,17.30012],[96.66115,17.3011],[96.66232,17.30101],[96.66232,17.30128],[96.6616,17.30137],[96.6616,17.30164],[96.66286,17.30182],[96.66286,17.30209],[96.66214,17.30254],[96.66205,17.302],[96.66178,17.302],[96.66151,17.30272],[96.66187,17.30308],[96.66133,17.30317],[96.66124,17.30263],[96.66061,17.30272],[96.66097,17.30191],[96.66079,17.30074],[96.65962,17.30047],[96.6598,17.29994],[96.65899,17.30029],[96.65881,17.30236],[96.65819,17.30254],[96.65846,17.30281],[96.65828,17.30326],[96.65756,17.30335],[96.65729,17.30371],[96.65738,17.30416],[96.65828,17.30407],[96.65828,17.30443],[96.65756,17.30479],[96.65702,17.30461],[96.6572,17.30533],[96.65783,17.30515],[96.65765,17.30586],[96.65711,17.30595],[96.65648,17.30703],[96.65594,17.3073],[96.65567,17.30892],[96.65513,17.3091],[96.65477,17.31036],[96.65432,17.31036],[96.65396,17.31089],[96.65396,17.31161],[96.65441,17.31116],[96.65477,17.31125],[96.65459,17.31215],[96.65414,17.31215],[96.65405,17.3117],[96.65351,17.31179],[96.65316,17.31287],[96.65262,17.31341],[96.65262,17.31368],[96.65316,17.31368],[96.65316,17.31341],[96.65414,17.31368],[96.65423,17.31548],[96.65307,17.31503],[96.65298,17.31628],[96.65244,17.31637],[96.65226,17.31709],[96.65181,17.31709],[96.65136,17.31763],[96.65127,17.31835],[96.651,17.31835],[96.651,17.31889],[96.65064,17.31898],[96.65082,17.31979],[96.65055,17.31997],[96.65055,17.32105],[96.65145,17.32114],[96.65154,17.3206],[96.65244,17.32042],[96.65298,17.3197],[96.65342,17.3197],[96.65351,17.32024],[96.65244,17.32051],[96.65271,17.32132],[96.65226,17.32132],[96.65208,17.32185],[96.64974,17.32176],[96.64947,17.32284],[96.64884,17.32302],[96.64848,17.32401],[96.64794,17.32428],[96.64768,17.32527],[96.64705,17.32554],[96.64714,17.32617],[96.64669,17.32644],[96.64669,17.32697],[96.64705,17.32715],[96.64732,17.32715]],[[96.66052,17.30946],[96.66079,17.30838],[96.66124,17.30802],[96.66106,17.30874],[96.6616,17.30883],[96.66169,17.30919],[96.66097,17.30946],[96.66097,17.31],[96.6607,17.31],[96.66061,17.30946],[96.66052,17.30946]],[[96.65854,17.30802],[96.65854,17.30838],[96.65774,17.30838],[96.65765,17.30784],[96.65738,17.30784],[96.65738,17.30865],[96.65702,17.30865],[96.65684,17.30829],[96.65729,17.30766],[96.65675,17.30757],[96.65648,17.30784],[96.65648,17.30748],[96.65756,17.30721],[96.65765,17.30667],[96.65792,17.30667],[96.65792,17.30712],[96.65837,17.30721],[96.65801,17.30757],[96.65801,17.30811],[96.65828,17.30802],[96.65854,17.30802]],[[96.66043,17.30667],[96.66007,17.30649],[96.66007,17.30604],[96.66061,17.3055],[96.66052,17.30479],[96.66097,17.3047],[96.66088,17.30416],[96.66133,17.30416],[96.66133,17.30488],[96.66088,17.30515],[96.66115,17.3055],[96.66079,17.30586],[96.66097,17.30685],[96.66052,17.30667],[96.66043,17.30667]],[[96.66349,17.30595],[96.66349,17.30568],[96.66438,17.30542],[96.66447,17.3038],[96.66474,17.3038],[96.66447,17.30317],[96.66528,17.30272],[96.66528,17.30371],[96.66573,17.30389],[96.66528,17.30524],[96.66501,17.30533],[96.66537,17.30595],[96.66474,17.30604],[96.66456,17.3064],[96.66376,17.30595],[96.66349,17.30595]],[[96.66744,17.30389],[96.66771,17.30317],[96.66879,17.30326],[96.6687,17.30371],[96.66771,17.30389],[96.66744,17.30389]],[[96.66717,17.30245],[96.66717,17.30164],[96.66636,17.30146],[96.66645,17.30012],[96.66762,17.3002],[96.66726,17.30056],[96.66762,17.30092],[96.66762,17.30173],[96.6678,17.30209],[96.66834,17.30191],[96.6678,17.30245],[96.66717,17.30245]],[[96.666,17.30029],[96.666,17.30056],[96.66564,17.30056],[96.66591,17.302],[96.66555,17.30209],[96.66564,17.30155],[96.66528,17.30155],[96.66528,17.30236],[96.66474,17.30218],[96.66492,17.30128],[96.6642,17.30155],[96.66358,17.30137],[96.66349,17.30003],[96.66384,17.29949],[96.66555,17.29976],[96.66555,17.3002],[96.66591,17.30029],[96.666,17.30029]],[[96.66519,17.2994],[96.6651,17.29823],[96.66573,17.29787],[96.66555,17.2994],[96.66519,17.2994]],[[96.66322,17.29751],[96.66322,17.29778],[96.66232,17.29733],[96.6616,17.2976],[96.66169,17.29688],[96.66277,17.29697],[96.66268,17.29661],[96.66169,17.29661],[96.66196,17.29562],[96.66124,17.29571],[96.6616,17.29499],[96.66187,17.29499],[96.66151,17.29446],[96.6625,17.29392],[96.66277,17.29419],[96.66223,17.29482],[96.66304,17.29526],[96.66304,17.29634],[96.66358,17.29634],[96.66367,17.29661],[96.66367,17.29688],[96.66304,17.29706],[96.66304,17.29751],[96.66322,17.29751]],[[96.66618,17.29374],[96.66555,17.29383],[96.66555,17.29338],[96.66672,17.29392],[96.66681,17.29508],[96.66807,17.29562],[96.66807,17.29598],[96.66726,17.29589],[96.66726,17.29634],[96.6669,17.29652],[96.66699,17.29715],[96.66645,17.29706],[96.66645,17.29652],[96.66609,17.29652],[96.66591,17.29742],[96.66555,17.29742],[96.66564,17.29652],[96.66609,17.29616],[96.66573,17.29544],[96.666,17.29535],[96.66591,17.29419],[96.66618,17.29401],[96.66618,17.29374]],[[96.66519,17.29365],[96.66519,17.29392],[96.66483,17.29392],[96.66456,17.29347],[96.6642,17.29347],[96.6642,17.29392],[96.66384,17.29401],[96.66411,17.2932],[96.66501,17.29329],[96.6651,17.29365],[96.66519,17.29365]],[[96.66968,17.29338],[96.6695,17.29275],[96.66977,17.29275],[96.66977,17.29212],[96.66932,17.29212],[96.66906,17.29293],[96.66852,17.29293],[96.66798,17.29275],[96.66798,17.29248],[96.66735,17.29266],[96.66726,17.29203],[96.66654,17.2923],[96.66654,17.29194],[96.66744,17.29176],[96.66771,17.29221],[96.66825,17.29194],[96.66825,17.29248],[96.6687,17.29257],[96.66906,17.29221],[96.66888,17.29149],[96.66915,17.29149],[96.66915,17.29185],[96.66986,17.29185],[96.67004,17.2923],[96.66977,17.29356],[96.67013,17.29356],[96.67013,17.29401],[96.66977,17.29401],[96.66977,17.29374],[96.66897,17.29392],[96.66897,17.29356],[96.6695,17.29338],[96.66968,17.29338]],[[96.67346,17.29284],[96.67346,17.29176],[96.674,17.29185],[96.67391,17.29248],[96.67427,17.29284],[96.67346,17.29284]],[[96.67148,17.29167],[96.67148,17.2923],[96.67076,17.29239],[96.67076,17.29203],[96.67112,17.29194],[96.67103,17.2914],[96.67211,17.29104],[96.67157,17.29167],[96.67148,17.29167]],[[96.67085,17.29068],[96.67085,17.29023],[96.66861,17.29014],[96.66843,17.2896],[96.67076,17.2896],[96.67085,17.28996],[96.6713,17.29005],[96.6713,17.28925],[96.67094,17.28925],[96.67085,17.28853],[96.67175,17.28835],[96.67211,17.28763],[96.67202,17.28682],[96.67256,17.28655],[96.67265,17.28574],[96.67346,17.2861],[96.67337,17.28439],[96.67373,17.2843],[96.67373,17.28475],[96.674,17.28475],[96.67453,17.28323],[96.67507,17.28323],[96.67507,17.28359],[96.67462,17.28359],[96.67471,17.28439],[96.67445,17.28466],[96.6748,17.28538],[96.67543,17.28511],[96.67543,17.28574],[96.67462,17.28601],[96.67462,17.28628],[96.67525,17.28619],[96.67534,17.28664],[96.67507,17.287],[96.67373,17.28673],[96.67382,17.28727],[96.67337,17.28727],[96.67319,17.28691],[96.67355,17.28682],[96.67355,17.28637],[96.67301,17.28628],[96.67229,17.28763],[96.67229,17.28808],[96.67274,17.28808],[96.67274,17.28835],[96.67184,17.28844],[96.67157,17.28934],[96.67175,17.28987],[96.67139,17.29005],[96.6713,17.29077],[96.67094,17.29068],[96.67085,17.29068]],[[96.67355,17.28898],[96.67355,17.28826],[96.67319,17.28826],[96.67328,17.28772],[96.67355,17.28772],[96.67355,17.28817],[96.67427,17.28817],[96.674,17.28898],[96.67355,17.28898]],[[96.67202,17.2843],[96.67256,17.28439],[96.67256,17.28475],[96.67031,17.28475],[96.67031,17.28448],[96.67157,17.2843],[96.67202,17.2843]],[[96.67004,17.28457],[96.66968,17.28511],[96.66897,17.28511],[96.66897,17.28556],[96.66843,17.28556],[96.66879,17.28484],[96.66959,17.28457],[96.67004,17.28457]],[[96.66941,17.28565],[96.66977,17.28511],[96.67004,17.28538],[96.67112,17.28529],[96.67103,17.28565],[96.67049,17.28583],[96.66995,17.28565],[96.66941,17.28565]],[[96.6651,17.29419],[96.66528,17.29455],[96.66501,17.29455],[96.66501,17.29517],[96.66367,17.29482],[96.66376,17.29446],[96.66483,17.29455],[96.66483,17.29419],[96.6651,17.29419]],[[96.67462,17.27945],[96.67462,17.27918],[96.674,17.27927],[96.67409,17.27802],[96.67364,17.27802],[96.67364,17.27775],[96.67498,17.27766],[96.67525,17.27739],[96.67543,17.27829],[96.67597,17.27829],[96.67597,17.27631],[96.67669,17.27604],[96.67786,17.27622],[96.67786,17.27649],[96.67732,17.2764],[96.67732,17.27685],[96.67633,17.27658],[96.67615,17.27748],[96.67642,17.2782],[96.67615,17.2782],[96.67606,17.27874],[96.67507,17.27874],[96.67489,17.27945],[96.67462,17.27945]],[[96.6748,17.27586],[96.67453,17.27658],[96.67427,17.27658],[96.67445,17.2755],[96.67588,17.27559],[96.67588,17.27586],[96.6748,17.27586]],[[96.67283,17.27541],[96.67265,17.27658],[96.6722,17.27667],[96.6722,17.27739],[96.67112,17.27712],[96.67103,17.27649],[96.67193,17.27676],[96.67166,17.27613],[96.67211,17.27532],[96.67238,17.27541],[96.67283,17.27541]]],[[[96.65998,17.32823],[96.66007,17.32769],[96.65971,17.32742],[96.65908,17.3276],[96.65971,17.32823],[96.65998,17.32823]]],[[[96.6642,17.33021],[96.66447,17.33012],[96.66447,17.32976],[96.66411,17.32976],[96.66429,17.32904],[96.66384,17.32913],[96.66384,17.33021],[96.6642,17.33021]]],[[[96.66304,17.33192],[96.66313,17.33084],[96.6625,17.33039],[96.66223,17.33084],[96.66259,17.33192],[96.66304,17.33192]]],[[[96.65998,17.33227],[96.66061,17.33218],[96.66052,17.33111],[96.6598,17.33138],[96.65953,17.33227],[96.65998,17.33227]]],[[[96.66555,17.33039],[96.66582,17.33039],[96.66582,17.33093],[96.66546,17.33102],[96.66546,17.33165],[96.66591,17.33227],[96.66672,17.33227],[96.66681,17.33165],[96.66744,17.33165],[96.66771,17.33129],[96.66726,17.32976],[96.66636,17.32994],[96.66645,17.33075],[96.66618,17.33075],[96.666,17.32994],[96.66555,17.32994],[96.66555,17.33039]]],[[[96.65199,17.33299],[96.65217,17.33263],[96.65262,17.33263],[96.65307,17.33156],[96.65208,17.33218],[96.65109,17.33183],[96.65145,17.33299],[96.65199,17.33299]]],[[[96.66699,17.3338],[96.66753,17.33326],[96.66753,17.33272],[96.66699,17.33281],[96.66699,17.33236],[96.66654,17.33254],[96.66654,17.3338],[96.66699,17.3338]]],[[[96.66986,17.33407],[96.66986,17.3338],[96.67058,17.3338],[96.67058,17.33353],[96.66941,17.33317],[96.66959,17.33407],[96.66986,17.33407]]],[[[96.67202,17.33425],[96.67346,17.33389],[96.67346,17.33362],[96.6731,17.33362],[96.67319,17.33272],[96.67202,17.3329],[96.67175,17.33425],[96.67202,17.33425]]],[[[96.65495,17.33461],[96.65531,17.33452],[96.65513,17.33362],[96.65432,17.33371],[96.65459,17.33461],[96.65495,17.33461]]],[[[96.6687,17.33578],[96.66879,17.33488],[96.6695,17.33434],[96.6695,17.33389],[96.66825,17.33344],[96.66771,17.33479],[96.66798,17.33479],[96.66843,17.33578],[96.6687,17.33578]]],[[[96.66986,17.33605],[96.67049,17.33596],[96.67085,17.33497],[96.66986,17.3347],[96.66941,17.33533],[96.66941,17.33605],[96.66986,17.33605]]],[[[96.65235,17.33686],[96.65235,17.33641],[96.6528,17.33632],[96.6528,17.33578],[96.65217,17.33614],[96.65208,17.33542],[96.65172,17.33542],[96.65154,17.33632],[96.6519,17.33632],[96.65199,17.33686],[96.65235,17.33686]]],[[[96.66986,17.33847],[96.67004,17.33811],[96.67058,17.33838],[96.67148,17.33784],[96.67166,17.33704],[96.67139,17.33704],[96.67103,17.33614],[96.66897,17.33677],[96.66906,17.3382],[96.66959,17.33847],[96.66986,17.33847]]],[[[96.67507,17.34027],[96.67525,17.34],[96.67624,17.33991],[96.67588,17.33901],[96.67543,17.33946],[96.67498,17.33946],[96.67498,17.33901],[96.67534,17.33901],[96.67561,17.33847],[96.67418,17.33865],[96.67418,17.3382],[96.67346,17.3382],[96.67355,17.33883],[96.67462,17.34027],[96.67507,17.34027]]],[[[96.65495,17.34063],[96.6554,17.34045],[96.65531,17.33982],[96.65576,17.33973],[96.65576,17.33946],[96.65504,17.33955],[96.65513,17.33901],[96.65549,17.33901],[96.6554,17.33847],[96.65396,17.33847],[96.65396,17.33883],[96.65468,17.33901],[96.65504,17.33982],[96.65504,17.34018],[96.65441,17.34027],[96.65432,17.34063],[96.65495,17.34063]]],[[[96.67525,17.34153],[96.67579,17.34117],[96.67561,17.34054],[96.67489,17.34072],[96.67498,17.34126],[96.67462,17.34126],[96.67462,17.34153],[96.67525,17.34153]]],[[[96.67741,17.34323],[96.67795,17.34243],[96.67723,17.34234],[96.67714,17.34323],[96.67741,17.34323]]],[[[96.67427,17.34359],[96.67436,17.34296],[96.674,17.34252],[96.67328,17.34261],[96.67373,17.34377],[96.67453,17.34395],[96.67445,17.34359],[96.67427,17.34359]]],[[[96.65648,17.34422],[96.65675,17.34332],[96.65585,17.34332],[96.65576,17.34377],[96.6554,17.34377],[96.65558,17.34296],[96.65495,17.34279],[96.65504,17.34404],[96.65603,17.34422],[96.65648,17.34422]]],[[[96.67094,17.3435],[96.67094,17.34314],[96.67139,17.34314],[96.67121,17.34234],[96.67148,17.34216],[96.67175,17.34216],[96.67175,17.34252],[96.6731,17.34234],[96.67283,17.34144],[96.67184,17.34126],[96.67175,17.34171],[96.67049,17.3418],[96.67076,17.34252],[96.67031,17.34252],[96.67058,17.34323],[96.67013,17.34368],[96.67058,17.34458],[96.6713,17.34458],[96.67103,17.3435],[96.67094,17.3435]]],[[[96.6775,17.34467],[96.6775,17.3444],[96.67795,17.3444],[96.67795,17.34404],[96.67849,17.34386],[96.67822,17.34314],[96.67777,17.34323],[96.67777,17.34368],[96.67633,17.34332],[96.67696,17.34467],[96.6775,17.34467]]],[[[96.87297,17.34467],[96.8727,17.3435],[96.87198,17.34314],[96.87198,17.34287],[96.87252,17.34296],[96.87252,17.34252],[96.8718,17.34225],[96.87136,17.34261],[96.8718,17.34467],[96.87207,17.34467],[96.87207,17.34422],[96.87261,17.3444],[96.87261,17.34467],[96.87297,17.34467]]],[[[96.6731,17.34485],[96.67328,17.34377],[96.67292,17.3435],[96.67292,17.34305],[96.67265,17.34305],[96.67238,17.3435],[96.67274,17.34485],[96.6731,17.34485]]],[[[96.87333,17.3462],[96.87342,17.34566],[96.87306,17.3453],[96.87225,17.34512],[96.87297,17.3462],[96.87333,17.3462]]],[[[96.66816,17.34584],[96.66825,17.34467],[96.6678,17.34467],[96.66771,17.3453],[96.6669,17.34521],[96.66717,17.34566],[96.66771,17.34566],[96.66789,17.34638],[96.66852,17.34638],[96.66825,17.34584],[96.66816,17.34584]]],[[[96.67391,17.3471],[96.67453,17.34683],[96.67489,17.34602],[96.67355,17.3462],[96.67355,17.3471],[96.67391,17.3471]]],[[[96.86956,17.34746],[96.86974,17.34701],[96.86884,17.34584],[96.86938,17.34746],[96.86956,17.34746]]],[[[96.66995,17.31682],[96.66995,17.31718],[96.66968,17.31718],[96.66995,17.31655],[96.67049,17.31655],[96.6704,17.31602],[96.67148,17.31566],[96.67175,17.31422],[96.67211,17.31422],[96.67211,17.31305],[96.67157,17.31287],[96.67157,17.31251],[96.67076,17.31305],[96.67049,17.31305],[96.67049,17.31242],[96.6695,17.3126],[96.66968,17.31152],[96.67085,17.31134],[96.67085,17.31098],[96.67031,17.31098],[96.67004,17.31045],[96.6695,17.31054],[96.66923,17.30955],[96.66843,17.30919],[96.66735,17.30919],[96.66735,17.30829],[96.6669,17.30793],[96.6634,17.30883],[96.66313,17.31018],[96.66259,17.31045],[96.66241,17.31107],[96.66349,17.31143],[96.66411,17.31107],[96.66402,17.3117],[96.66313,17.31134],[96.66268,17.3117],[96.66124,17.31143],[96.66142,17.31206],[96.6607,17.31197],[96.66088,17.31251],[96.66151,17.31269],[96.66151,17.31314],[96.6607,17.31323],[96.66106,17.31449],[96.6607,17.31449],[96.6607,17.31413],[96.66016,17.31422],[96.66007,17.31512],[96.66061,17.31503],[96.66061,17.31539],[96.66007,17.31539],[96.66007,17.31584],[96.65917,17.31602],[96.65917,17.31628],[96.6598,17.31637],[96.66007,17.31817],[96.65926,17.3179],[96.6589,17.31682],[96.6581,17.31691],[96.65819,17.31898],[96.65747,17.31907],[96.65747,17.31934],[96.65783,17.31997],[96.65819,17.31997],[96.65819,17.32033],[96.65693,17.32015],[96.65684,17.32069],[96.65657,17.32069],[96.65657,17.32149],[96.65693,17.32194],[96.65765,17.32212],[96.65819,17.32284],[96.6589,17.32248],[96.65872,17.32329],[96.65944,17.3232],[96.65953,17.32356],[96.65899,17.32356],[96.65881,17.3241],[96.65854,17.3241],[96.6581,17.32338],[96.65639,17.32329],[96.65648,17.32176],[96.65603,17.32158],[96.65585,17.32257],[96.65522,17.32266],[96.65414,17.3241],[96.6536,17.32419],[96.65351,17.32473],[96.65253,17.32509],[96.65028,17.32671],[96.65028,17.32706],[96.65109,17.32733],[96.65127,17.32805],[96.65181,17.32823],[96.65181,17.3285],[96.65136,17.3285],[96.65082,17.32769],[96.65028,17.32769],[96.64947,17.32715],[96.64839,17.32742],[96.64785,17.32805],[96.64732,17.32805],[96.64723,17.32895],[96.64768,17.32868],[96.64947,17.32868],[96.64947,17.32904],[96.64983,17.32904],[96.64965,17.32985],[96.64938,17.32985],[96.64938,17.32904],[96.64803,17.32949],[96.64714,17.32931],[96.64642,17.32958],[96.64606,17.33147],[96.64579,17.33147],[96.64579,17.33111],[96.64516,17.3312],[96.6448,17.3321],[96.64417,17.3321],[96.6439,17.3329],[96.64354,17.33308],[96.64354,17.33434],[96.64318,17.33443],[96.643,17.33524],[96.64399,17.33533],[96.64399,17.3356],[96.6457,17.33551],[96.6457,17.33578],[96.64444,17.33578],[96.64327,17.3365],[96.64372,17.33811],[96.64417,17.33829],[96.64426,17.33919],[96.64462,17.33964],[96.64498,17.33964],[96.64525,17.33919],[96.64579,17.33964],[96.64785,17.33919],[96.64759,17.33946],[96.64785,17.34054],[96.64705,17.34063],[96.64741,17.34],[96.64651,17.34],[96.64678,17.34099],[96.64723,17.34099],[96.64696,17.34171],[96.64759,17.34207],[96.64759,17.34243],[96.64678,17.34243],[96.64687,17.34279],[96.64884,17.34323],[96.64893,17.34279],[96.64938,17.34279],[96.64938,17.34243],[96.64965,17.34243],[96.64974,17.34323],[96.65046,17.34332],[96.65046,17.34377],[96.65163,17.34395],[96.65172,17.34431],[96.65253,17.34422],[96.65253,17.34458],[96.65307,17.34413],[96.65307,17.34467],[96.65432,17.34485],[96.65432,17.34512],[96.65495,17.3453],[96.65495,17.34467],[96.65387,17.3435],[96.6536,17.3435],[96.6536,17.34386],[96.65316,17.34386],[96.65333,17.34323],[96.65262,17.34287],[96.65262,17.34243],[96.65226,17.34243],[96.65181,17.34153],[96.65208,17.34117],[96.65387,17.3409],[96.65405,17.34045],[96.65091,17.34126],[96.65091,17.3409],[96.65136,17.34081],[96.651,17.33668],[96.64974,17.33704],[96.64992,17.33757],[96.64947,17.33811],[96.64902,17.33811],[96.64902,17.33757],[96.64866,17.33757],[96.64848,17.33811],[96.64803,17.33784],[96.64803,17.33757],[96.6492,17.33722],[96.64947,17.3365],[96.65055,17.33614],[96.65037,17.33488],[96.65073,17.33488],[96.65073,17.33443],[96.65118,17.33443],[96.65118,17.3338],[96.65154,17.33344],[96.65154,17.33317],[96.65091,17.33308],[96.65064,17.33263],[96.65064,17.33165],[96.65118,17.33165],[96.65136,17.33111],[96.65172,17.33147],[96.65226,17.33147],[96.65298,17.33075],[96.65441,17.33093],[96.65459,17.33138],[96.65432,17.33192],[96.65495,17.33236],[96.65684,17.33165],[96.65666,17.3321],[96.65612,17.33218],[96.65612,17.33263],[96.65387,17.33281],[96.65396,17.33326],[96.65459,17.3329],[96.65567,17.33344],[96.65612,17.33344],[96.65612,17.33308],[96.65666,17.3329],[96.65657,17.33407],[96.65693,17.33407],[96.6572,17.33452],[96.6572,17.33479],[96.65684,17.33479],[96.65711,17.33659],[96.65639,17.33668],[96.6563,17.33784],[96.65657,17.33964],[96.65702,17.33964],[96.65657,17.34045],[96.65684,17.34063],[96.65675,17.34171],[96.65729,17.34431],[96.65621,17.34449],[96.65621,17.34476],[96.65729,17.34467],[96.65711,17.34548],[96.65738,17.34593],[96.6581,17.34557],[96.65837,17.34584],[96.65917,17.34566],[96.65962,17.34647],[96.66106,17.34656],[96.66115,17.34692],[96.66196,17.34674],[96.66259,17.34701],[96.66268,17.34737],[96.66358,17.34692],[96.66358,17.34728],[96.66447,17.34737],[96.66447,17.34773],[96.66528,17.34817],[96.6669,17.34817],[96.66717,17.34782],[96.66699,17.34737],[96.66663,17.34773],[96.66582,17.34773],[96.66582,17.34719],[96.66483,17.34638],[96.66483,17.34602],[96.66546,17.34584],[96.66555,17.34494],[96.66411,17.34494],[96.66393,17.34584],[96.66358,17.34575],[96.66358,17.34458],[96.66474,17.34458],[96.66492,17.34413],[96.66465,17.34404],[96.66465,17.34332],[96.66438,17.34332],[96.66465,17.34252],[96.66313,17.34252],[96.66304,17.34207],[96.66367,17.34207],[96.66367,17.34171],[96.66322,17.34171],[96.6634,17.34081],[96.66259,17.34108],[96.66268,17.34018],[96.66079,17.34108],[96.66124,17.34198],[96.6598,17.34162],[96.65998,17.34296],[96.65944,17.3427],[96.65953,17.34341],[96.65881,17.34377],[96.65917,17.34216],[96.6589,17.3409],[96.65935,17.3409],[96.65935,17.34135],[96.65971,17.34144],[96.66178,17.34036],[96.66169,17.33973],[96.66196,17.34],[96.66259,17.33973],[96.66232,17.33784],[96.66196,17.33775],[96.66259,17.33704],[96.66214,17.33704],[96.66187,17.33632],[96.66142,17.33623],[96.66124,17.33425],[96.66088,17.33371],[96.66088,17.33344],[96.66124,17.33344],[96.66124,17.33299],[96.65908,17.33281],[96.65917,17.33425],[96.6589,17.33425],[96.65881,17.33245],[96.65908,17.33245],[96.65917,17.33165],[96.65863,17.3321],[96.65881,17.33147],[96.65819,17.33129],[96.65819,17.33093],[96.65854,17.33057],[96.6589,17.33066],[96.6589,17.33102],[96.65962,17.33075],[96.65944,17.32958],[96.6598,17.32958],[96.66007,17.33102],[96.66034,17.33102],[96.66007,17.32913],[96.66043,17.32913],[96.66043,17.32886],[96.6598,17.32904],[96.65971,17.32832],[96.65899,17.32805],[96.6581,17.32832],[96.6581,17.32931],[96.65738,17.32859],[96.65828,17.32796],[96.6581,17.32742],[96.65854,17.32715],[96.65854,17.32671],[96.65944,17.32688],[96.6598,17.32626],[96.66133,17.32581],[96.66133,17.32527],[96.66187,17.32518],[96.6616,17.3259],[96.66187,17.3259],[96.66196,17.32662],[96.66259,17.32706],[96.66259,17.32751],[96.66313,17.3276],[96.66313,17.32706],[96.66358,17.32697],[96.66367,17.32787],[96.66402,17.32787],[96.66402,17.32697],[96.66429,17.32697],[96.66447,17.32814],[96.66411,17.32814],[96.66411,17.3285],[96.66465,17.32877],[96.66465,17.32913],[96.66528,17.32868],[96.66528,17.32814],[96.6651,17.32742],[96.66483,17.32742],[96.66474,17.32688],[96.66429,17.32688],[96.6642,17.32635],[96.66492,17.32662],[96.66519,17.32724],[96.66582,17.32733],[96.66591,17.32769],[96.66618,17.32769],[96.66627,17.32724],[96.66699,17.32796],[96.66726,17.32796],[96.66726,17.3276],[96.66771,17.3276],[96.66753,17.32832],[96.66807,17.32877],[96.6678,17.32949],[96.66807,17.33003],[96.66861,17.33021],[96.66816,17.33129],[96.66852,17.33129],[96.66834,17.33192],[96.66888,17.33227],[96.66897,17.33272],[96.67076,17.33272],[96.67067,17.33183],[96.67103,17.33192],[96.67076,17.33317],[96.67256,17.33263],[96.67292,17.33227],[96.67301,17.33129],[96.67247,17.33012],[96.6722,17.33012],[96.67229,17.3294],[96.67148,17.3294],[96.67193,17.33003],[96.67139,17.3303],[96.67139,17.33102],[96.67067,17.33111],[96.67058,17.33165],[96.67004,17.33183],[96.67031,17.33066],[96.67067,17.33057],[96.67058,17.32967],[96.66995,17.3303],[96.66897,17.33039],[96.66843,17.32868],[96.66843,17.32832],[96.66897,17.32823],[96.66915,17.32976],[96.66959,17.32994],[96.67004,17.32958],[96.67013,17.32895],[96.67013,17.32841],[96.66959,17.32841],[96.66959,17.32814],[96.67076,17.32787],[96.67076,17.3276],[96.6704,17.3276],[96.67067,17.3268],[96.67004,17.32688],[96.67004,17.32653],[96.67094,17.32653],[96.67085,17.32554],[96.6704,17.32554],[96.67031,17.32518],[96.6713,17.32527],[96.6713,17.325],[96.67094,17.325],[96.67049,17.32356],[96.67112,17.32383],[96.67112,17.32455],[96.67157,17.32455],[96.67175,17.32572],[96.67211,17.32572],[96.67202,17.325],[96.67238,17.32437],[96.67229,17.32392],[96.67148,17.32401],[96.67148,17.32374],[96.67112,17.32374],[96.67121,17.32338],[96.67166,17.32338],[96.67175,17.32257],[96.67202,17.32248],[96.67193,17.32158],[96.67139,17.32158],[96.67139,17.32221],[96.67049,17.32248],[96.67094,17.32087],[96.67193,17.32123],[96.67193,17.3206],[96.67148,17.32051],[96.67148,17.32006],[96.67202,17.32006],[96.67202,17.31925],[96.67166,17.31898],[96.6713,17.31602],[96.67094,17.31611],[96.67076,17.31664],[96.67103,17.31763],[96.67076,17.31763],[96.67031,17.31682],[96.66995,17.31682]],[[96.66393,17.31664],[96.66393,17.31718],[96.66358,17.31727],[96.66322,17.31628],[96.66447,17.31602],[96.66438,17.31664],[96.66393,17.31664]],[[96.66888,17.3179],[96.66888,17.31745],[96.66915,17.31745],[96.66941,17.31844],[96.66825,17.31853],[96.66789,17.31889],[96.66798,17.31826],[96.66861,17.3179],[96.66888,17.3179]],[[96.66393,17.31808],[96.66384,17.31889],[96.66313,17.31889],[96.66304,17.31853],[96.66241,17.31835],[96.66241,17.31862],[96.66025,17.31907],[96.66043,17.31826],[96.66133,17.31844],[96.66133,17.31799],[96.6616,17.3179],[96.66295,17.31772],[96.66384,17.31808],[96.66393,17.31808]],[[96.66528,17.31916],[96.66537,17.31871],[96.66609,17.31871],[96.66627,17.31988],[96.66582,17.32006],[96.66564,17.31943],[96.66501,17.31979],[96.66492,17.31934],[96.66519,17.31916],[96.66528,17.31916]],[[96.66591,17.32248],[96.66627,17.32176],[96.66735,17.32149],[96.66735,17.32185],[96.66591,17.32248],[96.66564,17.32338],[96.66474,17.32329],[96.66474,17.32356],[96.66546,17.32365],[96.66528,17.32455],[96.66429,17.32446],[96.66429,17.32482],[96.66384,17.32482],[96.66376,17.32437],[96.66349,17.32437],[96.66268,17.32527],[96.66223,17.32518],[96.6616,17.32401],[96.66061,17.32383],[96.66061,17.3232],[96.66133,17.3232],[96.66142,17.32284],[96.66142,17.32203],[96.66115,17.32141],[96.66088,17.32141],[96.66133,17.32042],[96.66196,17.32087],[96.66196,17.32123],[96.66169,17.32123],[96.66169,17.32078],[96.66124,17.32105],[96.66151,17.32167],[96.66196,17.32167],[96.6616,17.32311],[96.66223,17.32284],[96.66268,17.32428],[96.66474,17.32419],[96.66456,17.32383],[96.66384,17.32401],[96.66384,17.32356],[96.66474,17.3232],[96.66474,17.32284],[96.66384,17.32302],[96.66393,17.32239],[96.66304,17.32221],[96.66304,17.32194],[96.66438,17.32194],[96.66438,17.32149],[96.66519,17.32141],[96.66537,17.32248],[96.66591,17.32248]],[[96.66393,17.32087],[96.66384,17.32149],[96.66268,17.32167],[96.66277,17.32051],[96.6625,17.32024],[96.6634,17.32024],[96.6634,17.32087],[96.66384,17.32087],[96.66384,17.3206],[96.66411,17.32087],[96.66393,17.32087]],[[96.67058,17.31943],[96.67058,17.31916],[96.67121,17.31934],[96.67139,17.32006],[96.67094,17.32006],[96.67085,17.31943],[96.67058,17.31943],[96.67013,17.31988],[96.67013,17.3206],[96.66941,17.32042],[96.6687,17.32078],[96.66897,17.32024],[96.66959,17.32006],[96.66977,17.31952],[96.67022,17.31943],[96.67058,17.31943]],[[96.65756,17.32428],[96.65792,17.32509],[96.65783,17.32581],[96.65756,17.32581],[96.6572,17.32428],[96.65756,17.32428]],[[96.65738,17.32581],[96.65729,17.32635],[96.65675,17.32599],[96.65675,17.32653],[96.6554,17.32671],[96.6554,17.32635],[96.65612,17.32617],[96.65621,17.32572],[96.65711,17.32581],[96.65738,17.32581]],[[96.65576,17.32697],[96.65576,17.32859],[96.6554,17.32859],[96.6554,17.32697],[96.65576,17.32697]],[[96.65648,17.32958],[96.65648,17.32904],[96.65567,17.32913],[96.65585,17.32868],[96.6563,17.32868],[96.6563,17.32805],[96.65693,17.32805],[96.65711,17.32931],[96.65819,17.32967],[96.65819,17.32994],[96.65684,17.32994],[96.65684,17.32958],[96.65648,17.32958]],[[96.65621,17.32976],[96.65621,17.33048],[96.65657,17.33048],[96.65657,17.33084],[96.65576,17.33066],[96.65576,17.33093],[96.65495,17.33111],[96.65495,17.33066],[96.6554,17.33057],[96.65549,17.32976],[96.65612,17.32976],[96.65621,17.32976]],[[96.66546,17.32662],[96.66546,17.3259],[96.666,17.32572],[96.66618,17.32626],[96.66582,17.32635],[96.66564,17.32688],[96.66537,17.32662],[96.66546,17.32662]],[[96.66672,17.32518],[96.66699,17.32455],[96.66636,17.32464],[96.66654,17.3241],[96.66699,17.3241],[96.66708,17.32446],[96.66843,17.32437],[96.66825,17.32482],[96.66744,17.325],[96.66717,17.32473],[96.66726,17.32527],[96.66681,17.32518],[96.66672,17.32518]],[[96.65863,17.33425],[96.6581,17.33488],[96.65756,17.33479],[96.65765,17.33416],[96.6581,17.33425],[96.65863,17.33425]],[[96.65944,17.3347],[96.65953,17.33326],[96.65989,17.33317],[96.6598,17.33425],[96.66034,17.33443],[96.66007,17.3347],[96.65998,17.33677],[96.65854,17.33677],[96.65863,17.33632],[96.65926,17.33641],[96.65971,17.33596],[96.65935,17.3356],[96.65971,17.3347],[96.65944,17.3347]],[[96.65908,17.3382],[96.65917,17.33793],[96.65962,17.33793],[96.65962,17.3382],[96.65872,17.33847],[96.65863,17.33919],[96.65962,17.34009],[96.65962,17.34054],[96.65908,17.34063],[96.65881,17.34036],[96.65926,17.34036],[96.65926,17.34009],[96.65881,17.34],[96.65837,17.33901],[96.65774,17.33901],[96.65765,17.33991],[96.65729,17.34009],[96.65738,17.33847],[96.65846,17.3382],[96.65908,17.3382]],[[96.66079,17.33964],[96.66079,17.33919],[96.66133,17.33928],[96.66124,17.33874],[96.66151,17.33874],[96.66169,17.33955],[96.66133,17.33955],[96.66133,17.33982],[96.66106,17.33964],[96.66079,17.33964]],[[96.66142,17.3382],[96.66052,17.33802],[96.66097,17.33704],[96.66142,17.33713],[96.66151,17.33775],[96.66187,17.33775],[96.66169,17.3382],[96.66142,17.3382]],[[96.64848,17.33353],[96.64911,17.3338],[96.64893,17.33497],[96.64929,17.33497],[96.6492,17.33578],[96.64875,17.33569],[96.64866,17.33398],[96.64812,17.33398],[96.64812,17.33353],[96.64848,17.33353]],[[96.6475,17.33784],[96.64741,17.33838],[96.64696,17.33838],[96.64597,17.3391],[96.6457,17.33883],[96.64489,17.33892],[96.64552,17.33829],[96.64642,17.33856],[96.64696,17.33784],[96.6475,17.33784]],[[96.64983,17.34126],[96.64983,17.34054],[96.65028,17.34054],[96.65046,17.34135],[96.64956,17.34171],[96.64875,17.34126],[96.64875,17.34081],[96.6492,17.34099],[96.6492,17.34135],[96.64956,17.34126],[96.64983,17.34126]],[[96.67058,17.31548],[96.67058,17.31494],[96.66986,17.31503],[96.66986,17.31476],[96.67067,17.31458],[96.67058,17.31359],[96.6713,17.31332],[96.6713,17.3144],[96.67085,17.3144],[96.67085,17.31548],[96.67058,17.31548]],[[96.66501,17.31359],[96.66474,17.31404],[96.66358,17.31395],[96.66358,17.31359],[96.66492,17.31359],[96.66501,17.31359]],[[96.66196,17.31449],[96.66241,17.31467],[96.66259,17.3153],[96.66214,17.31512],[96.66214,17.31476],[96.66178,17.31512],[96.66133,17.31503],[96.66133,17.3144],[96.66187,17.31449],[96.66196,17.31449]]],[[[96.66169,17.34961],[96.66214,17.34853],[96.66196,17.34764],[96.66088,17.34755],[96.66043,17.34719],[96.65989,17.34719],[96.65935,17.34764],[96.65908,17.34674],[96.65801,17.34674],[96.65783,17.34835],[96.65828,17.34835],[96.65828,17.34871],[96.6589,17.34871],[96.65899,17.34898],[96.65971,17.34889],[96.65971,17.34934],[96.66133,17.34961],[96.66169,17.34961]]],[[[96.67669,17.34988],[96.67687,17.34916],[96.67732,17.34916],[96.67732,17.34871],[96.67696,17.34844],[96.67696,17.348],[96.67633,17.34764],[96.67579,17.348],[96.67615,17.34871],[96.67615,17.34898],[96.67579,17.34898],[96.67525,17.34755],[96.67606,17.34746],[96.67624,17.3471],[96.67597,17.34665],[96.67525,17.34665],[96.67525,17.34728],[96.6748,17.34728],[96.67462,17.34934],[96.6757,17.34925],[96.6757,17.34952],[96.67615,17.34952],[96.67615,17.34916],[96.67642,17.34916],[96.67633,17.34988],[96.67669,17.34988]]],[[[96.67418,17.35051],[96.67445,17.34782],[96.67364,17.34746],[96.674,17.3488],[96.67346,17.34925],[96.67346,17.35024],[96.67382,17.35051],[96.67418,17.35051]]],[[[96.66376,17.3506],[96.66376,17.34853],[96.66322,17.34862],[96.66358,17.34809],[96.66295,17.34782],[96.66286,17.34817],[96.66232,17.34835],[96.66223,17.35015],[96.66313,17.3506],[96.66376,17.3506]]],[[[96.87145,17.35069],[96.87154,17.34979],[96.871,17.34943],[96.87091,17.3488],[96.87019,17.34853],[96.8701,17.34889],[96.87109,17.35069],[96.87145,17.35069]]],[[[96.66834,17.35069],[96.66807,17.35159],[96.66861,17.35159],[96.66923,17.35006],[96.66861,17.35069],[96.66834,17.35069]]],[[[96.65154,17.35096],[96.65154,17.35069],[96.6519,17.35069],[96.65226,17.35114],[96.65271,17.35114],[96.65387,17.35078],[96.65396,17.35042],[96.6545,17.35051],[96.6545,17.34997],[96.65333,17.34997],[96.65271,17.34925],[96.65459,17.3497],[96.65495,17.34934],[96.6545,17.34871],[96.65468,17.34773],[96.65567,17.34773],[96.65585,17.348],[96.65585,17.34961],[96.65729,17.34943],[96.65756,17.34638],[96.65666,17.34656],[96.65657,17.3471],[96.6563,17.3471],[96.6563,17.34665],[96.65531,17.34701],[96.65531,17.34575],[96.65504,17.34557],[96.65432,17.3453],[96.65342,17.34557],[96.65316,17.34494],[96.65235,17.34512],[96.65226,17.34476],[96.65073,17.34431],[96.64983,17.34476],[96.64992,17.34413],[96.6492,17.34413],[96.64812,17.34377],[96.64777,17.34323],[96.64642,17.34296],[96.6466,17.34234],[96.64615,17.34279],[96.64435,17.34243],[96.6448,17.34359],[96.64516,17.34359],[96.64516,17.34323],[96.64588,17.34341],[96.64606,17.34467],[96.64579,17.34494],[96.64651,17.34512],[96.64678,17.3462],[96.6457,17.34539],[96.6457,17.34503],[96.64516,17.34512],[96.64516,17.34557],[96.64606,17.34638],[96.64606,17.34683],[96.64687,17.34674],[96.6466,17.34755],[96.64714,17.34764],[96.64723,17.34809],[96.64768,17.34826],[96.64884,17.348],[96.64848,17.34934],[96.64911,17.34943],[96.65001,17.35069],[96.65136,17.35042],[96.65082,17.35096],[96.65091,17.35141],[96.65226,17.35168],[96.65226,17.35123],[96.65163,17.35096],[96.65154,17.35096]],[[96.65064,17.34997],[96.65064,17.35024],[96.64992,17.34997],[96.6501,17.34853],[96.65064,17.3488],[96.65064,17.34961],[96.65037,17.34961],[96.65055,17.34997],[96.65064,17.34997]],[[96.6483,17.34755],[96.6483,17.34782],[96.64759,17.34764],[96.64714,17.34647],[96.64812,17.34755],[96.6483,17.34755]]],[[[96.66834,17.35069],[96.66861,17.34952],[96.6678,17.3497],[96.66726,17.34916],[96.66555,17.3488],[96.66528,17.3488],[96.66546,17.3497],[96.66447,17.34943],[96.66447,17.3497],[96.66483,17.3497],[96.66483,17.34997],[96.66447,17.34997],[96.66447,17.35078],[96.66636,17.35105],[96.66645,17.35051],[96.66762,17.35042],[96.66771,17.35087],[96.66681,17.35078],[96.66735,17.35186],[96.66771,17.35186],[96.66798,17.35069],[96.66834,17.35069]]],[[[96.6554,17.3524],[96.65594,17.35141],[96.6563,17.35141],[96.65648,17.35069],[96.6563,17.35024],[96.65558,17.35024],[96.65558,17.34988],[96.65522,17.34988],[96.65522,17.35024],[96.65468,17.35051],[96.65513,17.35114],[96.65396,17.35114],[96.65333,17.35159],[96.65333,17.35186],[96.65405,17.35186],[96.65441,17.35231],[96.65504,17.3524],[96.6554,17.3524]]],[[[96.66358,17.35303],[96.66402,17.35168],[96.6634,17.35177],[96.66295,17.35303],[96.66358,17.35303]]],[[[96.65819,17.35392],[96.65854,17.35321],[96.6581,17.35321],[96.65819,17.35267],[96.65747,17.35267],[96.65756,17.35222],[96.65819,17.35204],[96.65854,17.3524],[96.65854,17.35294],[96.6589,17.35294],[96.65935,17.35249],[96.65935,17.35186],[96.65828,17.35159],[96.65738,17.35069],[96.65675,17.35069],[96.65711,17.35105],[96.65693,17.35168],[96.65738,17.35177],[96.65738,17.35204],[96.65594,17.3524],[96.65594,17.35267],[96.65729,17.35312],[96.65738,17.35356],[96.65792,17.35356],[96.65792,17.35392],[96.65819,17.35392]]],[[[96.65962,17.35392],[96.65962,17.35303],[96.65908,17.3533],[96.65908,17.35392],[96.65962,17.35392]]],[[[96.66151,17.35401],[96.6616,17.35356],[96.66097,17.35303],[96.65962,17.35258],[96.65962,17.35294],[96.66025,17.35303],[96.66043,17.35401],[96.66079,17.35401],[96.66079,17.35365],[96.66124,17.35365],[96.66124,17.35401],[96.66151,17.35401]]],[[[96.66384,17.35401],[96.66393,17.35347],[96.66456,17.35365],[96.66438,17.35321],[96.66295,17.3533],[96.66304,17.35392],[96.66331,17.35401],[96.66384,17.35401]]],[[[96.67624,17.35374],[96.67624,17.35339],[96.67732,17.35374],[96.67786,17.35312],[96.67723,17.35303],[96.67714,17.35231],[96.67651,17.35204],[96.67453,17.3515],[96.67382,17.35168],[96.67382,17.35312],[96.67337,17.3533],[96.67337,17.35374],[96.67507,17.35356],[96.6757,17.35374],[96.6757,17.35401],[96.6766,17.35401],[96.6766,17.35374],[96.67624,17.35374]]],[[[96.67004,17.35473],[96.67013,17.35428],[96.67058,17.3541],[96.67013,17.35356],[96.67085,17.35312],[96.67085,17.35267],[96.67031,17.35267],[96.67058,17.35204],[96.66977,17.35204],[96.66986,17.3515],[96.67067,17.35159],[96.67067,17.35114],[96.67031,17.35114],[96.67067,17.35024],[96.67022,17.35006],[96.66915,17.35069],[96.6687,17.35285],[96.66843,17.35285],[96.66843,17.35347],[96.66879,17.35347],[96.66879,17.35383],[96.66968,17.35392],[96.66977,17.35473],[96.67004,17.35473]]],[[[96.67409,17.35491],[96.67471,17.35464],[96.67462,17.35428],[96.67364,17.3541],[96.67364,17.35491],[96.67409,17.35491]]],[[[96.66726,17.35518],[96.66771,17.35509],[96.66789,17.35392],[96.6669,17.3541],[96.6669,17.35518],[96.66726,17.35518]]],[[[96.66034,17.35527],[96.66034,17.355],[96.6607,17.355],[96.66061,17.35437],[96.6598,17.35455],[96.6598,17.35527],[96.66034,17.35527]]],[[[96.66447,17.35455],[96.66447,17.35428],[96.66393,17.35428],[96.66384,17.35455],[96.66429,17.35527],[96.66456,17.35527],[96.66456,17.35455],[96.66447,17.35455]]],[[[96.7022,17.35545],[96.7022,17.35491],[96.70283,17.355],[96.70283,17.35464],[96.70346,17.35428],[96.70328,17.35347],[96.70292,17.35347],[96.70247,17.35446],[96.70139,17.35464],[96.70139,17.35428],[96.70113,17.35428],[96.70113,17.35491],[96.70184,17.355],[96.70193,17.35545],[96.7022,17.35545]]],[[[96.69789,17.35545],[96.69789,17.35518],[96.69924,17.35536],[96.6996,17.35473],[96.69879,17.35446],[96.6987,17.35473],[96.69726,17.35491],[96.69762,17.35617],[96.69816,17.35617],[96.69798,17.35545],[96.69789,17.35545]]],[[[96.67651,17.35653],[96.67804,17.35563],[96.67804,17.35536],[96.67732,17.35518],[96.67597,17.35599],[96.67588,17.35653],[96.67651,17.35653]]],[[[96.67418,17.35689],[96.67427,17.35653],[96.67489,17.35671],[96.67489,17.35545],[96.67418,17.35536],[96.67427,17.35617],[96.67382,17.35617],[96.67391,17.35689],[96.67418,17.35689]]],[[[96.69008,17.35689],[96.69044,17.35635],[96.68972,17.35644],[96.6899,17.35581],[96.68909,17.35635],[96.68954,17.35689],[96.69008,17.35689]]],[[[96.6731,17.35707],[96.67337,17.35662],[96.67256,17.35626],[96.67256,17.35563],[96.6713,17.35446],[96.6713,17.3559],[96.67211,17.35617],[96.67283,17.35707],[96.6731,17.35707]]],[[[96.69259,17.35761],[96.6925,17.3568],[96.69187,17.35671],[96.69151,17.35743],[96.69196,17.35761],[96.69223,17.35734],[96.69223,17.35761],[96.69259,17.35761]]],[[[96.66322,17.3577],[96.66331,17.35725],[96.66286,17.35698],[96.66286,17.35644],[96.66232,17.35644],[96.66268,17.3577],[96.66322,17.3577]]],[[[96.8931,17.35806],[96.89327,17.3577],[96.89274,17.35707],[96.89292,17.35671],[96.89256,17.35671],[96.89202,17.35707],[96.89202,17.35752],[96.89292,17.35806],[96.8931,17.35806]]],[[[96.66825,17.35734],[96.66834,17.3577],[96.66888,17.3577],[96.66923,17.35815],[96.66986,17.35797],[96.66986,17.35761],[96.66923,17.35734],[96.66825,17.35734]]],[[[96.69358,17.35913],[96.69358,17.35869],[96.69412,17.35904],[96.69412,17.35869],[96.69457,17.35869],[96.69475,17.35824],[96.69475,17.3577],[96.6943,17.35761],[96.69457,17.35734],[96.6943,17.35662],[96.69322,17.35689],[96.69322,17.35913],[96.69358,17.35913]]],[[[96.66582,17.35922],[96.66609,17.3586],[96.66546,17.35869],[96.66519,17.35824],[96.66474,17.35824],[96.66465,17.35752],[96.66411,17.35734],[96.66393,17.35833],[96.66429,17.35878],[96.6651,17.3586],[96.66537,17.35922],[96.66582,17.35922]]],[[[96.69044,17.36003],[96.69088,17.35967],[96.69223,17.35958],[96.6925,17.35797],[96.69196,17.35788],[96.69196,17.35842],[96.69106,17.35851],[96.69088,17.35815],[96.69178,17.35806],[96.69178,17.3577],[96.6899,17.35716],[96.6899,17.35958],[96.69017,17.35958],[96.69017,17.36003],[96.69044,17.36003]]],[[[96.67238,17.3603],[96.67319,17.36003],[96.67319,17.35976],[96.67193,17.35949],[96.67193,17.3603],[96.67238,17.3603]]],[[[96.69897,17.36039],[96.6987,17.35904],[96.69915,17.35869],[96.69906,17.35806],[96.69951,17.3577],[96.70014,17.35788],[96.7005,17.35644],[96.7013,17.35653],[96.70077,17.35581],[96.69942,17.35689],[96.69942,17.35725],[96.69807,17.35779],[96.69762,17.35851],[96.69717,17.35851],[96.69708,17.35904],[96.69627,17.35886],[96.69645,17.3594],[96.69609,17.35958],[96.69609,17.36021],[96.69726,17.36012],[96.69843,17.35931],[96.69861,17.35967],[96.69825,17.35976],[96.69816,17.36021],[96.69861,17.36039],[96.69897,17.36039]]],[[[96.69897,17.36039],[96.69897,17.36075],[96.69861,17.36075],[96.69861,17.36102],[96.69897,17.36102],[96.69888,17.36174],[96.69861,17.36174],[96.69861,17.36111],[96.69798,17.36138],[96.69843,17.36219],[96.69888,17.36219],[96.69933,17.36174],[96.69924,17.36102],[96.69951,17.36102],[96.69951,17.36066],[96.69924,17.36039],[96.69897,17.36039]]],[[[96.67283,17.36255],[96.67283,17.36228],[96.67346,17.36255],[96.6748,17.36246],[96.6748,17.36201],[96.67373,17.36201],[96.67346,17.36093],[96.67256,17.36075],[96.67238,17.36147],[96.67292,17.36174],[96.67256,17.3621],[96.67256,17.36282],[96.67292,17.36282],[96.67292,17.36255],[96.67283,17.36255]]],[[[96.67939,17.36138],[96.67903,17.36138],[96.67912,17.36291],[96.67975,17.36291],[96.67948,17.36138],[96.67939,17.36138]]],[[[96.67633,17.36327],[96.67651,17.36282],[96.67696,17.36282],[96.67687,17.36156],[96.67615,17.36084],[96.67561,17.36075],[96.67579,17.36282],[96.67534,17.36282],[96.67534,17.36309],[96.67606,17.36327],[96.67633,17.36327]]],[[[96.69187,17.36354],[96.69214,17.36318],[96.69268,17.36327],[96.69349,17.36273],[96.6934,17.36165],[96.69421,17.36138],[96.6943,17.36021],[96.69394,17.35985],[96.69448,17.35976],[96.69448,17.3594],[96.69205,17.35967],[96.69205,17.35994],[96.6899,17.3603],[96.68999,17.36228],[96.69187,17.36147],[96.6916,17.36192],[96.69097,17.36201],[96.69115,17.36291],[96.69088,17.36336],[96.6916,17.36354],[96.69187,17.36354]]],[[[96.67741,17.36399],[96.6775,17.36327],[96.67696,17.36309],[96.67678,17.36372],[96.67705,17.36399],[96.67741,17.36399]]],[[[96.87693,17.35428],[96.87657,17.35419],[96.87639,17.35321],[96.87576,17.35347],[96.8763,17.35276],[96.87558,17.35276],[96.87558,17.35249],[96.8763,17.35195],[96.87567,17.35024],[96.87477,17.3497],[96.87441,17.34979],[96.87441,17.34835],[96.8736,17.348],[96.87315,17.34719],[96.87243,17.3471],[96.87315,17.34925],[96.87414,17.35015],[96.87405,17.35114],[96.87486,17.35087],[96.87459,17.35213],[96.87495,17.35294],[96.87558,17.35392],[96.87612,17.35401],[96.87594,17.35491],[96.87666,17.35581],[96.87666,17.35653],[96.87594,17.35653],[96.87585,17.3568],[96.87612,17.35725],[96.87693,17.35734],[96.87711,17.3577],[96.87719,17.3594],[96.87764,17.3594],[96.87746,17.36021],[96.87863,17.36012],[96.87863,17.36039],[96.87782,17.36057],[96.87773,17.3612],[96.8789,17.36111],[96.87899,17.36147],[96.87944,17.36156],[96.87935,17.36201],[96.87863,17.36201],[96.87863,17.36264],[96.87791,17.36255],[96.87854,17.36363],[96.8789,17.36372],[96.87863,17.36318],[96.87899,17.36309],[96.87908,17.36255],[96.87944,17.36255],[96.87971,17.36372],[96.87953,17.36408],[96.88088,17.3647],[96.88106,17.36363],[96.88052,17.36309],[96.88052,17.36255],[96.88142,17.36219],[96.88178,17.3639],[96.88205,17.3639],[96.88214,17.36255],[96.88267,17.36255],[96.8833,17.36381],[96.88384,17.3639],[96.88384,17.36434],[96.88438,17.36434],[96.88447,17.36461],[96.88555,17.36443],[96.88591,17.36479],[96.88591,17.36434],[96.88618,17.36434],[96.88717,17.36488],[96.8886,17.36461],[96.8886,17.36425],[96.88887,17.36425],[96.88887,17.36479],[96.88977,17.36479],[96.89031,17.36425],[96.89103,17.36425],[96.89103,17.3639],[96.89193,17.36434],[96.89247,17.3639],[96.89336,17.36399],[96.89166,17.36273],[96.89184,17.3621],[96.89094,17.36174],[96.88995,17.36021],[96.88968,17.36021],[96.88986,17.36102],[96.8895,17.36102],[96.88923,17.36075],[96.88932,17.35994],[96.88744,17.35904],[96.88681,17.35922],[96.88681,17.35949],[96.88762,17.36039],[96.88806,17.36048],[96.88824,17.3612],[96.88744,17.36246],[96.886,17.36192],[96.886,17.36246],[96.88555,17.36255],[96.88555,17.36228],[96.88483,17.3621],[96.88483,17.36156],[96.88348,17.3612],[96.88312,17.36012],[96.88366,17.36012],[96.88366,17.3594],[96.88294,17.35958],[96.88276,17.35904],[96.88232,17.35904],[96.88205,17.35869],[96.88178,17.35869],[96.88187,17.35913],[96.88258,17.3594],[96.88223,17.36021],[96.88178,17.36021],[96.88169,17.35976],[96.88097,17.35967],[96.88097,17.36012],[96.88016,17.35994],[96.88052,17.36102],[96.8798,17.36093],[96.87953,17.36003],[96.87899,17.35994],[96.87917,17.3594],[96.87881,17.3586],[96.87827,17.35788],[96.87728,17.35743],[96.87719,17.35689],[96.878,17.35689],[96.87818,17.35617],[96.87791,17.35581],[96.87711,17.35581],[96.87702,17.35536],[96.87755,17.35545],[96.87764,17.35491],[96.87711,17.35509],[96.87693,17.35464],[96.87693,17.35428]],[[96.88052,17.36147],[96.88043,17.36255],[96.88007,17.36264],[96.87971,17.36219],[96.88025,17.36147],[96.88052,17.36147]],[[96.88779,17.36345],[96.88779,17.36309],[96.88824,17.36336],[96.88914,17.36318],[96.88905,17.36372],[96.88869,17.36381],[96.88806,17.36372],[96.88797,17.36345],[96.88779,17.36345]]],[[[96.67552,17.36443],[96.67427,17.363],[96.67256,17.36345],[96.67247,17.36264],[96.67157,17.36138],[96.6713,17.36138],[96.67157,17.36327],[96.67103,17.36309],[96.67121,17.36228],[96.67085,17.36228],[96.67067,17.36156],[96.66968,17.36201],[96.66959,17.36273],[96.67094,17.36399],[96.67229,17.36434],[96.6722,17.36363],[96.67193,17.36363],[96.67193,17.36309],[96.6722,17.36309],[96.67274,17.36461],[96.67319,17.36461],[96.67319,17.36399],[96.67355,17.3639],[96.67391,17.36488],[96.67453,17.36488],[96.67507,17.36443],[96.67516,17.36506],[96.67615,17.36506],[96.6757,17.36443],[96.67552,17.36443]]],[[[96.68361,17.36452],[96.68361,17.36399],[96.68325,17.3639],[96.68307,17.36488],[96.68388,17.36506],[96.68388,17.36452],[96.68361,17.36452]]],[[[96.68648,17.36515],[96.68711,17.36434],[96.68657,17.36434],[96.68657,17.36381],[96.6863,17.36381],[96.68603,17.36443],[96.68567,17.36452],[96.68594,17.36291],[96.68576,17.36228],[96.68549,17.36228],[96.68505,17.36255],[96.68505,17.36318],[96.6854,17.36354],[96.68531,17.36488],[96.6854,17.36515],[96.68612,17.36515],[96.68648,17.36515]]],[[[96.67966,17.36533],[96.67975,17.3647],[96.67912,17.36479],[96.67912,17.36425],[96.67849,17.36434],[96.6784,17.36533],[96.67867,17.36506],[96.6793,17.36506],[96.6793,17.36533],[96.67966,17.36533]]],[[[96.69223,17.36533],[96.6925,17.36524],[96.69241,17.36434],[96.69223,17.36399],[96.6916,17.36399],[96.69196,17.36533],[96.69223,17.36533]]],[[[96.69358,17.36542],[96.69367,17.36461],[96.69304,17.36416],[96.69295,17.36506],[96.69331,17.36542],[96.69358,17.36542]]],[[[96.68163,17.36605],[96.68208,17.36551],[96.68172,17.36542],[96.68136,17.36434],[96.68172,17.36434],[96.68199,17.36497],[96.68244,17.36497],[96.68271,17.36408],[96.68253,17.36345],[96.6819,17.36336],[96.68064,17.3639],[96.68073,17.36533],[96.6801,17.3647],[96.67983,17.36587],[96.68091,17.36569],[96.68109,17.36605],[96.68163,17.36605]]],[[[96.69052,17.36641],[96.69079,17.36596],[96.69133,17.36587],[96.69124,17.36551],[96.69017,17.36569],[96.68972,17.36641],[96.69052,17.36641]]],[[[96.68082,17.36722],[96.68073,17.36677],[96.68037,17.36677],[96.68046,17.36623],[96.67885,17.36596],[96.67876,17.36668],[96.67957,17.36641],[96.67966,17.36722],[96.68046,17.36722],[96.68082,17.36722]]],[[[96.68594,17.36785],[96.68621,17.36686],[96.68801,17.3665],[96.68774,17.36569],[96.68828,17.3656],[96.68837,17.36623],[96.689,17.36596],[96.68891,17.36479],[96.68792,17.36497],[96.68711,17.36578],[96.68657,17.36578],[96.68657,17.36632],[96.68594,17.3665],[96.68594,17.36704],[96.6854,17.36704],[96.68558,17.36785],[96.68594,17.36785]]],[[[96.69205,17.36812],[96.69205,17.36731],[96.69133,17.3674],[96.69115,17.36794],[96.69178,17.36785],[96.69178,17.36812],[96.69205,17.36812]]],[[[96.69277,17.36947],[96.69313,17.36866],[96.69277,17.36848],[96.69286,17.36731],[96.6925,17.36731],[96.69223,17.36884],[96.6925,17.36884],[96.69241,17.36964],[96.69286,17.36973],[96.69286,17.36947],[96.69277,17.36947]]],[[[96.68837,17.36982],[96.68855,17.36938],[96.68828,17.36938],[96.68828,17.36893],[96.68738,17.36893],[96.6881,17.36982],[96.68837,17.36982]]],[[[96.68945,17.36982],[96.68945,17.3692],[96.69035,17.36893],[96.69035,17.36857],[96.68954,17.36848],[96.68927,17.36731],[96.69017,17.3674],[96.69017,17.36677],[96.68864,17.36731],[96.68864,17.36767],[96.68909,17.36776],[96.689,17.36848],[96.68873,17.36848],[96.68873,17.36794],[96.68828,17.36803],[96.68846,17.36875],[96.68873,17.36875],[96.68864,17.36947],[96.68918,17.36955],[96.68918,17.36982],[96.68945,17.36982]]],[[[96.69124,17.37099],[96.69151,17.36964],[96.69052,17.36929],[96.69026,17.37063],[96.69088,17.37099],[96.69124,17.37099]]],[[[96.89453,17.37692],[96.8948,17.37602],[96.89552,17.3762],[96.89579,17.37512],[96.89624,17.37494],[96.89624,17.37378],[96.89588,17.37378],[96.8957,17.37333],[96.89642,17.37324],[96.89642,17.37279],[96.89534,17.37234],[96.89489,17.3709],[96.89426,17.37108],[96.89444,17.37036],[96.89381,17.37072],[96.89381,17.37],[96.89327,17.36982],[96.89301,17.37009],[96.89292,17.36964],[96.89229,17.36938],[96.89238,17.36991],[96.89265,17.36991],[96.89265,17.37072],[96.89363,17.37081],[96.89363,17.37108],[96.89301,17.37099],[96.89301,17.37126],[96.89336,17.37261],[96.89318,17.37405],[96.8939,17.37557],[96.89336,17.37566],[96.89318,17.3762],[96.89399,17.37611],[96.89408,17.37692],[96.89453,17.37692]]],[[[96.89345,17.37755],[96.8939,17.37728],[96.8939,17.37683],[96.89354,17.37665],[96.89292,17.37692],[96.89292,17.37746],[96.89318,17.37755],[96.89345,17.37755]]],[[[96.75547,17.43522],[96.75592,17.43513],[96.75619,17.43414],[96.75583,17.43414],[96.75574,17.43378],[96.75484,17.43378],[96.75466,17.43468],[96.7552,17.43522],[96.75547,17.43522]]],[[[96.74442,17.4363],[96.74595,17.43612],[96.7464,17.43576],[96.7491,17.43567],[96.7491,17.43513],[96.74874,17.43513],[96.7491,17.4345],[96.74838,17.43441],[96.7482,17.43486],[96.74748,17.43495],[96.74739,17.4319],[96.74721,17.431],[96.7464,17.43118],[96.74667,17.43046],[96.74532,17.43028],[96.74523,17.43073],[96.74442,17.43064],[96.74397,17.43136],[96.74406,17.43235],[96.74317,17.43253],[96.74317,17.43307],[96.74388,17.43334],[96.74442,17.43262],[96.74523,17.43235],[96.74487,17.43307],[96.74433,17.43316],[96.74433,17.43351],[96.74317,17.43468],[96.74272,17.43468],[96.74272,17.43522],[96.74218,17.43558],[96.74218,17.43603],[96.74254,17.4363],[96.74415,17.4363],[96.74442,17.4363]]],[[[96.75143,17.43693],[96.75179,17.43657],[96.75278,17.43648],[96.75278,17.43603],[96.75386,17.43603],[96.75386,17.43558],[96.75413,17.43558],[96.75386,17.43459],[96.7535,17.43495],[96.7526,17.43486],[96.7526,17.43441],[96.75116,17.4345],[96.75116,17.43423],[96.75044,17.43405],[96.75062,17.43531],[96.75035,17.43558],[96.75071,17.43567],[96.75125,17.43522],[96.75116,17.43693],[96.75143,17.43693]]],[[[96.73849,17.4381],[96.73885,17.43801],[96.73903,17.43747],[96.73939,17.43747],[96.74002,17.4363],[96.74074,17.43612],[96.74074,17.43567],[96.7411,17.43567],[96.7411,17.4354],[96.73993,17.43522],[96.73993,17.43495],[96.73796,17.43486],[96.73796,17.4354],[96.73841,17.4354],[96.73814,17.43567],[96.73823,17.4381],[96.73849,17.4381]]],[[[96.61291,17.45139],[96.61309,17.45085],[96.61273,17.4504],[96.61246,17.4504],[96.61255,17.45103],[96.61228,17.45139],[96.61291,17.45139]]],[[[96.63231,17.4513],[96.63204,17.45157],[96.63231,17.45094],[96.63151,17.45022],[96.63097,17.45022],[96.63106,17.45166],[96.63151,17.45265],[96.63249,17.45265],[96.63258,17.4513],[96.63231,17.4513]]],[[[96.61309,17.45328],[96.61534,17.45229],[96.61507,17.45112],[96.61453,17.45148],[96.61399,17.45139],[96.61354,17.45202],[96.61309,17.45202],[96.61273,17.45238],[96.61282,17.45328],[96.61309,17.45328]]],[[[96.61668,17.45328],[96.61677,17.45283],[96.61794,17.45247],[96.61794,17.45202],[96.61722,17.45193],[96.61641,17.45229],[96.61614,17.45328],[96.61668,17.45328]]],[[[96.61668,17.45552],[96.61677,17.45427],[96.61605,17.45355],[96.61561,17.45463],[96.61632,17.45489],[96.61632,17.45552],[96.61668,17.45552]]],[[[96.6148,17.45597],[96.6148,17.4557],[96.61605,17.45561],[96.61596,17.45507],[96.61525,17.4548],[96.61516,17.45364],[96.61426,17.45382],[96.61426,17.45427],[96.61327,17.45418],[96.61345,17.45552],[96.61408,17.45561],[96.61453,17.45624],[96.61552,17.45633],[96.61525,17.45597],[96.6148,17.45597]]],[[[96.61516,17.45759],[96.61543,17.45723],[96.6165,17.4575],[96.6165,17.45714],[96.6174,17.45714],[96.61749,17.45651],[96.6165,17.45651],[96.61632,17.45606],[96.61587,17.45606],[96.6157,17.45678],[96.61516,17.4566],[96.6148,17.45759],[96.61516,17.45759]]],[[[96.61228,17.45831],[96.61255,17.45813],[96.61246,17.45732],[96.61336,17.45723],[96.61345,17.4566],[96.61309,17.4557],[96.61192,17.45552],[96.61183,17.45597],[96.61129,17.45624],[96.61129,17.45696],[96.61192,17.45678],[96.61192,17.45705],[96.61156,17.45705],[96.61147,17.45768],[96.61201,17.45831],[96.61228,17.45831]]],[[[96.61102,17.45894],[96.61129,17.4584],[96.61102,17.4584],[96.61084,17.45723],[96.61049,17.45723],[96.61075,17.45813],[96.61049,17.45894],[96.61102,17.45894]]],[[[96.61632,17.45822],[96.61596,17.45858],[96.61534,17.45858],[96.61516,17.45948],[96.61552,17.45948],[96.61561,17.46011],[96.61525,17.46019],[96.61507,17.46091],[96.61596,17.46109],[96.61587,17.45966],[96.61632,17.45921],[96.61632,17.45822]]],[[[96.61255,17.46145],[96.61255,17.46109],[96.61291,17.46109],[96.61282,17.46037],[96.61228,17.46028],[96.61192,17.45957],[96.61156,17.45957],[96.61165,17.46064],[96.61219,17.46073],[96.61192,17.46136],[96.61228,17.46145],[96.61255,17.46145]]],[[[96.63483,17.46262],[96.63519,17.46199],[96.63555,17.46199],[96.63564,17.46055],[96.63465,17.45732],[96.63393,17.45705],[96.63483,17.45984],[96.63483,17.46011],[96.63438,17.46011],[96.63438,17.46082],[96.63411,17.46082],[96.63384,17.46163],[96.63447,17.46262],[96.63483,17.46262]]],[[[96.62162,17.46325],[96.62189,17.46055],[96.62117,17.46055],[96.62082,17.46118],[96.62037,17.46127],[96.62037,17.46217],[96.61974,17.46226],[96.61974,17.46253],[96.62109,17.46325],[96.62162,17.46325]]],[[[96.63178,17.4637],[96.63267,17.46298],[96.63267,17.46271],[96.63213,17.46271],[96.63231,17.46217],[96.63204,17.46217],[96.63186,17.46082],[96.63133,17.46091],[96.63088,17.46181],[96.63052,17.46181],[96.63079,17.46325],[96.63133,17.4637],[96.63178,17.4637]]],[[[96.60294,17.46451],[96.60294,17.46406],[96.60339,17.46406],[96.60456,17.4628],[96.60501,17.4628],[96.60501,17.46208],[96.6042,17.46226],[96.6042,17.46199],[96.60366,17.46199],[96.60348,17.46262],[96.60258,17.46289],[96.60267,17.46451],[96.60294,17.46451]]],[[[96.60563,17.46478],[96.60626,17.46433],[96.60743,17.46415],[96.60716,17.4619],[96.60563,17.46235],[96.60536,17.46289],[96.60483,17.46289],[96.60456,17.46388],[96.60501,17.46388],[96.60536,17.46478],[96.60563,17.46478]]],[[[96.60069,17.46451],[96.6006,17.46388],[96.60114,17.46388],[96.60132,17.4646],[96.60177,17.46442],[96.60186,17.46316],[96.59988,17.4637],[96.59988,17.46406],[96.60024,17.46406],[96.60024,17.46487],[96.60096,17.46487],[96.60096,17.46451],[96.60069,17.46451]]],[[[96.63366,17.46487],[96.6342,17.4646],[96.63402,17.46397],[96.63456,17.46397],[96.63456,17.46451],[96.63483,17.46451],[96.63492,17.46334],[96.63465,17.46298],[96.63357,17.46289],[96.63366,17.46397],[96.63276,17.4637],[96.63321,17.46487],[96.63366,17.46487]]],[[[96.61812,17.46594],[96.61848,17.46567],[96.61839,17.46388],[96.61785,17.46334],[96.61731,17.4637],[96.61704,17.46298],[96.61614,17.46289],[96.61605,17.46145],[96.6157,17.46136],[96.61552,17.46181],[96.61596,17.46406],[96.61641,17.46415],[96.61623,17.46316],[96.61659,17.46316],[96.6165,17.46379],[96.61677,17.46379],[96.61677,17.46415],[96.61767,17.46451],[96.6174,17.46514],[96.61758,17.46594],[96.61812,17.46594]]],[[[96.63178,17.46621],[96.63258,17.46603],[96.63231,17.46576],[96.63231,17.46478],[96.63186,17.46478],[96.63178,17.46541],[96.63142,17.46541],[96.63142,17.46621],[96.63178,17.46621]]],[[[96.61462,17.46666],[96.61534,17.46639],[96.61543,17.46549],[96.61498,17.46549],[96.61498,17.46594],[96.61462,17.46594],[96.61462,17.46549],[96.61399,17.46549],[96.61417,17.46666],[96.61462,17.46666]]],[[[96.60069,17.46693],[96.60096,17.46612],[96.60015,17.46576],[96.60042,17.46693],[96.60069,17.46693]]],[[[96.59881,17.46711],[96.5989,17.46684],[96.59944,17.46702],[96.59997,17.46675],[96.5998,17.46594],[96.59944,17.4663],[96.59854,17.46612],[96.59872,17.46675],[96.59836,17.46711],[96.59881,17.46711]]],[[[96.63312,17.46684],[96.63312,17.46639],[96.63393,17.46648],[96.63393,17.46612],[96.63429,17.46612],[96.63438,17.46532],[96.63483,17.46532],[96.63483,17.46487],[96.63447,17.46487],[96.63438,17.46523],[96.6333,17.46523],[96.63339,17.46585],[96.63285,17.46603],[96.63276,17.4672],[96.6333,17.4672],[96.6333,17.46684],[96.63312,17.46684]]],[[[96.61282,17.46927],[96.61408,17.46873],[96.61408,17.46828],[96.61354,17.46801],[96.61336,17.46738],[96.61219,17.46783],[96.61219,17.46738],[96.61309,17.46729],[96.61309,17.46702],[96.6121,17.46451],[96.61156,17.4646],[96.61174,17.46388],[96.61138,17.46298],[96.61075,17.46289],[96.60977,17.46343],[96.60977,17.4637],[96.60995,17.46442],[96.61057,17.4646],[96.6104,17.46549],[96.61066,17.46621],[96.61111,17.46621],[96.61102,17.46675],[96.61147,17.46783],[96.61201,17.46783],[96.61183,17.46837],[96.61237,17.46864],[96.61228,17.46927],[96.61282,17.46927]]],[[[96.63411,17.47026],[96.63447,17.47017],[96.63447,17.46792],[96.63375,17.46864],[96.63375,17.46918],[96.63312,17.46882],[96.63312,17.46972],[96.63384,17.47026],[96.63411,17.47026]]],[[[96.6139,17.47035],[96.6139,17.4699],[96.61417,17.46981],[96.61399,17.46918],[96.61291,17.46954],[96.61309,17.47026],[96.61354,17.47035],[96.6139,17.47035]]],[[[96.65711,17.47071],[96.65738,17.46999],[96.6581,17.4699],[96.6581,17.46963],[96.65765,17.46963],[96.65774,17.46882],[96.6572,17.46891],[96.65684,17.46954],[96.65684,17.47071],[96.65711,17.47071]]],[[[96.61929,17.47133],[96.62028,17.47079],[96.62019,17.46981],[96.61929,17.46999],[96.61929,17.47026],[96.61848,17.47008],[96.61848,17.47035],[96.61803,17.47035],[96.61812,17.47079],[96.61884,17.47088],[96.61884,17.47133],[96.61929,17.47133]]],[[[96.62809,17.47106],[96.62854,17.46981],[96.62827,17.46981],[96.62827,17.47017],[96.62764,17.47008],[96.62728,17.47035],[96.62728,17.46945],[96.62603,17.46954],[96.62603,17.46909],[96.62513,17.46927],[96.62522,17.47017],[96.62648,17.47008],[96.62674,17.47053],[96.62728,17.47053],[96.62728,17.47088],[96.62773,17.47088],[96.62782,17.47142],[96.62836,17.47142],[96.62836,17.47106],[96.62809,17.47106]]],[[[96.64956,17.47196],[96.64983,17.47133],[96.64938,17.47097],[96.64893,17.47124],[96.64875,17.47196],[96.64956,17.47196]]],[[[96.59764,17.47232],[96.59791,17.47223],[96.59791,17.47178],[96.59908,17.47169],[96.59881,17.47035],[96.59845,17.47035],[96.59827,17.47124],[96.59674,17.47169],[96.59674,17.47214],[96.59728,17.47232],[96.59764,17.47232]]],[[[96.61794,17.47259],[96.61776,17.46927],[96.61749,17.46927],[96.61749,17.46882],[96.61776,17.46882],[96.61785,17.46927],[96.61884,17.469],[96.61875,17.46774],[96.61821,17.46729],[96.61821,17.46684],[96.61893,17.46729],[96.61866,17.46612],[96.61749,17.46621],[96.61776,17.46702],[96.61749,17.46792],[96.61821,17.46819],[96.6183,17.46864],[96.61704,17.46873],[96.61704,17.4699],[96.6165,17.47035],[96.6165,17.47071],[96.61695,17.47071],[96.61695,17.47026],[96.61731,17.47035],[96.61722,17.47151],[96.61767,17.47196],[96.61731,17.47259],[96.61794,17.47259]]],[[[96.64651,17.47259],[96.64678,17.47232],[96.64732,17.4725],[96.64705,17.47178],[96.64642,17.47196],[96.64714,17.47106],[96.64615,17.47133],[96.64588,17.47088],[96.64696,17.47044],[96.64741,17.46927],[96.64642,17.46927],[96.64642,17.46972],[96.64579,17.46963],[96.64552,17.4699],[96.64579,17.47053],[96.64543,17.47053],[96.64534,17.47115],[96.64453,17.47133],[96.64462,17.47196],[96.64516,17.47196],[96.64516,17.4716],[96.64552,17.4716],[96.64561,17.47232],[96.64624,17.47259],[96.64651,17.47259]]],[[[96.65046,17.47259],[96.65046,17.47178],[96.65136,17.47151],[96.65136,17.47115],[96.65028,17.47133],[96.65028,17.47169],[96.65001,17.47169],[96.65019,17.47259],[96.65046,17.47259]]],[[[96.63869,17.47286],[96.63842,17.47286],[96.63851,17.47349],[96.63932,17.47358],[96.63932,17.47313],[96.63869,17.47295],[96.63869,17.47286]]],[[[96.62719,17.47367],[96.62737,17.47331],[96.6289,17.47286],[96.62881,17.4725],[96.62827,17.47268],[96.62836,17.47196],[96.62737,17.47268],[96.62692,17.47268],[96.62719,17.47295],[96.62692,17.47367],[96.62719,17.47367]]],[[[96.6404,17.47376],[96.64058,17.47313],[96.63968,17.47322],[96.63941,17.47421],[96.64076,17.47448],[96.64049,17.47376],[96.6404,17.47376]]],[[[96.62207,17.47412],[96.62144,17.47412],[96.62171,17.47493],[96.6227,17.47502],[96.62243,17.47412],[96.62207,17.47412]]],[[[96.65378,17.47295],[96.65405,17.47295],[96.65405,17.4734],[96.65351,17.47295],[96.65351,17.47349],[96.65316,17.47358],[96.65271,17.47358],[96.6528,17.47304],[96.6519,17.47313],[96.65163,17.47421],[96.65316,17.47394],[96.65369,17.47448],[96.65459,17.47475],[96.65486,17.47466],[96.65495,17.47403],[96.65522,17.47403],[96.65531,17.47484],[96.65594,17.47502],[96.65585,17.47448],[96.65639,17.47412],[96.65639,17.47376],[96.65549,17.47385],[96.6554,17.47331],[96.65576,17.47331],[96.65594,17.47241],[96.65675,17.47241],[96.65675,17.47214],[96.6554,17.47187],[96.65495,17.47214],[96.65504,17.47268],[96.65477,17.47268],[96.65378,17.47205],[96.65378,17.47259],[96.65378,17.47295]]],[[[96.61327,17.47511],[96.61345,17.47457],[96.6139,17.47457],[96.61408,17.47394],[96.61336,17.47376],[96.61291,17.47511],[96.61327,17.47511]]],[[[96.61812,17.47511],[96.61812,17.47457],[96.61866,17.47448],[96.61866,17.47205],[96.6183,17.47205],[96.61803,17.47376],[96.61749,17.47403],[96.6174,17.47484],[96.61767,17.47511],[96.61812,17.47511]]],[[[96.63806,17.47538],[96.63833,17.4752],[96.63806,17.47367],[96.63699,17.47376],[96.63681,17.47475],[96.63708,17.4752],[96.63779,17.47538],[96.63806,17.47538]]],[[[96.62019,17.47565],[96.62019,17.4752],[96.62073,17.4752],[96.62073,17.47439],[96.61965,17.47439],[96.61938,17.47565],[96.62019,17.47565]]],[[[96.63546,17.47681],[96.63528,17.47618],[96.63411,17.47574],[96.63384,17.47484],[96.63447,17.47457],[96.63474,17.47457],[96.63474,17.47493],[96.63528,17.47475],[96.63528,17.47448],[96.63474,17.47448],[96.63456,17.47349],[96.63483,17.47349],[96.63483,17.47385],[96.63555,17.47385],[96.63555,17.47448],[96.63582,17.47448],[96.63582,17.47259],[96.63492,17.47232],[96.63492,17.47268],[96.63447,17.47268],[96.63447,17.47223],[96.63375,17.47214],[96.63366,17.47133],[96.63321,17.47133],[96.63321,17.47187],[96.63169,17.47205],[96.63124,17.47358],[96.63169,17.47367],[96.63151,17.47421],[96.63213,17.4743],[96.63213,17.47457],[96.63169,17.47457],[96.63169,17.47493],[96.63115,17.47484],[96.63106,17.47529],[96.6316,17.47529],[96.6316,17.47565],[96.63213,17.47529],[96.63213,17.47565],[96.6324,17.47565],[96.63267,17.47493],[96.63357,17.47502],[96.63348,17.47592],[96.63384,17.47592],[96.63384,17.47618],[96.63357,17.47618],[96.63348,17.47672],[96.63492,17.47681],[96.63546,17.47681]]],[[[96.66322,17.47601],[96.66349,17.47547],[96.66259,17.47547],[96.66277,17.47645],[96.66376,17.47681],[96.6634,17.47601],[96.66322,17.47601]]],[[[96.59755,17.47699],[96.598,17.47601],[96.59827,17.47601],[96.59827,17.47645],[96.59944,17.47654],[96.59971,17.47627],[96.59988,17.47484],[96.59962,17.47484],[96.59971,17.47313],[96.59944,17.47313],[96.59971,17.47259],[96.59863,17.47304],[96.59863,17.47241],[96.59809,17.47241],[96.59809,17.47322],[96.59845,17.47322],[96.59854,17.47403],[96.59764,17.47358],[96.59737,17.47376],[96.59755,17.47466],[96.59665,17.47475],[96.59656,17.47412],[96.59602,17.47412],[96.5962,17.4752],[96.59683,17.4752],[96.59701,17.47663],[96.59674,17.4769],[96.5971,17.47699],[96.59755,17.47699]]],[[[96.63133,17.47699],[96.63133,17.47627],[96.63043,17.47627],[96.63043,17.47654],[96.63088,17.47654],[96.63088,17.47699],[96.63133,17.47699]]],[[[96.65046,17.47708],[96.65046,17.47636],[96.64965,17.47636],[96.64956,17.47699],[96.6501,17.47708],[96.65046,17.47708]]],[[[96.65351,17.47708],[96.6536,17.47681],[96.65486,17.4769],[96.65513,17.47636],[96.65342,17.47618],[96.65324,17.47654],[96.6528,17.47654],[96.6528,17.4769],[96.65324,17.47708],[96.65351,17.47708]]],[[[96.65908,17.47726],[96.65998,17.4769],[96.65998,17.47663],[96.65944,17.47663],[96.65944,17.47618],[96.65702,17.47592],[96.65684,17.47645],[96.65828,17.47681],[96.65828,17.47726],[96.65908,17.47726]]],[[[96.64211,17.47735],[96.64264,17.47735],[96.64282,17.47672],[96.64345,17.47663],[96.64399,17.47672],[96.64444,17.47735],[96.64498,17.47735],[96.64498,17.47699],[96.64435,17.47699],[96.64444,17.47618],[96.64489,17.47601],[96.64561,17.47654],[96.64552,17.47565],[96.64525,17.47556],[96.64471,17.47556],[96.64471,17.47592],[96.64417,17.47565],[96.6439,17.47601],[96.64255,17.47565],[96.64291,17.47529],[96.64291,17.47448],[96.64327,17.47448],[96.64345,17.47511],[96.64372,17.47511],[96.64363,17.47448],[96.64408,17.47421],[96.64435,17.47421],[96.64426,17.47502],[96.64525,17.47475],[96.64516,17.47412],[96.64417,17.47385],[96.64417,17.47358],[96.64489,17.47358],[96.64489,17.47286],[96.64426,17.47313],[96.64426,17.47277],[96.64372,17.47259],[96.6439,17.47196],[96.64363,17.47178],[96.64318,17.47196],[96.64345,17.47223],[96.64327,17.47286],[96.64264,17.47322],[96.64264,17.47358],[96.643,17.47367],[96.643,17.47331],[96.64372,17.47313],[96.64372,17.47358],[96.64336,17.47358],[96.64309,17.47421],[96.64193,17.4743],[96.64175,17.47349],[96.64103,17.47349],[96.64103,17.47376],[96.64157,17.47385],[96.64166,17.47556],[96.6422,17.4752],[96.64238,17.47699],[96.64211,17.47699],[96.64211,17.47735]]],[[[96.59962,17.47744],[96.59988,17.4769],[96.59854,17.4769],[96.59854,17.47717],[96.59926,17.47717],[96.59935,17.47744],[96.59962,17.47744]]],[[[96.6519,17.47771],[96.65235,17.4761],[96.6519,17.47601],[96.65199,17.4752],[96.65136,17.47493],[96.65082,17.47556],[96.65082,17.4761],[96.65163,17.47627],[96.65163,17.47654],[96.65091,17.47663],[96.65082,17.47699],[96.65163,17.47771],[96.6519,17.47771]]],[[[96.61489,17.47753],[96.61498,17.47681],[96.61453,17.4769],[96.61408,17.4778],[96.61444,17.4778],[96.61444,17.47753],[96.61489,17.47753]]],[[[96.59719,17.47726],[96.59683,17.47726],[96.59692,17.4778],[96.59818,17.47798],[96.59818,17.47762],[96.59719,17.47735],[96.59719,17.47726]]],[[[96.59521,17.4778],[96.59503,17.47753],[96.59414,17.47753],[96.59423,17.47807],[96.59503,17.47834],[96.5953,17.47834],[96.5953,17.4778],[96.59521,17.4778]]],[[[96.636,17.47834],[96.63645,17.47789],[96.63681,17.47825],[96.63725,17.47807],[96.63708,17.47654],[96.63618,17.47547],[96.636,17.47457],[96.63573,17.47457],[96.63555,17.47547],[96.63618,17.47583],[96.63618,17.47618],[96.63573,17.47618],[96.63609,17.47762],[96.63546,17.4778],[96.63546,17.47834],[96.636,17.47834]]],[[[96.64211,17.47735],[96.64157,17.47708],[96.64193,17.47843],[96.643,17.47825],[96.643,17.47789],[96.64211,17.4778],[96.64211,17.47735]]],[[[96.66349,17.47861],[96.66376,17.47744],[96.6634,17.47744],[96.66331,17.4778],[96.66277,17.47762],[96.66259,17.47843],[96.66313,17.47861],[96.66349,17.47861]]],[[[96.62432,17.47879],[96.62495,17.47843],[96.62567,17.47852],[96.62567,17.47744],[96.62477,17.47825],[96.62414,17.47807],[96.62405,17.47879],[96.62432,17.47879]]],[[[96.62719,17.47879],[96.62719,17.47852],[96.62764,17.47852],[96.62773,17.47753],[96.62728,17.47735],[96.6271,17.47663],[96.62594,17.47699],[96.6263,17.47816],[96.62683,17.47843],[96.62683,17.47906],[96.62737,17.47906],[96.62737,17.47879],[96.62719,17.47879]]],[[[96.63025,17.47933],[96.63088,17.47897],[96.63088,17.47816],[96.63061,17.47807],[96.63079,17.47735],[96.63043,17.47735],[96.63043,17.47672],[96.62845,17.47654],[96.62782,17.47681],[96.62809,17.4778],[96.62836,17.4778],[96.62836,17.47708],[96.62872,17.47708],[96.62854,17.47834],[96.62944,17.47852],[96.62962,17.47933],[96.63025,17.47933]]],[[[96.61066,17.47969],[96.61129,17.47951],[96.61129,17.47861],[96.61174,17.47861],[96.61156,17.47807],[96.61129,17.47807],[96.61129,17.47843],[96.61057,17.47834],[96.61049,17.47798],[96.60959,17.47807],[96.61022,17.47969],[96.61066,17.47969]]],[[[96.66582,17.48014],[96.66582,17.47969],[96.66636,17.47951],[96.66609,17.47906],[96.66528,17.47978],[96.66537,17.48014],[96.66582,17.48014]]],[[[96.65019,17.48023],[96.65037,17.47897],[96.64992,17.47897],[96.64956,17.47834],[96.64839,17.47843],[96.64839,17.47879],[96.64902,17.47879],[96.64902,17.47933],[96.64956,17.47951],[96.64956,17.48023],[96.65019,17.48023]]],[[[96.60267,17.48041],[96.6033,17.48014],[96.60357,17.47951],[96.60447,17.47978],[96.60492,17.47924],[96.60492,17.4787],[96.60366,17.47852],[96.60348,17.47897],[96.60312,17.47897],[96.60312,17.47942],[96.60276,17.47951],[96.60285,17.47879],[96.60222,17.47879],[96.60231,17.4778],[96.60294,17.47744],[96.60276,17.47699],[96.60033,17.47753],[96.60024,17.47807],[96.59872,17.47762],[96.59863,17.47816],[96.59917,17.47807],[96.5989,17.47879],[96.59988,17.47915],[96.60078,17.47897],[96.60069,17.47987],[96.60123,17.47996],[96.60123,17.4796],[96.6015,17.4796],[96.60186,17.48041],[96.60267,17.48041]]],[[[96.63995,17.4805],[96.64022,17.48032],[96.63995,17.4796],[96.64031,17.4796],[96.6404,17.47897],[96.64121,17.47933],[96.64085,17.47816],[96.64121,17.47816],[96.64139,17.47726],[96.64085,17.47717],[96.64094,17.47789],[96.64067,17.47789],[96.6404,17.47708],[96.63932,17.47663],[96.63932,17.47618],[96.63905,17.47618],[96.63896,17.47663],[96.63752,17.47681],[96.63743,17.47771],[96.63797,17.4778],[96.63797,17.47816],[96.63833,17.47825],[96.63833,17.47852],[96.63779,17.47852],[96.63788,17.47888],[96.63851,17.47897],[96.63833,17.47987],[96.63941,17.47978],[96.63896,17.47897],[96.63896,17.4787],[96.63932,17.4787],[96.63932,17.47915],[96.63968,17.47942],[96.63932,17.4805],[96.63995,17.4805]]],[[[96.66932,17.48086],[96.66941,17.48023],[96.66888,17.4805],[96.66915,17.47978],[96.66834,17.47978],[96.66825,17.47942],[96.66834,17.47906],[96.66897,17.47879],[96.66861,17.47771],[96.66834,17.47798],[96.66726,17.47789],[96.66726,17.47861],[96.66762,17.47861],[96.66726,17.47951],[96.6678,17.47978],[96.66789,17.48041],[96.66762,17.48041],[96.66762,17.48005],[96.66654,17.47978],[96.66672,17.48041],[96.66744,17.4805],[96.66753,17.48077],[96.66816,17.48068],[96.66816,17.48095],[96.66906,17.48086],[96.66932,17.48086]]],[[[96.61758,17.4814],[96.61812,17.48122],[96.61776,17.48014],[96.61749,17.48014],[96.61704,17.4814],[96.61758,17.4814]]],[[[96.66501,17.48157],[96.66492,17.48095],[96.66546,17.48104],[96.66555,17.4805],[96.66492,17.48041],[96.66483,17.48086],[96.66438,17.48104],[96.66474,17.48157],[96.66501,17.48157]]],[[[96.60842,17.48166],[96.60842,17.48122],[96.60914,17.48131],[96.60995,17.48005],[96.60923,17.47861],[96.60923,17.47798],[96.60734,17.47816],[96.60734,17.47843],[96.60662,17.47852],[96.60635,17.47897],[96.60671,17.48014],[96.60707,17.48041],[96.60707,17.48122],[96.60779,17.48166],[96.60842,17.48166]]],[[[96.63681,17.48166],[96.63717,17.48148],[96.63708,17.48077],[96.63654,17.48077],[96.63618,17.48166],[96.63681,17.48166]]],[[[96.62656,17.48175],[96.62656,17.48131],[96.62764,17.4814],[96.62764,17.48113],[96.62728,17.48113],[96.62719,17.47987],[96.62674,17.47978],[96.62665,17.47924],[96.62639,17.47924],[96.62648,17.47978],[96.62612,17.47978],[96.62648,17.48032],[96.62585,17.48032],[96.62612,17.48104],[96.62576,17.48104],[96.62576,17.48131],[96.62612,17.48131],[96.6263,17.48175],[96.62656,17.48175]]],[[[96.64435,17.48229],[96.64399,17.4814],[96.64327,17.4814],[96.64336,17.48229],[96.64408,17.48229],[96.64435,17.48229]]],[[[96.66932,17.48086],[96.66932,17.48113],[96.66771,17.48166],[96.66762,17.48202],[96.66843,17.48193],[96.66843,17.4822],[96.66923,17.48229],[96.66897,17.48157],[96.6695,17.48157],[96.66986,17.48122],[96.66977,17.48086],[96.66932,17.48086]]],[[[96.61776,17.48256],[96.61785,17.48184],[96.61749,17.48166],[96.61677,17.48184],[96.61677,17.48256],[96.61776,17.48256]]],[[[96.66349,17.48265],[96.66349,17.48229],[96.66411,17.48238],[96.66411,17.48211],[96.66358,17.48202],[96.66358,17.48131],[96.66241,17.48184],[96.66241,17.48229],[96.66313,17.48211],[96.66313,17.48265],[96.66349,17.48265]]],[[[96.63061,17.48301],[96.6307,17.48274],[96.63151,17.48265],[96.63195,17.48122],[96.6324,17.48122],[96.6324,17.48086],[96.63267,17.48086],[96.63267,17.48122],[96.63357,17.4814],[96.63411,17.48131],[96.63411,17.48077],[96.6324,17.48059],[96.63178,17.48077],[96.6316,17.48131],[96.63124,17.4814],[96.63151,17.48023],[96.63016,17.48041],[96.62998,17.48122],[96.63052,17.48157],[96.6307,17.48229],[96.63034,17.48301],[96.63061,17.48301]]],[[[96.63555,17.48301],[96.63582,17.48211],[96.63393,17.48211],[96.63429,17.48292],[96.6351,17.48274],[96.6351,17.48301],[96.63555,17.48301]]],[[[96.63384,17.4831],[96.63393,17.48274],[96.63321,17.48274],[96.63321,17.48211],[96.63285,17.48211],[96.63294,17.4831],[96.63384,17.4831]]],[[[96.643,17.48346],[96.643,17.48319],[96.64381,17.48337],[96.64381,17.48301],[96.64462,17.48328],[96.64561,17.48283],[96.64732,17.48292],[96.64741,17.48256],[96.64552,17.48229],[96.64552,17.48265],[96.64507,17.48274],[96.64309,17.48274],[96.64273,17.48193],[96.64184,17.48202],[96.64202,17.48265],[96.64166,17.48301],[96.64229,17.48301],[96.64229,17.48337],[96.64273,17.48346],[96.643,17.48346]]],[[[96.66663,17.48346],[96.66717,17.48274],[96.66663,17.48256],[96.66663,17.4822],[96.66582,17.4822],[96.66546,17.48346],[96.66627,17.48346],[96.66663,17.48346]]],[[[96.62639,17.484],[96.62656,17.48364],[96.62692,17.48391],[96.628,17.48382],[96.62782,17.48274],[96.62737,17.48265],[96.62719,17.48301],[96.62621,17.48283],[96.62612,17.484],[96.62639,17.484]]],[[[96.57859,17.48427],[96.57913,17.48382],[96.58003,17.484],[96.58003,17.48346],[96.57806,17.48355],[96.57743,17.48328],[96.57761,17.48247],[96.57734,17.48247],[96.57743,17.48193],[96.57707,17.48184],[96.57698,17.48256],[96.57626,17.48283],[96.57626,17.4831],[96.57689,17.48319],[96.57698,17.484],[96.57797,17.48418],[96.57797,17.48382],[96.57824,17.48382],[96.57833,17.48427],[96.57859,17.48427]]],[[[96.63384,17.48445],[96.6342,17.48337],[96.63348,17.48364],[96.63339,17.48445],[96.63384,17.48445]]],[[[96.62019,17.48454],[96.62046,17.48445],[96.62019,17.484],[96.61848,17.48373],[96.61848,17.48418],[96.61983,17.48454],[96.62019,17.48454]]],[[[96.63932,17.4849],[96.63968,17.48418],[96.64076,17.48427],[96.64085,17.48382],[96.63806,17.48364],[96.63788,17.48427],[96.63878,17.4849],[96.63932,17.4849]]],[[[96.63663,17.48499],[96.63708,17.48481],[96.63743,17.48409],[96.63752,17.4831],[96.63672,17.48319],[96.6369,17.48391],[96.63654,17.48391],[96.63654,17.48445],[96.63618,17.48445],[96.63636,17.48499],[96.63663,17.48499]]],[[[96.57842,17.48553],[96.57886,17.48535],[96.57868,17.48454],[96.57788,17.48499],[96.57779,17.48553],[96.57842,17.48553]]],[[[96.64004,17.4858],[96.64013,17.48499],[96.63923,17.48526],[96.63923,17.48571],[96.63959,17.4858],[96.64004,17.4858]]],[[[96.62531,17.4867],[96.62576,17.48652],[96.62585,17.48598],[96.62639,17.48607],[96.62648,17.48571],[96.62692,17.48571],[96.62594,17.48454],[96.62531,17.48454],[96.62531,17.48481],[96.62567,17.48481],[96.62567,17.48517],[96.62531,17.48517],[96.62558,17.48616],[96.62522,17.48625],[96.62522,17.4858],[96.62486,17.4858],[96.62486,17.4867],[96.62531,17.4867]]],[[[96.63833,17.48687],[96.63887,17.48535],[96.63833,17.48544],[96.63806,17.48607],[96.63537,17.48562],[96.63537,17.48616],[96.636,17.48598],[96.63609,17.48634],[96.63663,17.48634],[96.6369,17.48678],[96.63797,17.48634],[96.63806,17.48687],[96.63833,17.48687]]],[[[96.67867,17.48687],[96.67858,17.4858],[96.67732,17.48616],[96.67759,17.48687],[96.6784,17.48687],[96.67867,17.48687]]],[[[96.66654,17.48705],[96.66672,17.48625],[96.66519,17.48634],[96.66519,17.48696],[96.66609,17.48678],[96.66618,17.48705],[96.66654,17.48705]]],[[[96.64273,17.48571],[96.64273,17.48481],[96.64238,17.48472],[96.64229,17.48427],[96.64022,17.48454],[96.64022,17.48499],[96.64103,17.48508],[96.64103,17.48634],[96.64202,17.48634],[96.64184,17.48553],[96.64229,17.48562],[96.64273,17.48723],[96.64309,17.48741],[96.64291,17.48571],[96.64273,17.48571]]],[[[96.65217,17.4875],[96.65208,17.48616],[96.65235,17.48616],[96.65244,17.48571],[96.65208,17.48526],[96.65244,17.4849],[96.65208,17.48445],[96.65289,17.48463],[96.65289,17.48436],[96.65253,17.48418],[96.65253,17.48373],[96.65208,17.48373],[96.65208,17.48427],[96.65172,17.48391],[96.65064,17.48373],[96.65109,17.48445],[96.65046,17.48409],[96.65046,17.48463],[96.65163,17.48472],[96.65163,17.48553],[96.65118,17.48553],[96.65118,17.48508],[96.65091,17.48508],[96.65082,17.48562],[96.65019,17.4858],[96.6501,17.48508],[96.64911,17.48481],[96.64911,17.48526],[96.64884,17.48526],[96.64893,17.48625],[96.6483,17.48634],[96.64812,17.48705],[96.64866,17.4875],[96.64866,17.48678],[96.65001,17.48687],[96.65001,17.48643],[96.65028,17.48643],[96.65046,17.48678],[96.65118,17.48678],[96.65109,17.48732],[96.6519,17.48705],[96.6519,17.4875],[96.65217,17.4875]]],[[[96.58354,17.48741],[96.58389,17.48652],[96.58336,17.48652],[96.58291,17.48678],[96.58291,17.48705],[96.58327,17.48705],[96.58309,17.48768],[96.58398,17.48777],[96.58381,17.48741],[96.58354,17.48741]]],[[[96.63887,17.48804],[96.63923,17.48795],[96.63932,17.48732],[96.63824,17.48705],[96.63842,17.48804],[96.63887,17.48804]]],[[[96.64247,17.48858],[96.64255,17.48795],[96.64139,17.48777],[96.64175,17.48858],[96.64247,17.48858]]],[[[96.62135,17.48876],[96.62144,17.48786],[96.62064,17.48795],[96.62082,17.48876],[96.62135,17.48876]]],[[[96.63447,17.48562],[96.63474,17.48589],[96.63375,17.48562],[96.63375,17.48472],[96.6333,17.48472],[96.6333,17.48661],[96.63231,17.48634],[96.63231,17.4867],[96.63186,17.48678],[96.63195,17.48625],[96.63115,17.4858],[96.6316,17.48535],[96.6316,17.4849],[96.63106,17.48472],[96.63061,17.48508],[96.6298,17.4849],[96.6298,17.48526],[96.63025,17.48526],[96.63007,17.48562],[96.62917,17.48535],[96.62908,17.48499],[96.62809,17.48526],[96.62782,17.48607],[96.6289,17.48625],[96.6289,17.4867],[96.62935,17.48678],[96.62935,17.48589],[96.63052,17.48598],[96.63142,17.48661],[96.63106,17.48795],[96.63151,17.48804],[96.63151,17.48777],[96.6324,17.48741],[96.6324,17.48777],[96.63285,17.48786],[96.63276,17.48885],[96.63312,17.48885],[96.63312,17.4884],[96.63366,17.48831],[96.63384,17.48795],[96.63411,17.48795],[96.6342,17.48849],[96.63447,17.48849],[96.63456,17.48795],[96.63501,17.48786],[96.63645,17.48822],[96.63627,17.4867],[96.63546,17.48678],[96.63546,17.48634],[96.63519,17.48634],[96.63411,17.48696],[96.63411,17.48652],[96.6351,17.48607],[96.63492,17.48472],[96.63429,17.48445],[96.6342,17.48535],[96.63447,17.48535],[96.63447,17.48562]]],[[[96.58803,17.48885],[96.58695,17.48885],[96.58695,17.4893],[96.58821,17.4893],[96.58812,17.48885],[96.58803,17.48885]]],[[[96.63824,17.48948],[96.63851,17.48831],[96.63788,17.48858],[96.63788,17.48948],[96.63824,17.48948]]],[[[96.58982,17.48993],[96.59,17.4893],[96.59207,17.48939],[96.59207,17.48894],[96.58955,17.48813],[96.58955,17.48858],[96.58866,17.48867],[96.58893,17.48939],[96.58937,17.48939],[96.58937,17.48885],[96.58964,17.48885],[96.58955,17.48993],[96.58982,17.48993]]],[[[96.67687,17.48993],[96.67687,17.48966],[96.67831,17.48957],[96.67804,17.48885],[96.67867,17.48876],[96.67867,17.48741],[96.67921,17.48723],[96.67921,17.48696],[96.67777,17.48714],[96.67768,17.48858],[96.67714,17.48858],[96.6775,17.4893],[96.67651,17.48957],[96.6766,17.48993],[96.67687,17.48993]]],[[[96.63528,17.4902],[96.63555,17.49011],[96.63564,17.48948],[96.63717,17.48921],[96.63717,17.48894],[96.63645,17.48867],[96.63636,17.48903],[96.63483,17.48939],[96.63501,17.4902],[96.63528,17.4902]]],[[[96.63195,17.49074],[96.63213,17.48894],[96.63133,17.48903],[96.63133,17.48867],[96.63079,17.48867],[96.63088,17.48984],[96.63169,17.49074],[96.63195,17.49074]]],[[[96.67741,17.49092],[96.67741,17.4902],[96.67687,17.4902],[96.67687,17.49047],[96.67633,17.4902],[96.67633,17.49065],[96.67687,17.49092],[96.67741,17.49092]]],[[[96.59225,17.4911],[96.59243,17.49056],[96.5909,17.48984],[96.59072,17.49092],[96.59171,17.49083],[96.59189,17.4911],[96.59225,17.4911]]],[[[96.64264,17.49146],[96.64264,17.48993],[96.64211,17.49002],[96.64202,17.49074],[96.6413,17.49074],[96.64121,17.49137],[96.6422,17.49146],[96.64264,17.49146]]],[[[96.65172,17.49137],[96.65172,17.49074],[96.65199,17.49074],[96.65154,17.49029],[96.65172,17.48939],[96.65118,17.48939],[96.65091,17.48975],[96.65109,17.49047],[96.65145,17.49056],[96.65118,17.49137],[96.65136,17.49164],[96.65181,17.49164],[96.65181,17.49137],[96.65172,17.49137]]],[[[96.68127,17.49182],[96.68127,17.49146],[96.68055,17.49155],[96.68055,17.492],[96.68091,17.49209],[96.68163,17.49209],[96.68163,17.49182],[96.68127,17.49182]]],[[[96.63528,17.49244],[96.63528,17.49209],[96.63627,17.49209],[96.63663,17.49173],[96.63663,17.4911],[96.63528,17.49074],[96.63492,17.49128],[96.63555,17.49128],[96.63555,17.49155],[96.63492,17.49155],[96.6351,17.49209],[96.63483,17.49244],[96.63528,17.49244]]],[[[96.67903,17.49316],[96.67921,17.49271],[96.67858,17.49164],[96.67804,17.49164],[96.67795,17.4928],[96.67858,17.49316],[96.67903,17.49316]]],[[[96.67373,17.49379],[96.674,17.49325],[96.67265,17.49325],[96.67292,17.49379],[96.67373,17.49379]]],[[[96.65145,17.49415],[96.65145,17.49388],[96.65298,17.49397],[96.65244,17.49307],[96.65253,17.49244],[96.65064,17.49289],[96.64974,17.49235],[96.64956,17.49298],[96.65055,17.49307],[96.65064,17.49388],[96.65109,17.49388],[96.65118,17.49415],[96.65145,17.49415]]],[[[96.643,17.49424],[96.64345,17.49415],[96.64354,17.49325],[96.643,17.49325],[96.64264,17.49289],[96.64273,17.49424],[96.643,17.49424]]],[[[96.67606,17.49442],[96.6766,17.49406],[96.67651,17.49343],[96.67723,17.4937],[96.67759,17.49244],[96.67651,17.49226],[96.67642,17.49253],[96.67597,17.49253],[96.6757,17.49343],[96.67543,17.49343],[96.67534,17.49262],[96.67445,17.49271],[96.67409,17.49343],[96.67543,17.49388],[96.67552,17.49442],[96.67606,17.49442]]],[[[96.64597,17.49406],[96.64597,17.49379],[96.64651,17.49379],[96.64651,17.49415],[96.64678,17.49415],[96.64678,17.4937],[96.64723,17.49352],[96.64705,17.49271],[96.64516,17.49262],[96.64525,17.4937],[96.6457,17.4937],[96.64579,17.49469],[96.64606,17.49469],[96.64606,17.49406],[96.64597,17.49406]]],[[[96.58354,17.49487],[96.58452,17.4946],[96.58497,17.49343],[96.58533,17.49343],[96.58515,17.49451],[96.58614,17.49433],[96.58614,17.49352],[96.58578,17.49352],[96.58578,17.49316],[96.58659,17.49325],[96.5865,17.49209],[96.58731,17.49074],[96.58884,17.49092],[96.58866,17.48993],[96.58659,17.49011],[96.58623,17.48894],[96.58506,17.4893],[96.58488,17.4884],[96.58434,17.48885],[96.58327,17.48894],[96.58345,17.49056],[96.58318,17.49056],[96.58318,17.49101],[96.58345,17.49101],[96.58345,17.49137],[96.58318,17.49164],[96.58354,17.49164],[96.58398,17.49289],[96.58372,17.49388],[96.58425,17.49388],[96.58425,17.49415],[96.58309,17.49442],[96.583,17.49487],[96.58354,17.49487]]],[[[96.62737,17.49496],[96.62737,17.49388],[96.62656,17.49397],[96.62656,17.49433],[96.62719,17.49433],[96.62683,17.49496],[96.62737,17.49496]]],[[[96.62387,17.4955],[96.62423,17.49532],[96.62414,17.49424],[96.62369,17.4946],[96.6236,17.4955],[96.62387,17.4955]]],[[[96.64714,17.49586],[96.64714,17.49496],[96.64642,17.49523],[96.64642,17.49586],[96.64714,17.49586]]],[[[96.67462,17.49604],[96.67498,17.49595],[96.67498,17.4955],[96.67534,17.4955],[96.67534,17.49577],[96.6766,17.49568],[96.6766,17.49541],[96.67723,17.49541],[96.67732,17.49496],[96.67831,17.49478],[96.67831,17.49451],[96.67696,17.49442],[96.67705,17.49496],[96.67624,17.49523],[96.67507,17.49496],[96.67489,17.49541],[96.67436,17.49532],[96.67427,17.49604],[96.67462,17.49604]]],[[[96.67382,17.49631],[96.67409,17.4955],[96.67292,17.4955],[96.67301,17.49622],[96.67346,17.49631],[96.67382,17.49631]]],[[[96.63573,17.49649],[96.63582,17.49604],[96.63618,17.49604],[96.63627,17.49532],[96.63564,17.49532],[96.63555,17.49595],[96.63483,17.49613],[96.63483,17.4964],[96.63528,17.49649],[96.63573,17.49649]]],[[[96.58425,17.49658],[96.58425,17.49631],[96.58506,17.49649],[96.58506,17.49622],[96.5856,17.49622],[96.58587,17.49586],[96.58569,17.49505],[96.58389,17.49505],[96.58354,17.49577],[96.58363,17.49658],[96.58425,17.49658]]],[[[96.67804,17.49667],[96.67858,17.49613],[96.67858,17.49541],[96.67813,17.49541],[96.67813,17.49586],[96.67768,17.49595],[96.67768,17.49667],[96.67804,17.49667]]],[[[96.63546,17.49774],[96.63582,17.49676],[96.63537,17.49676],[96.63537,17.49721],[96.63429,17.49694],[96.63438,17.49747],[96.6351,17.49774],[96.63546,17.49774]]],[[[96.63231,17.49801],[96.63249,17.49712],[96.63312,17.49667],[96.63312,17.49631],[96.63258,17.4964],[96.6324,17.49559],[96.63303,17.49568],[96.63339,17.49514],[96.63375,17.49514],[96.63375,17.49469],[96.6333,17.49469],[96.6333,17.49442],[96.63375,17.49442],[96.63429,17.49316],[96.63366,17.49289],[96.63366,17.4937],[96.63285,17.49406],[96.63294,17.49469],[96.63258,17.49478],[96.63231,17.4946],[96.63258,17.49352],[96.63231,17.49352],[96.6324,17.49289],[96.63204,17.49289],[96.63213,17.49209],[96.63142,17.49217],[96.63115,17.49191],[96.63115,17.49164],[96.63213,17.49182],[96.63213,17.49146],[96.63124,17.49119],[96.63052,17.49191],[96.63061,17.49137],[96.63016,17.49065],[96.62863,17.49092],[96.62881,17.49146],[96.62836,17.49173],[96.62746,17.49164],[96.62737,17.49235],[96.62818,17.49226],[96.628,17.49298],[96.62935,17.49298],[96.62935,17.49334],[96.62773,17.49334],[96.62782,17.49442],[96.62845,17.49442],[96.62845,17.49469],[96.62782,17.49478],[96.62746,17.4955],[96.62836,17.49559],[96.62854,17.49649],[96.62926,17.49577],[96.62935,17.49631],[96.6298,17.49631],[96.63034,17.49694],[96.63186,17.49667],[96.63186,17.49694],[96.63222,17.49694],[96.63222,17.49721],[96.63178,17.4973],[96.63186,17.49801],[96.63231,17.49801]]],[[[96.63743,17.49487],[96.63717,17.49514],[96.63743,17.49451],[96.63654,17.49451],[96.63654,17.49514],[96.63681,17.49514],[96.63654,17.49595],[96.63708,17.49595],[96.63636,17.49667],[96.63654,17.4981],[96.63699,17.49765],[96.63752,17.49765],[96.6377,17.49703],[96.63842,17.49694],[96.6386,17.49747],[96.63932,17.49703],[96.63923,17.49658],[96.6386,17.4964],[96.63923,17.49577],[96.63923,17.49505],[96.63851,17.49469],[96.6377,17.49487],[96.63743,17.49487]]],[[[96.59629,17.49882],[96.59746,17.49783],[96.59746,17.49739],[96.59674,17.49721],[96.59665,17.49649],[96.59629,17.49649],[96.59611,17.49765],[96.59575,17.49756],[96.59575,17.49721],[96.59521,17.4973],[96.59539,17.49846],[96.59602,17.49828],[96.59602,17.49882],[96.59629,17.49882]]],[[[96.61794,17.49927],[96.61857,17.49891],[96.61857,17.49819],[96.6183,17.49846],[96.61785,17.49846],[96.61785,17.49819],[96.61722,17.49837],[96.61722,17.49864],[96.61758,17.49864],[96.61767,17.49927],[96.61794,17.49927]]],[[[96.62773,17.49891],[96.62773,17.49828],[96.62818,17.49801],[96.62845,17.4973],[96.62746,17.49747],[96.62755,17.49667],[96.62683,17.49667],[96.62639,17.49739],[96.62558,17.49712],[96.62549,17.49676],[96.62477,17.49685],[96.62486,17.49739],[96.62441,17.49756],[96.62459,17.49819],[96.62558,17.49837],[96.62549,17.49765],[96.62576,17.49765],[96.62737,17.49828],[96.6271,17.49945],[96.62746,17.49945],[96.62746,17.49891],[96.62773,17.49891]]],[[[96.67498,17.49855],[96.67471,17.49855],[96.67471,17.49909],[96.6757,17.49963],[96.67543,17.49864],[96.67498,17.49864],[96.67498,17.49855]]],[[[96.63941,17.49981],[96.63995,17.49945],[96.63995,17.499],[96.63923,17.49837],[96.63672,17.49855],[96.63672,17.49909],[96.63708,17.49909],[96.63725,17.49963],[96.63869,17.49981],[96.63869,17.49945],[96.63896,17.49945],[96.63896,17.49981],[96.63941,17.49981]]],[[[96.58461,17.499],[96.58398,17.49909],[96.58425,17.49801],[96.58354,17.4981],[96.58372,17.49873],[96.58345,17.499],[96.58381,17.49936],[96.58363,17.4999],[96.58452,17.4999],[96.58461,17.49927],[96.58461,17.499]]],[[[96.61174,17.4999],[96.61192,17.49927],[96.61147,17.49882],[96.61093,17.49882],[96.61093,17.4999],[96.61174,17.4999]]],[[[96.62773,17.49891],[96.62782,17.49954],[96.62737,17.49954],[96.62728,17.50017],[96.62809,17.50053],[96.628,17.49891],[96.62773,17.49891]]],[[[96.61417,17.50089],[96.61435,17.50053],[96.61579,17.50026],[96.61579,17.49981],[96.6148,17.50026],[96.61462,17.49963],[96.61399,17.49954],[96.61399,17.49927],[96.61453,17.49909],[96.61489,17.49936],[96.61552,17.49927],[96.61561,17.49819],[96.61525,17.49819],[96.61534,17.49882],[96.61507,17.49882],[96.61498,17.49819],[96.61417,17.49837],[96.61408,17.4981],[96.61318,17.4981],[96.61318,17.49927],[96.61372,17.49927],[96.61372,17.49954],[96.61309,17.49963],[96.61309,17.4999],[96.61363,17.4999],[96.61309,17.50044],[96.61381,17.50089],[96.61417,17.50089]]],[[[96.62001,17.50089],[96.62019,17.50008],[96.62064,17.49963],[96.62037,17.49927],[96.61929,17.49927],[96.61938,17.49819],[96.61884,17.49801],[96.61884,17.49909],[96.61866,17.49954],[96.6183,17.49954],[96.61866,17.50017],[96.6183,17.50017],[96.6183,17.50053],[96.61866,17.50053],[96.61866,17.5008],[96.61947,17.50062],[96.61956,17.50089],[96.62001,17.50089]]],[[[96.62126,17.50035],[96.62153,17.50008],[96.62126,17.50035],[96.62144,17.50107],[96.62207,17.50098],[96.62207,17.50062],[96.62243,17.50053],[96.62252,17.499],[96.62109,17.49891],[96.621,17.50035],[96.62126,17.50035]]],[[[96.61453,17.50233],[96.61534,17.50215],[96.61507,17.50134],[96.61408,17.50125],[96.61426,17.50233],[96.61453,17.50233]]],[[[96.61893,17.50242],[96.61974,17.50224],[96.61974,17.50188],[96.62019,17.50188],[96.62019,17.50161],[96.61956,17.50134],[96.61956,17.50179],[96.61866,17.50206],[96.61866,17.50242],[96.61893,17.50242]]],[[[96.62917,17.5026],[96.62926,17.50116],[96.62764,17.50134],[96.62755,17.5017],[96.62863,17.50161],[96.62872,17.5026],[96.62917,17.5026]]],[[[96.67453,17.5026],[96.67453,17.50143],[96.6748,17.50116],[96.67418,17.49999],[96.67409,17.499],[96.67462,17.49846],[96.67462,17.49774],[96.67489,17.49765],[96.67471,17.49721],[96.67391,17.49774],[96.67382,17.49918],[96.67319,17.49936],[96.67319,17.49972],[96.67391,17.49954],[96.67409,17.50008],[96.67409,17.50062],[96.67355,17.50071],[96.67391,17.5026],[96.67453,17.5026]]],[[[96.63384,17.50322],[96.63384,17.50295],[96.63456,17.50277],[96.63492,17.5017],[96.63438,17.50179],[96.63438,17.50206],[96.63339,17.50188],[96.63357,17.50322],[96.63384,17.50322]]],[[[96.63285,17.50394],[96.63267,17.50242],[96.63294,17.50242],[96.63294,17.50179],[96.63285,17.50152],[96.63222,17.50152],[96.63178,17.50233],[96.63204,17.50358],[96.6316,17.50349],[96.6316,17.50269],[96.63124,17.50269],[96.63133,17.50358],[96.63106,17.50358],[96.63106,17.50394],[96.63258,17.50394],[96.63285,17.50394]]],[[[96.63851,17.50394],[96.63842,17.50313],[96.6369,17.50331],[96.63708,17.50376],[96.63761,17.5034],[96.6377,17.50376],[96.63824,17.50394],[96.63851,17.50394]]],[[[96.63609,17.50403],[96.63681,17.50376],[96.63681,17.50349],[96.63582,17.50304],[96.63474,17.50322],[96.63474,17.50403],[96.6351,17.50403],[96.6351,17.50376],[96.63546,17.50376],[96.63546,17.50403],[96.63609,17.50403]]],[[[96.66456,17.50403],[96.66465,17.5034],[96.66501,17.5034],[96.66492,17.50286],[96.66573,17.50286],[96.66591,17.50197],[96.66537,17.50233],[96.66501,17.50188],[96.66384,17.50152],[96.66349,17.50206],[96.66384,17.50313],[96.66367,17.50385],[96.66402,17.50403],[96.66456,17.50403]]],[[[96.61857,17.50412],[96.61956,17.50367],[96.61974,17.50286],[96.61821,17.50304],[96.6183,17.50367],[96.61776,17.50367],[96.61776,17.50412],[96.61857,17.50412]]],[[[96.62315,17.50412],[96.62351,17.50376],[96.62387,17.50403],[96.62477,17.50394],[96.62477,17.50349],[96.62252,17.50349],[96.62288,17.50412],[96.62315,17.50412]]],[[[96.62773,17.50376],[96.62755,17.50313],[96.62674,17.50313],[96.62665,17.50385],[96.62701,17.50412],[96.62836,17.50412],[96.62827,17.50376],[96.62773,17.50376]]],[[[96.6298,17.50376],[96.62899,17.50349],[96.62854,17.50403],[96.63025,17.50412],[96.63016,17.50376],[96.6298,17.50376]]],[[[96.59072,17.49999],[96.59162,17.50008],[96.59162,17.50035],[96.59072,17.50035],[96.59072,17.49999],[96.59027,17.50026],[96.58857,17.50017],[96.58857,17.49981],[96.5874,17.49972],[96.5874,17.49918],[96.58776,17.49918],[96.58776,17.49873],[96.58749,17.49864],[96.58461,17.49873],[96.58461,17.499],[96.58497,17.499],[96.58497,17.50008],[96.58596,17.50044],[96.58605,17.50089],[96.58659,17.50089],[96.58695,17.50053],[96.58677,17.50134],[96.5856,17.50125],[96.5856,17.5017],[96.58677,17.50179],[96.58704,17.50152],[96.58731,17.50179],[96.58749,17.50242],[96.58722,17.50251],[96.58722,17.50295],[96.58794,17.50269],[96.58776,17.50394],[96.58848,17.50376],[96.58839,17.50286],[96.58875,17.50286],[96.58884,17.50224],[96.58911,17.50224],[96.58911,17.5034],[96.58857,17.50376],[96.58857,17.50421],[96.58955,17.50403],[96.58955,17.5034],[96.58982,17.5034],[96.58982,17.50394],[96.59045,17.50394],[96.59072,17.50367],[96.59072,17.50242],[96.59108,17.50242],[96.59108,17.50322],[96.59261,17.50367],[96.59315,17.50358],[96.59306,17.50269],[96.59333,17.50269],[96.59333,17.50304],[96.59405,17.50304],[96.59441,17.50008],[96.5936,17.49972],[96.59351,17.50071],[96.59261,17.50071],[96.59261,17.50116],[96.59234,17.50116],[96.59252,17.50026],[96.59333,17.50035],[96.59333,17.49972],[96.59198,17.50008],[96.59162,17.49999],[96.59171,17.49918],[96.59072,17.49918],[96.59072,17.49999]]],[[[96.61489,17.47753],[96.6148,17.47942],[96.61623,17.47951],[96.61632,17.48068],[96.61561,17.48059],[96.61561,17.48104],[96.61614,17.48104],[96.61579,17.4814],[96.61587,17.48238],[96.61444,17.48202],[96.61471,17.48122],[96.61498,17.48122],[96.6148,17.48041],[96.61507,17.48023],[96.6148,17.47951],[96.61453,17.47951],[96.61444,17.47996],[96.61372,17.47978],[96.61345,17.48041],[96.61093,17.48005],[96.61013,17.4805],[96.60986,17.4814],[96.60905,17.4822],[96.60797,17.4822],[96.60752,17.48175],[96.6068,17.48175],[96.6059,17.48131],[96.6059,17.48077],[96.60536,17.4805],[96.60483,17.48077],[96.60474,17.48032],[96.60447,17.48032],[96.60447,17.48086],[96.60411,17.48086],[96.60429,17.48184],[96.60483,17.48193],[96.60474,17.48256],[96.60554,17.48247],[96.60554,17.48274],[96.60384,17.4831],[96.60384,17.48283],[96.60447,17.48265],[96.60447,17.4822],[96.60384,17.48193],[96.60402,17.48113],[96.60375,17.48113],[96.60303,17.48184],[96.60303,17.48229],[96.60366,17.48229],[96.60348,17.4831],[96.60321,17.4831],[96.60258,17.48283],[96.60267,17.48166],[96.60123,17.48166],[96.60123,17.48122],[96.60015,17.48148],[96.60015,17.48122],[96.59944,17.48122],[96.59953,17.4805],[96.59872,17.48104],[96.59773,17.48059],[96.59782,17.47987],[96.59575,17.47969],[96.59566,17.47897],[96.59458,17.47897],[96.59476,17.47879],[96.59369,17.47816],[96.59333,17.47762],[96.5936,17.47681],[96.59494,17.47672],[96.59485,17.4761],[96.59539,17.47618],[96.59521,17.47412],[96.59351,17.47466],[96.59342,17.47627],[96.59279,17.47645],[96.59306,17.47744],[96.59171,17.47708],[96.59171,17.47753],[96.59081,17.47744],[96.59081,17.4778],[96.59036,17.47789],[96.59018,17.47627],[96.58991,17.47592],[96.58928,17.47583],[96.58848,17.47618],[96.58758,17.47583],[96.58758,17.47618],[96.58641,17.47663],[96.58641,17.47699],[96.58875,17.47717],[96.58866,17.47762],[96.5874,17.47744],[96.58776,17.47852],[96.58821,17.47852],[96.58821,17.47807],[96.58848,17.47807],[96.58848,17.47852],[96.58875,17.47852],[96.58875,17.47816],[96.58982,17.47834],[96.58982,17.47897],[96.58955,17.47897],[96.58973,17.48077],[96.58928,17.48104],[96.58893,17.48077],[96.58839,17.48077],[96.58839,17.48104],[96.58641,17.48077],[96.58641,17.48193],[96.58578,17.48211],[96.58596,17.48355],[96.58551,17.48373],[96.58551,17.48409],[96.58596,17.48409],[96.58596,17.48445],[96.58686,17.48436],[96.58731,17.48517],[96.58776,17.48517],[96.58794,17.48463],[96.58839,17.48463],[96.58857,17.48364],[96.58893,17.48355],[96.58893,17.48463],[96.59,17.48445],[96.59009,17.484],[96.59045,17.484],[96.59018,17.48508],[96.58964,17.48517],[96.58964,17.48544],[96.59171,17.48553],[96.5918,17.48517],[96.59234,17.48526],[96.59189,17.4867],[96.59252,17.48661],[96.59252,17.48625],[96.59279,17.48625],[96.59261,17.48678],[96.59306,17.48678],[96.59306,17.48705],[96.59162,17.48696],[96.59162,17.48723],[96.59378,17.48723],[96.59351,17.4875],[96.59378,17.48831],[96.59342,17.48876],[96.59441,17.48984],[96.59396,17.49137],[96.59369,17.49137],[96.59387,17.48993],[96.59216,17.48984],[96.59225,17.49029],[96.59279,17.49038],[96.59279,17.49083],[96.59342,17.49065],[96.59315,17.49128],[96.59252,17.49092],[96.59243,17.49271],[96.5927,17.49271],[96.5927,17.49191],[96.59315,17.492],[96.59351,17.49325],[96.59414,17.49361],[96.59387,17.49388],[96.59405,17.49451],[96.59324,17.49478],[96.59306,17.4955],[96.59369,17.49541],[96.59387,17.49595],[96.5945,17.49595],[96.59476,17.4955],[96.59441,17.49514],[96.59521,17.49532],[96.59521,17.49487],[96.59584,17.49478],[96.59584,17.49442],[96.59638,17.49451],[96.59638,17.49487],[96.59728,17.49487],[96.59692,17.49568],[96.59656,17.49559],[96.59656,17.49523],[96.59566,17.49523],[96.59557,17.49559],[96.59476,17.49577],[96.59458,17.49631],[96.59378,17.49631],[96.59378,17.49658],[96.59503,17.49667],[96.59494,17.49613],[96.59602,17.49559],[96.5962,17.4964],[96.59782,17.49577],[96.59782,17.49604],[96.59746,17.49604],[96.59764,17.49676],[96.59845,17.49703],[96.59881,17.49676],[96.5989,17.49613],[96.59962,17.49586],[96.59926,17.49667],[96.59953,17.4973],[96.59935,17.49774],[96.59899,17.49774],[96.59944,17.49837],[96.59908,17.49846],[96.59908,17.4981],[96.59881,17.4981],[96.59899,17.50044],[96.59962,17.50071],[96.59962,17.50098],[96.59827,17.50062],[96.59836,17.49873],[96.59764,17.499],[96.59764,17.49855],[96.59728,17.49846],[96.59674,17.49909],[96.59566,17.49927],[96.59584,17.50026],[96.59467,17.5008],[96.5945,17.50134],[96.5945,17.50215],[96.59503,17.50224],[96.59503,17.5026],[96.5945,17.50242],[96.5945,17.50304],[96.59458,17.50331],[96.5953,17.50331],[96.5953,17.50412],[96.59836,17.50385],[96.59791,17.50322],[96.59719,17.50322],[96.59719,17.50367],[96.59665,17.50367],[96.59665,17.5034],[96.5971,17.5034],[96.59665,17.50242],[96.59845,17.50286],[96.59854,17.50188],[96.5989,17.50197],[96.5989,17.50304],[96.59935,17.50313],[96.59917,17.50421],[96.6042,17.50421],[96.60393,17.5034],[96.60554,17.50313],[96.6059,17.50224],[96.60626,17.50224],[96.60653,17.50277],[96.6068,17.50277],[96.6068,17.50242],[96.60734,17.50251],[96.60734,17.50295],[96.60689,17.50295],[96.60689,17.50385],[96.60644,17.50394],[96.60644,17.50421],[96.6095,17.50403],[96.6095,17.50376],[96.60878,17.50376],[96.60878,17.50331],[96.60968,17.50349],[96.60986,17.50421],[96.61138,17.50412],[96.61129,17.50322],[96.61174,17.50358],[96.61255,17.50358],[96.61255,17.50412],[96.61291,17.50412],[96.613,17.50358],[96.61345,17.5034],[96.61435,17.50376],[96.61561,17.50349],[96.6157,17.50242],[96.61273,17.50277],[96.61255,17.50161],[96.61219,17.50143],[96.6112,17.50143],[96.61147,17.50295],[96.61102,17.50295],[96.61093,17.50197],[96.61049,17.5017],[96.60986,17.5017],[96.60977,17.50269],[96.60905,17.50277],[96.60896,17.50242],[96.6095,17.50224],[96.60941,17.50161],[96.61031,17.50116],[96.61031,17.50071],[96.60959,17.5008],[96.60932,17.50008],[96.60905,17.50008],[96.60932,17.49954],[96.6104,17.49999],[96.61004,17.49676],[96.61075,17.49747],[96.61237,17.49747],[96.61273,17.49658],[96.61246,17.49559],[96.61022,17.49568],[96.60977,17.49703],[96.6095,17.49703],[96.60968,17.49532],[96.60914,17.4955],[96.60914,17.49523],[96.60959,17.49523],[96.60959,17.49496],[96.61165,17.49532],[96.6121,17.49487],[96.61237,17.49532],[96.61345,17.49523],[96.61309,17.49568],[96.61318,17.49765],[96.61525,17.49756],[96.61587,17.49739],[96.61596,17.49586],[96.61408,17.49568],[96.61408,17.49541],[96.61507,17.49496],[96.61623,17.49532],[96.61605,17.4946],[96.61677,17.49424],[96.61677,17.49478],[96.61713,17.49478],[96.61713,17.49433],[96.6174,17.49433],[96.61758,17.49469],[96.61722,17.49469],[96.61713,17.49523],[96.61632,17.49532],[96.61632,17.49676],[96.61749,17.49622],[96.61758,17.49523],[96.61794,17.49541],[96.61758,17.49676],[96.61668,17.49703],[96.61677,17.49756],[96.61803,17.49739],[96.61803,17.49658],[96.61839,17.49676],[96.61812,17.49721],[96.6183,17.49756],[96.61956,17.4973],[96.61929,17.49676],[96.61938,17.49586],[96.61902,17.49586],[96.61902,17.49676],[96.61848,17.49649],[96.61902,17.49532],[96.6183,17.49523],[96.6183,17.49496],[96.61902,17.49424],[96.61947,17.49424],[96.61938,17.49496],[96.61965,17.49496],[96.61974,17.49388],[96.62037,17.49406],[96.62019,17.49361],[96.6192,17.4937],[96.61929,17.49316],[96.61974,17.49316],[96.61974,17.49289],[96.6192,17.49289],[96.61974,17.492],[96.61929,17.49128],[96.61875,17.49173],[96.61857,17.49101],[96.61722,17.4911],[96.61686,17.49146],[96.61704,17.49083],[96.61632,17.49074],[96.61614,17.48912],[96.61668,17.4893],[96.61668,17.4902],[96.61812,17.49074],[96.61929,17.49083],[96.61893,17.4902],[96.61956,17.49011],[96.61956,17.48984],[96.61812,17.49002],[96.61785,17.48957],[96.61731,17.48957],[96.6174,17.48903],[96.61713,17.48903],[96.61686,17.48813],[96.61659,17.48813],[96.61641,17.48885],[96.61579,17.48867],[96.61489,17.48903],[96.61498,17.4884],[96.6157,17.48831],[96.61659,17.48741],[96.61659,17.48696],[96.61704,17.48696],[96.61695,17.48643],[96.61605,17.48643],[96.61579,17.48786],[96.61552,17.48759],[96.61489,17.48786],[96.61462,17.48723],[96.6148,17.48589],[96.61453,17.48589],[96.61435,17.48678],[96.61408,17.48678],[96.61399,17.48634],[96.61345,17.4867],[96.613,17.48634],[96.61318,17.48562],[96.61399,17.48598],[96.61462,17.48553],[96.61489,17.48553],[96.61489,17.48589],[96.61543,17.48562],[96.61561,17.48616],[96.61605,17.48616],[96.61596,17.48553],[96.61632,17.48553],[96.61686,17.48625],[96.61758,17.48634],[96.6183,17.48607],[96.61821,17.48526],[96.61866,17.48535],[96.61866,17.4858],[96.61947,17.48562],[96.61947,17.48508],[96.61785,17.48499],[96.61776,17.48463],[96.61722,17.48481],[96.61713,17.48436],[96.61677,17.48436],[96.61695,17.48508],[96.61561,17.48499],[96.61552,17.484],[96.61516,17.484],[96.61507,17.48364],[96.61534,17.48283],[96.61623,17.48274],[96.61668,17.48202],[96.61686,17.4805],[96.61713,17.4805],[96.61731,17.47942],[96.61776,17.47942],[96.61794,17.47825],[96.61767,17.47771],[96.6183,17.4769],[96.6183,17.47627],[96.61902,17.47556],[96.61911,17.47493],[96.61866,17.47502],[96.61848,17.47556],[96.61686,17.47538],[96.61525,17.47574],[96.61552,17.47654],[96.61623,17.47654],[96.61623,17.47699],[96.61561,17.47699],[96.61561,17.47735],[96.61641,17.47744],[96.61641,17.47834],[96.61543,17.47852],[96.61579,17.47753],[96.61489,17.47753]],[[96.59297,17.48373],[96.59297,17.48454],[96.59342,17.48454],[96.59342,17.48481],[96.59216,17.48499],[96.5918,17.48373],[96.59207,17.48346],[96.59279,17.48373],[96.59297,17.48373]],[[96.60312,17.48535],[96.60312,17.48472],[96.60402,17.48445],[96.60384,17.48526],[96.60357,17.48535],[96.60312,17.48535]],[[96.60572,17.48535],[96.60545,17.48463],[96.60483,17.48472],[96.60483,17.48445],[96.60527,17.48445],[96.60536,17.48391],[96.60581,17.48391],[96.60599,17.48337],[96.60626,17.48337],[96.6059,17.48382],[96.60599,17.4849],[96.60635,17.4849],[96.60662,17.48436],[96.60743,17.48418],[96.60752,17.48373],[96.60824,17.48373],[96.60851,17.48454],[96.60851,17.4849],[96.60797,17.48517],[96.60824,17.48544],[96.60824,17.4867],[96.60779,17.48643],[96.60689,17.48652],[96.60689,17.48598],[96.6077,17.48616],[96.60761,17.48526],[96.60671,17.48508],[96.60662,17.48562],[96.60626,17.48571],[96.60581,17.48535],[96.60572,17.48535]],[[96.6042,17.48634],[96.60366,17.48768],[96.60402,17.48849],[96.60321,17.4884],[96.60348,17.48813],[96.6033,17.48741],[96.60366,17.48741],[96.60366,17.48714],[96.60303,17.48714],[96.60303,17.48678],[96.60384,17.48687],[96.60375,17.48634],[96.60411,17.48634],[96.6042,17.48634]],[[96.5971,17.48813],[96.5971,17.48867],[96.59782,17.4884],[96.59782,17.48876],[96.59863,17.48876],[96.59863,17.48912],[96.59737,17.4893],[96.59701,17.49002],[96.5971,17.49056],[96.59746,17.49056],[96.59755,17.49092],[96.59665,17.49074],[96.59674,17.49128],[96.59629,17.49146],[96.59602,17.48975],[96.59638,17.48966],[96.59638,17.48849],[96.59539,17.48867],[96.59539,17.48822],[96.59683,17.48813],[96.5971,17.48813]],[[96.5989,17.48948],[96.59863,17.48921],[96.59953,17.48957],[96.5998,17.4902],[96.60006,17.4902],[96.60006,17.48975],[96.60087,17.48966],[96.60087,17.48939],[96.60132,17.48939],[96.60177,17.49002],[96.60096,17.4902],[96.60096,17.49056],[96.60033,17.49047],[96.6006,17.49164],[96.59899,17.49164],[96.59899,17.49217],[96.59988,17.49209],[96.59988,17.49235],[96.5989,17.49253],[96.59863,17.49182],[96.59944,17.49092],[96.59944,17.49029],[96.5989,17.48984],[96.5989,17.48948]],[[96.59881,17.49253],[96.59881,17.49325],[96.59836,17.49343],[96.59836,17.49397],[96.598,17.49397],[96.59854,17.49253],[96.59881,17.49253]],[[96.6024,17.49451],[96.60294,17.49379],[96.6042,17.49352],[96.60393,17.49415],[96.60276,17.49451],[96.6024,17.49451]],[[96.6006,17.49604],[96.60051,17.49658],[96.59997,17.49667],[96.60024,17.49604],[96.60123,17.49541],[96.60123,17.49442],[96.6015,17.49442],[96.6015,17.49505],[96.60231,17.4946],[96.60204,17.49532],[96.60168,17.49532],[96.60168,17.49577],[96.60087,17.49604],[96.6006,17.49604]],[[96.60285,17.49658],[96.60285,17.49586],[96.60366,17.49631],[96.60366,17.49676],[96.60312,17.49658],[96.60285,17.49658]],[[96.59944,17.4946],[96.59935,17.49496],[96.59881,17.49487],[96.5989,17.49541],[96.59944,17.49532],[96.59944,17.49559],[96.59872,17.49559],[96.59872,17.49595],[96.59845,17.49595],[96.59854,17.49478],[96.5989,17.4946],[96.59944,17.4946]],[[96.60941,17.49406],[96.60887,17.49397],[96.60869,17.49298],[96.60986,17.49253],[96.60995,17.49307],[96.60923,17.49352],[96.60977,17.49406],[96.60941,17.49406]],[[96.60815,17.49235],[96.60734,17.49316],[96.60725,17.49226],[96.60608,17.492],[96.60608,17.49164],[96.60689,17.49155],[96.60734,17.49065],[96.60761,17.49065],[96.60734,17.49244],[96.6077,17.49235],[96.60815,17.49235]],[[96.6095,17.49191],[96.60941,17.49155],[96.61075,17.49056],[96.60986,17.49191],[96.6095,17.49191]],[[96.61363,17.48912],[96.61363,17.48876],[96.61291,17.48903],[96.61327,17.48804],[96.6139,17.48813],[96.6139,17.48912],[96.61363,17.48912]],[[96.61255,17.48813],[96.61264,17.48849],[96.61183,17.48876],[96.61138,17.48741],[96.61228,17.48768],[96.61246,17.48813],[96.61255,17.48813]],[[96.60806,17.48696],[96.60788,17.48804],[96.60815,17.48831],[96.60752,17.48849],[96.60779,17.48696],[96.60806,17.48696]],[[96.60617,17.48813],[96.60617,17.48849],[96.60572,17.48849],[96.60563,17.48822],[96.60518,17.48867],[96.60465,17.48849],[96.60465,17.48804],[96.6051,17.48795],[96.6051,17.48768],[96.60608,17.48813],[96.60617,17.48813]],[[96.61165,17.48481],[96.61192,17.48454],[96.61165,17.48481],[96.61183,17.48562],[96.61057,17.48535],[96.61031,17.48508],[96.6104,17.48454],[96.60977,17.48481],[96.60986,17.48418],[96.60959,17.48418],[96.6095,17.48373],[96.60977,17.4831],[96.61129,17.48355],[96.61138,17.48436],[96.61084,17.48436],[96.61093,17.4849],[96.61129,17.48481],[96.61165,17.48481]],[[96.61318,17.48481],[96.61318,17.48436],[96.61417,17.48463],[96.61426,17.48427],[96.61462,17.48427],[96.6139,17.48544],[96.61273,17.48535],[96.61264,17.48481],[96.61318,17.48481]],[[96.60384,17.49721],[96.6042,17.4981],[96.60312,17.49819],[96.60339,17.49712],[96.60375,17.49721],[96.60384,17.49721]],[[96.60033,17.49783],[96.60033,17.4981],[96.59997,17.4981],[96.60033,17.49756],[96.60114,17.49765],[96.60114,17.49801],[96.60195,17.49846],[96.60186,17.49909],[96.60078,17.49873],[96.60105,17.49792],[96.6006,17.49783],[96.60033,17.49783]],[[96.59773,17.50071],[96.59773,17.50116],[96.59737,17.50116],[96.59737,17.49963],[96.59782,17.49972],[96.59782,17.50071],[96.59773,17.50071]],[[96.60339,17.50161],[96.60339,17.50116],[96.60384,17.50116],[96.60384,17.5008],[96.60474,17.50089],[96.60447,17.50233],[96.60393,17.50233],[96.60393,17.50161],[96.60339,17.50161]],[[96.60797,17.50286],[96.60797,17.50143],[96.60833,17.50143],[96.60851,17.50358],[96.60743,17.5034],[96.6077,17.50286],[96.60797,17.50286]],[[96.58937,17.48274],[96.58955,17.4814],[96.59018,17.48166],[96.59027,17.48283],[96.58991,17.48274],[96.58937,17.48274]],[[96.59225,17.48104],[96.59207,17.47969],[96.59234,17.47969],[96.59288,17.48122],[96.59243,17.48104],[96.59225,17.48104]]],[[[96.66726,17.50457],[96.6678,17.50412],[96.66852,17.50403],[96.66861,17.50322],[96.66816,17.50322],[96.66816,17.50376],[96.6678,17.50376],[96.6678,17.50403],[96.66717,17.50376],[96.66699,17.50457],[96.66726,17.50457]]],[[[96.60465,17.50574],[96.60501,17.5052],[96.60429,17.5052],[96.60456,17.50457],[96.60402,17.50457],[96.6042,17.50574],[96.60465,17.50574]]],[[[96.62854,17.50834],[96.62854,17.50808],[96.62926,17.50808],[96.62944,17.50718],[96.62899,17.50709],[96.62872,17.50637],[96.62791,17.50628],[96.62782,17.50772],[96.62818,17.50834],[96.62854,17.50834]]],[[[96.6024,17.50852],[96.60249,17.50808],[96.60195,17.50754],[96.6015,17.50754],[96.60159,17.50825],[96.60195,17.50852],[96.6024,17.50852]]],[[[96.60348,17.50906],[96.60366,17.50754],[96.60285,17.5079],[96.60339,17.50906],[96.60348,17.50906]]],[[[96.66519,17.50915],[96.66573,17.50852],[96.66627,17.50843],[96.66627,17.50808],[96.66672,17.50799],[96.66645,17.50736],[96.66735,17.50754],[96.66798,17.507],[96.6678,17.5061],[96.6687,17.50619],[96.66888,17.50538],[96.66941,17.50538],[96.6695,17.50502],[96.66789,17.50502],[96.66789,17.50475],[96.66753,17.50475],[96.66708,17.50547],[96.66645,17.50547],[96.66591,17.50592],[96.66618,17.50808],[96.66474,17.5079],[96.66474,17.50915],[96.66519,17.50915]]],[[[96.62621,17.50942],[96.62639,17.50879],[96.62674,17.50879],[96.62674,17.50816],[96.62755,17.50816],[96.62755,17.50763],[96.62674,17.50709],[96.62576,17.50736],[96.62531,17.5079],[96.62513,17.50915],[96.62459,17.50915],[96.62459,17.50942],[96.62513,17.50942],[96.62558,17.50843],[96.62603,17.50834],[96.62603,17.5087],[96.62576,17.5087],[96.62594,17.50942],[96.62621,17.50942]]],[[[96.66277,17.50942],[96.66304,17.50816],[96.66349,17.50816],[96.6634,17.50763],[96.66169,17.50709],[96.66205,17.50852],[96.6616,17.5087],[96.6616,17.50933],[96.66232,17.50888],[96.66232,17.50799],[96.66259,17.50799],[96.66277,17.50834],[96.6625,17.50942],[96.66277,17.50942]]],[[[96.65989,17.51005],[96.65998,17.50942],[96.66052,17.50924],[96.66061,17.50825],[96.66025,17.50825],[96.66016,17.5087],[96.65971,17.5087],[96.65962,17.51005],[96.65989,17.51005]]],[[[96.62333,17.51113],[96.62432,17.51086],[96.6245,17.50978],[96.62414,17.51032],[96.62351,17.50996],[96.62306,17.5105],[96.62306,17.51113],[96.62333,17.51113]]],[[[96.62648,17.51338],[96.62656,17.51275],[96.62594,17.51275],[96.62549,17.51302],[96.62549,17.51338],[96.62648,17.51338]]],[[[96.62468,17.51409],[96.6254,17.5132],[96.62459,17.51329],[96.62432,17.51409],[96.62468,17.51409]]],[[[96.62387,17.51553],[96.62378,17.51454],[96.62405,17.514],[96.62324,17.51436],[96.62369,17.51481],[96.62351,17.51553],[96.62387,17.51553]]],[[[96.60213,17.51661],[96.60267,17.51589],[96.60231,17.51526],[96.60168,17.51526],[96.6015,17.51571],[96.60087,17.5158],[96.60069,17.51616],[96.60114,17.51661],[96.60186,17.51661],[96.60213,17.51661]]],[[[96.61767,17.5185],[96.61785,17.51787],[96.61713,17.51751],[96.6174,17.51868],[96.61776,17.51877],[96.61776,17.5185],[96.61767,17.5185]]],[[[96.65881,17.51894],[96.6589,17.51823],[96.65774,17.51814],[96.65846,17.51706],[96.6581,17.51652],[96.65819,17.51589],[96.65684,17.51607],[96.65684,17.5167],[96.65747,17.51724],[96.65747,17.51832],[96.65819,17.51894],[96.65881,17.51894]]],[[[96.66789,17.51894],[96.66753,17.51894],[96.66753,17.51966],[96.66852,17.51984],[96.66834,17.51912],[96.66789,17.51903],[96.66789,17.51894]]],[[[96.65567,17.51993],[96.65567,17.5193],[96.65486,17.51921],[96.65468,17.51984],[96.65504,17.51993],[96.65567,17.51993]]],[[[96.65881,17.52164],[96.6589,17.5211],[96.65837,17.51966],[96.65801,17.51966],[96.6581,17.52047],[96.65783,17.52065],[96.6581,17.52119],[96.65854,17.52101],[96.65837,17.52164],[96.65881,17.52164]]],[[[96.62719,17.52218],[96.62746,17.52119],[96.6263,17.52191],[96.6263,17.52218],[96.62701,17.52218],[96.62719,17.52218]]],[[[96.64678,17.52218],[96.64741,17.52146],[96.64723,17.52101],[96.64633,17.52155],[96.64642,17.52218],[96.64678,17.52218]]],[[[96.65774,17.52209],[96.65783,17.52137],[96.6563,17.52056],[96.6563,17.52119],[96.65774,17.52218],[96.65774,17.52209]]],[[[96.60465,17.522],[96.60474,17.52119],[96.60545,17.5211],[96.60545,17.52083],[96.60492,17.52083],[96.60492,17.52047],[96.60438,17.52101],[96.60357,17.52092],[96.60375,17.522],[96.60438,17.52227],[96.60474,17.52227],[96.60474,17.522],[96.60465,17.522]]],[[[96.61938,17.52272],[96.61956,17.52182],[96.6201,17.52173],[96.62037,17.52101],[96.61902,17.52011],[96.61812,17.52011],[96.61812,17.51975],[96.61929,17.51966],[96.62028,17.51894],[96.62117,17.51894],[96.621,17.51805],[96.6218,17.51805],[96.62207,17.51724],[96.62315,17.51688],[96.62342,17.51616],[96.62225,17.5167],[96.62189,17.51589],[96.62028,17.51598],[96.62019,17.51652],[96.62073,17.51769],[96.61992,17.51787],[96.61974,17.51885],[96.6192,17.51894],[96.61911,17.5193],[96.61821,17.51903],[96.61758,17.51984],[96.61686,17.51984],[96.61668,17.52182],[96.61776,17.52164],[96.61803,17.5211],[96.61857,17.5211],[96.61893,17.52065],[96.6192,17.52065],[96.61929,17.5211],[96.61974,17.5211],[96.61929,17.522],[96.61875,17.52209],[96.61884,17.52272],[96.61938,17.52272]]],[[[96.65899,17.52281],[96.65944,17.52137],[96.65837,17.52209],[96.65872,17.52281],[96.65899,17.52281]]],[[[96.6192,17.52344],[96.61956,17.52335],[96.61956,17.5229],[96.61848,17.52281],[96.61785,17.52308],[96.61785,17.52335],[96.61884,17.52344],[96.6192,17.52344]]],[[[96.61336,17.52478],[96.61345,17.52415],[96.61372,17.52415],[96.61453,17.5229],[96.61426,17.52218],[96.61345,17.52281],[96.61264,17.52263],[96.61255,17.52478],[96.61327,17.52478],[96.61336,17.52478]]],[[[96.61102,17.52532],[96.61111,17.52505],[96.61165,17.52505],[96.61165,17.52451],[96.61201,17.52415],[96.61111,17.52362],[96.61031,17.52371],[96.61031,17.52407],[96.61093,17.52433],[96.61075,17.52532],[96.61102,17.52532]]],[[[96.61516,17.52568],[96.61516,17.52505],[96.61605,17.52469],[96.61623,17.52389],[96.61758,17.52362],[96.61776,17.52317],[96.61686,17.52263],[96.61677,17.52191],[96.61623,17.52182],[96.61632,17.51984],[96.61561,17.51966],[96.61525,17.51921],[96.61444,17.51921],[96.61444,17.51832],[96.61498,17.51805],[96.61507,17.51589],[96.61534,17.51535],[96.61614,17.5158],[96.61758,17.51562],[96.61812,17.51643],[96.61848,17.51643],[96.61884,17.5158],[96.61857,17.51499],[96.61884,17.51427],[96.61911,17.51427],[96.61929,17.51535],[96.62019,17.51472],[96.62073,17.51517],[96.62135,17.51517],[96.62225,17.51463],[96.62234,17.514],[96.62198,17.514],[96.62198,17.51445],[96.62162,17.51445],[96.62162,17.51472],[96.62064,17.51472],[96.62064,17.51445],[96.62117,17.51436],[96.62109,17.51355],[96.62144,17.5132],[96.62091,17.51248],[96.62091,17.51176],[96.61992,17.51212],[96.61983,17.51257],[96.61929,17.51257],[96.61929,17.51284],[96.61983,17.51284],[96.61983,17.5132],[96.61875,17.51329],[96.61884,17.51221],[96.6192,17.51221],[96.6192,17.5114],[96.61983,17.51104],[96.61983,17.51059],[96.62091,17.51059],[96.62126,17.51122],[96.62162,17.51122],[96.62162,17.51086],[96.62225,17.51104],[96.6227,17.51077],[96.6227,17.51005],[96.62315,17.50969],[96.62315,17.50924],[96.62342,17.50924],[96.62306,17.50825],[96.62189,17.50888],[96.62162,17.50843],[96.62207,17.50799],[96.62135,17.50799],[96.62144,17.50727],[96.62225,17.50646],[96.62216,17.50565],[96.62109,17.50484],[96.61686,17.50439],[96.61659,17.50439],[96.61659,17.50475],[96.61704,17.50529],[96.61668,17.50601],[96.61632,17.5061],[96.61507,17.50565],[96.61498,17.50475],[96.61525,17.50448],[96.60518,17.50466],[96.60518,17.5052],[96.60563,17.5052],[96.60572,17.50556],[96.6077,17.50592],[96.60797,17.50592],[96.60797,17.50556],[96.60842,17.50556],[96.60761,17.50745],[96.60689,17.50736],[96.60671,17.50763],[96.60671,17.50834],[96.60698,17.50852],[96.6077,17.50861],[96.60797,17.50825],[96.60779,17.50754],[96.60851,17.50772],[96.60869,17.507],[96.60968,17.50682],[96.60986,17.50628],[96.61013,17.50628],[96.61013,17.50673],[96.61057,17.50718],[96.61156,17.50682],[96.61183,17.50709],[96.61093,17.50727],[96.61066,17.50772],[96.60932,17.50834],[96.6086,17.5079],[96.6086,17.5087],[96.60797,17.50924],[96.60797,17.51077],[96.60563,17.51355],[96.60599,17.51535],[96.60563,17.51544],[96.6051,17.51499],[96.60393,17.51589],[96.60375,17.51688],[96.60276,17.5167],[96.60267,17.51697],[96.60141,17.51697],[96.60141,17.51778],[96.60258,17.51796],[96.60222,17.51894],[96.60294,17.51921],[96.60429,17.5185],[96.60429,17.51823],[96.60536,17.51814],[96.6059,17.5176],[96.60554,17.51688],[96.60626,17.51697],[96.60689,17.51634],[96.60689,17.51571],[96.60914,17.51508],[96.60941,17.51445],[96.60986,17.51445],[96.61022,17.51625],[96.61102,17.51625],[96.61102,17.5158],[96.61138,17.5158],[96.61201,17.51679],[96.61147,17.51706],[96.61138,17.51796],[96.61049,17.51823],[96.6104,17.52038],[96.61013,17.52038],[96.60995,17.51948],[96.60968,17.51939],[96.60968,17.5185],[96.6077,17.51814],[96.60635,17.51912],[96.60545,17.5185],[96.60456,17.51903],[96.60285,17.51939],[96.60294,17.52011],[96.60276,17.52056],[96.6024,17.52056],[96.60294,17.5211],[96.60303,17.52038],[96.60411,17.52011],[96.60411,17.51984],[96.60474,17.51993],[96.60483,17.51957],[96.60554,17.51966],[96.60536,17.52047],[96.60563,17.52047],[96.60563,17.52092],[96.60617,17.52083],[96.60608,17.52191],[96.60653,17.52191],[96.60653,17.52218],[96.60518,17.52218],[96.60518,17.52245],[96.60545,17.5229],[96.60608,17.52308],[96.60608,17.52272],[96.60734,17.52218],[96.60761,17.52326],[96.60842,17.52326],[96.60824,17.5246],[96.60797,17.52478],[96.60842,17.52568],[96.60941,17.52559],[96.60941,17.52532],[96.60896,17.52523],[96.60914,17.52469],[96.60959,17.52451],[96.60923,17.52344],[96.61192,17.52308],[96.61246,17.52227],[96.61318,17.52209],[96.61408,17.52092],[96.61444,17.52092],[96.61489,17.52128],[96.61498,17.52182],[96.61659,17.52317],[96.61659,17.52353],[96.61587,17.52362],[96.61579,17.52415],[96.61399,17.52469],[96.61399,17.52505],[96.61489,17.52523],[96.61489,17.52568],[96.61516,17.52568]],[[96.61246,17.52083],[96.61237,17.52155],[96.61174,17.52209],[96.61031,17.52101],[96.6104,17.52065],[96.6112,17.52101],[96.61219,17.52047],[96.61255,17.52083],[96.61246,17.52083]],[[96.61695,17.51427],[96.61695,17.51481],[96.61668,17.51481],[96.61614,17.51373],[96.61668,17.51338],[96.61785,17.51338],[96.61785,17.51364],[96.61731,17.51364],[96.61713,17.51427],[96.61695,17.51427]]],[[[96.63097,17.52631],[96.63142,17.52613],[96.63124,17.5255],[96.63169,17.52532],[96.63186,17.52478],[96.6307,17.52478],[96.63025,17.52631],[96.63097,17.52631]]],[[[96.67319,17.52676],[96.67364,17.52667],[96.67346,17.52613],[96.67256,17.52631],[96.67265,17.52676],[96.67319,17.52676]]],[[[96.66843,17.52685],[96.66861,17.52631],[96.66834,17.52604],[96.66906,17.52586],[96.66906,17.5255],[96.66834,17.52541],[96.66834,17.52514],[96.66753,17.52496],[96.66735,17.52568],[96.66699,17.52577],[96.66528,17.52568],[96.6651,17.52496],[96.6642,17.52514],[96.66447,17.52559],[96.66501,17.52532],[96.66501,17.52613],[96.66681,17.52622],[96.66726,17.52676],[96.66807,17.52649],[96.66807,17.52685],[96.66843,17.52685]]],[[[96.66995,17.52721],[96.67031,17.52703],[96.67049,17.52541],[96.67103,17.52568],[96.67148,17.52559],[96.67166,17.52505],[96.67265,17.52505],[96.67238,17.52335],[96.67139,17.52335],[96.6713,17.52263],[96.67103,17.52263],[96.67121,17.52415],[96.67022,17.52407],[96.67022,17.52442],[96.66977,17.52442],[96.66986,17.52595],[96.66941,17.52595],[96.66932,17.5264],[96.66968,17.52721],[96.66995,17.52721]]],[[[96.66771,17.52793],[96.66771,17.52766],[96.66852,17.52748],[96.66852,17.52721],[96.66717,17.52739],[96.66717,17.52694],[96.6669,17.52694],[96.66699,17.52784],[96.66744,17.52793],[96.66771,17.52793]]],[[[96.63222,17.52856],[96.63321,17.52739],[96.63258,17.52739],[96.63258,17.52784],[96.6316,17.52784],[96.63186,17.52856],[96.63222,17.52856]]],[[[96.66573,17.52883],[96.66609,17.52811],[96.66672,17.52811],[96.66672,17.52784],[96.66573,17.52784],[96.66564,17.52712],[96.66447,17.52703],[96.66456,17.52748],[96.66546,17.52757],[96.66555,17.52811],[96.66582,17.52811],[96.66582,17.52838],[96.66519,17.52847],[96.66519,17.52883],[96.66573,17.52883]]],[[[96.62297,17.52928],[96.62324,17.52892],[96.62369,17.52892],[96.62369,17.52856],[96.62432,17.52847],[96.62423,17.52793],[96.62378,17.52793],[96.6236,17.52829],[96.62243,17.52829],[96.62216,17.52883],[96.6227,17.52928],[96.62297,17.52928]]],[[[96.66968,17.52883],[96.66968,17.52838],[96.67022,17.52829],[96.67022,17.52757],[96.66959,17.52757],[96.66932,17.5282],[96.6687,17.52802],[96.66852,17.52838],[96.66852,17.5291],[96.66915,17.52928],[96.66959,17.52999],[96.66986,17.52999],[96.66977,17.52883],[96.66968,17.52883]]],[[[96.6678,17.53296],[96.66771,17.53206],[96.66663,17.53224],[96.66663,17.5326],[96.66717,17.5326],[96.66717,17.53296],[96.6678,17.53296]]],[[[96.63743,17.53341],[96.63788,17.53224],[96.63752,17.53152],[96.6377,17.5308],[96.63851,17.5308],[96.63851,17.53035],[96.63878,17.53035],[96.63905,17.53134],[96.63968,17.53143],[96.63941,17.53071],[96.63986,17.53071],[96.63986,17.53008],[96.63941,17.53008],[96.63941,17.52981],[96.63995,17.52963],[96.63995,17.52919],[96.63959,17.52919],[96.63932,17.52972],[96.6386,17.52981],[96.6386,17.52954],[96.64004,17.52892],[96.64004,17.5282],[96.64076,17.52865],[96.64085,17.52802],[96.64184,17.52802],[96.64157,17.5273],[96.64121,17.5273],[96.64121,17.52703],[96.64166,17.52703],[96.64184,17.52631],[96.64121,17.5264],[96.64121,17.52685],[96.6404,17.52676],[96.6404,17.5264],[96.64004,17.5264],[96.63914,17.52703],[96.63869,17.52622],[96.63824,17.52622],[96.63824,17.52649],[96.63761,17.52649],[96.63761,17.52694],[96.63699,17.52694],[96.63681,17.52775],[96.63636,17.52775],[96.63636,17.5273],[96.63591,17.5273],[96.63591,17.52811],[96.6351,17.52802],[96.6351,17.52766],[96.63555,17.52757],[96.63582,17.52703],[96.63447,17.52685],[96.63447,17.5273],[96.63411,17.5273],[96.6333,17.52892],[96.63384,17.52901],[96.63384,17.52856],[96.63447,17.52847],[96.63456,17.52919],[96.63411,17.52963],[96.63438,17.53008],[96.63564,17.52999],[96.63591,17.5291],[96.63645,17.52901],[96.63636,17.52999],[96.63555,17.53008],[96.63519,17.53134],[96.63636,17.53125],[96.63618,17.53179],[96.63564,17.53161],[96.63555,17.53206],[96.63672,17.53215],[96.63672,17.53251],[96.63725,17.53251],[96.63725,17.53296],[96.63663,17.53296],[96.63663,17.53332],[96.63708,17.53341],[96.63743,17.53341]],[[96.63672,17.52847],[96.63699,17.52793],[96.63815,17.52748],[96.63788,17.52847],[96.63717,17.52847],[96.63672,17.52847]]],[[[96.63995,17.53359],[96.64004,17.53296],[96.64058,17.53341],[96.64058,17.5326],[96.63977,17.53278],[96.63959,17.53359],[96.63995,17.53359]]],[[[96.66555,17.53493],[96.66645,17.53458],[96.66618,17.53242],[96.66537,17.53179],[96.66456,17.53161],[96.66456,17.53206],[96.66492,17.53215],[96.66483,17.53296],[96.66528,17.53305],[96.66546,17.5335],[96.66546,17.53413],[96.66483,17.5344],[96.66483,17.53493],[96.66555,17.53493]]],[[[96.63869,17.5352],[96.63896,17.53493],[96.63887,17.53431],[96.63842,17.53395],[96.63725,17.53395],[96.63717,17.53493],[96.63779,17.53467],[96.63779,17.53431],[96.63851,17.53449],[96.63851,17.53476],[96.63797,17.53458],[96.63806,17.5352],[96.63869,17.5352]]],[[[96.69403,17.53808],[96.6943,17.53727],[96.69493,17.53718],[96.69475,17.53628],[96.69565,17.53592],[96.69556,17.53484],[96.69484,17.53476],[96.69466,17.53538],[96.69403,17.53529],[96.69385,17.53556],[96.69358,17.53529],[96.69277,17.53556],[96.69286,17.53467],[96.69097,17.53467],[96.69097,17.53502],[96.69026,17.53529],[96.69035,17.53619],[96.69088,17.53601],[96.69088,17.53556],[96.69133,17.53574],[96.69097,17.53682],[96.69142,17.53682],[96.69142,17.53646],[96.69277,17.53664],[96.69286,17.53718],[96.69367,17.53736],[96.69376,17.53808],[96.69403,17.53808]]],[[[96.69205,17.53889],[96.69205,17.53799],[96.69115,17.53817],[96.69097,17.5388],[96.69178,17.53889],[96.69205,17.53889]]],[[[96.64309,17.53997],[96.643,17.53889],[96.64327,17.53853],[96.64273,17.53871],[96.64273,17.53997],[96.64309,17.53997]]],[[[96.64651,17.54176],[96.64714,17.54167],[96.64714,17.5414],[96.64678,17.5414],[96.64678,17.54086],[96.64642,17.54077],[96.64669,17.54006],[96.64606,17.54006],[96.64606,17.54113],[96.64651,17.54113],[96.64624,17.54176],[96.64651,17.54176]]],[[[96.65217,17.54482],[96.65271,17.54446],[96.65271,17.54383],[96.65163,17.5432],[96.65172,17.54482],[96.65217,17.54482]]],[[[96.65432,17.54491],[96.65369,17.54491],[96.65369,17.54536],[96.65423,17.54616],[96.65486,17.54616],[96.65486,17.54553],[96.65432,17.54536],[96.65432,17.54491]]],[[[96.65639,17.5467],[96.65639,17.54616],[96.65576,17.5458],[96.65603,17.54518],[96.65567,17.54518],[96.65513,17.54634],[96.65585,17.54634],[96.65603,17.5467],[96.65639,17.5467]]],[[[96.66025,17.54706],[96.66052,17.54652],[96.66142,17.54625],[96.66178,17.54536],[96.66133,17.54527],[96.66115,17.5458],[96.66043,17.54553],[96.66025,17.54589],[96.6598,17.54589],[96.65998,17.54706],[96.66025,17.54706]]],[[[96.65585,17.54149],[96.65585,17.54122],[96.6563,17.54122],[96.6563,17.54077],[96.65711,17.54086],[96.65702,17.5414],[96.65738,17.54149],[96.65738,17.54185],[96.65684,17.54185],[96.65693,17.54266],[96.65675,17.54329],[96.65648,17.54329],[96.65657,17.54401],[96.65702,17.54401],[96.65693,17.54455],[96.65765,17.54455],[96.65801,17.54419],[96.6581,17.54473],[96.65846,17.54482],[96.65854,17.54419],[96.65881,17.54419],[96.65881,17.54464],[96.65908,17.54464],[96.65908,17.54383],[96.65989,17.54356],[96.65989,17.54401],[96.65953,17.54401],[96.65971,17.54473],[96.66025,17.54473],[96.66034,17.54428],[96.66079,17.54428],[96.6607,17.54482],[96.66115,17.54527],[96.66115,17.54437],[96.6616,17.5441],[96.66196,17.5441],[96.66196,17.54437],[96.66151,17.54437],[96.66196,17.54482],[96.66304,17.54464],[96.66304,17.54428],[96.6634,17.54428],[96.6634,17.54464],[96.66304,17.54464],[96.66295,17.54544],[96.6642,17.54482],[96.66465,17.545],[96.66465,17.54536],[96.66546,17.54553],[96.66573,17.54598],[96.66564,17.54679],[96.66672,17.5458],[96.66681,17.54661],[96.66654,17.54688],[96.66708,17.54724],[96.66798,17.54724],[96.66789,17.54616],[96.66708,17.54616],[96.66708,17.54571],[96.66753,17.54562],[96.66744,17.54473],[96.66717,17.54464],[96.66717,17.54392],[96.66654,17.54293],[96.66618,17.54095],[96.66582,17.54095],[96.66573,17.54131],[96.66618,17.54239],[96.66555,17.54239],[96.66546,17.54194],[96.66519,17.54194],[96.66537,17.54122],[96.66501,17.54104],[96.6651,17.5405],[96.66591,17.54032],[96.66591,17.53997],[96.66528,17.53916],[96.66474,17.53916],[96.66474,17.53961],[96.6651,17.53961],[96.6651,17.53988],[96.66465,17.53988],[96.66465,17.53952],[96.66438,17.53952],[96.66456,17.5388],[96.66519,17.5388],[96.66519,17.53817],[96.66474,17.53745],[96.66411,17.53484],[96.66349,17.53476],[96.66349,17.5344],[96.66376,17.5344],[96.66349,17.53233],[96.66277,17.53134],[96.66277,17.53035],[96.66115,17.5255],[96.66043,17.52568],[96.66043,17.52703],[96.6598,17.52721],[96.66025,17.52739],[96.6607,17.52865],[96.66151,17.52937],[96.66169,17.53071],[96.66106,17.53071],[96.66043,17.53116],[96.66034,17.53071],[96.66079,17.53071],[96.66124,17.5299],[96.6607,17.52972],[96.65998,17.53008],[96.65962,17.52901],[96.65998,17.52829],[96.65989,17.52757],[96.65926,17.52775],[96.65935,17.52721],[96.65899,17.52703],[96.65765,17.5273],[96.65576,17.52703],[96.65576,17.52883],[96.65504,17.52856],[96.65486,17.52811],[96.65522,17.52694],[96.65378,17.52676],[96.65127,17.52712],[96.65127,17.52739],[96.65217,17.52748],[96.6519,17.5282],[96.65136,17.52766],[96.65091,17.52766],[96.65091,17.52712],[96.65037,17.52712],[96.65055,17.52757],[96.65019,17.52757],[96.65019,17.52721],[96.64947,17.5273],[96.64929,17.52766],[96.6501,17.52757],[96.65019,17.52829],[96.65064,17.52829],[96.65082,17.52883],[96.6501,17.52856],[96.64974,17.52892],[96.64956,17.52829],[96.64902,17.5282],[96.64902,17.52954],[96.64875,17.52954],[96.64857,17.52847],[96.64768,17.52874],[96.64768,17.52954],[96.64741,17.52954],[96.64732,17.5291],[96.64759,17.52838],[96.64866,17.52802],[96.64875,17.52757],[96.64633,17.52721],[96.64579,17.52793],[96.64489,17.52838],[96.64507,17.52541],[96.64471,17.52514],[96.64471,17.52469],[96.64516,17.52344],[96.64507,17.522],[96.64471,17.52164],[96.64525,17.52173],[96.64534,17.52128],[96.64471,17.52101],[96.64534,17.52038],[96.6475,17.52074],[96.64866,17.52011],[96.64884,17.5211],[96.64857,17.52191],[96.64893,17.52236],[96.64956,17.52236],[96.64992,17.52308],[96.65136,17.52344],[96.65136,17.52299],[96.651,17.52299],[96.651,17.52272],[96.65028,17.52254],[96.64992,17.52281],[96.64983,17.52218],[96.65109,17.522],[96.65199,17.52227],[96.65154,17.52362],[96.65235,17.52398],[96.65244,17.52433],[96.65351,17.5246],[96.65567,17.52469],[96.65567,17.52442],[96.65603,17.52442],[96.65603,17.52505],[96.6554,17.52514],[96.65576,17.52559],[96.65738,17.52541],[96.65747,17.52469],[96.65693,17.5246],[96.65648,17.52496],[96.65639,17.52371],[96.65576,17.52362],[96.65558,17.5229],[96.65459,17.52245],[96.65459,17.52173],[96.65387,17.52083],[96.65316,17.52056],[96.65244,17.5211],[96.65253,17.52002],[96.65163,17.51957],[96.65145,17.51805],[96.65082,17.51787],[96.651,17.51832],[96.65073,17.51832],[96.65073,17.51787],[96.65046,17.51787],[96.65028,17.51841],[96.65001,17.51841],[96.65019,17.51787],[96.64983,17.51787],[96.64947,17.51832],[96.64884,17.51841],[96.64974,17.51688],[96.6492,17.51598],[96.64812,17.51607],[96.64812,17.51643],[96.64723,17.51706],[96.64678,17.51652],[96.64624,17.51661],[96.64624,17.51616],[96.64651,17.51607],[96.64633,17.51562],[96.64579,17.51562],[96.64543,17.51598],[96.64552,17.51643],[96.64444,17.51751],[96.64426,17.51832],[96.64336,17.51912],[96.64327,17.51975],[96.643,17.51975],[96.64282,17.52074],[96.64255,17.52074],[96.64255,17.52128],[96.64291,17.52128],[96.64282,17.52245],[96.64085,17.52299],[96.64166,17.52092],[96.64094,17.52101],[96.64067,17.5193],[96.64255,17.51742],[96.64309,17.51625],[96.64238,17.51616],[96.64229,17.51553],[96.64184,17.51553],[96.64175,17.51616],[96.63977,17.5167],[96.63896,17.51652],[96.6386,17.51571],[96.63779,17.51589],[96.63743,17.51445],[96.63699,17.51418],[96.63681,17.51346],[96.63573,17.51266],[96.63591,17.51221],[96.63645,17.51203],[96.6377,17.51311],[96.63779,17.51364],[96.63842,17.51382],[96.6386,17.51454],[96.6395,17.51463],[96.63905,17.51544],[96.63977,17.5158],[96.64067,17.51445],[96.64139,17.51508],[96.64184,17.51454],[96.64291,17.51445],[96.64363,17.51338],[96.64381,17.51239],[96.64309,17.51248],[96.64318,17.51167],[96.6422,17.51158],[96.64193,17.51068],[96.643,17.51059],[96.643,17.5096],[96.64444,17.50942],[96.64471,17.50906],[96.64579,17.50879],[96.64579,17.50924],[96.64507,17.50996],[96.64534,17.5105],[96.64678,17.50996],[96.64759,17.51005],[96.64803,17.50969],[96.64821,17.51023],[96.64785,17.51077],[96.64839,17.5114],[96.64884,17.51086],[96.64965,17.51095],[96.65019,17.51185],[96.65217,17.5114],[96.65217,17.51203],[96.65118,17.5123],[96.65127,17.51275],[96.6528,17.51248],[96.65387,17.51176],[96.65387,17.51221],[96.6536,17.51221],[96.65333,17.51284],[96.65405,17.51329],[96.65396,17.51364],[96.65316,17.51355],[96.65289,17.514],[96.65199,17.51338],[96.65073,17.51364],[96.65118,17.51436],[96.6519,17.51463],[96.65208,17.51535],[96.65055,17.51454],[96.65001,17.51472],[96.64983,17.51535],[96.65001,17.5158],[96.65073,17.51562],[96.65127,17.51643],[96.65163,17.51643],[96.65235,17.51769],[96.65271,17.5176],[96.65333,17.51805],[96.65351,17.51742],[96.65324,17.51661],[96.65208,17.51616],[96.65208,17.51562],[96.65253,17.51562],[96.65262,17.51499],[96.65316,17.51544],[96.65432,17.51571],[96.65513,17.51733],[96.65567,17.51598],[96.65522,17.51589],[96.65504,17.51517],[96.65594,17.51544],[96.65603,17.51508],[96.65657,17.51526],[96.65684,17.51481],[96.65738,17.51481],[96.65729,17.51427],[96.65702,17.51454],[96.65666,17.51454],[96.65666,17.51418],[96.65585,17.51445],[96.65585,17.51409],[96.6563,17.51409],[96.65648,17.51364],[96.65558,17.5132],[96.65549,17.51284],[96.65693,17.51311],[96.65711,17.51284],[96.65531,17.50852],[96.65441,17.50781],[96.65369,17.50655],[96.65091,17.50511],[96.65091,17.50466],[96.64956,17.50484],[96.64857,17.50448],[96.64498,17.50439],[96.64309,17.50448],[96.64094,17.50511],[96.64067,17.50475],[96.63941,17.50448],[96.63591,17.50448],[96.63546,17.50502],[96.63743,17.50511],[96.63743,17.50547],[96.63708,17.50547],[96.63708,17.50628],[96.63681,17.50628],[96.63681,17.50583],[96.63582,17.50583],[96.63573,17.5061],[96.63492,17.50583],[96.63447,17.50628],[96.63402,17.50628],[96.63393,17.50592],[96.63303,17.50619],[96.63303,17.50682],[96.63222,17.50664],[96.63222,17.50637],[96.63133,17.50637],[96.63079,17.50781],[96.62998,17.50808],[96.62971,17.5087],[96.62935,17.50879],[96.62935,17.50942],[96.62881,17.50942],[96.62863,17.50996],[96.62764,17.51041],[96.62764,17.51077],[96.62845,17.51077],[96.62836,17.51149],[96.62764,17.51158],[96.62764,17.51086],[96.6271,17.51122],[96.62755,17.51185],[96.62746,17.51248],[96.62665,17.51257],[96.62665,17.51284],[96.62701,17.51284],[96.62692,17.51355],[96.62737,17.51355],[96.62719,17.51409],[96.62665,17.51409],[96.62665,17.51436],[96.62459,17.51436],[96.62405,17.51499],[96.62504,17.51472],[96.62504,17.51526],[96.62531,17.51526],[96.62522,17.51472],[96.62567,17.51454],[96.62558,17.51508],[96.62656,17.5149],[96.62665,17.51544],[96.62692,17.51544],[96.62701,17.51499],[96.62791,17.51481],[96.62791,17.51535],[96.62719,17.51526],[96.62719,17.51571],[96.62746,17.51571],[96.62719,17.51643],[96.62773,17.51616],[96.62773,17.51643],[96.62845,17.51661],[96.62818,17.51733],[96.62854,17.51733],[96.62863,17.51805],[96.6289,17.51805],[96.62926,17.51894],[96.62953,17.51894],[96.62944,17.51832],[96.62989,17.51877],[96.63106,17.51877],[96.63106,17.51832],[96.6316,17.51832],[96.63133,17.51903],[96.63088,17.51903],[96.6307,17.52002],[96.63142,17.52038],[96.63124,17.51966],[96.63169,17.51966],[96.63151,17.52092],[96.63195,17.52074],[96.63178,17.5202],[96.6324,17.52047],[96.63195,17.522],[96.6324,17.52209],[96.63249,17.52254],[96.63285,17.52254],[96.63285,17.522],[96.63348,17.52218],[96.63357,17.52038],[96.63312,17.51966],[96.63312,17.51841],[96.63393,17.51814],[96.6342,17.51769],[96.63573,17.51814],[96.63752,17.51984],[96.63878,17.52029],[96.63905,17.52146],[96.63959,17.52119],[96.63959,17.52173],[96.63896,17.52209],[96.63887,17.5229],[96.63851,17.52326],[96.63779,17.52299],[96.63788,17.52254],[96.63582,17.52236],[96.63519,17.52164],[96.63546,17.52092],[96.6351,17.52029],[96.63636,17.52065],[96.63663,17.52056],[96.63663,17.52002],[96.63528,17.51948],[96.63528,17.51859],[96.63393,17.51823],[96.63348,17.51903],[96.63375,17.52011],[96.63447,17.52074],[96.63447,17.52272],[96.63411,17.52317],[96.63285,17.52299],[96.6324,17.5238],[96.6324,17.52478],[96.63294,17.52478],[96.63321,17.52398],[96.63366,17.52398],[96.63366,17.52353],[96.63402,17.52353],[96.63411,17.52407],[96.63447,17.52415],[96.63447,17.52469],[96.63375,17.5246],[96.63393,17.52523],[96.63339,17.5255],[96.63348,17.52613],[96.63447,17.52586],[96.63474,17.52667],[96.63528,17.52667],[96.63519,17.52604],[96.636,17.52595],[96.63627,17.52496],[96.63654,17.52496],[96.63654,17.5255],[96.6369,17.52577],[96.63752,17.52523],[96.63824,17.52523],[96.63842,17.5255],[96.63959,17.52532],[96.64013,17.52586],[96.64076,17.5255],[96.64175,17.5255],[96.64238,17.52586],[96.64238,17.52622],[96.64372,17.5255],[96.64453,17.5255],[96.64453,17.52595],[96.64408,17.52595],[96.64399,17.52667],[96.64372,17.52667],[96.64372,17.52613],[96.64309,17.52613],[96.64291,17.5273],[96.64264,17.5273],[96.64255,17.52658],[96.64229,17.52658],[96.64211,17.52847],[96.64157,17.52838],[96.64094,17.52901],[96.64094,17.52954],[96.6413,17.5299],[96.64112,17.53071],[96.64211,17.53125],[96.64211,17.53179],[96.6413,17.53197],[96.6413,17.53233],[96.64175,17.53233],[96.64175,17.53278],[96.64336,17.53296],[96.64345,17.53341],[96.64238,17.53341],[96.64238,17.53296],[96.64148,17.53305],[96.64148,17.53341],[96.64238,17.53359],[96.64273,17.53422],[96.64112,17.53368],[96.64085,17.53458],[96.64013,17.53467],[96.64013,17.5352],[96.64076,17.53511],[96.64076,17.53538],[96.64175,17.53467],[96.64175,17.53511],[96.6422,17.5352],[96.64229,17.53619],[96.64255,17.53619],[96.64264,17.53556],[96.64309,17.53565],[96.64309,17.53592],[96.64264,17.53601],[96.64264,17.53673],[96.64238,17.53691],[96.64255,17.53781],[96.64229,17.53817],[96.64354,17.53835],[96.64363,17.53772],[96.64417,17.5379],[96.6439,17.53844],[96.64417,17.54006],[96.64453,17.54014],[96.64435,17.54077],[96.64516,17.5405],[96.64516,17.54014],[96.64462,17.54014],[96.64462,17.5397],[96.64498,17.5397],[96.64498,17.53925],[96.64435,17.53916],[96.64435,17.5388],[96.64462,17.5388],[96.64525,17.53943],[96.64507,17.54006],[96.64534,17.53979],[96.64606,17.53988],[96.64606,17.53952],[96.64642,17.53952],[96.64651,17.53979],[96.64732,17.53988],[96.64732,17.54032],[96.64759,17.54032],[96.64759,17.53979],[96.64812,17.54014],[96.64848,17.54006],[96.64848,17.5397],[96.6492,17.5397],[96.64884,17.54032],[96.6492,17.54068],[96.64974,17.54068],[96.64974,17.54095],[96.64902,17.54104],[96.64884,17.54203],[96.64911,17.54176],[96.65019,17.54185],[96.65001,17.54113],[96.65037,17.54113],[96.65055,17.54032],[96.65082,17.54032],[96.65082,17.54077],[96.65118,17.54077],[96.65118,17.54104],[96.65154,17.54104],[96.65109,17.54006],[96.65163,17.54006],[96.6519,17.54068],[96.65378,17.54086],[96.65369,17.54041],[96.65262,17.54032],[96.65262,17.54006],[96.65307,17.54006],[96.65271,17.53952],[96.6536,17.53943],[96.65387,17.53943],[96.65387,17.53979],[96.65468,17.53961],[96.65477,17.54032],[96.65522,17.54032],[96.65549,17.54068],[96.65549,17.54104],[96.65513,17.54104],[96.65513,17.54068],[96.6545,17.54104],[96.65369,17.54095],[96.65369,17.54158],[96.65468,17.54131],[96.65477,17.54185],[96.65531,17.54185],[96.65531,17.54131],[96.65558,17.54149],[96.65585,17.54149]],[[96.65414,17.53772],[96.6536,17.53718],[96.6536,17.53655],[96.65495,17.53691],[96.6545,17.53772],[96.65414,17.53772]],[[96.65711,17.53601],[96.65693,17.53493],[96.65747,17.5352],[96.65747,17.53601],[96.65711,17.53601]],[[96.65396,17.53493],[96.6536,17.53556],[96.6528,17.53583],[96.65271,17.53529],[96.65226,17.5352],[96.65217,17.53449],[96.65369,17.53386],[96.65414,17.53449],[96.65405,17.53493],[96.65396,17.53493]],[[96.65926,17.53458],[96.65926,17.53431],[96.65828,17.53458],[96.65801,17.53404],[96.65944,17.53395],[96.65962,17.53467],[96.65935,17.53458],[96.65926,17.53458]],[[96.65028,17.53377],[96.65028,17.53431],[96.64965,17.53449],[96.64875,17.53341],[96.64866,17.53224],[96.64902,17.53143],[96.64929,17.53143],[96.64938,17.53242],[96.6501,17.53377],[96.65028,17.53377]],[[96.64696,17.53332],[96.6466,17.53431],[96.64633,17.53431],[96.64462,17.53341],[96.64453,17.53296],[96.64597,17.53278],[96.64678,17.53332],[96.64696,17.53332]],[[96.64642,17.53071],[96.64642,17.53107],[96.64534,17.53089],[96.64588,17.53035],[96.6466,17.53044],[96.6466,17.53071],[96.64642,17.53071]],[[96.65441,17.52972],[96.65432,17.52883],[96.65477,17.52856],[96.65504,17.52865],[96.65504,17.52963],[96.65468,17.52972],[96.65441,17.52972]],[[96.64175,17.52954],[96.64175,17.52999],[96.64273,17.5299],[96.64273,17.53017],[96.64202,17.53017],[96.64184,17.53062],[96.64148,17.53062],[96.64148,17.52954],[96.64175,17.52954]],[[96.64354,17.52514],[96.64354,17.52371],[96.64372,17.5229],[96.64399,17.5229],[96.64435,17.52389],[96.6439,17.52415],[96.64381,17.52514],[96.64354,17.52514]],[[96.63986,17.51769],[96.63968,17.51706],[96.64013,17.51697],[96.64058,17.51733],[96.6404,17.51814],[96.63995,17.51814],[96.63995,17.51769],[96.63986,17.51769]],[[96.63546,17.51149],[96.63474,17.51113],[96.63456,17.51032],[96.63321,17.50987],[96.63312,17.50915],[96.63186,17.50951],[96.6316,17.50834],[96.6324,17.50861],[96.6333,17.50709],[96.63393,17.50727],[96.63366,17.50772],[96.63384,17.50843],[96.63474,17.50897],[96.63591,17.50852],[96.636,17.50816],[96.63681,17.50808],[96.63537,17.5096],[96.63537,17.51005],[96.63582,17.51023],[96.63573,17.51149],[96.63546,17.51149]],[[96.64759,17.51984],[96.64714,17.52002],[96.64714,17.51957],[96.64785,17.51957],[96.64785,17.5185],[96.6483,17.51841],[96.64812,17.51966],[96.64768,17.51984],[96.64759,17.51984]],[[96.666,17.54347],[96.66645,17.54302],[96.66681,17.54464],[96.66645,17.54446],[96.66636,17.54347],[96.666,17.54347]]],[[[96.72295,17.54832],[96.72268,17.54679],[96.72242,17.54679],[96.72224,17.54724],[96.72268,17.54832],[96.72295,17.54832]]],[[[96.66663,17.54859],[96.6669,17.54769],[96.66618,17.54697],[96.66573,17.54778],[96.66618,17.54778],[96.66636,17.54859],[96.66663,17.54859]]],[[[96.6563,17.54814],[96.65594,17.54814],[96.6563,17.54913],[96.65693,17.54913],[96.65693,17.54949],[96.6572,17.54949],[96.6572,17.54841],[96.6563,17.54832],[96.6563,17.54814]]],[[[96.71972,17.55021],[96.71981,17.54931],[96.71927,17.54904],[96.71927,17.54868],[96.71882,17.54868],[96.71918,17.55021],[96.71972,17.55021]]],[[[96.72197,17.55146],[96.72197,17.55101],[96.72268,17.5511],[96.72259,17.54922],[96.72304,17.54913],[96.72304,17.54886],[96.72053,17.54832],[96.72035,17.54994],[96.72071,17.55012],[96.72071,17.55083],[96.72161,17.55101],[96.7217,17.55146],[96.72197,17.55146]]],[[[96.77164,17.55209],[96.77227,17.552],[96.77227,17.55146],[96.77128,17.55137],[96.77128,17.55209],[96.77164,17.55209]]],[[[96.71685,17.55191],[96.71676,17.55155],[96.7172,17.55155],[96.7172,17.5511],[96.71649,17.55092],[96.71631,17.55191],[96.71586,17.55191],[96.71586,17.55218],[96.7172,17.55227],[96.7172,17.55191],[96.71685,17.55191]]],[[[96.72008,17.55227],[96.72008,17.55155],[96.7208,17.55164],[96.72062,17.5511],[96.71981,17.55119],[96.71981,17.55164],[96.71936,17.55164],[96.71936,17.55209],[96.71981,17.55227],[96.72008,17.55227]]],[[[96.71909,17.55254],[96.71909,17.55173],[96.71873,17.55173],[96.71873,17.552],[96.71774,17.55182],[96.71774,17.55227],[96.7181,17.55227],[96.7181,17.55254],[96.71882,17.55254],[96.71909,17.55254]]],[[[96.66286,17.55057],[96.66223,17.55057],[96.66223,17.55092],[96.66295,17.55092],[96.66313,17.552],[96.6642,17.55263],[96.66331,17.55075],[96.66295,17.55057],[96.66286,17.55057]]],[[[96.77227,17.55425],[96.77263,17.55326],[96.77254,17.55245],[96.77227,17.55245],[96.77218,17.55326],[96.77146,17.55299],[96.77155,17.55371],[96.772,17.55425],[96.77227,17.55425]]],[[[96.77344,17.55461],[96.77389,17.55443],[96.77371,17.55335],[96.77308,17.55335],[96.77299,17.55461],[96.77344,17.55461]]],[[[96.71972,17.55551],[96.71999,17.55542],[96.71972,17.55452],[96.71918,17.55479],[96.71936,17.55551],[96.71972,17.55551]]],[[[96.72466,17.55605],[96.72484,17.55506],[96.7243,17.55506],[96.7243,17.55452],[96.72376,17.55452],[96.72394,17.55506],[96.72421,17.55506],[96.72403,17.5556],[96.72439,17.55605],[96.72466,17.55605]]],[[[96.71388,17.5564],[96.71451,17.55587],[96.71478,17.55587],[96.71478,17.55631],[96.71505,17.55631],[96.71505,17.55596],[96.71631,17.55622],[96.71631,17.55596],[96.71586,17.55596],[96.71586,17.55569],[96.71622,17.55569],[96.71631,17.55497],[96.71667,17.55497],[96.71667,17.55551],[96.71712,17.5556],[96.71873,17.55551],[96.71873,17.55524],[96.71837,17.55524],[96.71828,17.55461],[96.71792,17.55452],[96.71765,17.55452],[96.71783,17.55506],[96.71747,17.55515],[96.71712,17.55515],[96.71685,17.55461],[96.71604,17.55479],[96.71568,17.5538],[96.71397,17.5538],[96.71406,17.5529],[96.71523,17.55254],[96.71514,17.552],[96.71487,17.552],[96.7137,17.55236],[96.71307,17.55335],[96.71271,17.55335],[96.71271,17.55389],[96.71298,17.55389],[96.71271,17.5547],[96.7137,17.55551],[96.7137,17.55587],[96.71334,17.55587],[96.71361,17.5564],[96.71388,17.5564]]],[[[96.67004,17.55703],[96.67004,17.55649],[96.67058,17.55631],[96.6704,17.5556],[96.67076,17.55542],[96.67022,17.55479],[96.6704,17.55416],[96.66959,17.55452],[96.66995,17.55578],[96.66995,17.55605],[96.66959,17.55605],[96.66977,17.55703],[96.67004,17.55703]]],[[[96.70957,17.55667],[96.70966,17.55596],[96.71011,17.55596],[96.71074,17.55479],[96.71119,17.55479],[96.71119,17.55452],[96.71065,17.55434],[96.71011,17.55434],[96.70939,17.55497],[96.7093,17.55649],[96.70894,17.55649],[96.70939,17.55712],[96.7102,17.55712],[96.7102,17.55667],[96.70957,17.55667]]],[[[96.71119,17.5573],[96.71164,17.55631],[96.71101,17.55622],[96.71074,17.55766],[96.71155,17.55784],[96.71155,17.5573],[96.71119,17.5573]]],[[[96.77218,17.55748],[96.77218,17.55793],[96.77254,17.5582],[96.77335,17.5582],[96.77335,17.55775],[96.77308,17.55775],[96.77326,17.55685],[96.77281,17.55676],[96.77254,17.55748],[96.77218,17.55748]]],[[[96.70957,17.55847],[96.70984,17.55757],[96.70804,17.55685],[96.70804,17.55793],[96.70876,17.55802],[96.70921,17.55847],[96.70957,17.55847]]],[[[96.7685,17.55892],[96.76859,17.55775],[96.76904,17.55721],[96.76904,17.55685],[96.76877,17.55685],[96.76895,17.55569],[96.76949,17.55587],[96.76958,17.55524],[96.7703,17.55524],[96.7703,17.55578],[96.77164,17.55622],[96.77317,17.55631],[96.77335,17.5556],[96.77362,17.55587],[96.77425,17.55578],[96.77434,17.55506],[96.77263,17.5547],[96.77137,17.55479],[96.7711,17.55416],[96.77083,17.55416],[96.77092,17.55326],[96.77021,17.55326],[96.76958,17.5538],[96.76958,17.55434],[96.77003,17.55434],[96.77012,17.5547],[96.76877,17.55542],[96.76823,17.55658],[96.76787,17.55766],[96.76814,17.55892],[96.7685,17.55892]]],[[[96.72637,17.5591],[96.72709,17.55901],[96.72727,17.55847],[96.72619,17.55856],[96.72592,17.5591],[96.72637,17.5591]]],[[[96.73167,17.55937],[96.73221,17.55919],[96.7323,17.55883],[96.73167,17.55865],[96.73167,17.5591],[96.7314,17.5591],[96.7314,17.55784],[96.73113,17.55784],[96.73086,17.55802],[96.73113,17.55874],[96.73077,17.55874],[96.73077,17.55901],[96.73086,17.55937],[96.7314,17.55937],[96.73167,17.55937]]],[[[96.72996,17.55955],[96.7305,17.55901],[96.73023,17.55829],[96.72969,17.55829],[96.72951,17.55865],[96.72906,17.55865],[96.72906,17.55838],[96.72816,17.55847],[96.72843,17.55955],[96.72933,17.55955],[96.72996,17.55955]]],[[[96.7155,17.56045],[96.71577,17.56036],[96.71568,17.55937],[96.71487,17.55928],[96.71487,17.55964],[96.71523,17.55973],[96.71505,17.56045],[96.7155,17.56045]]],[[[96.65217,17.56054],[96.65226,17.55982],[96.65136,17.55991],[96.65154,17.56045],[96.6519,17.56054],[96.65217,17.56054]]],[[[96.64983,17.5609],[96.64983,17.56063],[96.65037,17.56099],[96.65163,17.5609],[96.65163,17.56054],[96.65091,17.56054],[96.65082,17.55955],[96.65145,17.55982],[96.65253,17.55919],[96.65298,17.55928],[96.65262,17.56018],[96.6528,17.56063],[96.65316,17.56063],[96.65298,17.56],[96.65423,17.55928],[96.65414,17.55829],[96.65387,17.55829],[96.65387,17.55802],[96.65423,17.55802],[96.65405,17.55721],[96.6545,17.5573],[96.65468,17.55775],[96.6545,17.55838],[96.65549,17.55793],[96.65459,17.55667],[96.65396,17.55658],[96.65387,17.55613],[96.65486,17.55622],[96.65504,17.5556],[96.6554,17.55551],[96.65531,17.55667],[96.65603,17.55685],[96.65639,17.55631],[96.65684,17.55631],[96.65657,17.55578],[96.65738,17.55605],[96.65738,17.55506],[96.65765,17.55479],[96.65792,17.55479],[96.65783,17.55551],[96.6581,17.5556],[96.65846,17.5556],[96.65846,17.55524],[96.65989,17.55551],[96.65989,17.55488],[96.65863,17.55479],[96.65837,17.55434],[96.65846,17.55407],[96.66052,17.55416],[96.66034,17.55317],[96.66061,17.55317],[96.66061,17.55272],[96.66124,17.55272],[96.66124,17.55245],[96.66079,17.55245],[96.66079,17.55209],[96.66142,17.55218],[96.66142,17.55155],[96.66106,17.55155],[96.66106,17.55119],[96.66043,17.55066],[96.65998,17.55066],[96.65998,17.5503],[96.66061,17.55021],[96.66034,17.5494],[96.66115,17.54931],[96.66097,17.54805],[96.66124,17.54805],[96.66142,17.54715],[96.66106,17.54742],[96.66025,17.54715],[96.66025,17.54796],[96.65944,17.54823],[96.6589,17.54805],[96.6589,17.54769],[96.65837,17.54769],[96.65863,17.54706],[96.65899,17.54706],[96.65846,17.54625],[96.65738,17.54679],[96.65801,17.54742],[96.65711,17.54724],[96.65711,17.54634],[96.65675,17.54643],[96.65666,17.54715],[96.65711,17.54742],[96.65729,17.54814],[96.6581,17.54814],[96.6581,17.54895],[96.65863,17.54877],[96.65863,17.54904],[96.65729,17.54949],[96.65738,17.55083],[96.65783,17.55066],[96.65774,17.55003],[96.65846,17.54994],[96.65881,17.55039],[96.65881,17.55119],[96.65962,17.55137],[96.65962,17.55101],[96.65908,17.55092],[96.65908,17.5503],[96.65935,17.5503],[96.65971,17.55057],[96.65971,17.5511],[96.66025,17.55101],[96.6607,17.55146],[96.66016,17.55128],[96.65989,17.55209],[96.65953,17.55209],[96.65944,17.55164],[96.65899,17.55164],[96.65917,17.55218],[96.65872,17.55254],[96.65872,17.55299],[96.65846,17.55272],[96.65747,17.55299],[96.6572,17.55371],[96.65693,17.55371],[96.65693,17.55326],[96.65738,17.55308],[96.65738,17.55227],[96.65675,17.55173],[96.65666,17.55254],[96.65576,17.55272],[96.6554,17.55353],[96.65378,17.55407],[96.65396,17.55461],[96.65351,17.55461],[96.65351,17.55515],[96.65396,17.55524],[96.65432,17.55488],[96.65423,17.55569],[96.65351,17.55596],[96.65351,17.55631],[96.65307,17.55631],[96.65324,17.55524],[96.65289,17.55515],[96.65235,17.55658],[96.65145,17.55658],[96.65127,17.55748],[96.65037,17.55757],[96.65037,17.55847],[96.64983,17.55856],[96.64956,17.55928],[96.6492,17.55928],[96.6492,17.56],[96.64848,17.56009],[96.64848,17.56036],[96.64938,17.56045],[96.64947,17.56135],[96.65001,17.56135],[96.64992,17.5609],[96.64983,17.5609]],[[96.65926,17.55003],[96.65917,17.54886],[96.66007,17.54922],[96.65989,17.55003],[96.65926,17.55003]]],[[[96.65504,17.5609],[96.6554,17.56054],[96.6554,17.56],[96.65441,17.55973],[96.65441,17.56018],[96.65405,17.56018],[96.65405,17.56045],[96.65432,17.56045],[96.65486,17.56135],[96.65558,17.56143],[96.65558,17.56099],[96.65513,17.5609],[96.65504,17.5609]]],[[[96.64462,17.5609],[96.64426,17.56072],[96.64417,17.56161],[96.64444,17.56197],[96.64525,17.56197],[96.6448,17.5609],[96.64462,17.5609]]],[[[96.65657,17.56197],[96.65666,17.56143],[96.6563,17.56126],[96.65657,17.56018],[96.65612,17.56009],[96.65558,17.56045],[96.65558,17.56081],[96.65603,17.56081],[96.65594,17.56161],[96.6563,17.56161],[96.6563,17.56197],[96.65657,17.56197]]],[[[96.72286,17.56233],[96.72322,17.56224],[96.72331,17.56135],[96.72268,17.56143],[96.72259,17.56233],[96.72286,17.56233]]],[[[96.6395,17.56242],[96.64049,17.56206],[96.64058,17.56152],[96.63977,17.56161],[96.63923,17.56242],[96.6395,17.56242]]],[[[96.64588,17.56287],[96.64588,17.5626],[96.64651,17.56251],[96.64651,17.56215],[96.64597,17.56233],[96.64561,17.56206],[96.64534,17.56233],[96.64534,17.56278],[96.64561,17.56287],[96.64588,17.56287]]],[[[96.65082,17.56287],[96.65073,17.56197],[96.65145,17.56215],[96.65172,17.56188],[96.65181,17.56242],[96.65208,17.56242],[96.65208,17.56179],[96.65172,17.56143],[96.65145,17.5617],[96.65055,17.56152],[96.65055,17.56287],[96.65082,17.56287]]],[[[96.69565,17.56314],[96.69618,17.56278],[96.69618,17.56242],[96.69565,17.56242],[96.69565,17.56188],[96.69681,17.56197],[96.69717,17.56161],[96.69681,17.56108],[96.69726,17.56108],[96.69753,17.56054],[96.69789,17.56054],[96.69789,17.56018],[96.6969,17.56072],[96.69627,17.56009],[96.69484,17.56063],[96.69466,17.56251],[96.69502,17.56251],[96.69502,17.56305],[96.69529,17.56314],[96.69565,17.56314]]],[[[96.65154,17.56404],[96.65154,17.56368],[96.65199,17.56359],[96.65163,17.56269],[96.65127,17.56269],[96.65127,17.56341],[96.65064,17.56368],[96.65064,17.56395],[96.65127,17.56404],[96.65154,17.56404]]],[[[96.77083,17.56404],[96.77191,17.5635],[96.77191,17.56305],[96.77092,17.56278],[96.77092,17.56359],[96.77065,17.56359],[96.77083,17.56251],[96.76832,17.56135],[96.76832,17.56179],[96.76886,17.56179],[96.76859,17.56242],[96.76958,17.56278],[96.77039,17.56404],[96.77083,17.56404]]],[[[96.76841,17.56413],[96.76841,17.56377],[96.76877,17.56368],[96.7685,17.56269],[96.76742,17.56287],[96.76733,17.56314],[96.76733,17.56341],[96.76805,17.56368],[96.76805,17.56413],[96.76841,17.56413]]],[[[96.65019,17.56422],[96.6501,17.56368],[96.65046,17.56359],[96.65028,17.56233],[96.64974,17.56242],[96.6501,17.56341],[96.64929,17.56386],[96.64929,17.56413],[96.64992,17.56422],[96.65019,17.56422]]],[[[96.72709,17.56386],[96.72718,17.56314],[96.72691,17.56278],[96.72502,17.56269],[96.72502,17.56242],[96.72556,17.56242],[96.72547,17.56188],[96.72484,17.56206],[96.72484,17.56161],[96.72448,17.56152],[96.72448,17.56269],[96.72493,17.56269],[96.72475,17.56368],[96.72556,17.56377],[96.72574,17.56431],[96.72691,17.56449],[96.72691,17.56476],[96.72718,17.56476],[96.72718,17.56386],[96.72709,17.56386]]],[[[96.71649,17.56503],[96.71792,17.56485],[96.7181,17.56458],[96.7181,17.56431],[96.71756,17.5644],[96.71765,17.56386],[96.71729,17.56377],[96.71729,17.56341],[96.71559,17.56377],[96.71559,17.56431],[96.71676,17.56431],[96.71676,17.56458],[96.71613,17.56467],[96.71613,17.56503],[96.71649,17.56503]]],[[[96.76571,17.56503],[96.76634,17.5635],[96.76607,17.5635],[96.76607,17.56314],[96.76553,17.56323],[96.76553,17.56278],[96.7658,17.56278],[96.7658,17.56215],[96.76616,17.56197],[96.76625,17.56108],[96.76688,17.56143],[96.76814,17.56126],[96.76778,17.56063],[96.76715,17.56063],[96.76679,17.56009],[96.76598,17.56045],[96.7658,17.56161],[96.76535,17.5617],[96.76526,17.56215],[96.76482,17.56215],[96.76482,17.56269],[96.76509,17.56269],[96.76491,17.56341],[96.76526,17.56341],[96.76526,17.56377],[96.76571,17.56404],[96.76571,17.5644],[96.76491,17.5644],[96.76544,17.56503],[96.76571,17.56503]]],[[[96.71514,17.5653],[96.71532,17.56422],[96.7146,17.56395],[96.71469,17.56188],[96.71406,17.56152],[96.71406,17.56188],[96.71343,17.56188],[96.71334,17.56233],[96.71379,17.56278],[96.71388,17.56368],[96.71442,17.56467],[96.71469,17.56467],[96.71478,17.5653],[96.71514,17.5653]]],[[[96.68037,17.56656],[96.68064,17.56629],[96.68055,17.56494],[96.67948,17.56494],[96.67939,17.5653],[96.6801,17.56512],[96.6801,17.56539],[96.67966,17.56539],[96.67966,17.56584],[96.67992,17.56584],[96.68019,17.56682],[96.68046,17.56656],[96.68037,17.56656]]],[[[96.71029,17.56727],[96.71137,17.567],[96.71146,17.56656],[96.71029,17.56656],[96.71011,17.56691],[96.70948,17.56691],[96.70939,17.56727],[96.71029,17.56727]]],[[[96.77039,17.56727],[96.77074,17.56682],[96.77039,17.56629],[96.76967,17.56602],[96.77012,17.56548],[96.76967,17.56548],[96.76949,17.56512],[96.76922,17.56512],[96.76922,17.56557],[96.76841,17.56548],[96.76832,17.56584],[96.76886,17.56593],[96.76913,17.56665],[96.76985,17.56674],[96.76994,17.56727],[96.77039,17.56727]]],[[[96.76491,17.56736],[96.76526,17.56638],[96.76571,17.56647],[96.76571,17.56674],[96.76652,17.56638],[96.76652,17.56602],[96.76571,17.56557],[96.76553,17.56512],[96.76428,17.5653],[96.76428,17.56566],[96.76473,17.56566],[96.76473,17.56593],[96.76401,17.56593],[96.76365,17.567],[96.76446,17.56736],[96.76491,17.56736]]],[[[96.67983,17.567],[96.67948,17.5662],[96.67921,17.5662],[96.67921,17.56727],[96.68028,17.56772],[96.67992,17.567],[96.67983,17.567]]],[[[96.69026,17.56781],[96.69026,17.56754],[96.6907,17.56754],[96.69035,17.567],[96.68981,17.567],[96.68972,17.56781],[96.69026,17.56781]]],[[[96.70409,17.56817],[96.70445,17.56674],[96.704,17.56638],[96.70355,17.56674],[96.70355,17.56817],[96.70409,17.56817]]],[[[96.71235,17.56889],[96.71253,17.56826],[96.71182,17.56826],[96.71199,17.56736],[96.71137,17.56727],[96.71164,17.56754],[96.71155,17.5688],[96.71182,17.56889],[96.71235,17.56889]]],[[[96.70876,17.56961],[96.70876,17.56925],[96.70921,17.56925],[96.70921,17.56898],[96.71029,17.56925],[96.71047,17.56889],[96.7084,17.56853],[96.70849,17.56961],[96.70876,17.56961]]],[[[96.63636,17.56952],[96.63636,17.56916],[96.63699,17.56916],[96.63699,17.56871],[96.63761,17.56898],[96.63761,17.56853],[96.63788,17.56853],[96.63788,17.56898],[96.63824,17.56898],[96.63851,17.56826],[96.63932,17.56817],[96.63968,17.56799],[96.63968,17.56754],[96.64013,17.56754],[96.64031,17.56682],[96.64157,17.56691],[96.64157,17.56727],[96.6422,17.56691],[96.64238,17.56763],[96.64282,17.56763],[96.64327,17.56682],[96.64264,17.56665],[96.64264,17.56638],[96.64318,17.56656],[96.64318,17.56611],[96.64399,17.56602],[96.64399,17.56575],[96.64372,17.56575],[96.64372,17.56539],[96.64318,17.56575],[96.64318,17.56548],[96.64229,17.5653],[96.64229,17.56485],[96.64399,17.56467],[96.64399,17.56422],[96.64453,17.56368],[96.64318,17.56431],[96.64202,17.56395],[96.64211,17.56314],[96.64175,17.56314],[96.64157,17.56359],[96.6413,17.56359],[96.6413,17.56314],[96.64049,17.56341],[96.64049,17.56386],[96.64076,17.56386],[96.64049,17.56485],[96.63878,17.56494],[96.63878,17.56548],[96.63923,17.56602],[96.63869,17.5662],[96.6386,17.56557],[96.63833,17.56557],[96.63824,17.56656],[96.63761,17.56665],[96.63761,17.56709],[96.63654,17.56754],[96.63672,17.56871],[96.63609,17.56907],[96.63609,17.56979],[96.63645,17.56979],[96.63645,17.56952],[96.63636,17.56952]]],[[[96.71128,17.56943],[96.71128,17.56871],[96.71065,17.5688],[96.71101,17.56979],[96.71146,17.56979],[96.71137,17.56943],[96.71128,17.56943]]],[[[96.65414,17.56997],[96.65432,17.56916],[96.65324,17.56934],[96.65316,17.56889],[96.65289,17.56889],[96.65307,17.56988],[96.65387,17.56997],[96.65414,17.56997]]],[[[96.64264,17.56862],[96.64229,17.56862],[96.64247,17.57015],[96.64291,17.57015],[96.64264,17.5688],[96.64264,17.56862]]],[[[96.63797,17.57033],[96.63806,17.56934],[96.6377,17.56934],[96.6377,17.56961],[96.63717,17.56934],[96.63717,17.56961],[96.63645,17.56988],[96.63645,17.57015],[96.63752,17.57006],[96.6377,17.57033],[96.63797,17.57033]]],[[[96.67184,17.56287],[96.67211,17.5626],[96.67184,17.56314],[96.67229,17.56323],[96.67265,17.56287],[96.67265,17.56206],[96.67211,17.56224],[96.67202,17.56188],[96.6713,17.5617],[96.67139,17.56126],[96.6722,17.56135],[96.6722,17.5617],[96.67256,17.56179],[96.67283,17.56179],[96.67283,17.56135],[96.67256,17.5609],[96.67148,17.5609],[96.67148,17.56063],[96.6722,17.56063],[96.67175,17.56018],[96.6722,17.55946],[96.67103,17.55955],[96.67103,17.55811],[96.67166,17.55838],[96.67166,17.55739],[96.67094,17.55739],[96.67112,17.55658],[96.67085,17.55658],[96.67058,17.55712],[96.67067,17.55802],[96.66968,17.55793],[96.66941,17.5582],[96.66959,17.55712],[96.66915,17.55712],[96.66915,17.55649],[96.66888,17.55649],[96.66888,17.55533],[96.66932,17.55533],[96.66932,17.55497],[96.6687,17.55497],[96.66807,17.55542],[96.66834,17.5547],[96.66906,17.55461],[96.66897,17.55389],[96.66923,17.55389],[96.66932,17.55443],[96.66968,17.55443],[96.66968,17.55344],[96.66995,17.55335],[96.66995,17.5529],[96.66941,17.55281],[96.66968,17.55209],[96.66906,17.55245],[96.66843,17.55209],[96.66843,17.55173],[96.66932,17.55182],[96.6695,17.5511],[96.66897,17.55075],[96.66888,17.54994],[96.66816,17.54976],[96.66798,17.55137],[96.66753,17.55155],[96.66753,17.552],[96.6669,17.55182],[96.66672,17.55227],[96.66636,17.55227],[96.66636,17.55182],[96.66591,17.55182],[96.66555,17.55353],[96.66519,17.55353],[96.66519,17.55308],[96.66456,17.55299],[96.66474,17.55362],[96.66411,17.5538],[96.66367,17.55362],[96.66393,17.5529],[96.66322,17.5529],[96.66268,17.55407],[96.66196,17.55389],[96.66178,17.55461],[96.66034,17.5547],[96.66034,17.55569],[96.66115,17.55587],[96.66115,17.55631],[96.66079,17.55631],[96.66079,17.55658],[96.66151,17.55676],[96.6616,17.55721],[96.66151,17.55748],[96.66025,17.55784],[96.65998,17.55838],[96.65863,17.55811],[96.65917,17.55865],[96.65989,17.55865],[96.66007,17.55955],[96.65935,17.55946],[96.65926,17.55982],[96.65926,17.56009],[96.65989,17.55991],[96.6598,17.56054],[96.65908,17.56072],[96.65863,17.56036],[96.65792,17.56036],[96.65783,17.56],[96.65729,17.56018],[96.65729,17.55991],[96.65792,17.55964],[96.65792,17.55928],[96.65666,17.56],[96.65684,17.56054],[96.65756,17.56045],[96.65792,17.56135],[96.65854,17.56143],[96.65881,17.56188],[96.65881,17.56215],[96.65828,17.56233],[96.65837,17.56314],[96.6581,17.56314],[96.65792,17.56233],[96.6572,17.56188],[96.65738,17.56108],[96.65675,17.56108],[96.65693,17.56224],[96.6572,17.56224],[96.65756,17.56305],[96.65657,17.56323],[96.65657,17.5626],[96.65603,17.5626],[96.65558,17.56287],[96.65558,17.56359],[96.65522,17.56368],[96.65468,17.5635],[96.65441,17.56251],[96.65396,17.56251],[96.65405,17.56386],[96.65369,17.56386],[96.65369,17.56413],[96.65298,17.56404],[96.65298,17.56431],[96.65244,17.56449],[96.65163,17.56449],[96.65154,17.56566],[96.65235,17.56539],[96.65235,17.56503],[96.65441,17.56476],[96.65522,17.56431],[96.65558,17.56431],[96.65558,17.56458],[96.65522,17.56458],[96.65531,17.56521],[96.65603,17.56521],[96.65621,17.5644],[96.65675,17.56476],[96.65666,17.56413],[96.65765,17.56395],[96.65765,17.56422],[96.65711,17.56422],[96.6572,17.56476],[96.65702,17.5653],[96.65666,17.5653],[96.65666,17.5662],[96.65603,17.56593],[96.65612,17.56682],[96.65675,17.56665],[96.65675,17.56691],[96.6572,17.56691],[96.65693,17.56638],[96.65774,17.56656],[96.65783,17.56593],[96.65828,17.56602],[96.65837,17.56647],[96.65881,17.56647],[96.65881,17.56674],[96.65774,17.56656],[96.65774,17.56682],[96.65854,17.56682],[96.65854,17.56709],[96.65801,17.56709],[96.65828,17.56772],[96.65819,17.56799],[96.65774,17.56799],[96.65774,17.56871],[96.65837,17.56952],[96.65837,17.57033],[96.65872,17.57033],[96.65872,17.56997],[96.66025,17.56997],[96.66025,17.56916],[96.66142,17.56943],[96.6625,17.56862],[96.6634,17.56862],[96.6634,17.56826],[96.6642,17.56799],[96.66384,17.56709],[96.66501,17.567],[96.66492,17.56638],[96.66537,17.56656],[96.66528,17.56718],[96.66555,17.56718],[96.66573,17.56656],[96.66627,17.56656],[96.66636,17.56602],[96.66708,17.56611],[96.66708,17.56557],[96.66672,17.56539],[96.66672,17.56512],[96.66708,17.56512],[96.66708,17.5644],[96.66654,17.5644],[96.66663,17.56512],[96.66636,17.56512],[96.666,17.56494],[96.66609,17.56395],[96.6651,17.56404],[96.6651,17.5644],[96.66573,17.56449],[96.66591,17.56548],[96.66492,17.56512],[96.66492,17.56539],[96.66429,17.56557],[96.66429,17.56521],[96.66501,17.56503],[96.66501,17.56395],[96.66447,17.56422],[96.66465,17.56368],[96.66591,17.56359],[96.6669,17.56395],[96.66708,17.56296],[96.66735,17.56296],[96.66753,17.56413],[96.66798,17.56431],[96.66789,17.56359],[96.66834,17.56323],[96.66825,17.56449],[96.6678,17.56449],[96.66798,17.56512],[96.66825,17.56512],[96.66861,17.56503],[96.66879,17.56404],[96.66852,17.56296],[96.66986,17.56296],[96.66941,17.56377],[96.66941,17.56458],[96.66977,17.56458],[96.67013,17.56422],[96.67076,17.56431],[96.67067,17.56368],[96.67121,17.5635],[96.67103,17.56305],[96.67022,17.56323],[96.67031,17.56269],[96.67157,17.56287],[96.67184,17.56287]],[[96.66349,17.56485],[96.66331,17.56575],[96.66268,17.56566],[96.66259,17.56611],[96.66232,17.56611],[96.66223,17.5653],[96.66304,17.56521],[96.66322,17.56485],[96.66349,17.56485]],[[96.6616,17.5662],[96.66205,17.56602],[96.66205,17.56638],[96.6625,17.56647],[96.66232,17.56745],[96.66169,17.56772],[96.66061,17.56745],[96.66151,17.5662],[96.6616,17.5662]],[[96.65962,17.5679],[96.65962,17.56817],[96.65872,17.56826],[96.65863,17.56898],[96.65828,17.56898],[96.65846,17.56835],[96.65819,17.56808],[96.65935,17.5679],[96.65962,17.5679]],[[96.66151,17.56009],[96.6616,17.55946],[96.66079,17.55955],[96.66079,17.55928],[96.66169,17.5591],[96.66169,17.55937],[96.66223,17.55937],[96.66232,17.5591],[96.66277,17.5591],[96.66268,17.55955],[96.66205,17.55955],[96.66205,17.56009],[96.66151,17.56009]],[[96.6625,17.55649],[96.66241,17.55533],[96.66295,17.55533],[96.66295,17.55488],[96.66322,17.55488],[96.6634,17.55622],[96.66286,17.55605],[96.66286,17.55649],[96.6625,17.55649]]],[[[96.66573,17.57033],[96.66546,17.57006],[96.66546,17.5697],[96.66582,17.5697],[96.66555,17.56862],[96.66492,17.56835],[96.66519,17.56925],[96.66474,17.56925],[96.66483,17.57024],[96.66546,17.57033],[96.66573,17.57033]]],[[[96.69124,17.57051],[96.69151,17.57033],[96.69151,17.56907],[96.69115,17.56907],[96.69115,17.56979],[96.6907,17.56979],[96.69088,17.57051],[96.69124,17.57051]]],[[[96.64175,17.57123],[96.64184,17.57033],[96.6404,17.57078],[96.6404,17.57105],[96.64148,17.57123],[96.64175,17.57123]]],[[[96.65594,17.5706],[96.65648,17.5697],[96.65495,17.56997],[96.65486,17.56934],[96.65522,17.56934],[96.65531,17.56862],[96.65531,17.56835],[96.65495,17.56835],[96.65459,17.57015],[96.65558,17.57033],[96.65585,17.57123],[96.65612,17.57123],[96.65603,17.5706],[96.65594,17.5706]]],[[[96.719,17.57123],[96.71918,17.57024],[96.71855,17.57015],[96.71873,17.57123],[96.719,17.57123]]],[[[96.65747,17.57132],[96.65765,17.57087],[96.65828,17.57078],[96.6581,17.57024],[96.65765,17.57024],[96.65738,17.56979],[96.65738,17.56943],[96.65765,17.56943],[96.65756,17.5688],[96.6572,17.5688],[96.65702,17.57006],[96.6563,17.57033],[96.65666,17.57087],[96.6572,17.57087],[96.6572,17.57132],[96.65747,17.57132]]],[[[96.71065,17.57168],[96.71146,17.57195],[96.71155,17.57114],[96.71101,17.57078],[96.71056,17.57096],[96.71065,17.57132],[96.71065,17.57168]]],[[[96.70651,17.57204],[96.70678,17.57159],[96.70678,17.56889],[96.7058,17.56862],[96.704,17.56889],[96.70382,17.57042],[96.70427,17.57114],[96.70508,17.5715],[96.70544,17.57204],[96.70625,17.57204],[96.70651,17.57204]]],[[[96.64121,17.57212],[96.64139,17.57159],[96.64013,17.57186],[96.64013,17.57212],[96.64121,17.57212]]],[[[96.63914,17.57132],[96.63923,17.57078],[96.63887,17.57105],[96.63788,17.57096],[96.63815,17.57159],[96.63869,17.57159],[96.63869,17.57212],[96.63959,17.57221],[96.63959,17.57168],[96.63923,17.57168],[96.63923,17.57132],[96.63914,17.57132]]],[[[96.71334,17.57239],[96.71334,17.57204],[96.71379,17.57195],[96.71514,17.57221],[96.71514,17.57186],[96.71541,17.57186],[96.71541,17.57221],[96.71568,17.57221],[96.71712,17.57168],[96.71765,17.57132],[96.71792,17.57051],[96.71765,17.56988],[96.7181,17.56988],[96.7181,17.56961],[96.71747,17.56952],[96.71747,17.56916],[96.71685,17.56907],[96.71685,17.56862],[96.71649,17.56853],[96.71622,17.57015],[96.71577,17.57024],[96.7155,17.57141],[96.71469,17.5715],[96.71469,17.57123],[96.71433,17.57123],[96.71307,17.5715],[96.71298,17.57239],[96.71334,17.57239]]],[[[96.69475,17.57248],[96.69457,17.57132],[96.69421,17.57132],[96.69439,17.57195],[96.69412,17.57248],[96.69475,17.57248]]],[[[96.71065,17.57168],[96.71002,17.57141],[96.7102,17.57212],[96.70993,17.57239],[96.71065,17.57257],[96.71065,17.57204],[96.71065,17.57168]]],[[[96.63447,17.57275],[96.63492,17.57266],[96.63492,17.5723],[96.63564,17.5723],[96.63573,17.57168],[96.63456,17.57212],[96.63411,17.57275],[96.63447,17.57275]]],[[[96.63842,17.57275],[96.6386,17.5723],[96.63761,17.57168],[96.63761,17.57221],[96.63806,17.5723],[96.63806,17.57275],[96.63842,17.57275]]],[[[96.69277,17.57383],[96.69304,17.57383],[96.6934,17.57293],[96.69322,17.57239],[96.69286,17.57248],[96.69277,17.57311],[96.69277,17.57383]]],[[[96.63959,17.57455],[96.64004,17.57428],[96.64004,17.57392],[96.63896,17.57365],[96.63896,17.5732],[96.63869,17.5732],[96.63896,17.57455],[96.63959,17.57455]]],[[[96.69304,17.57383],[96.69313,17.57428],[96.69376,17.57437],[96.69394,17.57491],[96.69421,17.57491],[96.69439,17.57383],[96.69331,17.57383],[96.69304,17.57383]]],[[[96.67328,17.57536],[96.67355,17.57464],[96.67453,17.57473],[96.67462,17.57401],[96.67274,17.57455],[96.67292,17.57536],[96.67328,17.57536]]],[[[96.67615,17.57635],[96.67579,17.57527],[96.67633,17.57473],[96.67471,17.57491],[96.67471,17.57536],[96.67525,17.57536],[96.67534,17.57626],[96.67588,17.57635],[96.67615,17.57635]]],[[[96.69457,17.57653],[96.69466,17.57518],[96.69358,17.57509],[96.69313,17.57464],[96.69232,17.57491],[96.69268,17.57635],[96.69421,17.57653],[96.69457,17.57653]]],[[[96.67436,17.57671],[96.67436,17.57536],[96.67391,17.57527],[96.67409,17.57671],[96.67436,17.57671]]],[[[96.64363,17.57742],[96.6439,17.57698],[96.64327,17.57671],[96.64282,17.5768],[96.64282,17.57742],[96.64363,17.57742]]],[[[96.68918,17.5785],[96.68936,17.57814],[96.69026,17.57805],[96.69035,17.5776],[96.68954,17.57769],[96.68936,17.57716],[96.68891,17.57716],[96.68864,17.57742],[96.68864,17.5785],[96.68918,17.5785]]],[[[96.67391,17.57886],[96.67391,17.57716],[96.67328,17.57725],[96.67301,17.57653],[96.67265,17.57653],[96.67283,17.5785],[96.67364,17.57886],[96.67391,17.57886]]],[[[96.69484,17.58066],[96.69556,17.58057],[96.69565,17.58021],[96.69475,17.57976],[96.69475,17.5794],[96.69367,17.57931],[96.69367,17.57904],[96.69412,17.57886],[96.69403,17.57823],[96.69457,17.57805],[96.69475,17.57841],[96.6943,17.57841],[96.69439,17.57904],[96.69502,17.57886],[96.69502,17.57967],[96.69556,17.57967],[96.69574,17.57895],[96.69538,17.57895],[96.69538,17.57868],[96.69565,17.57868],[96.69574,17.57814],[96.69529,17.57814],[96.69538,17.57734],[96.69466,17.57742],[96.69439,17.57689],[96.69367,17.57689],[96.69367,17.57769],[96.69412,17.57769],[96.69412,17.57796],[96.69358,17.57787],[96.69331,17.57841],[96.69295,17.57841],[96.69277,17.57931],[96.69313,17.57931],[96.69313,17.57976],[96.69376,17.57985],[96.69448,17.58066],[96.69484,17.58066]]],[[[96.6466,17.58183],[96.64669,17.58138],[96.64741,17.58129],[96.64669,17.58057],[96.64606,17.58075],[96.64624,17.58183],[96.6466,17.58183]]],[[[96.64022,17.58138],[96.6404,17.58057],[96.63986,17.58057],[96.63977,17.58003],[96.63896,17.58003],[96.63824,17.58048],[96.63824,17.58075],[96.63914,17.58057],[96.63914,17.58183],[96.6404,17.58201],[96.64031,17.58138],[96.64022,17.58138]]],[[[96.67319,17.58192],[96.67274,17.58066],[96.67238,17.58066],[96.67238,17.58129],[96.67211,17.58129],[96.67193,17.57967],[96.67094,17.57868],[96.67085,17.57913],[96.67166,17.57994],[96.67166,17.58039],[96.67094,17.58075],[96.67139,17.5821],[96.6722,17.58219],[96.6722,17.58156],[96.67247,17.58156],[96.67247,17.58219],[96.67328,17.58219],[96.67328,17.58192],[96.67319,17.58192]]],[[[96.64884,17.58299],[96.65028,17.58264],[96.65028,17.58237],[96.64992,17.58237],[96.64956,17.58084],[96.6501,17.58084],[96.65064,17.58255],[96.65109,17.58255],[96.65127,17.58183],[96.6519,17.58183],[96.65109,17.57886],[96.65091,17.57859],[96.65028,17.57877],[96.65028,17.57823],[96.65064,17.57823],[96.65064,17.57796],[96.64947,17.57814],[96.64947,17.57913],[96.64893,17.57877],[96.64938,17.57796],[96.6492,17.57742],[96.64974,17.57742],[96.64974,17.57653],[96.64938,17.5759],[96.64821,17.57689],[96.64812,17.57805],[96.64785,17.57805],[96.64759,17.57734],[96.64687,17.57751],[96.64714,17.57931],[96.6475,17.57976],[96.64821,17.57958],[96.64821,17.57994],[96.64875,17.57994],[96.64875,17.58156],[96.64794,17.58147],[96.64794,17.58183],[96.64884,17.58183],[96.64857,17.58299],[96.64884,17.58299]],[[96.64902,17.58003],[96.64902,17.57976],[96.65028,17.57931],[96.65073,17.57949],[96.651,17.5803],[96.64956,17.58048],[96.64911,17.58003],[96.64902,17.58003]]],[[[96.64058,17.58344],[96.64076,17.58281],[96.63977,17.58264],[96.63977,17.58335],[96.64013,17.58344],[96.64058,17.58344]]],[[[96.69493,17.58434],[96.69502,17.58335],[96.69627,17.58326],[96.69627,17.58273],[96.69556,17.58281],[96.69556,17.58246],[96.69475,17.58237],[96.69466,17.58389],[96.69439,17.58389],[96.6943,17.58434],[96.69448,17.58461],[96.69511,17.58461],[96.69511,17.58434],[96.69493,17.58434]]],[[[96.6342,17.58488],[96.6342,17.58461],[96.63492,17.58452],[96.63483,17.58398],[96.6333,17.58398],[96.6333,17.58434],[96.63384,17.58434],[96.63393,17.58488],[96.6342,17.58488]]],[[[96.68505,17.58497],[96.68514,17.58416],[96.68424,17.58407],[96.68424,17.58452],[96.68469,17.58452],[96.68496,17.58551],[96.68567,17.58551],[96.68549,17.58497],[96.68505,17.58497]]],[[[96.68801,17.58659],[96.68828,17.58641],[96.68801,17.58596],[96.68819,17.58506],[96.68729,17.58551],[96.68729,17.58515],[96.68684,17.58497],[96.68684,17.58578],[96.68756,17.58605],[96.68765,17.58659],[96.68801,17.58659]]],[[[96.63447,17.58641],[96.6342,17.58668],[96.63447,17.58641],[96.63429,17.58551],[96.63402,17.58551],[96.63402,17.58596],[96.63366,17.58596],[96.63348,17.58542],[96.63276,17.58569],[96.63276,17.58623],[96.63312,17.58623],[96.63294,17.58677],[96.63366,17.58677],[96.63366,17.58704],[96.63474,17.58704],[96.63483,17.58641],[96.63447,17.58641]]],[[[96.69088,17.58713],[96.69124,17.58677],[96.69115,17.58569],[96.69052,17.5856],[96.69088,17.58596],[96.69061,17.58713],[96.69088,17.58713]]],[[[96.69259,17.58713],[96.69304,17.58677],[96.69313,17.58623],[96.69349,17.58623],[96.69322,17.58686],[96.69358,17.58686],[96.69376,17.58551],[96.69313,17.5856],[96.69295,17.58524],[96.69232,17.58524],[96.69223,17.58578],[96.69178,17.58587],[96.69178,17.58641],[96.69232,17.58713],[96.69259,17.58713]]],[[[96.63618,17.58794],[96.63681,17.58758],[96.63743,17.58569],[96.63717,17.58569],[96.63681,17.58461],[96.63537,17.58434],[96.6351,17.58542],[96.63537,17.5865],[96.63501,17.58713],[96.63519,17.58758],[96.63591,17.58794],[96.63618,17.58794]]],[[[96.6863,17.5874],[96.68621,17.5865],[96.68594,17.5865],[96.68585,17.5874],[96.68621,17.5874],[96.68621,17.58794],[96.68657,17.58794],[96.68657,17.5874],[96.6863,17.5874]]],[[[96.68882,17.58803],[96.68891,17.5874],[96.68981,17.58776],[96.68963,17.58686],[96.68891,17.58677],[96.68891,17.58713],[96.68837,17.58731],[96.68846,17.58803],[96.68882,17.58803]]],[[[96.74209,17.5882],[96.74218,17.58722],[96.74272,17.58713],[96.74263,17.58614],[96.74182,17.5865],[96.74191,17.58704],[96.7411,17.58785],[96.7411,17.58811],[96.74155,17.5882],[96.74209,17.5882]]],[[[96.68253,17.5891],[96.6828,17.58883],[96.68262,17.58829],[96.6819,17.58847],[96.6819,17.58892],[96.68226,17.5891],[96.68253,17.5891]]],[[[96.62926,17.58964],[96.6298,17.58937],[96.62953,17.58874],[96.62845,17.58901],[96.62845,17.58964],[96.62926,17.58964]]],[[[96.6687,17.59027],[96.66879,17.58928],[96.6678,17.58919],[96.6678,17.58955],[96.66843,17.58982],[96.66843,17.59027],[96.6687,17.59027]]],[[[96.74164,17.59],[96.74182,17.58901],[96.74047,17.58874],[96.74047,17.59009],[96.742,17.59027],[96.742,17.59],[96.74164,17.59]]],[[[96.68666,17.59072],[96.68702,17.59009],[96.68819,17.58982],[96.68801,17.5891],[96.68882,17.58946],[96.68882,17.5891],[96.68972,17.58901],[96.69026,17.58964],[96.69052,17.58964],[96.69061,17.58919],[96.69008,17.58919],[96.69008,17.58865],[96.68927,17.58829],[96.68846,17.58829],[96.68828,17.58883],[96.68765,17.58865],[96.68765,17.58838],[96.6881,17.58838],[96.68819,17.58767],[96.68792,17.58767],[96.68702,17.58865],[96.68711,17.58919],[96.68639,17.59009],[96.68639,17.59072],[96.68666,17.59072]]],[[[96.74362,17.59072],[96.74415,17.58955],[96.74433,17.58776],[96.74397,17.58776],[96.74362,17.58838],[96.74263,17.58856],[96.74272,17.5891],[96.7438,17.58937],[96.74317,17.59072],[96.74362,17.59072]]],[[[96.69304,17.59126],[96.69385,17.59045],[96.69349,17.59],[96.69358,17.58892],[96.69313,17.58874],[96.69268,17.58874],[96.69268,17.58901],[96.69313,17.58901],[96.69331,17.58964],[96.6925,17.58973],[96.69295,17.59018],[96.69295,17.59045],[96.6925,17.59045],[96.69268,17.59126],[96.69304,17.59126]]],[[[96.63833,17.59153],[96.63833,17.59117],[96.63869,17.59117],[96.63869,17.59009],[96.63761,17.59054],[96.63761,17.59108],[96.63806,17.59153],[96.63833,17.59153]]],[[[96.62198,17.59099],[96.62225,17.59045],[96.6218,17.59045],[96.6218,17.59018],[96.62216,17.59018],[96.62225,17.58955],[96.62171,17.58946],[96.62144,17.58982],[96.62135,17.59153],[96.62207,17.59162],[96.62207,17.59099],[96.62198,17.59099]]],[[[96.63636,17.59081],[96.636,17.59045],[96.63618,17.58964],[96.63411,17.58964],[96.63402,17.59027],[96.63438,17.59027],[96.63438,17.59063],[96.63483,17.59063],[96.63483,17.59027],[96.63564,17.59045],[96.63555,17.59162],[96.63654,17.59171],[96.63645,17.59081],[96.63636,17.59081]]],[[[96.67777,17.5918],[96.67894,17.59117],[96.67894,17.5909],[96.67777,17.59081],[96.6775,17.58892],[96.67723,17.58892],[96.67687,17.58955],[96.67714,17.58964],[96.67705,17.59036],[96.67741,17.59072],[96.67669,17.5909],[96.67633,17.59054],[96.67597,17.59117],[96.67651,17.59108],[96.67669,17.5918],[96.6775,17.5918],[96.67777,17.5918]]],[[[96.74478,17.59216],[96.74469,17.59135],[96.74388,17.59135],[96.74362,17.59216],[96.74442,17.59216],[96.74478,17.59216]]],[[[96.69421,17.59207],[96.69421,17.59117],[96.69376,17.59072],[96.69349,17.59234],[96.6943,17.59243],[96.6943,17.59207],[96.69421,17.59207]]],[[[96.62935,17.59252],[96.62971,17.59162],[96.62917,17.59153],[96.62917,17.5909],[96.62863,17.59054],[96.62863,17.5918],[96.62899,17.5918],[96.62899,17.59252],[96.62935,17.59252]]],[[[96.68469,17.59306],[96.68469,17.59234],[96.68397,17.59225],[96.68388,17.59297],[96.68442,17.59306],[96.68469,17.59306]]],[[[96.73966,17.59306],[96.74011,17.59297],[96.74011,17.59243],[96.73975,17.59243],[96.73948,17.59189],[96.74002,17.59207],[96.74047,17.59198],[96.74047,17.59171],[96.73903,17.59135],[96.73894,17.59234],[96.73948,17.59252],[96.7393,17.59306],[96.73966,17.59306]]],[[[96.6837,17.59431],[96.6837,17.5935],[96.68334,17.59324],[96.68271,17.59333],[96.6828,17.59225],[96.68316,17.59189],[96.681,17.59207],[96.68091,17.59243],[96.68217,17.59225],[96.68226,17.59279],[96.68145,17.5927],[96.68145,17.59297],[96.68199,17.59306],[96.68208,17.59386],[96.6828,17.59377],[96.68316,17.59431],[96.6837,17.59431]]],[[[96.68145,17.59404],[96.68163,17.5935],[96.68073,17.59333],[96.68109,17.59431],[96.68181,17.5944],[96.68172,17.59404],[96.68145,17.59404]]],[[[96.73966,17.59476],[96.73966,17.59413],[96.7393,17.59413],[96.73939,17.59333],[96.73894,17.59333],[96.73885,17.59261],[96.73832,17.59261],[96.73841,17.59342],[96.73778,17.59306],[96.7376,17.59368],[96.73867,17.59368],[96.73841,17.5944],[96.73858,17.59467],[96.7393,17.59449],[96.7393,17.59476],[96.73966,17.59476]]],[[[96.65109,17.59494],[96.65109,17.59467],[96.6519,17.59476],[96.65208,17.59404],[96.65181,17.59431],[96.65073,17.59422],[96.65082,17.59494],[96.65109,17.59494]]],[[[96.64588,17.59018],[96.64624,17.59072],[96.64552,17.59063],[96.64588,17.58991],[96.64687,17.59009],[96.64696,17.58955],[96.6483,17.58928],[96.6483,17.58829],[96.64759,17.5882],[96.64633,17.58883],[96.64606,17.58874],[96.64579,17.58776],[96.64624,17.58731],[96.64624,17.58668],[96.64848,17.58641],[96.64848,17.58578],[96.64678,17.58569],[96.6466,17.58623],[96.64606,17.58632],[96.64669,17.58524],[96.64768,17.58533],[96.64759,17.5847],[96.64714,17.58425],[96.64615,17.58407],[96.64588,17.58273],[96.64561,17.58273],[96.64561,17.58335],[96.64525,17.58335],[96.64525,17.58281],[96.64489,17.58281],[96.64489,17.58246],[96.64408,17.58255],[96.64408,17.58228],[96.64462,17.58228],[96.64435,17.58192],[96.64381,17.5821],[96.64435,17.58111],[96.64363,17.58129],[96.64247,17.58057],[96.64247,17.58093],[96.6422,17.58093],[96.64238,17.5821],[96.643,17.58201],[96.64309,17.58246],[96.64354,17.58246],[96.64345,17.58335],[96.64229,17.58407],[96.64175,17.58407],[96.64175,17.58443],[96.64049,17.58425],[96.64013,17.5838],[96.63923,17.58389],[96.63905,17.58551],[96.63986,17.5856],[96.63986,17.58515],[96.64121,17.58452],[96.64121,17.58569],[96.64157,17.58641],[96.64238,17.5865],[96.64238,17.58695],[96.64318,17.58704],[96.643,17.58632],[96.64336,17.58623],[96.64336,17.58668],[96.6439,17.58668],[96.6439,17.58695],[96.64273,17.58758],[96.64139,17.58758],[96.64193,17.58901],[96.64139,17.58892],[96.64112,17.58785],[96.64049,17.58794],[96.64049,17.5874],[96.64112,17.5874],[96.64112,17.58713],[96.64022,17.58686],[96.64013,17.58722],[96.63977,17.58722],[96.63932,17.58695],[96.63932,17.58776],[96.63995,17.58874],[96.64085,17.58838],[96.64076,17.58928],[96.64184,17.58928],[96.64148,17.58964],[96.64049,17.58955],[96.64058,17.59009],[96.64094,17.59009],[96.64103,17.59063],[96.64139,17.59063],[96.64148,17.59099],[96.64085,17.59072],[96.64076,17.59126],[96.64112,17.59126],[96.64112,17.59171],[96.64076,17.59189],[96.6404,17.59189],[96.64031,17.59126],[96.64004,17.59126],[96.64013,17.59189],[96.63986,17.59216],[96.64049,17.59216],[96.64049,17.59288],[96.64076,17.59288],[96.64076,17.59216],[96.64139,17.59207],[96.6413,17.5927],[96.64166,17.5927],[96.64166,17.59306],[96.64103,17.59297],[96.64058,17.59342],[96.64121,17.5935],[96.64184,17.59422],[96.64238,17.59422],[96.64247,17.59494],[96.64273,17.59494],[96.64264,17.59431],[96.64399,17.59431],[96.64381,17.59521],[96.64417,17.59521],[96.64417,17.59494],[96.64471,17.59494],[96.64462,17.59368],[96.64597,17.59315],[96.64597,17.59261],[96.64444,17.59234],[96.64444,17.59189],[96.64498,17.59198],[96.6457,17.59108],[96.64651,17.5909],[96.64642,17.59018],[96.64588,17.59018]],[[96.64345,17.58452],[96.64318,17.58416],[96.64345,17.58362],[96.64426,17.58398],[96.64408,17.58452],[96.64345,17.58452]]],[[[96.65369,17.5953],[96.65414,17.59368],[96.65468,17.59377],[96.65468,17.59288],[96.65396,17.59297],[96.65387,17.59261],[96.65307,17.5927],[96.65253,17.59476],[96.65253,17.59521],[96.65333,17.5953],[96.65369,17.5953]]],[[[96.82312,17.59548],[96.82348,17.59512],[96.82321,17.59458],[96.82294,17.59458],[96.82285,17.59512],[96.82249,17.59512],[96.82249,17.59548],[96.82312,17.59548]]],[[[96.65648,17.59566],[96.65621,17.59368],[96.65558,17.59306],[96.65558,17.59261],[96.65504,17.59243],[96.65486,17.59368],[96.65513,17.59449],[96.65468,17.59449],[96.65441,17.59584],[96.65531,17.59566],[96.65531,17.5962],[96.65675,17.59647],[96.65657,17.59566],[96.65648,17.59566]]],[[[96.67732,17.59656],[96.67741,17.59575],[96.67678,17.59584],[96.67615,17.59548],[96.67588,17.5962],[96.67633,17.59656],[96.67732,17.59656]]],[[[96.65828,17.59674],[96.65828,17.59647],[96.65881,17.59638],[96.65881,17.59557],[96.65926,17.59557],[96.65935,17.59485],[96.6589,17.59458],[96.6589,17.59413],[96.65837,17.59422],[96.65837,17.59306],[96.65612,17.59252],[96.65711,17.59584],[96.65756,17.5962],[96.65765,17.59674],[96.65828,17.59674]]],[[[96.63627,17.59683],[96.63654,17.59611],[96.63618,17.59611],[96.63618,17.59584],[96.63654,17.59584],[96.63654,17.59548],[96.63725,17.59557],[96.63725,17.59503],[96.63663,17.59485],[96.63663,17.59458],[96.63555,17.59467],[96.63591,17.59683],[96.63627,17.59683]]],[[[96.8277,17.59701],[96.82779,17.59593],[96.82896,17.59584],[96.82887,17.5953],[96.82931,17.5953],[96.82931,17.59566],[96.82994,17.59539],[96.82958,17.59494],[96.82896,17.59503],[96.82896,17.59449],[96.8286,17.59449],[96.82896,17.59413],[96.82896,17.59359],[96.82806,17.59368],[96.82833,17.59315],[96.82788,17.59315],[96.82788,17.59288],[96.82905,17.59306],[96.82905,17.5927],[96.82851,17.59279],[96.82851,17.59252],[96.82913,17.59252],[96.82896,17.5918],[96.82842,17.59144],[96.82734,17.5918],[96.8277,17.59395],[96.82734,17.59386],[96.82716,17.59279],[96.82644,17.59279],[96.82635,17.59359],[96.8268,17.59368],[96.82671,17.59449],[96.82743,17.59485],[96.82806,17.59467],[96.8286,17.59521],[96.8286,17.59557],[96.82824,17.59557],[96.82824,17.59521],[96.82779,17.59548],[96.82716,17.5953],[96.82743,17.59701],[96.8277,17.59701]]],[[[96.65729,17.59755],[96.65792,17.59737],[96.65792,17.59701],[96.65603,17.59674],[96.65603,17.59719],[96.65666,17.5971],[96.65702,17.59755],[96.65729,17.59755]]],[[[96.82455,17.59773],[96.82428,17.59665],[96.82401,17.59665],[96.82401,17.59728],[96.82366,17.59764],[96.8241,17.59773],[96.82455,17.59773]]],[[[96.82608,17.59818],[96.82698,17.59773],[96.82689,17.59719],[96.82635,17.59737],[96.8268,17.59665],[96.82626,17.59656],[96.82599,17.59728],[96.82545,17.5971],[96.82536,17.59665],[96.82599,17.59656],[96.82599,17.59539],[96.82653,17.59539],[96.82644,17.59485],[96.82599,17.59485],[96.82581,17.59539],[96.82482,17.59539],[96.82455,17.59647],[96.825,17.59818],[96.82608,17.59818]]],[[[96.64597,17.59872],[96.64633,17.59701],[96.64678,17.59701],[96.64678,17.59674],[96.64516,17.59638],[96.64489,17.59692],[96.64525,17.59746],[96.64471,17.59764],[96.64471,17.59827],[96.64552,17.59872],[96.64597,17.59872]]],[[[96.67732,17.5988],[96.6775,17.59809],[96.67687,17.59764],[96.67687,17.59719],[96.67642,17.59719],[96.67642,17.59755],[96.67678,17.59764],[96.67705,17.59934],[96.67741,17.59934],[96.67741,17.5988],[96.67732,17.5988]]],[[[96.68091,17.59952],[96.68181,17.59943],[96.68181,17.59916],[96.67975,17.59898],[96.67983,17.59934],[96.68064,17.59952],[96.68091,17.59952]]],[[[96.69376,17.59952],[96.69394,17.59898],[96.6943,17.59898],[96.69403,17.59809],[96.69322,17.59845],[96.69304,17.59916],[96.69241,17.59925],[96.69241,17.59952],[96.69349,17.59952],[96.69376,17.59952]]],[[[96.64094,17.5997],[96.64184,17.59952],[96.64202,17.59809],[96.64022,17.598],[96.64013,17.59898],[96.64067,17.5997],[96.64094,17.5997]]],[[[96.82869,17.59916],[96.8286,17.59889],[96.8277,17.59907],[96.82725,17.59827],[96.82671,17.59827],[96.82725,17.59943],[96.82887,17.5997],[96.82878,17.59916],[96.82869,17.59916]]],[[[96.63806,17.59934],[96.63788,17.598],[96.63824,17.598],[96.63824,17.59827],[96.6386,17.59827],[96.6386,17.598],[96.63833,17.598],[96.63833,17.59737],[96.63797,17.59737],[96.6377,17.598],[96.63743,17.598],[96.63752,17.59872],[96.63681,17.59863],[96.63672,17.59898],[96.63779,17.59907],[96.63788,17.59988],[96.63824,17.59988],[96.63824,17.59934],[96.63806,17.59934]]],[[[96.64965,17.59997],[96.64992,17.59961],[96.651,17.59952],[96.65082,17.59907],[96.65037,17.59907],[96.65064,17.59845],[96.65019,17.59845],[96.64965,17.59782],[96.64938,17.59782],[96.64947,17.59872],[96.64893,17.59898],[96.64902,17.59997],[96.64965,17.59997]]],[[[96.63537,17.60015],[96.63537,17.59979],[96.636,17.59997],[96.63609,17.59961],[96.63591,17.59863],[96.63546,17.59854],[96.63519,17.59854],[96.63501,17.60015],[96.63537,17.60015]]],[[[96.6863,17.60042],[96.68657,17.60006],[96.68621,17.60006],[96.68621,17.59979],[96.68693,17.59988],[96.68684,17.59907],[96.68558,17.59898],[96.6854,17.59961],[96.68603,17.59934],[96.68603,17.60042],[96.6863,17.60042]]],[[[96.6766,17.6006],[96.67687,17.60024],[96.67642,17.60024],[96.67633,17.5997],[96.67597,17.59961],[96.67597,17.60051],[96.67624,17.6006],[96.6766,17.6006]]],[[[96.82878,17.60078],[96.82922,17.6006],[96.82922,17.60006],[96.82994,17.60006],[96.82967,17.6006],[96.8303,17.60051],[96.83102,17.59889],[96.83102,17.59863],[96.82994,17.59845],[96.82994,17.59791],[96.82958,17.59773],[96.82931,17.59773],[96.82905,17.59836],[96.82967,17.59898],[96.82985,17.59979],[96.8294,17.59979],[96.8294,17.59952],[96.82869,17.59979],[96.82842,17.60078],[96.82878,17.60078]]],[[[96.69421,17.59997],[96.69448,17.59997],[96.69448,17.60042],[96.69421,17.60042],[96.69421,17.59997],[96.69385,17.59997],[96.69349,17.60024],[96.6934,17.60087],[96.69475,17.60078],[96.69484,17.60042],[96.69538,17.60042],[96.69556,17.59907],[96.69591,17.59925],[96.69565,17.60024],[96.69708,17.60006],[96.69708,17.59961],[96.69663,17.59961],[96.69663,17.59934],[96.69717,17.59934],[96.69717,17.59889],[96.69654,17.59898],[96.69654,17.59836],[96.69609,17.59836],[96.69609,17.5988],[96.69511,17.5988],[96.69529,17.59934],[96.69466,17.59916],[96.69457,17.5997],[96.69421,17.5997],[96.69421,17.59997]]],[[[96.68415,17.60096],[96.68424,17.59997],[96.68397,17.59997],[96.68397,17.59952],[96.68307,17.59943],[96.68307,17.59979],[96.68379,17.60033],[96.68352,17.60096],[96.68415,17.60096]]],[[[96.64965,17.60078],[96.6492,17.60033],[96.64848,17.60069],[96.64857,17.60006],[96.64777,17.59979],[96.64785,17.60114],[96.64938,17.60078],[96.64965,17.60078]]],[[[96.66322,17.60123],[96.66322,17.60078],[96.66376,17.60078],[96.66384,17.60015],[96.66429,17.60006],[96.66384,17.59925],[96.66277,17.59952],[96.66286,17.60123],[96.66322,17.60123]]],[[[96.64965,17.60078],[96.64965,17.60123],[96.65001,17.60123],[96.65001,17.6015],[96.65073,17.60123],[96.65064,17.60078],[96.64965,17.60078]]],[[[96.66645,17.60177],[96.6669,17.60168],[96.66672,17.60078],[96.66609,17.60114],[96.66519,17.60087],[96.66528,17.60159],[96.66609,17.6015],[96.66618,17.60177],[96.66645,17.60177]]],[[[96.66223,17.60195],[96.66259,17.60141],[96.66232,17.60141],[96.66214,17.6006],[96.66187,17.6006],[96.66178,17.60105],[96.66187,17.60195],[96.66223,17.60195]]],[[[96.67139,17.60195],[96.67175,17.60159],[96.67166,17.60114],[96.67103,17.60123],[96.67094,17.60051],[96.67157,17.60042],[96.67121,17.59961],[96.67013,17.59943],[96.67013,17.59988],[96.67076,17.59988],[96.67067,17.60069],[96.66986,17.6006],[96.66995,17.59889],[96.66923,17.5988],[96.66977,17.60141],[96.6704,17.6015],[96.6704,17.60195],[96.67067,17.60195],[96.67067,17.6015],[96.67103,17.6015],[96.67103,17.60195],[96.67139,17.60195]]],[[[96.70544,17.60132],[96.70544,17.60096],[96.70651,17.60105],[96.70625,17.60042],[96.70481,17.60069],[96.70481,17.60114],[96.70526,17.60132],[96.70526,17.60195],[96.70571,17.60195],[96.70553,17.60132],[96.70544,17.60132]]],[[[96.69574,17.60231],[96.69574,17.60204],[96.69672,17.60186],[96.69681,17.60069],[96.69627,17.6006],[96.69609,17.60105],[96.69538,17.60132],[96.69547,17.60231],[96.69574,17.60231]]],[[[96.65235,17.60267],[96.65253,17.60114],[96.6528,17.60114],[96.65271,17.60231],[96.65378,17.60213],[96.65378,17.60177],[96.65342,17.60168],[96.65369,17.59979],[96.65298,17.59997],[96.65298,17.6006],[96.65262,17.6006],[96.65262,17.60033],[96.65181,17.60051],[96.65172,17.60132],[96.65109,17.6015],[96.65109,17.60231],[96.65208,17.60267],[96.65235,17.60267]]],[[[96.65531,17.60312],[96.65612,17.60303],[96.65612,17.60276],[96.65747,17.60285],[96.65747,17.60204],[96.65639,17.60186],[96.65639,17.6015],[96.65576,17.6015],[96.65576,17.60177],[96.65459,17.6015],[96.65441,17.6024],[96.65477,17.60267],[96.65477,17.60312],[96.65531,17.60312]]],[[[96.64345,17.6033],[96.64354,17.60276],[96.64318,17.60276],[96.64318,17.6024],[96.64363,17.6024],[96.64345,17.60186],[96.64372,17.60159],[96.6422,17.60132],[96.64193,17.60303],[96.64255,17.6033],[96.64318,17.60294],[96.64318,17.6033],[96.64345,17.6033]]],[[[96.64426,17.6033],[96.64516,17.60294],[96.64534,17.60186],[96.64417,17.60177],[96.6439,17.6033],[96.64426,17.6033]]],[[[96.6475,17.60339],[96.6475,17.60267],[96.6483,17.60276],[96.64848,17.6024],[96.64687,17.60195],[96.64723,17.60339],[96.6475,17.60339]]],[[[96.66609,17.60339],[96.66654,17.6033],[96.66654,17.60303],[96.66708,17.60321],[96.66708,17.60267],[96.666,17.60231],[96.666,17.60267],[96.66483,17.60285],[96.6651,17.6015],[96.66384,17.60114],[96.66411,17.60213],[96.66376,17.60213],[96.66367,17.60249],[96.66429,17.60258],[96.66438,17.60312],[96.66582,17.60339],[96.66609,17.60339]]],[[[96.64642,17.60348],[96.64687,17.60303],[96.64642,17.60303],[96.64651,17.60231],[96.6457,17.60186],[96.64552,17.60321],[96.64615,17.60312],[96.64615,17.60348],[96.64642,17.60348]]],[[[96.63905,17.6033],[96.63941,17.60249],[96.63896,17.6024],[96.63896,17.60204],[96.63941,17.60204],[96.63941,17.60177],[96.6386,17.60186],[96.63797,17.60249],[96.6377,17.60249],[96.6377,17.60186],[96.63717,17.60204],[96.63717,17.6024],[96.63806,17.6033],[96.63941,17.60375],[96.63941,17.60402],[96.63977,17.60402],[96.63959,17.6033],[96.63905,17.6033]]],[[[96.6916,17.60437],[96.69196,17.60384],[96.69187,17.60303],[96.6916,17.60303],[96.6916,17.60348],[96.69097,17.60357],[96.69133,17.60437],[96.6916,17.60437]]],[[[96.82878,17.60482],[96.83093,17.60428],[96.83093,17.60375],[96.82976,17.60366],[96.82976,17.60339],[96.82931,17.60339],[96.82931,17.60366],[96.82869,17.60348],[96.82922,17.60294],[96.82976,17.60294],[96.82967,17.60168],[96.82994,17.60168],[96.83012,17.60294],[96.83066,17.60294],[96.83084,17.6024],[96.83291,17.60231],[96.83264,17.60159],[96.83138,17.60195],[96.83129,17.60141],[96.82958,17.60087],[96.82931,17.60195],[96.82842,17.60186],[96.82833,17.60213],[96.82824,17.60357],[96.8286,17.60357],[96.82842,17.60482],[96.82878,17.60482]]],[[[96.64336,17.605],[96.64354,17.60473],[96.64444,17.60473],[96.64444,17.60428],[96.64273,17.60437],[96.64291,17.605],[96.64336,17.605]]],[[[96.70121,17.605],[96.70184,17.60491],[96.70202,17.60437],[96.70229,17.60437],[96.70229,17.60384],[96.70292,17.60393],[96.70319,17.60339],[96.70364,17.60339],[96.70355,17.60195],[96.70328,17.60195],[96.70292,17.60303],[96.70077,17.60276],[96.70077,17.60428],[96.69942,17.60455],[96.69942,17.60482],[96.70095,17.605],[96.70121,17.605]]],[[[96.73284,17.60536],[96.73319,17.60527],[96.73328,17.6041],[96.734,17.6041],[96.73409,17.60348],[96.73544,17.60339],[96.73544,17.60366],[96.73607,17.60375],[96.7358,17.60455],[96.73634,17.60437],[96.73652,17.60366],[96.73616,17.60366],[96.73598,17.60285],[96.73535,17.60294],[96.73544,17.60258],[96.73616,17.60249],[96.73616,17.60204],[96.73553,17.60186],[96.73571,17.60132],[96.73526,17.60132],[96.73553,17.60078],[96.73517,17.60033],[96.73436,17.60033],[96.73346,17.60195],[96.73346,17.60249],[96.7323,17.60366],[96.73185,17.60491],[96.73239,17.60509],[96.73239,17.60536],[96.73284,17.60536]]],[[[96.69636,17.60527],[96.69618,17.60599],[96.69762,17.60599],[96.69762,17.60572],[96.69663,17.60527],[96.69636,17.60527]]],[[[96.69259,17.60608],[96.69295,17.6059],[96.69277,17.60509],[96.69367,17.605],[96.69367,17.60473],[96.69277,17.60446],[96.69196,17.60482],[96.69205,17.60608],[96.69259,17.60608]]],[[[96.68217,17.60635],[96.68289,17.60617],[96.68325,17.60572],[96.68334,17.60419],[96.68361,17.60393],[96.68235,17.60393],[96.68235,17.60348],[96.68154,17.60339],[96.68136,17.60231],[96.68217,17.60213],[96.68226,17.6015],[96.68154,17.60141],[96.68136,17.60069],[96.68172,17.60069],[96.68181,17.60123],[96.68217,17.60114],[96.68217,17.60069],[96.68208,17.60042],[96.68073,17.60042],[96.68073,17.60096],[96.68109,17.60096],[96.68109,17.60132],[96.68055,17.60123],[96.68073,17.60213],[96.68028,17.60186],[96.68028,17.60141],[96.67992,17.60141],[96.67992,17.60096],[96.67948,17.60087],[96.67939,17.60141],[96.67975,17.60141],[96.67975,17.60168],[96.67948,17.60168],[96.67939,17.60231],[96.67983,17.60276],[96.68028,17.60276],[96.6801,17.60366],[96.68037,17.60428],[96.68172,17.60428],[96.68172,17.60455],[96.68109,17.60473],[96.68046,17.60464],[96.68091,17.60554],[96.68082,17.60617],[96.68145,17.60635],[96.68217,17.60635]]],[[[96.83147,17.60635],[96.83183,17.60581],[96.83111,17.60581],[96.83111,17.60554],[96.83147,17.60554],[96.83129,17.60482],[96.8303,17.605],[96.8303,17.60563],[96.8286,17.60581],[96.8286,17.60608],[96.82958,17.60608],[96.83075,17.60572],[96.8312,17.60635],[96.83147,17.60635]]],[[[96.65504,17.6068],[96.65513,17.60635],[96.65576,17.60608],[96.65567,17.60509],[96.65504,17.60563],[96.65459,17.6068],[96.65504,17.6068]]],[[[96.64785,17.60662],[96.64785,17.60617],[96.64821,17.60617],[96.64794,17.60554],[96.64866,17.60536],[96.64875,17.60446],[96.64821,17.6041],[96.64821,17.60375],[96.64768,17.60384],[96.64768,17.6041],[96.64741,17.6041],[96.64741,17.60375],[96.64687,17.60375],[96.64687,17.60482],[96.64741,17.60482],[96.64741,17.60518],[96.64687,17.60509],[96.64678,17.60536],[96.64723,17.60608],[96.64705,17.60689],[96.64812,17.60716],[96.64794,17.60662],[96.64785,17.60662]]],[[[96.69124,17.60734],[96.69169,17.60725],[96.69169,17.60689],[96.69097,17.60689],[96.69106,17.60635],[96.6907,17.60635],[96.6907,17.6068],[96.69008,17.60662],[96.69008,17.60725],[96.69088,17.60734],[96.69124,17.60734]]],[[[96.70696,17.60851],[96.70696,17.60815],[96.7075,17.60788],[96.70894,17.60779],[96.70903,17.60734],[96.70939,17.60734],[96.70939,17.60761],[96.71101,17.60752],[96.71092,17.60662],[96.7102,17.60662],[96.7102,17.60599],[96.71137,17.60608],[96.71128,17.60545],[96.71092,17.60545],[96.71092,17.60464],[96.71029,17.60464],[96.70984,17.60518],[96.70921,17.60473],[96.70822,17.60473],[96.70804,17.60518],[96.70589,17.60491],[96.70589,17.60599],[96.70553,17.60662],[96.70616,17.60671],[96.7066,17.60563],[96.70741,17.60554],[96.70741,17.6059],[96.70705,17.6059],[96.70705,17.6068],[96.70777,17.60653],[96.70795,17.60698],[96.70795,17.60743],[96.70714,17.60725],[96.7066,17.60851],[96.70696,17.60851]],[[96.70768,17.6059],[96.70786,17.60545],[96.70885,17.60581],[96.70885,17.60518],[96.7093,17.60518],[96.7093,17.60599],[96.70894,17.60599],[96.70894,17.60635],[96.70831,17.60644],[96.70831,17.60608],[96.70786,17.6059],[96.70768,17.6059]]],[[[96.70211,17.6086],[96.70193,17.60734],[96.70139,17.60734],[96.70139,17.60815],[96.70059,17.60797],[96.70068,17.6086],[96.70175,17.6086],[96.70211,17.6086]]],[[[96.69888,17.60842],[96.69888,17.60725],[96.69762,17.60716],[96.69735,17.60743],[96.69735,17.60653],[96.69654,17.6068],[96.69654,17.60716],[96.69699,17.60725],[96.69726,17.60824],[96.69807,17.60806],[96.69807,17.60851],[96.69879,17.60905],[96.69906,17.60905],[96.69897,17.60842],[96.69888,17.60842]]],[[[96.70939,17.60914],[96.71002,17.6086],[96.70993,17.60815],[96.70939,17.60869],[96.70876,17.6086],[96.70876,17.60914],[96.70939,17.60914]]],[[[96.69565,17.60932],[96.69582,17.60815],[96.69618,17.60815],[96.69591,17.60734],[96.69484,17.60707],[96.69421,17.60806],[96.69385,17.6077],[96.69331,17.60788],[96.69331,17.60761],[96.6925,17.60743],[96.69268,17.60815],[96.69295,17.60815],[96.69277,17.60878],[96.69376,17.60824],[96.69376,17.6086],[96.69439,17.60851],[96.69457,17.60941],[96.69484,17.60941],[96.69484,17.60878],[96.69511,17.60878],[96.6952,17.60967],[96.69591,17.60967],[96.69582,17.60932],[96.69565,17.60932]]],[[[96.69762,17.61021],[96.69771,17.60914],[96.69708,17.60941],[96.69717,17.60842],[96.69609,17.6086],[96.69627,17.60985],[96.69735,17.60985],[96.69735,17.61021],[96.69762,17.61021]]],[[[96.70571,17.61048],[96.70571,17.61012],[96.70616,17.61012],[96.70616,17.60985],[96.70544,17.60985],[96.70544,17.60958],[96.70651,17.60932],[96.70651,17.60878],[96.7058,17.60824],[96.70499,17.60824],[96.70481,17.60994],[96.70544,17.60994],[96.70544,17.61048],[96.70571,17.61048]]],[[[96.68648,17.61039],[96.68648,17.60994],[96.68594,17.61003],[96.68603,17.61075],[96.68666,17.61084],[96.68657,17.61039],[96.68648,17.61039]]],[[[96.70086,17.61156],[96.70104,17.61093],[96.7013,17.61093],[96.7013,17.61048],[96.70095,17.61048],[96.70095,17.61021],[96.7013,17.61021],[96.7013,17.60923],[96.70005,17.60914],[96.70005,17.60752],[96.70077,17.60761],[96.70086,17.60725],[96.69978,17.60698],[96.69978,17.60752],[96.69951,17.60752],[96.69951,17.60707],[96.69915,17.60707],[96.69915,17.6077],[96.69969,17.60958],[96.70014,17.60958],[96.70014,17.60994],[96.69969,17.60994],[96.69996,17.61156],[96.70086,17.61156]]],[[[96.83749,17.61192],[96.83749,17.61129],[96.83848,17.61102],[96.83857,17.6103],[96.83785,17.61066],[96.83731,17.61012],[96.8374,17.61075],[96.83722,17.6112],[96.83677,17.61129],[96.83677,17.61192],[96.83749,17.61192]]],[[[96.8144,17.61219],[96.81638,17.61138],[96.81611,17.61066],[96.81566,17.61039],[96.81566,17.60994],[96.81521,17.60967],[96.81521,17.60833],[96.81494,17.60806],[96.81422,17.60815],[96.81404,17.6086],[96.81341,17.6086],[96.81341,17.60941],[96.81306,17.60941],[96.81386,17.61021],[96.81431,17.61021],[96.81431,17.61057],[96.81368,17.61075],[96.81413,17.61219],[96.8144,17.61219]]],[[[96.70723,17.61237],[96.70723,17.61201],[96.70625,17.61201],[96.70634,17.61273],[96.70687,17.61228],[96.70714,17.613],[96.70741,17.613],[96.70732,17.61237],[96.70723,17.61237]]],[[[96.68909,17.61381],[96.68936,17.61264],[96.69044,17.61282],[96.69035,17.61192],[96.68981,17.61147],[96.68981,17.61093],[96.69017,17.61066],[96.68981,17.60994],[96.68927,17.60994],[96.68882,17.61066],[96.68801,17.61093],[96.68774,17.61156],[96.68603,17.61273],[96.68603,17.613],[96.68657,17.613],[96.68711,17.61291],[96.68747,17.61246],[96.68774,17.61246],[96.68774,17.61282],[96.68846,17.61255],[96.68882,17.61381],[96.68909,17.61381]]],[[[96.81737,17.61399],[96.81737,17.61345],[96.81665,17.61264],[96.81602,17.613],[96.81602,17.61219],[96.81557,17.61219],[96.81593,17.61318],[96.81566,17.61435],[96.81692,17.61399],[96.81737,17.61399]]],[[[96.67543,17.61488],[96.67543,17.61435],[96.67588,17.61435],[96.67588,17.61399],[96.67543,17.61399],[96.67543,17.61354],[96.67462,17.61381],[96.67462,17.61327],[96.67436,17.61327],[96.67445,17.61444],[96.67516,17.61426],[96.67507,17.61488],[96.67543,17.61488]]],[[[96.83273,17.61488],[96.83273,17.61444],[96.83309,17.61399],[96.83363,17.61399],[96.83372,17.61354],[96.83533,17.61408],[96.83551,17.61372],[96.83623,17.61372],[96.83623,17.61318],[96.83587,17.61264],[96.83515,17.61264],[96.83497,17.61228],[96.8347,17.61228],[96.83444,17.61327],[96.83408,17.61291],[96.83345,17.613],[96.83336,17.61255],[96.83282,17.61255],[96.83228,17.61488],[96.83273,17.61488]]],[[[96.67678,17.61462],[96.67687,17.61408],[96.67777,17.61444],[96.6775,17.61345],[96.67624,17.61354],[96.67624,17.61497],[96.67687,17.61497],[96.67687,17.61462],[96.67678,17.61462]]],[[[96.83848,17.61551],[96.83866,17.61488],[96.83902,17.61479],[96.8392,17.61318],[96.83866,17.61345],[96.83848,17.61399],[96.83821,17.61399],[96.83821,17.61354],[96.8374,17.61336],[96.83794,17.61551],[96.83848,17.61551]]],[[[96.68379,17.61569],[96.68379,17.61533],[96.68433,17.6156],[96.68451,17.61515],[96.68621,17.61515],[96.68621,17.61471],[96.68549,17.61497],[96.68585,17.61417],[96.68522,17.61417],[96.68522,17.613],[96.68558,17.61246],[96.68433,17.61237],[96.68415,17.61282],[96.6837,17.61282],[96.6837,17.61318],[96.68343,17.61318],[96.6837,17.61399],[96.68433,17.6139],[96.68433,17.61417],[96.68325,17.61435],[96.68334,17.61569],[96.68379,17.61569]]],[[[96.67247,17.61497],[96.67265,17.61435],[96.67175,17.61417],[96.6722,17.61497],[96.6722,17.61578],[96.67256,17.61578],[96.67256,17.61497],[96.67247,17.61497]]],[[[96.81737,17.61399],[96.81737,17.61488],[96.81845,17.61479],[96.8188,17.61551],[96.81818,17.61542],[96.81818,17.61569],[96.81898,17.61587],[96.81916,17.61533],[96.81845,17.61408],[96.81782,17.61399],[96.81737,17.61399]]],[[[96.68244,17.61596],[96.68253,17.61542],[96.6828,17.61542],[96.6828,17.61426],[96.68199,17.61372],[96.68145,17.61372],[96.68208,17.61596],[96.68244,17.61596]]],[[[96.82042,17.61632],[96.82051,17.61551],[96.82006,17.61551],[96.82015,17.61668],[96.82087,17.61677],[96.82069,17.61632],[96.82042,17.61632]]],[[[96.67966,17.61776],[96.67983,17.6165],[96.6793,17.6165],[96.67849,17.61587],[96.6775,17.61641],[96.6775,17.61722],[96.67813,17.61722],[96.67867,17.61776],[96.67921,17.61731],[96.67939,17.61776],[96.67966,17.61776]]],[[[96.66564,17.61821],[96.66672,17.61803],[96.66672,17.6174],[96.66618,17.6174],[96.666,17.61659],[96.66546,17.61623],[96.6651,17.61219],[96.66474,17.6121],[96.66456,17.61138],[96.6651,17.61156],[96.66564,17.61057],[96.66663,17.60994],[96.6669,17.60896],[96.66798,17.60824],[96.66798,17.60779],[96.66726,17.60725],[96.66717,17.60662],[96.66681,17.60635],[96.66519,17.60626],[96.66519,17.6059],[96.66492,17.6059],[96.66483,17.60644],[96.66429,17.60653],[96.66376,17.60716],[96.66277,17.60725],[96.66277,17.60761],[96.66214,17.60743],[96.66187,17.60887],[96.66268,17.60887],[96.66286,17.6077],[96.66322,17.6077],[96.66304,17.60851],[96.66349,17.60851],[96.66349,17.60878],[96.66304,17.60878],[96.66313,17.60949],[96.66277,17.60949],[96.66268,17.60985],[96.66232,17.60985],[96.66232,17.60958],[96.66286,17.60941],[96.66286,17.60914],[96.66214,17.60932],[96.66196,17.61039],[96.66268,17.61039],[96.66304,17.60994],[96.6642,17.60994],[96.66429,17.61048],[96.66313,17.6103],[96.66358,17.61102],[96.66358,17.61129],[96.66313,17.61129],[96.66349,17.61228],[96.66259,17.61201],[96.66259,17.61102],[96.66223,17.61066],[96.66106,17.61093],[96.66124,17.61201],[96.66178,17.61201],[96.66151,17.61138],[96.66196,17.61138],[96.66205,17.61219],[96.66115,17.61255],[96.66097,17.61399],[96.66124,17.61471],[96.66187,17.61488],[96.66196,17.61426],[96.66241,17.61426],[96.66241,17.61372],[96.66187,17.61372],[96.66187,17.61291],[96.66241,17.61345],[96.6625,17.61237],[96.66277,17.61237],[96.66277,17.613],[96.66331,17.61255],[96.66313,17.61309],[96.6634,17.61309],[96.66331,17.61381],[96.66358,17.61381],[96.66367,17.61426],[96.66331,17.61426],[96.66331,17.61587],[96.66277,17.61605],[96.66277,17.61632],[96.66322,17.61668],[96.66322,17.61614],[96.66384,17.61623],[96.66384,17.61578],[96.6642,17.61578],[96.66411,17.61632],[96.66465,17.61632],[96.66465,17.61713],[96.66411,17.61722],[96.66411,17.61749],[96.66429,17.61785],[96.66474,17.61785],[96.66483,17.61713],[96.66519,17.61713],[96.66528,17.61821],[96.66564,17.61821]]],[[[96.67804,17.61812],[96.67759,17.61812],[96.67768,17.61911],[96.67903,17.61911],[96.67804,17.61821],[96.67804,17.61812]]],[[[96.82204,17.62001],[96.82267,17.61983],[96.82294,17.61884],[96.82195,17.61884],[96.82168,17.61821],[96.82096,17.61821],[96.82069,17.61947],[96.82195,17.61947],[96.82168,17.62001],[96.82204,17.62001]]],[[[96.67256,17.62036],[96.67256,17.61794],[96.67175,17.61794],[96.67076,17.61704],[96.67031,17.61704],[96.67031,17.61668],[96.66915,17.61668],[96.66932,17.61758],[96.67049,17.61785],[96.67067,17.61893],[96.67022,17.6192],[96.67031,17.61974],[96.67112,17.61902],[96.67121,17.61803],[96.67211,17.61821],[96.67211,17.61875],[96.67157,17.61857],[96.67148,17.61911],[96.67166,17.61956],[96.67229,17.61965],[96.67229,17.62036],[96.67256,17.62036]]],[[[96.67193,17.62099],[96.67202,17.61983],[96.67148,17.61983],[96.67166,17.62099],[96.67193,17.62099]]],[[[96.82312,17.62072],[96.82312,17.62027],[96.82375,17.62018],[96.82401,17.62054],[96.82482,17.62045],[96.82482,17.62081],[96.82509,17.62081],[96.82509,17.62036],[96.82572,17.61983],[96.82572,17.61929],[96.82527,17.61929],[96.82527,17.61974],[96.82473,17.61974],[96.82473,17.61929],[96.82446,17.61929],[96.82401,17.61974],[96.82401,17.61911],[96.82366,17.61893],[96.82321,17.6192],[96.82339,17.61974],[96.82267,17.62018],[96.82267,17.62081],[96.8233,17.62099],[96.8233,17.62072],[96.82312,17.62072]]],[[[96.82725,17.62189],[96.82752,17.62162],[96.82815,17.62171],[96.82851,17.6209],[96.82725,17.62063],[96.82743,17.62126],[96.82698,17.62189],[96.82725,17.62189]]],[[[96.67346,17.62216],[96.67337,17.62144],[96.6731,17.62144],[96.67292,17.62234],[96.67328,17.62279],[96.67382,17.62279],[96.67364,17.62216],[96.67346,17.62216]]],[[[96.80668,17.62189],[96.80641,17.62216],[96.80668,17.62189],[96.80641,17.62099],[96.80695,17.62099],[96.80686,17.62045],[96.80623,17.62081],[96.80533,17.62081],[96.80542,17.62189],[96.80605,17.62198],[96.80587,17.62279],[96.80641,17.62342],[96.80731,17.62333],[96.80731,17.62306],[96.80659,17.62315],[96.80659,17.62252],[96.8074,17.62279],[96.80829,17.62243],[96.80749,17.62144],[96.80704,17.62144],[96.80704,17.62189],[96.80668,17.62189]]],[[[96.82536,17.62522],[96.82608,17.62513],[96.82644,17.62432],[96.82482,17.62387],[96.82446,17.62414],[96.82464,17.62522],[96.82536,17.62522]]],[[[96.81836,17.6262],[96.81871,17.62495],[96.81782,17.62513],[96.818,17.6262],[96.81836,17.6262]]],[[[96.82267,17.62638],[96.82321,17.62611],[96.82312,17.62557],[96.8224,17.62575],[96.8224,17.62638],[96.82267,17.62638]]],[[[96.81512,17.62647],[96.81557,17.62611],[96.81629,17.62611],[96.81629,17.6254],[96.81503,17.62566],[96.81467,17.62647],[96.81512,17.62647]]],[[[96.81943,17.62674],[96.82096,17.62656],[96.82096,17.62629],[96.82141,17.6262],[96.82132,17.62566],[96.82285,17.62548],[96.82258,17.62441],[96.81907,17.62477],[96.81889,17.62611],[96.81916,17.62674],[96.81943,17.62674]]],[[[96.81539,17.62845],[96.81557,17.62701],[96.81494,17.62701],[96.81503,17.62773],[96.8144,17.62764],[96.81485,17.62845],[96.81539,17.62845]]],[[[96.81566,17.62908],[96.81566,17.62872],[96.8153,17.62872],[96.81503,17.62935],[96.8162,17.62944],[96.81611,17.62908],[96.81566,17.62908]]],[[[96.81449,17.63582],[96.81449,17.63528],[96.81377,17.63519],[96.81359,17.63447],[96.81288,17.6342],[96.81234,17.63438],[96.81225,17.63591],[96.81261,17.63582],[96.8127,17.63537],[96.81297,17.63537],[96.81297,17.63573],[96.81413,17.63582],[96.81413,17.63608],[96.81458,17.63608],[96.81458,17.63582],[96.81449,17.63582]]],[[[96.8604,17.6739],[96.86085,17.67337],[96.86058,17.6731],[96.86058,17.67274],[96.86094,17.67274],[96.86085,17.67202],[96.8604,17.67202],[96.85995,17.67301],[96.85914,17.67319],[96.85932,17.67399],[96.85968,17.67399],[96.85986,17.67328],[96.86013,17.67328],[96.86013,17.67426],[96.86085,17.67426],[96.86049,17.6739],[96.8604,17.6739]]],[[[96.86183,17.67543],[96.86192,17.67498],[96.86264,17.67498],[96.86273,17.67426],[96.86067,17.67462],[96.86067,17.67489],[96.86147,17.67471],[96.86156,17.67543],[96.86183,17.67543]]],[[[96.86363,17.68262],[96.86399,17.68244],[96.86372,17.68163],[96.8657,17.68109],[96.86561,17.68064],[96.8648,17.68073],[96.8648,17.68046],[96.86507,17.68046],[96.86507,17.67992],[96.86588,17.67956],[96.86615,17.67884],[96.86615,17.67849],[96.86588,17.67849],[96.86534,17.67902],[96.86507,17.67831],[96.86462,17.67822],[96.86471,17.67786],[96.86516,17.67786],[96.86498,17.67696],[96.86462,17.67696],[96.86462,17.67633],[96.86426,17.67642],[96.86426,17.67687],[96.86372,17.67687],[96.86372,17.67723],[96.86183,17.67768],[96.86183,17.67813],[96.86255,17.67813],[96.86201,17.67867],[96.86264,17.67875],[96.86273,17.67911],[96.86309,17.67911],[96.86309,17.67867],[96.86336,17.67867],[96.86327,17.6792],[96.8639,17.6801],[96.8639,17.68037],[96.86309,17.68073],[96.86309,17.681],[96.86363,17.681],[96.86363,17.68136],[96.86336,17.68136],[96.86327,17.68208],[96.86282,17.68208],[96.863,17.68262],[96.86363,17.68262]]],[[[96.86507,17.68298],[96.86507,17.68244],[96.8665,17.68244],[96.86677,17.68208],[96.86677,17.68172],[96.86633,17.68172],[96.8665,17.68109],[96.86579,17.68127],[96.86579,17.68217],[96.86453,17.68217],[96.86435,17.68289],[96.8648,17.68298],[96.86507,17.68298]]],[[[96.86615,17.68423],[96.86633,17.6837],[96.86489,17.68325],[96.86525,17.68379],[96.86579,17.68379],[96.86579,17.68423],[96.86615,17.68423]]],[[[96.86516,17.68504],[96.8657,17.68495],[96.8657,17.68414],[96.86462,17.68388],[96.86453,17.68441],[96.86489,17.68504],[96.86516,17.68504]]],[[[96.86875,17.67768],[96.86866,17.6784],[96.86767,17.67884],[96.86794,17.67858],[96.86767,17.67795],[96.86839,17.67822],[96.86803,17.67759],[96.86875,17.67768],[96.86848,17.67696],[96.86767,17.67669],[96.86749,17.67741],[96.86704,17.67696],[96.86659,17.67696],[96.8665,17.67651],[96.86731,17.67678],[96.86713,17.67588],[96.86686,17.67615],[96.86615,17.67597],[96.86606,17.67714],[96.8657,17.67714],[96.8657,17.67678],[96.86534,17.67687],[96.86543,17.67786],[96.86615,17.67777],[96.86633,17.67867],[96.86695,17.6784],[96.86668,17.67768],[96.86722,17.67777],[96.86704,17.67875],[96.86633,17.67893],[96.86633,17.67965],[96.86686,17.67911],[96.86686,17.67965],[96.86749,17.67965],[96.86749,17.68064],[96.86803,17.68082],[96.86803,17.68136],[96.86866,17.68136],[96.86866,17.68172],[96.86965,17.68154],[96.87019,17.68217],[96.87019,17.68244],[96.86974,17.68244],[96.86974,17.68199],[96.86947,17.68199],[96.86839,17.68289],[96.86839,17.68325],[96.86902,17.68352],[96.87001,17.68343],[96.87001,17.6837],[96.86956,17.6837],[96.86956,17.68406],[96.86866,17.68379],[96.86866,17.68423],[96.86839,17.68423],[96.86839,17.68397],[96.86803,17.68397],[96.86803,17.6837],[96.86839,17.6837],[96.86839,17.68325],[96.86803,17.68307],[96.86749,17.68307],[96.86722,17.68397],[96.8683,17.68432],[96.86812,17.68522],[96.86857,17.68522],[96.86857,17.68477],[96.86884,17.68477],[96.86893,17.68531],[96.87001,17.6854],[96.87046,17.68504],[96.87046,17.68549],[96.87073,17.68549],[96.87118,17.68414],[96.86965,17.68441],[96.86965,17.68406],[96.8701,17.68406],[96.8701,17.6837],[96.87127,17.68388],[96.871,17.68244],[96.87198,17.68334],[96.87198,17.68271],[96.87154,17.68271],[96.87172,17.68136],[96.87118,17.68154],[96.87145,17.68037],[96.87082,17.68028],[96.871,17.67956],[96.87073,17.67875],[96.87001,17.67849],[96.86929,17.67867],[96.86911,17.67768],[96.86875,17.67768]]],[[[96.86606,17.6872],[96.86606,17.68684],[96.86659,17.68711],[96.86642,17.68639],[96.86668,17.68639],[96.86668,17.68603],[96.86704,17.68603],[96.86722,17.68648],[96.86767,17.68648],[96.86767,17.68612],[96.86642,17.68558],[96.86606,17.68558],[96.86606,17.68594],[96.86453,17.68567],[96.86453,17.68657],[96.86516,17.68657],[96.86516,17.68693],[96.86561,17.68693],[96.86561,17.6872],[96.86606,17.6872]]],[[[96.86983,17.68837],[96.87055,17.6881],[96.87064,17.68756],[96.86992,17.68756],[96.86938,17.68837],[96.86983,17.68837]]],[[[96.87189,17.68855],[96.87189,17.68729],[96.87154,17.68702],[96.87091,17.68729],[96.8701,17.68648],[96.87019,17.6872],[96.87145,17.68774],[96.87118,17.68846],[96.87163,17.68855],[96.87189,17.68855]]]]}}],"bbox":[96.50655,16.83209,96.98104,17.68855]}
