{
"type": "FeatureCollection",
"name": "floodarea",
"crs": { "type": "name", "properties": { "name": "urn:ogc:def:crs:OGC:1.3:CRS84" } },
"xy_coordinate_resolution": 1e-06,
"bbox": [ 140.301517, 35.519176, 140.316795, 35.534368 ],                                                                          
"features": [
{ "type": "Feature", "properties": { "gridcode": 1, "浸水深": "0.5m未満" }, "bbox": [ 140.301517, 35.519176, 140.316795, 35.534368 ], "geometry": { "type": "MultiPolygon", "coordinates": [ [ [ [ 140.311184, 35.519176 ], [ 140.311128, 35.519176 ], [ 140.311128, 35.519222 ], [ 140.311184, 35.519222 ], [ 140.311184, 35.519176 ] ] ], [ [ [ 140.311239, 35.519402 ], [ 140.311184, 35.519402 ], [ 140.311184, 35.519448 ], [ 140.311239, 35.519448 ], [ 140.311239, 35.519402 ] ] ], [ [ [ 140.311239, 35.519538 ], [ 140.311184, 35.519538 ], [ 140.311184, 35.519583 ], [ 140.311239, 35.519583 ], [ 140.311239, 35.519538 ] ] ], [ [ [ 140.311906, 35.519674 ], [ 140.311906, 35.519719 ], [ 140.311962, 35.519719 ], [ 140.311962, 35.519674 ], [ 140.311906, 35.519674 ] ] ], [ [ [ 140.311906, 35.519674 ], [ 140.311906, 35.519583 ], [ 140.31185, 35.519583 ], [ 140.31185, 35.519493 ], [ 140.311795, 35.519493 ], [ 140.311795, 35.519448 ], [ 140.31185, 35.519448 ], [ 140.31185, 35.519402 ], [ 140.311795, 35.519402 ], [ 140.311795, 35.519357 ], [ 140.311739, 35.519357 ], [ 140.311739, 35.519312 ], [ 140.311684, 35.519312 ], [ 140.311684, 35.519267 ], [ 140.311628, 35.519267 ], [ 140.311628, 35.519448 ], [ 140.311684, 35.519448 ], [ 140.311684, 35.519538 ], [ 140.311517, 35.519538 ], [ 140.311517, 35.519674 ], [ 140.311462, 35.519674 ], [ 140.311462, 35.519719 ], [ 140.31135, 35.519719 ], [ 140.31135, 35.519764 ], [ 140.311295, 35.519764 ], [ 140.311295, 35.519809 ], [ 140.31135, 35.519809 ], [ 140.311406, 35.519809 ], [ 140.311406, 35.5199 ], [ 140.311462, 35.5199 ], [ 140.311462, 35.51999 ], [ 140.311573, 35.51999 ], [ 140.311573, 35.5199 ], [ 140.31185, 35.5199 ], [ 140.31185, 35.519764 ], [ 140.311795, 35.519764 ], [ 140.311795, 35.519674 ], [ 140.311906, 35.519674 ] ] ], [ [ [ 140.312017, 35.520171 ], [ 140.312017, 35.520126 ], [ 140.312073, 35.520126 ], [ 140.312073, 35.520081 ], [ 140.31185, 35.520081 ], [ 140.31185, 35.520126 ], [ 140.311962, 35.520126 ], [ 140.311962, 35.520171 ], [ 140.312017, 35.520171 ] ] ], [ [ [ 140.313406, 35.520216 ], [ 140.31335, 35.520216 ], [ 140.31335, 35.520262 ], [ 140.313406, 35.520262 ], [ 140.313406, 35.520216 ] ] ], [ [ [ 140.31185, 35.520216 ], [ 140.311795, 35.520216 ], [ 140.311795, 35.520352 ], [ 140.31185, 35.520352 ], [ 140.31185, 35.520262 ], [ 140.31185, 35.520216 ] ] ], [ [ [ 140.307795, 35.520442 ], [ 140.307906, 35.520442 ], [ 140.307906, 35.520397 ], [ 140.307795, 35.520397 ], [ 140.307795, 35.520442 ] ] ], [ [ [ 140.312962, 35.520397 ], [ 140.312906, 35.520397 ], [ 140.312906, 35.520442 ], [ 140.312962, 35.520442 ], [ 140.312962, 35.520397 ] ] ], [ [ [ 140.307628, 35.520488 ], [ 140.307628, 35.520442 ], [ 140.307684, 35.520442 ], [ 140.307684, 35.520397 ], [ 140.307573, 35.520397 ], [ 140.307573, 35.520442 ], [ 140.307462, 35.520442 ], [ 140.307462, 35.520488 ], [ 140.307628, 35.520488 ] ] ], [ [ [ 140.307795, 35.520442 ], [ 140.307739, 35.520442 ], [ 140.307739, 35.520488 ], [ 140.307795, 35.520488 ], [ 140.307795, 35.520442 ] ] ], [ [ [ 140.307906, 35.520442 ], [ 140.307906, 35.520488 ], [ 140.30785, 35.520488 ], [ 140.30785, 35.520533 ], [ 140.307962, 35.520533 ], [ 140.307962, 35.520442 ], [ 140.307906, 35.520442 ] ] ], [ [ [ 140.308073, 35.520533 ], [ 140.308128, 35.520533 ], [ 140.308128, 35.520488 ], [ 140.308073, 35.520488 ], [ 140.308073, 35.520533 ] ] ], [ [ [ 140.313017, 35.520488 ], [ 140.312962, 35.520488 ], [ 140.312962, 35.520533 ], [ 140.313017, 35.520533 ], [ 140.313017, 35.520488 ] ] ], [ [ [ 140.313184, 35.520488 ], [ 140.313128, 35.520488 ], [ 140.313128, 35.520533 ], [ 140.313184, 35.520533 ], [ 140.313184, 35.520488 ] ] ], [ [ [ 140.308073, 35.520533 ], [ 140.307962, 35.520533 ], [ 140.307962, 35.520578 ], [ 140.308073, 35.520578 ], [ 140.308073, 35.520533 ] ] ], [ [ [ 140.308239, 35.520578 ], [ 140.308239, 35.520533 ], [ 140.308184, 35.520533 ], [ 140.308184, 35.520578 ], [ 140.308239, 35.520578 ] ] ], [ [ [ 140.313739, 35.520533 ], [ 140.313684, 35.520533 ], [ 140.313684, 35.520578 ], [ 140.313739, 35.520578 ], [ 140.313739, 35.520533 ] ] ], [ [ [ 140.308239, 35.520578 ], [ 140.308239, 35.520669 ], [ 140.308295, 35.520669 ], [ 140.308295, 35.520578 ], [ 140.308239, 35.520578 ] ] ], [ [ [ 140.309017, 35.520578 ], [ 140.308962, 35.520578 ], [ 140.308962, 35.520669 ], [ 140.309017, 35.520669 ], [ 140.309017, 35.520578 ] ] ], [ [ [ 140.310184, 35.520578 ], [ 140.310128, 35.520578 ], [ 140.310128, 35.520669 ], [ 140.310184, 35.520669 ], [ 140.310184, 35.520578 ] ] ], [ [ [ 140.313795, 35.520669 ], [ 140.313739, 35.520669 ], [ 140.313739, 35.520759 ], [ 140.313795, 35.520759 ], [ 140.313795, 35.520669 ] ] ], [ [ [ 140.309517, 35.520804 ], [ 140.309517, 35.520759 ], [ 140.309406, 35.520759 ], [ 140.309406, 35.520804 ], [ 140.309517, 35.520804 ] ] ], [ [ [ 140.311295, 35.520759 ], [ 140.311239, 35.520759 ], [ 140.311239, 35.520804 ], [ 140.311295, 35.520804 ], [ 140.311295, 35.520759 ] ] ], [ [ [ 140.308628, 35.520804 ], [ 140.308628, 35.520759 ], [ 140.308517, 35.520759 ], [ 140.308517, 35.520669 ], [ 140.30835, 35.520669 ], [ 140.30835, 35.520759 ], [ 140.30835, 35.520804 ], [ 140.308462, 35.520804 ], [ 140.308462, 35.520849 ], [ 140.308517, 35.520849 ], [ 140.308517, 35.520804 ], [ 140.308628, 35.520804 ] ] ], [ [ [ 140.308628, 35.520804 ], [ 140.308628, 35.520849 ], [ 140.308739, 35.520849 ], [ 140.308739, 35.520804 ], [ 140.308628, 35.520804 ] ] ], [ [ [ 140.309573, 35.520804 ], [ 140.309517, 35.520804 ], [ 140.309517, 35.520849 ], [ 140.309573, 35.520849 ], [ 140.309573, 35.520804 ] ] ], [ [ [ 140.313739, 35.520804 ], [ 140.313684, 35.520804 ], [ 140.313684, 35.520849 ], [ 140.313739, 35.520849 ], [ 140.313739, 35.520804 ] ] ], [ [ [ 140.307684, 35.520804 ], [ 140.307628, 35.520804 ], [ 140.307628, 35.520895 ], [ 140.307684, 35.520895 ], [ 140.307684, 35.520804 ] ] ], [ [ [ 140.309962, 35.520895 ], [ 140.309962, 35.52094 ], [ 140.310017, 35.52094 ], [ 140.310017, 35.520895 ], [ 140.309962, 35.520895 ] ] ], [ [ [ 140.31435, 35.52103 ], [ 140.31435, 35.520985 ], [ 140.314295, 35.520985 ], [ 140.314295, 35.52094 ], [ 140.314239, 35.52094 ], [ 140.314239, 35.52103 ], [ 140.31435, 35.52103 ] ] ], [ [ [ 140.30635, 35.521076 ], [ 140.306406, 35.521076 ], [ 140.307239, 35.521076 ], [ 140.307239, 35.52103 ], [ 140.307462, 35.52103 ], [ 140.307462, 35.520895 ], [ 140.307406, 35.520895 ], [ 140.307406, 35.52094 ], [ 140.307239, 35.52094 ], [ 140.307239, 35.520533 ], [ 140.307184, 35.520533 ], [ 140.307184, 35.520488 ], [ 140.306906, 35.520488 ], [ 140.306906, 35.520533 ], [ 140.30685, 35.520533 ], [ 140.30685, 35.520488 ], [ 140.306795, 35.520488 ], [ 140.306795, 35.520533 ], [ 140.306628, 35.520533 ], [ 140.306628, 35.520578 ], [ 140.306573, 35.520578 ], [ 140.306573, 35.520533 ], [ 140.30635, 35.520533 ], [ 140.30635, 35.520759 ], [ 140.306406, 35.520759 ], [ 140.306406, 35.52103 ], [ 140.30635, 35.52103 ], [ 140.30635, 35.521076 ] ], [ [ 140.306962, 35.520849 ], [ 140.306906, 35.520849 ], [ 140.306906, 35.520804 ], [ 140.306962, 35.520804 ], [ 140.306962, 35.520849 ], [ 140.307017, 35.520849 ], [ 140.307017, 35.520895 ], [ 140.306962, 35.520895 ], [ 140.306962, 35.520849 ] ] ], [ [ [ 140.30635, 35.521076 ], [ 140.306239, 35.521076 ], [ 140.306239, 35.521121 ], [ 140.30635, 35.521121 ], [ 140.30635, 35.521076 ] ] ], [ [ [ 140.312239, 35.521076 ], [ 140.312184, 35.521076 ], [ 140.312184, 35.521121 ], [ 140.312239, 35.521121 ], [ 140.312239, 35.521076 ] ] ], [ [ [ 140.306184, 35.521166 ], [ 140.306184, 35.521121 ], [ 140.306184, 35.521076 ], [ 140.306128, 35.521076 ], [ 140.306128, 35.521121 ], [ 140.306128, 35.521166 ], [ 140.306184, 35.521166 ] ] ], [ [ [ 140.307406, 35.521121 ], [ 140.307295, 35.521121 ], [ 140.307295, 35.521166 ], [ 140.307406, 35.521166 ], [ 140.307406, 35.521121 ] ] ], [ [ [ 140.307906, 35.521121 ], [ 140.307906, 35.521166 ], [ 140.307962, 35.521166 ], [ 140.307962, 35.521121 ], [ 140.307906, 35.521121 ] ] ], [ [ [ 140.306462, 35.521121 ], [ 140.306406, 35.521121 ], [ 140.306406, 35.521211 ], [ 140.306462, 35.521211 ], [ 140.306462, 35.521121 ] ] ], [ [ [ 140.309962, 35.52094 ], [ 140.30985, 35.52094 ], [ 140.30985, 35.520895 ], [ 140.309795, 35.520895 ], [ 140.309795, 35.52094 ], [ 140.309739, 35.52094 ], [ 140.309739, 35.521076 ], [ 140.309684, 35.521076 ], [ 140.309684, 35.521121 ], [ 140.309739, 35.521121 ], [ 140.309739, 35.521166 ], [ 140.309795, 35.521166 ], [ 140.309795, 35.521211 ], [ 140.30985, 35.521211 ], [ 140.30985, 35.521121 ], [ 140.309906, 35.521121 ], [ 140.309906, 35.52103 ], [ 140.309962, 35.52103 ], [ 140.309962, 35.52094 ] ] ], [ [ [ 140.312073, 35.521166 ], [ 140.312017, 35.521166 ], [ 140.312017, 35.521211 ], [ 140.312073, 35.521211 ], [ 140.312073, 35.521166 ] ] ], [ [ [ 140.309684, 35.521256 ], [ 140.309739, 35.521256 ], [ 140.309739, 35.521211 ], [ 140.309684, 35.521211 ], [ 140.309684, 35.521256 ] ] ], [ [ [ 140.306184, 35.521166 ], [ 140.306184, 35.521302 ], [ 140.306239, 35.521302 ], [ 140.306239, 35.521166 ], [ 140.306184, 35.521166 ] ] ], [ [ [ 140.307295, 35.521256 ], [ 140.307239, 35.521256 ], [ 140.307239, 35.521302 ], [ 140.307295, 35.521302 ], [ 140.307295, 35.521256 ] ] ], [ [ [ 140.309795, 35.521302 ], [ 140.30985, 35.521302 ], [ 140.30985, 35.521256 ], [ 140.309795, 35.521256 ], [ 140.309795, 35.521302 ] ] ], [ [ [ 140.305628, 35.521392 ], [ 140.305628, 35.521302 ], [ 140.305517, 35.521302 ], [ 140.305517, 35.521392 ], [ 140.305628, 35.521392 ] ] ], [ [ [ 140.31435, 35.52103 ], [ 140.31435, 35.521121 ], [ 140.314406, 35.521121 ], [ 140.314406, 35.521166 ], [ 140.314406, 35.521256 ], [ 140.314406, 35.521302 ], [ 140.31435, 35.521302 ], [ 140.31435, 35.521392 ], [ 140.314462, 35.521392 ], [ 140.314462, 35.521076 ], [ 140.314406, 35.521076 ], [ 140.314406, 35.52103 ], [ 140.31435, 35.52103 ] ] ], [ [ [ 140.307295, 35.521392 ], [ 140.307239, 35.521392 ], [ 140.307239, 35.521437 ], [ 140.307295, 35.521437 ], [ 140.307295, 35.521392 ] ] ], [ [ [ 140.307906, 35.521121 ], [ 140.307906, 35.52103 ], [ 140.307962, 35.52103 ], [ 140.307962, 35.521076 ], [ 140.308073, 35.521076 ], [ 140.308073, 35.521211 ], [ 140.308128, 35.521211 ], [ 140.308128, 35.52103 ], [ 140.308073, 35.52103 ], [ 140.308073, 35.52094 ], [ 140.307684, 35.52094 ], [ 140.307684, 35.521076 ], [ 140.307739, 35.521076 ], [ 140.307739, 35.521437 ], [ 140.307962, 35.521437 ], [ 140.308128, 35.521437 ], [ 140.308128, 35.521392 ], [ 140.307906, 35.521392 ], [ 140.307906, 35.521302 ], [ 140.307962, 35.521302 ], [ 140.307962, 35.521256 ], [ 140.307795, 35.521256 ], [ 140.307795, 35.521211 ], [ 140.30785, 35.521211 ], [ 140.30785, 35.521121 ], [ 140.307906, 35.521121 ] ] ], [ [ [ 140.310073, 35.521437 ], [ 140.310128, 35.521437 ], [ 140.310128, 35.521392 ], [ 140.310073, 35.521392 ], [ 140.310073, 35.521437 ] ] ], [ [ [ 140.31435, 35.521392 ], [ 140.314295, 35.521392 ], [ 140.314239, 35.521392 ], [ 140.314239, 35.521437 ], [ 140.31435, 35.521437 ], [ 140.31435, 35.521392 ] ] ], [ [ [ 140.309962, 35.521437 ], [ 140.309962, 35.521392 ], [ 140.309962, 35.521302 ], [ 140.309906, 35.521302 ], [ 140.309906, 35.521392 ], [ 140.309795, 35.521392 ], [ 140.309795, 35.521302 ], [ 140.309739, 35.521302 ], [ 140.309684, 35.521302 ], [ 140.309684, 35.521392 ], [ 140.309739, 35.521392 ], [ 140.309739, 35.521437 ], [ 140.309795, 35.521437 ], [ 140.309795, 35.521482 ], [ 140.30985, 35.521482 ], [ 140.30985, 35.521437 ], [ 140.309962, 35.521437 ] ] ], [ [ [ 140.310073, 35.521437 ], [ 140.309962, 35.521437 ], [ 140.309962, 35.521482 ], [ 140.310073, 35.521482 ], [ 140.310073, 35.521437 ] ] ], [ [ [ 140.310184, 35.521482 ], [ 140.310239, 35.521482 ], [ 140.310239, 35.521437 ], [ 140.310184, 35.521437 ], [ 140.310184, 35.521482 ] ] ], [ [ [ 140.310628, 35.521437 ], [ 140.310573, 35.521437 ], [ 140.310573, 35.521482 ], [ 140.310628, 35.521482 ], [ 140.310628, 35.521437 ] ] ], [ [ [ 140.306017, 35.521573 ], [ 140.306073, 35.521573 ], [ 140.306073, 35.521392 ], [ 140.305962, 35.521392 ], [ 140.305962, 35.521211 ], [ 140.306017, 35.521211 ], [ 140.306017, 35.521121 ], [ 140.305906, 35.521121 ], [ 140.305906, 35.521437 ], [ 140.305962, 35.521437 ], [ 140.305962, 35.521482 ], [ 140.306017, 35.521482 ], [ 140.306017, 35.521573 ] ] ], [ [ [ 140.306239, 35.521573 ], [ 140.306295, 35.521573 ], [ 140.306295, 35.521482 ], [ 140.306239, 35.521482 ], [ 140.306239, 35.521573 ] ] ], [ [ [ 140.306795, 35.521482 ], [ 140.306684, 35.521482 ], [ 140.306684, 35.521573 ], [ 140.306795, 35.521573 ], [ 140.306795, 35.521482 ] ] ], [ [ [ 140.307073, 35.521482 ], [ 140.307017, 35.521482 ], [ 140.307017, 35.521573 ], [ 140.307073, 35.521573 ], [ 140.307073, 35.521482 ] ] ], [ [ [ 140.310295, 35.521573 ], [ 140.31035, 35.521573 ], [ 140.31035, 35.521482 ], [ 140.310295, 35.521482 ], [ 140.310295, 35.521573 ] ] ], [ [ [ 140.314962, 35.521573 ], [ 140.315017, 35.521573 ], [ 140.315073, 35.521573 ], [ 140.315073, 35.521482 ], [ 140.315128, 35.521482 ], [ 140.315184, 35.521482 ], [ 140.315184, 35.521437 ], [ 140.315128, 35.521437 ], [ 140.315128, 35.521392 ], [ 140.315017, 35.521392 ], [ 140.315017, 35.521482 ], [ 140.314962, 35.521482 ], [ 140.314962, 35.521573 ] ] ], [ [ [ 140.306017, 35.521573 ], [ 140.305962, 35.521573 ], [ 140.305962, 35.521618 ], [ 140.306017, 35.521618 ], [ 140.306017, 35.521573 ] ] ], [ [ [ 140.310406, 35.52094 ], [ 140.310573, 35.52094 ], [ 140.310573, 35.52103 ], [ 140.310406, 35.52103 ], [ 140.310406, 35.52094 ], [ 140.31035, 35.52094 ], [ 140.31035, 35.520895 ], [ 140.310128, 35.520895 ], [ 140.310128, 35.520804 ], [ 140.310017, 35.520804 ], [ 140.310017, 35.520669 ], [ 140.310073, 35.520669 ], [ 140.310073, 35.520533 ], [ 140.310128, 35.520533 ], [ 140.310128, 35.520488 ], [ 140.310073, 35.520488 ], [ 140.310073, 35.520442 ], [ 140.309962, 35.520442 ], [ 140.309962, 35.520488 ], [ 140.309684, 35.520488 ], [ 140.309684, 35.520397 ], [ 140.30985, 35.520397 ], [ 140.30985, 35.520352 ], [ 140.309962, 35.520352 ], [ 140.309962, 35.520262 ], [ 140.309906, 35.520262 ], [ 140.309906, 35.520216 ], [ 140.30985, 35.520216 ], [ 140.30985, 35.520126 ], [ 140.309573, 35.520126 ], [ 140.309573, 35.520081 ], [ 140.309462, 35.520081 ], [ 140.309462, 35.520171 ], [ 140.309406, 35.520171 ], [ 140.309406, 35.520126 ], [ 140.309073, 35.520126 ], [ 140.309073, 35.520171 ], [ 140.309239, 35.520171 ], [ 140.309239, 35.520216 ], [ 140.309406, 35.520216 ], [ 140.309406, 35.520262 ], [ 140.309462, 35.520262 ], [ 140.309462, 35.520352 ], [ 140.309517, 35.520352 ], [ 140.309517, 35.520442 ], [ 140.309462, 35.520442 ], [ 140.309462, 35.520488 ], [ 140.309406, 35.520488 ], [ 140.309406, 35.520533 ], [ 140.309684, 35.520533 ], [ 140.309684, 35.520578 ], [ 140.309628, 35.520578 ], [ 140.309628, 35.520759 ], [ 140.309573, 35.520759 ], [ 140.309573, 35.520804 ], [ 140.309628, 35.520804 ], [ 140.309628, 35.520849 ], [ 140.309739, 35.520849 ], [ 140.30985, 35.520849 ], [ 140.30985, 35.520895 ], [ 140.309962, 35.520895 ], [ 140.309962, 35.520849 ], [ 140.310073, 35.520849 ], [ 140.310073, 35.520895 ], [ 140.310073, 35.52094 ], [ 140.310239, 35.52094 ], [ 140.310239, 35.52103 ], [ 140.31035, 35.52103 ], [ 140.31035, 35.521302 ], [ 140.310406, 35.521302 ], [ 140.310406, 35.521573 ], [ 140.310406, 35.521618 ], [ 140.310573, 35.521618 ], [ 140.310573, 35.521573 ], [ 140.310462, 35.521573 ], [ 140.310462, 35.521437 ], [ 140.310517, 35.521437 ], [ 140.310517, 35.521302 ], [ 140.310739, 35.521302 ], [ 140.310739, 35.521256 ], [ 140.310795, 35.521256 ], [ 140.310795, 35.521211 ], [ 140.310906, 35.521211 ], [ 140.310906, 35.521166 ], [ 140.310962, 35.521166 ], [ 140.310962, 35.521121 ], [ 140.311017, 35.521121 ], [ 140.311017, 35.521076 ], [ 140.310906, 35.521076 ], [ 140.310906, 35.520895 ], [ 140.31085, 35.520895 ], [ 140.31085, 35.520804 ], [ 140.310795, 35.520804 ], [ 140.310795, 35.520578 ], [ 140.31085, 35.520578 ], [ 140.31085, 35.520759 ], [ 140.310906, 35.520759 ], [ 140.310906, 35.520849 ], [ 140.311073, 35.520849 ], [ 140.311073, 35.520895 ], [ 140.311128, 35.520895 ], [ 140.311128, 35.520849 ], [ 140.311184, 35.520849 ], [ 140.311184, 35.520669 ], [ 140.311406, 35.520669 ], [ 140.311406, 35.520533 ], [ 140.311517, 35.520533 ], [ 140.311517, 35.520488 ], [ 140.311573, 35.520488 ], [ 140.311573, 35.520442 ], [ 140.311573, 35.520397 ], [ 140.311517, 35.520397 ], [ 140.311517, 35.520352 ], [ 140.311517, 35.520262 ], [ 140.311462, 35.520262 ], [ 140.311462, 35.520216 ], [ 140.311462, 35.520171 ], [ 140.311462, 35.520126 ], [ 140.31135, 35.520126 ], [ 140.31135, 35.520081 ], [ 140.311406, 35.520081 ], [ 140.311406, 35.520036 ], [ 140.31135, 35.520036 ], [ 140.31135, 35.51999 ], [ 140.31135, 35.5199 ], [ 140.311295, 35.5199 ], [ 140.311295, 35.520126 ], [ 140.311239, 35.520126 ], [ 140.311239, 35.520171 ], [ 140.310962, 35.520171 ], [ 140.310962, 35.520216 ], [ 140.310628, 35.520216 ], [ 140.310628, 35.520262 ], [ 140.310406, 35.520262 ], [ 140.310406, 35.520352 ], [ 140.310017, 35.520352 ], [ 140.310017, 35.520397 ], [ 140.310628, 35.520397 ], [ 140.310628, 35.520442 ], [ 140.310517, 35.520442 ], [ 140.310517, 35.520488 ], [ 140.310628, 35.520488 ], [ 140.310628, 35.520533 ], [ 140.310684, 35.520533 ], [ 140.310684, 35.520578 ], [ 140.310462, 35.520578 ], [ 140.310462, 35.520533 ], [ 140.31035, 35.520533 ], [ 140.31035, 35.520669 ], [ 140.310406, 35.520669 ], [ 140.310406, 35.520759 ], [ 140.310517, 35.520759 ], [ 140.310517, 35.520849 ], [ 140.310628, 35.520849 ], [ 140.310628, 35.520804 ], [ 140.310684, 35.520804 ], [ 140.310684, 35.520759 ], [ 140.310739, 35.520759 ], [ 140.310739, 35.520849 ], [ 140.310684, 35.520849 ], [ 140.310684, 35.520895 ], [ 140.310406, 35.520895 ], [ 140.310406, 35.52094 ] ], [ [ 140.311184, 35.520578 ], [ 140.311184, 35.520533 ], [ 140.311239, 35.520533 ], [ 140.311239, 35.520578 ], [ 140.311184, 35.520578 ] ], [ [ 140.31085, 35.520533 ], [ 140.31085, 35.520488 ], [ 140.311073, 35.520488 ], [ 140.311073, 35.520533 ], [ 140.31085, 35.520533 ] ] ], [ [ [ 140.312406, 35.521573 ], [ 140.312406, 35.521618 ], [ 140.312462, 35.521618 ], [ 140.312462, 35.521573 ], [ 140.312406, 35.521573 ] ] ], [ [ [ 140.314128, 35.521618 ], [ 140.314128, 35.521573 ], [ 140.314184, 35.521573 ], [ 140.314184, 35.521482 ], [ 140.314128, 35.521482 ], [ 140.314128, 35.521437 ], [ 140.314073, 35.521437 ], [ 140.314073, 35.521573 ], [ 140.314073, 35.521618 ], [ 140.314128, 35.521618 ] ] ], [ [ [ 140.314962, 35.521573 ], [ 140.314795, 35.521573 ], [ 140.314795, 35.521618 ], [ 140.31485, 35.521618 ], [ 140.314906, 35.521618 ], [ 140.314962, 35.521618 ], [ 140.314962, 35.521573 ] ] ], [ [ [ 140.305962, 35.521618 ], [ 140.30585, 35.521618 ], [ 140.30585, 35.521709 ], [ 140.305962, 35.521709 ], [ 140.305962, 35.521618 ] ] ], [ [ [ 140.306239, 35.521573 ], [ 140.306073, 35.521573 ], [ 140.306073, 35.521618 ], [ 140.306073, 35.521709 ], [ 140.306239, 35.521709 ], [ 140.306239, 35.521618 ], [ 140.306239, 35.521573 ] ] ], [ [ [ 140.310573, 35.521618 ], [ 140.310573, 35.521709 ], [ 140.310684, 35.521709 ], [ 140.310684, 35.521618 ], [ 140.310573, 35.521618 ] ] ], [ [ [ 140.314795, 35.521618 ], [ 140.314628, 35.521618 ], [ 140.314628, 35.521709 ], [ 140.314795, 35.521709 ], [ 140.314795, 35.521618 ] ] ], [ [ [ 140.305128, 35.521709 ], [ 140.305017, 35.521709 ], [ 140.305017, 35.521754 ], [ 140.305128, 35.521754 ], [ 140.305128, 35.521709 ] ] ], [ [ [ 140.310684, 35.521709 ], [ 140.310684, 35.521754 ], [ 140.310739, 35.521754 ], [ 140.310795, 35.521754 ], [ 140.310795, 35.521709 ], [ 140.310684, 35.521709 ] ] ], [ [ [ 140.312573, 35.521709 ], [ 140.312517, 35.521709 ], [ 140.312517, 35.521754 ], [ 140.312573, 35.521754 ], [ 140.312573, 35.521709 ] ] ], [ [ [ 140.314017, 35.521754 ], [ 140.314073, 35.521754 ], [ 140.314073, 35.521709 ], [ 140.314017, 35.521709 ], [ 140.314017, 35.521754 ] ] ], [ [ [ 140.314628, 35.521709 ], [ 140.314517, 35.521709 ], [ 140.314517, 35.521754 ], [ 140.314628, 35.521754 ], [ 140.314628, 35.521709 ] ] ], [ [ [ 140.310795, 35.521754 ], [ 140.310795, 35.521799 ], [ 140.31085, 35.521799 ], [ 140.310906, 35.521799 ], [ 140.310906, 35.521754 ], [ 140.31085, 35.521754 ], [ 140.310795, 35.521754 ] ] ], [ [ [ 140.315128, 35.521799 ], [ 140.315184, 35.521799 ], [ 140.315184, 35.521754 ], [ 140.315128, 35.521754 ], [ 140.315128, 35.521799 ] ] ], [ [ [ 140.310906, 35.521799 ], [ 140.310906, 35.521844 ], [ 140.311017, 35.521844 ], [ 140.311073, 35.521844 ], [ 140.311073, 35.521799 ], [ 140.310906, 35.521799 ] ] ], [ [ [ 140.312795, 35.521799 ], [ 140.312739, 35.521799 ], [ 140.312739, 35.521844 ], [ 140.312795, 35.521844 ], [ 140.312795, 35.521799 ] ] ], [ [ [ 140.31435, 35.521799 ], [ 140.314295, 35.521799 ], [ 140.314295, 35.521844 ], [ 140.31435, 35.521844 ], [ 140.31435, 35.521799 ] ] ], [ [ [ 140.31535, 35.521618 ], [ 140.315295, 35.521618 ], [ 140.315295, 35.521754 ], [ 140.31535, 35.521754 ], [ 140.31535, 35.521844 ], [ 140.315462, 35.521844 ], [ 140.315462, 35.521799 ], [ 140.315406, 35.521799 ], [ 140.315406, 35.521618 ], [ 140.31535, 35.521618 ] ] ], [ [ [ 140.311184, 35.521844 ], [ 140.311128, 35.521844 ], [ 140.311128, 35.521889 ], [ 140.311184, 35.521889 ], [ 140.311184, 35.521844 ] ] ], [ [ [ 140.313073, 35.521889 ], [ 140.313073, 35.521799 ], [ 140.313128, 35.521799 ], [ 140.313128, 35.521709 ], [ 140.313073, 35.521709 ], [ 140.313073, 35.521618 ], [ 140.313017, 35.521618 ], [ 140.312962, 35.521618 ], [ 140.312962, 35.521482 ], [ 140.312906, 35.521482 ], [ 140.312906, 35.521437 ], [ 140.312906, 35.521392 ], [ 140.31285, 35.521392 ], [ 140.312795, 35.521392 ], [ 140.312795, 35.521437 ], [ 140.312739, 35.521437 ], [ 140.312684, 35.521437 ], [ 140.312684, 35.521482 ], [ 140.312739, 35.521482 ], [ 140.312739, 35.521573 ], [ 140.312795, 35.521573 ], [ 140.312795, 35.521709 ], [ 140.31285, 35.521709 ], [ 140.31285, 35.521799 ], [ 140.312906, 35.521799 ], [ 140.312906, 35.521754 ], [ 140.312962, 35.521754 ], [ 140.312962, 35.521799 ], [ 140.313017, 35.521799 ], [ 140.313017, 35.521889 ], [ 140.313073, 35.521889 ] ] ], [ [ [ 140.314239, 35.521844 ], [ 140.314128, 35.521844 ], [ 140.314128, 35.521889 ], [ 140.314184, 35.521889 ], [ 140.314239, 35.521889 ], [ 140.314239, 35.521844 ] ] ], [ [ [ 140.315128, 35.521799 ], [ 140.314906, 35.521799 ], [ 140.314906, 35.521844 ], [ 140.315017, 35.521844 ], [ 140.315017, 35.521889 ], [ 140.315073, 35.521889 ], [ 140.315073, 35.521844 ], [ 140.315128, 35.521844 ], [ 140.315128, 35.521799 ] ] ], [ [ [ 140.315628, 35.521889 ], [ 140.315628, 35.521844 ], [ 140.315573, 35.521844 ], [ 140.315573, 35.521889 ], [ 140.315628, 35.521889 ] ] ], [ [ [ 140.31135, 35.521935 ], [ 140.31135, 35.521889 ], [ 140.311239, 35.521889 ], [ 140.311239, 35.521935 ], [ 140.311295, 35.521935 ], [ 140.31135, 35.521935 ] ] ], [ [ [ 140.315628, 35.521889 ], [ 140.315628, 35.521935 ], [ 140.315684, 35.521935 ], [ 140.315684, 35.521889 ], [ 140.315628, 35.521889 ] ] ], [ [ [ 140.31285, 35.521935 ], [ 140.312795, 35.521935 ], [ 140.312795, 35.52198 ], [ 140.31285, 35.52198 ], [ 140.31285, 35.521935 ] ] ], [ [ [ 140.314017, 35.521754 ], [ 140.313962, 35.521754 ], [ 140.313906, 35.521754 ], [ 140.313906, 35.521799 ], [ 140.31385, 35.521799 ], [ 140.31385, 35.521844 ], [ 140.313906, 35.521844 ], [ 140.313906, 35.521889 ], [ 140.31385, 35.521889 ], [ 140.31385, 35.52198 ], [ 140.313906, 35.52198 ], [ 140.313906, 35.521935 ], [ 140.313962, 35.521935 ], [ 140.313962, 35.521889 ], [ 140.314017, 35.521889 ], [ 140.314017, 35.521754 ] ] ], [ [ [ 140.315017, 35.521935 ], [ 140.314906, 35.521935 ], [ 140.314906, 35.52198 ], [ 140.315017, 35.52198 ], [ 140.315017, 35.521935 ] ] ], [ [ [ 140.307462, 35.52198 ], [ 140.307406, 35.52198 ], [ 140.307406, 35.52207 ], [ 140.307462, 35.52207 ], [ 140.307462, 35.52198 ] ] ], [ [ [ 140.313906, 35.52198 ], [ 140.313906, 35.52207 ], [ 140.313962, 35.52207 ], [ 140.313962, 35.52198 ], [ 140.313906, 35.52198 ] ] ], [ [ [ 140.30735, 35.52207 ], [ 140.307295, 35.52207 ], [ 140.307295, 35.522115 ], [ 140.30735, 35.522115 ], [ 140.30735, 35.52207 ] ] ], [ [ [ 140.312517, 35.522115 ], [ 140.312517, 35.52198 ], [ 140.312406, 35.52198 ], [ 140.312406, 35.52207 ], [ 140.31235, 35.52207 ], [ 140.31235, 35.522115 ], [ 140.312517, 35.522115 ] ] ], [ [ [ 140.31285, 35.522115 ], [ 140.312795, 35.522115 ], [ 140.312795, 35.522161 ], [ 140.31285, 35.522161 ], [ 140.31285, 35.522115 ] ] ], [ [ [ 140.314462, 35.522115 ], [ 140.314406, 35.522115 ], [ 140.314406, 35.522161 ], [ 140.314462, 35.522161 ], [ 140.314462, 35.522115 ] ] ], [ [ [ 140.313017, 35.522206 ], [ 140.313017, 35.522161 ], [ 140.312962, 35.522161 ], [ 140.312962, 35.522206 ], [ 140.313017, 35.522206 ] ] ], [ [ [ 140.313628, 35.522161 ], [ 140.313573, 35.522161 ], [ 140.313573, 35.522206 ], [ 140.313628, 35.522206 ], [ 140.313628, 35.522161 ] ] ], [ [ [ 140.31385, 35.522206 ], [ 140.313962, 35.522206 ], [ 140.313962, 35.522161 ], [ 140.31385, 35.522161 ], [ 140.31385, 35.522206 ] ] ], [ [ [ 140.308295, 35.522206 ], [ 140.308295, 35.522251 ], [ 140.30835, 35.522251 ], [ 140.30835, 35.522206 ], [ 140.308295, 35.522206 ] ] ], [ [ [ 140.313573, 35.522161 ], [ 140.313573, 35.522115 ], [ 140.313628, 35.522115 ], [ 140.313628, 35.522161 ], [ 140.313684, 35.522161 ], [ 140.313739, 35.522161 ], [ 140.313739, 35.522115 ], [ 140.313795, 35.522115 ], [ 140.313795, 35.52207 ], [ 140.31385, 35.52207 ], [ 140.31385, 35.52198 ], [ 140.313684, 35.52198 ], [ 140.313684, 35.521935 ], [ 140.313573, 35.521935 ], [ 140.313517, 35.521935 ], [ 140.313517, 35.52198 ], [ 140.313462, 35.52198 ], [ 140.313462, 35.522115 ], [ 140.313406, 35.522115 ], [ 140.313406, 35.522161 ], [ 140.31335, 35.522161 ], [ 140.31335, 35.522206 ], [ 140.313406, 35.522206 ], [ 140.313406, 35.522251 ], [ 140.313462, 35.522251 ], [ 140.313462, 35.522206 ], [ 140.313517, 35.522206 ], [ 140.313517, 35.522161 ], [ 140.313573, 35.522161 ] ] ], [ [ [ 140.315406, 35.522251 ], [ 140.315406, 35.522161 ], [ 140.315406, 35.522115 ], [ 140.31535, 35.522115 ], [ 140.31535, 35.52207 ], [ 140.315128, 35.52207 ], [ 140.315128, 35.522115 ], [ 140.315017, 35.522115 ], [ 140.315017, 35.522161 ], [ 140.315128, 35.522161 ], [ 140.315128, 35.522251 ], [ 140.315239, 35.522251 ], [ 140.315239, 35.522296 ], [ 140.315462, 35.522296 ], [ 140.315462, 35.522251 ], [ 140.315406, 35.522251 ] ], [ [ 140.315295, 35.522161 ], [ 140.315239, 35.522161 ], [ 140.315239, 35.522115 ], [ 140.315295, 35.522115 ], [ 140.315295, 35.522161 ], [ 140.31535, 35.522161 ], [ 140.31535, 35.522206 ], [ 140.315295, 35.522206 ], [ 140.315295, 35.522161 ] ] ], [ [ [ 140.302184, 35.522387 ], [ 140.302184, 35.522296 ], [ 140.302962, 35.522296 ], [ 140.302962, 35.52207 ], [ 140.302906, 35.52207 ], [ 140.302906, 35.521889 ], [ 140.302462, 35.521889 ], [ 140.302462, 35.521935 ], [ 140.302406, 35.521935 ], [ 140.302406, 35.521889 ], [ 140.30235, 35.521889 ], [ 140.30235, 35.521935 ], [ 140.302295, 35.521935 ], [ 140.302295, 35.521889 ], [ 140.302239, 35.521889 ], [ 140.302239, 35.521935 ], [ 140.301906, 35.521935 ], [ 140.301906, 35.522206 ], [ 140.301962, 35.522206 ], [ 140.301962, 35.522387 ], [ 140.302184, 35.522387 ] ] ], [ [ [ 140.310239, 35.522477 ], [ 140.310295, 35.522477 ], [ 140.310295, 35.522387 ], [ 140.310239, 35.522387 ], [ 140.310239, 35.522477 ] ] ], [ [ [ 140.313017, 35.522206 ], [ 140.313017, 35.522251 ], [ 140.312962, 35.522251 ], [ 140.312962, 35.522477 ], [ 140.313017, 35.522477 ], [ 140.313128, 35.522477 ], [ 140.313128, 35.522251 ], [ 140.313073, 35.522251 ], [ 140.313073, 35.522206 ], [ 140.313017, 35.522206 ] ] ], [ [ [ 140.308295, 35.522206 ], [ 140.308295, 35.522115 ], [ 140.308406, 35.522115 ], [ 140.308406, 35.522251 ], [ 140.30835, 35.522251 ], [ 140.30835, 35.522296 ], [ 140.308295, 35.522296 ], [ 140.308295, 35.522522 ], [ 140.308462, 35.522522 ], [ 140.308462, 35.522477 ], [ 140.308406, 35.522477 ], [ 140.308406, 35.522387 ], [ 140.308462, 35.522387 ], [ 140.308462, 35.522296 ], [ 140.308462, 35.52207 ], [ 140.308406, 35.52207 ], [ 140.308295, 35.52207 ], [ 140.308295, 35.52198 ], [ 140.308239, 35.52198 ], [ 140.308239, 35.522206 ], [ 140.308295, 35.522206 ] ] ], [ [ [ 140.306573, 35.522568 ], [ 140.306573, 35.522251 ], [ 140.306517, 35.522251 ], [ 140.306517, 35.522296 ], [ 140.306462, 35.522296 ], [ 140.306462, 35.522387 ], [ 140.306517, 35.522387 ], [ 140.306517, 35.522568 ], [ 140.306573, 35.522568 ] ] ], [ [ [ 140.308295, 35.522522 ], [ 140.308239, 35.522522 ], [ 140.308239, 35.522568 ], [ 140.308295, 35.522568 ], [ 140.308295, 35.522522 ] ] ], [ [ [ 140.315628, 35.522568 ], [ 140.315684, 35.522568 ], [ 140.315684, 35.522522 ], [ 140.315628, 35.522522 ], [ 140.315628, 35.522568 ] ] ], [ [ [ 140.307684, 35.522613 ], [ 140.307795, 35.522613 ], [ 140.307795, 35.522568 ], [ 140.307739, 35.522568 ], [ 140.307684, 35.522568 ], [ 140.307684, 35.522613 ] ] ], [ [ [ 140.31035, 35.522568 ], [ 140.310295, 35.522568 ], [ 140.310295, 35.522613 ], [ 140.31035, 35.522613 ], [ 140.31035, 35.522568 ] ] ], [ [ [ 140.31285, 35.522568 ], [ 140.312739, 35.522568 ], [ 140.312739, 35.522613 ], [ 140.31285, 35.522613 ], [ 140.31285, 35.522568 ] ] ], [ [ [ 140.313073, 35.522613 ], [ 140.313184, 35.522613 ], [ 140.313184, 35.522568 ], [ 140.313073, 35.522568 ], [ 140.313073, 35.522613 ] ] ], [ [ [ 140.315628, 35.522568 ], [ 140.315573, 35.522568 ], [ 140.315573, 35.522613 ], [ 140.315628, 35.522613 ], [ 140.315628, 35.522568 ] ] ], [ [ [ 140.302295, 35.522613 ], [ 140.302239, 35.522613 ], [ 140.302239, 35.522658 ], [ 140.302295, 35.522658 ], [ 140.302295, 35.522613 ] ] ], [ [ [ 140.302517, 35.522658 ], [ 140.302517, 35.522613 ], [ 140.302573, 35.522613 ], [ 140.302573, 35.522568 ], [ 140.302684, 35.522568 ], [ 140.302684, 35.522522 ], [ 140.302795, 35.522522 ], [ 140.302795, 35.522477 ], [ 140.302517, 35.522477 ], [ 140.302517, 35.522522 ], [ 140.302462, 35.522522 ], [ 140.302462, 35.522477 ], [ 140.302406, 35.522477 ], [ 140.302406, 35.522568 ], [ 140.302462, 35.522568 ], [ 140.302462, 35.522658 ], [ 140.302517, 35.522658 ] ] ], [ [ [ 140.306573, 35.522613 ], [ 140.306295, 35.522613 ], [ 140.306295, 35.522658 ], [ 140.306573, 35.522658 ], [ 140.306573, 35.522613 ] ] ], [ [ [ 140.307684, 35.522613 ], [ 140.307628, 35.522613 ], [ 140.307628, 35.522658 ], [ 140.307684, 35.522658 ], [ 140.307684, 35.522613 ] ] ], [ [ [ 140.307906, 35.522568 ], [ 140.30785, 35.522568 ], [ 140.30785, 35.522658 ], [ 140.307906, 35.522658 ], [ 140.307906, 35.522568 ] ] ], [ [ [ 140.312239, 35.522613 ], [ 140.312184, 35.522613 ], [ 140.312184, 35.522658 ], [ 140.312239, 35.522658 ], [ 140.312239, 35.522613 ] ] ], [ [ [ 140.312684, 35.522613 ], [ 140.312573, 35.522613 ], [ 140.312573, 35.522658 ], [ 140.312684, 35.522658 ], [ 140.312684, 35.522613 ] ] ], [ [ [ 140.312962, 35.522568 ], [ 140.312906, 35.522568 ], [ 140.312906, 35.522613 ], [ 140.312906, 35.522658 ], [ 140.312962, 35.522658 ], [ 140.312962, 35.522613 ], [ 140.312962, 35.522568 ] ] ], [ [ [ 140.313073, 35.522613 ], [ 140.313017, 35.522613 ], [ 140.313017, 35.522658 ], [ 140.313073, 35.522658 ], [ 140.313073, 35.522613 ] ] ], [ [ [ 140.313295, 35.522658 ], [ 140.31335, 35.522658 ], [ 140.31335, 35.522613 ], [ 140.313295, 35.522613 ], [ 140.313295, 35.522658 ] ] ], [ [ [ 140.306239, 35.522658 ], [ 140.306184, 35.522658 ], [ 140.306184, 35.522749 ], [ 140.306239, 35.522749 ], [ 140.306239, 35.522658 ] ] ], [ [ [ 140.313295, 35.522658 ], [ 140.313239, 35.522658 ], [ 140.313239, 35.522749 ], [ 140.313295, 35.522749 ], [ 140.313295, 35.522658 ] ] ], [ [ [ 140.307573, 35.522749 ], [ 140.307517, 35.522749 ], [ 140.307517, 35.522794 ], [ 140.307573, 35.522794 ], [ 140.307573, 35.522749 ] ] ], [ [ [ 140.313573, 35.522749 ], [ 140.313517, 35.522749 ], [ 140.313517, 35.522794 ], [ 140.313573, 35.522794 ], [ 140.313573, 35.522749 ] ] ], [ [ [ 140.313795, 35.522749 ], [ 140.313739, 35.522749 ], [ 140.313739, 35.522794 ], [ 140.313739, 35.522839 ], [ 140.313795, 35.522839 ], [ 140.313795, 35.522749 ] ] ], [ [ [ 140.315017, 35.522839 ], [ 140.315073, 35.522839 ], [ 140.315073, 35.522794 ], [ 140.315017, 35.522794 ], [ 140.315017, 35.522839 ] ] ], [ [ [ 140.315517, 35.522749 ], [ 140.315462, 35.522749 ], [ 140.315462, 35.522839 ], [ 140.315517, 35.522839 ], [ 140.315517, 35.522749 ] ] ], [ [ [ 140.303128, 35.522839 ], [ 140.303073, 35.522839 ], [ 140.303073, 35.522884 ], [ 140.303128, 35.522884 ], [ 140.303128, 35.522839 ] ] ], [ [ [ 140.305795, 35.522839 ], [ 140.305795, 35.522884 ], [ 140.30585, 35.522884 ], [ 140.30585, 35.522839 ], [ 140.305795, 35.522839 ] ] ], [ [ [ 140.306239, 35.522794 ], [ 140.306184, 35.522794 ], [ 140.306184, 35.522884 ], [ 140.306239, 35.522884 ], [ 140.306239, 35.522794 ] ] ], [ [ [ 140.313128, 35.522839 ], [ 140.312628, 35.522839 ], [ 140.312628, 35.522884 ], [ 140.313128, 35.522884 ], [ 140.313128, 35.522839 ] ] ], [ [ [ 140.313962, 35.522839 ], [ 140.313906, 35.522839 ], [ 140.313906, 35.522884 ], [ 140.313962, 35.522884 ], [ 140.313962, 35.522839 ] ] ], [ [ [ 140.315462, 35.522839 ], [ 140.315406, 35.522839 ], [ 140.315406, 35.522884 ], [ 140.315462, 35.522884 ], [ 140.315462, 35.522839 ] ] ], [ [ [ 140.307295, 35.522884 ], [ 140.307239, 35.522884 ], [ 140.307239, 35.522929 ], [ 140.307295, 35.522929 ], [ 140.307295, 35.522884 ] ] ], [ [ [ 140.313517, 35.522884 ], [ 140.313462, 35.522884 ], [ 140.313462, 35.522929 ], [ 140.313517, 35.522929 ], [ 140.313517, 35.522884 ] ] ], [ [ [ 140.315406, 35.522884 ], [ 140.31535, 35.522884 ], [ 140.31535, 35.522929 ], [ 140.315406, 35.522929 ], [ 140.315406, 35.522884 ] ] ], [ [ [ 140.304239, 35.522929 ], [ 140.304239, 35.522975 ], [ 140.304295, 35.522975 ], [ 140.304295, 35.522929 ], [ 140.304239, 35.522929 ] ] ], [ [ [ 140.312406, 35.521573 ], [ 140.312406, 35.521482 ], [ 140.31235, 35.521482 ], [ 140.31235, 35.521437 ], [ 140.312295, 35.521437 ], [ 140.312239, 35.521437 ], [ 140.312239, 35.521302 ], [ 140.312239, 35.521256 ], [ 140.312184, 35.521256 ], [ 140.312184, 35.521211 ], [ 140.312128, 35.521211 ], [ 140.312128, 35.521302 ], [ 140.312073, 35.521302 ], [ 140.312073, 35.521392 ], [ 140.312017, 35.521392 ], [ 140.312017, 35.521573 ], [ 140.311962, 35.521573 ], [ 140.311962, 35.521709 ], [ 140.31185, 35.521709 ], [ 140.31185, 35.52198 ], [ 140.311795, 35.52198 ], [ 140.311795, 35.521935 ], [ 140.311628, 35.521935 ], [ 140.311628, 35.521889 ], [ 140.311573, 35.521889 ], [ 140.311573, 35.521844 ], [ 140.311628, 35.521844 ], [ 140.311628, 35.521799 ], [ 140.311517, 35.521799 ], [ 140.311517, 35.521844 ], [ 140.311406, 35.521844 ], [ 140.311406, 35.521935 ], [ 140.31135, 35.521935 ], [ 140.31135, 35.52198 ], [ 140.311406, 35.52198 ], [ 140.311406, 35.52207 ], [ 140.311462, 35.52207 ], [ 140.311462, 35.522115 ], [ 140.311406, 35.522115 ], [ 140.31135, 35.522115 ], [ 140.31135, 35.52207 ], [ 140.311239, 35.52207 ], [ 140.311239, 35.52198 ], [ 140.311128, 35.52198 ], [ 140.311128, 35.521935 ], [ 140.311017, 35.521935 ], [ 140.310962, 35.521935 ], [ 140.310962, 35.521889 ], [ 140.310906, 35.521889 ], [ 140.31085, 35.521889 ], [ 140.31085, 35.521844 ], [ 140.310795, 35.521844 ], [ 140.310739, 35.521844 ], [ 140.310739, 35.521799 ], [ 140.310684, 35.521799 ], [ 140.310628, 35.521799 ], [ 140.310628, 35.521754 ], [ 140.310517, 35.521754 ], [ 140.310517, 35.521709 ], [ 140.310406, 35.521709 ], [ 140.310406, 35.521618 ], [ 140.310295, 35.521618 ], [ 140.310295, 35.521573 ], [ 140.310239, 35.521573 ], [ 140.310184, 35.521573 ], [ 140.310184, 35.521482 ], [ 140.310073, 35.521482 ], [ 140.310073, 35.521754 ], [ 140.310017, 35.521754 ], [ 140.310017, 35.521799 ], [ 140.309906, 35.521799 ], [ 140.309906, 35.521709 ], [ 140.30985, 35.521709 ], [ 140.30985, 35.521844 ], [ 140.309628, 35.521844 ], [ 140.309628, 35.521709 ], [ 140.309573, 35.521709 ], [ 140.309573, 35.521573 ], [ 140.309628, 35.521573 ], [ 140.309628, 35.521482 ], [ 140.309739, 35.521482 ], [ 140.309739, 35.521437 ], [ 140.309573, 35.521437 ], [ 140.309573, 35.521392 ], [ 140.309628, 35.521392 ], [ 140.309628, 35.521302 ], [ 140.309684, 35.521302 ], [ 140.309684, 35.521256 ], [ 140.309628, 35.521256 ], [ 140.309628, 35.521211 ], [ 140.309628, 35.521166 ], [ 140.309573, 35.521166 ], [ 140.309573, 35.521211 ], [ 140.309462, 35.521211 ], [ 140.309462, 35.521166 ], [ 140.309517, 35.521166 ], [ 140.309517, 35.521121 ], [ 140.309406, 35.521121 ], [ 140.309406, 35.521166 ], [ 140.30935, 35.521166 ], [ 140.30935, 35.521121 ], [ 140.309239, 35.521121 ], [ 140.309239, 35.521076 ], [ 140.309184, 35.521076 ], [ 140.309184, 35.521121 ], [ 140.309128, 35.521121 ], [ 140.309128, 35.521076 ], [ 140.309128, 35.52103 ], [ 140.309128, 35.52094 ], [ 140.308962, 35.52094 ], [ 140.308962, 35.520895 ], [ 140.30885, 35.520895 ], [ 140.308795, 35.520895 ], [ 140.308795, 35.520849 ], [ 140.308739, 35.520849 ], [ 140.308739, 35.520895 ], [ 140.308739, 35.52094 ], [ 140.308795, 35.52094 ], [ 140.30885, 35.52094 ], [ 140.30885, 35.52103 ], [ 140.308906, 35.52103 ], [ 140.308962, 35.52103 ], [ 140.308962, 35.521211 ], [ 140.308962, 35.521256 ], [ 140.309017, 35.521256 ], [ 140.309017, 35.521302 ], [ 140.309128, 35.521302 ], [ 140.309128, 35.521392 ], [ 140.309017, 35.521392 ], [ 140.309017, 35.521482 ], [ 140.309017, 35.521799 ], [ 140.309073, 35.521799 ], [ 140.309073, 35.521889 ], [ 140.309462, 35.521889 ], [ 140.309462, 35.521935 ], [ 140.309573, 35.521935 ], [ 140.309573, 35.52198 ], [ 140.30985, 35.52198 ], [ 140.30985, 35.52207 ], [ 140.310017, 35.52207 ], [ 140.310017, 35.522115 ], [ 140.310239, 35.522115 ], [ 140.310239, 35.522161 ], [ 140.310462, 35.522161 ], [ 140.310462, 35.52198 ], [ 140.310573, 35.52198 ], [ 140.310573, 35.522161 ], [ 140.310517, 35.522161 ], [ 140.310517, 35.522206 ], [ 140.310517, 35.522251 ], [ 140.310628, 35.522251 ], [ 140.310684, 35.522251 ], [ 140.310795, 35.522251 ], [ 140.310795, 35.522387 ], [ 140.310406, 35.522387 ], [ 140.310406, 35.522477 ], [ 140.310517, 35.522477 ], [ 140.310517, 35.522522 ], [ 140.310406, 35.522522 ], [ 140.310406, 35.522477 ], [ 140.310295, 35.522477 ], [ 140.310295, 35.522522 ], [ 140.31035, 35.522522 ], [ 140.31035, 35.522568 ], [ 140.310406, 35.522568 ], [ 140.310406, 35.522613 ], [ 140.31035, 35.522613 ], [ 140.31035, 35.522749 ], [ 140.310462, 35.522749 ], [ 140.310462, 35.522658 ], [ 140.310517, 35.522658 ], [ 140.310517, 35.522613 ], [ 140.310573, 35.522613 ], [ 140.310573, 35.522658 ], [ 140.310517, 35.522658 ], [ 140.310517, 35.522749 ], [ 140.310462, 35.522749 ], [ 140.310462, 35.522794 ], [ 140.310406, 35.522794 ], [ 140.310406, 35.522839 ], [ 140.31035, 35.522839 ], [ 140.31035, 35.522884 ], [ 140.310128, 35.522884 ], [ 140.310128, 35.522929 ], [ 140.310184, 35.522929 ], [ 140.310184, 35.522975 ], [ 140.310295, 35.522975 ], [ 140.310295, 35.522929 ], [ 140.310462, 35.522929 ], [ 140.310462, 35.522884 ], [ 140.310517, 35.522884 ], [ 140.310517, 35.522839 ], [ 140.310628, 35.522839 ], [ 140.310628, 35.522794 ], [ 140.310684, 35.522794 ], [ 140.310684, 35.522749 ], [ 140.311073, 35.522749 ], [ 140.311073, 35.522794 ], [ 140.31135, 35.522794 ], [ 140.31135, 35.522749 ], [ 140.311684, 35.522749 ], [ 140.311684, 35.522658 ], [ 140.311962, 35.522658 ], [ 140.311962, 35.522613 ], [ 140.312128, 35.522613 ], [ 140.312128, 35.522568 ], [ 140.312184, 35.522568 ], [ 140.312184, 35.522522 ], [ 140.312184, 35.522477 ], [ 140.312073, 35.522477 ], [ 140.312073, 35.522522 ], [ 140.312017, 35.522522 ], [ 140.312017, 35.522568 ], [ 140.311573, 35.522568 ], [ 140.311573, 35.522387 ], [ 140.311628, 35.522387 ], [ 140.311628, 35.522251 ], [ 140.311573, 35.522251 ], [ 140.311573, 35.522206 ], [ 140.311628, 35.522206 ], [ 140.311628, 35.522161 ], [ 140.311684, 35.522161 ], [ 140.311684, 35.522115 ], [ 140.312017, 35.522115 ], [ 140.312017, 35.521799 ], [ 140.312073, 35.521799 ], [ 140.312073, 35.521754 ], [ 140.312128, 35.521754 ], [ 140.312128, 35.521709 ], [ 140.312295, 35.521709 ], [ 140.312295, 35.521618 ], [ 140.31235, 35.521618 ], [ 140.31235, 35.521573 ], [ 140.312406, 35.521573 ] ], [ [ 140.311628, 35.52207 ], [ 140.311628, 35.522115 ], [ 140.311573, 35.522115 ], [ 140.311573, 35.52207 ], [ 140.311628, 35.52207 ] ], [ [ 140.311128, 35.522161 ], [ 140.311239, 35.522161 ], [ 140.311239, 35.522206 ], [ 140.311128, 35.522206 ], [ 140.311128, 35.522161 ], [ 140.311017, 35.522161 ], [ 140.311017, 35.522206 ], [ 140.310906, 35.522206 ], [ 140.310906, 35.522161 ], [ 140.311017, 35.522161 ], [ 140.311017, 35.52207 ], [ 140.311073, 35.52207 ], [ 140.311073, 35.522115 ], [ 140.311128, 35.522115 ], [ 140.311128, 35.522161 ] ] ], [ [ [ 140.313739, 35.522929 ], [ 140.313684, 35.522929 ], [ 140.313684, 35.522975 ], [ 140.313739, 35.522975 ], [ 140.313739, 35.522929 ] ] ], [ [ [ 140.306239, 35.522929 ], [ 140.306184, 35.522929 ], [ 140.306184, 35.523065 ], [ 140.306239, 35.523065 ], [ 140.306239, 35.522929 ] ] ], [ [ [ 140.313906, 35.522975 ], [ 140.31385, 35.522975 ], [ 140.31385, 35.523065 ], [ 140.313906, 35.523065 ], [ 140.313906, 35.522975 ] ] ], [ [ [ 140.314073, 35.523065 ], [ 140.314017, 35.523065 ], [ 140.314017, 35.52311 ], [ 140.314073, 35.52311 ], [ 140.314073, 35.523065 ] ] ], [ [ [ 140.315239, 35.52311 ], [ 140.31535, 35.52311 ], [ 140.31535, 35.522975 ], [ 140.315295, 35.522975 ], [ 140.315295, 35.523065 ], [ 140.315239, 35.523065 ], [ 140.315239, 35.52311 ] ] ], [ [ [ 140.301962, 35.523155 ], [ 140.301962, 35.52311 ], [ 140.301906, 35.52311 ], [ 140.301906, 35.523155 ], [ 140.301962, 35.523155 ] ] ], [ [ [ 140.306684, 35.522975 ], [ 140.306739, 35.522975 ], [ 140.306739, 35.523065 ], [ 140.306684, 35.523065 ], [ 140.306684, 35.522975 ], [ 140.306628, 35.522975 ], [ 140.306628, 35.52311 ], [ 140.306684, 35.52311 ], [ 140.306684, 35.523155 ], [ 140.30685, 35.523155 ], [ 140.30685, 35.522975 ], [ 140.306795, 35.522975 ], [ 140.306795, 35.522929 ], [ 140.306684, 35.522929 ], [ 140.306684, 35.522975 ] ] ], [ [ [ 140.307239, 35.52311 ], [ 140.307017, 35.52311 ], [ 140.307017, 35.523155 ], [ 140.30735, 35.523155 ], [ 140.30735, 35.52311 ], [ 140.307239, 35.52311 ] ] ], [ [ [ 140.305017, 35.522387 ], [ 140.305017, 35.522522 ], [ 140.304962, 35.522522 ], [ 140.304962, 35.522477 ], [ 140.30485, 35.522477 ], [ 140.30485, 35.522387 ], [ 140.304906, 35.522387 ], [ 140.304906, 35.522296 ], [ 140.30485, 35.522296 ], [ 140.30485, 35.522251 ], [ 140.304962, 35.522251 ], [ 140.304962, 35.522387 ], [ 140.305017, 35.522387 ], [ 140.305017, 35.522296 ], [ 140.305128, 35.522296 ], [ 140.305128, 35.522251 ], [ 140.30535, 35.522251 ], [ 140.30535, 35.522206 ], [ 140.305462, 35.522206 ], [ 140.305462, 35.522251 ], [ 140.305517, 35.522251 ], [ 140.305573, 35.522251 ], [ 140.305573, 35.522206 ], [ 140.305628, 35.522206 ], [ 140.305628, 35.522251 ], [ 140.305684, 35.522251 ], [ 140.305684, 35.522296 ], [ 140.305739, 35.522296 ], [ 140.305739, 35.522568 ], [ 140.305684, 35.522568 ], [ 140.305684, 35.522839 ], [ 140.305795, 35.522839 ], [ 140.305795, 35.522794 ], [ 140.30585, 35.522794 ], [ 140.30585, 35.522749 ], [ 140.305795, 35.522749 ], [ 140.305795, 35.522206 ], [ 140.30585, 35.522206 ], [ 140.30585, 35.522161 ], [ 140.305906, 35.522161 ], [ 140.306017, 35.522161 ], [ 140.306017, 35.522206 ], [ 140.306462, 35.522206 ], [ 140.306462, 35.522161 ], [ 140.306462, 35.522115 ], [ 140.306684, 35.522115 ], [ 140.306684, 35.52207 ], [ 140.306517, 35.52207 ], [ 140.306517, 35.52198 ], [ 140.306462, 35.52198 ], [ 140.306462, 35.521935 ], [ 140.306517, 35.521935 ], [ 140.306517, 35.521754 ], [ 140.306462, 35.521754 ], [ 140.306462, 35.521618 ], [ 140.306295, 35.521618 ], [ 140.306295, 35.521709 ], [ 140.306239, 35.521709 ], [ 140.306239, 35.521754 ], [ 140.30635, 35.521754 ], [ 140.30635, 35.521799 ], [ 140.306295, 35.521799 ], [ 140.306295, 35.521844 ], [ 140.306239, 35.521844 ], [ 140.306239, 35.521889 ], [ 140.306184, 35.521889 ], [ 140.306184, 35.521844 ], [ 140.306239, 35.521844 ], [ 140.306239, 35.521799 ], [ 140.306184, 35.521799 ], [ 140.306184, 35.521754 ], [ 140.306017, 35.521754 ], [ 140.306017, 35.521844 ], [ 140.306073, 35.521844 ], [ 140.306073, 35.52207 ], [ 140.306017, 35.52207 ], [ 140.306017, 35.522115 ], [ 140.305739, 35.522115 ], [ 140.305739, 35.521889 ], [ 140.305684, 35.521889 ], [ 140.305684, 35.521844 ], [ 140.305628, 35.521844 ], [ 140.305628, 35.522115 ], [ 140.305517, 35.522115 ], [ 140.305517, 35.52207 ], [ 140.305573, 35.52207 ], [ 140.305573, 35.52198 ], [ 140.305517, 35.52198 ], [ 140.305517, 35.521889 ], [ 140.305573, 35.521889 ], [ 140.305573, 35.521844 ], [ 140.305517, 35.521844 ], [ 140.305517, 35.521754 ], [ 140.305573, 35.521754 ], [ 140.305573, 35.521799 ], [ 140.305684, 35.521799 ], [ 140.305684, 35.521709 ], [ 140.305684, 35.521618 ], [ 140.305684, 35.521392 ], [ 140.305628, 35.521392 ], [ 140.305628, 35.521437 ], [ 140.305573, 35.521437 ], [ 140.305573, 35.521573 ], [ 140.305628, 35.521573 ], [ 140.305628, 35.521618 ], [ 140.305462, 35.521618 ], [ 140.305462, 35.521709 ], [ 140.305406, 35.521709 ], [ 140.305406, 35.521889 ], [ 140.305462, 35.521889 ], [ 140.305462, 35.522161 ], [ 140.305184, 35.522161 ], [ 140.305184, 35.522206 ], [ 140.304906, 35.522206 ], [ 140.304906, 35.522161 ], [ 140.30485, 35.522161 ], [ 140.30485, 35.522115 ], [ 140.304906, 35.522115 ], [ 140.304906, 35.52207 ], [ 140.30485, 35.52207 ], [ 140.30485, 35.52198 ], [ 140.304906, 35.52198 ], [ 140.304906, 35.521935 ], [ 140.304795, 35.521935 ], [ 140.304795, 35.521889 ], [ 140.30485, 35.521889 ], [ 140.30485, 35.521799 ], [ 140.304795, 35.521799 ], [ 140.304795, 35.521754 ], [ 140.304462, 35.521754 ], [ 140.304462, 35.521799 ], [ 140.304017, 35.521799 ], [ 140.304017, 35.521844 ], [ 140.303628, 35.521844 ], [ 140.303628, 35.522251 ], [ 140.304073, 35.522251 ], [ 140.304073, 35.522206 ], [ 140.304128, 35.522206 ], [ 140.304128, 35.522251 ], [ 140.304239, 35.522251 ], [ 140.304239, 35.522296 ], [ 140.304128, 35.522296 ], [ 140.304128, 35.522251 ], [ 140.304073, 35.522251 ], [ 140.304073, 35.522387 ], [ 140.303739, 35.522387 ], [ 140.303739, 35.522296 ], [ 140.303628, 35.522296 ], [ 140.303628, 35.522387 ], [ 140.303517, 35.522387 ], [ 140.303517, 35.522477 ], [ 140.303239, 35.522477 ], [ 140.303239, 35.522387 ], [ 140.303184, 35.522387 ], [ 140.303184, 35.522477 ], [ 140.303128, 35.522477 ], [ 140.303128, 35.522387 ], [ 140.303017, 35.522387 ], [ 140.303017, 35.522477 ], [ 140.303073, 35.522477 ], [ 140.303073, 35.522568 ], [ 140.303128, 35.522568 ], [ 140.303128, 35.522749 ], [ 140.303239, 35.522749 ], [ 140.303239, 35.522794 ], [ 140.303184, 35.522794 ], [ 140.303184, 35.522839 ], [ 140.303239, 35.522839 ], [ 140.303239, 35.522884 ], [ 140.30335, 35.522884 ], [ 140.30335, 35.522929 ], [ 140.303406, 35.522929 ], [ 140.303406, 35.522884 ], [ 140.303795, 35.522884 ], [ 140.303795, 35.522929 ], [ 140.303739, 35.522929 ], [ 140.303739, 35.522975 ], [ 140.303906, 35.522975 ], [ 140.303906, 35.523065 ], [ 140.303962, 35.523065 ], [ 140.303962, 35.522975 ], [ 140.304017, 35.522975 ], [ 140.304017, 35.522929 ], [ 140.304073, 35.522929 ], [ 140.304073, 35.522975 ], [ 140.304184, 35.522975 ], [ 140.304184, 35.522929 ], [ 140.304239, 35.522929 ], [ 140.304239, 35.522839 ], [ 140.304517, 35.522839 ], [ 140.304517, 35.522794 ], [ 140.304684, 35.522794 ], [ 140.304684, 35.522749 ], [ 140.30485, 35.522749 ], [ 140.30485, 35.522794 ], [ 140.304962, 35.522794 ], [ 140.304962, 35.522839 ], [ 140.305073, 35.522839 ], [ 140.305073, 35.522884 ], [ 140.305184, 35.522884 ], [ 140.305184, 35.522839 ], [ 140.305239, 35.522839 ], [ 140.305239, 35.522884 ], [ 140.305184, 35.522884 ], [ 140.305184, 35.522929 ], [ 140.30535, 35.522929 ], [ 140.30535, 35.523065 ], [ 140.305184, 35.523065 ], [ 140.305184, 35.52311 ], [ 140.305128, 35.52311 ], [ 140.305128, 35.523155 ], [ 140.305073, 35.523155 ], [ 140.305073, 35.523201 ], [ 140.305628, 35.523201 ], [ 140.305628, 35.523065 ], [ 140.305573, 35.523065 ], [ 140.305462, 35.523065 ], [ 140.305462, 35.522975 ], [ 140.305573, 35.522975 ], [ 140.305573, 35.522794 ], [ 140.305628, 35.522794 ], [ 140.305628, 35.522749 ], [ 140.305573, 35.522749 ], [ 140.305573, 35.522522 ], [ 140.305517, 35.522522 ], [ 140.305517, 35.522794 ], [ 140.305462, 35.522794 ], [ 140.305462, 35.522749 ], [ 140.305406, 35.522749 ], [ 140.305406, 35.522794 ], [ 140.305128, 35.522794 ], [ 140.305128, 35.522522 ], [ 140.305073, 35.522522 ], [ 140.305073, 35.522387 ], [ 140.305017, 35.522387 ] ], [ [ 140.305517, 35.522839 ], [ 140.305517, 35.522884 ], [ 140.305406, 35.522884 ], [ 140.305406, 35.522839 ], [ 140.305517, 35.522839 ] ], [ [ 140.304406, 35.522296 ], [ 140.304406, 35.522251 ], [ 140.304462, 35.522251 ], [ 140.304462, 35.522296 ], [ 140.304406, 35.522296 ] ], [ [ 140.30435, 35.522251 ], [ 140.30435, 35.522296 ], [ 140.304295, 35.522296 ], [ 140.304295, 35.522251 ], [ 140.30435, 35.522251 ] ], [ [ 140.306295, 35.52207 ], [ 140.306295, 35.521889 ], [ 140.30635, 35.521889 ], [ 140.30635, 35.52207 ], [ 140.306295, 35.52207 ] ] ], [ [ [ 140.314295, 35.523155 ], [ 140.314239, 35.523155 ], [ 140.314239, 35.523201 ], [ 140.314295, 35.523201 ], [ 140.314295, 35.523155 ] ] ], [ [ [ 140.30285, 35.523155 ], [ 140.302795, 35.523155 ], [ 140.302795, 35.523291 ], [ 140.30285, 35.523291 ], [ 140.30285, 35.523155 ] ] ], [ [ [ 140.310239, 35.522477 ], [ 140.310128, 35.522477 ], [ 140.310128, 35.522387 ], [ 140.310017, 35.522387 ], [ 140.309962, 35.522387 ], [ 140.309962, 35.522477 ], [ 140.30935, 35.522477 ], [ 140.309239, 35.522477 ], [ 140.309239, 35.522522 ], [ 140.309295, 35.522522 ], [ 140.309295, 35.522749 ], [ 140.309239, 35.522749 ], [ 140.309239, 35.522613 ], [ 140.309184, 35.522613 ], [ 140.309184, 35.522658 ], [ 140.309128, 35.522658 ], [ 140.309128, 35.522568 ], [ 140.309184, 35.522568 ], [ 140.309184, 35.522522 ], [ 140.309128, 35.522522 ], [ 140.309128, 35.522477 ], [ 140.308906, 35.522477 ], [ 140.308906, 35.522522 ], [ 140.308739, 35.522522 ], [ 140.308517, 35.522522 ], [ 140.308517, 35.522929 ], [ 140.308573, 35.522929 ], [ 140.308573, 35.522975 ], [ 140.308684, 35.522975 ], [ 140.308684, 35.523065 ], [ 140.308517, 35.523065 ], [ 140.308517, 35.522975 ], [ 140.308517, 35.522929 ], [ 140.308406, 35.522929 ], [ 140.308406, 35.522975 ], [ 140.308184, 35.522975 ], [ 140.308184, 35.523065 ], [ 140.308295, 35.523065 ], [ 140.308295, 35.52311 ], [ 140.30835, 35.52311 ], [ 140.30835, 35.523155 ], [ 140.308462, 35.523155 ], [ 140.308462, 35.523201 ], [ 140.308517, 35.523201 ], [ 140.308517, 35.523155 ], [ 140.308573, 35.523155 ], [ 140.308573, 35.523291 ], [ 140.308628, 35.523291 ], [ 140.308628, 35.523201 ], [ 140.308962, 35.523201 ], [ 140.308962, 35.523155 ], [ 140.309184, 35.523155 ], [ 140.309184, 35.52311 ], [ 140.309128, 35.52311 ], [ 140.309128, 35.523065 ], [ 140.309184, 35.523065 ], [ 140.309184, 35.522975 ], [ 140.308739, 35.522975 ], [ 140.308739, 35.522929 ], [ 140.309239, 35.522929 ], [ 140.309239, 35.522975 ], [ 140.30935, 35.522975 ], [ 140.30935, 35.523065 ], [ 140.309406, 35.523065 ], [ 140.309406, 35.522975 ], [ 140.309517, 35.522975 ], [ 140.309517, 35.523065 ], [ 140.309573, 35.523065 ], [ 140.309573, 35.522975 ], [ 140.309628, 35.522975 ], [ 140.309628, 35.523065 ], [ 140.309906, 35.523065 ], [ 140.309906, 35.522975 ], [ 140.310017, 35.522975 ], [ 140.310017, 35.522929 ], [ 140.310073, 35.522929 ], [ 140.310073, 35.522884 ], [ 140.310017, 35.522884 ], [ 140.310017, 35.522839 ], [ 140.310184, 35.522839 ], [ 140.310184, 35.522794 ], [ 140.310239, 35.522794 ], [ 140.310239, 35.522568 ], [ 140.310184, 35.522568 ], [ 140.310184, 35.522522 ], [ 140.310239, 35.522522 ], [ 140.310239, 35.522477 ] ], [ [ 140.30985, 35.522884 ], [ 140.30985, 35.522929 ], [ 140.309295, 35.522929 ], [ 140.309295, 35.522884 ], [ 140.30985, 35.522884 ] ], [ [ 140.308962, 35.522613 ], [ 140.308962, 35.522522 ], [ 140.309073, 35.522522 ], [ 140.309073, 35.522613 ], [ 140.308962, 35.522613 ] ] ], [ [ [ 140.31335, 35.523201 ], [ 140.313295, 35.523201 ], [ 140.313295, 35.523155 ], [ 140.31335, 35.523155 ], [ 140.31335, 35.523201 ], [ 140.313406, 35.523201 ], [ 140.313406, 35.523291 ], [ 140.313462, 35.523291 ], [ 140.313462, 35.523201 ], [ 140.313517, 35.523201 ], [ 140.313517, 35.523155 ], [ 140.313628, 35.523155 ], [ 140.313628, 35.523201 ], [ 140.313795, 35.523201 ], [ 140.313795, 35.523155 ], [ 140.31385, 35.523155 ], [ 140.31385, 35.52311 ], [ 140.313573, 35.52311 ], [ 140.313573, 35.523065 ], [ 140.313517, 35.523065 ], [ 140.313517, 35.522975 ], [ 140.31335, 35.522975 ], [ 140.31335, 35.522929 ], [ 140.313239, 35.522929 ], [ 140.313239, 35.522975 ], [ 140.313184, 35.522975 ], [ 140.313184, 35.522929 ], [ 140.313128, 35.522929 ], [ 140.313128, 35.523065 ], [ 140.313073, 35.523065 ], [ 140.313073, 35.52311 ], [ 140.312962, 35.52311 ], [ 140.312962, 35.523155 ], [ 140.313017, 35.523155 ], [ 140.313017, 35.523201 ], [ 140.313073, 35.523201 ], [ 140.313073, 35.523291 ], [ 140.313239, 35.523291 ], [ 140.313239, 35.523336 ], [ 140.313295, 35.523336 ], [ 140.313295, 35.523291 ], [ 140.31335, 35.523291 ], [ 140.31335, 35.523201 ] ] ], [ [ [ 140.313184, 35.523427 ], [ 140.313184, 35.523336 ], [ 140.313128, 35.523336 ], [ 140.313128, 35.523427 ], [ 140.313184, 35.523427 ] ] ], [ [ [ 140.313739, 35.523336 ], [ 140.313684, 35.523336 ], [ 140.313684, 35.523427 ], [ 140.313739, 35.523427 ], [ 140.313739, 35.523336 ] ] ], [ [ [ 140.314628, 35.523336 ], [ 140.314573, 35.523336 ], [ 140.314573, 35.523427 ], [ 140.314628, 35.523427 ], [ 140.314628, 35.523336 ] ] ], [ [ [ 140.315184, 35.52311 ], [ 140.315184, 35.523065 ], [ 140.315184, 35.522975 ], [ 140.315239, 35.522975 ], [ 140.315239, 35.522929 ], [ 140.315295, 35.522929 ], [ 140.315295, 35.522884 ], [ 140.31535, 35.522884 ], [ 140.31535, 35.522839 ], [ 140.315406, 35.522839 ], [ 140.315406, 35.522749 ], [ 140.315462, 35.522749 ], [ 140.315462, 35.522658 ], [ 140.315517, 35.522658 ], [ 140.315517, 35.522749 ], [ 140.315573, 35.522749 ], [ 140.315573, 35.522613 ], [ 140.315517, 35.522613 ], [ 140.315517, 35.522568 ], [ 140.315573, 35.522568 ], [ 140.315573, 35.522522 ], [ 140.315573, 35.522477 ], [ 140.315517, 35.522477 ], [ 140.315517, 35.522387 ], [ 140.315462, 35.522387 ], [ 140.315462, 35.522477 ], [ 140.31535, 35.522477 ], [ 140.31535, 35.522522 ], [ 140.315239, 35.522522 ], [ 140.315239, 35.522568 ], [ 140.315295, 35.522568 ], [ 140.315295, 35.522749 ], [ 140.315239, 35.522749 ], [ 140.315239, 35.522794 ], [ 140.315184, 35.522794 ], [ 140.315184, 35.522839 ], [ 140.315128, 35.522839 ], [ 140.315128, 35.522884 ], [ 140.315017, 35.522884 ], [ 140.315017, 35.522839 ], [ 140.314962, 35.522839 ], [ 140.314962, 35.522884 ], [ 140.314906, 35.522884 ], [ 140.314906, 35.522839 ], [ 140.31485, 35.522839 ], [ 140.31485, 35.522884 ], [ 140.314795, 35.522884 ], [ 140.314795, 35.522839 ], [ 140.314739, 35.522839 ], [ 140.314739, 35.522794 ], [ 140.314684, 35.522794 ], [ 140.314684, 35.522658 ], [ 140.314628, 35.522658 ], [ 140.314628, 35.522794 ], [ 140.314573, 35.522794 ], [ 140.314573, 35.522658 ], [ 140.314517, 35.522658 ], [ 140.314517, 35.522613 ], [ 140.314628, 35.522613 ], [ 140.314628, 35.522522 ], [ 140.314573, 35.522522 ], [ 140.314573, 35.522387 ], [ 140.314628, 35.522387 ], [ 140.314628, 35.522522 ], [ 140.314684, 35.522522 ], [ 140.314684, 35.522387 ], [ 140.314739, 35.522387 ], [ 140.314739, 35.522296 ], [ 140.314795, 35.522296 ], [ 140.314795, 35.522206 ], [ 140.314906, 35.522206 ], [ 140.314906, 35.52207 ], [ 140.314795, 35.52207 ], [ 140.314795, 35.521935 ], [ 140.314628, 35.521935 ], [ 140.314628, 35.52198 ], [ 140.314573, 35.52198 ], [ 140.314573, 35.521935 ], [ 140.314517, 35.521935 ], [ 140.314517, 35.522115 ], [ 140.314573, 35.522115 ], [ 140.314573, 35.522161 ], [ 140.314517, 35.522161 ], [ 140.314517, 35.522251 ], [ 140.314406, 35.522251 ], [ 140.314406, 35.522206 ], [ 140.314239, 35.522206 ], [ 140.314239, 35.522251 ], [ 140.31385, 35.522251 ], [ 140.31385, 35.522206 ], [ 140.313795, 35.522206 ], [ 140.313795, 35.522251 ], [ 140.313795, 35.522387 ], [ 140.31385, 35.522387 ], [ 140.31385, 35.522522 ], [ 140.313795, 35.522522 ], [ 140.313795, 35.522387 ], [ 140.313739, 35.522387 ], [ 140.313739, 35.522477 ], [ 140.313684, 35.522477 ], [ 140.313684, 35.522522 ], [ 140.313517, 35.522522 ], [ 140.313517, 35.522613 ], [ 140.313628, 35.522613 ], [ 140.313628, 35.522658 ], [ 140.313795, 35.522658 ], [ 140.313795, 35.522613 ], [ 140.31385, 35.522613 ], [ 140.31385, 35.522658 ], [ 140.313795, 35.522658 ], [ 140.313795, 35.522749 ], [ 140.313906, 35.522749 ], [ 140.313906, 35.522658 ], [ 140.313962, 35.522658 ], [ 140.313962, 35.522749 ], [ 140.314017, 35.522749 ], [ 140.314017, 35.522613 ], [ 140.314073, 35.522613 ], [ 140.314073, 35.522749 ], [ 140.314017, 35.522749 ], [ 140.314017, 35.522884 ], [ 140.314073, 35.522884 ], [ 140.314128, 35.522884 ], [ 140.314128, 35.522839 ], [ 140.314184, 35.522839 ], [ 140.314184, 35.522929 ], [ 140.314239, 35.522929 ], [ 140.314239, 35.522975 ], [ 140.314295, 35.522975 ], [ 140.314295, 35.523065 ], [ 140.314406, 35.523065 ], [ 140.314406, 35.52311 ], [ 140.314517, 35.52311 ], [ 140.314517, 35.523155 ], [ 140.314684, 35.523155 ], [ 140.314684, 35.523201 ], [ 140.314739, 35.523201 ], [ 140.314739, 35.52311 ], [ 140.314684, 35.52311 ], [ 140.314684, 35.522975 ], [ 140.314628, 35.522975 ], [ 140.314628, 35.522884 ], [ 140.314573, 35.522884 ], [ 140.314573, 35.522839 ], [ 140.314628, 35.522839 ], [ 140.314628, 35.522884 ], [ 140.314684, 35.522884 ], [ 140.314684, 35.522929 ], [ 140.314739, 35.522929 ], [ 140.314739, 35.523065 ], [ 140.314795, 35.523065 ], [ 140.314795, 35.52311 ], [ 140.31485, 35.52311 ], [ 140.31485, 35.523201 ], [ 140.314906, 35.523201 ], [ 140.314906, 35.523291 ], [ 140.314962, 35.523291 ], [ 140.314962, 35.523427 ], [ 140.315017, 35.523427 ], [ 140.315017, 35.523336 ], [ 140.315017, 35.523201 ], [ 140.315073, 35.523201 ], [ 140.315073, 35.523155 ], [ 140.315128, 35.523155 ], [ 140.315128, 35.52311 ], [ 140.315184, 35.52311 ] ], [ [ 140.314462, 35.522839 ], [ 140.314462, 35.522794 ], [ 140.314517, 35.522794 ], [ 140.314517, 35.522839 ], [ 140.314462, 35.522839 ] ], [ [ 140.314406, 35.522794 ], [ 140.314406, 35.522839 ], [ 140.31435, 35.522839 ], [ 140.31435, 35.522794 ], [ 140.314406, 35.522794 ] ], [ [ 140.313906, 35.522522 ], [ 140.313906, 35.522477 ], [ 140.313962, 35.522477 ], [ 140.313962, 35.522522 ], [ 140.313906, 35.522522 ] ], [ [ 140.313906, 35.522387 ], [ 140.313906, 35.522296 ], [ 140.313962, 35.522296 ], [ 140.313962, 35.522387 ], [ 140.313906, 35.522387 ] ], [ [ 140.314573, 35.522251 ], [ 140.314573, 35.522206 ], [ 140.314628, 35.522206 ], [ 140.314628, 35.522251 ], [ 140.314573, 35.522251 ] ], [ [ 140.314795, 35.522161 ], [ 140.314795, 35.522115 ], [ 140.31485, 35.522115 ], [ 140.31485, 35.522161 ], [ 140.314795, 35.522161 ] ], [ [ 140.314684, 35.522115 ], [ 140.314684, 35.522161 ], [ 140.314628, 35.522161 ], [ 140.314628, 35.522115 ], [ 140.314684, 35.522115 ] ] ], [ [ [ 140.315239, 35.52311 ], [ 140.315184, 35.52311 ], [ 140.315184, 35.523201 ], [ 140.315128, 35.523201 ], [ 140.315128, 35.523291 ], [ 140.315073, 35.523291 ], [ 140.315073, 35.523336 ], [ 140.315128, 35.523336 ], [ 140.315128, 35.523427 ], [ 140.31535, 35.523427 ], [ 140.31535, 35.523336 ], [ 140.315295, 35.523336 ], [ 140.315295, 35.523201 ], [ 140.315239, 35.523201 ], [ 140.315239, 35.52311 ] ] ], [ [ [ 140.315739, 35.523427 ], [ 140.315795, 35.523427 ], [ 140.315795, 35.523336 ], [ 140.315739, 35.523336 ], [ 140.315739, 35.523427 ] ] ], [ [ [ 140.302517, 35.523427 ], [ 140.302517, 35.523472 ], [ 140.302573, 35.523472 ], [ 140.302573, 35.523427 ], [ 140.302517, 35.523427 ] ] ], [ [ [ 140.302684, 35.523336 ], [ 140.302628, 35.523336 ], [ 140.302628, 35.523472 ], [ 140.302684, 35.523472 ], [ 140.302684, 35.523336 ] ] ], [ [ [ 140.313184, 35.523427 ], [ 140.313184, 35.523472 ], [ 140.313239, 35.523472 ], [ 140.313239, 35.523427 ], [ 140.313184, 35.523427 ] ] ], [ [ [ 140.301628, 35.523472 ], [ 140.301573, 35.523472 ], [ 140.301573, 35.523517 ], [ 140.301628, 35.523517 ], [ 140.301628, 35.523472 ] ] ], [ [ [ 140.302517, 35.523472 ], [ 140.302462, 35.523472 ], [ 140.302462, 35.523517 ], [ 140.302517, 35.523517 ], [ 140.302517, 35.523472 ] ] ], [ [ [ 140.30285, 35.523517 ], [ 140.302906, 35.523517 ], [ 140.302906, 35.523472 ], [ 140.30285, 35.523472 ], [ 140.30285, 35.523517 ] ] ], [ [ [ 140.313128, 35.523472 ], [ 140.313073, 35.523472 ], [ 140.313073, 35.523517 ], [ 140.313128, 35.523517 ], [ 140.313128, 35.523472 ] ] ], [ [ [ 140.315739, 35.523427 ], [ 140.315684, 35.523427 ], [ 140.315684, 35.523336 ], [ 140.315628, 35.523336 ], [ 140.315628, 35.523472 ], [ 140.315684, 35.523472 ], [ 140.315684, 35.523608 ], [ 140.315739, 35.523608 ], [ 140.315739, 35.523562 ], [ 140.315795, 35.523562 ], [ 140.315795, 35.523517 ], [ 140.315739, 35.523517 ], [ 140.315739, 35.523427 ] ] ], [ [ [ 140.302406, 35.523608 ], [ 140.302406, 35.523653 ], [ 140.302517, 35.523653 ], [ 140.302517, 35.523608 ], [ 140.302406, 35.523608 ] ] ], [ [ [ 140.31485, 35.523608 ], [ 140.314795, 35.523608 ], [ 140.314795, 35.523653 ], [ 140.31485, 35.523653 ], [ 140.31485, 35.523608 ] ] ], [ [ [ 140.306795, 35.523608 ], [ 140.306739, 35.523608 ], [ 140.306739, 35.523562 ], [ 140.306795, 35.523562 ], [ 140.306795, 35.523608 ], [ 140.306906, 35.523608 ], [ 140.306906, 35.523562 ], [ 140.307017, 35.523562 ], [ 140.307017, 35.523608 ], [ 140.307073, 35.523608 ], [ 140.307073, 35.523517 ], [ 140.307184, 35.523517 ], [ 140.307184, 35.523562 ], [ 140.307295, 35.523562 ], [ 140.307295, 35.523517 ], [ 140.30735, 35.523517 ], [ 140.30735, 35.523291 ], [ 140.307295, 35.523291 ], [ 140.307295, 35.523427 ], [ 140.307017, 35.523427 ], [ 140.307017, 35.523472 ], [ 140.30685, 35.523472 ], [ 140.30685, 35.523517 ], [ 140.306517, 35.523517 ], [ 140.306517, 35.523427 ], [ 140.306462, 35.523427 ], [ 140.306462, 35.523155 ], [ 140.306406, 35.523155 ], [ 140.306406, 35.523201 ], [ 140.306295, 35.523201 ], [ 140.306295, 35.523291 ], [ 140.306239, 35.523291 ], [ 140.306239, 35.523201 ], [ 140.306295, 35.523201 ], [ 140.306295, 35.523155 ], [ 140.306239, 35.523155 ], [ 140.306017, 35.523155 ], [ 140.306017, 35.523201 ], [ 140.306128, 35.523201 ], [ 140.306128, 35.523336 ], [ 140.306239, 35.523336 ], [ 140.306239, 35.523427 ], [ 140.30635, 35.523427 ], [ 140.30635, 35.523472 ], [ 140.306406, 35.523472 ], [ 140.306406, 35.523562 ], [ 140.306462, 35.523562 ], [ 140.306462, 35.523743 ], [ 140.306573, 35.523743 ], [ 140.306573, 35.523653 ], [ 140.306795, 35.523653 ], [ 140.306795, 35.523608 ] ], [ [ 140.306628, 35.523608 ], [ 140.306628, 35.523562 ], [ 140.306684, 35.523562 ], [ 140.306684, 35.523608 ], [ 140.306628, 35.523608 ] ] ], [ [ [ 140.315406, 35.523653 ], [ 140.31535, 35.523653 ], [ 140.31535, 35.523743 ], [ 140.315406, 35.523743 ], [ 140.315406, 35.523653 ] ] ], [ [ [ 140.315684, 35.523653 ], [ 140.315628, 35.523653 ], [ 140.315628, 35.523743 ], [ 140.315684, 35.523743 ], [ 140.315684, 35.523653 ] ] ], [ [ [ 140.30285, 35.523517 ], [ 140.302684, 35.523517 ], [ 140.302684, 35.523608 ], [ 140.302628, 35.523608 ], [ 140.302628, 35.523788 ], [ 140.302684, 35.523788 ], [ 140.302684, 35.523743 ], [ 140.302739, 35.523743 ], [ 140.302739, 35.523653 ], [ 140.302795, 35.523653 ], [ 140.302795, 35.523562 ], [ 140.30285, 35.523562 ], [ 140.30285, 35.523517 ] ] ], [ [ [ 140.301573, 35.523608 ], [ 140.301517, 35.523608 ], [ 140.301517, 35.523788 ], [ 140.301573, 35.523788 ], [ 140.301573, 35.523834 ], [ 140.301684, 35.523834 ], [ 140.301684, 35.523788 ], [ 140.301628, 35.523788 ], [ 140.301628, 35.523653 ], [ 140.301573, 35.523653 ], [ 140.301573, 35.523608 ] ] ], [ [ [ 140.302628, 35.523788 ], [ 140.302573, 35.523788 ], [ 140.302573, 35.523834 ], [ 140.302628, 35.523834 ], [ 140.302628, 35.523788 ] ] ], [ [ [ 140.315073, 35.523788 ], [ 140.315073, 35.523834 ], [ 140.315128, 35.523834 ], [ 140.315128, 35.523788 ], [ 140.315073, 35.523788 ] ] ], [ [ [ 140.302128, 35.523653 ], [ 140.302073, 35.523653 ], [ 140.302073, 35.523608 ], [ 140.302128, 35.523608 ], [ 140.302128, 35.523653 ], [ 140.302239, 35.523653 ], [ 140.302239, 35.523562 ], [ 140.30235, 35.523562 ], [ 140.30235, 35.523608 ], [ 140.302406, 35.523608 ], [ 140.302406, 35.523562 ], [ 140.302462, 35.523562 ], [ 140.302462, 35.523517 ], [ 140.302406, 35.523517 ], [ 140.302406, 35.523472 ], [ 140.30235, 35.523472 ], [ 140.30235, 35.523427 ], [ 140.302406, 35.523427 ], [ 140.302406, 35.523472 ], [ 140.302462, 35.523472 ], [ 140.302462, 35.523427 ], [ 140.302517, 35.523427 ], [ 140.302517, 35.523336 ], [ 140.302573, 35.523336 ], [ 140.302573, 35.523291 ], [ 140.302684, 35.523291 ], [ 140.302684, 35.523201 ], [ 140.302739, 35.523201 ], [ 140.302739, 35.52311 ], [ 140.302684, 35.52311 ], [ 140.302684, 35.523065 ], [ 140.302906, 35.523065 ], [ 140.302906, 35.52311 ], [ 140.303017, 35.52311 ], [ 140.303017, 35.522929 ], [ 140.302962, 35.522929 ], [ 140.302962, 35.522975 ], [ 140.302906, 35.522975 ], [ 140.302906, 35.522929 ], [ 140.302962, 35.522929 ], [ 140.302962, 35.522839 ], [ 140.303017, 35.522839 ], [ 140.303017, 35.522794 ], [ 140.303073, 35.522794 ], [ 140.303073, 35.522749 ], [ 140.303017, 35.522749 ], [ 140.303017, 35.522658 ], [ 140.302962, 35.522658 ], [ 140.302962, 35.522613 ], [ 140.303073, 35.522613 ], [ 140.303073, 35.522568 ], [ 140.303017, 35.522568 ], [ 140.303017, 35.522522 ], [ 140.302962, 35.522522 ], [ 140.302962, 35.522568 ], [ 140.302906, 35.522568 ], [ 140.302906, 35.522522 ], [ 140.30285, 35.522522 ], [ 140.30285, 35.522613 ], [ 140.302739, 35.522613 ], [ 140.302739, 35.522658 ], [ 140.302684, 35.522658 ], [ 140.302684, 35.522749 ], [ 140.302628, 35.522749 ], [ 140.302628, 35.522794 ], [ 140.302573, 35.522794 ], [ 140.302573, 35.522839 ], [ 140.302517, 35.522839 ], [ 140.302517, 35.522794 ], [ 140.302462, 35.522794 ], [ 140.302462, 35.522839 ], [ 140.302406, 35.522839 ], [ 140.302406, 35.522884 ], [ 140.30235, 35.522884 ], [ 140.30235, 35.522929 ], [ 140.302406, 35.522929 ], [ 140.302406, 35.522975 ], [ 140.30235, 35.522975 ], [ 140.30235, 35.523065 ], [ 140.302295, 35.523065 ], [ 140.302295, 35.522975 ], [ 140.302239, 35.522975 ], [ 140.302239, 35.522929 ], [ 140.302184, 35.522929 ], [ 140.302184, 35.523065 ], [ 140.302128, 35.523065 ], [ 140.302128, 35.52311 ], [ 140.302017, 35.52311 ], [ 140.302017, 35.523155 ], [ 140.301962, 35.523155 ], [ 140.301962, 35.523201 ], [ 140.30185, 35.523201 ], [ 140.30185, 35.523291 ], [ 140.301795, 35.523291 ], [ 140.301795, 35.523336 ], [ 140.301684, 35.523336 ], [ 140.301684, 35.523427 ], [ 140.301628, 35.523427 ], [ 140.301628, 35.523472 ], [ 140.301684, 35.523472 ], [ 140.301684, 35.523562 ], [ 140.301739, 35.523562 ], [ 140.301739, 35.523608 ], [ 140.301684, 35.523608 ], [ 140.301684, 35.523653 ], [ 140.301739, 35.523653 ], [ 140.301739, 35.523788 ], [ 140.301795, 35.523788 ], [ 140.301795, 35.523834 ], [ 140.30185, 35.523834 ], [ 140.30185, 35.523879 ], [ 140.301906, 35.523879 ], [ 140.301906, 35.523834 ], [ 140.301906, 35.523788 ], [ 140.301962, 35.523788 ], [ 140.302017, 35.523788 ], [ 140.302017, 35.523743 ], [ 140.302128, 35.523743 ], [ 140.302128, 35.523653 ] ], [ [ 140.301795, 35.523653 ], [ 140.301795, 35.523608 ], [ 140.30185, 35.523608 ], [ 140.30185, 35.523517 ], [ 140.301906, 35.523517 ], [ 140.301906, 35.523562 ], [ 140.302017, 35.523562 ], [ 140.302017, 35.523608 ], [ 140.301906, 35.523608 ], [ 140.301906, 35.523653 ], [ 140.301795, 35.523653 ] ], [ [ 140.302684, 35.522884 ], [ 140.302684, 35.522839 ], [ 140.302739, 35.522839 ], [ 140.302739, 35.522794 ], [ 140.302795, 35.522794 ], [ 140.302795, 35.522839 ], [ 140.302739, 35.522839 ], [ 140.302739, 35.522884 ], [ 140.302684, 35.522884 ], [ 140.302684, 35.522929 ], [ 140.302628, 35.522929 ], [ 140.302628, 35.522975 ], [ 140.302517, 35.522975 ], [ 140.302517, 35.522929 ], [ 140.302573, 35.522929 ], [ 140.302573, 35.522884 ], [ 140.302684, 35.522884 ] ] ], [ [ [ 140.301795, 35.523879 ], [ 140.301739, 35.523879 ], [ 140.301739, 35.523924 ], [ 140.301795, 35.523924 ], [ 140.301795, 35.523879 ] ] ], [ [ [ 140.310462, 35.523879 ], [ 140.310406, 35.523879 ], [ 140.310406, 35.523924 ], [ 140.310462, 35.523924 ], [ 140.310462, 35.523879 ] ] ], [ [ [ 140.301684, 35.523924 ], [ 140.301628, 35.523924 ], [ 140.301628, 35.523969 ], [ 140.301684, 35.523969 ], [ 140.301684, 35.523924 ] ] ], [ [ [ 140.310295, 35.523924 ], [ 140.310239, 35.523924 ], [ 140.310239, 35.523969 ], [ 140.310295, 35.523969 ], [ 140.310295, 35.523924 ] ] ], [ [ [ 140.313073, 35.523924 ], [ 140.312962, 35.523924 ], [ 140.312962, 35.523969 ], [ 140.313073, 35.523969 ], [ 140.313073, 35.523924 ] ] ], [ [ [ 140.311628, 35.523608 ], [ 140.311628, 35.523562 ], [ 140.311795, 35.523562 ], [ 140.311795, 35.523517 ], [ 140.311628, 35.523517 ], [ 140.311628, 35.523427 ], [ 140.311406, 35.523427 ], [ 140.311406, 35.523472 ], [ 140.31135, 35.523472 ], [ 140.31135, 35.523517 ], [ 140.311295, 35.523517 ], [ 140.311295, 35.523562 ], [ 140.311239, 35.523562 ], [ 140.311239, 35.523608 ], [ 140.311184, 35.523608 ], [ 140.311184, 35.523653 ], [ 140.311128, 35.523653 ], [ 140.311128, 35.523788 ], [ 140.311073, 35.523788 ], [ 140.311073, 35.523834 ], [ 140.310962, 35.523834 ], [ 140.310962, 35.523879 ], [ 140.310906, 35.523879 ], [ 140.310906, 35.523924 ], [ 140.310962, 35.523924 ], [ 140.310962, 35.523969 ], [ 140.310962, 35.524015 ], [ 140.311073, 35.524015 ], [ 140.311073, 35.523969 ], [ 140.311128, 35.523969 ], [ 140.311128, 35.523834 ], [ 140.311184, 35.523834 ], [ 140.311184, 35.523788 ], [ 140.311295, 35.523788 ], [ 140.311295, 35.523653 ], [ 140.311462, 35.523653 ], [ 140.311462, 35.523608 ], [ 140.311628, 35.523608 ] ] ], [ [ [ 140.310184, 35.524015 ], [ 140.310128, 35.524015 ], [ 140.310128, 35.52415 ], [ 140.310184, 35.52415 ], [ 140.310184, 35.524015 ] ] ], [ [ [ 140.30935, 35.524195 ], [ 140.309406, 35.524195 ], [ 140.309406, 35.52415 ], [ 140.30935, 35.52415 ], [ 140.30935, 35.524195 ] ] ], [ [ [ 140.312295, 35.523472 ], [ 140.31235, 35.523472 ], [ 140.31235, 35.523562 ], [ 140.312295, 35.523562 ], [ 140.312295, 35.523472 ], [ 140.312128, 35.523472 ], [ 140.312128, 35.523517 ], [ 140.312017, 35.523517 ], [ 140.312017, 35.523562 ], [ 140.311795, 35.523562 ], [ 140.311795, 35.523608 ], [ 140.311628, 35.523608 ], [ 140.311628, 35.523743 ], [ 140.311573, 35.523743 ], [ 140.311573, 35.523834 ], [ 140.311628, 35.523834 ], [ 140.311628, 35.523879 ], [ 140.311795, 35.523879 ], [ 140.311795, 35.523834 ], [ 140.312017, 35.523834 ], [ 140.312017, 35.523788 ], [ 140.312128, 35.523788 ], [ 140.312128, 35.523834 ], [ 140.312184, 35.523834 ], [ 140.312184, 35.523879 ], [ 140.312239, 35.523879 ], [ 140.312239, 35.523924 ], [ 140.312295, 35.523924 ], [ 140.312295, 35.523969 ], [ 140.312406, 35.523969 ], [ 140.312406, 35.524015 ], [ 140.312462, 35.524015 ], [ 140.312462, 35.52415 ], [ 140.312517, 35.52415 ], [ 140.312517, 35.524195 ], [ 140.312573, 35.524195 ], [ 140.312573, 35.52415 ], [ 140.312628, 35.52415 ], [ 140.312628, 35.524015 ], [ 140.312684, 35.524015 ], [ 140.312684, 35.523969 ], [ 140.312739, 35.523969 ], [ 140.312739, 35.523924 ], [ 140.312795, 35.523924 ], [ 140.312795, 35.523788 ], [ 140.312739, 35.523788 ], [ 140.312739, 35.523743 ], [ 140.312573, 35.523743 ], [ 140.312573, 35.523653 ], [ 140.312795, 35.523653 ], [ 140.312795, 35.523743 ], [ 140.312906, 35.523743 ], [ 140.312906, 35.523608 ], [ 140.312795, 35.523608 ], [ 140.312795, 35.523562 ], [ 140.312628, 35.523562 ], [ 140.312628, 35.523472 ], [ 140.312684, 35.523472 ], [ 140.312684, 35.523291 ], [ 140.312628, 35.523291 ], [ 140.312628, 35.523201 ], [ 140.312573, 35.523201 ], [ 140.312573, 35.523155 ], [ 140.312462, 35.523155 ], [ 140.312462, 35.523065 ], [ 140.312406, 35.523065 ], [ 140.312406, 35.522975 ], [ 140.312462, 35.522975 ], [ 140.312462, 35.522929 ], [ 140.312406, 35.522929 ], [ 140.312406, 35.522884 ], [ 140.31235, 35.522884 ], [ 140.31235, 35.522794 ], [ 140.312406, 35.522794 ], [ 140.312406, 35.522749 ], [ 140.31235, 35.522749 ], [ 140.31235, 35.522658 ], [ 140.312295, 35.522658 ], [ 140.312295, 35.522839 ], [ 140.312239, 35.522839 ], [ 140.312239, 35.522884 ], [ 140.312184, 35.522884 ], [ 140.312184, 35.522929 ], [ 140.312239, 35.522929 ], [ 140.312239, 35.522975 ], [ 140.312295, 35.522975 ], [ 140.312295, 35.523065 ], [ 140.31235, 35.523065 ], [ 140.31235, 35.52311 ], [ 140.312295, 35.52311 ], [ 140.312295, 35.523472 ] ], [ [ 140.312573, 35.523427 ], [ 140.312573, 35.523472 ], [ 140.312517, 35.523472 ], [ 140.312517, 35.523427 ], [ 140.312573, 35.523427 ], [ 140.312573, 35.523336 ], [ 140.312628, 35.523336 ], [ 140.312628, 35.523427 ], [ 140.312573, 35.523427 ] ], [ [ 140.312406, 35.523608 ], [ 140.312406, 35.523653 ], [ 140.31235, 35.523653 ], [ 140.31235, 35.523608 ], [ 140.312406, 35.523608 ] ] ], [ [ [ 140.30935, 35.524195 ], [ 140.309239, 35.524195 ], [ 140.309239, 35.524241 ], [ 140.30935, 35.524241 ], [ 140.30935, 35.524195 ] ] ], [ [ [ 140.309684, 35.524195 ], [ 140.309628, 35.524195 ], [ 140.309628, 35.524241 ], [ 140.309684, 35.524241 ], [ 140.309684, 35.524195 ] ] ], [ [ [ 140.310017, 35.524195 ], [ 140.309962, 35.524195 ], [ 140.309962, 35.524241 ], [ 140.310017, 35.524241 ], [ 140.310017, 35.524195 ] ] ], [ [ [ 140.309239, 35.524241 ], [ 140.309128, 35.524241 ], [ 140.309128, 35.524286 ], [ 140.309239, 35.524286 ], [ 140.309239, 35.524241 ] ] ], [ [ [ 140.309795, 35.524241 ], [ 140.309739, 35.524241 ], [ 140.309739, 35.524286 ], [ 140.309795, 35.524286 ], [ 140.309795, 35.524241 ] ] ], [ [ [ 140.31335, 35.524286 ], [ 140.31335, 35.524241 ], [ 140.313462, 35.524241 ], [ 140.313462, 35.524195 ], [ 140.313295, 35.524195 ], [ 140.313295, 35.524286 ], [ 140.31335, 35.524286 ] ] ], [ [ [ 140.308739, 35.524331 ], [ 140.308795, 35.524331 ], [ 140.308795, 35.524286 ], [ 140.308739, 35.524286 ], [ 140.308739, 35.524331 ] ] ], [ [ [ 140.309017, 35.524286 ], [ 140.308906, 35.524286 ], [ 140.308906, 35.524331 ], [ 140.309017, 35.524331 ], [ 140.309017, 35.524286 ] ] ], [ [ [ 140.312962, 35.524331 ], [ 140.312906, 35.524331 ], [ 140.312906, 35.524376 ], [ 140.313017, 35.524376 ], [ 140.313017, 35.524331 ], [ 140.312962, 35.524331 ] ] ], [ [ [ 140.315239, 35.524376 ], [ 140.315184, 35.524376 ], [ 140.315184, 35.524467 ], [ 140.315239, 35.524467 ], [ 140.315239, 35.524376 ] ] ], [ [ [ 140.314962, 35.52415 ], [ 140.314962, 35.524195 ], [ 140.314906, 35.524195 ], [ 140.314906, 35.52415 ], [ 140.314962, 35.52415 ], [ 140.314962, 35.524015 ], [ 140.315017, 35.524015 ], [ 140.315017, 35.523969 ], [ 140.315073, 35.523969 ], [ 140.315073, 35.523879 ], [ 140.314962, 35.523879 ], [ 140.314962, 35.523834 ], [ 140.315017, 35.523834 ], [ 140.315017, 35.523788 ], [ 140.315073, 35.523788 ], [ 140.315073, 35.523743 ], [ 140.315017, 35.523743 ], [ 140.315017, 35.523653 ], [ 140.314962, 35.523653 ], [ 140.314962, 35.523743 ], [ 140.314906, 35.523743 ], [ 140.314906, 35.523788 ], [ 140.314795, 35.523788 ], [ 140.314795, 35.523743 ], [ 140.314739, 35.523743 ], [ 140.314739, 35.523788 ], [ 140.314684, 35.523788 ], [ 140.314684, 35.523834 ], [ 140.314684, 35.523879 ], [ 140.314628, 35.523879 ], [ 140.314628, 35.523969 ], [ 140.314573, 35.523969 ], [ 140.314517, 35.523969 ], [ 140.314517, 35.524015 ], [ 140.314517, 35.52415 ], [ 140.314462, 35.52415 ], [ 140.314462, 35.524195 ], [ 140.314462, 35.524241 ], [ 140.314406, 35.524241 ], [ 140.314406, 35.524376 ], [ 140.314462, 35.524376 ], [ 140.314462, 35.524467 ], [ 140.314573, 35.524467 ], [ 140.314573, 35.524512 ], [ 140.314684, 35.524512 ], [ 140.314684, 35.524467 ], [ 140.314739, 35.524467 ], [ 140.314739, 35.524376 ], [ 140.314795, 35.524376 ], [ 140.314795, 35.524331 ], [ 140.314517, 35.524331 ], [ 140.314517, 35.524286 ], [ 140.314573, 35.524286 ], [ 140.314573, 35.524241 ], [ 140.314628, 35.524241 ], [ 140.314628, 35.524286 ], [ 140.314795, 35.524286 ], [ 140.314795, 35.524241 ], [ 140.31485, 35.524241 ], [ 140.31485, 35.524286 ], [ 140.315128, 35.524286 ], [ 140.315128, 35.524241 ], [ 140.315073, 35.524241 ], [ 140.315073, 35.524195 ], [ 140.315017, 35.524195 ], [ 140.315017, 35.52415 ], [ 140.314962, 35.52415 ] ] ], [ [ [ 140.308739, 35.524331 ], [ 140.308684, 35.524331 ], [ 140.308684, 35.524557 ], [ 140.308739, 35.524557 ], [ 140.308739, 35.524331 ] ] ], [ [ [ 140.314406, 35.524512 ], [ 140.314406, 35.524376 ], [ 140.31435, 35.524376 ], [ 140.314295, 35.524376 ], [ 140.314295, 35.524512 ], [ 140.314239, 35.524512 ], [ 140.314239, 35.524557 ], [ 140.314239, 35.524602 ], [ 140.314295, 35.524602 ], [ 140.31435, 35.524602 ], [ 140.31435, 35.524557 ], [ 140.31435, 35.524512 ], [ 140.314406, 35.524512 ] ] ], [ [ [ 140.314406, 35.524512 ], [ 140.314406, 35.524557 ], [ 140.314406, 35.524602 ], [ 140.314462, 35.524602 ], [ 140.314462, 35.524512 ], [ 140.314406, 35.524512 ] ] ], [ [ [ 140.308684, 35.524557 ], [ 140.308628, 35.524557 ], [ 140.308628, 35.524648 ], [ 140.308684, 35.524648 ], [ 140.308684, 35.524557 ] ] ], [ [ [ 140.312517, 35.524602 ], [ 140.312462, 35.524602 ], [ 140.312462, 35.524648 ], [ 140.312517, 35.524648 ], [ 140.312517, 35.524602 ] ] ], [ [ [ 140.314239, 35.524648 ], [ 140.314184, 35.524648 ], [ 140.314184, 35.524693 ], [ 140.314239, 35.524693 ], [ 140.314239, 35.524648 ] ] ], [ [ [ 140.314406, 35.524648 ], [ 140.31435, 35.524648 ], [ 140.31435, 35.524783 ], [ 140.314406, 35.524783 ], [ 140.314406, 35.524648 ] ] ], [ [ [ 140.314573, 35.524783 ], [ 140.314517, 35.524783 ], [ 140.314517, 35.524828 ], [ 140.314573, 35.524828 ], [ 140.314573, 35.524783 ] ] ], [ [ [ 140.314739, 35.524828 ], [ 140.314739, 35.524693 ], [ 140.314684, 35.524693 ], [ 140.314684, 35.524783 ], [ 140.314684, 35.524828 ], [ 140.314739, 35.524828 ] ] ], [ [ [ 140.30885, 35.524828 ], [ 140.30885, 35.524783 ], [ 140.308739, 35.524783 ], [ 140.308739, 35.524693 ], [ 140.308684, 35.524693 ], [ 140.308684, 35.524874 ], [ 140.308739, 35.524874 ], [ 140.308739, 35.524828 ], [ 140.30885, 35.524828 ] ] ], [ [ [ 140.30885, 35.524828 ], [ 140.30885, 35.524874 ], [ 140.308906, 35.524874 ], [ 140.308906, 35.524828 ], [ 140.30885, 35.524828 ] ] ], [ [ [ 140.310517, 35.524828 ], [ 140.310462, 35.524828 ], [ 140.310462, 35.524874 ], [ 140.310517, 35.524874 ], [ 140.310517, 35.524828 ] ] ], [ [ [ 140.314184, 35.524828 ], [ 140.314073, 35.524828 ], [ 140.314073, 35.524874 ], [ 140.314184, 35.524874 ], [ 140.314184, 35.524828 ] ] ], [ [ [ 140.31435, 35.524874 ], [ 140.31435, 35.524828 ], [ 140.314295, 35.524828 ], [ 140.314295, 35.524874 ], [ 140.31435, 35.524874 ] ] ], [ [ [ 140.308906, 35.524874 ], [ 140.308906, 35.524964 ], [ 140.308962, 35.524964 ], [ 140.308962, 35.524874 ], [ 140.308906, 35.524874 ] ] ], [ [ [ 140.31235, 35.524467 ], [ 140.312239, 35.524467 ], [ 140.312239, 35.524512 ], [ 140.312184, 35.524512 ], [ 140.312184, 35.524557 ], [ 140.312128, 35.524557 ], [ 140.312128, 35.524376 ], [ 140.31235, 35.524376 ], [ 140.31235, 35.524331 ], [ 140.312462, 35.524331 ], [ 140.312462, 35.524376 ], [ 140.31235, 35.524376 ], [ 140.31235, 35.524467 ], [ 140.312573, 35.524467 ], [ 140.312573, 35.524376 ], [ 140.312628, 35.524376 ], [ 140.312628, 35.524331 ], [ 140.312517, 35.524331 ], [ 140.312517, 35.524286 ], [ 140.312462, 35.524286 ], [ 140.312462, 35.524241 ], [ 140.312406, 35.524241 ], [ 140.312406, 35.524195 ], [ 140.312239, 35.524195 ], [ 140.312239, 35.52415 ], [ 140.312184, 35.52415 ], [ 140.312184, 35.524015 ], [ 140.312017, 35.524015 ], [ 140.312017, 35.523969 ], [ 140.311906, 35.523969 ], [ 140.311906, 35.523924 ], [ 140.311795, 35.523924 ], [ 140.311795, 35.523969 ], [ 140.311739, 35.523969 ], [ 140.311739, 35.523924 ], [ 140.31135, 35.523924 ], [ 140.31135, 35.52415 ], [ 140.311128, 35.52415 ], [ 140.311073, 35.52415 ], [ 140.311073, 35.524195 ], [ 140.311128, 35.524195 ], [ 140.311128, 35.524286 ], [ 140.311184, 35.524286 ], [ 140.311239, 35.524286 ], [ 140.311239, 35.524376 ], [ 140.311184, 35.524376 ], [ 140.311184, 35.524467 ], [ 140.311184, 35.524512 ], [ 140.311239, 35.524512 ], [ 140.311239, 35.524557 ], [ 140.311239, 35.524602 ], [ 140.311295, 35.524602 ], [ 140.311295, 35.524783 ], [ 140.311517, 35.524783 ], [ 140.311517, 35.524828 ], [ 140.31135, 35.524828 ], [ 140.31135, 35.524964 ], [ 140.311628, 35.524964 ], [ 140.311628, 35.524874 ], [ 140.311684, 35.524874 ], [ 140.311684, 35.524828 ], [ 140.311684, 35.524693 ], [ 140.311573, 35.524693 ], [ 140.311573, 35.524602 ], [ 140.311628, 35.524602 ], [ 140.311628, 35.524648 ], [ 140.312128, 35.524648 ], [ 140.312128, 35.524602 ], [ 140.312184, 35.524602 ], [ 140.312184, 35.524693 ], [ 140.312239, 35.524693 ], [ 140.312239, 35.524648 ], [ 140.312295, 35.524648 ], [ 140.312295, 35.524557 ], [ 140.31235, 35.524557 ], [ 140.31235, 35.524467 ] ] ], [ [ [ 140.31435, 35.524874 ], [ 140.31435, 35.524964 ], [ 140.314406, 35.524964 ], [ 140.314406, 35.524874 ], [ 140.31435, 35.524874 ] ] ], [ [ [ 140.314739, 35.524828 ], [ 140.314739, 35.524874 ], [ 140.314739, 35.524964 ], [ 140.314795, 35.524964 ], [ 140.314795, 35.524828 ], [ 140.314739, 35.524828 ] ] ], [ [ [ 140.309684, 35.524964 ], [ 140.309628, 35.524964 ], [ 140.309628, 35.525009 ], [ 140.309684, 35.525009 ], [ 140.309684, 35.524964 ] ] ], [ [ [ 140.310573, 35.524964 ], [ 140.310517, 35.524964 ], [ 140.310517, 35.525009 ], [ 140.310573, 35.525009 ], [ 140.310573, 35.524964 ] ] ], [ [ [ 140.314406, 35.524964 ], [ 140.314406, 35.525009 ], [ 140.314462, 35.525009 ], [ 140.314462, 35.524964 ], [ 140.314406, 35.524964 ] ] ], [ [ [ 140.314795, 35.524964 ], [ 140.314795, 35.525009 ], [ 140.31485, 35.525009 ], [ 140.31485, 35.524964 ], [ 140.314795, 35.524964 ] ] ], [ [ [ 140.30935, 35.525009 ], [ 140.309017, 35.525009 ], [ 140.309017, 35.525054 ], [ 140.30935, 35.525054 ], [ 140.30935, 35.525009 ] ] ], [ [ [ 140.309573, 35.525009 ], [ 140.309517, 35.525009 ], [ 140.309517, 35.525054 ], [ 140.309573, 35.525054 ], [ 140.309573, 35.525009 ] ] ], [ [ [ 140.31035, 35.525009 ], [ 140.310295, 35.525009 ], [ 140.310295, 35.525054 ], [ 140.31035, 35.525054 ], [ 140.31035, 35.525009 ] ] ], [ [ [ 140.314295, 35.525054 ], [ 140.314295, 35.525009 ], [ 140.314239, 35.525009 ], [ 140.314239, 35.525054 ], [ 140.314295, 35.525054 ] ] ], [ [ [ 140.310184, 35.525054 ], [ 140.309962, 35.525054 ], [ 140.309962, 35.525145 ], [ 140.310184, 35.525145 ], [ 140.310184, 35.525054 ] ] ], [ [ [ 140.314073, 35.525145 ], [ 140.314128, 35.525145 ], [ 140.314128, 35.525054 ], [ 140.314073, 35.525054 ], [ 140.314073, 35.525145 ] ] ], [ [ [ 140.314295, 35.525054 ], [ 140.314295, 35.525145 ], [ 140.31435, 35.525145 ], [ 140.31435, 35.525054 ], [ 140.314295, 35.525054 ] ] ], [ [ [ 140.31435, 35.525145 ], [ 140.31435, 35.52519 ], [ 140.314406, 35.52519 ], [ 140.314406, 35.525145 ], [ 140.31435, 35.525145 ] ] ], [ [ [ 140.312906, 35.525235 ], [ 140.312962, 35.525235 ], [ 140.312962, 35.52519 ], [ 140.312906, 35.52519 ], [ 140.312906, 35.525235 ] ] ], [ [ [ 140.314406, 35.52519 ], [ 140.314406, 35.525235 ], [ 140.314462, 35.525235 ], [ 140.314462, 35.52519 ], [ 140.314406, 35.52519 ] ] ], [ [ [ 140.315073, 35.52519 ], [ 140.315017, 35.52519 ], [ 140.315017, 35.525235 ], [ 140.315073, 35.525235 ], [ 140.315073, 35.52519 ] ] ], [ [ [ 140.310406, 35.524602 ], [ 140.310406, 35.524557 ], [ 140.310517, 35.524557 ], [ 140.310517, 35.524602 ], [ 140.310406, 35.524602 ], [ 140.310406, 35.524648 ], [ 140.310406, 35.524783 ], [ 140.310462, 35.524783 ], [ 140.310684, 35.524783 ], [ 140.310684, 35.524828 ], [ 140.310795, 35.524828 ], [ 140.310795, 35.524874 ], [ 140.310962, 35.524874 ], [ 140.310962, 35.525009 ], [ 140.31085, 35.525009 ], [ 140.31085, 35.525054 ], [ 140.311128, 35.525054 ], [ 140.311128, 35.525009 ], [ 140.311239, 35.525009 ], [ 140.311239, 35.525145 ], [ 140.311295, 35.525145 ], [ 140.311295, 35.525281 ], [ 140.31135, 35.525281 ], [ 140.31135, 35.52519 ], [ 140.311406, 35.52519 ], [ 140.311406, 35.525145 ], [ 140.311517, 35.525145 ], [ 140.311573, 35.525145 ], [ 140.311573, 35.525054 ], [ 140.311462, 35.525054 ], [ 140.311462, 35.525009 ], [ 140.31135, 35.525009 ], [ 140.31135, 35.525054 ], [ 140.311295, 35.525054 ], [ 140.311295, 35.524874 ], [ 140.311184, 35.524874 ], [ 140.311184, 35.524828 ], [ 140.311239, 35.524828 ], [ 140.311239, 35.524783 ], [ 140.311184, 35.524783 ], [ 140.311184, 35.524693 ], [ 140.311184, 35.524648 ], [ 140.311128, 35.524648 ], [ 140.311128, 35.524557 ], [ 140.311073, 35.524557 ], [ 140.311073, 35.524512 ], [ 140.311017, 35.524512 ], [ 140.311017, 35.524376 ], [ 140.311073, 35.524376 ], [ 140.311073, 35.524331 ], [ 140.311017, 35.524331 ], [ 140.310906, 35.524331 ], [ 140.310906, 35.524286 ], [ 140.310795, 35.524286 ], [ 140.310795, 35.524331 ], [ 140.310628, 35.524331 ], [ 140.310628, 35.524376 ], [ 140.310517, 35.524376 ], [ 140.310517, 35.524467 ], [ 140.310406, 35.524467 ], [ 140.310406, 35.524376 ], [ 140.31035, 35.524376 ], [ 140.310239, 35.524376 ], [ 140.310239, 35.524467 ], [ 140.31035, 35.524467 ], [ 140.31035, 35.524557 ], [ 140.31035, 35.524602 ], [ 140.310406, 35.524602 ] ] ], [ [ [ 140.311295, 35.525281 ], [ 140.311239, 35.525281 ], [ 140.311239, 35.525326 ], [ 140.311295, 35.525326 ], [ 140.311295, 35.525281 ] ] ], [ [ [ 140.312906, 35.525235 ], [ 140.31285, 35.525235 ], [ 140.31285, 35.52519 ], [ 140.312795, 35.52519 ], [ 140.312795, 35.525281 ], [ 140.312739, 35.525281 ], [ 140.312739, 35.525326 ], [ 140.312795, 35.525326 ], [ 140.312795, 35.525371 ], [ 140.31285, 35.525371 ], [ 140.31285, 35.525326 ], [ 140.312962, 35.525326 ], [ 140.312962, 35.525281 ], [ 140.312906, 35.525281 ], [ 140.312906, 35.525235 ] ] ], [ [ [ 140.315184, 35.525371 ], [ 140.315239, 35.525371 ], [ 140.315239, 35.525281 ], [ 140.315184, 35.525281 ], [ 140.315184, 35.525371 ] ] ], [ [ [ 140.315184, 35.525371 ], [ 140.315128, 35.525371 ], [ 140.315128, 35.525461 ], [ 140.315184, 35.525461 ], [ 140.315184, 35.525371 ] ] ], [ [ [ 140.314073, 35.525145 ], [ 140.314017, 35.525145 ], [ 140.314017, 35.525235 ], [ 140.313962, 35.525235 ], [ 140.313962, 35.525326 ], [ 140.313906, 35.525326 ], [ 140.313906, 35.525507 ], [ 140.313962, 35.525507 ], [ 140.313962, 35.525371 ], [ 140.314017, 35.525371 ], [ 140.314017, 35.525281 ], [ 140.314073, 35.525281 ], [ 140.314073, 35.525235 ], [ 140.314073, 35.525145 ] ] ], [ [ [ 140.315128, 35.525461 ], [ 140.315073, 35.525461 ], [ 140.315073, 35.525507 ], [ 140.315073, 35.525552 ], [ 140.315128, 35.525552 ], [ 140.315128, 35.525461 ] ] ], [ [ [ 140.313906, 35.525507 ], [ 140.31385, 35.525507 ], [ 140.31385, 35.525597 ], [ 140.313906, 35.525597 ], [ 140.313906, 35.525507 ] ] ], [ [ [ 140.315073, 35.525552 ], [ 140.315017, 35.525552 ], [ 140.315017, 35.525597 ], [ 140.315073, 35.525597 ], [ 140.315073, 35.525552 ] ] ], [ [ [ 140.31385, 35.525597 ], [ 140.313795, 35.525597 ], [ 140.313795, 35.525642 ], [ 140.313795, 35.525687 ], [ 140.31385, 35.525687 ], [ 140.31385, 35.525597 ] ] ], [ [ [ 140.315017, 35.525642 ], [ 140.314962, 35.525642 ], [ 140.314962, 35.525823 ], [ 140.315017, 35.525823 ], [ 140.315017, 35.525642 ] ] ], [ [ [ 140.315962, 35.525687 ], [ 140.315906, 35.525687 ], [ 140.315906, 35.525823 ], [ 140.315962, 35.525823 ], [ 140.315962, 35.525687 ] ] ], [ [ [ 140.31235, 35.525823 ], [ 140.31235, 35.525687 ], [ 140.312239, 35.525687 ], [ 140.312239, 35.525642 ], [ 140.312462, 35.525642 ], [ 140.312462, 35.525597 ], [ 140.312517, 35.525597 ], [ 140.312517, 35.525642 ], [ 140.312573, 35.525642 ], [ 140.312573, 35.525687 ], [ 140.312628, 35.525687 ], [ 140.312628, 35.525823 ], [ 140.312739, 35.525823 ], [ 140.312739, 35.525552 ], [ 140.31285, 35.525552 ], [ 140.31285, 35.525642 ], [ 140.312962, 35.525642 ], [ 140.312962, 35.525687 ], [ 140.313017, 35.525687 ], [ 140.313017, 35.525642 ], [ 140.313128, 35.525642 ], [ 140.313128, 35.525597 ], [ 140.313017, 35.525597 ], [ 140.313017, 35.525552 ], [ 140.312906, 35.525552 ], [ 140.312906, 35.525461 ], [ 140.312795, 35.525461 ], [ 140.312795, 35.525507 ], [ 140.312739, 35.525507 ], [ 140.312739, 35.525461 ], [ 140.312684, 35.525461 ], [ 140.312684, 35.525371 ], [ 140.312628, 35.525371 ], [ 140.312628, 35.525507 ], [ 140.312573, 35.525507 ], [ 140.312573, 35.525552 ], [ 140.312406, 35.525552 ], [ 140.312406, 35.525507 ], [ 140.312295, 35.525507 ], [ 140.312295, 35.525552 ], [ 140.312239, 35.525552 ], [ 140.312073, 35.525552 ], [ 140.312073, 35.525823 ], [ 140.312128, 35.525823 ], [ 140.312128, 35.525687 ], [ 140.312184, 35.525687 ], [ 140.312184, 35.525823 ], [ 140.312239, 35.525823 ], [ 140.312239, 35.525868 ], [ 140.312295, 35.525868 ], [ 140.312295, 35.525823 ], [ 140.31235, 35.525823 ] ] ], [ [ [ 140.313795, 35.525687 ], [ 140.313739, 35.525687 ], [ 140.313739, 35.525868 ], [ 140.313795, 35.525868 ], [ 140.313795, 35.525823 ], [ 140.313795, 35.525687 ] ] ], [ [ [ 140.315906, 35.525823 ], [ 140.31585, 35.525823 ], [ 140.31585, 35.525868 ], [ 140.315906, 35.525868 ], [ 140.315906, 35.525823 ] ] ], [ [ [ 140.312073, 35.525868 ], [ 140.312017, 35.525868 ], [ 140.312017, 35.525914 ], [ 140.312073, 35.525914 ], [ 140.312073, 35.525868 ] ] ], [ [ [ 140.313628, 35.525868 ], [ 140.313628, 35.525823 ], [ 140.313628, 35.525687 ], [ 140.313684, 35.525687 ], [ 140.313684, 35.525597 ], [ 140.313739, 35.525597 ], [ 140.313739, 35.525507 ], [ 140.313795, 35.525507 ], [ 140.313795, 35.525371 ], [ 140.31385, 35.525371 ], [ 140.31385, 35.525235 ], [ 140.313906, 35.525235 ], [ 140.313906, 35.525145 ], [ 140.313962, 35.525145 ], [ 140.313962, 35.525054 ], [ 140.314017, 35.525054 ], [ 140.314017, 35.525009 ], [ 140.31385, 35.525009 ], [ 140.31385, 35.525145 ], [ 140.313739, 35.525145 ], [ 140.313739, 35.525054 ], [ 140.313684, 35.525054 ], [ 140.313684, 35.524964 ], [ 140.313739, 35.524964 ], [ 140.313739, 35.524874 ], [ 140.313795, 35.524874 ], [ 140.313795, 35.524964 ], [ 140.314017, 35.524964 ], [ 140.314017, 35.524783 ], [ 140.314073, 35.524783 ], [ 140.314073, 35.524693 ], [ 140.314128, 35.524693 ], [ 140.314128, 35.524602 ], [ 140.314184, 35.524602 ], [ 140.314184, 35.524557 ], [ 140.314184, 35.524512 ], [ 140.314184, 35.524467 ], [ 140.314239, 35.524467 ], [ 140.314239, 35.524331 ], [ 140.314295, 35.524331 ], [ 140.314295, 35.524286 ], [ 140.314295, 35.524241 ], [ 140.31435, 35.524241 ], [ 140.31435, 35.524195 ], [ 140.31435, 35.52415 ], [ 140.314406, 35.52415 ], [ 140.314406, 35.524015 ], [ 140.314462, 35.524015 ], [ 140.314462, 35.523924 ], [ 140.314517, 35.523924 ], [ 140.314517, 35.523879 ], [ 140.314573, 35.523879 ], [ 140.314573, 35.523834 ], [ 140.314573, 35.523788 ], [ 140.314628, 35.523788 ], [ 140.314628, 35.523743 ], [ 140.314684, 35.523743 ], [ 140.314684, 35.523653 ], [ 140.314739, 35.523653 ], [ 140.314739, 35.523608 ], [ 140.314739, 35.523562 ], [ 140.314795, 35.523562 ], [ 140.314795, 35.523517 ], [ 140.314739, 35.523517 ], [ 140.314739, 35.523472 ], [ 140.314684, 35.523472 ], [ 140.314684, 35.523517 ], [ 140.314628, 35.523517 ], [ 140.314628, 35.523472 ], [ 140.314517, 35.523472 ], [ 140.314517, 35.523427 ], [ 140.314462, 35.523427 ], [ 140.314462, 35.523336 ], [ 140.314295, 35.523336 ], [ 140.314295, 35.523427 ], [ 140.314239, 35.523427 ], [ 140.314239, 35.523472 ], [ 140.314184, 35.523472 ], [ 140.314184, 35.523517 ], [ 140.314128, 35.523517 ], [ 140.314128, 35.523562 ], [ 140.314073, 35.523562 ], [ 140.314073, 35.523653 ], [ 140.314017, 35.523653 ], [ 140.314017, 35.523743 ], [ 140.313962, 35.523743 ], [ 140.313962, 35.523653 ], [ 140.313906, 35.523653 ], [ 140.313906, 35.523743 ], [ 140.31385, 35.523743 ], [ 140.31385, 35.523788 ], [ 140.313906, 35.523788 ], [ 140.313906, 35.523834 ], [ 140.314073, 35.523834 ], [ 140.314073, 35.523879 ], [ 140.314017, 35.523879 ], [ 140.314017, 35.523924 ], [ 140.313962, 35.523924 ], [ 140.313962, 35.523969 ], [ 140.313906, 35.523969 ], [ 140.313906, 35.524015 ], [ 140.313962, 35.524015 ], [ 140.313962, 35.524195 ], [ 140.314017, 35.524195 ], [ 140.314017, 35.524241 ], [ 140.313962, 35.524241 ], [ 140.313962, 35.524331 ], [ 140.313962, 35.524376 ], [ 140.313906, 35.524376 ], [ 140.313906, 35.524467 ], [ 140.313795, 35.524467 ], [ 140.313795, 35.524376 ], [ 140.313739, 35.524376 ], [ 140.313739, 35.524331 ], [ 140.313906, 35.524331 ], [ 140.313906, 35.524286 ], [ 140.313739, 35.524286 ], [ 140.313739, 35.524241 ], [ 140.313628, 35.524241 ], [ 140.313628, 35.524195 ], [ 140.313573, 35.524195 ], [ 140.313573, 35.524241 ], [ 140.313517, 35.524241 ], [ 140.313517, 35.524376 ], [ 140.313573, 35.524376 ], [ 140.313573, 35.524512 ], [ 140.313462, 35.524512 ], [ 140.313462, 35.524557 ], [ 140.313406, 35.524557 ], [ 140.31335, 35.524557 ], [ 140.31335, 35.524602 ], [ 140.31335, 35.524874 ], [ 140.313239, 35.524874 ], [ 140.313239, 35.524828 ], [ 140.312962, 35.524828 ], [ 140.312962, 35.524874 ], [ 140.313017, 35.524874 ], [ 140.313017, 35.524964 ], [ 140.31335, 35.524964 ], [ 140.31335, 35.525009 ], [ 140.313462, 35.525009 ], [ 140.313462, 35.525054 ], [ 140.313517, 35.525054 ], [ 140.313517, 35.525145 ], [ 140.313573, 35.525145 ], [ 140.313573, 35.52519 ], [ 140.313628, 35.52519 ], [ 140.313628, 35.525281 ], [ 140.313573, 35.525281 ], [ 140.313573, 35.525461 ], [ 140.313517, 35.525461 ], [ 140.313517, 35.525552 ], [ 140.313462, 35.525552 ], [ 140.313462, 35.525597 ], [ 140.313517, 35.525597 ], [ 140.313517, 35.525687 ], [ 140.31335, 35.525687 ], [ 140.313239, 35.525687 ], [ 140.313239, 35.525823 ], [ 140.313295, 35.525823 ], [ 140.313295, 35.525868 ], [ 140.313239, 35.525868 ], [ 140.313239, 35.525914 ], [ 140.31335, 35.525914 ], [ 140.313406, 35.525914 ], [ 140.313517, 35.525914 ], [ 140.313628, 35.525914 ], [ 140.313628, 35.525868 ] ], [ [ 140.313739, 35.525326 ], [ 140.313739, 35.525281 ], [ 140.313795, 35.525281 ], [ 140.313795, 35.525326 ], [ 140.313739, 35.525326 ] ], [ [ 140.313573, 35.524828 ], [ 140.313573, 35.524783 ], [ 140.313684, 35.524783 ], [ 140.313684, 35.524828 ], [ 140.313573, 35.524828 ] ], [ [ 140.314239, 35.523834 ], [ 140.314239, 35.523788 ], [ 140.314295, 35.523788 ], [ 140.314295, 35.523834 ], [ 140.314239, 35.523834 ] ], [ [ 140.314406, 35.523608 ], [ 140.314406, 35.523562 ], [ 140.314517, 35.523562 ], [ 140.314517, 35.523608 ], [ 140.314406, 35.523608 ] ] ], [ [ [ 140.31235, 35.525823 ], [ 140.31235, 35.525914 ], [ 140.312295, 35.525914 ], [ 140.312295, 35.525959 ], [ 140.312573, 35.525959 ], [ 140.312573, 35.525914 ], [ 140.312628, 35.525914 ], [ 140.312628, 35.525868 ], [ 140.312573, 35.525868 ], [ 140.312573, 35.525823 ], [ 140.31235, 35.525823 ] ] ], [ [ [ 140.315128, 35.525959 ], [ 140.315128, 35.525914 ], [ 140.315073, 35.525914 ], [ 140.315073, 35.525959 ], [ 140.315128, 35.525959 ] ] ], [ [ [ 140.31585, 35.525868 ], [ 140.315795, 35.525868 ], [ 140.315795, 35.525914 ], [ 140.315739, 35.525914 ], [ 140.315739, 35.525959 ], [ 140.31585, 35.525959 ], [ 140.31585, 35.525914 ], [ 140.31585, 35.525868 ] ] ], [ [ [ 140.31135, 35.526004 ], [ 140.31135, 35.525914 ], [ 140.31135, 35.525868 ], [ 140.311295, 35.525868 ], [ 140.311295, 35.525823 ], [ 140.311295, 35.525687 ], [ 140.311239, 35.525687 ], [ 140.311239, 35.525642 ], [ 140.311239, 35.525597 ], [ 140.311184, 35.525597 ], [ 140.311184, 35.525461 ], [ 140.311239, 35.525461 ], [ 140.311239, 35.525371 ], [ 140.311128, 35.525371 ], [ 140.311128, 35.525461 ], [ 140.311017, 35.525461 ], [ 140.311017, 35.525823 ], [ 140.311073, 35.525823 ], [ 140.311073, 35.525914 ], [ 140.311128, 35.525914 ], [ 140.311128, 35.525959 ], [ 140.311239, 35.525959 ], [ 140.311239, 35.526004 ], [ 140.31135, 35.526004 ] ], [ [ 140.311184, 35.525868 ], [ 140.311184, 35.525823 ], [ 140.311239, 35.525823 ], [ 140.311239, 35.525868 ], [ 140.311184, 35.525868 ] ] ], [ [ [ 140.311962, 35.525959 ], [ 140.311906, 35.525959 ], [ 140.311906, 35.526004 ], [ 140.311962, 35.526004 ], [ 140.311962, 35.525959 ] ] ], [ [ [ 140.313684, 35.526004 ], [ 140.313739, 35.526004 ], [ 140.313739, 35.525914 ], [ 140.313684, 35.525914 ], [ 140.313684, 35.525959 ], [ 140.313684, 35.526004 ] ] ], [ [ [ 140.315017, 35.525959 ], [ 140.314962, 35.525959 ], [ 140.314962, 35.526004 ], [ 140.315017, 35.526004 ], [ 140.315017, 35.525959 ] ] ], [ [ [ 140.315128, 35.525959 ], [ 140.315128, 35.526004 ], [ 140.315184, 35.526004 ], [ 140.315184, 35.525959 ], [ 140.315128, 35.525959 ] ] ], [ [ [ 140.315739, 35.525959 ], [ 140.315684, 35.525959 ], [ 140.315684, 35.526004 ], [ 140.315739, 35.526004 ], [ 140.315739, 35.525959 ] ] ], [ [ [ 140.31135, 35.526004 ], [ 140.31135, 35.526049 ], [ 140.311406, 35.526049 ], [ 140.311406, 35.526004 ], [ 140.31135, 35.526004 ] ] ], [ [ [ 140.311795, 35.526004 ], [ 140.311684, 35.526004 ], [ 140.311684, 35.526049 ], [ 140.311795, 35.526049 ], [ 140.311795, 35.526004 ] ] ], [ [ [ 140.315184, 35.526004 ], [ 140.315184, 35.526049 ], [ 140.315239, 35.526049 ], [ 140.315239, 35.526004 ], [ 140.315184, 35.526004 ] ] ], [ [ [ 140.315684, 35.526004 ], [ 140.315628, 35.526004 ], [ 140.315628, 35.526049 ], [ 140.315684, 35.526049 ], [ 140.315684, 35.526004 ] ] ], [ [ [ 140.312795, 35.52614 ], [ 140.312795, 35.525914 ], [ 140.313073, 35.525914 ], [ 140.313128, 35.525914 ], [ 140.313128, 35.525823 ], [ 140.312962, 35.525823 ], [ 140.312962, 35.525868 ], [ 140.312906, 35.525868 ], [ 140.312906, 35.525823 ], [ 140.312795, 35.525823 ], [ 140.312795, 35.525868 ], [ 140.312684, 35.525868 ], [ 140.312684, 35.525914 ], [ 140.312684, 35.52614 ], [ 140.312795, 35.52614 ] ] ], [ [ [ 140.313684, 35.526004 ], [ 140.313628, 35.526004 ], [ 140.313628, 35.526049 ], [ 140.313628, 35.52614 ], [ 140.313684, 35.52614 ], [ 140.313684, 35.526004 ] ] ], [ [ [ 140.315517, 35.526185 ], [ 140.315517, 35.52614 ], [ 140.315573, 35.52614 ], [ 140.315573, 35.526049 ], [ 140.31535, 35.526049 ], [ 140.31535, 35.526004 ], [ 140.315295, 35.526004 ], [ 140.315295, 35.526049 ], [ 140.315295, 35.52614 ], [ 140.31535, 35.52614 ], [ 140.31535, 35.526185 ], [ 140.315462, 35.526185 ], [ 140.315517, 35.526185 ] ] ], [ [ [ 140.31635, 35.52614 ], [ 140.316239, 35.52614 ], [ 140.316239, 35.526185 ], [ 140.31635, 35.526185 ], [ 140.31635, 35.52614 ] ] ], [ [ [ 140.312795, 35.52614 ], [ 140.312795, 35.52623 ], [ 140.31285, 35.52623 ], [ 140.31285, 35.52614 ], [ 140.312795, 35.52614 ] ] ], [ [ [ 140.313628, 35.52614 ], [ 140.313573, 35.52614 ], [ 140.313573, 35.52623 ], [ 140.313628, 35.52623 ], [ 140.313628, 35.526185 ], [ 140.313628, 35.52614 ] ] ], [ [ [ 140.315184, 35.526185 ], [ 140.315128, 35.526185 ], [ 140.315128, 35.52623 ], [ 140.315184, 35.52623 ], [ 140.315184, 35.526185 ] ] ], [ [ [ 140.307184, 35.52623 ], [ 140.307128, 35.52623 ], [ 140.307128, 35.526275 ], [ 140.307184, 35.526275 ], [ 140.307184, 35.52623 ] ] ], [ [ [ 140.307795, 35.52623 ], [ 140.307739, 35.52623 ], [ 140.307739, 35.526275 ], [ 140.307795, 35.526275 ], [ 140.307795, 35.52623 ] ] ], [ [ [ 140.307906, 35.52632 ], [ 140.307906, 35.526275 ], [ 140.30785, 35.526275 ], [ 140.30785, 35.52632 ], [ 140.307906, 35.52632 ] ] ], [ [ [ 140.313573, 35.52623 ], [ 140.313517, 35.52623 ], [ 140.313517, 35.526275 ], [ 140.313517, 35.52632 ], [ 140.313573, 35.52632 ], [ 140.313573, 35.526275 ], [ 140.313573, 35.52623 ] ] ], [ [ [ 140.315295, 35.526366 ], [ 140.315295, 35.52632 ], [ 140.315239, 35.52632 ], [ 140.315239, 35.526366 ], [ 140.315295, 35.526366 ] ] ], [ [ [ 140.315628, 35.526366 ], [ 140.315628, 35.526275 ], [ 140.315517, 35.526275 ], [ 140.315517, 35.52632 ], [ 140.315462, 35.52632 ], [ 140.315462, 35.526366 ], [ 140.315628, 35.526366 ] ] ], [ [ [ 140.307906, 35.52632 ], [ 140.307906, 35.526411 ], [ 140.307962, 35.526411 ], [ 140.307962, 35.52632 ], [ 140.307906, 35.52632 ] ] ], [ [ [ 140.313462, 35.526411 ], [ 140.313517, 35.526411 ], [ 140.313517, 35.526366 ], [ 140.313462, 35.526366 ], [ 140.313462, 35.526411 ] ] ], [ [ [ 140.315295, 35.526366 ], [ 140.315295, 35.526411 ], [ 140.31535, 35.526411 ], [ 140.31535, 35.526366 ], [ 140.315295, 35.526366 ] ] ], [ [ [ 140.309295, 35.526411 ], [ 140.309239, 35.526411 ], [ 140.309239, 35.526501 ], [ 140.309295, 35.526501 ], [ 140.309295, 35.526411 ] ] ], [ [ [ 140.31285, 35.526275 ], [ 140.312795, 35.526275 ], [ 140.312795, 35.526501 ], [ 140.31285, 35.526501 ], [ 140.31285, 35.526275 ] ] ], [ [ [ 140.307962, 35.526411 ], [ 140.307962, 35.526547 ], [ 140.308017, 35.526547 ], [ 140.308017, 35.526411 ], [ 140.307962, 35.526411 ] ] ], [ [ [ 140.309184, 35.526501 ], [ 140.309128, 35.526501 ], [ 140.309128, 35.526547 ], [ 140.309184, 35.526547 ], [ 140.309184, 35.526501 ] ] ], [ [ [ 140.309573, 35.526411 ], [ 140.30935, 35.526411 ], [ 140.30935, 35.526501 ], [ 140.309517, 35.526501 ], [ 140.309517, 35.526547 ], [ 140.309684, 35.526547 ], [ 140.309684, 35.526501 ], [ 140.309573, 35.526501 ], [ 140.309573, 35.526411 ] ] ], [ [ [ 140.313462, 35.526411 ], [ 140.313406, 35.526411 ], [ 140.313406, 35.526501 ], [ 140.313406, 35.526547 ], [ 140.313462, 35.526547 ], [ 140.313462, 35.526501 ], [ 140.313462, 35.526411 ] ] ], [ [ [ 140.316406, 35.526547 ], [ 140.316517, 35.526547 ], [ 140.316517, 35.526501 ], [ 140.316406, 35.526501 ], [ 140.316406, 35.526547 ] ] ], [ [ [ 140.307962, 35.526547 ], [ 140.307906, 35.526547 ], [ 140.307906, 35.526637 ], [ 140.307962, 35.526637 ], [ 140.307962, 35.526547 ] ] ], [ [ [ 140.311684, 35.526547 ], [ 140.311462, 35.526547 ], [ 140.311462, 35.526637 ], [ 140.311684, 35.526637 ], [ 140.311684, 35.526547 ] ] ], [ [ [ 140.312239, 35.526547 ], [ 140.312128, 35.526547 ], [ 140.312128, 35.526637 ], [ 140.312239, 35.526637 ], [ 140.312239, 35.526547 ] ] ], [ [ [ 140.312517, 35.526547 ], [ 140.312462, 35.526547 ], [ 140.312462, 35.526637 ], [ 140.312517, 35.526637 ], [ 140.312517, 35.526547 ] ] ], [ [ [ 140.312906, 35.526637 ], [ 140.312962, 35.526637 ], [ 140.312962, 35.526547 ], [ 140.312906, 35.526547 ], [ 140.312906, 35.526637 ] ] ], [ [ [ 140.313406, 35.526547 ], [ 140.31335, 35.526547 ], [ 140.31335, 35.526637 ], [ 140.313406, 35.526637 ], [ 140.313406, 35.526547 ] ] ], [ [ [ 140.315462, 35.526637 ], [ 140.315462, 35.526547 ], [ 140.315462, 35.526501 ], [ 140.31535, 35.526501 ], [ 140.31535, 35.526547 ], [ 140.315406, 35.526547 ], [ 140.315406, 35.526637 ], [ 140.315462, 35.526637 ] ] ], [ [ [ 140.316517, 35.526547 ], [ 140.316517, 35.526637 ], [ 140.316573, 35.526637 ], [ 140.316573, 35.526547 ], [ 140.316517, 35.526547 ] ] ], [ [ [ 140.30735, 35.526275 ], [ 140.307239, 35.526275 ], [ 140.307239, 35.52632 ], [ 140.307184, 35.52632 ], [ 140.307184, 35.526366 ], [ 140.307073, 35.526366 ], [ 140.307073, 35.526275 ], [ 140.307017, 35.526275 ], [ 140.307017, 35.52623 ], [ 140.306962, 35.52623 ], [ 140.306962, 35.52614 ], [ 140.307128, 35.52614 ], [ 140.307128, 35.526049 ], [ 140.307295, 35.526049 ], [ 140.307295, 35.52614 ], [ 140.30735, 35.52614 ], [ 140.30735, 35.526049 ], [ 140.307462, 35.526049 ], [ 140.307462, 35.52614 ], [ 140.30735, 35.52614 ], [ 140.30735, 35.526275 ], [ 140.307462, 35.526275 ], [ 140.307462, 35.52623 ], [ 140.307684, 35.52623 ], [ 140.307684, 35.52614 ], [ 140.307573, 35.52614 ], [ 140.307573, 35.526185 ], [ 140.307517, 35.526185 ], [ 140.307517, 35.52614 ], [ 140.307573, 35.52614 ], [ 140.307573, 35.526049 ], [ 140.307517, 35.526049 ], [ 140.307517, 35.526004 ], [ 140.307462, 35.526004 ], [ 140.307462, 35.525914 ], [ 140.307406, 35.525914 ], [ 140.307406, 35.525959 ], [ 140.307128, 35.525959 ], [ 140.307128, 35.525868 ], [ 140.307073, 35.525868 ], [ 140.307073, 35.525687 ], [ 140.307017, 35.525687 ], [ 140.307017, 35.525597 ], [ 140.30685, 35.525597 ], [ 140.30685, 35.525642 ], [ 140.306739, 35.525642 ], [ 140.306739, 35.525597 ], [ 140.306406, 35.525597 ], [ 140.306406, 35.525642 ], [ 140.30635, 35.525642 ], [ 140.30635, 35.525687 ], [ 140.306295, 35.525687 ], [ 140.306295, 35.525914 ], [ 140.30635, 35.525914 ], [ 140.30635, 35.525959 ], [ 140.306573, 35.525959 ], [ 140.306573, 35.526004 ], [ 140.306628, 35.526004 ], [ 140.306628, 35.526049 ], [ 140.306684, 35.526049 ], [ 140.306684, 35.526275 ], [ 140.306739, 35.526275 ], [ 140.306739, 35.52632 ], [ 140.306795, 35.52632 ], [ 140.306795, 35.526366 ], [ 140.30685, 35.526366 ], [ 140.30685, 35.526411 ], [ 140.306906, 35.526411 ], [ 140.306906, 35.526501 ], [ 140.306962, 35.526501 ], [ 140.306962, 35.526547 ], [ 140.306906, 35.526547 ], [ 140.306906, 35.526682 ], [ 140.306962, 35.526682 ], [ 140.306962, 35.526637 ], [ 140.307017, 35.526637 ], [ 140.307017, 35.526501 ], [ 140.307128, 35.526501 ], [ 140.307128, 35.526411 ], [ 140.307239, 35.526411 ], [ 140.307239, 35.526366 ], [ 140.307295, 35.526366 ], [ 140.307295, 35.52632 ], [ 140.30735, 35.52632 ], [ 140.30735, 35.526275 ] ] ], [ [ [ 140.307962, 35.526637 ], [ 140.307962, 35.526682 ], [ 140.308128, 35.526682 ], [ 140.308128, 35.526637 ], [ 140.308184, 35.526637 ], [ 140.308184, 35.526547 ], [ 140.308073, 35.526547 ], [ 140.308073, 35.526637 ], [ 140.307962, 35.526637 ] ] ], [ [ [ 140.309795, 35.526637 ], [ 140.309739, 35.526637 ], [ 140.309739, 35.526682 ], [ 140.309795, 35.526682 ], [ 140.309795, 35.526637 ] ] ], [ [ [ 140.311795, 35.526637 ], [ 140.311739, 35.526637 ], [ 140.311739, 35.526682 ], [ 140.311795, 35.526682 ], [ 140.311795, 35.526637 ] ] ], [ [ [ 140.312684, 35.526637 ], [ 140.312573, 35.526637 ], [ 140.312573, 35.526682 ], [ 140.312628, 35.526682 ], [ 140.312684, 35.526682 ], [ 140.312684, 35.526637 ] ] ], [ [ [ 140.312906, 35.526637 ], [ 140.31285, 35.526637 ], [ 140.31285, 35.526682 ], [ 140.312906, 35.526682 ], [ 140.312906, 35.526637 ] ] ], [ [ [ 140.315462, 35.526637 ], [ 140.315462, 35.526682 ], [ 140.315517, 35.526682 ], [ 140.315517, 35.526637 ], [ 140.315462, 35.526637 ] ] ], [ [ [ 140.306962, 35.526682 ], [ 140.306962, 35.526727 ], [ 140.307017, 35.526727 ], [ 140.307017, 35.526682 ], [ 140.306962, 35.526682 ] ] ], [ [ [ 140.309906, 35.526682 ], [ 140.30985, 35.526682 ], [ 140.30985, 35.526727 ], [ 140.309906, 35.526727 ], [ 140.309906, 35.526682 ] ] ], [ [ [ 140.311906, 35.526682 ], [ 140.31185, 35.526682 ], [ 140.31185, 35.526727 ], [ 140.311906, 35.526727 ], [ 140.311906, 35.526682 ] ] ], [ [ [ 140.315517, 35.526682 ], [ 140.315517, 35.526727 ], [ 140.315573, 35.526727 ], [ 140.315573, 35.526682 ], [ 140.315517, 35.526682 ] ] ], [ [ [ 140.307239, 35.526727 ], [ 140.307239, 35.526682 ], [ 140.307128, 35.526682 ], [ 140.307128, 35.526727 ], [ 140.307017, 35.526727 ], [ 140.307017, 35.526818 ], [ 140.307184, 35.526818 ], [ 140.307184, 35.526727 ], [ 140.307239, 35.526727 ] ] ], [ [ [ 140.307239, 35.526727 ], [ 140.307239, 35.526818 ], [ 140.30735, 35.526818 ], [ 140.30735, 35.526727 ], [ 140.307239, 35.526727 ] ] ], [ [ [ 140.308906, 35.526818 ], [ 140.308906, 35.526727 ], [ 140.308962, 35.526727 ], [ 140.308962, 35.526682 ], [ 140.309017, 35.526682 ], [ 140.309017, 35.526637 ], [ 140.309073, 35.526637 ], [ 140.309073, 35.526547 ], [ 140.308962, 35.526547 ], [ 140.308962, 35.526501 ], [ 140.308739, 35.526501 ], [ 140.308739, 35.526411 ], [ 140.308517, 35.526411 ], [ 140.308517, 35.526501 ], [ 140.308462, 35.526501 ], [ 140.308462, 35.526547 ], [ 140.308295, 35.526547 ], [ 140.308295, 35.526637 ], [ 140.308295, 35.526682 ], [ 140.308517, 35.526682 ], [ 140.308517, 35.526727 ], [ 140.308739, 35.526727 ], [ 140.308739, 35.526818 ], [ 140.308795, 35.526818 ], [ 140.308906, 35.526818 ] ] ], [ [ [ 140.311184, 35.526727 ], [ 140.311128, 35.526727 ], [ 140.311128, 35.526818 ], [ 140.311184, 35.526818 ], [ 140.311184, 35.526727 ] ] ], [ [ [ 140.312795, 35.526727 ], [ 140.312684, 35.526727 ], [ 140.312684, 35.526818 ], [ 140.312739, 35.526818 ], [ 140.312795, 35.526818 ], [ 140.312795, 35.526727 ] ] ], [ [ [ 140.313239, 35.526818 ], [ 140.313295, 35.526818 ], [ 140.313295, 35.526727 ], [ 140.31335, 35.526727 ], [ 140.31335, 35.526682 ], [ 140.313295, 35.526682 ], [ 140.313239, 35.526682 ], [ 140.313239, 35.526818 ] ] ], [ [ [ 140.310406, 35.526818 ], [ 140.310184, 35.526818 ], [ 140.310184, 35.526863 ], [ 140.310406, 35.526863 ], [ 140.310406, 35.526818 ] ] ], [ [ [ 140.310739, 35.526863 ], [ 140.310795, 35.526863 ], [ 140.31085, 35.526863 ], [ 140.31085, 35.526818 ], [ 140.310795, 35.526818 ], [ 140.310795, 35.526727 ], [ 140.310739, 35.526727 ], [ 140.310739, 35.526863 ] ] ], [ [ [ 140.313573, 35.526863 ], [ 140.313573, 35.526818 ], [ 140.313628, 35.526818 ], [ 140.313628, 35.526727 ], [ 140.313684, 35.526727 ], [ 140.313684, 35.526682 ], [ 140.313739, 35.526682 ], [ 140.313739, 35.526547 ], [ 140.313628, 35.526547 ], [ 140.313628, 35.526501 ], [ 140.313573, 35.526501 ], [ 140.313573, 35.526547 ], [ 140.313517, 35.526547 ], [ 140.313517, 35.526637 ], [ 140.313517, 35.526863 ], [ 140.313573, 35.526863 ] ] ], [ [ [ 140.315628, 35.526863 ], [ 140.315628, 35.526818 ], [ 140.315573, 35.526818 ], [ 140.315573, 35.526863 ], [ 140.315628, 35.526863 ] ] ], [ [ [ 140.310739, 35.526863 ], [ 140.310573, 35.526863 ], [ 140.310573, 35.526908 ], [ 140.310739, 35.526908 ], [ 140.310739, 35.526863 ] ] ], [ [ [ 140.315628, 35.526863 ], [ 140.315628, 35.526908 ], [ 140.315684, 35.526908 ], [ 140.315684, 35.526863 ], [ 140.315628, 35.526863 ] ] ], [ [ [ 140.305795, 35.526908 ], [ 140.305739, 35.526908 ], [ 140.305739, 35.526953 ], [ 140.305795, 35.526953 ], [ 140.305795, 35.526908 ] ] ], [ [ [ 140.305906, 35.526908 ], [ 140.30585, 35.526908 ], [ 140.30585, 35.526953 ], [ 140.305906, 35.526953 ], [ 140.305906, 35.526908 ] ] ], [ [ [ 140.312962, 35.526999 ], [ 140.312962, 35.526953 ], [ 140.312906, 35.526953 ], [ 140.312906, 35.526999 ], [ 140.312962, 35.526999 ] ] ], [ [ [ 140.313406, 35.526999 ], [ 140.313462, 35.526999 ], [ 140.313462, 35.526953 ], [ 140.313406, 35.526953 ], [ 140.313406, 35.526999 ] ] ], [ [ [ 140.313406, 35.526999 ], [ 140.313295, 35.526999 ], [ 140.313295, 35.527044 ], [ 140.313406, 35.527044 ], [ 140.313406, 35.526999 ] ] ], [ [ [ 140.315795, 35.527044 ], [ 140.315795, 35.526999 ], [ 140.315739, 35.526999 ], [ 140.315739, 35.527044 ], [ 140.315795, 35.527044 ] ] ], [ [ [ 140.315795, 35.527044 ], [ 140.315795, 35.527089 ], [ 140.31585, 35.527089 ], [ 140.31585, 35.527044 ], [ 140.315795, 35.527044 ] ] ], [ [ [ 140.307684, 35.527089 ], [ 140.307684, 35.52718 ], [ 140.307795, 35.52718 ], [ 140.307795, 35.527089 ], [ 140.307684, 35.527089 ] ] ], [ [ [ 140.313295, 35.52718 ], [ 140.31335, 35.52718 ], [ 140.31335, 35.527089 ], [ 140.313295, 35.527089 ], [ 140.313295, 35.52718 ] ] ], [ [ [ 140.315906, 35.527225 ], [ 140.315906, 35.52718 ], [ 140.31585, 35.52718 ], [ 140.31585, 35.527225 ], [ 140.315906, 35.527225 ] ] ], [ [ [ 140.30785, 35.527225 ], [ 140.307795, 35.527225 ], [ 140.307795, 35.52727 ], [ 140.30785, 35.52727 ], [ 140.30785, 35.527225 ] ] ], [ [ [ 140.312739, 35.52727 ], [ 140.312739, 35.527225 ], [ 140.312684, 35.527225 ], [ 140.312684, 35.52727 ], [ 140.312739, 35.52727 ] ] ], [ [ [ 140.315906, 35.527225 ], [ 140.315906, 35.52727 ], [ 140.315962, 35.52727 ], [ 140.315962, 35.527225 ], [ 140.315906, 35.527225 ] ] ], [ [ [ 140.308073, 35.52727 ], [ 140.308073, 35.527225 ], [ 140.308128, 35.527225 ], [ 140.308128, 35.52718 ], [ 140.308184, 35.52718 ], [ 140.308184, 35.527225 ], [ 140.308239, 35.527225 ], [ 140.308239, 35.527089 ], [ 140.308295, 35.527089 ], [ 140.308295, 35.527044 ], [ 140.308462, 35.527044 ], [ 140.308462, 35.526999 ], [ 140.308239, 35.526999 ], [ 140.308239, 35.527044 ], [ 140.308184, 35.527044 ], [ 140.308184, 35.527089 ], [ 140.308073, 35.527089 ], [ 140.308073, 35.527044 ], [ 140.307962, 35.527044 ], [ 140.307962, 35.526999 ], [ 140.307906, 35.526999 ], [ 140.307906, 35.527044 ], [ 140.30785, 35.527044 ], [ 140.30785, 35.52718 ], [ 140.307962, 35.52718 ], [ 140.307962, 35.527225 ], [ 140.307906, 35.527225 ], [ 140.307906, 35.52727 ], [ 140.308017, 35.52727 ], [ 140.308017, 35.527315 ], [ 140.308128, 35.527315 ], [ 140.308128, 35.52727 ], [ 140.308073, 35.52727 ] ] ], [ [ [ 140.308295, 35.52727 ], [ 140.308239, 35.52727 ], [ 140.308239, 35.527315 ], [ 140.308295, 35.527315 ], [ 140.308295, 35.52727 ] ] ], [ [ [ 140.308462, 35.52727 ], [ 140.308462, 35.527089 ], [ 140.308406, 35.527089 ], [ 140.308406, 35.52727 ], [ 140.30835, 35.52727 ], [ 140.30835, 35.527315 ], [ 140.308517, 35.527315 ], [ 140.308517, 35.52727 ], [ 140.308462, 35.52727 ] ] ], [ [ [ 140.313295, 35.52718 ], [ 140.313184, 35.52718 ], [ 140.313184, 35.527225 ], [ 140.313128, 35.527225 ], [ 140.313128, 35.52727 ], [ 140.313184, 35.52727 ], [ 140.313184, 35.527315 ], [ 140.313239, 35.527315 ], [ 140.313239, 35.527225 ], [ 140.313295, 35.527225 ], [ 140.313295, 35.52718 ] ] ], [ [ [ 140.308684, 35.527315 ], [ 140.308628, 35.527315 ], [ 140.308628, 35.52736 ], [ 140.308795, 35.52736 ], [ 140.308795, 35.527315 ], [ 140.308684, 35.527315 ] ] ], [ [ [ 140.308906, 35.527315 ], [ 140.30885, 35.527315 ], [ 140.30885, 35.52736 ], [ 140.308906, 35.52736 ], [ 140.308906, 35.527315 ] ] ], [ [ [ 140.309017, 35.527089 ], [ 140.309073, 35.527089 ], [ 140.309073, 35.52718 ], [ 140.309017, 35.52718 ], [ 140.309017, 35.527089 ], [ 140.308962, 35.527089 ], [ 140.308962, 35.52718 ], [ 140.308906, 35.52718 ], [ 140.308906, 35.527225 ], [ 140.308962, 35.527225 ], [ 140.308962, 35.52727 ], [ 140.308906, 35.52727 ], [ 140.308906, 35.527315 ], [ 140.308962, 35.527315 ], [ 140.308962, 35.52736 ], [ 140.309017, 35.52736 ], [ 140.309017, 35.527315 ], [ 140.309128, 35.527315 ], [ 140.309184, 35.527315 ], [ 140.309184, 35.52727 ], [ 140.309239, 35.52727 ], [ 140.309239, 35.52718 ], [ 140.309184, 35.52718 ], [ 140.309184, 35.527089 ], [ 140.309128, 35.527089 ], [ 140.309128, 35.527044 ], [ 140.309017, 35.527044 ], [ 140.309017, 35.527089 ] ] ], [ [ [ 140.316406, 35.526547 ], [ 140.31635, 35.526547 ], [ 140.31635, 35.526637 ], [ 140.316128, 35.526637 ], [ 140.316128, 35.526547 ], [ 140.316184, 35.526547 ], [ 140.316184, 35.526411 ], [ 140.316239, 35.526411 ], [ 140.316239, 35.526501 ], [ 140.316295, 35.526501 ], [ 140.316295, 35.52632 ], [ 140.316239, 35.52632 ], [ 140.316239, 35.526275 ], [ 140.316184, 35.526275 ], [ 140.316184, 35.52614 ], [ 140.316128, 35.52614 ], [ 140.316128, 35.526049 ], [ 140.316073, 35.526049 ], [ 140.316073, 35.526004 ], [ 140.316128, 35.526004 ], [ 140.316128, 35.525959 ], [ 140.316073, 35.525959 ], [ 140.316073, 35.525868 ], [ 140.316128, 35.525868 ], [ 140.316128, 35.525959 ], [ 140.316184, 35.525959 ], [ 140.316184, 35.525914 ], [ 140.31635, 35.525914 ], [ 140.31635, 35.525959 ], [ 140.316406, 35.525959 ], [ 140.316406, 35.526004 ], [ 140.31635, 35.526004 ], [ 140.31635, 35.526049 ], [ 140.316406, 35.526049 ], [ 140.316406, 35.52614 ], [ 140.316517, 35.52614 ], [ 140.316517, 35.526004 ], [ 140.316573, 35.526004 ], [ 140.316573, 35.525959 ], [ 140.316628, 35.525959 ], [ 140.316628, 35.525914 ], [ 140.316684, 35.525914 ], [ 140.316684, 35.525868 ], [ 140.316739, 35.525868 ], [ 140.316739, 35.525823 ], [ 140.316795, 35.525823 ], [ 140.316795, 35.525687 ], [ 140.316739, 35.525687 ], [ 140.316739, 35.525642 ], [ 140.316628, 35.525642 ], [ 140.316628, 35.525687 ], [ 140.316462, 35.525687 ], [ 140.316462, 35.525823 ], [ 140.316239, 35.525823 ], [ 140.316239, 35.525687 ], [ 140.316184, 35.525687 ], [ 140.316184, 35.525823 ], [ 140.316128, 35.525823 ], [ 140.316128, 35.525687 ], [ 140.316128, 35.525642 ], [ 140.315962, 35.525642 ], [ 140.315962, 35.525687 ], [ 140.316073, 35.525687 ], [ 140.316073, 35.525823 ], [ 140.316017, 35.525823 ], [ 140.316017, 35.525914 ], [ 140.315962, 35.525914 ], [ 140.315962, 35.525959 ], [ 140.316017, 35.525959 ], [ 140.316017, 35.526049 ], [ 140.315962, 35.526049 ], [ 140.315962, 35.526004 ], [ 140.315906, 35.526004 ], [ 140.31585, 35.526004 ], [ 140.31585, 35.526049 ], [ 140.315795, 35.526049 ], [ 140.315739, 35.526049 ], [ 140.315739, 35.52614 ], [ 140.315684, 35.52614 ], [ 140.315684, 35.526185 ], [ 140.315628, 35.526185 ], [ 140.315628, 35.52623 ], [ 140.315684, 35.52623 ], [ 140.315684, 35.526275 ], [ 140.315739, 35.526275 ], [ 140.315739, 35.52632 ], [ 140.315795, 35.52632 ], [ 140.315795, 35.526411 ], [ 140.31585, 35.526411 ], [ 140.31585, 35.526501 ], [ 140.315795, 35.526501 ], [ 140.315795, 35.526547 ], [ 140.31585, 35.526547 ], [ 140.31585, 35.526637 ], [ 140.315795, 35.526637 ], [ 140.315795, 35.526682 ], [ 140.315739, 35.526682 ], [ 140.315739, 35.526727 ], [ 140.315795, 35.526727 ], [ 140.315795, 35.526818 ], [ 140.31585, 35.526818 ], [ 140.31585, 35.526908 ], [ 140.315906, 35.526908 ], [ 140.315906, 35.526953 ], [ 140.315962, 35.526953 ], [ 140.315962, 35.527044 ], [ 140.316017, 35.527044 ], [ 140.316017, 35.527089 ], [ 140.316073, 35.527089 ], [ 140.316073, 35.52718 ], [ 140.316128, 35.52718 ], [ 140.316128, 35.527089 ], [ 140.316239, 35.527089 ], [ 140.316239, 35.52718 ], [ 140.316128, 35.52718 ], [ 140.316128, 35.527225 ], [ 140.316073, 35.527225 ], [ 140.316073, 35.52727 ], [ 140.315962, 35.52727 ], [ 140.315962, 35.527315 ], [ 140.315962, 35.52736 ], [ 140.316017, 35.52736 ], [ 140.316239, 35.52736 ], [ 140.316239, 35.52727 ], [ 140.31635, 35.52727 ], [ 140.31635, 35.527225 ], [ 140.316295, 35.527225 ], [ 140.316295, 35.526908 ], [ 140.316239, 35.526908 ], [ 140.316239, 35.526863 ], [ 140.316184, 35.526863 ], [ 140.316184, 35.526818 ], [ 140.316128, 35.526818 ], [ 140.316128, 35.526727 ], [ 140.316295, 35.526727 ], [ 140.316295, 35.526682 ], [ 140.316406, 35.526682 ], [ 140.316406, 35.526547 ] ], [ [ 140.316573, 35.525868 ], [ 140.316573, 35.525914 ], [ 140.316517, 35.525914 ], [ 140.316517, 35.525868 ], [ 140.316573, 35.525868 ] ] ], [ [ [ 140.312628, 35.527451 ], [ 140.312628, 35.52736 ], [ 140.312573, 35.52736 ], [ 140.312573, 35.527451 ], [ 140.312628, 35.527451 ] ] ], [ [ [ 140.309017, 35.52736 ], [ 140.309017, 35.527541 ], [ 140.309073, 35.527541 ], [ 140.309073, 35.527451 ], [ 140.309128, 35.527451 ], [ 140.309128, 35.52736 ], [ 140.309017, 35.52736 ] ] ], [ [ [ 140.311017, 35.52736 ], [ 140.310962, 35.52736 ], [ 140.310962, 35.527541 ], [ 140.311017, 35.527541 ], [ 140.311017, 35.52736 ] ] ], [ [ [ 140.313239, 35.526818 ], [ 140.313184, 35.526818 ], [ 140.313184, 35.526863 ], [ 140.313128, 35.526863 ], [ 140.313128, 35.526908 ], [ 140.313073, 35.526908 ], [ 140.313073, 35.526953 ], [ 140.313017, 35.526953 ], [ 140.313017, 35.526999 ], [ 140.312962, 35.526999 ], [ 140.312962, 35.527044 ], [ 140.312906, 35.527044 ], [ 140.312906, 35.527089 ], [ 140.31285, 35.527089 ], [ 140.31285, 35.52718 ], [ 140.312795, 35.52718 ], [ 140.312795, 35.52727 ], [ 140.312739, 35.52727 ], [ 140.312739, 35.527315 ], [ 140.312739, 35.52736 ], [ 140.312684, 35.52736 ], [ 140.312684, 35.527451 ], [ 140.312739, 35.527451 ], [ 140.312739, 35.527541 ], [ 140.312795, 35.527541 ], [ 140.312795, 35.52736 ], [ 140.31285, 35.52736 ], [ 140.31285, 35.527315 ], [ 140.312906, 35.527315 ], [ 140.312906, 35.52727 ], [ 140.312962, 35.52727 ], [ 140.312962, 35.52718 ], [ 140.313017, 35.52718 ], [ 140.313017, 35.527089 ], [ 140.313073, 35.527089 ], [ 140.313073, 35.526999 ], [ 140.313128, 35.526999 ], [ 140.313128, 35.526953 ], [ 140.313184, 35.526953 ], [ 140.313184, 35.526908 ], [ 140.313239, 35.526908 ], [ 140.313239, 35.526863 ], [ 140.313239, 35.526818 ] ] ], [ [ [ 140.316017, 35.527451 ], [ 140.315962, 35.527451 ], [ 140.315962, 35.527541 ], [ 140.316017, 35.527541 ], [ 140.316017, 35.527451 ] ] ], [ [ [ 140.307295, 35.527044 ], [ 140.307239, 35.527044 ], [ 140.307239, 35.526999 ], [ 140.307295, 35.526999 ], [ 140.307295, 35.527044 ], [ 140.307628, 35.527044 ], [ 140.307628, 35.527089 ], [ 140.307684, 35.527089 ], [ 140.307684, 35.526999 ], [ 140.307406, 35.526999 ], [ 140.307406, 35.526953 ], [ 140.307573, 35.526953 ], [ 140.307573, 35.526908 ], [ 140.307628, 35.526908 ], [ 140.307628, 35.526863 ], [ 140.307462, 35.526863 ], [ 140.307462, 35.526818 ], [ 140.30735, 35.526818 ], [ 140.30735, 35.526908 ], [ 140.307184, 35.526908 ], [ 140.307184, 35.526953 ], [ 140.307128, 35.526953 ], [ 140.307128, 35.526908 ], [ 140.307017, 35.526908 ], [ 140.307017, 35.526863 ], [ 140.306962, 35.526863 ], [ 140.306962, 35.526818 ], [ 140.306906, 35.526818 ], [ 140.306906, 35.526727 ], [ 140.306684, 35.526727 ], [ 140.306684, 35.526818 ], [ 140.306628, 35.526818 ], [ 140.306628, 35.526863 ], [ 140.306517, 35.526863 ], [ 140.306517, 35.526908 ], [ 140.306462, 35.526908 ], [ 140.306462, 35.526953 ], [ 140.306406, 35.526953 ], [ 140.306406, 35.526999 ], [ 140.30635, 35.526999 ], [ 140.30635, 35.527044 ], [ 140.306239, 35.527044 ], [ 140.306239, 35.526999 ], [ 140.306295, 35.526999 ], [ 140.306295, 35.526908 ], [ 140.306239, 35.526908 ], [ 140.306239, 35.526863 ], [ 140.306184, 35.526863 ], [ 140.306184, 35.526908 ], [ 140.306128, 35.526908 ], [ 140.306128, 35.526999 ], [ 140.30585, 35.526999 ], [ 140.30585, 35.527089 ], [ 140.306128, 35.527089 ], [ 140.306128, 35.52718 ], [ 140.306239, 35.52718 ], [ 140.306239, 35.527089 ], [ 140.306295, 35.527089 ], [ 140.306295, 35.52727 ], [ 140.30635, 35.52727 ], [ 140.30635, 35.527315 ], [ 140.306295, 35.527315 ], [ 140.306295, 35.527451 ], [ 140.30635, 35.527451 ], [ 140.30635, 35.527541 ], [ 140.306517, 35.527541 ], [ 140.306517, 35.527586 ], [ 140.306628, 35.527586 ], [ 140.306628, 35.527541 ], [ 140.306739, 35.527541 ], [ 140.306739, 35.527586 ], [ 140.30685, 35.527586 ], [ 140.30685, 35.527541 ], [ 140.306906, 35.527541 ], [ 140.306906, 35.527451 ], [ 140.306962, 35.527451 ], [ 140.306962, 35.52736 ], [ 140.307128, 35.52736 ], [ 140.307128, 35.527315 ], [ 140.307239, 35.527315 ], [ 140.307239, 35.52727 ], [ 140.30735, 35.52727 ], [ 140.30735, 35.527225 ], [ 140.307406, 35.527225 ], [ 140.307406, 35.52718 ], [ 140.30735, 35.52718 ], [ 140.30735, 35.527089 ], [ 140.307295, 35.527089 ], [ 140.307295, 35.527044 ] ] ], [ [ [ 140.309184, 35.527586 ], [ 140.309184, 35.527541 ], [ 140.309128, 35.527541 ], [ 140.309128, 35.527586 ], [ 140.309184, 35.527586 ] ] ], [ [ [ 140.31585, 35.527541 ], [ 140.315739, 35.527541 ], [ 140.315739, 35.527586 ], [ 140.315906, 35.527586 ], [ 140.315906, 35.527541 ], [ 140.31585, 35.527541 ] ] ], [ [ [ 140.306739, 35.527586 ], [ 140.306684, 35.527586 ], [ 140.306684, 35.527632 ], [ 140.306739, 35.527632 ], [ 140.306739, 35.527586 ] ] ], [ [ [ 140.309184, 35.527586 ], [ 140.309184, 35.527632 ], [ 140.309239, 35.527632 ], [ 140.309239, 35.527586 ], [ 140.309184, 35.527586 ] ] ], [ [ [ 140.311739, 35.527586 ], [ 140.311739, 35.527632 ], [ 140.311795, 35.527632 ], [ 140.311795, 35.527586 ], [ 140.311739, 35.527586 ] ] ], [ [ [ 140.315462, 35.527632 ], [ 140.315628, 35.527632 ], [ 140.315628, 35.527586 ], [ 140.315462, 35.527586 ], [ 140.315462, 35.527632 ] ] ], [ [ [ 140.30935, 35.527632 ], [ 140.309295, 35.527632 ], [ 140.309295, 35.527677 ], [ 140.30935, 35.527677 ], [ 140.30935, 35.527632 ] ] ], [ [ [ 140.311906, 35.527632 ], [ 140.31185, 35.527632 ], [ 140.31185, 35.527677 ], [ 140.311962, 35.527677 ], [ 140.311962, 35.527632 ], [ 140.311906, 35.527632 ] ] ], [ [ [ 140.312517, 35.527677 ], [ 140.312517, 35.527632 ], [ 140.312462, 35.527632 ], [ 140.312462, 35.527677 ], [ 140.312517, 35.527677 ] ] ], [ [ [ 140.315462, 35.527632 ], [ 140.31535, 35.527632 ], [ 140.31535, 35.527677 ], [ 140.315462, 35.527677 ], [ 140.315462, 35.527632 ] ] ], [ [ [ 140.309462, 35.527677 ], [ 140.309406, 35.527677 ], [ 140.309406, 35.527722 ], [ 140.309462, 35.527722 ], [ 140.309462, 35.527677 ] ] ], [ [ [ 140.311739, 35.527586 ], [ 140.311739, 35.527541 ], [ 140.311684, 35.527541 ], [ 140.311684, 35.527451 ], [ 140.311628, 35.527451 ], [ 140.311628, 35.52736 ], [ 140.311573, 35.52736 ], [ 140.311573, 35.527315 ], [ 140.311517, 35.527315 ], [ 140.311517, 35.52727 ], [ 140.311462, 35.52727 ], [ 140.311462, 35.527225 ], [ 140.311406, 35.527225 ], [ 140.311406, 35.52727 ], [ 140.31135, 35.52727 ], [ 140.31135, 35.527315 ], [ 140.311295, 35.527315 ], [ 140.311239, 35.527315 ], [ 140.311239, 35.527451 ], [ 140.311295, 35.527451 ], [ 140.311295, 35.527541 ], [ 140.311239, 35.527541 ], [ 140.311184, 35.527541 ], [ 140.311184, 35.527586 ], [ 140.311239, 35.527586 ], [ 140.311239, 35.527677 ], [ 140.311184, 35.527677 ], [ 140.311184, 35.527722 ], [ 140.311295, 35.527722 ], [ 140.311295, 35.527677 ], [ 140.31135, 35.527677 ], [ 140.31135, 35.527632 ], [ 140.311406, 35.527632 ], [ 140.311406, 35.527541 ], [ 140.311517, 35.527541 ], [ 140.311517, 35.527586 ], [ 140.311573, 35.527586 ], [ 140.311573, 35.527677 ], [ 140.311628, 35.527677 ], [ 140.311628, 35.527586 ], [ 140.311739, 35.527586 ] ] ], [ [ [ 140.31535, 35.527677 ], [ 140.315295, 35.527677 ], [ 140.315295, 35.527722 ], [ 140.31535, 35.527722 ], [ 140.31535, 35.527677 ] ] ], [ [ [ 140.309573, 35.527722 ], [ 140.309517, 35.527722 ], [ 140.309517, 35.527767 ], [ 140.309573, 35.527767 ], [ 140.309573, 35.527722 ] ] ], [ [ [ 140.315295, 35.527722 ], [ 140.315239, 35.527722 ], [ 140.315239, 35.527767 ], [ 140.315295, 35.527767 ], [ 140.315295, 35.527722 ] ] ], [ [ [ 140.315239, 35.527767 ], [ 140.315184, 35.527767 ], [ 140.315184, 35.527858 ], [ 140.315239, 35.527858 ], [ 140.315239, 35.527767 ] ] ], [ [ [ 140.311017, 35.527993 ], [ 140.311017, 35.527948 ], [ 140.311184, 35.527948 ], [ 140.311184, 35.527903 ], [ 140.311128, 35.527903 ], [ 140.311128, 35.527767 ], [ 140.311073, 35.527767 ], [ 140.311073, 35.527858 ], [ 140.310795, 35.527858 ], [ 140.310795, 35.527767 ], [ 140.310184, 35.527767 ], [ 140.310184, 35.527677 ], [ 140.310239, 35.527677 ], [ 140.310239, 35.527586 ], [ 140.310295, 35.527586 ], [ 140.310295, 35.527541 ], [ 140.310239, 35.527541 ], [ 140.310239, 35.527451 ], [ 140.310128, 35.527451 ], [ 140.310128, 35.52736 ], [ 140.310073, 35.52736 ], [ 140.309906, 35.52736 ], [ 140.309906, 35.527541 ], [ 140.30985, 35.527541 ], [ 140.30985, 35.527586 ], [ 140.30985, 35.527632 ], [ 140.309906, 35.527632 ], [ 140.309906, 35.527677 ], [ 140.30985, 35.527677 ], [ 140.30985, 35.527767 ], [ 140.309795, 35.527767 ], [ 140.309684, 35.527767 ], [ 140.309628, 35.527767 ], [ 140.309628, 35.527858 ], [ 140.309962, 35.527858 ], [ 140.309962, 35.527767 ], [ 140.310128, 35.527767 ], [ 140.310128, 35.527858 ], [ 140.310295, 35.527858 ], [ 140.310295, 35.527903 ], [ 140.31035, 35.527903 ], [ 140.31035, 35.527858 ], [ 140.310517, 35.527858 ], [ 140.310517, 35.527903 ], [ 140.310795, 35.527903 ], [ 140.310795, 35.527993 ], [ 140.31085, 35.527993 ], [ 140.31085, 35.527948 ], [ 140.310962, 35.527948 ], [ 140.310962, 35.527993 ], [ 140.311017, 35.527993 ] ], [ [ 140.310017, 35.527632 ], [ 140.310017, 35.527586 ], [ 140.310073, 35.527586 ], [ 140.310073, 35.527632 ], [ 140.310017, 35.527632 ] ] ], [ [ [ 140.315184, 35.527858 ], [ 140.315128, 35.527858 ], [ 140.315128, 35.528039 ], [ 140.315017, 35.528039 ], [ 140.315017, 35.528129 ], [ 140.315073, 35.528129 ], [ 140.315073, 35.528219 ], [ 140.315128, 35.528219 ], [ 140.315184, 35.528219 ], [ 140.315184, 35.52831 ], [ 140.315239, 35.52831 ], [ 140.315239, 35.528129 ], [ 140.315184, 35.528129 ], [ 140.315184, 35.528084 ], [ 140.315239, 35.528084 ], [ 140.315239, 35.528039 ], [ 140.315295, 35.528039 ], [ 140.315295, 35.527993 ], [ 140.315239, 35.527993 ], [ 140.315239, 35.527948 ], [ 140.315184, 35.527948 ], [ 140.315184, 35.527858 ] ] ], [ [ [ 140.31535, 35.52831 ], [ 140.315295, 35.52831 ], [ 140.315295, 35.528355 ], [ 140.31535, 35.528355 ], [ 140.31535, 35.52831 ] ] ], [ [ [ 140.315462, 35.528355 ], [ 140.315406, 35.528355 ], [ 140.315406, 35.5284 ], [ 140.315462, 35.5284 ], [ 140.315462, 35.528355 ] ] ], [ [ [ 140.315573, 35.5284 ], [ 140.315517, 35.5284 ], [ 140.315517, 35.528446 ], [ 140.315573, 35.528446 ], [ 140.315573, 35.5284 ] ] ], [ [ [ 140.315684, 35.528446 ], [ 140.315628, 35.528446 ], [ 140.315628, 35.528536 ], [ 140.315684, 35.528536 ], [ 140.315684, 35.528446 ] ] ], [ [ [ 140.315795, 35.528581 ], [ 140.315795, 35.528536 ], [ 140.315739, 35.528536 ], [ 140.315739, 35.528581 ], [ 140.315795, 35.528581 ] ] ], [ [ [ 140.315795, 35.528581 ], [ 140.315795, 35.528626 ], [ 140.31585, 35.528626 ], [ 140.315906, 35.528626 ], [ 140.315906, 35.528581 ], [ 140.315795, 35.528581 ] ] ], [ [ [ 140.316128, 35.528672 ], [ 140.316128, 35.528626 ], [ 140.316017, 35.528626 ], [ 140.316017, 35.528672 ], [ 140.316073, 35.528672 ], [ 140.316128, 35.528672 ] ] ], [ [ [ 140.312517, 35.528717 ], [ 140.312462, 35.528717 ], [ 140.312462, 35.528672 ], [ 140.312517, 35.528672 ], [ 140.312517, 35.528717 ], [ 140.312573, 35.528717 ], [ 140.312573, 35.528672 ], [ 140.312628, 35.528672 ], [ 140.312628, 35.528581 ], [ 140.312628, 35.528536 ], [ 140.312573, 35.528536 ], [ 140.312573, 35.528581 ], [ 140.312517, 35.528581 ], [ 140.312517, 35.528536 ], [ 140.312406, 35.528536 ], [ 140.312406, 35.528626 ], [ 140.31235, 35.528626 ], [ 140.31235, 35.528672 ], [ 140.312295, 35.528672 ], [ 140.312295, 35.528762 ], [ 140.31235, 35.528762 ], [ 140.31235, 35.528898 ], [ 140.312406, 35.528898 ], [ 140.312462, 35.528898 ], [ 140.312462, 35.528807 ], [ 140.312462, 35.528762 ], [ 140.312517, 35.528762 ], [ 140.312517, 35.528717 ] ] ], [ [ [ 140.316406, 35.528626 ], [ 140.316406, 35.528672 ], [ 140.31635, 35.528672 ], [ 140.31635, 35.528626 ], [ 140.316406, 35.528626 ], [ 140.316406, 35.528581 ], [ 140.31635, 35.528581 ], [ 140.31635, 35.528446 ], [ 140.316239, 35.528446 ], [ 140.316239, 35.528626 ], [ 140.316184, 35.528626 ], [ 140.316184, 35.528672 ], [ 140.316128, 35.528672 ], [ 140.316128, 35.528717 ], [ 140.316295, 35.528717 ], [ 140.316295, 35.528807 ], [ 140.316406, 35.528807 ], [ 140.316406, 35.528898 ], [ 140.316462, 35.528898 ], [ 140.316517, 35.528898 ], [ 140.316517, 35.528717 ], [ 140.316573, 35.528717 ], [ 140.316573, 35.528672 ], [ 140.316462, 35.528672 ], [ 140.316462, 35.528626 ], [ 140.316406, 35.528626 ] ] ], [ [ [ 140.31235, 35.528898 ], [ 140.312295, 35.528898 ], [ 140.312295, 35.528943 ], [ 140.31235, 35.528943 ], [ 140.31235, 35.528898 ] ] ], [ [ [ 140.31385, 35.528943 ], [ 140.313795, 35.528943 ], [ 140.313795, 35.528988 ], [ 140.31385, 35.528988 ], [ 140.31385, 35.528943 ] ] ], [ [ [ 140.314573, 35.528943 ], [ 140.314517, 35.528943 ], [ 140.314517, 35.528988 ], [ 140.314573, 35.528988 ], [ 140.314573, 35.528943 ] ] ], [ [ [ 140.313795, 35.528988 ], [ 140.313739, 35.528988 ], [ 140.313739, 35.529033 ], [ 140.313795, 35.529033 ], [ 140.313795, 35.528988 ] ] ], [ [ [ 140.31035, 35.529033 ], [ 140.310295, 35.529033 ], [ 140.310295, 35.529078 ], [ 140.31035, 35.529078 ], [ 140.31035, 35.529033 ] ] ], [ [ [ 140.310573, 35.529033 ], [ 140.310462, 35.529033 ], [ 140.310462, 35.529078 ], [ 140.310573, 35.529078 ], [ 140.310573, 35.529033 ] ] ], [ [ [ 140.314573, 35.529033 ], [ 140.314517, 35.529033 ], [ 140.314517, 35.529078 ], [ 140.314573, 35.529078 ], [ 140.314573, 35.529033 ] ] ], [ [ [ 140.314684, 35.529078 ], [ 140.314684, 35.529033 ], [ 140.314739, 35.529033 ], [ 140.314739, 35.528988 ], [ 140.314684, 35.528988 ], [ 140.314628, 35.528988 ], [ 140.314628, 35.529078 ], [ 140.314684, 35.529078 ] ] ], [ [ [ 140.31485, 35.529033 ], [ 140.314795, 35.529033 ], [ 140.314795, 35.529078 ], [ 140.31485, 35.529078 ], [ 140.31485, 35.529033 ] ] ], [ [ [ 140.31635, 35.529078 ], [ 140.31635, 35.529033 ], [ 140.316295, 35.529033 ], [ 140.316295, 35.529078 ], [ 140.31635, 35.529078 ] ] ], [ [ [ 140.313628, 35.529078 ], [ 140.313573, 35.529078 ], [ 140.313573, 35.529214 ], [ 140.313628, 35.529214 ], [ 140.313628, 35.529078 ] ] ], [ [ [ 140.313739, 35.529033 ], [ 140.313684, 35.529033 ], [ 140.313684, 35.529214 ], [ 140.313739, 35.529214 ], [ 140.313739, 35.529033 ] ] ], [ [ [ 140.314962, 35.529078 ], [ 140.314906, 35.529078 ], [ 140.314906, 35.529214 ], [ 140.314962, 35.529214 ], [ 140.314962, 35.529078 ] ] ], [ [ [ 140.315073, 35.529214 ], [ 140.315017, 35.529214 ], [ 140.315017, 35.529259 ], [ 140.315073, 35.529259 ], [ 140.315073, 35.529214 ] ] ], [ [ [ 140.315239, 35.529305 ], [ 140.315239, 35.529259 ], [ 140.315128, 35.529259 ], [ 140.315128, 35.529305 ], [ 140.315239, 35.529305 ] ] ], [ [ [ 140.315239, 35.529305 ], [ 140.315239, 35.52935 ], [ 140.31535, 35.52935 ], [ 140.31535, 35.529305 ], [ 140.315239, 35.529305 ] ] ], [ [ [ 140.31535, 35.52935 ], [ 140.31535, 35.529395 ], [ 140.315462, 35.529395 ], [ 140.315462, 35.52935 ], [ 140.315406, 35.52935 ], [ 140.31535, 35.52935 ] ] ], [ [ [ 140.315628, 35.529395 ], [ 140.315517, 35.529395 ], [ 140.315517, 35.52944 ], [ 140.315628, 35.52944 ], [ 140.315628, 35.529395 ] ] ], [ [ [ 140.31635, 35.529078 ], [ 140.31635, 35.529214 ], [ 140.31635, 35.529259 ], [ 140.31635, 35.52944 ], [ 140.316406, 35.52944 ], [ 140.316406, 35.529214 ], [ 140.316462, 35.529214 ], [ 140.316462, 35.529078 ], [ 140.31635, 35.529078 ] ] ], [ [ [ 140.31635, 35.52944 ], [ 140.316295, 35.52944 ], [ 140.316295, 35.529485 ], [ 140.31635, 35.529485 ], [ 140.31635, 35.52944 ] ] ], [ [ [ 140.313628, 35.529485 ], [ 140.313573, 35.529485 ], [ 140.313573, 35.529576 ], [ 140.313628, 35.529576 ], [ 140.313628, 35.529621 ], [ 140.313684, 35.529621 ], [ 140.313684, 35.529485 ], [ 140.313628, 35.529485 ] ] ], [ [ [ 140.315962, 35.529576 ], [ 140.315906, 35.529576 ], [ 140.315906, 35.529621 ], [ 140.315962, 35.529621 ], [ 140.315962, 35.529576 ] ] ], [ [ [ 140.316073, 35.529621 ], [ 140.316017, 35.529621 ], [ 140.316017, 35.529666 ], [ 140.316073, 35.529666 ], [ 140.316073, 35.529621 ] ] ], [ [ [ 140.316184, 35.529666 ], [ 140.316239, 35.529666 ], [ 140.316239, 35.529621 ], [ 140.316184, 35.529621 ], [ 140.316184, 35.529666 ] ] ], [ [ [ 140.31385, 35.529711 ], [ 140.31385, 35.529666 ], [ 140.313795, 35.529666 ], [ 140.313795, 35.529711 ], [ 140.31385, 35.529711 ] ] ], [ [ [ 140.316184, 35.529666 ], [ 140.316128, 35.529666 ], [ 140.316128, 35.529711 ], [ 140.316184, 35.529711 ], [ 140.316184, 35.529666 ] ] ], [ [ [ 140.31385, 35.529711 ], [ 140.31385, 35.529757 ], [ 140.313906, 35.529757 ], [ 140.313906, 35.529711 ], [ 140.31385, 35.529711 ] ] ], [ [ [ 140.31135, 35.529757 ], [ 140.311295, 35.529757 ], [ 140.311295, 35.529802 ], [ 140.31135, 35.529802 ], [ 140.31135, 35.529757 ] ] ], [ [ [ 140.311795, 35.529757 ], [ 140.311739, 35.529757 ], [ 140.311739, 35.529802 ], [ 140.311795, 35.529802 ], [ 140.311795, 35.529757 ] ] ], [ [ [ 140.313962, 35.529938 ], [ 140.313962, 35.529892 ], [ 140.313906, 35.529892 ], [ 140.313906, 35.529938 ], [ 140.313962, 35.529938 ] ] ], [ [ [ 140.311795, 35.529938 ], [ 140.311684, 35.529938 ], [ 140.311684, 35.530028 ], [ 140.311739, 35.530028 ], [ 140.311795, 35.530028 ], [ 140.311795, 35.529938 ] ] ], [ [ [ 140.31285, 35.530028 ], [ 140.312906, 35.530028 ], [ 140.312906, 35.529938 ], [ 140.31285, 35.529938 ], [ 140.31285, 35.530028 ] ] ], [ [ [ 140.313962, 35.529938 ], [ 140.313962, 35.530028 ], [ 140.314017, 35.530028 ], [ 140.314017, 35.529938 ], [ 140.313962, 35.529938 ] ] ], [ [ [ 140.311184, 35.530028 ], [ 140.311128, 35.530028 ], [ 140.311128, 35.530073 ], [ 140.311184, 35.530073 ], [ 140.311184, 35.530028 ] ] ], [ [ [ 140.311462, 35.530118 ], [ 140.311517, 35.530118 ], [ 140.311517, 35.530073 ], [ 140.311462, 35.530073 ], [ 140.311462, 35.530118 ] ] ], [ [ [ 140.31285, 35.530028 ], [ 140.312795, 35.530028 ], [ 140.312795, 35.530073 ], [ 140.312739, 35.530073 ], [ 140.312739, 35.530164 ], [ 140.31285, 35.530164 ], [ 140.31285, 35.530073 ], [ 140.31285, 35.530028 ] ] ], [ [ [ 140.312739, 35.530164 ], [ 140.312684, 35.530164 ], [ 140.312684, 35.530254 ], [ 140.312739, 35.530254 ], [ 140.312739, 35.530164 ] ] ], [ [ [ 140.312962, 35.530164 ], [ 140.312906, 35.530164 ], [ 140.312906, 35.530254 ], [ 140.312962, 35.530254 ], [ 140.312962, 35.530164 ] ] ], [ [ [ 140.314073, 35.530164 ], [ 140.314017, 35.530164 ], [ 140.314017, 35.530254 ], [ 140.314073, 35.530254 ], [ 140.314073, 35.530164 ] ] ], [ [ [ 140.310906, 35.530299 ], [ 140.310962, 35.530299 ], [ 140.310962, 35.530254 ], [ 140.310906, 35.530254 ], [ 140.310906, 35.530299 ] ] ], [ [ [ 140.311462, 35.530118 ], [ 140.311406, 35.530118 ], [ 140.311406, 35.530164 ], [ 140.31135, 35.530164 ], [ 140.31135, 35.530254 ], [ 140.311295, 35.530254 ], [ 140.311295, 35.530299 ], [ 140.31135, 35.530299 ], [ 140.311406, 35.530299 ], [ 140.311406, 35.530254 ], [ 140.311462, 35.530254 ], [ 140.311462, 35.530164 ], [ 140.311462, 35.530118 ] ] ], [ [ [ 140.313128, 35.530254 ], [ 140.313073, 35.530254 ], [ 140.313073, 35.530299 ], [ 140.313128, 35.530299 ], [ 140.313128, 35.530254 ] ] ], [ [ [ 140.310906, 35.530299 ], [ 140.31085, 35.530299 ], [ 140.31085, 35.530344 ], [ 140.310906, 35.530344 ], [ 140.310906, 35.530299 ] ] ], [ [ [ 140.311184, 35.530344 ], [ 140.311239, 35.530344 ], [ 140.311239, 35.530299 ], [ 140.311184, 35.530299 ], [ 140.311184, 35.530344 ] ] ], [ [ [ 140.312684, 35.530254 ], [ 140.312628, 35.530254 ], [ 140.312628, 35.530299 ], [ 140.312628, 35.530344 ], [ 140.312684, 35.530344 ], [ 140.312684, 35.530254 ] ] ], [ [ [ 140.311184, 35.530344 ], [ 140.311128, 35.530344 ], [ 140.311128, 35.53039 ], [ 140.311184, 35.53039 ], [ 140.311184, 35.530344 ] ] ], [ [ [ 140.31135, 35.530344 ], [ 140.311295, 35.530344 ], [ 140.311295, 35.53039 ], [ 140.31135, 35.53039 ], [ 140.31135, 35.530344 ] ] ], [ [ [ 140.31335, 35.530344 ], [ 140.313295, 35.530344 ], [ 140.313295, 35.53039 ], [ 140.31335, 35.53039 ], [ 140.31335, 35.530344 ] ] ], [ [ [ 140.313906, 35.53039 ], [ 140.313962, 35.53039 ], [ 140.313962, 35.530344 ], [ 140.313906, 35.530344 ], [ 140.313906, 35.53039 ] ] ], [ [ [ 140.311128, 35.53039 ], [ 140.311073, 35.53039 ], [ 140.311073, 35.530435 ], [ 140.311128, 35.530435 ], [ 140.311128, 35.53039 ] ] ], [ [ [ 140.312628, 35.530344 ], [ 140.312573, 35.530344 ], [ 140.312517, 35.530344 ], [ 140.312517, 35.53039 ], [ 140.312517, 35.530435 ], [ 140.312628, 35.530435 ], [ 140.312628, 35.530344 ] ] ], [ [ [ 140.313462, 35.53039 ], [ 140.313406, 35.53039 ], [ 140.313406, 35.530435 ], [ 140.313462, 35.530435 ], [ 140.313462, 35.53039 ] ] ], [ [ [ 140.313906, 35.53039 ], [ 140.31385, 35.53039 ], [ 140.31385, 35.530435 ], [ 140.313906, 35.530435 ], [ 140.313906, 35.53039 ] ] ], [ [ [ 140.30885, 35.530435 ], [ 140.30885, 35.53048 ], [ 140.308962, 35.53048 ], [ 140.308962, 35.530435 ], [ 140.30885, 35.530435 ] ] ], [ [ [ 140.313573, 35.530435 ], [ 140.313517, 35.530435 ], [ 140.313517, 35.53048 ], [ 140.313573, 35.53048 ], [ 140.313573, 35.530435 ] ] ], [ [ [ 140.308962, 35.53048 ], [ 140.308962, 35.530525 ], [ 140.309017, 35.530525 ], [ 140.309017, 35.53048 ], [ 140.308962, 35.53048 ] ] ], [ [ [ 140.311239, 35.53048 ], [ 140.311184, 35.53048 ], [ 140.311184, 35.530525 ], [ 140.311239, 35.530525 ], [ 140.311239, 35.53048 ] ] ], [ [ [ 140.312462, 35.530525 ], [ 140.312517, 35.530525 ], [ 140.312517, 35.53048 ], [ 140.312462, 35.53048 ], [ 140.312462, 35.530525 ] ] ], [ [ [ 140.312684, 35.53048 ], [ 140.312628, 35.53048 ], [ 140.312628, 35.530525 ], [ 140.312684, 35.530525 ], [ 140.312684, 35.53048 ] ] ], [ [ [ 140.309017, 35.530525 ], [ 140.309017, 35.530616 ], [ 140.309073, 35.530616 ], [ 140.309073, 35.530525 ], [ 140.309017, 35.530525 ] ] ], [ [ [ 140.31085, 35.530525 ], [ 140.31085, 35.53048 ], [ 140.31085, 35.530435 ], [ 140.310906, 35.530435 ], [ 140.310962, 35.530435 ], [ 140.310962, 35.53039 ], [ 140.311017, 35.53039 ], [ 140.311017, 35.530344 ], [ 140.311073, 35.530344 ], [ 140.311073, 35.530299 ], [ 140.311128, 35.530299 ], [ 140.311128, 35.530254 ], [ 140.311184, 35.530254 ], [ 140.311184, 35.530164 ], [ 140.311239, 35.530164 ], [ 140.311295, 35.530164 ], [ 140.311295, 35.530118 ], [ 140.31135, 35.530118 ], [ 140.31135, 35.530073 ], [ 140.311406, 35.530073 ], [ 140.311406, 35.530028 ], [ 140.311462, 35.530028 ], [ 140.311462, 35.529938 ], [ 140.311573, 35.529938 ], [ 140.311573, 35.529892 ], [ 140.311573, 35.529802 ], [ 140.311628, 35.529802 ], [ 140.311628, 35.529757 ], [ 140.311628, 35.529711 ], [ 140.311684, 35.529711 ], [ 140.311684, 35.529666 ], [ 140.311739, 35.529666 ], [ 140.311739, 35.529621 ], [ 140.311795, 35.529621 ], [ 140.311795, 35.529485 ], [ 140.31185, 35.529485 ], [ 140.31185, 35.529395 ], [ 140.311906, 35.529395 ], [ 140.311906, 35.529259 ], [ 140.311962, 35.529259 ], [ 140.311962, 35.529214 ], [ 140.311962, 35.529078 ], [ 140.311962, 35.529033 ], [ 140.312017, 35.529033 ], [ 140.312017, 35.528988 ], [ 140.312017, 35.528943 ], [ 140.312073, 35.528943 ], [ 140.312073, 35.528807 ], [ 140.312128, 35.528807 ], [ 140.312128, 35.528717 ], [ 140.312128, 35.528672 ], [ 140.312184, 35.528672 ], [ 140.312184, 35.528626 ], [ 140.312184, 35.528581 ], [ 140.312184, 35.528536 ], [ 140.312239, 35.528536 ], [ 140.312239, 35.5284 ], [ 140.312295, 35.5284 ], [ 140.312295, 35.528355 ], [ 140.31235, 35.528355 ], [ 140.31235, 35.528219 ], [ 140.312462, 35.528219 ], [ 140.312462, 35.52831 ], [ 140.312517, 35.52831 ], [ 140.312517, 35.5284 ], [ 140.312628, 35.5284 ], [ 140.312628, 35.528355 ], [ 140.312684, 35.528355 ], [ 140.312684, 35.5284 ], [ 140.312628, 35.5284 ], [ 140.312628, 35.528446 ], [ 140.312739, 35.528446 ], [ 140.312739, 35.5284 ], [ 140.312795, 35.5284 ], [ 140.312795, 35.528446 ], [ 140.312906, 35.528446 ], [ 140.313017, 35.528446 ], [ 140.313017, 35.528536 ], [ 140.313128, 35.528536 ], [ 140.313128, 35.528581 ], [ 140.313184, 35.528581 ], [ 140.313239, 35.528581 ], [ 140.313239, 35.528626 ], [ 140.313295, 35.528626 ], [ 140.31335, 35.528626 ], [ 140.31335, 35.528672 ], [ 140.313406, 35.528672 ], [ 140.313462, 35.528672 ], [ 140.313462, 35.528717 ], [ 140.313517, 35.528717 ], [ 140.313628, 35.528717 ], [ 140.313628, 35.528762 ], [ 140.313684, 35.528762 ], [ 140.313684, 35.528717 ], [ 140.313739, 35.528717 ], [ 140.313739, 35.528762 ], [ 140.313795, 35.528762 ], [ 140.313795, 35.528807 ], [ 140.31385, 35.528807 ], [ 140.31385, 35.528943 ], [ 140.313906, 35.528943 ], [ 140.313906, 35.528898 ], [ 140.314128, 35.528898 ], [ 140.314128, 35.528943 ], [ 140.314295, 35.528943 ], [ 140.314295, 35.528988 ], [ 140.31435, 35.528988 ], [ 140.31435, 35.529033 ], [ 140.314462, 35.529033 ], [ 140.314462, 35.528943 ], [ 140.314462, 35.528898 ], [ 140.314406, 35.528898 ], [ 140.314406, 35.528943 ], [ 140.31435, 35.528943 ], [ 140.31435, 35.528898 ], [ 140.31435, 35.528807 ], [ 140.314295, 35.528807 ], [ 140.314295, 35.528898 ], [ 140.314184, 35.528898 ], [ 140.314184, 35.528807 ], [ 140.314239, 35.528807 ], [ 140.314239, 35.528762 ], [ 140.314184, 35.528762 ], [ 140.314128, 35.528762 ], [ 140.314128, 35.528717 ], [ 140.314017, 35.528717 ], [ 140.313962, 35.528717 ], [ 140.313962, 35.528672 ], [ 140.313906, 35.528672 ], [ 140.31385, 35.528672 ], [ 140.31385, 35.528626 ], [ 140.313795, 35.528626 ], [ 140.313795, 35.528672 ], [ 140.313739, 35.528672 ], [ 140.313739, 35.528626 ], [ 140.313739, 35.528581 ], [ 140.313684, 35.528581 ], [ 140.313684, 35.528626 ], [ 140.313628, 35.528626 ], [ 140.313628, 35.528581 ], [ 140.313628, 35.528536 ], [ 140.313573, 35.528536 ], [ 140.313462, 35.528536 ], [ 140.313462, 35.528446 ], [ 140.313406, 35.528446 ], [ 140.31335, 35.528446 ], [ 140.31335, 35.5284 ], [ 140.313295, 35.5284 ], [ 140.313295, 35.528355 ], [ 140.313128, 35.528355 ], [ 140.313073, 35.528355 ], [ 140.313073, 35.52831 ], [ 140.312962, 35.52831 ], [ 140.312906, 35.52831 ], [ 140.312906, 35.528219 ], [ 140.312795, 35.528219 ], [ 140.312795, 35.528129 ], [ 140.312684, 35.528129 ], [ 140.312628, 35.528129 ], [ 140.312628, 35.528084 ], [ 140.312573, 35.528084 ], [ 140.312517, 35.528084 ], [ 140.312517, 35.528039 ], [ 140.312517, 35.527993 ], [ 140.312462, 35.527993 ], [ 140.312462, 35.528084 ], [ 140.312406, 35.528084 ], [ 140.312406, 35.527993 ], [ 140.312462, 35.527993 ], [ 140.312462, 35.527948 ], [ 140.312462, 35.527903 ], [ 140.312517, 35.527903 ], [ 140.312517, 35.527858 ], [ 140.312573, 35.527858 ], [ 140.312573, 35.527767 ], [ 140.312573, 35.527722 ], [ 140.312628, 35.527722 ], [ 140.312628, 35.527632 ], [ 140.312684, 35.527632 ], [ 140.312684, 35.527586 ], [ 140.312739, 35.527586 ], [ 140.312739, 35.527541 ], [ 140.312684, 35.527541 ], [ 140.312684, 35.527451 ], [ 140.312628, 35.527451 ], [ 140.312628, 35.527586 ], [ 140.312573, 35.527586 ], [ 140.312573, 35.527632 ], [ 140.312573, 35.527677 ], [ 140.312517, 35.527677 ], [ 140.312517, 35.527722 ], [ 140.312517, 35.527767 ], [ 140.312462, 35.527767 ], [ 140.312462, 35.527858 ], [ 140.312406, 35.527858 ], [ 140.312406, 35.527903 ], [ 140.312406, 35.527948 ], [ 140.31235, 35.527948 ], [ 140.31235, 35.527903 ], [ 140.31235, 35.527858 ], [ 140.312406, 35.527858 ], [ 140.312406, 35.527767 ], [ 140.312462, 35.527767 ], [ 140.312462, 35.527722 ], [ 140.312406, 35.527722 ], [ 140.31235, 35.527722 ], [ 140.31235, 35.527767 ], [ 140.312295, 35.527767 ], [ 140.312295, 35.527722 ], [ 140.312239, 35.527722 ], [ 140.312239, 35.527677 ], [ 140.312017, 35.527677 ], [ 140.312017, 35.527722 ], [ 140.311962, 35.527722 ], [ 140.311962, 35.527903 ], [ 140.312073, 35.527903 ], [ 140.312073, 35.527948 ], [ 140.312017, 35.527948 ], [ 140.312017, 35.527993 ], [ 140.31185, 35.527993 ], [ 140.31185, 35.528039 ], [ 140.312017, 35.528039 ], [ 140.312017, 35.528084 ], [ 140.312073, 35.528084 ], [ 140.312073, 35.528219 ], [ 140.312128, 35.528219 ], [ 140.312184, 35.528219 ], [ 140.312184, 35.52831 ], [ 140.312184, 35.528355 ], [ 140.312128, 35.528355 ], [ 140.312073, 35.528355 ], [ 140.312073, 35.5284 ], [ 140.312128, 35.5284 ], [ 140.312128, 35.528446 ], [ 140.312128, 35.528536 ], [ 140.312073, 35.528536 ], [ 140.312017, 35.528536 ], [ 140.312017, 35.528581 ], [ 140.312073, 35.528581 ], [ 140.312073, 35.528626 ], [ 140.312073, 35.528672 ], [ 140.312017, 35.528672 ], [ 140.312017, 35.528762 ], [ 140.311962, 35.528762 ], [ 140.311962, 35.528717 ], [ 140.311906, 35.528717 ], [ 140.311906, 35.528762 ], [ 140.311795, 35.528762 ], [ 140.311795, 35.528898 ], [ 140.311739, 35.528898 ], [ 140.311739, 35.528943 ], [ 140.311628, 35.528943 ], [ 140.311628, 35.528898 ], [ 140.311462, 35.528898 ], [ 140.311462, 35.528988 ], [ 140.31135, 35.528988 ], [ 140.31135, 35.529033 ], [ 140.311184, 35.529033 ], [ 140.311184, 35.529078 ], [ 140.311128, 35.529078 ], [ 140.311128, 35.529259 ], [ 140.311073, 35.529259 ], [ 140.311073, 35.529305 ], [ 140.310684, 35.529305 ], [ 140.310684, 35.529259 ], [ 140.310239, 35.529259 ], [ 140.310239, 35.529214 ], [ 140.310017, 35.529214 ], [ 140.310017, 35.529078 ], [ 140.30985, 35.529078 ], [ 140.30985, 35.529033 ], [ 140.309573, 35.529033 ], [ 140.309573, 35.528988 ], [ 140.309462, 35.528988 ], [ 140.309462, 35.528943 ], [ 140.309073, 35.528943 ], [ 140.309073, 35.528988 ], [ 140.309017, 35.528988 ], [ 140.309017, 35.529078 ], [ 140.309073, 35.529078 ], [ 140.309073, 35.529214 ], [ 140.309128, 35.529214 ], [ 140.309128, 35.529259 ], [ 140.309184, 35.529259 ], [ 140.309184, 35.529305 ], [ 140.309295, 35.529305 ], [ 140.309295, 35.52935 ], [ 140.309406, 35.52935 ], [ 140.309406, 35.529395 ], [ 140.309573, 35.529395 ], [ 140.309573, 35.52944 ], [ 140.309684, 35.52944 ], [ 140.309684, 35.529485 ], [ 140.309906, 35.529485 ], [ 140.309906, 35.52944 ], [ 140.309962, 35.52944 ], [ 140.309962, 35.529576 ], [ 140.310017, 35.529576 ], [ 140.310017, 35.529621 ], [ 140.310128, 35.529621 ], [ 140.310128, 35.529666 ], [ 140.310239, 35.529666 ], [ 140.310239, 35.529711 ], [ 140.310295, 35.529711 ], [ 140.310295, 35.529666 ], [ 140.31035, 35.529666 ], [ 140.31035, 35.529621 ], [ 140.310184, 35.529621 ], [ 140.310184, 35.529576 ], [ 140.310406, 35.529576 ], [ 140.310406, 35.529621 ], [ 140.310517, 35.529621 ], [ 140.310517, 35.529576 ], [ 140.310573, 35.529576 ], [ 140.310573, 35.529485 ], [ 140.310517, 35.529485 ], [ 140.310517, 35.52944 ], [ 140.310295, 35.52944 ], [ 140.310295, 35.52935 ], [ 140.310462, 35.52935 ], [ 140.310462, 35.529395 ], [ 140.310628, 35.529395 ], [ 140.310628, 35.52935 ], [ 140.310684, 35.52935 ], [ 140.310684, 35.529485 ], [ 140.310628, 35.529485 ], [ 140.310628, 35.529576 ], [ 140.310573, 35.529576 ], [ 140.310573, 35.529666 ], [ 140.310406, 35.529666 ], [ 140.310406, 35.529757 ], [ 140.310573, 35.529757 ], [ 140.310573, 35.529711 ], [ 140.310684, 35.529711 ], [ 140.310684, 35.529666 ], [ 140.31085, 35.529666 ], [ 140.31085, 35.529621 ], [ 140.310906, 35.529621 ], [ 140.310906, 35.529576 ], [ 140.311017, 35.529576 ], [ 140.311017, 35.529757 ], [ 140.311073, 35.529757 ], [ 140.311073, 35.529802 ], [ 140.311128, 35.529802 ], [ 140.311128, 35.529892 ], [ 140.311184, 35.529892 ], [ 140.311184, 35.530028 ], [ 140.311239, 35.530028 ], [ 140.311239, 35.530118 ], [ 140.311128, 35.530118 ], [ 140.311073, 35.530118 ], [ 140.311073, 35.530164 ], [ 140.311017, 35.530164 ], [ 140.311017, 35.530254 ], [ 140.311017, 35.530299 ], [ 140.310962, 35.530299 ], [ 140.310962, 35.530344 ], [ 140.310906, 35.530344 ], [ 140.310906, 35.53039 ], [ 140.31085, 35.53039 ], [ 140.31085, 35.530344 ], [ 140.310795, 35.530344 ], [ 140.310795, 35.530435 ], [ 140.310795, 35.53048 ], [ 140.310739, 35.53048 ], [ 140.310739, 35.530435 ], [ 140.310684, 35.530435 ], [ 140.310684, 35.53048 ], [ 140.310628, 35.53048 ], [ 140.310628, 35.530525 ], [ 140.310684, 35.530525 ], [ 140.310739, 35.530525 ], [ 140.310739, 35.530616 ], [ 140.310795, 35.530616 ], [ 140.310795, 35.530525 ], [ 140.31085, 35.530525 ] ], [ [ 140.311295, 35.529802 ], [ 140.311239, 35.529802 ], [ 140.311239, 35.529757 ], [ 140.311184, 35.529757 ], [ 140.311184, 35.529711 ], [ 140.311239, 35.529711 ], [ 140.311239, 35.529621 ], [ 140.311295, 35.529621 ], [ 140.311295, 35.52944 ], [ 140.311406, 35.52944 ], [ 140.311406, 35.52935 ], [ 140.31135, 35.52935 ], [ 140.31135, 35.529305 ], [ 140.311795, 35.529305 ], [ 140.311795, 35.529259 ], [ 140.311795, 35.529214 ], [ 140.311795, 35.529078 ], [ 140.31185, 35.529078 ], [ 140.31185, 35.529214 ], [ 140.31185, 35.529259 ], [ 140.31185, 35.529305 ], [ 140.311795, 35.529305 ], [ 140.311795, 35.52935 ], [ 140.311573, 35.52935 ], [ 140.311573, 35.529395 ], [ 140.311517, 35.529395 ], [ 140.311517, 35.529485 ], [ 140.311406, 35.529485 ], [ 140.311406, 35.529621 ], [ 140.311462, 35.529621 ], [ 140.311462, 35.529666 ], [ 140.311517, 35.529666 ], [ 140.311517, 35.529621 ], [ 140.311573, 35.529621 ], [ 140.311573, 35.529666 ], [ 140.311517, 35.529666 ], [ 140.311517, 35.529711 ], [ 140.311462, 35.529711 ], [ 140.311462, 35.529666 ], [ 140.311406, 35.529666 ], [ 140.311406, 35.529711 ], [ 140.31135, 35.529711 ], [ 140.31135, 35.529757 ], [ 140.311406, 35.529757 ], [ 140.311406, 35.529802 ], [ 140.31135, 35.529802 ], [ 140.31135, 35.529892 ], [ 140.311295, 35.529892 ], [ 140.311295, 35.529802 ] ], [ [ 140.311684, 35.529485 ], [ 140.311684, 35.529395 ], [ 140.311739, 35.529395 ], [ 140.311739, 35.529485 ], [ 140.311684, 35.529485 ], [ 140.311684, 35.529576 ], [ 140.311573, 35.529576 ], [ 140.311573, 35.529485 ], [ 140.311684, 35.529485 ] ], [ [ 140.310239, 35.529305 ], [ 140.310239, 35.529395 ], [ 140.310184, 35.529395 ], [ 140.310184, 35.52935 ], [ 140.310128, 35.52935 ], [ 140.310128, 35.529305 ], [ 140.310239, 35.529305 ] ], [ [ 140.30985, 35.529395 ], [ 140.30985, 35.52944 ], [ 140.309795, 35.52944 ], [ 140.309795, 35.529395 ], [ 140.30985, 35.529395 ] ], [ [ 140.311017, 35.52935 ], [ 140.311017, 35.529395 ], [ 140.310962, 35.529395 ], [ 140.310962, 35.52935 ], [ 140.311017, 35.52935 ] ], [ [ 140.309739, 35.529259 ], [ 140.309739, 35.529214 ], [ 140.309906, 35.529214 ], [ 140.309906, 35.529259 ], [ 140.309962, 35.529259 ], [ 140.309962, 35.529305 ], [ 140.30985, 35.529305 ], [ 140.30985, 35.529259 ], [ 140.309739, 35.529259 ] ], [ [ 140.309628, 35.529214 ], [ 140.309628, 35.529078 ], [ 140.309684, 35.529078 ], [ 140.309684, 35.529214 ], [ 140.309628, 35.529214 ] ], [ [ 140.30935, 35.529078 ], [ 140.30935, 35.529214 ], [ 140.309295, 35.529214 ], [ 140.309295, 35.529078 ], [ 140.30935, 35.529078 ] ], [ [ 140.311906, 35.528898 ], [ 140.311906, 35.528807 ], [ 140.311962, 35.528807 ], [ 140.311962, 35.528898 ], [ 140.311906, 35.528898 ], [ 140.311906, 35.529033 ], [ 140.31185, 35.529033 ], [ 140.31185, 35.528898 ], [ 140.311906, 35.528898 ] ], [ [ 140.312073, 35.527767 ], [ 140.312073, 35.527722 ], [ 140.312184, 35.527722 ], [ 140.312184, 35.527767 ], [ 140.312073, 35.527767 ] ] ], [ [ [ 140.31085, 35.530525 ], [ 140.31085, 35.530616 ], [ 140.310906, 35.530616 ], [ 140.310906, 35.530525 ], [ 140.31085, 35.530525 ] ] ], [ [ [ 140.309073, 35.530616 ], [ 140.309073, 35.530661 ], [ 140.309128, 35.530661 ], [ 140.309128, 35.530616 ], [ 140.309073, 35.530616 ] ] ], [ [ [ 140.310628, 35.530525 ], [ 140.310573, 35.530525 ], [ 140.310573, 35.530616 ], [ 140.310573, 35.530661 ], [ 140.310628, 35.530661 ], [ 140.310628, 35.530616 ], [ 140.310628, 35.530525 ] ] ], [ [ [ 140.310739, 35.530616 ], [ 140.310684, 35.530616 ], [ 140.310684, 35.530661 ], [ 140.310739, 35.530661 ], [ 140.310739, 35.530616 ] ] ], [ [ [ 140.31085, 35.530616 ], [ 140.310795, 35.530616 ], [ 140.310795, 35.530661 ], [ 140.31085, 35.530661 ], [ 140.31085, 35.530616 ] ] ], [ [ [ 140.309128, 35.530661 ], [ 140.309128, 35.530706 ], [ 140.309184, 35.530706 ], [ 140.309184, 35.530661 ], [ 140.309128, 35.530661 ] ] ], [ [ [ 140.310684, 35.530661 ], [ 140.310628, 35.530661 ], [ 140.310628, 35.530706 ], [ 140.310684, 35.530706 ], [ 140.310684, 35.530661 ] ] ], [ [ [ 140.311017, 35.530661 ], [ 140.310962, 35.530661 ], [ 140.310962, 35.530706 ], [ 140.311017, 35.530706 ], [ 140.311017, 35.530661 ] ] ], [ [ [ 140.311128, 35.530661 ], [ 140.311073, 35.530661 ], [ 140.311073, 35.530706 ], [ 140.311128, 35.530706 ], [ 140.311128, 35.530661 ] ] ], [ [ [ 140.308517, 35.530751 ], [ 140.308573, 35.530751 ], [ 140.308573, 35.530661 ], [ 140.308628, 35.530661 ], [ 140.308628, 35.530616 ], [ 140.308462, 35.530616 ], [ 140.308462, 35.530661 ], [ 140.308517, 35.530661 ], [ 140.308517, 35.530751 ] ] ], [ [ [ 140.309184, 35.530706 ], [ 140.309184, 35.530751 ], [ 140.309239, 35.530751 ], [ 140.309239, 35.530706 ], [ 140.309184, 35.530706 ] ] ], [ [ [ 140.312462, 35.530525 ], [ 140.312406, 35.530525 ], [ 140.312406, 35.530616 ], [ 140.31235, 35.530616 ], [ 140.31235, 35.530661 ], [ 140.31235, 35.530706 ], [ 140.312295, 35.530706 ], [ 140.312295, 35.530751 ], [ 140.312462, 35.530751 ], [ 140.312462, 35.530706 ], [ 140.312406, 35.530706 ], [ 140.312406, 35.530661 ], [ 140.312462, 35.530661 ], [ 140.312462, 35.530525 ] ] ], [ [ [ 140.309239, 35.530751 ], [ 140.309239, 35.530842 ], [ 140.309295, 35.530842 ], [ 140.309295, 35.530751 ], [ 140.309239, 35.530751 ] ] ], [ [ [ 140.312795, 35.530751 ], [ 140.312739, 35.530751 ], [ 140.312739, 35.530842 ], [ 140.312795, 35.530842 ], [ 140.312795, 35.530751 ] ] ], [ [ [ 140.312239, 35.530932 ], [ 140.312295, 35.530932 ], [ 140.312295, 35.530842 ], [ 140.312239, 35.530842 ], [ 140.312239, 35.530932 ] ] ], [ [ [ 140.312628, 35.530842 ], [ 140.312573, 35.530842 ], [ 140.312573, 35.530932 ], [ 140.312628, 35.530932 ], [ 140.312628, 35.530842 ] ] ], [ [ [ 140.308517, 35.530751 ], [ 140.308406, 35.530751 ], [ 140.308406, 35.530842 ], [ 140.30835, 35.530842 ], [ 140.30835, 35.530616 ], [ 140.308406, 35.530616 ], [ 140.308406, 35.53048 ], [ 140.308684, 35.53048 ], [ 140.308684, 35.530435 ], [ 140.30885, 35.530435 ], [ 140.30885, 35.53039 ], [ 140.308795, 35.53039 ], [ 140.308795, 35.530344 ], [ 140.308739, 35.530344 ], [ 140.308739, 35.53039 ], [ 140.308628, 35.53039 ], [ 140.308628, 35.530435 ], [ 140.308406, 35.530435 ], [ 140.308406, 35.53039 ], [ 140.308628, 35.53039 ], [ 140.308628, 35.530344 ], [ 140.308739, 35.530344 ], [ 140.308739, 35.530299 ], [ 140.308628, 35.530299 ], [ 140.308628, 35.530254 ], [ 140.308573, 35.530254 ], [ 140.308573, 35.530164 ], [ 140.308462, 35.530164 ], [ 140.308462, 35.530118 ], [ 140.308295, 35.530118 ], [ 140.308295, 35.530164 ], [ 140.308184, 35.530164 ], [ 140.308184, 35.530254 ], [ 140.308017, 35.530254 ], [ 140.308017, 35.530299 ], [ 140.307962, 35.530299 ], [ 140.307962, 35.530435 ], [ 140.308017, 35.530435 ], [ 140.308017, 35.530616 ], [ 140.308073, 35.530616 ], [ 140.308073, 35.530661 ], [ 140.308128, 35.530661 ], [ 140.308128, 35.530706 ], [ 140.308184, 35.530706 ], [ 140.308184, 35.530661 ], [ 140.308239, 35.530661 ], [ 140.308239, 35.530706 ], [ 140.308184, 35.530706 ], [ 140.308184, 35.530751 ], [ 140.308184, 35.530842 ], [ 140.308239, 35.530842 ], [ 140.308239, 35.530751 ], [ 140.308295, 35.530751 ], [ 140.308295, 35.530842 ], [ 140.308239, 35.530842 ], [ 140.308239, 35.530932 ], [ 140.30835, 35.530932 ], [ 140.30835, 35.530977 ], [ 140.308406, 35.530977 ], [ 140.308406, 35.530932 ], [ 140.308462, 35.530932 ], [ 140.308462, 35.530842 ], [ 140.308517, 35.530842 ], [ 140.308517, 35.530751 ] ], [ [ 140.308295, 35.530525 ], [ 140.308295, 35.53048 ], [ 140.30835, 35.53048 ], [ 140.30835, 35.530525 ], [ 140.308295, 35.530525 ], [ 140.308295, 35.530616 ], [ 140.308239, 35.530616 ], [ 140.308239, 35.530525 ], [ 140.308295, 35.530525 ] ] ], [ [ [ 140.312239, 35.530932 ], [ 140.312184, 35.530932 ], [ 140.312184, 35.530977 ], [ 140.312239, 35.530977 ], [ 140.312239, 35.530932 ] ] ], [ [ [ 140.312739, 35.530977 ], [ 140.312739, 35.530932 ], [ 140.312684, 35.530932 ], [ 140.312684, 35.530977 ], [ 140.312739, 35.530977 ] ] ], [ [ [ 140.309295, 35.531023 ], [ 140.309295, 35.530932 ], [ 140.309239, 35.530932 ], [ 140.309239, 35.531023 ], [ 140.309295, 35.531023 ] ] ], [ [ [ 140.310295, 35.530977 ], [ 140.310295, 35.530932 ], [ 140.31035, 35.530932 ], [ 140.31035, 35.530842 ], [ 140.310462, 35.530842 ], [ 140.310462, 35.530706 ], [ 140.310573, 35.530706 ], [ 140.310573, 35.530661 ], [ 140.310517, 35.530661 ], [ 140.310406, 35.530661 ], [ 140.310406, 35.530706 ], [ 140.31035, 35.530706 ], [ 140.31035, 35.530751 ], [ 140.310295, 35.530751 ], [ 140.310295, 35.530842 ], [ 140.310239, 35.530842 ], [ 140.310239, 35.530932 ], [ 140.310184, 35.530932 ], [ 140.310184, 35.530977 ], [ 140.310128, 35.530977 ], [ 140.310128, 35.531023 ], [ 140.310239, 35.531023 ], [ 140.310239, 35.530977 ], [ 140.310295, 35.530977 ] ] ], [ [ [ 140.310295, 35.530977 ], [ 140.310295, 35.531023 ], [ 140.31035, 35.531023 ], [ 140.31035, 35.530977 ], [ 140.310295, 35.530977 ] ] ], [ [ [ 140.312739, 35.530977 ], [ 140.312739, 35.531023 ], [ 140.312795, 35.531023 ], [ 140.312795, 35.530977 ], [ 140.312739, 35.530977 ] ] ], [ [ [ 140.308017, 35.531023 ], [ 140.307962, 35.531023 ], [ 140.307962, 35.531068 ], [ 140.308017, 35.531068 ], [ 140.308017, 35.531023 ] ] ], [ [ [ 140.309295, 35.531023 ], [ 140.309295, 35.531068 ], [ 140.30935, 35.531068 ], [ 140.30935, 35.531023 ], [ 140.309295, 35.531023 ] ] ], [ [ [ 140.310128, 35.531023 ], [ 140.310073, 35.531023 ], [ 140.310073, 35.531068 ], [ 140.310128, 35.531068 ], [ 140.310128, 35.531023 ] ] ], [ [ [ 140.310295, 35.531023 ], [ 140.310239, 35.531023 ], [ 140.310239, 35.531068 ], [ 140.310295, 35.531068 ], [ 140.310295, 35.531023 ] ] ], [ [ [ 140.312184, 35.531023 ], [ 140.312128, 35.531023 ], [ 140.312128, 35.531068 ], [ 140.312184, 35.531068 ], [ 140.312184, 35.531023 ] ] ], [ [ [ 140.312906, 35.531068 ], [ 140.312906, 35.531023 ], [ 140.31285, 35.531023 ], [ 140.31285, 35.531068 ], [ 140.312906, 35.531068 ] ] ], [ [ [ 140.308128, 35.531068 ], [ 140.308073, 35.531068 ], [ 140.308073, 35.531113 ], [ 140.308128, 35.531113 ], [ 140.308128, 35.531068 ] ] ], [ [ [ 140.310073, 35.531068 ], [ 140.310017, 35.531068 ], [ 140.310017, 35.531113 ], [ 140.310073, 35.531113 ], [ 140.310073, 35.531068 ] ] ], [ [ [ 140.310239, 35.531068 ], [ 140.310184, 35.531068 ], [ 140.310184, 35.531113 ], [ 140.310239, 35.531113 ], [ 140.310239, 35.531068 ] ] ], [ [ [ 140.312906, 35.531068 ], [ 140.312906, 35.531113 ], [ 140.312962, 35.531113 ], [ 140.312962, 35.531068 ], [ 140.312906, 35.531068 ] ] ], [ [ [ 140.308517, 35.531113 ], [ 140.308462, 35.531113 ], [ 140.308462, 35.531158 ], [ 140.308517, 35.531158 ], [ 140.308517, 35.531113 ] ] ], [ [ [ 140.309462, 35.531158 ], [ 140.309462, 35.531113 ], [ 140.309406, 35.531113 ], [ 140.309406, 35.531158 ], [ 140.309462, 35.531158 ] ] ], [ [ [ 140.310017, 35.531113 ], [ 140.309962, 35.531113 ], [ 140.309962, 35.531158 ], [ 140.310017, 35.531158 ], [ 140.310017, 35.531113 ] ] ], [ [ [ 140.310184, 35.531113 ], [ 140.310128, 35.531113 ], [ 140.310128, 35.531158 ], [ 140.310184, 35.531158 ], [ 140.310184, 35.531113 ] ] ], [ [ [ 140.307795, 35.531203 ], [ 140.307795, 35.531158 ], [ 140.307906, 35.531158 ], [ 140.307906, 35.531113 ], [ 140.307739, 35.531113 ], [ 140.307739, 35.531203 ], [ 140.307795, 35.531203 ] ] ], [ [ [ 140.308184, 35.531158 ], [ 140.308128, 35.531158 ], [ 140.308128, 35.531203 ], [ 140.308184, 35.531203 ], [ 140.308184, 35.531158 ] ] ], [ [ [ 140.30835, 35.531158 ], [ 140.308295, 35.531158 ], [ 140.308295, 35.531203 ], [ 140.30835, 35.531203 ], [ 140.30835, 35.531158 ] ] ], [ [ [ 140.309462, 35.531158 ], [ 140.309462, 35.531203 ], [ 140.309517, 35.531203 ], [ 140.309517, 35.531158 ], [ 140.309462, 35.531158 ] ] ], [ [ [ 140.309962, 35.531158 ], [ 140.309906, 35.531158 ], [ 140.309906, 35.531203 ], [ 140.309962, 35.531203 ], [ 140.309962, 35.531158 ] ] ], [ [ [ 140.310128, 35.531158 ], [ 140.310073, 35.531158 ], [ 140.310073, 35.531203 ], [ 140.310128, 35.531203 ], [ 140.310128, 35.531158 ] ] ], [ [ [ 140.313184, 35.531203 ], [ 140.313184, 35.531158 ], [ 140.313073, 35.531158 ], [ 140.313073, 35.531203 ], [ 140.313128, 35.531203 ], [ 140.313184, 35.531203 ] ] ], [ [ [ 140.309517, 35.531203 ], [ 140.309517, 35.531294 ], [ 140.309573, 35.531294 ], [ 140.309573, 35.531203 ], [ 140.309517, 35.531203 ] ] ], [ [ [ 140.309906, 35.531203 ], [ 140.30985, 35.531203 ], [ 140.30985, 35.531294 ], [ 140.309906, 35.531294 ], [ 140.309906, 35.531203 ] ] ], [ [ [ 140.310073, 35.531203 ], [ 140.310017, 35.531203 ], [ 140.310017, 35.531294 ], [ 140.310073, 35.531294 ], [ 140.310073, 35.531203 ] ] ], [ [ [ 140.311962, 35.531294 ], [ 140.312017, 35.531294 ], [ 140.312017, 35.531158 ], [ 140.311962, 35.531158 ], [ 140.311962, 35.531294 ] ] ], [ [ [ 140.313184, 35.531203 ], [ 140.313184, 35.531294 ], [ 140.313239, 35.531294 ], [ 140.313239, 35.531203 ], [ 140.313184, 35.531203 ] ] ], [ [ [ 140.309573, 35.531294 ], [ 140.309573, 35.531339 ], [ 140.309628, 35.531339 ], [ 140.309628, 35.531294 ], [ 140.309573, 35.531294 ] ] ], [ [ [ 140.310017, 35.531294 ], [ 140.309962, 35.531294 ], [ 140.309962, 35.531339 ], [ 140.310017, 35.531339 ], [ 140.310017, 35.531294 ] ] ], [ [ [ 140.311962, 35.531294 ], [ 140.311906, 35.531294 ], [ 140.311906, 35.531339 ], [ 140.311962, 35.531339 ], [ 140.311962, 35.531294 ] ] ], [ [ [ 140.31335, 35.531339 ], [ 140.31335, 35.531294 ], [ 140.313295, 35.531294 ], [ 140.313295, 35.531339 ], [ 140.31335, 35.531339 ] ] ], [ [ [ 140.309962, 35.531339 ], [ 140.309906, 35.531339 ], [ 140.309906, 35.531384 ], [ 140.309962, 35.531384 ], [ 140.309962, 35.531339 ] ] ], [ [ [ 140.31335, 35.531339 ], [ 140.31335, 35.531384 ], [ 140.313462, 35.531384 ], [ 140.313462, 35.531339 ], [ 140.31335, 35.531339 ] ] ], [ [ [ 140.309962, 35.531384 ], [ 140.309962, 35.531429 ], [ 140.310128, 35.531429 ], [ 140.310128, 35.531384 ], [ 140.310017, 35.531384 ], [ 140.309962, 35.531384 ] ] ], [ [ [ 140.311906, 35.531339 ], [ 140.31185, 35.531339 ], [ 140.31185, 35.531429 ], [ 140.311906, 35.531429 ], [ 140.311906, 35.531339 ] ] ], [ [ [ 140.310128, 35.531429 ], [ 140.310128, 35.531475 ], [ 140.310239, 35.531475 ], [ 140.310239, 35.531429 ], [ 140.310128, 35.531429 ] ] ], [ [ [ 140.31185, 35.531429 ], [ 140.311795, 35.531429 ], [ 140.311795, 35.531475 ], [ 140.31185, 35.531475 ], [ 140.31185, 35.531429 ] ] ], [ [ [ 140.30735, 35.531475 ], [ 140.30735, 35.53152 ], [ 140.307406, 35.53152 ], [ 140.307406, 35.531475 ], [ 140.30735, 35.531475 ] ] ], [ [ [ 140.310239, 35.531475 ], [ 140.310239, 35.53152 ], [ 140.31035, 35.53152 ], [ 140.31035, 35.531475 ], [ 140.310239, 35.531475 ] ] ], [ [ [ 140.30735, 35.531475 ], [ 140.30735, 35.531429 ], [ 140.307462, 35.531429 ], [ 140.307462, 35.531384 ], [ 140.307517, 35.531384 ], [ 140.307517, 35.531339 ], [ 140.307573, 35.531339 ], [ 140.307573, 35.531294 ], [ 140.307462, 35.531294 ], [ 140.307462, 35.531203 ], [ 140.307573, 35.531203 ], [ 140.307573, 35.531294 ], [ 140.307628, 35.531294 ], [ 140.307628, 35.531203 ], [ 140.307684, 35.531203 ], [ 140.307684, 35.531158 ], [ 140.307628, 35.531158 ], [ 140.307628, 35.531113 ], [ 140.307684, 35.531113 ], [ 140.307684, 35.531068 ], [ 140.307573, 35.531068 ], [ 140.307573, 35.531113 ], [ 140.307295, 35.531113 ], [ 140.307295, 35.531068 ], [ 140.307239, 35.531068 ], [ 140.307239, 35.530977 ], [ 140.307184, 35.530977 ], [ 140.307184, 35.530932 ], [ 140.307128, 35.530932 ], [ 140.307128, 35.530842 ], [ 140.307073, 35.530842 ], [ 140.307073, 35.530751 ], [ 140.307017, 35.530751 ], [ 140.307017, 35.530842 ], [ 140.30685, 35.530842 ], [ 140.30685, 35.530932 ], [ 140.306684, 35.530932 ], [ 140.306684, 35.530977 ], [ 140.306739, 35.530977 ], [ 140.306739, 35.531113 ], [ 140.306795, 35.531113 ], [ 140.306795, 35.531203 ], [ 140.30685, 35.531203 ], [ 140.30685, 35.531294 ], [ 140.306906, 35.531294 ], [ 140.306906, 35.531384 ], [ 140.306962, 35.531384 ], [ 140.306962, 35.531475 ], [ 140.307017, 35.531475 ], [ 140.307017, 35.53161 ], [ 140.307073, 35.53161 ], [ 140.307073, 35.53152 ], [ 140.307239, 35.53152 ], [ 140.307239, 35.531429 ], [ 140.307295, 35.531429 ], [ 140.307295, 35.531475 ], [ 140.30735, 35.531475 ] ] ], [ [ [ 140.30735, 35.53152 ], [ 140.307295, 35.53152 ], [ 140.307295, 35.53161 ], [ 140.30735, 35.53161 ], [ 140.30735, 35.53152 ] ] ], [ [ [ 140.309628, 35.53161 ], [ 140.309684, 35.53161 ], [ 140.309684, 35.53152 ], [ 140.309628, 35.53152 ], [ 140.309628, 35.53161 ] ] ], [ [ [ 140.31035, 35.53152 ], [ 140.31035, 35.53161 ], [ 140.310406, 35.53161 ], [ 140.310406, 35.53152 ], [ 140.31035, 35.53152 ] ] ], [ [ [ 140.309628, 35.53161 ], [ 140.309573, 35.53161 ], [ 140.309573, 35.531701 ], [ 140.309628, 35.531701 ], [ 140.309628, 35.53161 ] ] ], [ [ [ 140.313739, 35.53152 ], [ 140.313739, 35.531475 ], [ 140.313628, 35.531475 ], [ 140.313573, 35.531475 ], [ 140.313573, 35.531429 ], [ 140.313517, 35.531429 ], [ 140.313517, 35.531475 ], [ 140.313462, 35.531475 ], [ 140.313462, 35.531701 ], [ 140.313517, 35.531701 ], [ 140.313517, 35.53152 ], [ 140.313684, 35.53152 ], [ 140.313684, 35.53161 ], [ 140.313739, 35.53161 ], [ 140.313739, 35.531701 ], [ 140.313795, 35.531701 ], [ 140.313795, 35.53152 ], [ 140.313739, 35.53152 ] ] ], [ [ [ 140.307073, 35.53161 ], [ 140.307073, 35.531746 ], [ 140.307295, 35.531746 ], [ 140.307295, 35.531701 ], [ 140.307128, 35.531701 ], [ 140.307128, 35.53161 ], [ 140.307073, 35.53161 ] ] ], [ [ [ 140.309573, 35.531701 ], [ 140.309517, 35.531701 ], [ 140.309517, 35.531746 ], [ 140.309573, 35.531746 ], [ 140.309573, 35.531701 ] ] ], [ [ [ 140.312017, 35.531701 ], [ 140.311962, 35.531701 ], [ 140.311962, 35.531746 ], [ 140.312017, 35.531746 ], [ 140.312017, 35.531701 ] ] ], [ [ [ 140.309517, 35.531746 ], [ 140.309462, 35.531746 ], [ 140.309462, 35.531791 ], [ 140.309517, 35.531791 ], [ 140.309517, 35.531746 ] ] ], [ [ [ 140.311628, 35.531791 ], [ 140.311739, 35.531791 ], [ 140.311739, 35.531746 ], [ 140.31185, 35.531746 ], [ 140.31185, 35.531701 ], [ 140.311906, 35.531701 ], [ 140.311906, 35.53161 ], [ 140.31185, 35.53161 ], [ 140.31185, 35.53152 ], [ 140.311739, 35.53152 ], [ 140.311739, 35.53161 ], [ 140.311684, 35.53161 ], [ 140.311684, 35.531701 ], [ 140.311628, 35.531701 ], [ 140.311628, 35.531791 ] ] ], [ [ [ 140.312128, 35.531746 ], [ 140.312073, 35.531746 ], [ 140.312073, 35.531791 ], [ 140.312128, 35.531791 ], [ 140.312128, 35.531746 ] ] ], [ [ [ 140.313406, 35.531791 ], [ 140.313462, 35.531791 ], [ 140.313462, 35.531746 ], [ 140.313406, 35.531746 ], [ 140.313406, 35.531791 ] ] ], [ [ [ 140.313739, 35.531791 ], [ 140.313795, 35.531791 ], [ 140.313795, 35.531746 ], [ 140.313739, 35.531746 ], [ 140.313739, 35.531791 ] ] ], [ [ [ 140.309628, 35.531339 ], [ 140.309628, 35.531384 ], [ 140.309573, 35.531384 ], [ 140.309573, 35.531429 ], [ 140.309462, 35.531429 ], [ 140.309462, 35.531475 ], [ 140.309406, 35.531475 ], [ 140.309406, 35.53161 ], [ 140.309295, 35.53161 ], [ 140.309295, 35.531701 ], [ 140.309239, 35.531701 ], [ 140.309239, 35.531746 ], [ 140.309184, 35.531746 ], [ 140.309184, 35.531791 ], [ 140.309128, 35.531791 ], [ 140.309128, 35.531836 ], [ 140.309239, 35.531836 ], [ 140.309239, 35.531791 ], [ 140.309295, 35.531791 ], [ 140.309295, 35.531746 ], [ 140.309406, 35.531746 ], [ 140.309406, 35.531701 ], [ 140.309462, 35.531701 ], [ 140.309462, 35.53161 ], [ 140.309517, 35.53161 ], [ 140.309517, 35.53152 ], [ 140.309573, 35.53152 ], [ 140.309573, 35.531475 ], [ 140.309628, 35.531475 ], [ 140.309628, 35.531429 ], [ 140.309739, 35.531429 ], [ 140.309739, 35.531384 ], [ 140.309684, 35.531384 ], [ 140.309684, 35.531339 ], [ 140.309628, 35.531339 ] ] ], [ [ [ 140.311628, 35.531791 ], [ 140.311573, 35.531791 ], [ 140.311573, 35.531836 ], [ 140.311628, 35.531836 ], [ 140.311628, 35.531791 ] ] ], [ [ [ 140.312239, 35.531791 ], [ 140.312184, 35.531791 ], [ 140.312184, 35.531836 ], [ 140.312239, 35.531836 ], [ 140.312239, 35.531791 ] ] ], [ [ [ 140.313406, 35.531791 ], [ 140.31335, 35.531791 ], [ 140.31335, 35.531836 ], [ 140.313406, 35.531836 ], [ 140.313406, 35.531791 ] ] ], [ [ [ 140.313739, 35.531791 ], [ 140.313684, 35.531791 ], [ 140.313684, 35.531836 ], [ 140.313739, 35.531836 ], [ 140.313739, 35.531791 ] ] ], [ [ [ 140.309462, 35.531836 ], [ 140.309406, 35.531836 ], [ 140.309406, 35.531882 ], [ 140.309462, 35.531882 ], [ 140.309462, 35.531836 ] ] ], [ [ [ 140.311573, 35.531836 ], [ 140.311517, 35.531836 ], [ 140.311517, 35.531882 ], [ 140.311573, 35.531882 ], [ 140.311573, 35.531836 ] ] ], [ [ [ 140.31235, 35.531882 ], [ 140.31235, 35.531836 ], [ 140.312295, 35.531836 ], [ 140.312295, 35.531882 ], [ 140.31235, 35.531882 ] ] ], [ [ [ 140.31335, 35.531836 ], [ 140.313295, 35.531836 ], [ 140.313295, 35.531882 ], [ 140.31335, 35.531882 ], [ 140.31335, 35.531836 ] ] ], [ [ [ 140.30785, 35.531972 ], [ 140.30785, 35.531882 ], [ 140.307517, 35.531882 ], [ 140.307517, 35.531972 ], [ 140.30785, 35.531972 ] ] ], [ [ [ 140.309017, 35.531972 ], [ 140.309073, 35.531972 ], [ 140.309073, 35.531882 ], [ 140.309017, 35.531882 ], [ 140.309017, 35.531972 ] ] ], [ [ [ 140.309295, 35.531972 ], [ 140.30935, 35.531972 ], [ 140.30935, 35.531882 ], [ 140.309295, 35.531882 ], [ 140.309295, 35.531972 ] ] ], [ [ [ 140.31235, 35.531882 ], [ 140.31235, 35.531972 ], [ 140.312462, 35.531972 ], [ 140.312462, 35.531882 ], [ 140.31235, 35.531882 ] ] ], [ [ [ 140.30785, 35.531972 ], [ 140.30785, 35.532017 ], [ 140.307906, 35.532017 ], [ 140.307906, 35.531972 ], [ 140.30785, 35.531972 ] ] ], [ [ [ 140.309017, 35.531972 ], [ 140.308962, 35.531972 ], [ 140.308962, 35.532017 ], [ 140.309017, 35.532017 ], [ 140.309017, 35.531972 ] ] ], [ [ [ 140.311517, 35.531882 ], [ 140.311462, 35.531882 ], [ 140.311462, 35.532017 ], [ 140.311517, 35.532017 ], [ 140.311517, 35.531882 ] ] ], [ [ [ 140.312628, 35.531972 ], [ 140.312517, 35.531972 ], [ 140.312517, 35.532017 ], [ 140.312628, 35.532017 ], [ 140.312628, 35.531972 ] ] ], [ [ [ 140.313295, 35.531972 ], [ 140.313184, 35.531972 ], [ 140.313184, 35.532017 ], [ 140.313295, 35.532017 ], [ 140.313295, 35.531972 ] ] ], [ [ [ 140.307906, 35.532017 ], [ 140.307906, 35.532062 ], [ 140.307962, 35.532062 ], [ 140.307962, 35.532017 ], [ 140.307906, 35.532017 ] ] ], [ [ [ 140.312906, 35.532017 ], [ 140.312684, 35.532017 ], [ 140.312684, 35.532062 ], [ 140.312906, 35.532062 ], [ 140.312906, 35.532017 ] ] ], [ [ [ 140.308184, 35.532062 ], [ 140.308128, 35.532062 ], [ 140.308128, 35.532108 ], [ 140.308184, 35.532108 ], [ 140.308184, 35.532062 ] ] ], [ [ [ 140.308295, 35.532062 ], [ 140.308239, 35.532062 ], [ 140.308239, 35.532108 ], [ 140.308295, 35.532108 ], [ 140.308295, 35.532062 ] ] ], [ [ [ 140.308795, 35.532108 ], [ 140.30885, 35.532108 ], [ 140.30885, 35.532062 ], [ 140.308795, 35.532062 ], [ 140.308795, 35.532108 ] ] ], [ [ [ 140.309295, 35.531972 ], [ 140.309184, 35.531972 ], [ 140.309184, 35.532017 ], [ 140.309128, 35.532017 ], [ 140.309128, 35.532108 ], [ 140.309184, 35.532108 ], [ 140.309184, 35.532062 ], [ 140.309239, 35.532062 ], [ 140.309239, 35.532017 ], [ 140.309295, 35.532017 ], [ 140.309295, 35.531972 ] ] ], [ [ [ 140.308573, 35.532153 ], [ 140.308573, 35.532108 ], [ 140.308517, 35.532108 ], [ 140.308517, 35.532153 ], [ 140.308573, 35.532153 ] ] ], [ [ [ 140.308795, 35.532108 ], [ 140.308739, 35.532108 ], [ 140.308739, 35.532153 ], [ 140.308795, 35.532153 ], [ 140.308795, 35.532108 ] ] ], [ [ [ 140.31135, 35.532153 ], [ 140.311406, 35.532153 ], [ 140.311406, 35.532017 ], [ 140.311295, 35.532017 ], [ 140.311295, 35.532062 ], [ 140.31135, 35.532062 ], [ 140.31135, 35.532153 ] ] ], [ [ [ 140.31135, 35.532153 ], [ 140.311295, 35.532153 ], [ 140.311295, 35.532198 ], [ 140.31135, 35.532198 ], [ 140.31135, 35.532153 ] ] ], [ [ [ 140.308739, 35.532153 ], [ 140.308573, 35.532153 ], [ 140.308573, 35.532198 ], [ 140.308628, 35.532198 ], [ 140.308628, 35.532288 ], [ 140.308684, 35.532288 ], [ 140.308684, 35.532198 ], [ 140.308739, 35.532198 ], [ 140.308739, 35.532153 ] ] ], [ [ [ 140.311295, 35.532198 ], [ 140.311239, 35.532198 ], [ 140.311239, 35.532288 ], [ 140.311295, 35.532288 ], [ 140.311295, 35.532198 ] ] ], [ [ [ 140.30935, 35.532288 ], [ 140.309295, 35.532288 ], [ 140.309295, 35.532334 ], [ 140.30935, 35.532334 ], [ 140.30935, 35.532288 ] ] ], [ [ [ 140.308684, 35.532424 ], [ 140.308739, 35.532424 ], [ 140.308739, 35.532379 ], [ 140.308684, 35.532379 ], [ 140.308684, 35.532424 ] ] ], [ [ [ 140.30935, 35.532379 ], [ 140.309295, 35.532379 ], [ 140.309295, 35.532424 ], [ 140.30935, 35.532424 ], [ 140.30935, 35.532379 ] ] ], [ [ [ 140.309795, 35.532379 ], [ 140.309739, 35.532379 ], [ 140.309739, 35.532424 ], [ 140.309795, 35.532424 ], [ 140.309795, 35.532379 ] ] ], [ [ [ 140.311295, 35.532379 ], [ 140.311295, 35.532424 ], [ 140.311406, 35.532424 ], [ 140.311406, 35.532379 ], [ 140.311295, 35.532379 ] ] ], [ [ [ 140.308906, 35.532515 ], [ 140.308906, 35.532379 ], [ 140.308962, 35.532379 ], [ 140.308962, 35.532334 ], [ 140.309017, 35.532334 ], [ 140.309017, 35.532198 ], [ 140.309128, 35.532198 ], [ 140.309128, 35.532153 ], [ 140.309017, 35.532153 ], [ 140.308962, 35.532153 ], [ 140.308962, 35.532198 ], [ 140.30885, 35.532198 ], [ 140.30885, 35.532288 ], [ 140.30885, 35.532334 ], [ 140.308795, 35.532334 ], [ 140.308795, 35.532379 ], [ 140.308795, 35.532515 ], [ 140.30885, 35.532515 ], [ 140.308906, 35.532515 ] ] ], [ [ [ 140.311406, 35.532424 ], [ 140.311406, 35.532515 ], [ 140.311517, 35.532515 ], [ 140.311517, 35.532424 ], [ 140.311406, 35.532424 ] ] ], [ [ [ 140.311628, 35.532515 ], [ 140.311573, 35.532515 ], [ 140.311573, 35.53256 ], [ 140.311628, 35.53256 ], [ 140.311628, 35.532515 ] ] ], [ [ [ 140.30885, 35.53265 ], [ 140.308906, 35.53265 ], [ 140.308906, 35.53256 ], [ 140.30885, 35.53256 ], [ 140.30885, 35.53265 ] ] ], [ [ [ 140.309795, 35.53256 ], [ 140.309739, 35.53256 ], [ 140.309739, 35.53265 ], [ 140.309795, 35.53265 ], [ 140.309795, 35.53256 ] ] ], [ [ [ 140.310184, 35.53256 ], [ 140.310128, 35.53256 ], [ 140.310128, 35.53265 ], [ 140.310184, 35.53265 ], [ 140.310184, 35.53256 ] ] ], [ [ [ 140.311739, 35.53256 ], [ 140.311684, 35.53256 ], [ 140.311684, 35.53265 ], [ 140.311739, 35.53265 ], [ 140.311739, 35.53256 ] ] ], [ [ [ 140.311295, 35.532379 ], [ 140.311295, 35.532334 ], [ 140.311239, 35.532334 ], [ 140.311184, 35.532334 ], [ 140.311184, 35.532379 ], [ 140.311128, 35.532379 ], [ 140.311128, 35.532515 ], [ 140.311073, 35.532515 ], [ 140.311073, 35.53256 ], [ 140.311017, 35.53256 ], [ 140.311017, 35.532695 ], [ 140.311073, 35.532695 ], [ 140.311073, 35.53265 ], [ 140.311128, 35.53265 ], [ 140.311128, 35.53256 ], [ 140.311184, 35.53256 ], [ 140.311184, 35.532424 ], [ 140.311239, 35.532424 ], [ 140.311239, 35.532379 ], [ 140.311295, 35.532379 ] ] ], [ [ [ 140.311906, 35.53265 ], [ 140.311795, 35.53265 ], [ 140.311795, 35.532695 ], [ 140.311906, 35.532695 ], [ 140.311906, 35.53265 ] ] ], [ [ [ 140.310017, 35.532741 ], [ 140.310017, 35.532695 ], [ 140.309906, 35.532695 ], [ 140.309906, 35.532741 ], [ 140.310017, 35.532741 ] ] ], [ [ [ 140.312017, 35.532695 ], [ 140.311962, 35.532695 ], [ 140.311962, 35.532741 ], [ 140.312017, 35.532741 ], [ 140.312017, 35.532695 ] ] ], [ [ [ 140.308962, 35.532786 ], [ 140.309017, 35.532786 ], [ 140.309017, 35.532741 ], [ 140.308962, 35.532741 ], [ 140.308962, 35.532786 ] ] ], [ [ [ 140.309573, 35.532741 ], [ 140.309517, 35.532741 ], [ 140.309517, 35.532786 ], [ 140.309573, 35.532786 ], [ 140.309573, 35.532741 ] ] ], [ [ [ 140.310017, 35.532741 ], [ 140.310017, 35.532786 ], [ 140.310073, 35.532786 ], [ 140.310073, 35.532741 ], [ 140.310017, 35.532741 ] ] ], [ [ [ 140.312128, 35.532741 ], [ 140.312073, 35.532741 ], [ 140.312073, 35.532786 ], [ 140.312128, 35.532786 ], [ 140.312128, 35.532741 ] ] ], [ [ [ 140.310017, 35.532786 ], [ 140.309962, 35.532786 ], [ 140.309962, 35.532831 ], [ 140.310017, 35.532831 ], [ 140.310017, 35.532786 ] ] ], [ [ [ 140.310073, 35.532786 ], [ 140.310073, 35.532831 ], [ 140.310128, 35.532831 ], [ 140.310128, 35.532786 ], [ 140.310073, 35.532786 ] ] ], [ [ [ 140.309073, 35.532967 ], [ 140.309128, 35.532967 ], [ 140.309128, 35.532876 ], [ 140.309073, 35.532876 ], [ 140.309073, 35.532967 ] ] ], [ [ [ 140.312184, 35.532967 ], [ 140.312239, 35.532967 ], [ 140.312239, 35.532831 ], [ 140.312184, 35.532831 ], [ 140.312184, 35.532967 ] ] ], [ [ [ 140.309628, 35.533012 ], [ 140.309739, 35.533012 ], [ 140.309739, 35.532967 ], [ 140.309628, 35.532967 ], [ 140.309628, 35.533012 ] ] ], [ [ [ 140.30985, 35.532967 ], [ 140.309795, 35.532967 ], [ 140.309795, 35.533012 ], [ 140.30985, 35.533012 ], [ 140.30985, 35.532967 ] ] ], [ [ [ 140.312184, 35.532967 ], [ 140.312128, 35.532967 ], [ 140.312128, 35.533012 ], [ 140.312184, 35.533012 ], [ 140.312184, 35.532967 ] ] ], [ [ [ 140.309239, 35.533057 ], [ 140.309295, 35.533057 ], [ 140.309295, 35.533012 ], [ 140.309239, 35.533012 ], [ 140.309239, 35.533057 ] ] ], [ [ [ 140.309628, 35.533012 ], [ 140.309573, 35.533012 ], [ 140.309573, 35.533057 ], [ 140.309628, 35.533057 ], [ 140.309628, 35.533012 ] ] ], [ [ [ 140.309517, 35.533057 ], [ 140.309406, 35.533057 ], [ 140.309406, 35.533102 ], [ 140.309517, 35.533102 ], [ 140.309517, 35.533057 ] ] ], [ [ [ 140.310517, 35.533102 ], [ 140.310406, 35.533102 ], [ 140.310406, 35.533147 ], [ 140.310517, 35.533147 ], [ 140.310517, 35.533102 ] ] ], [ [ [ 140.311017, 35.532695 ], [ 140.310962, 35.532695 ], [ 140.310962, 35.532741 ], [ 140.310906, 35.532741 ], [ 140.310906, 35.532786 ], [ 140.31085, 35.532786 ], [ 140.31085, 35.532831 ], [ 140.310795, 35.532831 ], [ 140.310795, 35.532967 ], [ 140.310739, 35.532967 ], [ 140.310739, 35.533012 ], [ 140.310628, 35.533012 ], [ 140.310628, 35.533057 ], [ 140.310517, 35.533057 ], [ 140.310517, 35.533102 ], [ 140.310684, 35.533102 ], [ 140.310684, 35.533147 ], [ 140.310795, 35.533147 ], [ 140.310795, 35.533102 ], [ 140.310739, 35.533102 ], [ 140.310739, 35.533057 ], [ 140.310795, 35.533057 ], [ 140.310795, 35.533012 ], [ 140.31085, 35.533012 ], [ 140.31085, 35.532967 ], [ 140.310906, 35.532967 ], [ 140.310906, 35.532831 ], [ 140.310962, 35.532831 ], [ 140.310962, 35.532786 ], [ 140.311017, 35.532786 ], [ 140.311017, 35.532695 ] ] ], [ [ [ 140.310795, 35.533147 ], [ 140.310795, 35.533193 ], [ 140.31085, 35.533193 ], [ 140.31085, 35.533147 ], [ 140.310795, 35.533147 ] ] ], [ [ [ 140.31085, 35.533193 ], [ 140.31085, 35.533238 ], [ 140.310906, 35.533238 ], [ 140.310906, 35.533193 ], [ 140.31085, 35.533193 ] ] ], [ [ [ 140.310962, 35.533374 ], [ 140.310906, 35.533374 ], [ 140.310906, 35.533419 ], [ 140.310962, 35.533419 ], [ 140.310962, 35.533374 ] ] ], [ [ [ 140.311462, 35.533419 ], [ 140.31135, 35.533419 ], [ 140.31135, 35.533464 ], [ 140.311462, 35.533464 ], [ 140.311462, 35.533419 ] ] ], [ [ [ 140.312184, 35.533012 ], [ 140.312184, 35.533147 ], [ 140.312128, 35.533147 ], [ 140.312128, 35.533193 ], [ 140.312184, 35.533193 ], [ 140.312184, 35.533464 ], [ 140.312128, 35.533464 ], [ 140.312128, 35.533509 ], [ 140.312239, 35.533509 ], [ 140.312239, 35.533012 ], [ 140.312184, 35.533012 ] ] ], [ [ [ 140.309795, 35.533509 ], [ 140.30985, 35.533509 ], [ 140.30985, 35.533554 ], [ 140.309906, 35.533554 ], [ 140.309906, 35.5336 ], [ 140.310017, 35.5336 ], [ 140.310017, 35.533735 ], [ 140.310073, 35.533735 ], [ 140.310073, 35.53378 ], [ 140.310184, 35.53378 ], [ 140.310184, 35.533735 ], [ 140.310295, 35.533735 ], [ 140.310295, 35.53369 ], [ 140.31035, 35.53369 ], [ 140.31035, 35.533419 ], [ 140.310295, 35.533419 ], [ 140.310295, 35.533193 ], [ 140.310239, 35.533193 ], [ 140.310239, 35.533238 ], [ 140.310073, 35.533238 ], [ 140.310073, 35.533374 ], [ 140.309962, 35.533374 ], [ 140.309962, 35.533419 ], [ 140.30985, 35.533419 ], [ 140.30985, 35.533464 ], [ 140.309795, 35.533464 ], [ 140.309795, 35.533509 ] ] ], [ [ [ 140.312128, 35.533509 ], [ 140.31185, 35.533509 ], [ 140.31185, 35.533464 ], [ 140.311628, 35.533464 ], [ 140.311628, 35.533509 ], [ 140.311573, 35.533509 ], [ 140.311573, 35.533871 ], [ 140.311517, 35.533871 ], [ 140.311517, 35.533916 ], [ 140.311684, 35.533916 ], [ 140.311684, 35.534006 ], [ 140.31185, 35.534006 ], [ 140.31185, 35.533871 ], [ 140.311795, 35.533871 ], [ 140.311795, 35.533916 ], [ 140.311739, 35.533916 ], [ 140.311739, 35.533871 ], [ 140.311628, 35.533871 ], [ 140.311628, 35.533735 ], [ 140.311739, 35.533735 ], [ 140.311739, 35.533826 ], [ 140.311795, 35.533826 ], [ 140.311795, 35.533735 ], [ 140.31185, 35.533735 ], [ 140.31185, 35.533826 ], [ 140.311906, 35.533826 ], [ 140.311906, 35.533735 ], [ 140.311962, 35.533735 ], [ 140.311962, 35.53378 ], [ 140.312017, 35.53378 ], [ 140.312017, 35.533826 ], [ 140.311906, 35.533826 ], [ 140.311906, 35.533871 ], [ 140.312073, 35.533871 ], [ 140.312073, 35.533916 ], [ 140.311906, 35.533916 ], [ 140.311906, 35.534006 ], [ 140.31185, 35.534006 ], [ 140.31185, 35.534052 ], [ 140.312017, 35.534052 ], [ 140.312017, 35.534006 ], [ 140.312128, 35.534006 ], [ 140.312128, 35.533871 ], [ 140.312184, 35.533871 ], [ 140.312184, 35.5336 ], [ 140.312128, 35.5336 ], [ 140.312128, 35.533509 ] ], [ [ 140.312073, 35.53369 ], [ 140.312128, 35.53369 ], [ 140.312128, 35.533735 ], [ 140.312073, 35.533735 ], [ 140.312073, 35.53369 ], [ 140.311795, 35.53369 ], [ 140.311795, 35.5336 ], [ 140.311684, 35.5336 ], [ 140.311684, 35.53369 ], [ 140.311628, 35.53369 ], [ 140.311628, 35.533554 ], [ 140.31185, 35.533554 ], [ 140.31185, 35.5336 ], [ 140.311906, 35.5336 ], [ 140.311906, 35.533554 ], [ 140.312073, 35.533554 ], [ 140.312073, 35.53369 ] ], [ [ 140.312128, 35.53378 ], [ 140.312128, 35.533826 ], [ 140.312073, 35.533826 ], [ 140.312073, 35.53378 ], [ 140.312128, 35.53378 ] ] ], [ [ [ 140.30835, 35.534187 ], [ 140.30835, 35.534097 ], [ 140.308462, 35.534097 ], [ 140.308462, 35.534052 ], [ 140.308628, 35.534052 ], [ 140.308628, 35.534006 ], [ 140.308739, 35.534006 ], [ 140.308739, 35.533916 ], [ 140.308795, 35.533916 ], [ 140.308795, 35.534006 ], [ 140.308739, 35.534006 ], [ 140.308739, 35.534052 ], [ 140.308628, 35.534052 ], [ 140.308628, 35.534097 ], [ 140.308795, 35.534097 ], [ 140.308795, 35.534052 ], [ 140.30885, 35.534052 ], [ 140.30885, 35.534097 ], [ 140.308906, 35.534097 ], [ 140.308906, 35.534052 ], [ 140.309128, 35.534052 ], [ 140.309128, 35.534006 ], [ 140.309462, 35.534006 ], [ 140.309462, 35.533916 ], [ 140.309573, 35.533916 ], [ 140.309573, 35.533871 ], [ 140.309684, 35.533871 ], [ 140.309684, 35.53378 ], [ 140.309628, 35.53378 ], [ 140.309628, 35.53369 ], [ 140.309573, 35.53369 ], [ 140.309573, 35.5336 ], [ 140.309628, 35.5336 ], [ 140.309628, 35.533554 ], [ 140.309795, 35.533554 ], [ 140.309795, 35.533509 ], [ 140.309573, 35.533509 ], [ 140.309573, 35.533554 ], [ 140.309517, 35.533554 ], [ 140.309517, 35.533464 ], [ 140.309462, 35.533464 ], [ 140.309462, 35.533419 ], [ 140.309406, 35.533419 ], [ 140.309406, 35.533238 ], [ 140.30935, 35.533238 ], [ 140.30935, 35.533147 ], [ 140.309295, 35.533147 ], [ 140.309295, 35.533102 ], [ 140.309239, 35.533102 ], [ 140.309239, 35.533057 ], [ 140.309184, 35.533057 ], [ 140.309128, 35.533057 ], [ 140.309128, 35.533012 ], [ 140.309073, 35.533012 ], [ 140.309073, 35.532967 ], [ 140.309017, 35.532967 ], [ 140.309017, 35.532876 ], [ 140.308962, 35.532876 ], [ 140.308962, 35.532786 ], [ 140.308906, 35.532786 ], [ 140.308906, 35.532741 ], [ 140.30885, 35.532741 ], [ 140.30885, 35.53265 ], [ 140.308795, 35.53265 ], [ 140.308795, 35.53256 ], [ 140.308739, 35.53256 ], [ 140.308739, 35.532515 ], [ 140.308684, 35.532515 ], [ 140.308684, 35.532424 ], [ 140.308517, 35.532424 ], [ 140.308517, 35.532515 ], [ 140.308517, 35.53256 ], [ 140.308462, 35.53256 ], [ 140.308406, 35.53256 ], [ 140.308406, 35.53265 ], [ 140.30835, 35.53265 ], [ 140.308295, 35.53265 ], [ 140.308295, 35.532695 ], [ 140.308239, 35.532695 ], [ 140.308239, 35.532741 ], [ 140.308184, 35.532741 ], [ 140.308128, 35.532741 ], [ 140.308128, 35.532695 ], [ 140.308073, 35.532695 ], [ 140.308073, 35.532741 ], [ 140.308017, 35.532741 ], [ 140.308017, 35.532786 ], [ 140.307962, 35.532786 ], [ 140.307962, 35.532831 ], [ 140.30785, 35.532831 ], [ 140.30785, 35.532876 ], [ 140.307795, 35.532876 ], [ 140.307739, 35.532876 ], [ 140.307739, 35.532967 ], [ 140.307684, 35.532967 ], [ 140.307684, 35.532876 ], [ 140.307628, 35.532876 ], [ 140.307628, 35.532967 ], [ 140.307573, 35.532967 ], [ 140.307573, 35.533102 ], [ 140.307628, 35.533102 ], [ 140.307628, 35.533193 ], [ 140.307684, 35.533193 ], [ 140.307684, 35.533374 ], [ 140.307739, 35.533374 ], [ 140.307739, 35.533419 ], [ 140.307795, 35.533419 ], [ 140.307795, 35.533509 ], [ 140.30785, 35.533509 ], [ 140.30785, 35.533554 ], [ 140.307906, 35.533554 ], [ 140.307906, 35.533735 ], [ 140.307962, 35.533735 ], [ 140.307962, 35.534006 ], [ 140.308017, 35.534006 ], [ 140.308017, 35.534097 ], [ 140.308073, 35.534097 ], [ 140.308073, 35.534187 ], [ 140.308128, 35.534187 ], [ 140.308128, 35.534233 ], [ 140.308239, 35.534233 ], [ 140.308239, 35.534187 ], [ 140.30835, 35.534187 ] ], [ [ 140.308406, 35.533916 ], [ 140.308406, 35.533871 ], [ 140.308517, 35.533871 ], [ 140.308517, 35.533916 ], [ 140.308406, 35.533916 ] ], [ [ 140.308295, 35.533826 ], [ 140.308295, 35.53378 ], [ 140.30835, 35.53378 ], [ 140.30835, 35.533826 ], [ 140.308295, 35.533826 ] ], [ [ 140.30885, 35.53378 ], [ 140.30885, 35.533735 ], [ 140.308906, 35.533735 ], [ 140.308906, 35.53378 ], [ 140.30885, 35.53378 ] ], [ [ 140.30935, 35.533464 ], [ 140.309295, 35.533464 ], [ 140.309295, 35.533419 ], [ 140.30935, 35.533419 ], [ 140.30935, 35.533464 ], [ 140.309406, 35.533464 ], [ 140.309406, 35.533554 ], [ 140.309295, 35.533554 ], [ 140.309295, 35.53369 ], [ 140.309239, 35.53369 ], [ 140.309239, 35.533735 ], [ 140.309184, 35.533735 ], [ 140.309184, 35.53369 ], [ 140.309128, 35.53369 ], [ 140.309128, 35.533554 ], [ 140.309073, 35.533554 ], [ 140.309073, 35.533509 ], [ 140.309128, 35.533509 ], [ 140.309128, 35.533464 ], [ 140.309239, 35.533464 ], [ 140.309239, 35.533509 ], [ 140.30935, 35.533509 ], [ 140.30935, 35.533464 ] ], [ [ 140.308128, 35.533464 ], [ 140.308128, 35.533509 ], [ 140.308073, 35.533509 ], [ 140.308073, 35.533464 ], [ 140.308128, 35.533464 ] ], [ [ 140.30885, 35.533464 ], [ 140.30885, 35.533419 ], [ 140.308906, 35.533419 ], [ 140.308906, 35.533464 ], [ 140.30885, 35.533464 ] ], [ [ 140.308795, 35.533374 ], [ 140.308795, 35.533464 ], [ 140.308628, 35.533464 ], [ 140.308628, 35.533419 ], [ 140.308684, 35.533419 ], [ 140.308684, 35.533374 ], [ 140.308795, 35.533374 ] ], [ [ 140.308573, 35.533419 ], [ 140.308573, 35.533464 ], [ 140.308517, 35.533464 ], [ 140.308517, 35.533419 ], [ 140.308573, 35.533419 ] ], [ [ 140.30835, 35.533509 ], [ 140.30835, 35.533554 ], [ 140.308295, 35.533554 ], [ 140.308295, 35.533509 ], [ 140.30835, 35.533509 ] ], [ [ 140.309073, 35.5336 ], [ 140.309073, 35.533735 ], [ 140.309017, 35.533735 ], [ 140.309017, 35.53369 ], [ 140.308906, 35.53369 ], [ 140.308906, 35.533554 ], [ 140.308962, 35.533554 ], [ 140.308962, 35.5336 ], [ 140.309073, 35.5336 ] ], [ [ 140.30885, 35.5336 ], [ 140.30885, 35.53369 ], [ 140.308795, 35.53369 ], [ 140.308795, 35.5336 ], [ 140.30885, 35.5336 ] ], [ [ 140.308295, 35.53369 ], [ 140.308295, 35.533735 ], [ 140.308239, 35.533735 ], [ 140.308239, 35.53369 ], [ 140.308295, 35.53369 ] ], [ [ 140.30835, 35.533735 ], [ 140.30835, 35.53369 ], [ 140.308406, 35.53369 ], [ 140.308406, 35.533735 ], [ 140.30835, 35.533735 ] ], [ [ 140.308962, 35.533238 ], [ 140.308962, 35.533193 ], [ 140.309017, 35.533193 ], [ 140.309017, 35.533238 ], [ 140.308962, 35.533238 ] ], [ [ 140.307962, 35.533193 ], [ 140.307962, 35.533238 ], [ 140.307906, 35.533238 ], [ 140.307906, 35.533193 ], [ 140.307962, 35.533193 ] ], [ [ 140.307795, 35.533102 ], [ 140.307795, 35.533057 ], [ 140.30785, 35.533057 ], [ 140.30785, 35.533102 ], [ 140.307795, 35.533102 ] ] ], [ [ [ 140.30835, 35.534187 ], [ 140.30835, 35.534233 ], [ 140.308406, 35.534233 ], [ 140.308406, 35.534187 ], [ 140.30835, 35.534187 ] ] ], [ [ [ 140.308628, 35.534187 ], [ 140.308573, 35.534187 ], [ 140.308573, 35.534233 ], [ 140.308628, 35.534233 ], [ 140.308628, 35.534187 ] ] ], [ [ [ 140.308239, 35.534233 ], [ 140.308239, 35.534278 ], [ 140.308295, 35.534278 ], [ 140.308295, 35.534233 ], [ 140.308239, 35.534233 ] ] ], [ [ [ 140.308628, 35.534278 ], [ 140.308573, 35.534278 ], [ 140.308573, 35.534368 ], [ 140.308628, 35.534368 ], [ 140.308628, 35.534278 ] ] ] ] } },
{ "type": "Feature", "properties": { "gridcode": 2, "浸水深": "0.5m以上1m未満" }, "bbox": [ 140.301906, 35.519222, 140.316462, 35.534278 ], "geometry": { "type": "MultiPolygon", "coordinates": [ [ [ [ 140.311128, 35.519222 ], [ 140.311073, 35.519222 ], [ 140.311073, 35.519312 ], [ 140.311128, 35.519312 ], [ 140.311128, 35.519357 ], [ 140.311184, 35.519357 ], [ 140.311184, 35.519222 ], [ 140.311128, 35.519222 ] ] ], [ [ [ 140.311184, 35.519402 ], [ 140.311128, 35.519402 ], [ 140.311128, 35.519448 ], [ 140.311184, 35.519448 ], [ 140.311184, 35.519402 ] ] ], [ [ [ 140.311295, 35.519538 ], [ 140.311239, 35.519538 ], [ 140.311239, 35.519583 ], [ 140.311295, 35.519583 ], [ 140.311295, 35.519538 ] ] ], [ [ [ 140.31135, 35.519719 ], [ 140.311295, 35.519719 ], [ 140.311295, 35.519764 ], [ 140.31135, 35.519764 ], [ 140.31135, 35.519719 ] ] ], [ [ [ 140.312406, 35.519764 ], [ 140.312295, 35.519764 ], [ 140.312295, 35.519809 ], [ 140.312406, 35.519809 ], [ 140.312406, 35.519764 ] ] ], [ [ [ 140.312573, 35.519764 ], [ 140.312517, 35.519764 ], [ 140.312517, 35.519809 ], [ 140.312573, 35.519809 ], [ 140.312573, 35.519764 ] ] ], [ [ [ 140.311406, 35.5199 ], [ 140.311406, 35.519809 ], [ 140.31135, 35.519809 ], [ 140.31135, 35.5199 ], [ 140.311406, 35.5199 ] ] ], [ [ [ 140.312795, 35.519855 ], [ 140.312739, 35.519855 ], [ 140.312739, 35.51999 ], [ 140.31285, 35.51999 ], [ 140.31285, 35.520081 ], [ 140.313017, 35.520081 ], [ 140.313017, 35.51999 ], [ 140.312962, 35.51999 ], [ 140.312962, 35.519945 ], [ 140.312906, 35.519945 ], [ 140.312906, 35.5199 ], [ 140.312795, 35.5199 ], [ 140.312795, 35.519855 ] ] ], [ [ [ 140.313128, 35.520081 ], [ 140.313073, 35.520081 ], [ 140.313073, 35.520126 ], [ 140.313128, 35.520126 ], [ 140.313128, 35.520081 ] ] ], [ [ [ 140.313073, 35.520171 ], [ 140.313017, 35.520171 ], [ 140.313017, 35.520216 ], [ 140.313073, 35.520216 ], [ 140.313073, 35.520171 ] ] ], [ [ [ 140.312073, 35.520262 ], [ 140.311962, 35.520262 ], [ 140.311962, 35.520352 ], [ 140.312073, 35.520352 ], [ 140.312073, 35.520262 ] ] ], [ [ [ 140.312184, 35.520262 ], [ 140.312128, 35.520262 ], [ 140.312128, 35.520352 ], [ 140.312184, 35.520352 ], [ 140.312184, 35.520262 ] ] ], [ [ [ 140.313017, 35.520262 ], [ 140.312962, 35.520262 ], [ 140.312962, 35.520352 ], [ 140.313017, 35.520352 ], [ 140.313017, 35.520262 ] ] ], [ [ [ 140.311573, 35.520352 ], [ 140.311517, 35.520352 ], [ 140.311517, 35.520397 ], [ 140.311573, 35.520397 ], [ 140.311573, 35.520352 ] ] ], [ [ [ 140.31335, 35.520352 ], [ 140.313295, 35.520352 ], [ 140.313295, 35.520397 ], [ 140.31335, 35.520397 ], [ 140.31335, 35.520352 ] ] ], [ [ [ 140.311906, 35.519674 ], [ 140.311962, 35.519674 ], [ 140.311962, 35.519719 ], [ 140.311906, 35.519719 ], [ 140.311906, 35.519674 ], [ 140.311795, 35.519674 ], [ 140.311795, 35.519764 ], [ 140.31185, 35.519764 ], [ 140.31185, 35.5199 ], [ 140.311573, 35.5199 ], [ 140.311573, 35.51999 ], [ 140.311462, 35.51999 ], [ 140.311462, 35.5199 ], [ 140.311406, 35.5199 ], [ 140.311406, 35.51999 ], [ 140.31135, 35.51999 ], [ 140.31135, 35.520036 ], [ 140.311406, 35.520036 ], [ 140.311406, 35.520081 ], [ 140.31135, 35.520081 ], [ 140.31135, 35.520126 ], [ 140.311462, 35.520126 ], [ 140.311462, 35.520171 ], [ 140.311517, 35.520171 ], [ 140.311517, 35.520216 ], [ 140.311462, 35.520216 ], [ 140.311462, 35.520262 ], [ 140.311517, 35.520262 ], [ 140.311628, 35.520262 ], [ 140.311628, 35.520397 ], [ 140.311684, 35.520397 ], [ 140.311684, 35.520442 ], [ 140.311739, 35.520442 ], [ 140.311739, 35.520397 ], [ 140.311795, 35.520397 ], [ 140.311795, 35.520352 ], [ 140.311795, 35.520216 ], [ 140.31185, 35.520216 ], [ 140.31185, 35.520262 ], [ 140.311906, 35.520262 ], [ 140.311906, 35.520216 ], [ 140.311962, 35.520216 ], [ 140.311962, 35.520171 ], [ 140.311962, 35.520126 ], [ 140.31185, 35.520126 ], [ 140.31185, 35.520081 ], [ 140.312073, 35.520081 ], [ 140.312073, 35.520126 ], [ 140.312017, 35.520126 ], [ 140.312017, 35.520171 ], [ 140.312128, 35.520171 ], [ 140.312128, 35.520126 ], [ 140.312239, 35.520126 ], [ 140.312239, 35.520081 ], [ 140.312184, 35.520081 ], [ 140.312184, 35.520036 ], [ 140.312128, 35.520036 ], [ 140.312128, 35.51999 ], [ 140.312017, 35.51999 ], [ 140.312017, 35.5199 ], [ 140.312184, 35.5199 ], [ 140.312184, 35.519809 ], [ 140.312239, 35.519809 ], [ 140.312239, 35.519719 ], [ 140.312295, 35.519719 ], [ 140.312295, 35.519674 ], [ 140.312295, 35.519629 ], [ 140.312184, 35.519629 ], [ 140.312184, 35.519583 ], [ 140.312073, 35.519583 ], [ 140.312073, 35.519538 ], [ 140.312017, 35.519538 ], [ 140.312017, 35.519493 ], [ 140.311906, 35.519493 ], [ 140.311906, 35.519448 ], [ 140.31185, 35.519448 ], [ 140.311795, 35.519448 ], [ 140.311795, 35.519493 ], [ 140.31185, 35.519493 ], [ 140.31185, 35.519583 ], [ 140.311906, 35.519583 ], [ 140.311906, 35.519674 ] ], [ [ 140.311962, 35.5199 ], [ 140.311962, 35.51999 ], [ 140.311906, 35.51999 ], [ 140.311906, 35.5199 ], [ 140.311962, 35.5199 ] ] ], [ [ [ 140.312906, 35.520488 ], [ 140.312906, 35.520442 ], [ 140.31285, 35.520442 ], [ 140.31285, 35.520488 ], [ 140.312906, 35.520488 ] ] ], [ [ [ 140.311073, 35.520488 ], [ 140.31085, 35.520488 ], [ 140.31085, 35.520533 ], [ 140.311073, 35.520533 ], [ 140.311073, 35.520488 ] ] ], [ [ [ 140.312906, 35.520488 ], [ 140.312906, 35.520533 ], [ 140.312962, 35.520533 ], [ 140.312962, 35.520488 ], [ 140.312906, 35.520488 ] ] ], [ [ [ 140.306628, 35.520533 ], [ 140.306573, 35.520533 ], [ 140.306573, 35.520578 ], [ 140.306628, 35.520578 ], [ 140.306628, 35.520533 ] ] ], [ [ [ 140.310628, 35.520533 ], [ 140.310462, 35.520533 ], [ 140.310462, 35.520578 ], [ 140.310684, 35.520578 ], [ 140.310684, 35.520533 ], [ 140.310628, 35.520533 ] ] ], [ [ [ 140.311239, 35.520533 ], [ 140.311184, 35.520533 ], [ 140.311184, 35.520578 ], [ 140.311239, 35.520578 ], [ 140.311239, 35.520533 ] ] ], [ [ [ 140.30835, 35.520578 ], [ 140.308295, 35.520578 ], [ 140.308295, 35.520669 ], [ 140.30835, 35.520669 ], [ 140.30835, 35.520578 ] ] ], [ [ [ 140.31335, 35.520669 ], [ 140.313295, 35.520669 ], [ 140.313295, 35.520759 ], [ 140.31335, 35.520759 ], [ 140.31335, 35.520669 ] ] ], [ [ [ 140.306962, 35.520849 ], [ 140.306962, 35.520804 ], [ 140.306906, 35.520804 ], [ 140.306906, 35.520849 ], [ 140.306962, 35.520849 ] ] ], [ [ [ 140.309628, 35.520804 ], [ 140.309573, 35.520804 ], [ 140.309573, 35.520849 ], [ 140.309628, 35.520849 ], [ 140.309628, 35.520804 ] ] ], [ [ [ 140.306962, 35.520849 ], [ 140.306962, 35.520895 ], [ 140.307017, 35.520895 ], [ 140.307017, 35.520849 ], [ 140.306962, 35.520849 ] ] ], [ [ [ 140.30885, 35.520849 ], [ 140.308795, 35.520849 ], [ 140.308795, 35.520895 ], [ 140.30885, 35.520895 ], [ 140.30885, 35.520849 ] ] ], [ [ [ 140.30985, 35.520895 ], [ 140.30985, 35.520849 ], [ 140.309739, 35.520849 ], [ 140.309739, 35.520895 ], [ 140.309795, 35.520895 ], [ 140.30985, 35.520895 ] ] ], [ [ [ 140.309962, 35.520895 ], [ 140.310017, 35.520895 ], [ 140.310073, 35.520895 ], [ 140.310073, 35.520849 ], [ 140.309962, 35.520849 ], [ 140.309962, 35.520895 ] ] ], [ [ [ 140.308739, 35.520895 ], [ 140.308684, 35.520895 ], [ 140.308684, 35.52094 ], [ 140.308739, 35.52094 ], [ 140.308739, 35.520895 ] ] ], [ [ [ 140.309962, 35.520895 ], [ 140.30985, 35.520895 ], [ 140.30985, 35.52094 ], [ 140.309962, 35.52094 ], [ 140.309962, 35.520895 ] ] ], [ [ [ 140.30885, 35.52094 ], [ 140.308795, 35.52094 ], [ 140.308795, 35.52103 ], [ 140.30885, 35.52103 ], [ 140.30885, 35.52094 ] ] ], [ [ [ 140.310573, 35.52094 ], [ 140.310406, 35.52094 ], [ 140.310406, 35.52103 ], [ 140.310573, 35.52103 ], [ 140.310573, 35.52094 ] ] ], [ [ [ 140.309239, 35.521076 ], [ 140.309239, 35.52103 ], [ 140.309128, 35.52103 ], [ 140.309128, 35.521076 ], [ 140.309184, 35.521076 ], [ 140.309239, 35.521076 ] ] ], [ [ [ 140.313795, 35.52103 ], [ 140.313739, 35.52103 ], [ 140.313739, 35.521076 ], [ 140.313795, 35.521076 ], [ 140.313795, 35.52103 ] ] ], [ [ [ 140.309239, 35.521076 ], [ 140.309239, 35.521121 ], [ 140.30935, 35.521121 ], [ 140.30935, 35.521076 ], [ 140.309239, 35.521076 ] ] ], [ [ [ 140.313739, 35.520533 ], [ 140.313739, 35.520578 ], [ 140.313684, 35.520578 ], [ 140.313684, 35.520533 ], [ 140.313739, 35.520533 ], [ 140.313739, 35.520488 ], [ 140.313684, 35.520488 ], [ 140.313684, 35.520442 ], [ 140.313628, 35.520442 ], [ 140.313628, 35.520397 ], [ 140.313573, 35.520397 ], [ 140.313573, 35.520442 ], [ 140.313517, 35.520442 ], [ 140.313517, 35.520488 ], [ 140.313406, 35.520488 ], [ 140.313406, 35.520533 ], [ 140.313462, 35.520533 ], [ 140.313462, 35.520578 ], [ 140.313517, 35.520578 ], [ 140.313517, 35.520759 ], [ 140.313573, 35.520759 ], [ 140.313573, 35.520849 ], [ 140.313628, 35.520849 ], [ 140.313628, 35.520895 ], [ 140.313573, 35.520895 ], [ 140.313573, 35.52094 ], [ 140.313739, 35.52094 ], [ 140.313739, 35.520849 ], [ 140.313684, 35.520849 ], [ 140.313684, 35.520804 ], [ 140.313739, 35.520804 ], [ 140.313739, 35.520849 ], [ 140.31385, 35.520849 ], [ 140.31385, 35.520804 ], [ 140.313962, 35.520804 ], [ 140.313962, 35.520849 ], [ 140.314017, 35.520849 ], [ 140.314017, 35.520895 ], [ 140.314073, 35.520895 ], [ 140.314073, 35.52103 ], [ 140.314128, 35.52103 ], [ 140.314128, 35.521076 ], [ 140.314184, 35.521076 ], [ 140.314184, 35.521121 ], [ 140.31435, 35.521121 ], [ 140.31435, 35.52103 ], [ 140.314239, 35.52103 ], [ 140.314239, 35.52094 ], [ 140.314239, 35.520895 ], [ 140.314184, 35.520895 ], [ 140.314184, 35.520849 ], [ 140.314128, 35.520849 ], [ 140.314128, 35.520804 ], [ 140.314073, 35.520804 ], [ 140.314073, 35.520759 ], [ 140.314017, 35.520759 ], [ 140.314017, 35.520714 ], [ 140.313962, 35.520714 ], [ 140.313962, 35.520669 ], [ 140.313906, 35.520669 ], [ 140.313906, 35.520623 ], [ 140.31385, 35.520623 ], [ 140.31385, 35.520578 ], [ 140.313795, 35.520578 ], [ 140.313795, 35.520533 ], [ 140.313739, 35.520533 ] ], [ [ 140.313795, 35.520669 ], [ 140.313795, 35.520759 ], [ 140.313739, 35.520759 ], [ 140.313739, 35.520669 ], [ 140.313795, 35.520669 ] ] ], [ [ [ 140.30935, 35.521121 ], [ 140.30935, 35.521166 ], [ 140.309406, 35.521166 ], [ 140.309406, 35.521121 ], [ 140.30935, 35.521121 ] ] ], [ [ [ 140.31435, 35.521121 ], [ 140.31435, 35.521166 ], [ 140.314406, 35.521166 ], [ 140.314406, 35.521121 ], [ 140.31435, 35.521121 ] ] ], [ [ [ 140.308962, 35.52103 ], [ 140.308906, 35.52103 ], [ 140.308906, 35.521211 ], [ 140.308962, 35.521211 ], [ 140.308962, 35.52103 ] ] ], [ [ [ 140.309517, 35.521166 ], [ 140.309462, 35.521166 ], [ 140.309462, 35.521211 ], [ 140.309573, 35.521211 ], [ 140.309573, 35.521166 ], [ 140.309517, 35.521166 ] ] ], [ [ [ 140.31235, 35.521211 ], [ 140.31235, 35.521121 ], [ 140.312406, 35.521121 ], [ 140.312406, 35.52094 ], [ 140.312462, 35.52094 ], [ 140.312462, 35.520895 ], [ 140.312406, 35.520895 ], [ 140.312406, 35.520804 ], [ 140.31235, 35.520804 ], [ 140.31235, 35.520759 ], [ 140.312295, 35.520759 ], [ 140.312295, 35.520669 ], [ 140.312239, 35.520669 ], [ 140.312239, 35.520533 ], [ 140.312184, 35.520533 ], [ 140.312184, 35.520488 ], [ 140.312128, 35.520488 ], [ 140.312128, 35.520442 ], [ 140.312017, 35.520442 ], [ 140.312017, 35.520397 ], [ 140.31185, 35.520397 ], [ 140.31185, 35.520442 ], [ 140.311906, 35.520442 ], [ 140.311906, 35.520488 ], [ 140.31185, 35.520488 ], [ 140.31185, 35.520533 ], [ 140.311795, 35.520533 ], [ 140.311795, 35.520578 ], [ 140.31185, 35.520578 ], [ 140.31185, 35.520669 ], [ 140.311906, 35.520669 ], [ 140.311906, 35.520759 ], [ 140.311962, 35.520759 ], [ 140.311962, 35.520804 ], [ 140.312017, 35.520804 ], [ 140.312017, 35.520849 ], [ 140.312073, 35.520849 ], [ 140.312073, 35.520895 ], [ 140.312128, 35.520895 ], [ 140.312128, 35.52094 ], [ 140.312184, 35.52094 ], [ 140.312184, 35.52103 ], [ 140.312239, 35.52103 ], [ 140.312239, 35.52094 ], [ 140.31235, 35.52094 ], [ 140.31235, 35.52103 ], [ 140.312295, 35.52103 ], [ 140.312295, 35.521076 ], [ 140.312239, 35.521076 ], [ 140.312239, 35.521121 ], [ 140.312295, 35.521121 ], [ 140.312295, 35.521211 ], [ 140.31235, 35.521211 ] ] ], [ [ [ 140.312962, 35.521166 ], [ 140.312906, 35.521166 ], [ 140.312906, 35.521211 ], [ 140.312962, 35.521211 ], [ 140.312962, 35.521166 ] ] ], [ [ [ 140.309684, 35.521256 ], [ 140.309684, 35.521211 ], [ 140.309628, 35.521211 ], [ 140.309628, 35.521256 ], [ 140.309684, 35.521256 ] ] ], [ [ [ 140.312184, 35.521211 ], [ 140.312184, 35.521256 ], [ 140.312239, 35.521256 ], [ 140.312239, 35.521211 ], [ 140.312184, 35.521211 ] ] ], [ [ [ 140.309684, 35.521256 ], [ 140.309684, 35.521302 ], [ 140.309739, 35.521302 ], [ 140.309739, 35.521256 ], [ 140.309684, 35.521256 ] ] ], [ [ [ 140.31435, 35.521302 ], [ 140.314406, 35.521302 ], [ 140.314406, 35.521256 ], [ 140.31435, 35.521256 ], [ 140.31435, 35.521302 ] ] ], [ [ [ 140.306184, 35.521166 ], [ 140.306128, 35.521166 ], [ 140.306128, 35.521121 ], [ 140.306017, 35.521121 ], [ 140.306017, 35.521211 ], [ 140.305962, 35.521211 ], [ 140.305962, 35.521392 ], [ 140.306073, 35.521392 ], [ 140.306128, 35.521392 ], [ 140.306128, 35.521302 ], [ 140.306184, 35.521302 ], [ 140.306184, 35.521166 ] ] ], [ [ [ 140.30985, 35.521302 ], [ 140.309795, 35.521302 ], [ 140.309795, 35.521392 ], [ 140.309906, 35.521392 ], [ 140.309906, 35.521302 ], [ 140.30985, 35.521302 ] ] ], [ [ [ 140.312795, 35.521392 ], [ 140.31285, 35.521392 ], [ 140.31285, 35.521302 ], [ 140.312795, 35.521302 ], [ 140.312795, 35.521392 ] ] ], [ [ [ 140.31435, 35.521302 ], [ 140.314295, 35.521302 ], [ 140.314295, 35.521392 ], [ 140.31435, 35.521392 ], [ 140.31435, 35.521302 ] ] ], [ [ [ 140.308184, 35.521392 ], [ 140.308128, 35.521392 ], [ 140.308128, 35.521437 ], [ 140.308184, 35.521437 ], [ 140.308184, 35.521392 ] ] ], [ [ [ 140.309684, 35.521302 ], [ 140.309628, 35.521302 ], [ 140.309628, 35.521392 ], [ 140.309573, 35.521392 ], [ 140.309573, 35.521437 ], [ 140.309739, 35.521437 ], [ 140.309739, 35.521392 ], [ 140.309684, 35.521392 ], [ 140.309684, 35.521302 ] ] ], [ [ [ 140.310073, 35.521437 ], [ 140.310073, 35.521392 ], [ 140.309962, 35.521392 ], [ 140.309962, 35.521437 ], [ 140.310073, 35.521437 ] ] ], [ [ [ 140.312295, 35.521302 ], [ 140.312239, 35.521302 ], [ 140.312239, 35.521437 ], [ 140.312295, 35.521437 ], [ 140.312295, 35.521302 ] ] ], [ [ [ 140.312795, 35.521392 ], [ 140.312739, 35.521392 ], [ 140.312739, 35.521437 ], [ 140.312795, 35.521437 ], [ 140.312795, 35.521392 ] ] ], [ [ [ 140.312962, 35.521392 ], [ 140.312906, 35.521392 ], [ 140.312906, 35.521437 ], [ 140.312962, 35.521437 ], [ 140.312962, 35.521392 ] ] ], [ [ [ 140.309017, 35.521482 ], [ 140.309017, 35.521392 ], [ 140.309128, 35.521392 ], [ 140.309128, 35.521302 ], [ 140.309017, 35.521302 ], [ 140.309017, 35.521256 ], [ 140.308962, 35.521256 ], [ 140.308962, 35.521482 ], [ 140.309017, 35.521482 ] ] ], [ [ [ 140.310073, 35.521437 ], [ 140.310073, 35.521482 ], [ 140.310184, 35.521482 ], [ 140.310184, 35.521437 ], [ 140.310128, 35.521437 ], [ 140.310073, 35.521437 ] ] ], [ [ [ 140.312406, 35.521482 ], [ 140.312406, 35.521437 ], [ 140.31235, 35.521437 ], [ 140.31235, 35.521482 ], [ 140.312406, 35.521482 ] ] ], [ [ [ 140.313295, 35.521437 ], [ 140.313184, 35.521437 ], [ 140.313184, 35.521482 ], [ 140.313295, 35.521482 ], [ 140.313295, 35.521437 ] ] ], [ [ [ 140.310184, 35.521482 ], [ 140.310184, 35.521573 ], [ 140.310239, 35.521573 ], [ 140.310239, 35.521482 ], [ 140.310184, 35.521482 ] ] ], [ [ [ 140.312406, 35.521482 ], [ 140.312406, 35.521573 ], [ 140.312462, 35.521573 ], [ 140.312462, 35.521482 ], [ 140.312406, 35.521482 ] ] ], [ [ [ 140.314073, 35.521437 ], [ 140.314017, 35.521437 ], [ 140.314017, 35.521573 ], [ 140.314073, 35.521573 ], [ 140.314073, 35.521437 ] ] ], [ [ [ 140.315128, 35.521482 ], [ 140.315073, 35.521482 ], [ 140.315073, 35.521573 ], [ 140.315128, 35.521573 ], [ 140.315128, 35.521482 ] ] ], [ [ [ 140.306073, 35.521573 ], [ 140.306017, 35.521573 ], [ 140.306017, 35.521618 ], [ 140.306073, 35.521618 ], [ 140.306073, 35.521573 ] ] ], [ [ [ 140.310406, 35.521618 ], [ 140.310406, 35.521573 ], [ 140.31035, 35.521573 ], [ 140.310295, 35.521573 ], [ 140.310295, 35.521618 ], [ 140.310406, 35.521618 ] ] ], [ [ [ 140.313017, 35.521482 ], [ 140.312962, 35.521482 ], [ 140.312962, 35.521618 ], [ 140.313017, 35.521618 ], [ 140.313017, 35.521482 ] ] ], [ [ [ 140.315017, 35.521573 ], [ 140.314962, 35.521573 ], [ 140.314962, 35.521618 ], [ 140.315017, 35.521618 ], [ 140.315017, 35.521573 ] ] ], [ [ [ 140.30585, 35.521618 ], [ 140.305684, 35.521618 ], [ 140.305684, 35.521709 ], [ 140.30585, 35.521709 ], [ 140.30585, 35.521618 ] ] ], [ [ [ 140.314128, 35.521618 ], [ 140.314073, 35.521618 ], [ 140.314073, 35.521709 ], [ 140.314128, 35.521709 ], [ 140.314128, 35.521618 ] ] ], [ [ [ 140.31485, 35.521618 ], [ 140.314795, 35.521618 ], [ 140.314795, 35.521709 ], [ 140.31485, 35.521709 ], [ 140.31485, 35.521618 ] ] ], [ [ [ 140.311795, 35.521256 ], [ 140.311795, 35.521211 ], [ 140.31185, 35.521211 ], [ 140.31185, 35.521166 ], [ 140.311906, 35.521166 ], [ 140.311906, 35.521121 ], [ 140.311962, 35.521121 ], [ 140.311962, 35.521076 ], [ 140.312017, 35.521076 ], [ 140.312017, 35.52103 ], [ 140.311962, 35.52103 ], [ 140.311962, 35.52094 ], [ 140.311906, 35.52094 ], [ 140.311906, 35.520849 ], [ 140.31185, 35.520849 ], [ 140.31185, 35.520804 ], [ 140.311795, 35.520804 ], [ 140.311795, 35.520759 ], [ 140.311739, 35.520759 ], [ 140.311739, 35.520578 ], [ 140.311684, 35.520578 ], [ 140.311684, 35.520533 ], [ 140.311628, 35.520533 ], [ 140.311628, 35.520442 ], [ 140.311573, 35.520442 ], [ 140.311573, 35.520488 ], [ 140.311517, 35.520488 ], [ 140.311517, 35.520533 ], [ 140.311406, 35.520533 ], [ 140.311406, 35.520669 ], [ 140.311184, 35.520669 ], [ 140.311184, 35.520849 ], [ 140.311128, 35.520849 ], [ 140.311128, 35.520895 ], [ 140.311073, 35.520895 ], [ 140.311073, 35.520849 ], [ 140.310906, 35.520849 ], [ 140.310906, 35.520759 ], [ 140.31085, 35.520759 ], [ 140.31085, 35.520578 ], [ 140.310795, 35.520578 ], [ 140.310795, 35.520804 ], [ 140.31085, 35.520804 ], [ 140.31085, 35.520895 ], [ 140.310906, 35.520895 ], [ 140.310906, 35.521076 ], [ 140.311017, 35.521076 ], [ 140.311017, 35.521121 ], [ 140.310962, 35.521121 ], [ 140.310962, 35.521166 ], [ 140.310906, 35.521166 ], [ 140.310906, 35.521211 ], [ 140.310795, 35.521211 ], [ 140.310795, 35.521256 ], [ 140.310739, 35.521256 ], [ 140.310739, 35.521302 ], [ 140.310517, 35.521302 ], [ 140.310517, 35.521437 ], [ 140.310462, 35.521437 ], [ 140.310462, 35.521573 ], [ 140.310573, 35.521573 ], [ 140.310573, 35.521618 ], [ 140.310684, 35.521618 ], [ 140.310684, 35.521709 ], [ 140.310795, 35.521709 ], [ 140.310795, 35.521754 ], [ 140.31085, 35.521754 ], [ 140.31085, 35.521709 ], [ 140.310962, 35.521709 ], [ 140.310962, 35.521618 ], [ 140.311128, 35.521618 ], [ 140.311128, 35.521573 ], [ 140.311184, 35.521573 ], [ 140.311184, 35.521482 ], [ 140.311239, 35.521482 ], [ 140.311239, 35.521437 ], [ 140.311295, 35.521437 ], [ 140.311295, 35.521302 ], [ 140.311184, 35.521302 ], [ 140.311184, 35.521166 ], [ 140.311239, 35.521166 ], [ 140.311239, 35.521211 ], [ 140.31135, 35.521211 ], [ 140.31135, 35.521256 ], [ 140.311406, 35.521256 ], [ 140.311406, 35.521302 ], [ 140.311462, 35.521302 ], [ 140.311462, 35.521392 ], [ 140.311573, 35.521392 ], [ 140.311573, 35.521302 ], [ 140.311684, 35.521302 ], [ 140.311684, 35.521256 ], [ 140.311795, 35.521256 ] ], [ [ 140.310628, 35.521437 ], [ 140.310628, 35.521482 ], [ 140.310573, 35.521482 ], [ 140.310573, 35.521437 ], [ 140.310628, 35.521437 ] ], [ [ 140.311239, 35.520804 ], [ 140.311239, 35.520759 ], [ 140.311295, 35.520759 ], [ 140.311295, 35.520804 ], [ 140.311239, 35.520804 ] ] ], [ [ [ 140.314017, 35.521709 ], [ 140.313962, 35.521709 ], [ 140.313962, 35.521754 ], [ 140.314017, 35.521754 ], [ 140.314017, 35.521709 ] ] ], [ [ [ 140.315739, 35.521663 ], [ 140.315684, 35.521663 ], [ 140.315684, 35.521709 ], [ 140.315684, 35.521754 ], [ 140.315739, 35.521754 ], [ 140.315739, 35.521663 ] ] ], [ [ [ 140.310684, 35.521709 ], [ 140.310573, 35.521709 ], [ 140.310573, 35.521618 ], [ 140.310406, 35.521618 ], [ 140.310406, 35.521709 ], [ 140.310517, 35.521709 ], [ 140.310517, 35.521754 ], [ 140.310628, 35.521754 ], [ 140.310628, 35.521799 ], [ 140.310684, 35.521799 ], [ 140.310684, 35.521754 ], [ 140.310684, 35.521709 ] ] ], [ [ [ 140.312628, 35.521799 ], [ 140.312628, 35.521754 ], [ 140.312573, 35.521754 ], [ 140.312573, 35.521799 ], [ 140.312628, 35.521799 ] ] ], [ [ [ 140.312739, 35.521799 ], [ 140.312795, 35.521799 ], [ 140.31285, 35.521799 ], [ 140.31285, 35.521709 ], [ 140.312795, 35.521709 ], [ 140.312795, 35.521573 ], [ 140.312739, 35.521573 ], [ 140.312739, 35.521482 ], [ 140.312684, 35.521482 ], [ 140.312684, 35.521573 ], [ 140.312628, 35.521573 ], [ 140.312628, 35.521709 ], [ 140.312684, 35.521709 ], [ 140.312684, 35.521754 ], [ 140.312739, 35.521754 ], [ 140.312739, 35.521799 ] ] ], [ [ [ 140.313128, 35.521799 ], [ 140.313239, 35.521799 ], [ 140.313239, 35.521709 ], [ 140.313184, 35.521709 ], [ 140.313184, 35.521618 ], [ 140.313073, 35.521618 ], [ 140.313073, 35.521709 ], [ 140.313128, 35.521709 ], [ 140.313128, 35.521799 ] ] ], [ [ [ 140.314462, 35.521754 ], [ 140.314406, 35.521754 ], [ 140.314406, 35.521799 ], [ 140.314462, 35.521799 ], [ 140.314462, 35.521754 ] ] ], [ [ [ 140.309739, 35.521437 ], [ 140.309739, 35.521482 ], [ 140.309628, 35.521482 ], [ 140.309628, 35.521573 ], [ 140.309573, 35.521573 ], [ 140.309573, 35.521709 ], [ 140.309628, 35.521709 ], [ 140.309628, 35.521844 ], [ 140.30985, 35.521844 ], [ 140.30985, 35.521709 ], [ 140.30985, 35.521482 ], [ 140.309795, 35.521482 ], [ 140.309795, 35.521437 ], [ 140.309739, 35.521437 ] ], [ [ 140.309795, 35.521618 ], [ 140.309795, 35.521709 ], [ 140.309684, 35.521709 ], [ 140.309684, 35.521618 ], [ 140.309795, 35.521618 ] ] ], [ [ [ 140.310795, 35.521754 ], [ 140.310739, 35.521754 ], [ 140.310739, 35.521799 ], [ 140.310739, 35.521844 ], [ 140.310795, 35.521844 ], [ 140.310795, 35.521799 ], [ 140.310795, 35.521754 ] ] ], [ [ [ 140.312739, 35.521799 ], [ 140.312628, 35.521799 ], [ 140.312628, 35.521844 ], [ 140.312739, 35.521844 ], [ 140.312739, 35.521799 ] ] ], [ [ [ 140.310906, 35.521799 ], [ 140.31085, 35.521799 ], [ 140.31085, 35.521844 ], [ 140.31085, 35.521889 ], [ 140.310906, 35.521889 ], [ 140.310906, 35.521844 ], [ 140.310906, 35.521799 ] ] ], [ [ [ 140.311017, 35.521889 ], [ 140.310962, 35.521889 ], [ 140.310962, 35.521935 ], [ 140.311017, 35.521935 ], [ 140.311017, 35.521889 ] ] ], [ [ [ 140.314184, 35.521889 ], [ 140.314128, 35.521889 ], [ 140.314128, 35.521935 ], [ 140.314184, 35.521935 ], [ 140.314184, 35.521889 ] ] ], [ [ [ 140.309573, 35.52198 ], [ 140.309573, 35.521935 ], [ 140.309462, 35.521935 ], [ 140.309462, 35.521889 ], [ 140.309073, 35.521889 ], [ 140.309073, 35.521799 ], [ 140.309017, 35.521799 ], [ 140.309017, 35.521889 ], [ 140.308628, 35.521889 ], [ 140.308628, 35.521935 ], [ 140.309406, 35.521935 ], [ 140.309406, 35.52198 ], [ 140.309573, 35.52198 ] ] ], [ [ [ 140.31135, 35.521935 ], [ 140.311295, 35.521935 ], [ 140.311295, 35.52198 ], [ 140.31135, 35.52198 ], [ 140.31135, 35.521935 ] ] ], [ [ [ 140.312184, 35.521211 ], [ 140.312184, 35.521166 ], [ 140.312128, 35.521166 ], [ 140.312128, 35.521121 ], [ 140.312017, 35.521121 ], [ 140.312017, 35.521166 ], [ 140.312073, 35.521166 ], [ 140.312073, 35.521211 ], [ 140.312017, 35.521211 ], [ 140.312017, 35.521166 ], [ 140.311962, 35.521166 ], [ 140.311962, 35.521211 ], [ 140.311906, 35.521211 ], [ 140.311906, 35.521256 ], [ 140.311795, 35.521256 ], [ 140.311795, 35.521302 ], [ 140.311739, 35.521302 ], [ 140.311739, 35.521392 ], [ 140.311628, 35.521392 ], [ 140.311628, 35.521437 ], [ 140.311517, 35.521437 ], [ 140.311517, 35.521573 ], [ 140.311462, 35.521573 ], [ 140.311462, 35.521482 ], [ 140.311406, 35.521482 ], [ 140.311406, 35.521573 ], [ 140.31135, 35.521573 ], [ 140.31135, 35.521618 ], [ 140.311239, 35.521618 ], [ 140.311239, 35.521709 ], [ 140.311073, 35.521709 ], [ 140.311073, 35.521754 ], [ 140.310906, 35.521754 ], [ 140.310906, 35.521799 ], [ 140.311073, 35.521799 ], [ 140.311073, 35.521844 ], [ 140.311017, 35.521844 ], [ 140.311017, 35.521889 ], [ 140.311128, 35.521889 ], [ 140.311128, 35.521844 ], [ 140.311184, 35.521844 ], [ 140.311184, 35.521889 ], [ 140.311184, 35.521935 ], [ 140.311239, 35.521935 ], [ 140.311239, 35.521889 ], [ 140.31135, 35.521889 ], [ 140.31135, 35.521935 ], [ 140.311406, 35.521935 ], [ 140.311406, 35.521844 ], [ 140.311517, 35.521844 ], [ 140.311517, 35.521799 ], [ 140.311628, 35.521799 ], [ 140.311628, 35.521844 ], [ 140.311573, 35.521844 ], [ 140.311573, 35.521889 ], [ 140.311628, 35.521889 ], [ 140.311628, 35.521935 ], [ 140.311795, 35.521935 ], [ 140.311795, 35.52198 ], [ 140.31185, 35.52198 ], [ 140.31185, 35.521709 ], [ 140.311962, 35.521709 ], [ 140.311962, 35.521573 ], [ 140.312017, 35.521573 ], [ 140.312017, 35.521392 ], [ 140.312073, 35.521392 ], [ 140.312073, 35.521302 ], [ 140.312128, 35.521302 ], [ 140.312128, 35.521211 ], [ 140.312184, 35.521211 ] ] ], [ [ [ 140.312906, 35.521935 ], [ 140.31285, 35.521935 ], [ 140.31285, 35.52198 ], [ 140.312906, 35.52198 ], [ 140.312906, 35.521935 ] ] ], [ [ [ 140.313128, 35.521799 ], [ 140.313073, 35.521799 ], [ 140.313073, 35.521889 ], [ 140.313017, 35.521889 ], [ 140.312962, 35.521889 ], [ 140.312962, 35.521935 ], [ 140.313017, 35.521935 ], [ 140.313017, 35.52198 ], [ 140.313128, 35.52198 ], [ 140.313128, 35.521799 ] ] ], [ [ [ 140.313184, 35.52198 ], [ 140.313239, 35.52198 ], [ 140.313239, 35.521935 ], [ 140.313184, 35.521935 ], [ 140.313184, 35.52198 ] ] ], [ [ [ 140.31385, 35.52198 ], [ 140.31385, 35.521889 ], [ 140.313906, 35.521889 ], [ 140.313906, 35.521844 ], [ 140.31385, 35.521844 ], [ 140.31385, 35.521799 ], [ 140.313795, 35.521799 ], [ 140.313795, 35.521935 ], [ 140.313739, 35.521935 ], [ 140.313739, 35.521889 ], [ 140.313573, 35.521889 ], [ 140.313573, 35.521935 ], [ 140.313684, 35.521935 ], [ 140.313684, 35.52198 ], [ 140.31385, 35.52198 ] ] ], [ [ [ 140.308462, 35.52207 ], [ 140.308462, 35.52198 ], [ 140.308573, 35.52198 ], [ 140.308573, 35.521935 ], [ 140.308239, 35.521935 ], [ 140.308239, 35.52198 ], [ 140.308295, 35.52198 ], [ 140.308406, 35.52198 ], [ 140.308406, 35.52207 ], [ 140.308462, 35.52207 ] ] ], [ [ [ 140.309573, 35.52198 ], [ 140.309573, 35.52207 ], [ 140.309739, 35.52207 ], [ 140.309739, 35.522115 ], [ 140.310017, 35.522115 ], [ 140.310017, 35.52207 ], [ 140.30985, 35.52207 ], [ 140.30985, 35.52198 ], [ 140.309573, 35.52198 ] ] ], [ [ [ 140.311462, 35.52207 ], [ 140.311406, 35.52207 ], [ 140.311406, 35.522115 ], [ 140.311462, 35.522115 ], [ 140.311462, 35.52207 ] ] ], [ [ [ 140.31285, 35.52207 ], [ 140.312795, 35.52207 ], [ 140.312795, 35.522115 ], [ 140.31285, 35.522115 ], [ 140.31285, 35.52207 ] ] ], [ [ [ 140.31385, 35.52207 ], [ 140.313795, 35.52207 ], [ 140.313795, 35.522115 ], [ 140.31385, 35.522115 ], [ 140.31385, 35.52207 ] ] ], [ [ [ 140.313573, 35.522161 ], [ 140.313628, 35.522161 ], [ 140.313628, 35.522115 ], [ 140.313573, 35.522115 ], [ 140.313573, 35.522161 ] ] ], [ [ [ 140.31485, 35.522115 ], [ 140.314795, 35.522115 ], [ 140.314795, 35.522161 ], [ 140.31485, 35.522161 ], [ 140.31485, 35.522115 ] ] ], [ [ [ 140.305184, 35.522206 ], [ 140.305184, 35.522161 ], [ 140.305462, 35.522161 ], [ 140.305462, 35.521889 ], [ 140.305406, 35.521889 ], [ 140.305406, 35.521709 ], [ 140.305128, 35.521709 ], [ 140.305128, 35.521754 ], [ 140.305017, 35.521754 ], [ 140.304795, 35.521754 ], [ 140.304795, 35.521799 ], [ 140.30485, 35.521799 ], [ 140.30485, 35.521889 ], [ 140.304795, 35.521889 ], [ 140.304795, 35.521935 ], [ 140.304906, 35.521935 ], [ 140.304906, 35.52198 ], [ 140.30485, 35.52198 ], [ 140.30485, 35.52207 ], [ 140.304906, 35.52207 ], [ 140.304906, 35.522115 ], [ 140.30485, 35.522115 ], [ 140.30485, 35.522161 ], [ 140.304906, 35.522161 ], [ 140.304906, 35.522206 ], [ 140.305184, 35.522206 ] ] ], [ [ [ 140.306017, 35.522161 ], [ 140.305906, 35.522161 ], [ 140.305906, 35.522206 ], [ 140.306017, 35.522206 ], [ 140.306017, 35.522161 ] ] ], [ [ [ 140.313628, 35.522161 ], [ 140.313628, 35.522206 ], [ 140.313684, 35.522206 ], [ 140.313684, 35.522161 ], [ 140.313628, 35.522161 ] ] ], [ [ [ 140.308295, 35.522206 ], [ 140.308239, 35.522206 ], [ 140.308239, 35.522251 ], [ 140.308295, 35.522251 ], [ 140.308295, 35.522206 ] ] ], [ [ [ 140.313017, 35.522206 ], [ 140.312962, 35.522206 ], [ 140.312962, 35.522251 ], [ 140.313017, 35.522251 ], [ 140.313017, 35.522206 ] ] ], [ [ [ 140.313573, 35.522161 ], [ 140.313517, 35.522161 ], [ 140.313517, 35.522206 ], [ 140.313462, 35.522206 ], [ 140.313462, 35.522251 ], [ 140.313517, 35.522251 ], [ 140.313573, 35.522251 ], [ 140.313573, 35.522206 ], [ 140.313573, 35.522161 ] ] ], [ [ [ 140.30435, 35.522251 ], [ 140.304295, 35.522251 ], [ 140.304295, 35.522296 ], [ 140.30435, 35.522296 ], [ 140.30435, 35.522251 ] ] ], [ [ [ 140.313962, 35.522296 ], [ 140.313906, 35.522296 ], [ 140.313906, 35.522387 ], [ 140.313962, 35.522387 ], [ 140.313962, 35.522296 ] ] ], [ [ [ 140.303184, 35.522387 ], [ 140.303128, 35.522387 ], [ 140.303128, 35.522477 ], [ 140.303184, 35.522477 ], [ 140.303184, 35.522387 ] ] ], [ [ [ 140.309962, 35.522387 ], [ 140.30935, 35.522387 ], [ 140.30935, 35.522477 ], [ 140.309962, 35.522477 ], [ 140.309962, 35.522387 ] ] ], [ [ [ 140.310017, 35.522115 ], [ 140.310017, 35.522161 ], [ 140.310128, 35.522161 ], [ 140.310128, 35.522296 ], [ 140.310017, 35.522296 ], [ 140.310017, 35.522387 ], [ 140.310128, 35.522387 ], [ 140.310128, 35.522477 ], [ 140.310239, 35.522477 ], [ 140.310239, 35.522387 ], [ 140.310295, 35.522387 ], [ 140.310295, 35.522296 ], [ 140.31035, 35.522296 ], [ 140.31035, 35.522387 ], [ 140.310295, 35.522387 ], [ 140.310295, 35.522477 ], [ 140.310406, 35.522477 ], [ 140.310406, 35.522387 ], [ 140.310795, 35.522387 ], [ 140.310795, 35.522251 ], [ 140.310684, 35.522251 ], [ 140.310684, 35.522296 ], [ 140.310628, 35.522296 ], [ 140.310628, 35.522251 ], [ 140.310517, 35.522251 ], [ 140.310406, 35.522251 ], [ 140.310406, 35.522206 ], [ 140.310517, 35.522206 ], [ 140.310517, 35.522161 ], [ 140.310573, 35.522161 ], [ 140.310573, 35.52198 ], [ 140.310462, 35.52198 ], [ 140.310462, 35.522161 ], [ 140.310239, 35.522161 ], [ 140.310239, 35.522115 ], [ 140.310017, 35.522115 ] ] ], [ [ [ 140.312962, 35.522251 ], [ 140.312906, 35.522251 ], [ 140.312906, 35.522161 ], [ 140.31285, 35.522161 ], [ 140.31285, 35.522477 ], [ 140.312906, 35.522477 ], [ 140.312962, 35.522477 ], [ 140.312962, 35.522251 ] ] ], [ [ [ 140.313462, 35.522251 ], [ 140.313406, 35.522251 ], [ 140.313406, 35.522206 ], [ 140.31335, 35.522206 ], [ 140.31335, 35.522161 ], [ 140.313406, 35.522161 ], [ 140.313406, 35.522115 ], [ 140.313462, 35.522115 ], [ 140.313462, 35.52198 ], [ 140.313517, 35.52198 ], [ 140.313517, 35.521935 ], [ 140.313517, 35.521889 ], [ 140.313406, 35.521889 ], [ 140.313406, 35.52198 ], [ 140.313295, 35.52198 ], [ 140.313295, 35.52207 ], [ 140.313184, 35.52207 ], [ 140.313184, 35.52198 ], [ 140.313128, 35.52198 ], [ 140.313128, 35.52207 ], [ 140.312962, 35.52207 ], [ 140.312962, 35.522115 ], [ 140.313017, 35.522115 ], [ 140.313017, 35.522161 ], [ 140.313017, 35.522206 ], [ 140.313073, 35.522206 ], [ 140.313073, 35.522251 ], [ 140.313128, 35.522251 ], [ 140.313128, 35.522477 ], [ 140.313184, 35.522477 ], [ 140.313184, 35.522387 ], [ 140.313295, 35.522387 ], [ 140.31335, 35.522387 ], [ 140.31335, 35.522296 ], [ 140.313406, 35.522296 ], [ 140.313462, 35.522296 ], [ 140.313462, 35.522251 ] ] ], [ [ [ 140.305017, 35.522387 ], [ 140.304962, 35.522387 ], [ 140.304962, 35.522251 ], [ 140.30485, 35.522251 ], [ 140.30485, 35.522296 ], [ 140.304906, 35.522296 ], [ 140.304906, 35.522387 ], [ 140.30485, 35.522387 ], [ 140.30485, 35.522477 ], [ 140.304962, 35.522477 ], [ 140.304962, 35.522522 ], [ 140.305017, 35.522522 ], [ 140.305017, 35.522387 ] ] ], [ [ [ 140.308517, 35.522296 ], [ 140.308462, 35.522296 ], [ 140.308462, 35.522387 ], [ 140.308462, 35.522477 ], [ 140.308462, 35.522522 ], [ 140.308517, 35.522522 ], [ 140.308517, 35.522296 ] ] ], [ [ [ 140.308906, 35.522477 ], [ 140.308739, 35.522477 ], [ 140.308739, 35.522522 ], [ 140.308906, 35.522522 ], [ 140.308906, 35.522477 ] ] ], [ [ [ 140.309239, 35.522477 ], [ 140.309128, 35.522477 ], [ 140.309128, 35.522522 ], [ 140.309184, 35.522522 ], [ 140.309239, 35.522522 ], [ 140.309239, 35.522477 ] ] ], [ [ [ 140.310406, 35.522477 ], [ 140.310406, 35.522522 ], [ 140.310517, 35.522522 ], [ 140.310517, 35.522477 ], [ 140.310406, 35.522477 ] ] ], [ [ [ 140.313795, 35.522387 ], [ 140.313795, 35.522522 ], [ 140.31385, 35.522522 ], [ 140.31385, 35.522387 ], [ 140.313795, 35.522387 ] ] ], [ [ [ 140.313962, 35.522477 ], [ 140.313906, 35.522477 ], [ 140.313906, 35.522522 ], [ 140.313962, 35.522522 ], [ 140.313962, 35.522477 ] ] ], [ [ [ 140.314628, 35.522522 ], [ 140.314628, 35.522387 ], [ 140.314573, 35.522387 ], [ 140.314573, 35.522522 ], [ 140.314628, 35.522522 ] ] ], [ [ [ 140.307906, 35.522522 ], [ 140.30785, 35.522522 ], [ 140.30785, 35.522568 ], [ 140.307906, 35.522568 ], [ 140.307906, 35.522522 ] ] ], [ [ [ 140.308017, 35.522522 ], [ 140.307962, 35.522522 ], [ 140.307962, 35.522568 ], [ 140.308017, 35.522568 ], [ 140.308017, 35.522522 ] ] ], [ [ [ 140.308239, 35.522522 ], [ 140.308184, 35.522522 ], [ 140.308184, 35.522568 ], [ 140.308239, 35.522568 ], [ 140.308239, 35.522522 ] ] ], [ [ [ 140.315628, 35.522522 ], [ 140.315573, 35.522522 ], [ 140.315573, 35.522568 ], [ 140.315628, 35.522568 ], [ 140.315628, 35.522522 ] ] ], [ [ [ 140.31035, 35.522568 ], [ 140.31035, 35.522613 ], [ 140.310406, 35.522613 ], [ 140.310406, 35.522568 ], [ 140.31035, 35.522568 ] ] ], [ [ [ 140.312906, 35.522568 ], [ 140.31285, 35.522568 ], [ 140.31285, 35.522613 ], [ 140.312906, 35.522613 ], [ 140.312906, 35.522568 ] ] ], [ [ [ 140.313073, 35.522613 ], [ 140.313073, 35.522568 ], [ 140.312962, 35.522568 ], [ 140.312962, 35.522613 ], [ 140.313017, 35.522613 ], [ 140.313073, 35.522613 ] ] ], [ [ [ 140.310517, 35.522658 ], [ 140.310573, 35.522658 ], [ 140.310573, 35.522613 ], [ 140.310517, 35.522613 ], [ 140.310517, 35.522658 ] ] ], [ [ [ 140.313795, 35.522658 ], [ 140.31385, 35.522658 ], [ 140.31385, 35.522613 ], [ 140.313795, 35.522613 ], [ 140.313795, 35.522658 ] ] ], [ [ [ 140.310517, 35.522658 ], [ 140.310462, 35.522658 ], [ 140.310462, 35.522749 ], [ 140.310517, 35.522749 ], [ 140.310517, 35.522658 ] ] ], [ [ [ 140.312406, 35.522749 ], [ 140.312406, 35.522613 ], [ 140.312462, 35.522613 ], [ 140.312462, 35.522658 ], [ 140.312517, 35.522658 ], [ 140.312573, 35.522658 ], [ 140.312573, 35.522613 ], [ 140.312684, 35.522613 ], [ 140.312739, 35.522613 ], [ 140.312739, 35.522568 ], [ 140.31235, 35.522568 ], [ 140.31235, 35.522613 ], [ 140.312295, 35.522613 ], [ 140.312295, 35.522522 ], [ 140.312184, 35.522522 ], [ 140.312184, 35.522568 ], [ 140.312128, 35.522568 ], [ 140.312128, 35.522613 ], [ 140.312184, 35.522613 ], [ 140.312239, 35.522613 ], [ 140.312239, 35.522658 ], [ 140.312295, 35.522658 ], [ 140.31235, 35.522658 ], [ 140.31235, 35.522749 ], [ 140.312406, 35.522749 ] ] ], [ [ [ 140.314017, 35.522749 ], [ 140.314073, 35.522749 ], [ 140.314073, 35.522613 ], [ 140.314017, 35.522613 ], [ 140.314017, 35.522749 ] ] ], [ [ [ 140.305017, 35.522387 ], [ 140.305073, 35.522387 ], [ 140.305073, 35.522522 ], [ 140.305128, 35.522522 ], [ 140.305128, 35.522794 ], [ 140.305406, 35.522794 ], [ 140.305406, 35.522749 ], [ 140.305462, 35.522749 ], [ 140.305462, 35.522794 ], [ 140.305517, 35.522794 ], [ 140.305517, 35.522522 ], [ 140.305517, 35.522251 ], [ 140.305462, 35.522251 ], [ 140.305462, 35.522206 ], [ 140.30535, 35.522206 ], [ 140.30535, 35.522251 ], [ 140.305128, 35.522251 ], [ 140.305128, 35.522296 ], [ 140.305017, 35.522296 ], [ 140.305017, 35.522387 ] ] ], [ [ [ 140.313795, 35.522749 ], [ 140.313795, 35.522658 ], [ 140.313628, 35.522658 ], [ 140.313628, 35.522613 ], [ 140.313517, 35.522613 ], [ 140.313517, 35.522522 ], [ 140.313684, 35.522522 ], [ 140.313684, 35.522477 ], [ 140.313739, 35.522477 ], [ 140.313739, 35.522387 ], [ 140.313795, 35.522387 ], [ 140.313795, 35.522251 ], [ 140.313684, 35.522251 ], [ 140.313684, 35.522296 ], [ 140.313628, 35.522296 ], [ 140.313628, 35.522387 ], [ 140.313517, 35.522387 ], [ 140.313517, 35.522477 ], [ 140.31335, 35.522477 ], [ 140.31335, 35.522522 ], [ 140.313184, 35.522522 ], [ 140.313184, 35.522568 ], [ 140.313184, 35.522613 ], [ 140.313073, 35.522613 ], [ 140.313073, 35.522658 ], [ 140.313239, 35.522658 ], [ 140.313295, 35.522658 ], [ 140.313295, 35.522613 ], [ 140.31335, 35.522613 ], [ 140.31335, 35.522658 ], [ 140.313295, 35.522658 ], [ 140.313295, 35.522749 ], [ 140.313517, 35.522749 ], [ 140.313573, 35.522749 ], [ 140.313573, 35.522794 ], [ 140.313739, 35.522794 ], [ 140.313739, 35.522749 ], [ 140.313795, 35.522749 ] ] ], [ [ [ 140.312517, 35.522839 ], [ 140.312573, 35.522839 ], [ 140.312573, 35.522794 ], [ 140.312517, 35.522794 ], [ 140.312517, 35.522839 ] ] ], [ [ [ 140.314406, 35.522794 ], [ 140.31435, 35.522794 ], [ 140.31435, 35.522839 ], [ 140.314406, 35.522839 ], [ 140.314406, 35.522794 ] ] ], [ [ [ 140.314517, 35.522794 ], [ 140.314462, 35.522794 ], [ 140.314462, 35.522839 ], [ 140.314517, 35.522839 ], [ 140.314517, 35.522794 ] ] ], [ [ [ 140.305517, 35.522839 ], [ 140.305406, 35.522839 ], [ 140.305406, 35.522884 ], [ 140.305517, 35.522884 ], [ 140.305517, 35.522839 ] ] ], [ [ [ 140.312573, 35.522839 ], [ 140.312573, 35.522884 ], [ 140.312628, 35.522884 ], [ 140.312628, 35.522839 ], [ 140.312573, 35.522839 ] ] ], [ [ [ 140.314017, 35.522749 ], [ 140.313962, 35.522749 ], [ 140.313962, 35.522658 ], [ 140.313906, 35.522658 ], [ 140.313906, 35.522749 ], [ 140.313795, 35.522749 ], [ 140.313795, 35.522839 ], [ 140.313906, 35.522839 ], [ 140.313962, 35.522839 ], [ 140.313962, 35.522884 ], [ 140.314017, 35.522884 ], [ 140.314017, 35.522749 ] ] ], [ [ [ 140.315684, 35.521889 ], [ 140.315684, 35.521935 ], [ 140.315628, 35.521935 ], [ 140.315628, 35.521889 ], [ 140.315573, 35.521889 ], [ 140.315573, 35.521844 ], [ 140.315628, 35.521844 ], [ 140.315628, 35.521889 ], [ 140.315684, 35.521889 ], [ 140.315684, 35.521799 ], [ 140.315628, 35.521799 ], [ 140.315573, 35.521799 ], [ 140.315573, 35.521754 ], [ 140.315573, 35.521709 ], [ 140.315573, 35.521618 ], [ 140.315517, 35.521618 ], [ 140.315517, 35.521573 ], [ 140.315406, 35.521573 ], [ 140.31535, 35.521573 ], [ 140.31535, 35.521618 ], [ 140.315406, 35.521618 ], [ 140.315406, 35.521799 ], [ 140.315462, 35.521799 ], [ 140.315462, 35.521844 ], [ 140.31535, 35.521844 ], [ 140.31535, 35.521754 ], [ 140.315295, 35.521754 ], [ 140.315295, 35.521618 ], [ 140.315184, 35.521618 ], [ 140.315184, 35.521709 ], [ 140.315073, 35.521709 ], [ 140.315073, 35.521754 ], [ 140.314962, 35.521754 ], [ 140.314906, 35.521754 ], [ 140.31485, 35.521754 ], [ 140.31485, 35.521799 ], [ 140.314739, 35.521799 ], [ 140.314684, 35.521799 ], [ 140.314684, 35.521844 ], [ 140.314628, 35.521844 ], [ 140.314573, 35.521844 ], [ 140.314573, 35.521935 ], [ 140.314573, 35.52198 ], [ 140.314628, 35.52198 ], [ 140.314628, 35.521935 ], [ 140.314795, 35.521935 ], [ 140.314795, 35.52207 ], [ 140.314906, 35.52207 ], [ 140.314906, 35.522206 ], [ 140.314795, 35.522206 ], [ 140.314795, 35.522296 ], [ 140.314739, 35.522296 ], [ 140.314739, 35.522387 ], [ 140.314684, 35.522387 ], [ 140.314684, 35.522522 ], [ 140.314628, 35.522522 ], [ 140.314628, 35.522613 ], [ 140.314628, 35.522658 ], [ 140.314684, 35.522658 ], [ 140.314684, 35.522794 ], [ 140.314739, 35.522794 ], [ 140.314739, 35.522839 ], [ 140.314795, 35.522839 ], [ 140.314795, 35.522884 ], [ 140.31485, 35.522884 ], [ 140.31485, 35.522839 ], [ 140.314906, 35.522839 ], [ 140.314906, 35.522884 ], [ 140.314962, 35.522884 ], [ 140.314962, 35.522839 ], [ 140.315017, 35.522839 ], [ 140.315017, 35.522794 ], [ 140.315073, 35.522794 ], [ 140.315073, 35.522839 ], [ 140.315017, 35.522839 ], [ 140.315017, 35.522884 ], [ 140.315128, 35.522884 ], [ 140.315128, 35.522839 ], [ 140.315184, 35.522839 ], [ 140.315184, 35.522794 ], [ 140.315239, 35.522794 ], [ 140.315239, 35.522749 ], [ 140.315295, 35.522749 ], [ 140.315295, 35.522568 ], [ 140.315239, 35.522568 ], [ 140.315239, 35.522522 ], [ 140.31535, 35.522522 ], [ 140.31535, 35.522477 ], [ 140.315462, 35.522477 ], [ 140.315462, 35.522387 ], [ 140.315517, 35.522387 ], [ 140.315517, 35.522477 ], [ 140.315573, 35.522477 ], [ 140.315573, 35.522387 ], [ 140.315573, 35.522296 ], [ 140.315628, 35.522296 ], [ 140.315684, 35.522296 ], [ 140.315684, 35.522251 ], [ 140.315628, 35.522251 ], [ 140.315628, 35.522206 ], [ 140.315628, 35.522161 ], [ 140.315684, 35.522161 ], [ 140.315684, 35.522115 ], [ 140.315739, 35.522115 ], [ 140.315739, 35.521889 ], [ 140.315684, 35.521889 ] ], [ [ 140.315017, 35.521935 ], [ 140.315017, 35.52198 ], [ 140.314906, 35.52198 ], [ 140.314906, 35.521935 ], [ 140.315017, 35.521935 ] ], [ [ 140.315184, 35.521935 ], [ 140.315184, 35.521889 ], [ 140.315239, 35.521889 ], [ 140.315239, 35.521935 ], [ 140.315184, 35.521935 ] ], [ [ 140.315406, 35.522115 ], [ 140.315406, 35.522161 ], [ 140.315462, 35.522161 ], [ 140.315462, 35.522251 ], [ 140.315462, 35.522296 ], [ 140.315239, 35.522296 ], [ 140.315239, 35.522251 ], [ 140.315128, 35.522251 ], [ 140.315128, 35.522161 ], [ 140.315017, 35.522161 ], [ 140.315017, 35.522115 ], [ 140.315128, 35.522115 ], [ 140.315128, 35.52207 ], [ 140.31535, 35.52207 ], [ 140.31535, 35.522115 ], [ 140.315406, 35.522115 ] ], [ [ 140.315017, 35.522613 ], [ 140.315017, 35.522658 ], [ 140.314962, 35.522658 ], [ 140.314962, 35.522613 ], [ 140.315017, 35.522613 ] ], [ [ 140.315128, 35.521799 ], [ 140.315128, 35.521754 ], [ 140.315184, 35.521754 ], [ 140.315184, 35.521799 ], [ 140.315128, 35.521799 ], [ 140.315128, 35.521844 ], [ 140.315073, 35.521844 ], [ 140.315073, 35.521889 ], [ 140.315017, 35.521889 ], [ 140.315017, 35.521844 ], [ 140.314906, 35.521844 ], [ 140.314906, 35.521799 ], [ 140.315128, 35.521799 ] ] ], [ [ [ 140.30985, 35.522884 ], [ 140.309295, 35.522884 ], [ 140.309295, 35.522929 ], [ 140.30985, 35.522929 ], [ 140.30985, 35.522884 ] ] ], [ [ [ 140.310462, 35.522749 ], [ 140.31035, 35.522749 ], [ 140.31035, 35.522613 ], [ 140.310295, 35.522613 ], [ 140.310295, 35.522568 ], [ 140.31035, 35.522568 ], [ 140.31035, 35.522522 ], [ 140.310295, 35.522522 ], [ 140.310295, 35.522477 ], [ 140.310239, 35.522477 ], [ 140.310239, 35.522522 ], [ 140.310184, 35.522522 ], [ 140.310184, 35.522568 ], [ 140.310239, 35.522568 ], [ 140.310239, 35.522794 ], [ 140.310184, 35.522794 ], [ 140.310184, 35.522839 ], [ 140.310017, 35.522839 ], [ 140.310017, 35.522884 ], [ 140.310073, 35.522884 ], [ 140.310073, 35.522929 ], [ 140.310128, 35.522929 ], [ 140.310128, 35.522884 ], [ 140.31035, 35.522884 ], [ 140.31035, 35.522839 ], [ 140.310406, 35.522839 ], [ 140.310406, 35.522794 ], [ 140.310462, 35.522794 ], [ 140.310462, 35.522749 ] ] ], [ [ [ 140.314017, 35.522884 ], [ 140.314017, 35.522929 ], [ 140.314073, 35.522929 ], [ 140.314073, 35.522884 ], [ 140.314017, 35.522884 ] ] ], [ [ [ 140.314184, 35.522839 ], [ 140.314128, 35.522839 ], [ 140.314128, 35.522884 ], [ 140.314128, 35.522929 ], [ 140.314184, 35.522929 ], [ 140.314184, 35.522839 ] ] ], [ [ [ 140.309239, 35.522929 ], [ 140.308739, 35.522929 ], [ 140.308739, 35.522975 ], [ 140.309184, 35.522975 ], [ 140.309239, 35.522975 ], [ 140.309239, 35.522929 ] ] ], [ [ [ 140.313239, 35.522929 ], [ 140.313184, 35.522929 ], [ 140.313184, 35.522975 ], [ 140.313239, 35.522975 ], [ 140.313239, 35.522929 ] ] ], [ [ [ 140.313517, 35.522975 ], [ 140.313517, 35.522929 ], [ 140.313462, 35.522929 ], [ 140.313462, 35.522884 ], [ 140.313406, 35.522884 ], [ 140.313406, 35.522929 ], [ 140.31335, 35.522929 ], [ 140.31335, 35.522975 ], [ 140.313517, 35.522975 ] ] ], [ [ [ 140.315239, 35.522975 ], [ 140.315295, 35.522975 ], [ 140.315295, 35.522929 ], [ 140.315239, 35.522929 ], [ 140.315239, 35.522975 ] ] ], [ [ [ 140.305573, 35.522975 ], [ 140.305462, 35.522975 ], [ 140.305462, 35.523065 ], [ 140.305573, 35.523065 ], [ 140.305573, 35.522975 ] ] ], [ [ [ 140.306684, 35.522975 ], [ 140.306684, 35.523065 ], [ 140.306739, 35.523065 ], [ 140.306739, 35.522975 ], [ 140.306684, 35.522975 ] ] ], [ [ [ 140.308573, 35.522975 ], [ 140.308517, 35.522975 ], [ 140.308517, 35.523065 ], [ 140.308684, 35.523065 ], [ 140.308684, 35.522975 ], [ 140.308573, 35.522975 ] ] ], [ [ [ 140.315239, 35.522975 ], [ 140.315184, 35.522975 ], [ 140.315184, 35.523065 ], [ 140.315239, 35.523065 ], [ 140.315239, 35.522975 ] ] ], [ [ [ 140.314017, 35.523065 ], [ 140.313962, 35.523065 ], [ 140.313962, 35.52311 ], [ 140.314017, 35.52311 ], [ 140.314017, 35.523065 ] ] ], [ [ [ 140.313517, 35.522975 ], [ 140.313517, 35.523065 ], [ 140.313573, 35.523065 ], [ 140.313573, 35.52311 ], [ 140.31385, 35.52311 ], [ 140.31385, 35.523155 ], [ 140.313906, 35.523155 ], [ 140.313906, 35.523065 ], [ 140.31385, 35.523065 ], [ 140.31385, 35.522975 ], [ 140.313739, 35.522975 ], [ 140.313739, 35.523065 ], [ 140.313628, 35.523065 ], [ 140.313628, 35.522975 ], [ 140.313684, 35.522975 ], [ 140.313684, 35.522929 ], [ 140.313573, 35.522929 ], [ 140.313573, 35.522975 ], [ 140.313517, 35.522975 ] ] ], [ [ [ 140.314128, 35.523155 ], [ 140.314184, 35.523155 ], [ 140.314184, 35.52311 ], [ 140.314128, 35.52311 ], [ 140.314128, 35.523155 ] ] ], [ [ [ 140.31335, 35.523201 ], [ 140.31335, 35.523155 ], [ 140.313295, 35.523155 ], [ 140.313295, 35.523201 ], [ 140.31335, 35.523201 ] ] ], [ [ [ 140.31385, 35.523155 ], [ 140.313795, 35.523155 ], [ 140.313795, 35.523201 ], [ 140.31385, 35.523201 ], [ 140.31385, 35.523155 ] ] ], [ [ [ 140.306295, 35.523201 ], [ 140.306239, 35.523201 ], [ 140.306239, 35.523291 ], [ 140.306295, 35.523291 ], [ 140.306295, 35.523201 ] ] ], [ [ [ 140.313017, 35.523201 ], [ 140.313017, 35.523291 ], [ 140.313073, 35.523291 ], [ 140.313073, 35.523201 ], [ 140.313017, 35.523201 ] ] ], [ [ [ 140.312573, 35.523427 ], [ 140.312628, 35.523427 ], [ 140.312628, 35.523336 ], [ 140.312573, 35.523336 ], [ 140.312573, 35.523427 ] ] ], [ [ [ 140.314517, 35.523427 ], [ 140.314517, 35.523336 ], [ 140.314517, 35.523291 ], [ 140.314406, 35.523291 ], [ 140.314406, 35.523201 ], [ 140.314295, 35.523201 ], [ 140.314295, 35.523336 ], [ 140.314462, 35.523336 ], [ 140.314462, 35.523427 ], [ 140.314517, 35.523427 ] ] ], [ [ [ 140.315017, 35.523427 ], [ 140.315073, 35.523427 ], [ 140.315073, 35.523336 ], [ 140.315017, 35.523336 ], [ 140.315017, 35.523427 ] ] ], [ [ [ 140.312573, 35.523427 ], [ 140.312517, 35.523427 ], [ 140.312517, 35.523472 ], [ 140.312573, 35.523472 ], [ 140.312573, 35.523427 ] ] ], [ [ [ 140.313184, 35.523427 ], [ 140.313128, 35.523427 ], [ 140.313128, 35.523472 ], [ 140.313184, 35.523472 ], [ 140.313184, 35.523427 ] ] ], [ [ [ 140.314184, 35.523472 ], [ 140.314239, 35.523472 ], [ 140.314239, 35.523427 ], [ 140.314184, 35.523427 ], [ 140.314184, 35.523472 ] ] ], [ [ [ 140.315017, 35.523427 ], [ 140.314962, 35.523427 ], [ 140.314962, 35.523472 ], [ 140.315017, 35.523472 ], [ 140.315017, 35.523427 ] ] ], [ [ [ 140.307462, 35.52103 ], [ 140.307628, 35.52103 ], [ 140.307628, 35.521076 ], [ 140.307462, 35.521076 ], [ 140.307462, 35.52103 ], [ 140.307239, 35.52103 ], [ 140.307239, 35.521076 ], [ 140.307239, 35.521256 ], [ 140.307295, 35.521256 ], [ 140.307295, 35.521302 ], [ 140.307295, 35.521392 ], [ 140.307295, 35.521437 ], [ 140.307295, 35.521482 ], [ 140.30735, 35.521482 ], [ 140.30735, 35.521573 ], [ 140.307406, 35.521573 ], [ 140.307406, 35.521482 ], [ 140.307517, 35.521482 ], [ 140.307517, 35.521573 ], [ 140.307462, 35.521573 ], [ 140.307462, 35.521709 ], [ 140.307517, 35.521709 ], [ 140.307517, 35.521889 ], [ 140.307573, 35.521889 ], [ 140.307573, 35.52198 ], [ 140.307517, 35.52198 ], [ 140.307517, 35.521935 ], [ 140.307462, 35.521935 ], [ 140.307462, 35.521889 ], [ 140.307406, 35.521889 ], [ 140.307406, 35.52198 ], [ 140.307462, 35.52198 ], [ 140.307462, 35.52207 ], [ 140.307406, 35.52207 ], [ 140.307406, 35.52198 ], [ 140.30735, 35.52198 ], [ 140.30735, 35.521889 ], [ 140.307295, 35.521889 ], [ 140.307295, 35.521844 ], [ 140.30735, 35.521844 ], [ 140.30735, 35.521709 ], [ 140.307295, 35.521709 ], [ 140.307295, 35.521482 ], [ 140.307073, 35.521482 ], [ 140.307073, 35.521573 ], [ 140.307017, 35.521573 ], [ 140.307017, 35.521482 ], [ 140.306795, 35.521482 ], [ 140.306795, 35.521573 ], [ 140.306684, 35.521573 ], [ 140.306462, 35.521573 ], [ 140.306462, 35.521211 ], [ 140.306406, 35.521211 ], [ 140.306406, 35.521121 ], [ 140.306406, 35.521076 ], [ 140.30635, 35.521076 ], [ 140.30635, 35.521121 ], [ 140.306239, 35.521121 ], [ 140.306184, 35.521121 ], [ 140.306184, 35.521166 ], [ 140.306239, 35.521166 ], [ 140.306239, 35.521302 ], [ 140.306239, 35.521482 ], [ 140.306295, 35.521482 ], [ 140.306295, 35.521573 ], [ 140.306239, 35.521573 ], [ 140.306239, 35.521618 ], [ 140.306295, 35.521618 ], [ 140.306462, 35.521618 ], [ 140.306462, 35.521754 ], [ 140.306517, 35.521754 ], [ 140.306517, 35.521935 ], [ 140.306517, 35.52198 ], [ 140.306517, 35.52207 ], [ 140.306684, 35.52207 ], [ 140.306684, 35.522115 ], [ 140.306462, 35.522115 ], [ 140.306462, 35.522161 ], [ 140.306517, 35.522161 ], [ 140.306517, 35.522251 ], [ 140.306573, 35.522251 ], [ 140.306573, 35.522568 ], [ 140.306573, 35.522613 ], [ 140.306573, 35.522658 ], [ 140.306295, 35.522658 ], [ 140.306239, 35.522658 ], [ 140.306239, 35.522749 ], [ 140.306184, 35.522749 ], [ 140.306184, 35.522794 ], [ 140.306239, 35.522794 ], [ 140.306239, 35.522884 ], [ 140.306239, 35.522929 ], [ 140.306239, 35.523065 ], [ 140.306239, 35.523155 ], [ 140.306295, 35.523155 ], [ 140.306295, 35.523201 ], [ 140.306406, 35.523201 ], [ 140.306406, 35.523155 ], [ 140.306462, 35.523155 ], [ 140.306462, 35.523427 ], [ 140.306517, 35.523427 ], [ 140.306517, 35.523517 ], [ 140.30685, 35.523517 ], [ 140.30685, 35.523472 ], [ 140.307017, 35.523472 ], [ 140.307017, 35.523427 ], [ 140.307295, 35.523427 ], [ 140.307295, 35.523291 ], [ 140.30735, 35.523291 ], [ 140.30735, 35.523155 ], [ 140.307017, 35.523155 ], [ 140.307017, 35.52311 ], [ 140.307239, 35.52311 ], [ 140.307239, 35.523065 ], [ 140.307295, 35.523065 ], [ 140.307295, 35.522929 ], [ 140.307239, 35.522929 ], [ 140.307239, 35.522884 ], [ 140.307239, 35.522794 ], [ 140.307517, 35.522794 ], [ 140.307517, 35.522749 ], [ 140.307573, 35.522749 ], [ 140.307573, 35.522658 ], [ 140.307628, 35.522658 ], [ 140.307628, 35.522613 ], [ 140.307684, 35.522613 ], [ 140.307684, 35.522568 ], [ 140.307739, 35.522568 ], [ 140.307739, 35.522522 ], [ 140.307684, 35.522522 ], [ 140.307684, 35.522477 ], [ 140.307739, 35.522477 ], [ 140.307739, 35.522296 ], [ 140.307795, 35.522296 ], [ 140.307795, 35.522477 ], [ 140.30785, 35.522477 ], [ 140.30785, 35.522115 ], [ 140.307795, 35.522115 ], [ 140.307795, 35.52207 ], [ 140.307906, 35.52207 ], [ 140.307906, 35.522115 ], [ 140.307962, 35.522115 ], [ 140.307962, 35.52207 ], [ 140.308073, 35.52207 ], [ 140.308073, 35.52198 ], [ 140.308184, 35.52198 ], [ 140.308184, 35.521935 ], [ 140.307795, 35.521935 ], [ 140.307795, 35.521889 ], [ 140.307739, 35.521889 ], [ 140.307739, 35.521754 ], [ 140.307795, 35.521754 ], [ 140.307795, 35.521709 ], [ 140.307739, 35.521709 ], [ 140.307739, 35.521482 ], [ 140.307962, 35.521482 ], [ 140.307962, 35.521437 ], [ 140.307739, 35.521437 ], [ 140.307739, 35.521076 ], [ 140.307684, 35.521076 ], [ 140.307684, 35.52094 ], [ 140.308073, 35.52094 ], [ 140.308073, 35.52103 ], [ 140.308128, 35.52103 ], [ 140.308128, 35.52094 ], [ 140.308295, 35.52094 ], [ 140.308295, 35.52103 ], [ 140.30835, 35.52103 ], [ 140.30835, 35.52094 ], [ 140.308573, 35.52094 ], [ 140.308573, 35.520895 ], [ 140.308628, 35.520895 ], [ 140.308628, 35.520849 ], [ 140.308517, 35.520849 ], [ 140.308462, 35.520849 ], [ 140.308462, 35.520804 ], [ 140.30835, 35.520804 ], [ 140.30835, 35.520759 ], [ 140.308239, 35.520759 ], [ 140.308239, 35.520669 ], [ 140.308128, 35.520669 ], [ 140.308128, 35.520578 ], [ 140.308073, 35.520578 ], [ 140.307962, 35.520578 ], [ 140.307962, 35.520533 ], [ 140.30785, 35.520533 ], [ 140.30785, 35.520488 ], [ 140.307795, 35.520488 ], [ 140.307739, 35.520488 ], [ 140.307739, 35.520442 ], [ 140.307684, 35.520442 ], [ 140.307628, 35.520442 ], [ 140.307628, 35.520488 ], [ 140.307628, 35.520759 ], [ 140.307406, 35.520759 ], [ 140.307406, 35.520895 ], [ 140.307462, 35.520895 ], [ 140.307462, 35.52103 ] ], [ [ 140.307628, 35.520895 ], [ 140.307628, 35.520804 ], [ 140.307684, 35.520804 ], [ 140.307684, 35.520895 ], [ 140.307628, 35.520895 ] ], [ [ 140.307406, 35.521121 ], [ 140.307406, 35.521166 ], [ 140.307295, 35.521166 ], [ 140.307295, 35.521121 ], [ 140.307406, 35.521121 ] ], [ [ 140.307628, 35.521482 ], [ 140.307628, 35.521573 ], [ 140.307573, 35.521573 ], [ 140.307573, 35.521482 ], [ 140.307628, 35.521482 ], [ 140.307628, 35.521437 ], [ 140.307684, 35.521437 ], [ 140.307684, 35.521482 ], [ 140.307628, 35.521482 ] ], [ [ 140.307684, 35.521799 ], [ 140.307684, 35.521844 ], [ 140.307628, 35.521844 ], [ 140.307628, 35.521799 ], [ 140.307684, 35.521799 ] ], [ [ 140.307684, 35.521889 ], [ 140.307684, 35.521935 ], [ 140.307628, 35.521935 ], [ 140.307628, 35.521889 ], [ 140.307684, 35.521889 ] ], [ [ 140.30735, 35.52207 ], [ 140.30735, 35.522115 ], [ 140.307295, 35.522115 ], [ 140.307295, 35.52207 ], [ 140.30735, 35.52207 ] ], [ [ 140.307239, 35.52207 ], [ 140.307239, 35.522115 ], [ 140.307184, 35.522115 ], [ 140.307184, 35.52207 ], [ 140.307239, 35.52207 ] ], [ [ 140.307128, 35.522387 ], [ 140.307128, 35.522477 ], [ 140.307073, 35.522477 ], [ 140.307073, 35.522387 ], [ 140.307128, 35.522387 ] ], [ [ 140.306795, 35.522477 ], [ 140.306795, 35.522522 ], [ 140.306739, 35.522522 ], [ 140.306739, 35.522477 ], [ 140.306795, 35.522477 ] ], [ [ 140.307073, 35.522568 ], [ 140.307073, 35.522613 ], [ 140.307017, 35.522613 ], [ 140.307017, 35.522568 ], [ 140.307073, 35.522568 ] ], [ [ 140.306684, 35.522975 ], [ 140.306684, 35.522929 ], [ 140.306795, 35.522929 ], [ 140.306795, 35.522975 ], [ 140.30685, 35.522975 ], [ 140.30685, 35.523155 ], [ 140.306684, 35.523155 ], [ 140.306684, 35.52311 ], [ 140.306628, 35.52311 ], [ 140.306628, 35.522975 ], [ 140.306684, 35.522975 ] ], [ [ 140.307073, 35.52198 ], [ 140.307073, 35.521935 ], [ 140.307128, 35.521935 ], [ 140.307128, 35.52198 ], [ 140.307073, 35.52198 ] ], [ [ 140.307239, 35.521799 ], [ 140.307239, 35.521754 ], [ 140.307295, 35.521754 ], [ 140.307295, 35.521799 ], [ 140.307239, 35.521799 ] ], [ [ 140.307017, 35.521754 ], [ 140.307017, 35.521709 ], [ 140.307073, 35.521709 ], [ 140.307073, 35.521754 ], [ 140.307017, 35.521754 ] ] ], [ [ [ 140.314517, 35.523427 ], [ 140.314517, 35.523472 ], [ 140.314628, 35.523472 ], [ 140.314628, 35.523517 ], [ 140.314684, 35.523517 ], [ 140.314684, 35.523472 ], [ 140.314684, 35.523427 ], [ 140.314628, 35.523427 ], [ 140.314573, 35.523427 ], [ 140.314517, 35.523427 ] ] ], [ [ [ 140.314962, 35.523472 ], [ 140.314906, 35.523472 ], [ 140.314906, 35.523517 ], [ 140.314962, 35.523517 ], [ 140.314962, 35.523472 ] ] ], [ [ [ 140.314795, 35.523562 ], [ 140.31485, 35.523562 ], [ 140.31485, 35.523517 ], [ 140.314795, 35.523517 ], [ 140.314795, 35.523562 ] ] ], [ [ [ 140.311628, 35.523608 ], [ 140.311795, 35.523608 ], [ 140.311795, 35.523562 ], [ 140.311628, 35.523562 ], [ 140.311628, 35.523608 ] ] ], [ [ [ 140.314795, 35.523562 ], [ 140.314739, 35.523562 ], [ 140.314739, 35.523608 ], [ 140.314795, 35.523608 ], [ 140.314795, 35.523562 ] ] ], [ [ [ 140.312406, 35.523608 ], [ 140.31235, 35.523608 ], [ 140.31235, 35.523653 ], [ 140.312406, 35.523653 ], [ 140.312406, 35.523608 ] ] ], [ [ [ 140.314684, 35.523743 ], [ 140.314739, 35.523743 ], [ 140.314795, 35.523743 ], [ 140.314795, 35.523653 ], [ 140.314739, 35.523653 ], [ 140.314684, 35.523653 ], [ 140.314684, 35.523743 ] ] ], [ [ [ 140.314684, 35.523743 ], [ 140.314628, 35.523743 ], [ 140.314628, 35.523788 ], [ 140.314684, 35.523788 ], [ 140.314684, 35.523743 ] ] ], [ [ [ 140.301962, 35.523788 ], [ 140.301906, 35.523788 ], [ 140.301906, 35.523834 ], [ 140.301962, 35.523834 ], [ 140.301962, 35.523788 ] ] ], [ [ [ 140.314628, 35.523788 ], [ 140.314573, 35.523788 ], [ 140.314573, 35.523834 ], [ 140.314628, 35.523834 ], [ 140.314628, 35.523788 ] ] ], [ [ [ 140.31085, 35.523834 ], [ 140.310573, 35.523834 ], [ 140.310573, 35.523879 ], [ 140.31085, 35.523879 ], [ 140.31085, 35.523834 ] ] ], [ [ [ 140.314628, 35.523834 ], [ 140.314628, 35.523879 ], [ 140.314684, 35.523879 ], [ 140.314684, 35.523834 ], [ 140.314628, 35.523834 ] ] ], [ [ [ 140.310517, 35.523879 ], [ 140.310462, 35.523879 ], [ 140.310462, 35.523924 ], [ 140.310517, 35.523924 ], [ 140.310517, 35.523879 ] ] ], [ [ [ 140.310962, 35.523924 ], [ 140.310906, 35.523924 ], [ 140.310906, 35.523969 ], [ 140.310962, 35.523969 ], [ 140.310962, 35.523924 ] ] ], [ [ [ 140.314628, 35.523879 ], [ 140.314573, 35.523879 ], [ 140.314517, 35.523879 ], [ 140.314517, 35.523924 ], [ 140.314573, 35.523924 ], [ 140.314573, 35.523969 ], [ 140.314628, 35.523969 ], [ 140.314628, 35.523879 ] ] ], [ [ [ 140.310239, 35.523969 ], [ 140.310184, 35.523969 ], [ 140.310184, 35.524015 ], [ 140.310239, 35.524015 ], [ 140.310239, 35.523969 ] ] ], [ [ [ 140.314517, 35.523924 ], [ 140.314462, 35.523924 ], [ 140.314462, 35.524015 ], [ 140.314517, 35.524015 ], [ 140.314517, 35.523969 ], [ 140.314517, 35.523924 ] ] ], [ [ [ 140.311073, 35.524015 ], [ 140.310962, 35.524015 ], [ 140.310962, 35.52415 ], [ 140.311073, 35.52415 ], [ 140.311073, 35.524015 ] ] ], [ [ [ 140.309406, 35.524195 ], [ 140.309573, 35.524195 ], [ 140.309573, 35.52415 ], [ 140.309406, 35.52415 ], [ 140.309406, 35.524195 ] ] ], [ [ [ 140.314406, 35.524195 ], [ 140.314406, 35.52415 ], [ 140.31435, 35.52415 ], [ 140.31435, 35.524195 ], [ 140.314406, 35.524195 ] ] ], [ [ [ 140.314962, 35.52415 ], [ 140.314906, 35.52415 ], [ 140.314906, 35.524195 ], [ 140.314962, 35.524195 ], [ 140.314962, 35.52415 ] ] ], [ [ [ 140.309406, 35.524195 ], [ 140.30935, 35.524195 ], [ 140.30935, 35.524241 ], [ 140.309406, 35.524241 ], [ 140.309406, 35.524195 ] ] ], [ [ [ 140.310073, 35.524195 ], [ 140.310017, 35.524195 ], [ 140.310017, 35.524241 ], [ 140.310073, 35.524241 ], [ 140.310073, 35.524195 ] ] ], [ [ [ 140.314406, 35.524195 ], [ 140.314406, 35.524241 ], [ 140.314462, 35.524241 ], [ 140.314462, 35.524195 ], [ 140.314406, 35.524195 ] ] ], [ [ [ 140.30935, 35.524241 ], [ 140.309239, 35.524241 ], [ 140.309239, 35.524286 ], [ 140.30935, 35.524286 ], [ 140.30935, 35.524241 ] ] ], [ [ [ 140.309739, 35.524241 ], [ 140.309684, 35.524241 ], [ 140.309684, 35.524286 ], [ 140.309739, 35.524286 ], [ 140.309739, 35.524241 ] ] ], [ [ [ 140.309906, 35.524241 ], [ 140.309795, 35.524241 ], [ 140.309795, 35.524286 ], [ 140.309906, 35.524286 ], [ 140.309906, 35.524241 ] ] ], [ [ [ 140.311128, 35.524286 ], [ 140.311128, 35.524195 ], [ 140.311073, 35.524195 ], [ 140.311073, 35.524286 ], [ 140.311128, 35.524286 ] ] ], [ [ [ 140.309017, 35.524331 ], [ 140.309128, 35.524331 ], [ 140.309128, 35.524286 ], [ 140.309017, 35.524286 ], [ 140.309017, 35.524331 ] ] ], [ [ [ 140.310795, 35.524286 ], [ 140.310906, 35.524286 ], [ 140.310906, 35.524331 ], [ 140.311017, 35.524331 ], [ 140.311017, 35.524241 ], [ 140.310962, 35.524241 ], [ 140.310962, 35.524195 ], [ 140.310906, 35.524195 ], [ 140.310906, 35.524241 ], [ 140.310795, 35.524241 ], [ 140.310795, 35.524286 ] ] ], [ [ [ 140.312906, 35.524331 ], [ 140.312962, 35.524331 ], [ 140.312962, 35.524286 ], [ 140.312906, 35.524286 ], [ 140.312906, 35.524331 ] ] ], [ [ [ 140.314184, 35.523472 ], [ 140.314017, 35.523472 ], [ 140.314017, 35.523427 ], [ 140.314128, 35.523427 ], [ 140.314128, 35.523336 ], [ 140.314073, 35.523336 ], [ 140.314073, 35.523201 ], [ 140.314128, 35.523201 ], [ 140.314128, 35.523155 ], [ 140.314017, 35.523155 ], [ 140.314017, 35.523201 ], [ 140.313906, 35.523201 ], [ 140.313906, 35.523427 ], [ 140.31385, 35.523427 ], [ 140.31385, 35.523517 ], [ 140.313962, 35.523517 ], [ 140.313962, 35.523608 ], [ 140.31385, 35.523608 ], [ 140.31385, 35.523562 ], [ 140.313684, 35.523562 ], [ 140.313684, 35.523472 ], [ 140.313739, 35.523472 ], [ 140.313739, 35.523427 ], [ 140.313684, 35.523427 ], [ 140.313684, 35.523336 ], [ 140.313739, 35.523336 ], [ 140.313795, 35.523336 ], [ 140.313795, 35.523201 ], [ 140.313628, 35.523201 ], [ 140.313628, 35.523155 ], [ 140.313517, 35.523155 ], [ 140.313517, 35.523201 ], [ 140.313462, 35.523201 ], [ 140.313462, 35.523291 ], [ 140.313406, 35.523291 ], [ 140.313406, 35.523201 ], [ 140.31335, 35.523201 ], [ 140.31335, 35.523291 ], [ 140.313295, 35.523291 ], [ 140.313295, 35.523336 ], [ 140.313239, 35.523336 ], [ 140.313239, 35.523291 ], [ 140.313073, 35.523291 ], [ 140.313073, 35.523427 ], [ 140.313128, 35.523427 ], [ 140.313128, 35.523336 ], [ 140.313184, 35.523336 ], [ 140.313184, 35.523427 ], [ 140.313239, 35.523427 ], [ 140.313239, 35.523472 ], [ 140.313184, 35.523472 ], [ 140.313184, 35.523517 ], [ 140.313239, 35.523517 ], [ 140.313239, 35.523562 ], [ 140.313295, 35.523562 ], [ 140.313295, 35.523608 ], [ 140.31335, 35.523608 ], [ 140.31335, 35.523653 ], [ 140.313406, 35.523653 ], [ 140.313406, 35.523743 ], [ 140.313462, 35.523743 ], [ 140.313462, 35.523834 ], [ 140.313684, 35.523834 ], [ 140.313684, 35.523879 ], [ 140.313573, 35.523879 ], [ 140.313573, 35.523924 ], [ 140.313628, 35.523924 ], [ 140.313628, 35.524015 ], [ 140.313684, 35.524015 ], [ 140.313684, 35.524195 ], [ 140.313628, 35.524195 ], [ 140.313628, 35.524241 ], [ 140.313739, 35.524241 ], [ 140.313739, 35.524286 ], [ 140.313906, 35.524286 ], [ 140.313906, 35.524331 ], [ 140.313962, 35.524331 ], [ 140.313962, 35.524241 ], [ 140.314017, 35.524241 ], [ 140.314017, 35.524195 ], [ 140.313962, 35.524195 ], [ 140.313962, 35.524015 ], [ 140.313906, 35.524015 ], [ 140.313906, 35.523969 ], [ 140.313962, 35.523969 ], [ 140.313962, 35.523924 ], [ 140.314017, 35.523924 ], [ 140.314017, 35.523879 ], [ 140.314073, 35.523879 ], [ 140.314073, 35.523834 ], [ 140.313906, 35.523834 ], [ 140.313906, 35.523788 ], [ 140.31385, 35.523788 ], [ 140.31385, 35.523743 ], [ 140.313906, 35.523743 ], [ 140.313906, 35.523653 ], [ 140.313962, 35.523653 ], [ 140.313962, 35.523743 ], [ 140.314017, 35.523743 ], [ 140.314017, 35.523653 ], [ 140.314073, 35.523653 ], [ 140.314073, 35.523562 ], [ 140.314128, 35.523562 ], [ 140.314128, 35.523517 ], [ 140.314184, 35.523517 ], [ 140.314184, 35.523472 ] ], [ [ 140.313684, 35.523608 ], [ 140.313684, 35.523788 ], [ 140.313628, 35.523788 ], [ 140.313628, 35.523608 ], [ 140.313684, 35.523608 ] ] ], [ [ [ 140.31235, 35.524376 ], [ 140.312462, 35.524376 ], [ 140.312462, 35.524331 ], [ 140.31235, 35.524331 ], [ 140.31235, 35.524376 ] ] ], [ [ [ 140.314406, 35.524241 ], [ 140.31435, 35.524241 ], [ 140.314295, 35.524241 ], [ 140.314295, 35.524286 ], [ 140.31435, 35.524286 ], [ 140.31435, 35.524376 ], [ 140.314406, 35.524376 ], [ 140.314406, 35.524241 ] ] ], [ [ [ 140.310795, 35.524286 ], [ 140.310517, 35.524286 ], [ 140.310517, 35.524331 ], [ 140.31035, 35.524331 ], [ 140.31035, 35.524376 ], [ 140.310406, 35.524376 ], [ 140.310406, 35.524467 ], [ 140.310517, 35.524467 ], [ 140.310517, 35.524376 ], [ 140.310628, 35.524376 ], [ 140.310628, 35.524331 ], [ 140.310795, 35.524331 ], [ 140.310795, 35.524286 ] ] ], [ [ [ 140.311128, 35.524286 ], [ 140.311128, 35.524467 ], [ 140.311184, 35.524467 ], [ 140.311184, 35.524376 ], [ 140.311184, 35.524286 ], [ 140.311128, 35.524286 ] ] ], [ [ [ 140.313628, 35.524195 ], [ 140.313628, 35.52415 ], [ 140.313573, 35.52415 ], [ 140.313573, 35.524015 ], [ 140.313517, 35.524015 ], [ 140.313517, 35.523969 ], [ 140.313462, 35.523969 ], [ 140.313462, 35.523879 ], [ 140.313406, 35.523879 ], [ 140.313406, 35.523834 ], [ 140.31335, 35.523834 ], [ 140.31335, 35.523788 ], [ 140.313295, 35.523788 ], [ 140.313295, 35.523653 ], [ 140.313239, 35.523653 ], [ 140.313239, 35.523608 ], [ 140.313184, 35.523608 ], [ 140.313184, 35.523562 ], [ 140.313128, 35.523562 ], [ 140.313128, 35.523517 ], [ 140.313073, 35.523517 ], [ 140.313073, 35.523472 ], [ 140.313073, 35.523427 ], [ 140.313017, 35.523427 ], [ 140.313017, 35.523336 ], [ 140.312962, 35.523336 ], [ 140.312962, 35.523472 ], [ 140.313017, 35.523472 ], [ 140.313017, 35.523517 ], [ 140.312962, 35.523517 ], [ 140.312962, 35.523472 ], [ 140.312906, 35.523472 ], [ 140.312906, 35.523427 ], [ 140.31285, 35.523427 ], [ 140.31285, 35.523291 ], [ 140.312795, 35.523291 ], [ 140.312795, 35.523201 ], [ 140.31285, 35.523201 ], [ 140.31285, 35.523291 ], [ 140.312906, 35.523291 ], [ 140.312906, 35.523336 ], [ 140.312962, 35.523336 ], [ 140.312962, 35.523201 ], [ 140.313017, 35.523201 ], [ 140.313017, 35.523155 ], [ 140.312962, 35.523155 ], [ 140.312962, 35.52311 ], [ 140.313073, 35.52311 ], [ 140.313073, 35.523065 ], [ 140.313128, 35.523065 ], [ 140.313128, 35.522929 ], [ 140.313128, 35.522884 ], [ 140.312628, 35.522884 ], [ 140.312628, 35.522975 ], [ 140.312684, 35.522975 ], [ 140.312684, 35.523065 ], [ 140.312739, 35.523065 ], [ 140.312739, 35.523155 ], [ 140.312684, 35.523155 ], [ 140.312684, 35.52311 ], [ 140.312628, 35.52311 ], [ 140.312628, 35.522975 ], [ 140.312573, 35.522975 ], [ 140.312573, 35.522929 ], [ 140.312517, 35.522929 ], [ 140.312517, 35.522839 ], [ 140.312462, 35.522839 ], [ 140.312462, 35.522749 ], [ 140.312406, 35.522749 ], [ 140.312406, 35.522794 ], [ 140.31235, 35.522794 ], [ 140.31235, 35.522884 ], [ 140.312406, 35.522884 ], [ 140.312406, 35.522929 ], [ 140.312462, 35.522929 ], [ 140.312462, 35.522975 ], [ 140.312406, 35.522975 ], [ 140.312406, 35.523065 ], [ 140.312462, 35.523065 ], [ 140.312462, 35.523155 ], [ 140.312573, 35.523155 ], [ 140.312573, 35.523201 ], [ 140.312628, 35.523201 ], [ 140.312628, 35.523291 ], [ 140.312684, 35.523291 ], [ 140.312684, 35.523472 ], [ 140.312628, 35.523472 ], [ 140.312628, 35.523562 ], [ 140.312795, 35.523562 ], [ 140.312795, 35.523608 ], [ 140.312906, 35.523608 ], [ 140.312906, 35.523743 ], [ 140.312795, 35.523743 ], [ 140.312795, 35.523653 ], [ 140.312573, 35.523653 ], [ 140.312573, 35.523743 ], [ 140.312739, 35.523743 ], [ 140.312739, 35.523788 ], [ 140.312795, 35.523788 ], [ 140.312795, 35.523924 ], [ 140.312739, 35.523924 ], [ 140.312739, 35.523969 ], [ 140.312684, 35.523969 ], [ 140.312684, 35.524015 ], [ 140.312628, 35.524015 ], [ 140.312628, 35.52415 ], [ 140.312573, 35.52415 ], [ 140.312573, 35.524195 ], [ 140.312517, 35.524195 ], [ 140.312462, 35.524195 ], [ 140.312462, 35.52415 ], [ 140.312462, 35.524015 ], [ 140.312406, 35.524015 ], [ 140.312406, 35.523969 ], [ 140.312295, 35.523969 ], [ 140.312295, 35.523924 ], [ 140.312239, 35.523924 ], [ 140.312239, 35.523879 ], [ 140.312184, 35.523879 ], [ 140.312184, 35.523834 ], [ 140.312128, 35.523834 ], [ 140.312128, 35.523788 ], [ 140.312017, 35.523788 ], [ 140.312017, 35.523834 ], [ 140.311795, 35.523834 ], [ 140.311795, 35.523879 ], [ 140.311628, 35.523879 ], [ 140.311628, 35.523834 ], [ 140.311573, 35.523834 ], [ 140.311573, 35.523743 ], [ 140.311628, 35.523743 ], [ 140.311628, 35.523608 ], [ 140.311462, 35.523608 ], [ 140.311462, 35.523653 ], [ 140.311295, 35.523653 ], [ 140.311295, 35.523788 ], [ 140.311184, 35.523788 ], [ 140.311184, 35.523834 ], [ 140.311128, 35.523834 ], [ 140.311128, 35.523969 ], [ 140.311073, 35.523969 ], [ 140.311073, 35.524015 ], [ 140.311128, 35.524015 ], [ 140.311128, 35.52415 ], [ 140.31135, 35.52415 ], [ 140.31135, 35.523924 ], [ 140.311295, 35.523924 ], [ 140.311295, 35.523969 ], [ 140.311184, 35.523969 ], [ 140.311184, 35.523879 ], [ 140.311295, 35.523879 ], [ 140.311295, 35.523834 ], [ 140.311462, 35.523834 ], [ 140.311462, 35.523879 ], [ 140.31135, 35.523879 ], [ 140.31135, 35.523924 ], [ 140.311739, 35.523924 ], [ 140.311739, 35.523969 ], [ 140.311795, 35.523969 ], [ 140.311795, 35.523924 ], [ 140.311906, 35.523924 ], [ 140.311906, 35.523969 ], [ 140.312017, 35.523969 ], [ 140.312017, 35.524015 ], [ 140.312184, 35.524015 ], [ 140.312184, 35.52415 ], [ 140.312239, 35.52415 ], [ 140.312239, 35.524195 ], [ 140.312406, 35.524195 ], [ 140.312406, 35.524241 ], [ 140.312462, 35.524241 ], [ 140.312462, 35.524286 ], [ 140.312517, 35.524286 ], [ 140.312573, 35.524286 ], [ 140.312573, 35.524241 ], [ 140.312628, 35.524241 ], [ 140.312628, 35.524286 ], [ 140.312684, 35.524286 ], [ 140.312684, 35.524331 ], [ 140.312739, 35.524331 ], [ 140.312739, 35.524286 ], [ 140.312795, 35.524286 ], [ 140.312795, 35.524241 ], [ 140.31285, 35.524241 ], [ 140.31285, 35.524195 ], [ 140.312906, 35.524195 ], [ 140.312906, 35.52415 ], [ 140.312962, 35.52415 ], [ 140.312962, 35.524015 ], [ 140.313128, 35.524015 ], [ 140.313128, 35.524195 ], [ 140.313073, 35.524195 ], [ 140.313073, 35.524286 ], [ 140.313128, 35.524286 ], [ 140.313128, 35.524331 ], [ 140.313017, 35.524331 ], [ 140.313017, 35.524376 ], [ 140.312906, 35.524376 ], [ 140.312906, 35.524331 ], [ 140.31285, 35.524331 ], [ 140.31285, 35.524376 ], [ 140.312795, 35.524376 ], [ 140.312795, 35.524512 ], [ 140.313017, 35.524512 ], [ 140.313017, 35.524467 ], [ 140.313073, 35.524467 ], [ 140.313073, 35.524376 ], [ 140.313128, 35.524376 ], [ 140.313128, 35.524467 ], [ 140.313184, 35.524467 ], [ 140.313184, 35.524512 ], [ 140.313406, 35.524512 ], [ 140.313406, 35.524467 ], [ 140.313462, 35.524467 ], [ 140.313462, 35.524512 ], [ 140.313573, 35.524512 ], [ 140.313573, 35.524376 ], [ 140.313517, 35.524376 ], [ 140.313517, 35.524241 ], [ 140.313573, 35.524241 ], [ 140.313573, 35.524195 ], [ 140.313628, 35.524195 ] ], [ [ 140.313462, 35.524195 ], [ 140.313462, 35.524241 ], [ 140.31335, 35.524241 ], [ 140.31335, 35.524286 ], [ 140.313295, 35.524286 ], [ 140.313295, 35.524195 ], [ 140.313462, 35.524195 ] ], [ [ 140.312962, 35.523969 ], [ 140.312962, 35.523924 ], [ 140.313073, 35.523924 ], [ 140.313073, 35.523969 ], [ 140.312962, 35.523969 ] ], [ [ 140.313017, 35.523879 ], [ 140.313017, 35.523834 ], [ 140.313184, 35.523834 ], [ 140.313184, 35.523879 ], [ 140.313017, 35.523879 ] ] ], [ [ [ 140.314295, 35.524512 ], [ 140.314295, 35.524376 ], [ 140.314295, 35.524331 ], [ 140.314239, 35.524331 ], [ 140.314239, 35.524467 ], [ 140.314184, 35.524467 ], [ 140.314184, 35.524512 ], [ 140.314239, 35.524512 ], [ 140.314295, 35.524512 ] ] ], [ [ [ 140.314406, 35.524376 ], [ 140.314406, 35.524512 ], [ 140.314462, 35.524512 ], [ 140.314462, 35.524467 ], [ 140.314462, 35.524376 ], [ 140.314406, 35.524376 ] ] ], [ [ [ 140.31035, 35.524467 ], [ 140.310239, 35.524467 ], [ 140.310239, 35.524512 ], [ 140.310295, 35.524512 ], [ 140.310295, 35.524557 ], [ 140.31035, 35.524557 ], [ 140.31035, 35.524467 ] ] ], [ [ [ 140.311128, 35.524467 ], [ 140.311073, 35.524467 ], [ 140.311073, 35.524376 ], [ 140.311017, 35.524376 ], [ 140.311017, 35.524512 ], [ 140.311073, 35.524512 ], [ 140.311073, 35.524557 ], [ 140.311128, 35.524557 ], [ 140.311128, 35.524467 ] ] ], [ [ [ 140.311184, 35.524557 ], [ 140.311239, 35.524557 ], [ 140.311239, 35.524512 ], [ 140.311184, 35.524512 ], [ 140.311184, 35.524557 ] ] ], [ [ [ 140.31235, 35.524467 ], [ 140.31235, 35.524376 ], [ 140.312128, 35.524376 ], [ 140.312128, 35.524557 ], [ 140.312184, 35.524557 ], [ 140.312184, 35.524512 ], [ 140.312239, 35.524512 ], [ 140.312239, 35.524467 ], [ 140.31235, 35.524467 ] ] ], [ [ [ 140.313462, 35.524512 ], [ 140.313406, 35.524512 ], [ 140.313406, 35.524557 ], [ 140.313462, 35.524557 ], [ 140.313462, 35.524512 ] ] ], [ [ [ 140.310406, 35.524602 ], [ 140.310517, 35.524602 ], [ 140.310517, 35.524557 ], [ 140.310406, 35.524557 ], [ 140.310406, 35.524602 ] ] ], [ [ [ 140.309239, 35.524602 ], [ 140.309184, 35.524602 ], [ 140.309184, 35.524648 ], [ 140.309239, 35.524648 ], [ 140.309239, 35.524602 ] ] ], [ [ [ 140.310406, 35.524602 ], [ 140.31035, 35.524602 ], [ 140.31035, 35.524648 ], [ 140.310406, 35.524648 ], [ 140.310406, 35.524602 ] ] ], [ [ [ 140.311184, 35.524557 ], [ 140.311128, 35.524557 ], [ 140.311128, 35.524648 ], [ 140.311184, 35.524648 ], [ 140.311184, 35.524557 ] ] ], [ [ [ 140.314239, 35.524557 ], [ 140.314184, 35.524557 ], [ 140.314184, 35.524602 ], [ 140.314184, 35.524648 ], [ 140.314239, 35.524648 ], [ 140.314239, 35.524602 ], [ 140.314239, 35.524557 ] ] ], [ [ [ 140.314406, 35.524602 ], [ 140.314406, 35.524557 ], [ 140.31435, 35.524557 ], [ 140.31435, 35.524602 ], [ 140.314295, 35.524602 ], [ 140.314295, 35.524648 ], [ 140.31435, 35.524648 ], [ 140.314406, 35.524648 ], [ 140.314406, 35.524602 ] ] ], [ [ [ 140.31235, 35.524467 ], [ 140.31235, 35.524557 ], [ 140.312295, 35.524557 ], [ 140.312295, 35.524648 ], [ 140.312239, 35.524648 ], [ 140.312239, 35.524693 ], [ 140.31235, 35.524693 ], [ 140.31235, 35.524602 ], [ 140.312406, 35.524602 ], [ 140.312406, 35.524648 ], [ 140.312462, 35.524648 ], [ 140.312462, 35.524602 ], [ 140.312517, 35.524602 ], [ 140.312517, 35.524648 ], [ 140.312628, 35.524648 ], [ 140.312628, 35.524512 ], [ 140.312684, 35.524512 ], [ 140.312684, 35.524467 ], [ 140.312739, 35.524467 ], [ 140.312739, 35.524376 ], [ 140.312628, 35.524376 ], [ 140.312573, 35.524376 ], [ 140.312573, 35.524467 ], [ 140.31235, 35.524467 ] ] ], [ [ [ 140.314295, 35.524783 ], [ 140.314295, 35.524693 ], [ 140.314239, 35.524693 ], [ 140.314239, 35.524783 ], [ 140.314295, 35.524783 ] ] ], [ [ [ 140.314684, 35.524693 ], [ 140.314573, 35.524693 ], [ 140.314573, 35.524783 ], [ 140.314684, 35.524783 ], [ 140.314684, 35.524693 ] ] ], [ [ [ 140.309017, 35.524331 ], [ 140.308906, 35.524331 ], [ 140.308906, 35.524286 ], [ 140.308795, 35.524286 ], [ 140.308795, 35.524331 ], [ 140.308739, 35.524331 ], [ 140.308739, 35.524557 ], [ 140.308684, 35.524557 ], [ 140.308684, 35.524648 ], [ 140.308684, 35.524693 ], [ 140.308739, 35.524693 ], [ 140.308739, 35.524783 ], [ 140.30885, 35.524783 ], [ 140.30885, 35.524828 ], [ 140.308906, 35.524828 ], [ 140.308906, 35.524783 ], [ 140.308962, 35.524783 ], [ 140.308962, 35.524693 ], [ 140.309073, 35.524693 ], [ 140.309073, 35.524602 ], [ 140.309017, 35.524602 ], [ 140.309017, 35.524512 ], [ 140.308962, 35.524512 ], [ 140.308962, 35.524376 ], [ 140.309017, 35.524376 ], [ 140.309017, 35.524331 ] ] ], [ [ [ 140.312239, 35.524693 ], [ 140.312184, 35.524693 ], [ 140.312184, 35.524602 ], [ 140.312128, 35.524602 ], [ 140.312128, 35.524648 ], [ 140.311628, 35.524648 ], [ 140.311628, 35.524602 ], [ 140.311573, 35.524602 ], [ 140.311573, 35.524693 ], [ 140.311684, 35.524693 ], [ 140.311684, 35.524828 ], [ 140.311739, 35.524828 ], [ 140.311739, 35.524783 ], [ 140.311906, 35.524783 ], [ 140.311906, 35.524828 ], [ 140.311962, 35.524828 ], [ 140.311962, 35.524783 ], [ 140.312239, 35.524783 ], [ 140.312239, 35.524693 ] ] ], [ [ [ 140.314184, 35.524828 ], [ 140.314184, 35.524693 ], [ 140.314128, 35.524693 ], [ 140.314073, 35.524693 ], [ 140.314073, 35.524783 ], [ 140.314073, 35.524828 ], [ 140.314184, 35.524828 ] ] ], [ [ [ 140.314295, 35.524783 ], [ 140.314295, 35.524828 ], [ 140.31435, 35.524828 ], [ 140.31435, 35.524783 ], [ 140.314295, 35.524783 ] ] ], [ [ [ 140.308906, 35.524828 ], [ 140.308906, 35.524874 ], [ 140.308962, 35.524874 ], [ 140.308962, 35.524828 ], [ 140.308906, 35.524828 ] ] ], [ [ [ 140.312962, 35.524828 ], [ 140.312906, 35.524828 ], [ 140.312906, 35.524874 ], [ 140.312962, 35.524874 ], [ 140.312962, 35.524828 ] ] ], [ [ [ 140.312962, 35.524828 ], [ 140.313239, 35.524828 ], [ 140.313239, 35.524874 ], [ 140.31335, 35.524874 ], [ 140.31335, 35.524602 ], [ 140.313295, 35.524602 ], [ 140.313295, 35.524557 ], [ 140.313184, 35.524557 ], [ 140.313184, 35.524648 ], [ 140.313128, 35.524648 ], [ 140.313128, 35.524693 ], [ 140.313073, 35.524693 ], [ 140.313073, 35.524602 ], [ 140.313017, 35.524602 ], [ 140.313017, 35.524648 ], [ 140.31285, 35.524648 ], [ 140.31285, 35.524783 ], [ 140.312962, 35.524783 ], [ 140.312962, 35.524828 ] ] ], [ [ [ 140.314184, 35.524828 ], [ 140.314184, 35.524874 ], [ 140.314239, 35.524874 ], [ 140.314239, 35.524828 ], [ 140.314184, 35.524828 ] ] ], [ [ [ 140.314573, 35.524828 ], [ 140.314517, 35.524828 ], [ 140.314517, 35.524874 ], [ 140.314573, 35.524874 ], [ 140.314573, 35.524828 ] ] ], [ [ [ 140.314739, 35.524828 ], [ 140.314684, 35.524828 ], [ 140.314684, 35.524874 ], [ 140.314739, 35.524874 ], [ 140.314739, 35.524828 ] ] ], [ [ [ 140.309628, 35.524964 ], [ 140.309684, 35.524964 ], [ 140.309684, 35.524874 ], [ 140.309628, 35.524874 ], [ 140.309628, 35.524964 ] ] ], [ [ [ 140.312962, 35.524874 ], [ 140.312962, 35.524964 ], [ 140.313017, 35.524964 ], [ 140.313017, 35.524874 ], [ 140.312962, 35.524874 ] ] ], [ [ [ 140.308962, 35.524874 ], [ 140.308962, 35.524964 ], [ 140.308962, 35.525009 ], [ 140.309017, 35.525009 ], [ 140.309017, 35.524964 ], [ 140.309073, 35.524964 ], [ 140.309073, 35.524874 ], [ 140.308962, 35.524874 ] ] ], [ [ [ 140.309628, 35.524964 ], [ 140.309573, 35.524964 ], [ 140.309573, 35.525009 ], [ 140.309628, 35.525009 ], [ 140.309628, 35.524964 ] ] ], [ [ [ 140.309684, 35.524964 ], [ 140.309684, 35.525009 ], [ 140.309739, 35.525009 ], [ 140.309739, 35.524964 ], [ 140.309684, 35.524964 ] ] ], [ [ [ 140.310517, 35.524964 ], [ 140.310517, 35.524874 ], [ 140.310462, 35.524874 ], [ 140.310462, 35.524964 ], [ 140.310406, 35.524964 ], [ 140.310406, 35.525009 ], [ 140.310517, 35.525009 ], [ 140.310517, 35.524964 ] ] ], [ [ [ 140.31285, 35.525009 ], [ 140.31285, 35.524874 ], [ 140.312795, 35.524874 ], [ 140.312795, 35.525009 ], [ 140.31285, 35.525009 ] ] ], [ [ [ 140.314295, 35.525009 ], [ 140.314295, 35.524964 ], [ 140.314184, 35.524964 ], [ 140.314184, 35.525009 ], [ 140.314239, 35.525009 ], [ 140.314295, 35.525009 ] ] ], [ [ [ 140.314517, 35.524964 ], [ 140.314462, 35.524964 ], [ 140.314462, 35.525009 ], [ 140.314517, 35.525009 ], [ 140.314517, 35.524964 ] ] ], [ [ [ 140.309517, 35.525009 ], [ 140.30935, 35.525009 ], [ 140.30935, 35.525054 ], [ 140.309517, 35.525054 ], [ 140.309517, 35.525009 ] ] ], [ [ [ 140.309739, 35.525009 ], [ 140.309739, 35.525054 ], [ 140.309962, 35.525054 ], [ 140.310184, 35.525054 ], [ 140.310295, 35.525054 ], [ 140.310295, 35.525009 ], [ 140.309739, 35.525009 ] ] ], [ [ [ 140.31185, 35.525054 ], [ 140.31185, 35.525009 ], [ 140.311906, 35.525009 ], [ 140.311906, 35.524964 ], [ 140.311684, 35.524964 ], [ 140.311684, 35.524874 ], [ 140.311628, 35.524874 ], [ 140.311628, 35.524964 ], [ 140.31135, 35.524964 ], [ 140.31135, 35.524828 ], [ 140.311295, 35.524828 ], [ 140.311295, 35.524783 ], [ 140.311295, 35.524602 ], [ 140.311239, 35.524602 ], [ 140.311239, 35.524693 ], [ 140.311184, 35.524693 ], [ 140.311184, 35.524783 ], [ 140.311239, 35.524783 ], [ 140.311239, 35.524828 ], [ 140.311184, 35.524828 ], [ 140.311184, 35.524874 ], [ 140.311295, 35.524874 ], [ 140.311295, 35.525054 ], [ 140.31135, 35.525054 ], [ 140.31135, 35.525009 ], [ 140.311462, 35.525009 ], [ 140.311462, 35.525054 ], [ 140.311573, 35.525054 ], [ 140.311628, 35.525054 ], [ 140.311628, 35.525009 ], [ 140.311739, 35.525009 ], [ 140.311739, 35.525054 ], [ 140.31185, 35.525054 ] ] ], [ [ [ 140.314295, 35.525009 ], [ 140.314295, 35.525054 ], [ 140.31435, 35.525054 ], [ 140.31435, 35.525009 ], [ 140.314295, 35.525009 ] ] ], [ [ [ 140.31485, 35.525054 ], [ 140.31485, 35.525009 ], [ 140.314795, 35.525009 ], [ 140.314795, 35.525054 ], [ 140.31485, 35.525054 ] ] ], [ [ [ 140.314017, 35.525145 ], [ 140.314073, 35.525145 ], [ 140.314073, 35.525054 ], [ 140.314017, 35.525054 ], [ 140.314017, 35.525145 ] ] ], [ [ [ 140.314295, 35.525054 ], [ 140.314239, 35.525054 ], [ 140.314239, 35.525145 ], [ 140.314295, 35.525145 ], [ 140.314295, 35.525054 ] ] ], [ [ [ 140.31435, 35.525054 ], [ 140.31435, 35.525145 ], [ 140.314406, 35.525145 ], [ 140.314406, 35.525054 ], [ 140.31435, 35.525054 ] ] ], [ [ [ 140.31485, 35.525054 ], [ 140.31485, 35.525145 ], [ 140.314906, 35.525145 ], [ 140.314906, 35.525054 ], [ 140.31485, 35.525054 ] ] ], [ [ [ 140.31435, 35.525145 ], [ 140.314295, 35.525145 ], [ 140.314295, 35.52519 ], [ 140.31435, 35.52519 ], [ 140.31435, 35.525145 ] ] ], [ [ [ 140.314406, 35.525145 ], [ 140.314406, 35.52519 ], [ 140.314462, 35.52519 ], [ 140.314462, 35.525145 ], [ 140.314406, 35.525145 ] ] ], [ [ [ 140.314906, 35.525145 ], [ 140.314906, 35.52519 ], [ 140.314962, 35.52519 ], [ 140.314962, 35.525145 ], [ 140.314906, 35.525145 ] ] ], [ [ [ 140.314073, 35.525145 ], [ 140.314073, 35.525235 ], [ 140.314128, 35.525235 ], [ 140.314128, 35.525145 ], [ 140.314073, 35.525145 ] ] ], [ [ [ 140.314406, 35.52519 ], [ 140.31435, 35.52519 ], [ 140.31435, 35.525235 ], [ 140.314406, 35.525235 ], [ 140.314406, 35.52519 ] ] ], [ [ [ 140.31135, 35.525281 ], [ 140.311406, 35.525281 ], [ 140.311406, 35.525235 ], [ 140.311462, 35.525235 ], [ 140.311462, 35.52519 ], [ 140.311517, 35.52519 ], [ 140.311517, 35.525145 ], [ 140.311406, 35.525145 ], [ 140.311406, 35.52519 ], [ 140.31135, 35.52519 ], [ 140.31135, 35.525281 ] ] ], [ [ [ 140.315128, 35.525235 ], [ 140.315073, 35.525235 ], [ 140.315073, 35.525281 ], [ 140.315128, 35.525281 ], [ 140.315128, 35.525235 ] ] ], [ [ [ 140.31135, 35.525281 ], [ 140.311295, 35.525281 ], [ 140.311295, 35.525326 ], [ 140.31135, 35.525326 ], [ 140.31135, 35.525281 ] ] ], [ [ [ 140.311295, 35.525326 ], [ 140.311239, 35.525326 ], [ 140.311239, 35.525371 ], [ 140.311295, 35.525371 ], [ 140.311295, 35.525326 ] ] ], [ [ [ 140.314462, 35.52519 ], [ 140.314462, 35.525235 ], [ 140.314406, 35.525235 ], [ 140.314406, 35.525281 ], [ 140.314462, 35.525281 ], [ 140.314462, 35.525326 ], [ 140.314517, 35.525326 ], [ 140.314517, 35.525371 ], [ 140.314573, 35.525371 ], [ 140.314573, 35.525281 ], [ 140.314517, 35.525281 ], [ 140.314517, 35.52519 ], [ 140.314462, 35.52519 ] ] ], [ [ [ 140.314017, 35.525371 ], [ 140.313962, 35.525371 ], [ 140.313962, 35.525507 ], [ 140.314017, 35.525507 ], [ 140.314017, 35.525371 ] ] ], [ [ [ 140.314573, 35.525371 ], [ 140.314573, 35.525507 ], [ 140.314628, 35.525507 ], [ 140.314628, 35.525371 ], [ 140.314573, 35.525371 ] ] ], [ [ [ 140.312295, 35.525507 ], [ 140.312239, 35.525507 ], [ 140.312239, 35.525552 ], [ 140.312295, 35.525552 ], [ 140.312295, 35.525507 ] ] ], [ [ [ 140.315017, 35.525552 ], [ 140.315073, 35.525552 ], [ 140.315073, 35.525507 ], [ 140.315017, 35.525507 ], [ 140.315017, 35.525552 ] ] ], [ [ [ 140.311239, 35.525461 ], [ 140.311184, 35.525461 ], [ 140.311184, 35.525597 ], [ 140.311239, 35.525597 ], [ 140.311239, 35.525461 ] ] ], [ [ [ 140.314017, 35.525145 ], [ 140.313962, 35.525145 ], [ 140.313906, 35.525145 ], [ 140.313906, 35.525235 ], [ 140.31385, 35.525235 ], [ 140.31385, 35.525371 ], [ 140.313795, 35.525371 ], [ 140.313795, 35.525507 ], [ 140.313739, 35.525507 ], [ 140.313739, 35.525597 ], [ 140.313795, 35.525597 ], [ 140.31385, 35.525597 ], [ 140.31385, 35.525507 ], [ 140.313906, 35.525507 ], [ 140.313906, 35.525326 ], [ 140.313962, 35.525326 ], [ 140.313962, 35.525235 ], [ 140.314017, 35.525235 ], [ 140.314017, 35.525145 ] ] ], [ [ [ 140.314628, 35.525507 ], [ 140.314628, 35.525552 ], [ 140.314684, 35.525552 ], [ 140.314684, 35.525597 ], [ 140.314739, 35.525597 ], [ 140.314739, 35.525507 ], [ 140.314628, 35.525507 ] ] ], [ [ [ 140.313295, 35.525371 ], [ 140.313239, 35.525371 ], [ 140.313239, 35.525326 ], [ 140.313184, 35.525326 ], [ 140.313184, 35.525281 ], [ 140.313128, 35.525281 ], [ 140.313128, 35.525235 ], [ 140.313073, 35.525235 ], [ 140.313073, 35.52519 ], [ 140.313017, 35.52519 ], [ 140.313017, 35.525145 ], [ 140.312962, 35.525145 ], [ 140.312962, 35.525054 ], [ 140.312906, 35.525054 ], [ 140.312906, 35.525009 ], [ 140.31285, 35.525009 ], [ 140.31285, 35.525054 ], [ 140.312795, 35.525054 ], [ 140.312795, 35.525145 ], [ 140.312739, 35.525145 ], [ 140.312739, 35.52519 ], [ 140.312628, 35.52519 ], [ 140.312628, 35.525054 ], [ 140.312684, 35.525054 ], [ 140.312684, 35.524828 ], [ 140.312628, 35.524828 ], [ 140.312628, 35.524783 ], [ 140.312406, 35.524783 ], [ 140.312406, 35.524964 ], [ 140.31235, 35.524964 ], [ 140.31235, 35.524874 ], [ 140.312295, 35.524874 ], [ 140.312295, 35.524828 ], [ 140.312073, 35.524828 ], [ 140.312073, 35.525009 ], [ 140.31235, 35.525009 ], [ 140.31235, 35.525054 ], [ 140.312406, 35.525054 ], [ 140.312406, 35.525145 ], [ 140.31235, 35.525145 ], [ 140.31235, 35.525281 ], [ 140.312406, 35.525281 ], [ 140.312406, 35.525371 ], [ 140.312462, 35.525371 ], [ 140.312462, 35.525507 ], [ 140.312406, 35.525507 ], [ 140.312406, 35.525552 ], [ 140.312573, 35.525552 ], [ 140.312573, 35.525507 ], [ 140.312628, 35.525507 ], [ 140.312628, 35.525371 ], [ 140.312684, 35.525371 ], [ 140.312684, 35.525461 ], [ 140.312739, 35.525461 ], [ 140.312739, 35.525507 ], [ 140.312795, 35.525507 ], [ 140.312795, 35.525461 ], [ 140.312906, 35.525461 ], [ 140.312906, 35.525552 ], [ 140.313017, 35.525552 ], [ 140.313017, 35.525597 ], [ 140.313128, 35.525597 ], [ 140.313128, 35.525642 ], [ 140.313239, 35.525642 ], [ 140.313239, 35.525507 ], [ 140.313295, 35.525507 ], [ 140.313295, 35.525371 ] ], [ [ 140.312906, 35.525235 ], [ 140.312906, 35.52519 ], [ 140.312962, 35.52519 ], [ 140.312962, 35.525235 ], [ 140.312906, 35.525235 ], [ 140.312906, 35.525281 ], [ 140.312962, 35.525281 ], [ 140.312962, 35.525326 ], [ 140.31285, 35.525326 ], [ 140.31285, 35.525371 ], [ 140.312795, 35.525371 ], [ 140.312795, 35.525326 ], [ 140.312739, 35.525326 ], [ 140.312739, 35.525281 ], [ 140.312795, 35.525281 ], [ 140.312795, 35.52519 ], [ 140.31285, 35.52519 ], [ 140.31285, 35.525235 ], [ 140.312906, 35.525235 ] ] ], [ [ [ 140.315017, 35.525552 ], [ 140.314962, 35.525552 ], [ 140.314962, 35.525642 ], [ 140.315017, 35.525642 ], [ 140.315017, 35.525597 ], [ 140.315017, 35.525552 ] ] ], [ [ [ 140.311295, 35.525642 ], [ 140.311239, 35.525642 ], [ 140.311239, 35.525687 ], [ 140.311295, 35.525687 ], [ 140.311295, 35.525642 ] ] ], [ [ [ 140.313017, 35.524964 ], [ 140.313017, 35.525009 ], [ 140.313184, 35.525009 ], [ 140.313184, 35.52519 ], [ 140.313239, 35.52519 ], [ 140.313239, 35.525235 ], [ 140.31335, 35.525235 ], [ 140.31335, 35.525281 ], [ 140.313295, 35.525281 ], [ 140.313295, 35.525371 ], [ 140.31335, 35.525371 ], [ 140.31335, 35.525597 ], [ 140.313406, 35.525597 ], [ 140.313406, 35.525642 ], [ 140.31335, 35.525642 ], [ 140.31335, 35.525687 ], [ 140.313517, 35.525687 ], [ 140.313517, 35.525597 ], [ 140.313462, 35.525597 ], [ 140.313462, 35.525552 ], [ 140.313517, 35.525552 ], [ 140.313517, 35.525461 ], [ 140.313573, 35.525461 ], [ 140.313573, 35.525281 ], [ 140.313628, 35.525281 ], [ 140.313628, 35.52519 ], [ 140.313573, 35.52519 ], [ 140.313573, 35.525145 ], [ 140.313517, 35.525145 ], [ 140.313517, 35.525054 ], [ 140.313462, 35.525054 ], [ 140.313462, 35.525009 ], [ 140.31335, 35.525009 ], [ 140.31335, 35.524964 ], [ 140.313017, 35.524964 ] ] ], [ [ [ 140.313739, 35.525597 ], [ 140.313684, 35.525597 ], [ 140.313684, 35.525687 ], [ 140.313739, 35.525687 ], [ 140.313795, 35.525687 ], [ 140.313795, 35.525642 ], [ 140.313739, 35.525642 ], [ 140.313739, 35.525597 ] ] ], [ [ [ 140.314739, 35.525597 ], [ 140.314739, 35.525687 ], [ 140.314795, 35.525687 ], [ 140.314795, 35.525597 ], [ 140.314739, 35.525597 ] ] ], [ [ [ 140.313684, 35.525687 ], [ 140.313628, 35.525687 ], [ 140.313628, 35.525823 ], [ 140.313684, 35.525823 ], [ 140.313684, 35.525687 ] ] ], [ [ [ 140.313795, 35.525687 ], [ 140.313795, 35.525823 ], [ 140.31385, 35.525823 ], [ 140.31385, 35.525687 ], [ 140.313795, 35.525687 ] ] ], [ [ [ 140.316184, 35.525687 ], [ 140.316128, 35.525687 ], [ 140.316128, 35.525823 ], [ 140.316184, 35.525823 ], [ 140.316184, 35.525687 ] ] ], [ [ [ 140.31135, 35.525823 ], [ 140.311295, 35.525823 ], [ 140.311295, 35.525868 ], [ 140.31135, 35.525868 ], [ 140.31135, 35.525823 ] ] ], [ [ [ 140.314795, 35.525687 ], [ 140.314795, 35.525823 ], [ 140.31485, 35.525823 ], [ 140.31485, 35.525868 ], [ 140.314906, 35.525868 ], [ 140.314906, 35.525687 ], [ 140.314795, 35.525687 ] ] ], [ [ [ 140.311962, 35.525914 ], [ 140.312017, 35.525914 ], [ 140.312017, 35.525868 ], [ 140.311962, 35.525868 ], [ 140.311962, 35.525914 ] ] ], [ [ [ 140.313128, 35.525642 ], [ 140.313017, 35.525642 ], [ 140.313017, 35.525687 ], [ 140.312962, 35.525687 ], [ 140.312962, 35.525642 ], [ 140.31285, 35.525642 ], [ 140.31285, 35.525552 ], [ 140.312739, 35.525552 ], [ 140.312739, 35.525823 ], [ 140.312628, 35.525823 ], [ 140.312628, 35.525687 ], [ 140.312573, 35.525687 ], [ 140.312573, 35.525642 ], [ 140.312517, 35.525642 ], [ 140.312517, 35.525597 ], [ 140.312462, 35.525597 ], [ 140.312462, 35.525642 ], [ 140.312239, 35.525642 ], [ 140.312239, 35.525687 ], [ 140.31235, 35.525687 ], [ 140.31235, 35.525823 ], [ 140.312573, 35.525823 ], [ 140.312573, 35.525868 ], [ 140.312628, 35.525868 ], [ 140.312628, 35.525914 ], [ 140.312684, 35.525914 ], [ 140.312684, 35.525868 ], [ 140.312795, 35.525868 ], [ 140.312795, 35.525823 ], [ 140.312906, 35.525823 ], [ 140.312962, 35.525823 ], [ 140.313128, 35.525823 ], [ 140.313128, 35.525914 ], [ 140.313239, 35.525914 ], [ 140.313239, 35.525868 ], [ 140.313239, 35.525823 ], [ 140.313239, 35.525687 ], [ 140.313128, 35.525687 ], [ 140.313128, 35.525642 ] ] ], [ [ [ 140.313628, 35.525914 ], [ 140.313684, 35.525914 ], [ 140.313739, 35.525914 ], [ 140.313795, 35.525914 ], [ 140.313795, 35.525868 ], [ 140.313739, 35.525868 ], [ 140.313628, 35.525868 ], [ 140.313628, 35.525914 ] ] ], [ [ [ 140.315073, 35.525868 ], [ 140.315017, 35.525868 ], [ 140.315017, 35.525914 ], [ 140.315073, 35.525914 ], [ 140.315073, 35.525868 ] ] ], [ [ [ 140.315906, 35.525868 ], [ 140.31585, 35.525868 ], [ 140.31585, 35.525914 ], [ 140.315906, 35.525914 ], [ 140.315906, 35.525868 ] ] ], [ [ [ 140.315906, 35.525868 ], [ 140.315962, 35.525868 ], [ 140.315962, 35.525914 ], [ 140.316017, 35.525914 ], [ 140.316017, 35.525823 ], [ 140.316073, 35.525823 ], [ 140.316073, 35.525687 ], [ 140.315962, 35.525687 ], [ 140.315962, 35.525823 ], [ 140.315906, 35.525823 ], [ 140.315906, 35.525868 ] ] ], [ [ [ 140.311962, 35.525914 ], [ 140.311906, 35.525914 ], [ 140.311906, 35.525959 ], [ 140.311962, 35.525959 ], [ 140.311962, 35.525914 ] ] ], [ [ [ 140.313406, 35.525914 ], [ 140.31335, 35.525914 ], [ 140.31335, 35.525959 ], [ 140.313406, 35.525959 ], [ 140.313406, 35.525914 ] ] ], [ [ [ 140.314906, 35.525868 ], [ 140.314906, 35.525959 ], [ 140.314962, 35.525959 ], [ 140.314962, 35.525868 ], [ 140.314906, 35.525868 ] ] ], [ [ [ 140.311406, 35.526004 ], [ 140.311406, 35.525914 ], [ 140.31135, 35.525914 ], [ 140.31135, 35.526004 ], [ 140.311406, 35.526004 ] ] ], [ [ [ 140.311906, 35.525959 ], [ 140.31185, 35.525959 ], [ 140.31185, 35.526004 ], [ 140.311906, 35.526004 ], [ 140.311906, 35.525959 ] ] ], [ [ [ 140.313628, 35.525914 ], [ 140.313517, 35.525914 ], [ 140.313517, 35.525959 ], [ 140.313573, 35.525959 ], [ 140.313573, 35.526004 ], [ 140.313628, 35.526004 ], [ 140.313684, 35.526004 ], [ 140.313684, 35.525959 ], [ 140.313628, 35.525959 ], [ 140.313628, 35.525914 ] ] ], [ [ [ 140.311406, 35.526004 ], [ 140.311406, 35.526049 ], [ 140.311573, 35.526049 ], [ 140.311573, 35.526004 ], [ 140.311406, 35.526004 ] ] ], [ [ [ 140.315128, 35.526049 ], [ 140.315184, 35.526049 ], [ 140.315184, 35.526004 ], [ 140.315128, 35.526004 ], [ 140.315128, 35.526049 ] ] ], [ [ [ 140.31585, 35.526004 ], [ 140.315795, 35.526004 ], [ 140.315795, 35.526049 ], [ 140.31585, 35.526049 ], [ 140.31585, 35.526004 ] ] ], [ [ [ 140.315962, 35.525914 ], [ 140.315906, 35.525914 ], [ 140.315906, 35.526004 ], [ 140.315962, 35.526004 ], [ 140.315962, 35.526049 ], [ 140.316017, 35.526049 ], [ 140.316017, 35.525959 ], [ 140.315962, 35.525959 ], [ 140.315962, 35.525914 ] ] ], [ [ [ 140.31285, 35.52614 ], [ 140.31285, 35.525959 ], [ 140.313073, 35.525959 ], [ 140.313073, 35.525914 ], [ 140.312795, 35.525914 ], [ 140.312795, 35.52614 ], [ 140.31285, 35.52614 ] ] ], [ [ [ 140.313628, 35.52614 ], [ 140.313628, 35.526049 ], [ 140.313517, 35.526049 ], [ 140.313517, 35.52614 ], [ 140.313573, 35.52614 ], [ 140.313628, 35.52614 ] ] ], [ [ [ 140.315295, 35.52614 ], [ 140.315295, 35.526049 ], [ 140.315239, 35.526049 ], [ 140.315239, 35.52614 ], [ 140.315295, 35.52614 ] ] ], [ [ [ 140.315573, 35.52614 ], [ 140.315628, 35.52614 ], [ 140.315628, 35.526049 ], [ 140.315573, 35.526049 ], [ 140.315573, 35.52614 ] ] ], [ [ [ 140.313628, 35.52614 ], [ 140.313628, 35.526185 ], [ 140.313684, 35.526185 ], [ 140.313684, 35.52614 ], [ 140.313628, 35.52614 ] ] ], [ [ [ 140.315128, 35.526049 ], [ 140.315073, 35.526049 ], [ 140.315073, 35.526004 ], [ 140.315017, 35.526004 ], [ 140.315017, 35.52614 ], [ 140.315073, 35.52614 ], [ 140.315073, 35.526185 ], [ 140.315128, 35.526185 ], [ 140.315128, 35.526049 ] ] ], [ [ [ 140.315295, 35.52614 ], [ 140.315295, 35.526185 ], [ 140.31535, 35.526185 ], [ 140.31535, 35.52614 ], [ 140.315295, 35.52614 ] ] ], [ [ [ 140.315573, 35.52614 ], [ 140.315517, 35.52614 ], [ 140.315517, 35.526185 ], [ 140.315573, 35.526185 ], [ 140.315573, 35.52614 ] ] ], [ [ [ 140.315628, 35.52614 ], [ 140.315628, 35.526185 ], [ 140.315684, 35.526185 ], [ 140.315684, 35.52614 ], [ 140.315628, 35.52614 ] ] ], [ [ [ 140.31535, 35.526185 ], [ 140.31535, 35.52623 ], [ 140.315462, 35.52623 ], [ 140.315462, 35.526185 ], [ 140.31535, 35.526185 ] ] ], [ [ [ 140.315628, 35.526185 ], [ 140.315573, 35.526185 ], [ 140.315573, 35.52623 ], [ 140.315628, 35.52623 ], [ 140.315628, 35.526185 ] ] ], [ [ [ 140.313462, 35.526275 ], [ 140.313517, 35.526275 ], [ 140.313517, 35.52623 ], [ 140.313517, 35.526185 ], [ 140.313462, 35.526185 ], [ 140.313462, 35.526275 ] ] ], [ [ [ 140.313628, 35.52623 ], [ 140.313573, 35.52623 ], [ 140.313573, 35.526275 ], [ 140.313628, 35.526275 ], [ 140.313628, 35.52623 ] ] ], [ [ [ 140.315295, 35.52632 ], [ 140.315295, 35.526275 ], [ 140.315239, 35.526275 ], [ 140.315239, 35.526185 ], [ 140.315184, 35.526185 ], [ 140.315184, 35.52623 ], [ 140.315184, 35.52632 ], [ 140.315239, 35.52632 ], [ 140.315295, 35.52632 ] ] ], [ [ [ 140.315517, 35.526275 ], [ 140.315462, 35.526275 ], [ 140.315462, 35.52632 ], [ 140.315517, 35.52632 ], [ 140.315517, 35.526275 ] ] ], [ [ [ 140.30735, 35.526275 ], [ 140.30735, 35.52614 ], [ 140.307295, 35.52614 ], [ 140.307295, 35.526049 ], [ 140.307128, 35.526049 ], [ 140.307128, 35.52614 ], [ 140.306962, 35.52614 ], [ 140.306962, 35.52623 ], [ 140.307017, 35.52623 ], [ 140.307017, 35.526275 ], [ 140.307073, 35.526275 ], [ 140.307073, 35.526366 ], [ 140.307184, 35.526366 ], [ 140.307184, 35.52632 ], [ 140.307239, 35.52632 ], [ 140.307239, 35.526275 ], [ 140.30735, 35.526275 ] ], [ [ 140.307128, 35.526275 ], [ 140.307128, 35.52623 ], [ 140.307184, 35.52623 ], [ 140.307184, 35.526275 ], [ 140.307128, 35.526275 ] ] ], [ [ [ 140.313462, 35.526275 ], [ 140.313406, 35.526275 ], [ 140.313406, 35.526366 ], [ 140.313462, 35.526366 ], [ 140.313517, 35.526366 ], [ 140.313573, 35.526366 ], [ 140.313573, 35.52632 ], [ 140.313517, 35.52632 ], [ 140.313462, 35.52632 ], [ 140.313462, 35.526275 ] ] ], [ [ [ 140.315295, 35.52632 ], [ 140.315295, 35.526366 ], [ 140.31535, 35.526366 ], [ 140.31535, 35.52632 ], [ 140.315295, 35.52632 ] ] ], [ [ [ 140.309295, 35.526501 ], [ 140.30935, 35.526501 ], [ 140.30935, 35.526411 ], [ 140.309295, 35.526411 ], [ 140.309295, 35.526501 ] ] ], [ [ [ 140.313406, 35.526366 ], [ 140.31335, 35.526366 ], [ 140.31335, 35.526501 ], [ 140.313406, 35.526501 ], [ 140.313406, 35.526411 ], [ 140.313406, 35.526366 ] ] ], [ [ [ 140.313517, 35.526411 ], [ 140.313462, 35.526411 ], [ 140.313462, 35.526501 ], [ 140.313517, 35.526501 ], [ 140.313517, 35.526411 ] ] ], [ [ [ 140.313628, 35.526501 ], [ 140.313628, 35.526411 ], [ 140.313573, 35.526411 ], [ 140.313573, 35.526501 ], [ 140.313628, 35.526501 ] ] ], [ [ [ 140.309295, 35.526501 ], [ 140.309239, 35.526501 ], [ 140.309184, 35.526501 ], [ 140.309184, 35.526547 ], [ 140.309295, 35.526547 ], [ 140.309295, 35.526501 ] ] ], [ [ [ 140.30935, 35.526501 ], [ 140.30935, 35.526547 ], [ 140.309517, 35.526547 ], [ 140.309517, 35.526501 ], [ 140.30935, 35.526501 ] ] ], [ [ [ 140.312906, 35.526501 ], [ 140.31285, 35.526501 ], [ 140.31285, 35.526547 ], [ 140.312906, 35.526547 ], [ 140.312906, 35.526501 ] ] ], [ [ [ 140.313628, 35.526501 ], [ 140.313628, 35.526547 ], [ 140.313739, 35.526547 ], [ 140.313739, 35.526501 ], [ 140.313628, 35.526501 ] ] ], [ [ [ 140.311462, 35.526547 ], [ 140.311406, 35.526547 ], [ 140.311406, 35.526637 ], [ 140.311462, 35.526637 ], [ 140.311462, 35.526547 ] ] ], [ [ [ 140.312406, 35.526547 ], [ 140.312239, 35.526547 ], [ 140.312239, 35.526637 ], [ 140.312406, 35.526637 ], [ 140.312406, 35.526547 ] ] ], [ [ [ 140.313406, 35.526637 ], [ 140.313462, 35.526637 ], [ 140.313462, 35.526547 ], [ 140.313406, 35.526547 ], [ 140.313406, 35.526637 ] ] ], [ [ [ 140.315406, 35.526547 ], [ 140.31535, 35.526547 ], [ 140.31535, 35.526637 ], [ 140.315406, 35.526637 ], [ 140.315406, 35.526547 ] ] ], [ [ [ 140.315517, 35.526637 ], [ 140.315517, 35.526547 ], [ 140.315462, 35.526547 ], [ 140.315462, 35.526637 ], [ 140.315517, 35.526637 ] ] ], [ [ [ 140.309184, 35.526547 ], [ 140.309128, 35.526547 ], [ 140.309073, 35.526547 ], [ 140.309073, 35.526637 ], [ 140.309017, 35.526637 ], [ 140.309017, 35.526682 ], [ 140.309128, 35.526682 ], [ 140.309128, 35.526637 ], [ 140.309184, 35.526637 ], [ 140.309184, 35.526547 ] ] ], [ [ [ 140.311295, 35.526682 ], [ 140.31135, 35.526682 ], [ 140.31135, 35.526637 ], [ 140.311295, 35.526637 ], [ 140.311295, 35.526682 ] ] ], [ [ [ 140.312073, 35.526682 ], [ 140.312128, 35.526682 ], [ 140.312128, 35.526637 ], [ 140.312073, 35.526637 ], [ 140.312073, 35.526682 ] ] ], [ [ [ 140.312573, 35.526637 ], [ 140.312517, 35.526637 ], [ 140.312517, 35.526682 ], [ 140.312573, 35.526682 ], [ 140.312573, 35.526637 ] ] ], [ [ [ 140.315517, 35.526637 ], [ 140.315517, 35.526682 ], [ 140.315573, 35.526682 ], [ 140.315573, 35.526637 ], [ 140.315517, 35.526637 ] ] ], [ [ [ 140.311295, 35.526682 ], [ 140.311239, 35.526682 ], [ 140.311239, 35.526727 ], [ 140.311295, 35.526727 ], [ 140.311295, 35.526682 ] ] ], [ [ [ 140.312906, 35.526682 ], [ 140.31285, 35.526682 ], [ 140.31285, 35.526727 ], [ 140.312906, 35.526727 ], [ 140.312906, 35.526682 ] ] ], [ [ [ 140.313406, 35.526637 ], [ 140.31335, 35.526637 ], [ 140.31335, 35.526547 ], [ 140.31335, 35.526501 ], [ 140.313295, 35.526501 ], [ 140.313295, 35.526547 ], [ 140.313239, 35.526547 ], [ 140.313239, 35.526637 ], [ 140.313295, 35.526637 ], [ 140.313295, 35.526682 ], [ 140.31335, 35.526682 ], [ 140.31335, 35.526727 ], [ 140.313406, 35.526727 ], [ 140.313406, 35.526637 ] ] ], [ [ [ 140.313684, 35.526727 ], [ 140.313739, 35.526727 ], [ 140.313739, 35.526682 ], [ 140.313684, 35.526682 ], [ 140.313684, 35.526727 ] ] ], [ [ [ 140.315517, 35.526682 ], [ 140.315462, 35.526682 ], [ 140.315462, 35.526727 ], [ 140.315517, 35.526727 ], [ 140.315517, 35.526682 ] ] ], [ [ [ 140.315628, 35.52623 ], [ 140.315628, 35.526275 ], [ 140.315628, 35.526366 ], [ 140.315462, 35.526366 ], [ 140.31535, 35.526366 ], [ 140.31535, 35.526411 ], [ 140.315295, 35.526411 ], [ 140.315295, 35.526501 ], [ 140.31535, 35.526501 ], [ 140.315462, 35.526501 ], [ 140.315462, 35.526411 ], [ 140.315517, 35.526411 ], [ 140.315517, 35.526501 ], [ 140.315573, 35.526501 ], [ 140.315573, 35.526547 ], [ 140.315628, 35.526547 ], [ 140.315628, 35.526682 ], [ 140.315684, 35.526682 ], [ 140.315684, 35.526727 ], [ 140.315739, 35.526727 ], [ 140.315739, 35.526682 ], [ 140.315795, 35.526682 ], [ 140.315795, 35.526637 ], [ 140.31585, 35.526637 ], [ 140.31585, 35.526547 ], [ 140.315795, 35.526547 ], [ 140.315795, 35.526501 ], [ 140.31585, 35.526501 ], [ 140.31585, 35.526411 ], [ 140.315795, 35.526411 ], [ 140.315795, 35.52632 ], [ 140.315739, 35.52632 ], [ 140.315739, 35.526275 ], [ 140.315684, 35.526275 ], [ 140.315684, 35.52623 ], [ 140.315628, 35.52623 ] ] ], [ [ [ 140.310073, 35.526727 ], [ 140.309906, 35.526727 ], [ 140.309906, 35.526818 ], [ 140.310073, 35.526818 ], [ 140.310073, 35.526727 ] ] ], [ [ [ 140.310906, 35.526818 ], [ 140.310962, 35.526818 ], [ 140.310962, 35.526727 ], [ 140.310906, 35.526727 ], [ 140.310906, 35.526818 ] ] ], [ [ [ 140.311739, 35.526727 ], [ 140.311628, 35.526727 ], [ 140.311628, 35.526818 ], [ 140.311739, 35.526818 ], [ 140.311739, 35.526727 ] ] ], [ [ [ 140.312684, 35.526682 ], [ 140.312628, 35.526682 ], [ 140.312628, 35.526818 ], [ 140.312684, 35.526818 ], [ 140.312684, 35.526727 ], [ 140.312684, 35.526682 ] ] ], [ [ [ 140.31285, 35.526727 ], [ 140.312795, 35.526727 ], [ 140.312795, 35.526818 ], [ 140.31285, 35.526818 ], [ 140.31285, 35.526727 ] ] ], [ [ [ 140.313684, 35.526727 ], [ 140.313628, 35.526727 ], [ 140.313628, 35.526818 ], [ 140.313684, 35.526818 ], [ 140.313684, 35.526727 ] ] ], [ [ [ 140.315628, 35.526682 ], [ 140.315573, 35.526682 ], [ 140.315573, 35.526727 ], [ 140.315517, 35.526727 ], [ 140.315517, 35.526818 ], [ 140.315573, 35.526818 ], [ 140.315628, 35.526818 ], [ 140.315628, 35.526682 ] ] ], [ [ [ 140.309184, 35.526818 ], [ 140.309128, 35.526818 ], [ 140.309128, 35.526863 ], [ 140.309184, 35.526863 ], [ 140.309184, 35.526818 ] ] ], [ [ [ 140.309406, 35.526863 ], [ 140.309517, 35.526863 ], [ 140.309517, 35.526818 ], [ 140.309406, 35.526818 ], [ 140.309406, 35.526863 ] ] ], [ [ [ 140.310184, 35.526818 ], [ 140.310128, 35.526818 ], [ 140.310128, 35.526863 ], [ 140.310184, 35.526863 ], [ 140.310184, 35.526818 ] ] ], [ [ [ 140.310906, 35.526818 ], [ 140.31085, 35.526818 ], [ 140.31085, 35.526863 ], [ 140.310906, 35.526863 ], [ 140.310906, 35.526818 ] ] ], [ [ [ 140.31185, 35.526682 ], [ 140.311795, 35.526682 ], [ 140.311795, 35.526863 ], [ 140.31185, 35.526863 ], [ 140.31185, 35.526727 ], [ 140.31185, 35.526682 ] ] ], [ [ [ 140.312795, 35.526818 ], [ 140.312739, 35.526818 ], [ 140.312739, 35.526863 ], [ 140.312795, 35.526863 ], [ 140.312795, 35.526818 ] ] ], [ [ [ 140.313239, 35.526818 ], [ 140.313239, 35.526863 ], [ 140.313295, 35.526863 ], [ 140.313295, 35.526818 ], [ 140.313239, 35.526818 ] ] ], [ [ [ 140.313628, 35.526818 ], [ 140.313573, 35.526818 ], [ 140.313573, 35.526863 ], [ 140.313628, 35.526863 ], [ 140.313628, 35.526818 ] ] ], [ [ [ 140.315628, 35.526818 ], [ 140.315628, 35.526863 ], [ 140.315684, 35.526863 ], [ 140.315684, 35.526818 ], [ 140.315628, 35.526818 ] ] ], [ [ [ 140.309017, 35.526682 ], [ 140.308962, 35.526682 ], [ 140.308962, 35.526727 ], [ 140.308906, 35.526727 ], [ 140.308906, 35.526818 ], [ 140.308795, 35.526818 ], [ 140.308795, 35.526863 ], [ 140.30885, 35.526863 ], [ 140.30885, 35.526908 ], [ 140.308962, 35.526908 ], [ 140.308962, 35.526818 ], [ 140.309017, 35.526818 ], [ 140.309017, 35.526682 ] ] ], [ [ [ 140.309406, 35.526863 ], [ 140.30935, 35.526863 ], [ 140.30935, 35.526818 ], [ 140.309239, 35.526818 ], [ 140.309239, 35.526908 ], [ 140.309406, 35.526908 ], [ 140.309406, 35.526863 ] ] ], [ [ [ 140.309517, 35.526863 ], [ 140.309517, 35.526908 ], [ 140.309573, 35.526908 ], [ 140.309573, 35.526863 ], [ 140.309517, 35.526863 ] ] ], [ [ [ 140.315628, 35.526863 ], [ 140.315573, 35.526863 ], [ 140.315573, 35.526908 ], [ 140.315628, 35.526908 ], [ 140.315628, 35.526863 ] ] ], [ [ [ 140.315739, 35.526727 ], [ 140.315739, 35.526863 ], [ 140.315795, 35.526863 ], [ 140.315795, 35.526908 ], [ 140.31585, 35.526908 ], [ 140.31585, 35.526818 ], [ 140.315795, 35.526818 ], [ 140.315795, 35.526727 ], [ 140.315739, 35.526727 ] ] ], [ [ [ 140.309239, 35.526908 ], [ 140.309184, 35.526908 ], [ 140.309184, 35.526953 ], [ 140.309239, 35.526953 ], [ 140.309239, 35.526908 ] ] ], [ [ [ 140.312073, 35.526682 ], [ 140.311906, 35.526682 ], [ 140.311906, 35.526727 ], [ 140.311962, 35.526727 ], [ 140.311962, 35.526818 ], [ 140.311906, 35.526818 ], [ 140.311906, 35.526863 ], [ 140.311962, 35.526863 ], [ 140.311962, 35.526908 ], [ 140.312017, 35.526908 ], [ 140.312017, 35.526953 ], [ 140.312073, 35.526953 ], [ 140.312073, 35.526682 ] ] ], [ [ [ 140.313184, 35.526953 ], [ 140.313239, 35.526953 ], [ 140.313239, 35.526908 ], [ 140.313184, 35.526908 ], [ 140.313184, 35.526953 ] ] ], [ [ [ 140.31585, 35.526908 ], [ 140.31585, 35.526953 ], [ 140.315906, 35.526953 ], [ 140.315906, 35.526908 ], [ 140.31585, 35.526908 ] ] ], [ [ [ 140.310573, 35.526999 ], [ 140.310628, 35.526999 ], [ 140.310628, 35.526953 ], [ 140.310795, 35.526953 ], [ 140.310795, 35.526863 ], [ 140.310739, 35.526863 ], [ 140.310739, 35.526908 ], [ 140.310573, 35.526908 ], [ 140.310573, 35.526863 ], [ 140.310406, 35.526863 ], [ 140.310406, 35.526908 ], [ 140.310517, 35.526908 ], [ 140.310517, 35.526953 ], [ 140.310573, 35.526953 ], [ 140.310573, 35.526999 ] ] ], [ [ [ 140.313239, 35.526818 ], [ 140.313239, 35.526682 ], [ 140.313239, 35.526637 ], [ 140.313073, 35.526637 ], [ 140.313073, 35.526547 ], [ 140.312962, 35.526547 ], [ 140.312962, 35.526637 ], [ 140.312906, 35.526637 ], [ 140.312906, 35.526682 ], [ 140.313128, 35.526682 ], [ 140.313128, 35.526727 ], [ 140.313073, 35.526727 ], [ 140.313073, 35.526818 ], [ 140.313017, 35.526818 ], [ 140.313017, 35.526863 ], [ 140.312962, 35.526863 ], [ 140.312962, 35.526908 ], [ 140.312906, 35.526908 ], [ 140.312906, 35.526953 ], [ 140.312962, 35.526953 ], [ 140.312962, 35.526999 ], [ 140.313017, 35.526999 ], [ 140.313017, 35.526953 ], [ 140.313073, 35.526953 ], [ 140.313073, 35.526908 ], [ 140.313128, 35.526908 ], [ 140.313128, 35.526863 ], [ 140.313128, 35.526818 ], [ 140.313184, 35.526818 ], [ 140.313239, 35.526818 ] ] ], [ [ [ 140.315739, 35.526863 ], [ 140.315684, 35.526863 ], [ 140.315684, 35.526908 ], [ 140.315628, 35.526908 ], [ 140.315628, 35.526953 ], [ 140.315684, 35.526953 ], [ 140.315684, 35.526999 ], [ 140.315739, 35.526999 ], [ 140.315795, 35.526999 ], [ 140.315795, 35.526953 ], [ 140.315739, 35.526953 ], [ 140.315739, 35.526863 ] ] ], [ [ [ 140.309406, 35.526999 ], [ 140.30935, 35.526999 ], [ 140.30935, 35.527044 ], [ 140.309406, 35.527044 ], [ 140.309406, 35.526999 ] ] ], [ [ [ 140.309517, 35.526547 ], [ 140.309517, 35.526637 ], [ 140.309573, 35.526637 ], [ 140.309573, 35.526727 ], [ 140.309628, 35.526727 ], [ 140.309628, 35.526818 ], [ 140.309684, 35.526818 ], [ 140.309684, 35.526908 ], [ 140.309628, 35.526908 ], [ 140.309628, 35.527044 ], [ 140.309684, 35.527044 ], [ 140.309684, 35.526999 ], [ 140.309739, 35.526999 ], [ 140.309739, 35.526818 ], [ 140.309795, 35.526818 ], [ 140.309795, 35.526727 ], [ 140.30985, 35.526727 ], [ 140.30985, 35.526682 ], [ 140.309795, 35.526682 ], [ 140.309739, 35.526682 ], [ 140.309739, 35.526637 ], [ 140.309739, 35.526547 ], [ 140.309684, 35.526547 ], [ 140.309517, 35.526547 ] ] ], [ [ [ 140.310295, 35.526999 ], [ 140.310239, 35.526999 ], [ 140.310239, 35.527044 ], [ 140.310295, 35.527044 ], [ 140.310295, 35.526999 ] ] ], [ [ [ 140.310462, 35.527044 ], [ 140.310462, 35.526999 ], [ 140.310406, 35.526999 ], [ 140.310406, 35.527044 ], [ 140.310462, 35.527044 ] ] ], [ [ [ 140.315795, 35.526999 ], [ 140.315795, 35.527044 ], [ 140.31585, 35.527044 ], [ 140.31585, 35.526999 ], [ 140.315795, 35.526999 ] ] ], [ [ [ 140.315906, 35.526953 ], [ 140.315906, 35.527044 ], [ 140.315962, 35.527044 ], [ 140.315962, 35.526953 ], [ 140.315906, 35.526953 ] ] ], [ [ [ 140.309517, 35.527089 ], [ 140.309517, 35.527044 ], [ 140.309573, 35.527044 ], [ 140.309573, 35.526999 ], [ 140.309517, 35.526999 ], [ 140.309517, 35.526953 ], [ 140.309462, 35.526953 ], [ 140.309462, 35.527089 ], [ 140.309517, 35.527089 ] ] ], [ [ [ 140.309684, 35.527044 ], [ 140.309684, 35.527089 ], [ 140.309739, 35.527089 ], [ 140.309739, 35.527044 ], [ 140.309684, 35.527044 ] ] ], [ [ [ 140.310128, 35.527044 ], [ 140.310073, 35.527044 ], [ 140.310073, 35.527089 ], [ 140.310128, 35.527089 ], [ 140.310128, 35.527044 ] ] ], [ [ [ 140.313184, 35.527044 ], [ 140.313184, 35.526953 ], [ 140.313128, 35.526953 ], [ 140.313128, 35.526999 ], [ 140.313073, 35.526999 ], [ 140.313073, 35.527089 ], [ 140.313128, 35.527089 ], [ 140.313128, 35.527044 ], [ 140.313184, 35.527044 ] ] ], [ [ [ 140.315962, 35.527044 ], [ 140.315962, 35.527089 ], [ 140.316017, 35.527089 ], [ 140.316017, 35.527044 ], [ 140.315962, 35.527044 ] ] ], [ [ [ 140.308906, 35.527044 ], [ 140.308906, 35.52718 ], [ 140.308962, 35.52718 ], [ 140.308962, 35.527089 ], [ 140.309017, 35.527089 ], [ 140.309017, 35.527044 ], [ 140.308906, 35.527044 ] ] ], [ [ [ 140.309517, 35.527089 ], [ 140.309517, 35.52718 ], [ 140.309573, 35.52718 ], [ 140.309573, 35.527089 ], [ 140.309517, 35.527089 ] ] ], [ [ [ 140.310573, 35.526999 ], [ 140.310517, 35.526999 ], [ 140.310517, 35.527044 ], [ 140.310462, 35.527044 ], [ 140.310462, 35.52718 ], [ 140.310517, 35.52718 ], [ 140.310517, 35.527089 ], [ 140.310573, 35.527089 ], [ 140.310573, 35.526999 ] ] ], [ [ [ 140.313073, 35.527089 ], [ 140.313017, 35.527089 ], [ 140.313017, 35.52718 ], [ 140.313073, 35.52718 ], [ 140.313073, 35.527089 ] ] ], [ [ [ 140.316128, 35.52718 ], [ 140.316239, 35.52718 ], [ 140.316239, 35.527089 ], [ 140.316128, 35.527089 ], [ 140.316128, 35.52718 ] ] ], [ [ [ 140.310462, 35.52718 ], [ 140.310406, 35.52718 ], [ 140.310406, 35.527225 ], [ 140.310462, 35.527225 ], [ 140.310462, 35.52718 ] ] ], [ [ [ 140.31335, 35.52718 ], [ 140.313295, 35.52718 ], [ 140.313295, 35.527225 ], [ 140.31335, 35.527225 ], [ 140.31335, 35.52718 ] ] ], [ [ [ 140.308906, 35.52727 ], [ 140.308962, 35.52727 ], [ 140.308962, 35.527225 ], [ 140.308906, 35.527225 ], [ 140.308906, 35.52727 ] ] ], [ [ [ 140.309239, 35.52727 ], [ 140.309295, 35.52727 ], [ 140.309295, 35.527089 ], [ 140.309239, 35.527089 ], [ 140.309239, 35.527044 ], [ 140.309128, 35.527044 ], [ 140.309128, 35.527089 ], [ 140.309184, 35.527089 ], [ 140.309184, 35.52718 ], [ 140.309239, 35.52718 ], [ 140.309239, 35.52727 ] ] ], [ [ [ 140.31135, 35.52727 ], [ 140.311406, 35.52727 ], [ 140.311406, 35.527225 ], [ 140.31135, 35.527225 ], [ 140.31135, 35.52727 ] ] ], [ [ [ 140.312906, 35.526953 ], [ 140.31285, 35.526953 ], [ 140.31285, 35.526999 ], [ 140.312795, 35.526999 ], [ 140.312795, 35.527044 ], [ 140.312739, 35.527044 ], [ 140.312739, 35.52718 ], [ 140.312684, 35.52718 ], [ 140.312684, 35.527225 ], [ 140.312739, 35.527225 ], [ 140.312739, 35.52727 ], [ 140.312795, 35.52727 ], [ 140.312795, 35.52718 ], [ 140.312795, 35.527089 ], [ 140.31285, 35.527089 ], [ 140.31285, 35.527044 ], [ 140.312906, 35.527044 ], [ 140.312906, 35.526999 ], [ 140.312906, 35.526953 ] ] ], [ [ [ 140.313017, 35.52718 ], [ 140.312962, 35.52718 ], [ 140.312962, 35.52727 ], [ 140.313017, 35.52727 ], [ 140.313017, 35.52718 ] ] ], [ [ [ 140.313295, 35.52718 ], [ 140.313295, 35.527089 ], [ 140.31335, 35.527089 ], [ 140.31335, 35.52718 ], [ 140.313406, 35.52718 ], [ 140.313406, 35.527089 ], [ 140.313462, 35.527089 ], [ 140.313462, 35.526999 ], [ 140.313406, 35.526999 ], [ 140.313406, 35.527044 ], [ 140.313295, 35.527044 ], [ 140.313295, 35.526999 ], [ 140.313406, 35.526999 ], [ 140.313406, 35.526953 ], [ 140.313462, 35.526953 ], [ 140.313462, 35.526999 ], [ 140.313517, 35.526999 ], [ 140.313517, 35.526953 ], [ 140.313573, 35.526953 ], [ 140.313573, 35.526863 ], [ 140.313517, 35.526863 ], [ 140.313517, 35.526637 ], [ 140.313462, 35.526637 ], [ 140.313462, 35.526727 ], [ 140.313406, 35.526727 ], [ 140.313406, 35.526818 ], [ 140.313406, 35.526863 ], [ 140.31335, 35.526863 ], [ 140.31335, 35.526908 ], [ 140.313295, 35.526908 ], [ 140.313295, 35.526953 ], [ 140.313239, 35.526953 ], [ 140.313239, 35.527044 ], [ 140.313184, 35.527044 ], [ 140.313184, 35.527089 ], [ 140.313128, 35.527089 ], [ 140.313128, 35.52718 ], [ 140.313073, 35.52718 ], [ 140.313073, 35.52727 ], [ 140.313128, 35.52727 ], [ 140.313128, 35.527225 ], [ 140.313184, 35.527225 ], [ 140.313184, 35.52718 ], [ 140.313295, 35.52718 ] ] ], [ [ [ 140.315906, 35.527225 ], [ 140.31585, 35.527225 ], [ 140.31585, 35.52727 ], [ 140.315906, 35.52727 ], [ 140.315906, 35.527225 ] ] ], [ [ [ 140.316128, 35.52718 ], [ 140.316073, 35.52718 ], [ 140.316073, 35.527089 ], [ 140.316017, 35.527089 ], [ 140.316017, 35.52718 ], [ 140.315962, 35.52718 ], [ 140.315962, 35.527089 ], [ 140.315906, 35.527089 ], [ 140.315906, 35.527044 ], [ 140.31585, 35.527044 ], [ 140.31585, 35.527089 ], [ 140.315795, 35.527089 ], [ 140.315795, 35.527225 ], [ 140.31585, 35.527225 ], [ 140.31585, 35.52718 ], [ 140.315906, 35.52718 ], [ 140.315906, 35.527225 ], [ 140.315962, 35.527225 ], [ 140.315962, 35.52727 ], [ 140.316073, 35.52727 ], [ 140.316073, 35.527225 ], [ 140.316128, 35.527225 ], [ 140.316128, 35.52718 ] ] ], [ [ [ 140.308906, 35.527044 ], [ 140.308906, 35.526999 ], [ 140.308739, 35.526999 ], [ 140.308739, 35.526818 ], [ 140.308739, 35.526727 ], [ 140.308517, 35.526727 ], [ 140.308517, 35.526682 ], [ 140.308295, 35.526682 ], [ 140.308295, 35.526637 ], [ 140.308184, 35.526637 ], [ 140.308128, 35.526637 ], [ 140.308128, 35.526682 ], [ 140.307962, 35.526682 ], [ 140.307962, 35.526637 ], [ 140.307906, 35.526637 ], [ 140.307906, 35.526547 ], [ 140.307962, 35.526547 ], [ 140.307962, 35.526411 ], [ 140.307906, 35.526411 ], [ 140.307906, 35.52632 ], [ 140.30785, 35.52632 ], [ 140.30785, 35.526275 ], [ 140.307795, 35.526275 ], [ 140.307739, 35.526275 ], [ 140.307739, 35.52623 ], [ 140.307684, 35.52623 ], [ 140.307462, 35.52623 ], [ 140.307462, 35.526275 ], [ 140.30735, 35.526275 ], [ 140.30735, 35.52632 ], [ 140.307295, 35.52632 ], [ 140.307295, 35.526366 ], [ 140.307239, 35.526366 ], [ 140.307239, 35.526411 ], [ 140.307128, 35.526411 ], [ 140.307128, 35.526501 ], [ 140.307017, 35.526501 ], [ 140.307017, 35.526637 ], [ 140.306962, 35.526637 ], [ 140.306962, 35.526682 ], [ 140.307017, 35.526682 ], [ 140.307017, 35.526727 ], [ 140.307128, 35.526727 ], [ 140.307128, 35.526682 ], [ 140.307239, 35.526682 ], [ 140.307239, 35.526727 ], [ 140.30735, 35.526727 ], [ 140.30735, 35.526818 ], [ 140.307462, 35.526818 ], [ 140.307462, 35.526863 ], [ 140.307628, 35.526863 ], [ 140.307628, 35.526908 ], [ 140.307573, 35.526908 ], [ 140.307573, 35.526953 ], [ 140.307406, 35.526953 ], [ 140.307406, 35.526999 ], [ 140.307684, 35.526999 ], [ 140.307684, 35.527089 ], [ 140.307795, 35.527089 ], [ 140.307795, 35.52718 ], [ 140.30785, 35.52718 ], [ 140.30785, 35.527044 ], [ 140.307906, 35.527044 ], [ 140.307906, 35.526999 ], [ 140.307962, 35.526999 ], [ 140.307962, 35.527044 ], [ 140.308073, 35.527044 ], [ 140.308073, 35.527089 ], [ 140.308184, 35.527089 ], [ 140.308184, 35.527044 ], [ 140.308239, 35.527044 ], [ 140.308239, 35.526999 ], [ 140.308462, 35.526999 ], [ 140.308462, 35.526953 ], [ 140.308517, 35.526953 ], [ 140.308517, 35.526999 ], [ 140.308462, 35.526999 ], [ 140.308462, 35.527044 ], [ 140.308462, 35.527089 ], [ 140.308462, 35.52727 ], [ 140.308517, 35.52727 ], [ 140.308517, 35.527315 ], [ 140.308628, 35.527315 ], [ 140.308684, 35.527315 ], [ 140.308684, 35.52727 ], [ 140.308628, 35.52727 ], [ 140.308628, 35.527225 ], [ 140.308739, 35.527225 ], [ 140.308739, 35.52718 ], [ 140.308684, 35.52718 ], [ 140.308684, 35.527089 ], [ 140.308739, 35.527089 ], [ 140.308739, 35.527044 ], [ 140.308906, 35.527044 ] ], [ [ 140.308628, 35.527044 ], [ 140.308628, 35.52718 ], [ 140.308517, 35.52718 ], [ 140.308517, 35.527089 ], [ 140.308573, 35.527089 ], [ 140.308573, 35.527044 ], [ 140.308628, 35.527044 ] ] ], [ [ [ 140.308906, 35.52727 ], [ 140.30885, 35.52727 ], [ 140.30885, 35.527315 ], [ 140.308906, 35.527315 ], [ 140.308906, 35.52727 ] ] ], [ [ [ 140.309239, 35.52727 ], [ 140.309184, 35.52727 ], [ 140.309184, 35.527315 ], [ 140.309239, 35.527315 ], [ 140.309239, 35.52727 ] ] ], [ [ [ 140.31135, 35.52727 ], [ 140.311295, 35.52727 ], [ 140.311295, 35.527315 ], [ 140.31135, 35.527315 ], [ 140.31135, 35.52727 ] ] ], [ [ [ 140.311573, 35.527315 ], [ 140.311573, 35.52727 ], [ 140.311517, 35.52727 ], [ 140.311517, 35.527315 ], [ 140.311573, 35.527315 ] ] ], [ [ [ 140.312962, 35.52727 ], [ 140.312906, 35.52727 ], [ 140.312906, 35.527315 ], [ 140.312962, 35.527315 ], [ 140.312962, 35.52727 ] ] ], [ [ [ 140.313128, 35.52727 ], [ 140.313128, 35.527315 ], [ 140.313184, 35.527315 ], [ 140.313184, 35.52727 ], [ 140.313128, 35.52727 ] ] ], [ [ [ 140.313295, 35.527225 ], [ 140.313239, 35.527225 ], [ 140.313239, 35.527315 ], [ 140.313295, 35.527315 ], [ 140.313295, 35.527225 ] ] ], [ [ [ 140.315962, 35.52727 ], [ 140.315906, 35.52727 ], [ 140.315906, 35.527315 ], [ 140.315962, 35.527315 ], [ 140.315962, 35.52727 ] ] ], [ [ [ 140.30885, 35.527315 ], [ 140.308795, 35.527315 ], [ 140.308795, 35.52736 ], [ 140.30885, 35.52736 ], [ 140.30885, 35.527315 ] ] ], [ [ [ 140.309906, 35.52736 ], [ 140.310073, 35.52736 ], [ 140.310073, 35.527315 ], [ 140.309962, 35.527315 ], [ 140.309962, 35.52727 ], [ 140.309906, 35.52727 ], [ 140.309906, 35.52736 ] ] ], [ [ [ 140.311017, 35.527315 ], [ 140.310962, 35.527315 ], [ 140.310962, 35.52736 ], [ 140.311017, 35.52736 ], [ 140.311017, 35.527315 ] ] ], [ [ [ 140.311573, 35.527315 ], [ 140.311573, 35.52736 ], [ 140.311628, 35.52736 ], [ 140.311628, 35.527315 ], [ 140.311573, 35.527315 ] ] ], [ [ [ 140.312684, 35.52727 ], [ 140.312628, 35.52727 ], [ 140.312628, 35.52736 ], [ 140.312684, 35.52736 ], [ 140.312739, 35.52736 ], [ 140.312739, 35.527315 ], [ 140.312684, 35.527315 ], [ 140.312684, 35.52727 ] ] ], [ [ [ 140.312906, 35.527315 ], [ 140.31285, 35.527315 ], [ 140.31285, 35.52736 ], [ 140.312906, 35.52736 ], [ 140.312906, 35.527315 ] ] ], [ [ [ 140.309184, 35.527315 ], [ 140.309128, 35.527315 ], [ 140.309128, 35.52736 ], [ 140.309128, 35.527451 ], [ 140.309184, 35.527451 ], [ 140.309184, 35.527315 ] ] ], [ [ [ 140.310628, 35.52736 ], [ 140.310573, 35.52736 ], [ 140.310573, 35.527451 ], [ 140.310628, 35.527451 ], [ 140.310628, 35.52736 ] ] ], [ [ [ 140.311628, 35.52736 ], [ 140.311628, 35.527451 ], [ 140.311684, 35.527451 ], [ 140.311684, 35.52736 ], [ 140.311628, 35.52736 ] ] ], [ [ [ 140.315684, 35.52736 ], [ 140.315628, 35.52736 ], [ 140.315628, 35.527451 ], [ 140.315684, 35.527451 ], [ 140.315684, 35.52736 ] ] ], [ [ [ 140.316017, 35.52736 ], [ 140.315962, 35.52736 ], [ 140.315962, 35.527451 ], [ 140.316017, 35.527451 ], [ 140.316017, 35.52736 ] ] ], [ [ [ 140.309128, 35.527451 ], [ 140.309073, 35.527451 ], [ 140.309073, 35.527541 ], [ 140.309128, 35.527541 ], [ 140.309128, 35.527451 ] ] ], [ [ [ 140.309906, 35.52736 ], [ 140.30985, 35.52736 ], [ 140.30985, 35.527541 ], [ 140.309906, 35.527541 ], [ 140.309906, 35.52736 ] ] ], [ [ [ 140.310406, 35.527225 ], [ 140.31035, 35.527225 ], [ 140.31035, 35.527315 ], [ 140.310295, 35.527315 ], [ 140.310295, 35.52736 ], [ 140.310128, 35.52736 ], [ 140.310128, 35.527451 ], [ 140.310239, 35.527451 ], [ 140.310239, 35.527541 ], [ 140.310295, 35.527541 ], [ 140.310295, 35.527451 ], [ 140.310406, 35.527451 ], [ 140.310406, 35.527225 ] ] ], [ [ [ 140.310906, 35.527451 ], [ 140.31085, 35.527451 ], [ 140.31085, 35.527541 ], [ 140.310906, 35.527541 ], [ 140.310906, 35.527451 ] ] ], [ [ [ 140.311295, 35.527451 ], [ 140.311239, 35.527451 ], [ 140.311239, 35.527541 ], [ 140.311295, 35.527541 ], [ 140.311295, 35.527451 ] ] ], [ [ [ 140.311684, 35.527451 ], [ 140.311684, 35.527541 ], [ 140.311739, 35.527541 ], [ 140.311795, 35.527541 ], [ 140.311795, 35.527451 ], [ 140.311684, 35.527451 ] ] ], [ [ [ 140.312739, 35.527541 ], [ 140.312739, 35.527451 ], [ 140.312684, 35.527451 ], [ 140.312684, 35.527541 ], [ 140.312739, 35.527541 ] ] ], [ [ [ 140.31285, 35.52736 ], [ 140.312795, 35.52736 ], [ 140.312795, 35.527541 ], [ 140.31285, 35.527541 ], [ 140.31285, 35.527451 ], [ 140.31285, 35.52736 ] ] ], [ [ [ 140.315739, 35.527541 ], [ 140.31585, 35.527541 ], [ 140.31585, 35.527451 ], [ 140.315739, 35.527451 ], [ 140.315739, 35.527541 ] ] ], [ [ [ 140.309239, 35.527586 ], [ 140.309239, 35.527541 ], [ 140.309184, 35.527541 ], [ 140.309184, 35.527586 ], [ 140.309239, 35.527586 ] ] ], [ [ [ 140.30985, 35.527541 ], [ 140.309795, 35.527541 ], [ 140.309795, 35.527586 ], [ 140.30985, 35.527586 ], [ 140.30985, 35.527541 ] ] ], [ [ [ 140.311795, 35.527541 ], [ 140.311795, 35.527586 ], [ 140.31185, 35.527586 ], [ 140.31185, 35.527541 ], [ 140.311795, 35.527541 ] ] ], [ [ [ 140.312517, 35.527586 ], [ 140.312573, 35.527586 ], [ 140.312628, 35.527586 ], [ 140.312628, 35.527451 ], [ 140.312573, 35.527451 ], [ 140.312573, 35.527541 ], [ 140.312517, 35.527541 ], [ 140.312517, 35.527586 ] ] ], [ [ [ 140.312795, 35.527541 ], [ 140.312739, 35.527541 ], [ 140.312739, 35.527586 ], [ 140.312795, 35.527586 ], [ 140.312795, 35.527541 ] ] ], [ [ [ 140.315739, 35.527541 ], [ 140.315628, 35.527541 ], [ 140.315628, 35.527586 ], [ 140.315739, 35.527586 ], [ 140.315739, 35.527541 ] ] ], [ [ [ 140.309239, 35.527586 ], [ 140.309239, 35.527632 ], [ 140.309295, 35.527632 ], [ 140.30935, 35.527632 ], [ 140.30935, 35.527586 ], [ 140.309239, 35.527586 ] ] ], [ [ [ 140.310073, 35.527586 ], [ 140.310017, 35.527586 ], [ 140.310017, 35.527632 ], [ 140.310073, 35.527632 ], [ 140.310073, 35.527586 ] ] ], [ [ [ 140.31185, 35.527586 ], [ 140.31185, 35.527632 ], [ 140.311906, 35.527632 ], [ 140.311906, 35.527586 ], [ 140.31185, 35.527586 ] ] ], [ [ [ 140.312517, 35.527586 ], [ 140.312462, 35.527586 ], [ 140.312462, 35.527632 ], [ 140.312517, 35.527632 ], [ 140.312517, 35.527586 ] ] ], [ [ [ 140.312739, 35.527586 ], [ 140.312684, 35.527586 ], [ 140.312684, 35.527632 ], [ 140.312739, 35.527632 ], [ 140.312739, 35.527586 ] ] ], [ [ [ 140.31535, 35.527632 ], [ 140.315462, 35.527632 ], [ 140.315462, 35.527586 ], [ 140.31535, 35.527586 ], [ 140.31535, 35.527632 ] ] ], [ [ [ 140.30935, 35.527632 ], [ 140.30935, 35.527677 ], [ 140.309406, 35.527677 ], [ 140.309462, 35.527677 ], [ 140.309462, 35.527632 ], [ 140.30935, 35.527632 ] ] ], [ [ [ 140.312017, 35.527632 ], [ 140.311962, 35.527632 ], [ 140.311962, 35.527677 ], [ 140.312017, 35.527677 ], [ 140.312017, 35.527632 ] ] ], [ [ [ 140.312517, 35.527632 ], [ 140.312517, 35.527677 ], [ 140.312573, 35.527677 ], [ 140.312573, 35.527632 ], [ 140.312517, 35.527632 ] ] ], [ [ [ 140.31535, 35.527632 ], [ 140.315295, 35.527632 ], [ 140.315295, 35.527677 ], [ 140.31535, 35.527677 ], [ 140.31535, 35.527632 ] ] ], [ [ [ 140.309462, 35.527677 ], [ 140.309462, 35.527722 ], [ 140.309517, 35.527722 ], [ 140.309517, 35.527677 ], [ 140.309462, 35.527677 ] ] ], [ [ [ 140.312462, 35.527722 ], [ 140.312462, 35.527677 ], [ 140.312406, 35.527677 ], [ 140.312406, 35.527722 ], [ 140.312462, 35.527722 ] ] ], [ [ [ 140.312684, 35.527632 ], [ 140.312628, 35.527632 ], [ 140.312628, 35.527722 ], [ 140.312684, 35.527722 ], [ 140.312684, 35.527677 ], [ 140.312684, 35.527632 ] ] ], [ [ [ 140.315295, 35.527677 ], [ 140.315239, 35.527677 ], [ 140.315239, 35.527722 ], [ 140.315295, 35.527722 ], [ 140.315295, 35.527677 ] ] ], [ [ [ 140.309684, 35.527722 ], [ 140.309573, 35.527722 ], [ 140.309573, 35.527767 ], [ 140.309628, 35.527767 ], [ 140.309684, 35.527767 ], [ 140.309684, 35.527722 ] ] ], [ [ [ 140.30985, 35.527767 ], [ 140.30985, 35.527677 ], [ 140.309906, 35.527677 ], [ 140.309906, 35.527632 ], [ 140.30985, 35.527632 ], [ 140.309795, 35.527632 ], [ 140.309795, 35.527767 ], [ 140.30985, 35.527767 ] ] ], [ [ [ 140.31235, 35.527722 ], [ 140.312295, 35.527722 ], [ 140.312295, 35.527767 ], [ 140.31235, 35.527767 ], [ 140.31235, 35.527722 ] ] ], [ [ [ 140.312462, 35.527722 ], [ 140.312462, 35.527767 ], [ 140.312517, 35.527767 ], [ 140.312517, 35.527722 ], [ 140.312462, 35.527722 ] ] ], [ [ [ 140.312628, 35.527722 ], [ 140.312573, 35.527722 ], [ 140.312573, 35.527767 ], [ 140.312628, 35.527767 ], [ 140.312628, 35.527722 ] ] ], [ [ [ 140.315239, 35.527722 ], [ 140.315184, 35.527722 ], [ 140.315184, 35.527767 ], [ 140.315239, 35.527767 ], [ 140.315239, 35.527722 ] ] ], [ [ [ 140.312462, 35.527767 ], [ 140.312406, 35.527767 ], [ 140.312406, 35.527858 ], [ 140.312462, 35.527858 ], [ 140.312462, 35.527767 ] ] ], [ [ [ 140.315184, 35.527767 ], [ 140.315128, 35.527767 ], [ 140.315128, 35.527858 ], [ 140.315184, 35.527858 ], [ 140.315184, 35.527767 ] ] ], [ [ [ 140.312517, 35.527903 ], [ 140.312573, 35.527903 ], [ 140.312573, 35.527858 ], [ 140.312517, 35.527858 ], [ 140.312517, 35.527903 ] ] ], [ [ [ 140.312406, 35.527903 ], [ 140.31235, 35.527903 ], [ 140.31235, 35.527948 ], [ 140.312406, 35.527948 ], [ 140.312406, 35.527903 ] ] ], [ [ [ 140.312517, 35.527903 ], [ 140.312462, 35.527903 ], [ 140.312462, 35.527948 ], [ 140.312517, 35.527948 ], [ 140.312517, 35.527903 ] ] ], [ [ [ 140.312462, 35.527993 ], [ 140.312406, 35.527993 ], [ 140.312406, 35.528084 ], [ 140.312462, 35.528084 ], [ 140.312462, 35.527993 ] ] ], [ [ [ 140.312573, 35.528039 ], [ 140.312517, 35.528039 ], [ 140.312517, 35.528084 ], [ 140.312573, 35.528084 ], [ 140.312573, 35.528039 ] ] ], [ [ [ 140.312684, 35.528084 ], [ 140.312628, 35.528084 ], [ 140.312628, 35.528129 ], [ 140.312684, 35.528129 ], [ 140.312684, 35.528084 ] ] ], [ [ [ 140.315128, 35.527858 ], [ 140.315073, 35.527858 ], [ 140.315073, 35.527903 ], [ 140.315017, 35.527903 ], [ 140.315017, 35.527948 ], [ 140.314962, 35.527948 ], [ 140.314962, 35.527993 ], [ 140.314906, 35.527993 ], [ 140.314906, 35.528039 ], [ 140.31485, 35.528039 ], [ 140.31485, 35.528084 ], [ 140.314906, 35.528084 ], [ 140.314906, 35.528129 ], [ 140.315017, 35.528129 ], [ 140.315017, 35.528039 ], [ 140.315128, 35.528039 ], [ 140.315128, 35.527858 ] ] ], [ [ [ 140.315017, 35.528129 ], [ 140.315017, 35.528219 ], [ 140.315073, 35.528219 ], [ 140.315073, 35.528129 ], [ 140.315017, 35.528129 ] ] ], [ [ [ 140.312184, 35.528219 ], [ 140.312128, 35.528219 ], [ 140.312128, 35.52831 ], [ 140.312184, 35.52831 ], [ 140.312184, 35.528219 ] ] ], [ [ [ 140.312962, 35.528219 ], [ 140.312906, 35.528219 ], [ 140.312906, 35.52831 ], [ 140.312962, 35.52831 ], [ 140.312962, 35.528219 ] ] ], [ [ [ 140.315184, 35.528219 ], [ 140.315128, 35.528219 ], [ 140.315128, 35.52831 ], [ 140.315184, 35.52831 ], [ 140.315184, 35.528219 ] ] ], [ [ [ 140.313128, 35.52831 ], [ 140.313073, 35.52831 ], [ 140.313073, 35.528355 ], [ 140.313128, 35.528355 ], [ 140.313128, 35.52831 ] ] ], [ [ [ 140.315295, 35.52831 ], [ 140.315239, 35.52831 ], [ 140.315239, 35.528355 ], [ 140.315295, 35.528355 ], [ 140.315295, 35.52831 ] ] ], [ [ [ 140.312628, 35.5284 ], [ 140.312684, 35.5284 ], [ 140.312684, 35.528355 ], [ 140.312628, 35.528355 ], [ 140.312628, 35.5284 ] ] ], [ [ [ 140.315406, 35.528355 ], [ 140.31535, 35.528355 ], [ 140.31535, 35.5284 ], [ 140.315406, 35.5284 ], [ 140.315406, 35.528355 ] ] ], [ [ [ 140.312128, 35.5284 ], [ 140.312073, 35.5284 ], [ 140.312073, 35.528446 ], [ 140.312128, 35.528446 ], [ 140.312128, 35.5284 ] ] ], [ [ [ 140.312739, 35.528446 ], [ 140.312795, 35.528446 ], [ 140.312795, 35.5284 ], [ 140.312739, 35.5284 ], [ 140.312739, 35.528446 ] ] ], [ [ [ 140.313406, 35.5284 ], [ 140.31335, 35.5284 ], [ 140.31335, 35.528446 ], [ 140.313406, 35.528446 ], [ 140.313406, 35.5284 ] ] ], [ [ [ 140.315517, 35.5284 ], [ 140.315462, 35.5284 ], [ 140.315462, 35.528446 ], [ 140.315517, 35.528446 ], [ 140.315517, 35.5284 ] ] ], [ [ [ 140.313017, 35.528536 ], [ 140.313017, 35.528446 ], [ 140.312906, 35.528446 ], [ 140.312906, 35.528536 ], [ 140.313017, 35.528536 ] ] ], [ [ [ 140.313573, 35.528446 ], [ 140.313462, 35.528446 ], [ 140.313462, 35.528536 ], [ 140.313573, 35.528536 ], [ 140.313573, 35.528446 ] ] ], [ [ [ 140.315628, 35.528446 ], [ 140.315573, 35.528446 ], [ 140.315573, 35.528536 ], [ 140.315628, 35.528536 ], [ 140.315628, 35.528446 ] ] ], [ [ [ 140.313017, 35.528536 ], [ 140.313017, 35.528581 ], [ 140.313128, 35.528581 ], [ 140.313128, 35.528536 ], [ 140.313017, 35.528536 ] ] ], [ [ [ 140.313684, 35.528536 ], [ 140.313628, 35.528536 ], [ 140.313628, 35.528581 ], [ 140.313684, 35.528581 ], [ 140.313684, 35.528536 ] ] ], [ [ [ 140.315739, 35.528581 ], [ 140.315739, 35.528536 ], [ 140.315684, 35.528536 ], [ 140.315684, 35.528581 ], [ 140.315739, 35.528581 ] ] ], [ [ [ 140.313239, 35.528581 ], [ 140.313184, 35.528581 ], [ 140.313184, 35.528626 ], [ 140.313239, 35.528626 ], [ 140.313239, 35.528581 ] ] ], [ [ [ 140.313795, 35.528581 ], [ 140.313739, 35.528581 ], [ 140.313739, 35.528626 ], [ 140.313795, 35.528626 ], [ 140.313795, 35.528581 ] ] ], [ [ [ 140.312017, 35.528672 ], [ 140.312073, 35.528672 ], [ 140.312073, 35.528626 ], [ 140.312017, 35.528626 ], [ 140.312017, 35.528672 ] ] ], [ [ [ 140.31335, 35.528626 ], [ 140.313295, 35.528626 ], [ 140.313295, 35.528672 ], [ 140.31335, 35.528672 ], [ 140.31335, 35.528626 ] ] ], [ [ [ 140.313906, 35.528626 ], [ 140.31385, 35.528626 ], [ 140.31385, 35.528672 ], [ 140.313906, 35.528672 ], [ 140.313906, 35.528626 ] ] ], [ [ [ 140.314184, 35.528672 ], [ 140.314239, 35.528672 ], [ 140.314239, 35.528626 ], [ 140.314184, 35.528626 ], [ 140.314184, 35.528672 ] ] ], [ [ [ 140.316017, 35.528626 ], [ 140.315962, 35.528626 ], [ 140.315962, 35.528672 ], [ 140.316017, 35.528672 ], [ 140.316017, 35.528626 ] ] ], [ [ [ 140.316406, 35.528626 ], [ 140.31635, 35.528626 ], [ 140.31635, 35.528672 ], [ 140.316406, 35.528672 ], [ 140.316406, 35.528626 ] ] ], [ [ [ 140.312184, 35.528717 ], [ 140.312184, 35.528672 ], [ 140.312128, 35.528672 ], [ 140.312128, 35.528717 ], [ 140.312184, 35.528717 ] ] ], [ [ [ 140.313462, 35.528672 ], [ 140.313406, 35.528672 ], [ 140.313406, 35.528717 ], [ 140.313462, 35.528717 ], [ 140.313462, 35.528672 ] ] ], [ [ [ 140.314017, 35.528672 ], [ 140.313962, 35.528672 ], [ 140.313962, 35.528717 ], [ 140.314017, 35.528717 ], [ 140.314017, 35.528672 ] ] ], [ [ [ 140.316128, 35.528717 ], [ 140.316128, 35.528672 ], [ 140.316073, 35.528672 ], [ 140.316073, 35.528717 ], [ 140.316128, 35.528717 ] ] ], [ [ [ 140.312017, 35.528672 ], [ 140.311962, 35.528672 ], [ 140.311962, 35.528717 ], [ 140.311962, 35.528762 ], [ 140.312017, 35.528762 ], [ 140.312017, 35.528672 ] ] ], [ [ [ 140.313628, 35.528717 ], [ 140.313517, 35.528717 ], [ 140.313517, 35.528762 ], [ 140.313628, 35.528762 ], [ 140.313628, 35.528717 ] ] ], [ [ [ 140.314184, 35.528672 ], [ 140.314128, 35.528672 ], [ 140.314128, 35.528717 ], [ 140.314128, 35.528762 ], [ 140.314184, 35.528762 ], [ 140.314184, 35.528672 ] ] ], [ [ [ 140.312517, 35.528762 ], [ 140.312462, 35.528762 ], [ 140.312462, 35.528807 ], [ 140.312517, 35.528807 ], [ 140.312517, 35.528762 ] ] ], [ [ [ 140.313739, 35.528762 ], [ 140.313684, 35.528762 ], [ 140.313684, 35.528807 ], [ 140.313739, 35.528807 ], [ 140.313739, 35.528762 ] ] ], [ [ [ 140.314295, 35.528762 ], [ 140.314239, 35.528762 ], [ 140.314239, 35.528807 ], [ 140.314295, 35.528807 ], [ 140.314295, 35.528762 ] ] ], [ [ [ 140.311906, 35.528898 ], [ 140.311962, 35.528898 ], [ 140.311962, 35.528807 ], [ 140.311906, 35.528807 ], [ 140.311906, 35.528898 ] ] ], [ [ [ 140.314406, 35.528807 ], [ 140.31435, 35.528807 ], [ 140.31435, 35.528898 ], [ 140.314406, 35.528898 ], [ 140.314406, 35.528807 ] ] ], [ [ [ 140.31235, 35.528898 ], [ 140.31235, 35.528943 ], [ 140.312406, 35.528943 ], [ 140.312406, 35.528898 ], [ 140.31235, 35.528898 ] ] ], [ [ [ 140.31385, 35.528807 ], [ 140.313795, 35.528807 ], [ 140.313795, 35.528943 ], [ 140.31385, 35.528943 ], [ 140.31385, 35.528807 ] ] ], [ [ [ 140.314573, 35.528943 ], [ 140.314573, 35.528898 ], [ 140.314462, 35.528898 ], [ 140.314462, 35.528943 ], [ 140.314517, 35.528943 ], [ 140.314573, 35.528943 ] ] ], [ [ [ 140.314573, 35.528943 ], [ 140.314573, 35.528988 ], [ 140.314628, 35.528988 ], [ 140.314684, 35.528988 ], [ 140.314684, 35.528943 ], [ 140.314573, 35.528943 ] ] ], [ [ [ 140.311906, 35.528898 ], [ 140.31185, 35.528898 ], [ 140.31185, 35.529033 ], [ 140.311906, 35.529033 ], [ 140.311906, 35.528898 ] ] ], [ [ [ 140.313684, 35.529033 ], [ 140.313739, 35.529033 ], [ 140.313739, 35.528988 ], [ 140.313684, 35.528988 ], [ 140.313684, 35.529033 ] ] ], [ [ [ 140.314795, 35.528988 ], [ 140.314739, 35.528988 ], [ 140.314739, 35.529033 ], [ 140.314795, 35.529033 ], [ 140.314795, 35.528988 ] ] ], [ [ [ 140.316128, 35.528717 ], [ 140.316128, 35.528762 ], [ 140.316239, 35.528762 ], [ 140.316239, 35.528943 ], [ 140.316295, 35.528943 ], [ 140.316295, 35.529033 ], [ 140.31635, 35.529033 ], [ 140.31635, 35.528988 ], [ 140.316462, 35.528988 ], [ 140.316462, 35.528898 ], [ 140.316406, 35.528898 ], [ 140.316406, 35.528807 ], [ 140.316295, 35.528807 ], [ 140.316295, 35.528717 ], [ 140.316128, 35.528717 ] ] ], [ [ [ 140.312017, 35.529033 ], [ 140.311962, 35.529033 ], [ 140.311962, 35.529078 ], [ 140.312017, 35.529078 ], [ 140.312017, 35.529033 ] ] ], [ [ [ 140.31235, 35.528943 ], [ 140.312295, 35.528943 ], [ 140.312295, 35.528898 ], [ 140.31235, 35.528898 ], [ 140.31235, 35.528762 ], [ 140.312295, 35.528762 ], [ 140.312295, 35.528672 ], [ 140.31235, 35.528672 ], [ 140.31235, 35.528626 ], [ 140.312406, 35.528626 ], [ 140.312406, 35.528536 ], [ 140.312517, 35.528536 ], [ 140.312517, 35.528581 ], [ 140.312573, 35.528581 ], [ 140.312573, 35.528536 ], [ 140.312628, 35.528536 ], [ 140.312628, 35.528581 ], [ 140.312684, 35.528581 ], [ 140.312684, 35.528536 ], [ 140.312739, 35.528536 ], [ 140.312739, 35.528446 ], [ 140.312628, 35.528446 ], [ 140.312628, 35.5284 ], [ 140.312517, 35.5284 ], [ 140.312517, 35.52831 ], [ 140.312462, 35.52831 ], [ 140.312462, 35.528219 ], [ 140.31235, 35.528219 ], [ 140.31235, 35.528355 ], [ 140.31235, 35.5284 ], [ 140.312295, 35.5284 ], [ 140.312295, 35.528536 ], [ 140.312239, 35.528536 ], [ 140.312184, 35.528536 ], [ 140.312184, 35.528581 ], [ 140.312239, 35.528581 ], [ 140.312239, 35.528626 ], [ 140.312239, 35.528672 ], [ 140.312239, 35.528717 ], [ 140.312184, 35.528717 ], [ 140.312184, 35.528807 ], [ 140.312128, 35.528807 ], [ 140.312128, 35.528943 ], [ 140.312073, 35.528943 ], [ 140.312017, 35.528943 ], [ 140.312017, 35.528988 ], [ 140.312073, 35.528988 ], [ 140.312073, 35.529033 ], [ 140.312184, 35.529033 ], [ 140.312184, 35.529078 ], [ 140.312295, 35.529078 ], [ 140.312295, 35.529033 ], [ 140.31235, 35.529033 ], [ 140.31235, 35.528943 ] ] ], [ [ [ 140.314906, 35.529033 ], [ 140.31485, 35.529033 ], [ 140.31485, 35.529078 ], [ 140.314906, 35.529078 ], [ 140.314906, 35.529033 ] ] ], [ [ [ 140.309684, 35.529078 ], [ 140.309628, 35.529078 ], [ 140.309628, 35.529214 ], [ 140.309684, 35.529214 ], [ 140.309684, 35.529078 ] ] ], [ [ [ 140.31185, 35.529078 ], [ 140.311795, 35.529078 ], [ 140.311795, 35.529214 ], [ 140.31185, 35.529214 ], [ 140.31185, 35.529078 ] ] ], [ [ [ 140.313684, 35.529033 ], [ 140.313628, 35.529033 ], [ 140.313628, 35.529078 ], [ 140.313628, 35.529214 ], [ 140.313684, 35.529214 ], [ 140.313684, 35.529033 ] ] ], [ [ [ 140.315017, 35.529078 ], [ 140.314962, 35.529078 ], [ 140.314962, 35.529214 ], [ 140.315017, 35.529214 ], [ 140.315017, 35.529078 ] ] ], [ [ [ 140.313628, 35.529214 ], [ 140.313573, 35.529214 ], [ 140.313517, 35.529214 ], [ 140.313517, 35.529259 ], [ 140.313628, 35.529259 ], [ 140.313628, 35.529214 ] ] ], [ [ [ 140.315128, 35.529214 ], [ 140.315073, 35.529214 ], [ 140.315073, 35.529259 ], [ 140.315128, 35.529259 ], [ 140.315128, 35.529214 ] ] ], [ [ [ 140.309906, 35.529214 ], [ 140.309739, 35.529214 ], [ 140.309739, 35.529259 ], [ 140.30985, 35.529259 ], [ 140.30985, 35.529305 ], [ 140.309962, 35.529305 ], [ 140.309962, 35.529259 ], [ 140.309906, 35.529259 ], [ 140.309906, 35.529214 ] ] ], [ [ [ 140.311795, 35.529305 ], [ 140.31185, 35.529305 ], [ 140.31185, 35.529259 ], [ 140.311795, 35.529259 ], [ 140.311795, 35.529305 ] ] ], [ [ [ 140.313517, 35.529259 ], [ 140.313462, 35.529259 ], [ 140.313462, 35.529305 ], [ 140.313517, 35.529305 ], [ 140.313517, 35.529259 ] ] ], [ [ [ 140.310239, 35.529305 ], [ 140.310128, 35.529305 ], [ 140.310128, 35.52935 ], [ 140.310184, 35.52935 ], [ 140.310184, 35.529395 ], [ 140.310239, 35.529395 ], [ 140.310239, 35.529305 ] ] ], [ [ [ 140.30985, 35.529395 ], [ 140.309795, 35.529395 ], [ 140.309795, 35.52944 ], [ 140.30985, 35.52944 ], [ 140.30985, 35.529395 ] ] ], [ [ [ 140.311684, 35.529485 ], [ 140.311739, 35.529485 ], [ 140.311739, 35.529395 ], [ 140.311684, 35.529395 ], [ 140.311684, 35.529485 ] ] ], [ [ [ 140.310573, 35.529576 ], [ 140.310628, 35.529576 ], [ 140.310628, 35.529485 ], [ 140.310684, 35.529485 ], [ 140.310684, 35.52935 ], [ 140.310628, 35.52935 ], [ 140.310628, 35.529395 ], [ 140.310462, 35.529395 ], [ 140.310462, 35.52935 ], [ 140.310295, 35.52935 ], [ 140.310295, 35.52944 ], [ 140.310517, 35.52944 ], [ 140.310517, 35.529485 ], [ 140.310573, 35.529485 ], [ 140.310573, 35.529576 ] ] ], [ [ [ 140.311684, 35.529485 ], [ 140.311573, 35.529485 ], [ 140.311573, 35.529576 ], [ 140.311684, 35.529576 ], [ 140.311684, 35.529485 ] ] ], [ [ [ 140.310573, 35.529576 ], [ 140.310517, 35.529576 ], [ 140.310517, 35.529621 ], [ 140.310406, 35.529621 ], [ 140.310406, 35.529576 ], [ 140.310184, 35.529576 ], [ 140.310184, 35.529621 ], [ 140.31035, 35.529621 ], [ 140.31035, 35.529666 ], [ 140.310406, 35.529666 ], [ 140.310573, 35.529666 ], [ 140.310573, 35.529576 ] ] ], [ [ [ 140.311517, 35.529666 ], [ 140.311573, 35.529666 ], [ 140.311573, 35.529621 ], [ 140.311517, 35.529621 ], [ 140.311517, 35.529666 ] ] ], [ [ [ 140.313239, 35.529621 ], [ 140.313239, 35.529485 ], [ 140.313295, 35.529485 ], [ 140.313295, 35.52944 ], [ 140.313462, 35.52944 ], [ 140.313462, 35.529576 ], [ 140.313573, 35.529576 ], [ 140.313573, 35.529485 ], [ 140.313628, 35.529485 ], [ 140.313628, 35.52944 ], [ 140.313517, 35.52944 ], [ 140.313517, 35.529395 ], [ 140.313462, 35.529395 ], [ 140.313462, 35.529305 ], [ 140.313406, 35.529305 ], [ 140.313406, 35.52935 ], [ 140.31335, 35.52935 ], [ 140.31335, 35.529395 ], [ 140.313239, 35.529395 ], [ 140.313239, 35.52944 ], [ 140.313184, 35.52944 ], [ 140.313184, 35.529485 ], [ 140.313128, 35.529485 ], [ 140.313128, 35.529576 ], [ 140.313073, 35.529576 ], [ 140.313073, 35.529666 ], [ 140.313128, 35.529666 ], [ 140.313128, 35.529621 ], [ 140.313239, 35.529621 ] ] ], [ [ [ 140.313462, 35.529621 ], [ 140.313462, 35.529576 ], [ 140.313295, 35.529576 ], [ 140.313295, 35.529621 ], [ 140.313239, 35.529621 ], [ 140.313239, 35.529666 ], [ 140.313406, 35.529666 ], [ 140.313406, 35.529621 ], [ 140.313462, 35.529621 ] ] ], [ [ [ 140.316295, 35.529033 ], [ 140.316184, 35.529033 ], [ 140.316184, 35.528807 ], [ 140.315962, 35.528807 ], [ 140.315962, 35.528717 ], [ 140.315906, 35.528717 ], [ 140.315906, 35.528672 ], [ 140.31585, 35.528672 ], [ 140.31585, 35.528626 ], [ 140.315795, 35.528626 ], [ 140.315795, 35.528581 ], [ 140.315739, 35.528581 ], [ 140.315739, 35.528672 ], [ 140.315684, 35.528672 ], [ 140.315684, 35.528762 ], [ 140.315628, 35.528762 ], [ 140.315628, 35.528807 ], [ 140.315573, 35.528807 ], [ 140.315573, 35.528943 ], [ 140.315517, 35.528943 ], [ 140.315517, 35.529033 ], [ 140.315462, 35.529033 ], [ 140.315462, 35.529078 ], [ 140.315406, 35.529078 ], [ 140.315406, 35.529214 ], [ 140.31535, 35.529214 ], [ 140.31535, 35.529305 ], [ 140.31535, 35.52935 ], [ 140.315406, 35.52935 ], [ 140.315406, 35.529305 ], [ 140.315462, 35.529305 ], [ 140.315462, 35.52935 ], [ 140.315462, 35.529395 ], [ 140.315517, 35.529395 ], [ 140.315628, 35.529395 ], [ 140.315628, 35.52944 ], [ 140.315684, 35.52944 ], [ 140.315684, 35.529485 ], [ 140.315795, 35.529485 ], [ 140.315795, 35.529576 ], [ 140.315906, 35.529576 ], [ 140.315962, 35.529576 ], [ 140.315962, 35.529621 ], [ 140.316017, 35.529621 ], [ 140.316073, 35.529621 ], [ 140.316073, 35.529666 ], [ 140.316128, 35.529666 ], [ 140.316184, 35.529666 ], [ 140.316184, 35.529621 ], [ 140.316239, 35.529621 ], [ 140.316239, 35.529576 ], [ 140.316295, 35.529576 ], [ 140.316295, 35.529485 ], [ 140.316295, 35.52944 ], [ 140.31635, 35.52944 ], [ 140.31635, 35.529259 ], [ 140.316295, 35.529259 ], [ 140.316295, 35.529214 ], [ 140.31635, 35.529214 ], [ 140.31635, 35.529078 ], [ 140.316295, 35.529078 ], [ 140.316295, 35.529033 ] ], [ [ 140.315739, 35.529078 ], [ 140.315739, 35.529214 ], [ 140.315684, 35.529214 ], [ 140.315684, 35.529078 ], [ 140.315739, 35.529078 ] ], [ [ 140.315573, 35.529305 ], [ 140.315573, 35.52935 ], [ 140.315517, 35.52935 ], [ 140.315517, 35.529305 ], [ 140.315573, 35.529305 ] ], [ [ 140.315739, 35.529033 ], [ 140.315739, 35.528988 ], [ 140.315795, 35.528988 ], [ 140.315795, 35.529033 ], [ 140.315739, 35.529033 ] ] ], [ [ [ 140.311517, 35.529666 ], [ 140.311462, 35.529666 ], [ 140.311462, 35.529711 ], [ 140.311517, 35.529711 ], [ 140.311517, 35.529666 ] ] ], [ [ [ 140.311684, 35.529711 ], [ 140.311739, 35.529711 ], [ 140.311739, 35.529666 ], [ 140.311684, 35.529666 ], [ 140.311684, 35.529711 ] ] ], [ [ [ 140.313239, 35.529666 ], [ 140.313184, 35.529666 ], [ 140.313184, 35.529711 ], [ 140.313239, 35.529711 ], [ 140.313239, 35.529666 ] ] ], [ [ [ 140.311684, 35.529711 ], [ 140.311628, 35.529711 ], [ 140.311628, 35.529757 ], [ 140.311684, 35.529757 ], [ 140.311684, 35.529711 ] ] ], [ [ [ 140.313239, 35.529711 ], [ 140.313239, 35.529757 ], [ 140.313295, 35.529757 ], [ 140.313295, 35.529711 ], [ 140.313239, 35.529711 ] ] ], [ [ [ 140.31135, 35.529757 ], [ 140.31135, 35.529711 ], [ 140.311406, 35.529711 ], [ 140.311406, 35.529666 ], [ 140.311462, 35.529666 ], [ 140.311462, 35.529621 ], [ 140.311406, 35.529621 ], [ 140.311406, 35.529485 ], [ 140.311517, 35.529485 ], [ 140.311517, 35.529395 ], [ 140.311573, 35.529395 ], [ 140.311573, 35.52935 ], [ 140.311795, 35.52935 ], [ 140.311795, 35.529305 ], [ 140.31135, 35.529305 ], [ 140.31135, 35.52935 ], [ 140.311406, 35.52935 ], [ 140.311406, 35.52944 ], [ 140.311295, 35.52944 ], [ 140.311295, 35.529621 ], [ 140.311239, 35.529621 ], [ 140.311239, 35.529711 ], [ 140.311184, 35.529711 ], [ 140.311184, 35.529757 ], [ 140.311239, 35.529757 ], [ 140.311239, 35.529802 ], [ 140.311295, 35.529802 ], [ 140.311295, 35.529757 ], [ 140.31135, 35.529757 ] ] ], [ [ [ 140.31135, 35.529757 ], [ 140.31135, 35.529802 ], [ 140.311406, 35.529802 ], [ 140.311406, 35.529757 ], [ 140.31135, 35.529757 ] ] ], [ [ [ 140.31135, 35.529802 ], [ 140.311295, 35.529802 ], [ 140.311295, 35.529892 ], [ 140.31135, 35.529892 ], [ 140.31135, 35.529802 ] ] ], [ [ [ 140.31185, 35.529757 ], [ 140.311795, 35.529757 ], [ 140.311795, 35.529802 ], [ 140.311795, 35.529892 ], [ 140.31185, 35.529892 ], [ 140.31185, 35.529757 ] ] ], [ [ [ 140.31285, 35.529938 ], [ 140.312795, 35.529938 ], [ 140.312795, 35.530028 ], [ 140.31285, 35.530028 ], [ 140.31285, 35.529938 ] ] ], [ [ [ 140.313239, 35.529757 ], [ 140.313128, 35.529757 ], [ 140.313128, 35.529892 ], [ 140.313017, 35.529892 ], [ 140.313017, 35.529938 ], [ 140.313073, 35.529938 ], [ 140.313073, 35.530028 ], [ 140.313128, 35.530028 ], [ 140.313128, 35.529938 ], [ 140.313184, 35.529938 ], [ 140.313184, 35.529892 ], [ 140.313239, 35.529892 ], [ 140.313239, 35.529757 ] ] ], [ [ [ 140.311906, 35.530073 ], [ 140.311906, 35.530028 ], [ 140.31185, 35.530028 ], [ 140.31185, 35.529938 ], [ 140.311795, 35.529938 ], [ 140.311795, 35.530028 ], [ 140.311739, 35.530028 ], [ 140.311739, 35.530073 ], [ 140.311906, 35.530073 ] ] ], [ [ [ 140.313128, 35.530028 ], [ 140.313128, 35.530073 ], [ 140.313184, 35.530073 ], [ 140.313184, 35.530028 ], [ 140.313128, 35.530028 ] ] ], [ [ [ 140.311239, 35.530118 ], [ 140.311239, 35.530028 ], [ 140.311184, 35.530028 ], [ 140.311184, 35.530073 ], [ 140.311128, 35.530073 ], [ 140.311128, 35.530118 ], [ 140.311239, 35.530118 ] ] ], [ [ [ 140.311517, 35.530118 ], [ 140.311573, 35.530118 ], [ 140.311573, 35.530028 ], [ 140.311684, 35.530028 ], [ 140.311684, 35.529938 ], [ 140.311628, 35.529938 ], [ 140.311628, 35.529892 ], [ 140.311573, 35.529892 ], [ 140.311573, 35.529938 ], [ 140.311462, 35.529938 ], [ 140.311462, 35.530028 ], [ 140.311517, 35.530028 ], [ 140.311517, 35.530073 ], [ 140.311517, 35.530118 ] ] ], [ [ [ 140.311906, 35.530073 ], [ 140.311906, 35.530118 ], [ 140.312017, 35.530118 ], [ 140.312017, 35.530073 ], [ 140.311906, 35.530073 ] ] ], [ [ [ 140.313073, 35.530028 ], [ 140.313017, 35.530028 ], [ 140.313017, 35.529938 ], [ 140.312962, 35.529938 ], [ 140.312962, 35.529892 ], [ 140.313017, 35.529892 ], [ 140.313017, 35.529757 ], [ 140.313073, 35.529757 ], [ 140.313073, 35.529666 ], [ 140.313017, 35.529666 ], [ 140.313017, 35.529711 ], [ 140.312962, 35.529711 ], [ 140.312962, 35.529802 ], [ 140.312906, 35.529802 ], [ 140.312906, 35.529938 ], [ 140.312906, 35.530028 ], [ 140.312962, 35.530028 ], [ 140.312962, 35.530073 ], [ 140.313017, 35.530073 ], [ 140.313017, 35.530118 ], [ 140.313073, 35.530118 ], [ 140.313073, 35.530028 ] ] ], [ [ [ 140.311517, 35.530118 ], [ 140.311462, 35.530118 ], [ 140.311462, 35.530164 ], [ 140.311517, 35.530164 ], [ 140.311517, 35.530118 ] ] ], [ [ [ 140.312017, 35.530118 ], [ 140.312017, 35.530164 ], [ 140.312128, 35.530164 ], [ 140.312128, 35.530118 ], [ 140.312017, 35.530118 ] ] ], [ [ [ 140.312962, 35.530164 ], [ 140.312962, 35.530118 ], [ 140.312906, 35.530118 ], [ 140.312906, 35.530073 ], [ 140.31285, 35.530073 ], [ 140.31285, 35.530164 ], [ 140.312906, 35.530164 ], [ 140.312962, 35.530164 ] ] ], [ [ [ 140.311184, 35.530254 ], [ 140.311239, 35.530254 ], [ 140.311239, 35.530164 ], [ 140.311184, 35.530164 ], [ 140.311184, 35.530254 ] ] ], [ [ [ 140.311295, 35.530254 ], [ 140.31135, 35.530254 ], [ 140.31135, 35.530164 ], [ 140.311295, 35.530164 ], [ 140.311295, 35.530254 ] ] ], [ [ [ 140.312128, 35.530164 ], [ 140.312128, 35.530254 ], [ 140.312239, 35.530254 ], [ 140.312239, 35.530164 ], [ 140.312128, 35.530164 ] ] ], [ [ [ 140.312684, 35.530164 ], [ 140.312628, 35.530164 ], [ 140.312628, 35.530254 ], [ 140.312684, 35.530254 ], [ 140.312684, 35.530164 ] ] ], [ [ [ 140.312962, 35.530164 ], [ 140.312962, 35.530254 ], [ 140.313017, 35.530254 ], [ 140.313017, 35.530164 ], [ 140.312962, 35.530164 ] ] ], [ [ [ 140.310962, 35.530299 ], [ 140.311017, 35.530299 ], [ 140.311017, 35.530254 ], [ 140.310962, 35.530254 ], [ 140.310962, 35.530299 ] ] ], [ [ [ 140.311184, 35.530254 ], [ 140.311128, 35.530254 ], [ 140.311128, 35.530299 ], [ 140.311184, 35.530299 ], [ 140.311184, 35.530254 ] ] ], [ [ [ 140.311295, 35.530254 ], [ 140.311239, 35.530254 ], [ 140.311239, 35.530299 ], [ 140.311295, 35.530299 ], [ 140.311295, 35.530254 ] ] ], [ [ [ 140.311406, 35.530299 ], [ 140.311462, 35.530299 ], [ 140.311462, 35.530254 ], [ 140.311406, 35.530254 ], [ 140.311406, 35.530299 ] ] ], [ [ [ 140.312239, 35.530254 ], [ 140.312239, 35.530299 ], [ 140.31235, 35.530299 ], [ 140.31235, 35.530254 ], [ 140.312239, 35.530254 ] ] ], [ [ [ 140.310962, 35.530299 ], [ 140.310906, 35.530299 ], [ 140.310906, 35.530344 ], [ 140.310962, 35.530344 ], [ 140.310962, 35.530299 ] ] ], [ [ [ 140.31235, 35.530299 ], [ 140.31235, 35.530344 ], [ 140.312462, 35.530344 ], [ 140.312462, 35.530299 ], [ 140.31235, 35.530299 ] ] ], [ [ [ 140.312628, 35.530299 ], [ 140.312573, 35.530299 ], [ 140.312573, 35.530344 ], [ 140.312628, 35.530344 ], [ 140.312628, 35.530299 ] ] ], [ [ [ 140.308628, 35.53039 ], [ 140.308739, 35.53039 ], [ 140.308739, 35.530344 ], [ 140.308628, 35.530344 ], [ 140.308628, 35.53039 ] ] ], [ [ [ 140.310906, 35.530344 ], [ 140.31085, 35.530344 ], [ 140.31085, 35.53039 ], [ 140.310906, 35.53039 ], [ 140.310906, 35.530344 ] ] ], [ [ [ 140.311406, 35.530299 ], [ 140.31135, 35.530299 ], [ 140.31135, 35.530344 ], [ 140.31135, 35.53039 ], [ 140.311406, 35.53039 ], [ 140.311406, 35.530299 ] ] ], [ [ [ 140.312462, 35.530344 ], [ 140.312462, 35.53039 ], [ 140.312517, 35.53039 ], [ 140.312517, 35.530344 ], [ 140.312462, 35.530344 ] ] ], [ [ [ 140.308628, 35.53039 ], [ 140.308406, 35.53039 ], [ 140.308406, 35.530435 ], [ 140.308628, 35.530435 ], [ 140.308628, 35.53039 ] ] ], [ [ [ 140.311017, 35.530435 ], [ 140.311073, 35.530435 ], [ 140.311073, 35.53039 ], [ 140.311073, 35.530344 ], [ 140.311017, 35.530344 ], [ 140.311017, 35.53039 ], [ 140.311017, 35.530435 ] ] ], [ [ [ 140.31135, 35.53039 ], [ 140.311295, 35.53039 ], [ 140.311295, 35.530435 ], [ 140.31135, 35.530435 ], [ 140.31135, 35.53039 ] ] ], [ [ [ 140.310795, 35.530435 ], [ 140.310739, 35.530435 ], [ 140.310739, 35.53048 ], [ 140.310795, 35.53048 ], [ 140.310795, 35.530435 ] ] ], [ [ [ 140.310906, 35.53048 ], [ 140.310906, 35.530435 ], [ 140.31085, 35.530435 ], [ 140.31085, 35.53048 ], [ 140.310906, 35.53048 ] ] ], [ [ [ 140.311017, 35.530435 ], [ 140.310962, 35.530435 ], [ 140.310962, 35.53048 ], [ 140.311017, 35.53048 ], [ 140.311017, 35.530435 ] ] ], [ [ [ 140.311295, 35.530435 ], [ 140.311239, 35.530435 ], [ 140.311239, 35.53048 ], [ 140.311295, 35.53048 ], [ 140.311295, 35.530435 ] ] ], [ [ [ 140.308295, 35.530525 ], [ 140.30835, 35.530525 ], [ 140.30835, 35.53048 ], [ 140.308295, 35.53048 ], [ 140.308295, 35.530525 ] ] ], [ [ [ 140.310962, 35.53048 ], [ 140.310906, 35.53048 ], [ 140.310906, 35.530525 ], [ 140.310962, 35.530525 ], [ 140.310962, 35.53048 ] ] ], [ [ [ 140.312462, 35.53048 ], [ 140.312406, 35.53048 ], [ 140.312406, 35.530525 ], [ 140.312462, 35.530525 ], [ 140.312462, 35.53048 ] ] ], [ [ [ 140.313573, 35.529576 ], [ 140.313573, 35.529621 ], [ 140.313462, 35.529621 ], [ 140.313462, 35.529666 ], [ 140.313517, 35.529666 ], [ 140.313517, 35.529711 ], [ 140.313462, 35.529711 ], [ 140.313462, 35.529757 ], [ 140.313517, 35.529757 ], [ 140.313517, 35.529802 ], [ 140.313406, 35.529802 ], [ 140.313406, 35.529711 ], [ 140.31335, 35.529711 ], [ 140.31335, 35.529802 ], [ 140.313295, 35.529802 ], [ 140.313295, 35.529892 ], [ 140.31335, 35.529892 ], [ 140.31335, 35.530073 ], [ 140.313184, 35.530073 ], [ 140.313184, 35.530299 ], [ 140.313184, 35.530344 ], [ 140.313295, 35.530344 ], [ 140.31335, 35.530344 ], [ 140.31335, 35.53039 ], [ 140.313406, 35.53039 ], [ 140.313462, 35.53039 ], [ 140.313462, 35.530435 ], [ 140.313517, 35.530435 ], [ 140.313573, 35.530435 ], [ 140.313573, 35.53048 ], [ 140.313628, 35.53048 ], [ 140.313628, 35.530525 ], [ 140.313795, 35.530525 ], [ 140.313795, 35.53048 ], [ 140.31385, 35.53048 ], [ 140.31385, 35.530435 ], [ 140.31385, 35.53039 ], [ 140.313906, 35.53039 ], [ 140.313906, 35.530344 ], [ 140.313962, 35.530344 ], [ 140.313962, 35.530299 ], [ 140.314017, 35.530299 ], [ 140.314017, 35.530254 ], [ 140.314017, 35.530164 ], [ 140.314073, 35.530164 ], [ 140.314073, 35.530073 ], [ 140.314017, 35.530073 ], [ 140.314017, 35.530028 ], [ 140.313962, 35.530028 ], [ 140.313962, 35.529938 ], [ 140.313906, 35.529938 ], [ 140.313906, 35.529892 ], [ 140.313906, 35.529757 ], [ 140.31385, 35.529757 ], [ 140.31385, 35.529711 ], [ 140.313795, 35.529711 ], [ 140.313795, 35.529666 ], [ 140.313739, 35.529666 ], [ 140.313739, 35.529621 ], [ 140.313684, 35.529621 ], [ 140.313628, 35.529621 ], [ 140.313628, 35.529576 ], [ 140.313573, 35.529576 ] ], [ [ 140.313628, 35.529802 ], [ 140.313628, 35.529938 ], [ 140.313462, 35.529938 ], [ 140.313462, 35.529892 ], [ 140.313573, 35.529892 ], [ 140.313573, 35.529802 ], [ 140.313628, 35.529802 ] ], [ [ 140.313573, 35.530073 ], [ 140.313573, 35.530118 ], [ 140.313517, 35.530118 ], [ 140.313517, 35.530073 ], [ 140.313573, 35.530073 ] ], [ [ 140.313406, 35.530118 ], [ 140.313406, 35.530164 ], [ 140.31335, 35.530164 ], [ 140.31335, 35.530118 ], [ 140.313406, 35.530118 ] ], [ [ 140.31385, 35.530254 ], [ 140.31385, 35.530299 ], [ 140.313795, 35.530299 ], [ 140.313795, 35.530254 ], [ 140.31385, 35.530254 ], [ 140.31385, 35.530118 ], [ 140.313906, 35.530118 ], [ 140.313906, 35.530254 ], [ 140.31385, 35.530254 ] ], [ [ 140.313684, 35.53039 ], [ 140.313684, 35.530435 ], [ 140.313628, 35.530435 ], [ 140.313628, 35.53039 ], [ 140.313684, 35.53039 ] ] ], [ [ [ 140.308295, 35.530525 ], [ 140.308239, 35.530525 ], [ 140.308239, 35.530616 ], [ 140.308295, 35.530616 ], [ 140.308295, 35.530525 ] ] ], [ [ [ 140.310684, 35.530525 ], [ 140.310628, 35.530525 ], [ 140.310628, 35.530616 ], [ 140.310684, 35.530616 ], [ 140.310684, 35.530525 ] ] ], [ [ [ 140.310795, 35.530616 ], [ 140.31085, 35.530616 ], [ 140.31085, 35.530525 ], [ 140.310795, 35.530525 ], [ 140.310795, 35.530616 ] ] ], [ [ [ 140.311184, 35.530616 ], [ 140.311239, 35.530616 ], [ 140.311239, 35.530525 ], [ 140.311184, 35.530525 ], [ 140.311184, 35.530616 ] ] ], [ [ [ 140.310573, 35.530616 ], [ 140.310517, 35.530616 ], [ 140.310517, 35.530661 ], [ 140.310573, 35.530661 ], [ 140.310573, 35.530616 ] ] ], [ [ [ 140.310795, 35.530616 ], [ 140.310739, 35.530616 ], [ 140.310739, 35.530661 ], [ 140.310795, 35.530661 ], [ 140.310795, 35.530616 ] ] ], [ [ [ 140.308128, 35.530706 ], [ 140.308128, 35.530661 ], [ 140.308073, 35.530661 ], [ 140.308073, 35.530706 ], [ 140.308128, 35.530706 ] ] ], [ [ [ 140.308184, 35.530706 ], [ 140.308239, 35.530706 ], [ 140.308239, 35.530661 ], [ 140.308184, 35.530661 ], [ 140.308184, 35.530706 ] ] ], [ [ [ 140.310962, 35.530706 ], [ 140.310962, 35.530661 ], [ 140.31085, 35.530661 ], [ 140.31085, 35.530706 ], [ 140.310962, 35.530706 ] ] ], [ [ [ 140.311184, 35.530616 ], [ 140.311128, 35.530616 ], [ 140.311128, 35.530661 ], [ 140.311128, 35.530706 ], [ 140.311184, 35.530706 ], [ 140.311184, 35.530616 ] ] ], [ [ [ 140.31235, 35.530661 ], [ 140.312295, 35.530661 ], [ 140.312295, 35.530706 ], [ 140.31235, 35.530706 ], [ 140.31235, 35.530661 ] ] ], [ [ [ 140.308184, 35.530706 ], [ 140.308128, 35.530706 ], [ 140.308128, 35.530751 ], [ 140.308184, 35.530751 ], [ 140.308184, 35.530706 ] ] ], [ [ [ 140.310573, 35.530751 ], [ 140.310628, 35.530751 ], [ 140.310628, 35.530706 ], [ 140.310573, 35.530706 ], [ 140.310573, 35.530751 ] ] ], [ [ [ 140.311128, 35.530706 ], [ 140.311073, 35.530706 ], [ 140.311017, 35.530706 ], [ 140.310962, 35.530706 ], [ 140.310962, 35.530751 ], [ 140.311128, 35.530751 ], [ 140.311128, 35.530706 ] ] ], [ [ [ 140.308239, 35.530842 ], [ 140.308295, 35.530842 ], [ 140.308295, 35.530751 ], [ 140.308239, 35.530751 ], [ 140.308239, 35.530842 ] ] ], [ [ [ 140.310573, 35.530751 ], [ 140.310517, 35.530751 ], [ 140.310517, 35.530842 ], [ 140.310573, 35.530842 ], [ 140.310573, 35.530751 ] ] ], [ [ [ 140.308239, 35.530842 ], [ 140.308184, 35.530842 ], [ 140.308184, 35.530932 ], [ 140.308239, 35.530932 ], [ 140.308239, 35.530842 ] ] ], [ [ [ 140.310517, 35.530842 ], [ 140.310462, 35.530842 ], [ 140.310462, 35.530932 ], [ 140.310517, 35.530932 ], [ 140.310517, 35.530842 ] ] ], [ [ [ 140.312239, 35.530842 ], [ 140.312184, 35.530842 ], [ 140.312184, 35.530932 ], [ 140.312239, 35.530932 ], [ 140.312239, 35.530842 ] ] ], [ [ [ 140.310462, 35.530932 ], [ 140.310406, 35.530932 ], [ 140.310406, 35.530977 ], [ 140.310462, 35.530977 ], [ 140.310462, 35.530932 ] ] ], [ [ [ 140.312295, 35.530932 ], [ 140.312239, 35.530932 ], [ 140.312239, 35.530977 ], [ 140.312295, 35.530977 ], [ 140.312295, 35.530932 ] ] ], [ [ [ 140.312406, 35.530977 ], [ 140.312462, 35.530977 ], [ 140.312462, 35.530932 ], [ 140.312406, 35.530932 ], [ 140.312406, 35.530977 ] ] ], [ [ [ 140.312406, 35.530977 ], [ 140.31235, 35.530977 ], [ 140.31235, 35.531023 ], [ 140.312406, 35.531023 ], [ 140.312406, 35.530977 ] ] ], [ [ [ 140.312239, 35.530977 ], [ 140.312184, 35.530977 ], [ 140.312184, 35.530932 ], [ 140.312128, 35.530932 ], [ 140.312128, 35.531023 ], [ 140.312184, 35.531023 ], [ 140.312184, 35.531068 ], [ 140.312239, 35.531068 ], [ 140.312239, 35.530977 ] ] ], [ [ [ 140.310295, 35.531068 ], [ 140.310239, 35.531068 ], [ 140.310239, 35.531113 ], [ 140.310295, 35.531113 ], [ 140.310295, 35.531068 ] ] ], [ [ [ 140.312462, 35.531113 ], [ 140.312462, 35.531068 ], [ 140.312406, 35.531068 ], [ 140.312406, 35.531113 ], [ 140.312462, 35.531113 ] ] ], [ [ [ 140.310684, 35.531113 ], [ 140.310628, 35.531113 ], [ 140.310628, 35.531158 ], [ 140.310684, 35.531158 ], [ 140.310684, 35.531113 ] ] ], [ [ [ 140.311573, 35.531113 ], [ 140.311517, 35.531113 ], [ 140.311517, 35.531158 ], [ 140.311573, 35.531158 ], [ 140.311573, 35.531113 ] ] ], [ [ [ 140.312239, 35.531068 ], [ 140.312239, 35.531158 ], [ 140.312295, 35.531158 ], [ 140.312295, 35.531068 ], [ 140.312239, 35.531068 ] ] ], [ [ [ 140.310184, 35.531158 ], [ 140.310128, 35.531158 ], [ 140.310128, 35.531203 ], [ 140.310184, 35.531203 ], [ 140.310184, 35.531158 ] ] ], [ [ [ 140.307573, 35.531294 ], [ 140.307573, 35.531203 ], [ 140.307462, 35.531203 ], [ 140.307462, 35.531294 ], [ 140.307573, 35.531294 ] ] ], [ [ [ 140.310406, 35.531203 ], [ 140.31035, 35.531203 ], [ 140.31035, 35.531294 ], [ 140.310406, 35.531294 ], [ 140.310406, 35.531203 ] ] ], [ [ [ 140.311962, 35.531158 ], [ 140.311906, 35.531158 ], [ 140.311906, 35.531294 ], [ 140.311962, 35.531294 ], [ 140.311962, 35.531158 ] ] ], [ [ [ 140.312184, 35.531068 ], [ 140.312128, 35.531068 ], [ 140.312128, 35.531023 ], [ 140.312073, 35.531023 ], [ 140.312073, 35.531068 ], [ 140.312017, 35.531068 ], [ 140.312017, 35.531113 ], [ 140.311962, 35.531113 ], [ 140.311962, 35.531158 ], [ 140.312017, 35.531158 ], [ 140.312017, 35.531294 ], [ 140.312073, 35.531294 ], [ 140.312073, 35.531158 ], [ 140.312128, 35.531158 ], [ 140.312128, 35.531113 ], [ 140.312184, 35.531113 ], [ 140.312184, 35.531068 ] ] ], [ [ [ 140.310295, 35.531294 ], [ 140.310239, 35.531294 ], [ 140.310239, 35.531339 ], [ 140.310295, 35.531339 ], [ 140.310295, 35.531294 ] ] ], [ [ [ 140.311906, 35.531294 ], [ 140.31185, 35.531294 ], [ 140.31185, 35.531339 ], [ 140.311906, 35.531339 ], [ 140.311906, 35.531294 ] ] ], [ [ [ 140.310128, 35.531384 ], [ 140.310128, 35.531339 ], [ 140.310017, 35.531339 ], [ 140.310017, 35.531384 ], [ 140.310128, 35.531384 ] ] ], [ [ [ 140.311406, 35.531339 ], [ 140.31135, 35.531339 ], [ 140.31135, 35.531384 ], [ 140.311406, 35.531384 ], [ 140.311406, 35.531339 ] ] ], [ [ [ 140.31185, 35.531339 ], [ 140.311795, 35.531339 ], [ 140.311795, 35.531429 ], [ 140.31185, 35.531429 ], [ 140.31185, 35.531339 ] ] ], [ [ [ 140.310128, 35.531384 ], [ 140.310128, 35.531429 ], [ 140.310239, 35.531429 ], [ 140.310239, 35.531475 ], [ 140.31035, 35.531475 ], [ 140.31035, 35.531429 ], [ 140.310295, 35.531429 ], [ 140.310295, 35.531384 ], [ 140.310128, 35.531384 ] ] ], [ [ [ 140.313628, 35.531429 ], [ 140.313573, 35.531429 ], [ 140.313573, 35.531475 ], [ 140.313628, 35.531475 ], [ 140.313628, 35.531429 ] ] ], [ [ [ 140.31035, 35.531475 ], [ 140.31035, 35.53152 ], [ 140.310406, 35.53152 ], [ 140.310406, 35.531475 ], [ 140.31035, 35.531475 ] ] ], [ [ [ 140.310573, 35.53152 ], [ 140.310628, 35.53152 ], [ 140.310628, 35.531475 ], [ 140.310573, 35.531475 ], [ 140.310573, 35.53152 ] ] ], [ [ [ 140.311295, 35.531475 ], [ 140.311239, 35.531475 ], [ 140.311239, 35.53152 ], [ 140.311295, 35.53152 ], [ 140.311295, 35.531475 ] ] ], [ [ [ 140.311739, 35.53152 ], [ 140.311628, 35.53152 ], [ 140.311628, 35.531701 ], [ 140.311684, 35.531701 ], [ 140.311684, 35.53161 ], [ 140.311739, 35.53161 ], [ 140.311739, 35.53152 ] ] ], [ [ [ 140.311628, 35.531701 ], [ 140.311573, 35.531701 ], [ 140.311573, 35.531791 ], [ 140.311628, 35.531791 ], [ 140.311628, 35.531701 ] ] ], [ [ [ 140.311573, 35.531791 ], [ 140.311517, 35.531791 ], [ 140.311517, 35.531836 ], [ 140.311573, 35.531836 ], [ 140.311573, 35.531791 ] ] ], [ [ [ 140.311517, 35.531836 ], [ 140.311462, 35.531836 ], [ 140.311462, 35.531882 ], [ 140.311517, 35.531882 ], [ 140.311517, 35.531836 ] ] ], [ [ [ 140.312684, 35.530977 ], [ 140.312684, 35.531023 ], [ 140.312628, 35.531023 ], [ 140.312628, 35.530977 ], [ 140.312684, 35.530977 ], [ 140.312684, 35.530932 ], [ 140.312739, 35.530932 ], [ 140.312739, 35.530842 ], [ 140.312739, 35.530751 ], [ 140.312795, 35.530751 ], [ 140.312795, 35.530706 ], [ 140.312739, 35.530706 ], [ 140.312739, 35.530661 ], [ 140.312684, 35.530661 ], [ 140.312684, 35.530525 ], [ 140.312628, 35.530525 ], [ 140.312628, 35.53048 ], [ 140.312628, 35.530435 ], [ 140.312517, 35.530435 ], [ 140.312462, 35.530435 ], [ 140.312462, 35.53048 ], [ 140.312517, 35.53048 ], [ 140.312517, 35.530525 ], [ 140.312462, 35.530525 ], [ 140.312462, 35.530661 ], [ 140.312406, 35.530661 ], [ 140.312406, 35.530706 ], [ 140.312462, 35.530706 ], [ 140.312462, 35.530751 ], [ 140.312295, 35.530751 ], [ 140.312239, 35.530751 ], [ 140.312239, 35.530842 ], [ 140.312295, 35.530842 ], [ 140.312295, 35.530932 ], [ 140.31235, 35.530932 ], [ 140.31235, 35.530842 ], [ 140.312517, 35.530842 ], [ 140.312517, 35.530977 ], [ 140.312573, 35.530977 ], [ 140.312573, 35.531023 ], [ 140.312517, 35.531023 ], [ 140.312517, 35.531113 ], [ 140.312462, 35.531113 ], [ 140.312462, 35.531158 ], [ 140.31235, 35.531158 ], [ 140.31235, 35.531203 ], [ 140.312406, 35.531203 ], [ 140.312406, 35.531294 ], [ 140.312184, 35.531294 ], [ 140.312184, 35.531339 ], [ 140.312295, 35.531339 ], [ 140.312295, 35.531384 ], [ 140.31235, 35.531384 ], [ 140.31235, 35.531429 ], [ 140.312239, 35.531429 ], [ 140.312239, 35.531384 ], [ 140.312184, 35.531384 ], [ 140.312184, 35.531429 ], [ 140.312128, 35.531429 ], [ 140.312128, 35.531384 ], [ 140.312184, 35.531384 ], [ 140.312184, 35.531339 ], [ 140.312017, 35.531339 ], [ 140.312017, 35.531294 ], [ 140.311962, 35.531294 ], [ 140.311962, 35.531339 ], [ 140.311906, 35.531339 ], [ 140.311906, 35.531429 ], [ 140.31185, 35.531429 ], [ 140.31185, 35.531475 ], [ 140.311795, 35.531475 ], [ 140.311795, 35.531429 ], [ 140.311739, 35.531429 ], [ 140.311739, 35.53152 ], [ 140.31185, 35.53152 ], [ 140.31185, 35.53161 ], [ 140.311906, 35.53161 ], [ 140.311906, 35.531701 ], [ 140.311962, 35.531701 ], [ 140.312017, 35.531701 ], [ 140.312017, 35.531746 ], [ 140.312073, 35.531746 ], [ 140.312128, 35.531746 ], [ 140.312128, 35.531791 ], [ 140.312184, 35.531791 ], [ 140.312239, 35.531791 ], [ 140.312239, 35.531836 ], [ 140.312295, 35.531836 ], [ 140.31235, 35.531836 ], [ 140.31235, 35.531882 ], [ 140.312462, 35.531882 ], [ 140.312462, 35.531972 ], [ 140.312517, 35.531972 ], [ 140.312628, 35.531972 ], [ 140.312628, 35.532017 ], [ 140.312684, 35.532017 ], [ 140.312906, 35.532017 ], [ 140.313184, 35.532017 ], [ 140.313184, 35.531972 ], [ 140.313295, 35.531972 ], [ 140.313295, 35.531882 ], [ 140.313295, 35.531836 ], [ 140.31335, 35.531836 ], [ 140.31335, 35.531791 ], [ 140.313406, 35.531791 ], [ 140.313406, 35.531746 ], [ 140.313462, 35.531746 ], [ 140.313462, 35.531701 ], [ 140.313462, 35.531475 ], [ 140.313517, 35.531475 ], [ 140.313517, 35.531429 ], [ 140.313517, 35.531384 ], [ 140.313462, 35.531384 ], [ 140.31335, 35.531384 ], [ 140.31335, 35.531339 ], [ 140.313295, 35.531339 ], [ 140.313295, 35.531294 ], [ 140.313239, 35.531294 ], [ 140.313184, 35.531294 ], [ 140.313128, 35.531294 ], [ 140.313128, 35.531203 ], [ 140.313073, 35.531203 ], [ 140.313073, 35.531158 ], [ 140.313017, 35.531158 ], [ 140.313017, 35.531113 ], [ 140.312962, 35.531113 ], [ 140.312962, 35.531158 ], [ 140.312906, 35.531158 ], [ 140.312906, 35.531113 ], [ 140.312906, 35.531068 ], [ 140.31285, 35.531068 ], [ 140.31285, 35.531023 ], [ 140.312795, 35.531023 ], [ 140.312739, 35.531023 ], [ 140.312739, 35.530977 ], [ 140.312684, 35.530977 ] ], [ [ 140.312184, 35.53152 ], [ 140.312184, 35.53161 ], [ 140.312073, 35.53161 ], [ 140.312073, 35.53152 ], [ 140.312184, 35.53152 ] ], [ [ 140.312573, 35.530932 ], [ 140.312573, 35.530842 ], [ 140.312628, 35.530842 ], [ 140.312628, 35.530932 ], [ 140.312573, 35.530932 ] ] ], [ [ [ 140.308517, 35.530751 ], [ 140.308517, 35.530661 ], [ 140.308462, 35.530661 ], [ 140.308462, 35.530616 ], [ 140.308628, 35.530616 ], [ 140.308628, 35.530661 ], [ 140.308573, 35.530661 ], [ 140.308573, 35.530751 ], [ 140.308517, 35.530751 ], [ 140.308517, 35.530842 ], [ 140.308462, 35.530842 ], [ 140.308462, 35.530932 ], [ 140.308406, 35.530932 ], [ 140.308406, 35.530977 ], [ 140.30835, 35.530977 ], [ 140.30835, 35.530932 ], [ 140.308239, 35.530932 ], [ 140.308239, 35.531068 ], [ 140.308295, 35.531068 ], [ 140.308295, 35.531158 ], [ 140.30835, 35.531158 ], [ 140.30835, 35.531203 ], [ 140.308295, 35.531203 ], [ 140.308184, 35.531203 ], [ 140.308128, 35.531203 ], [ 140.308128, 35.531158 ], [ 140.308128, 35.531113 ], [ 140.308073, 35.531113 ], [ 140.308073, 35.531068 ], [ 140.308017, 35.531068 ], [ 140.307962, 35.531068 ], [ 140.307962, 35.531023 ], [ 140.307684, 35.531023 ], [ 140.307684, 35.531068 ], [ 140.307684, 35.531113 ], [ 140.307628, 35.531113 ], [ 140.307628, 35.531158 ], [ 140.307684, 35.531158 ], [ 140.307684, 35.531203 ], [ 140.307628, 35.531203 ], [ 140.307628, 35.531294 ], [ 140.307573, 35.531294 ], [ 140.307573, 35.531339 ], [ 140.307517, 35.531339 ], [ 140.307517, 35.531384 ], [ 140.307462, 35.531384 ], [ 140.307462, 35.531429 ], [ 140.30735, 35.531429 ], [ 140.30735, 35.531475 ], [ 140.307406, 35.531475 ], [ 140.307406, 35.53152 ], [ 140.30735, 35.53152 ], [ 140.30735, 35.53161 ], [ 140.307295, 35.53161 ], [ 140.307295, 35.53152 ], [ 140.30735, 35.53152 ], [ 140.30735, 35.531475 ], [ 140.307295, 35.531475 ], [ 140.307295, 35.531429 ], [ 140.307239, 35.531429 ], [ 140.307239, 35.53152 ], [ 140.307073, 35.53152 ], [ 140.307073, 35.53161 ], [ 140.307128, 35.53161 ], [ 140.307128, 35.531701 ], [ 140.307295, 35.531701 ], [ 140.307295, 35.531746 ], [ 140.30735, 35.531746 ], [ 140.30735, 35.531791 ], [ 140.307406, 35.531791 ], [ 140.307406, 35.531836 ], [ 140.307462, 35.531836 ], [ 140.307462, 35.531882 ], [ 140.307517, 35.531882 ], [ 140.30785, 35.531882 ], [ 140.30785, 35.531972 ], [ 140.307906, 35.531972 ], [ 140.307906, 35.532017 ], [ 140.307962, 35.532017 ], [ 140.308017, 35.532017 ], [ 140.308017, 35.532062 ], [ 140.308128, 35.532062 ], [ 140.308184, 35.532062 ], [ 140.308239, 35.532062 ], [ 140.308295, 35.532062 ], [ 140.308462, 35.532062 ], [ 140.308462, 35.532108 ], [ 140.308517, 35.532108 ], [ 140.308573, 35.532108 ], [ 140.308573, 35.532153 ], [ 140.308739, 35.532153 ], [ 140.308739, 35.532108 ], [ 140.308795, 35.532108 ], [ 140.308795, 35.532062 ], [ 140.30885, 35.532062 ], [ 140.308906, 35.532062 ], [ 140.308906, 35.532017 ], [ 140.308962, 35.532017 ], [ 140.308962, 35.531972 ], [ 140.309017, 35.531972 ], [ 140.309017, 35.531882 ], [ 140.309073, 35.531882 ], [ 140.309128, 35.531882 ], [ 140.309128, 35.531836 ], [ 140.309128, 35.531791 ], [ 140.309184, 35.531791 ], [ 140.309184, 35.531746 ], [ 140.309239, 35.531746 ], [ 140.309239, 35.531701 ], [ 140.309295, 35.531701 ], [ 140.309295, 35.53161 ], [ 140.309406, 35.53161 ], [ 140.309406, 35.531475 ], [ 140.309462, 35.531475 ], [ 140.309462, 35.531429 ], [ 140.309573, 35.531429 ], [ 140.309573, 35.531384 ], [ 140.309628, 35.531384 ], [ 140.309628, 35.531339 ], [ 140.309573, 35.531339 ], [ 140.309573, 35.531294 ], [ 140.309517, 35.531294 ], [ 140.309517, 35.531203 ], [ 140.309462, 35.531203 ], [ 140.309462, 35.531158 ], [ 140.309406, 35.531158 ], [ 140.309406, 35.531113 ], [ 140.30935, 35.531113 ], [ 140.30935, 35.531068 ], [ 140.309295, 35.531068 ], [ 140.309295, 35.531023 ], [ 140.309239, 35.531023 ], [ 140.309239, 35.530932 ], [ 140.309295, 35.530932 ], [ 140.309295, 35.530842 ], [ 140.309239, 35.530842 ], [ 140.309239, 35.530751 ], [ 140.309184, 35.530751 ], [ 140.309184, 35.530706 ], [ 140.309128, 35.530706 ], [ 140.309128, 35.530661 ], [ 140.309073, 35.530661 ], [ 140.309073, 35.530616 ], [ 140.309017, 35.530616 ], [ 140.309017, 35.530525 ], [ 140.308962, 35.530525 ], [ 140.308962, 35.53048 ], [ 140.30885, 35.53048 ], [ 140.30885, 35.530435 ], [ 140.308684, 35.530435 ], [ 140.308684, 35.53048 ], [ 140.308406, 35.53048 ], [ 140.308406, 35.530616 ], [ 140.30835, 35.530616 ], [ 140.30835, 35.530842 ], [ 140.308406, 35.530842 ], [ 140.308406, 35.530751 ], [ 140.308517, 35.530751 ] ], [ [ 140.308517, 35.531113 ], [ 140.308517, 35.531158 ], [ 140.308462, 35.531158 ], [ 140.308462, 35.531113 ], [ 140.308517, 35.531113 ] ], [ [ 140.308517, 35.531294 ], [ 140.308517, 35.531339 ], [ 140.308462, 35.531339 ], [ 140.308462, 35.531294 ], [ 140.308517, 35.531294 ] ], [ [ 140.30885, 35.53161 ], [ 140.30885, 35.531701 ], [ 140.308795, 35.531701 ], [ 140.308795, 35.53161 ], [ 140.30885, 35.53161 ] ], [ [ 140.309017, 35.531746 ], [ 140.309017, 35.531791 ], [ 140.308962, 35.531791 ], [ 140.308962, 35.531746 ], [ 140.309017, 35.531746 ] ], [ [ 140.307739, 35.531203 ], [ 140.307739, 35.531113 ], [ 140.307906, 35.531113 ], [ 140.307906, 35.531158 ], [ 140.307795, 35.531158 ], [ 140.307795, 35.531203 ], [ 140.307739, 35.531203 ] ] ], [ [ [ 140.308795, 35.532334 ], [ 140.30885, 35.532334 ], [ 140.30885, 35.532288 ], [ 140.308795, 35.532288 ], [ 140.308795, 35.532334 ] ] ], [ [ [ 140.308795, 35.532334 ], [ 140.308739, 35.532334 ], [ 140.308739, 35.532379 ], [ 140.308795, 35.532379 ], [ 140.308795, 35.532334 ] ] ], [ [ [ 140.308517, 35.532515 ], [ 140.308462, 35.532515 ], [ 140.308462, 35.53256 ], [ 140.308517, 35.53256 ], [ 140.308517, 35.532515 ] ] ], [ [ [ 140.308239, 35.532695 ], [ 140.308295, 35.532695 ], [ 140.308295, 35.53265 ], [ 140.308239, 35.53265 ], [ 140.308239, 35.532695 ] ] ], [ [ [ 140.308239, 35.532695 ], [ 140.308184, 35.532695 ], [ 140.308184, 35.532741 ], [ 140.308239, 35.532741 ], [ 140.308239, 35.532695 ] ] ], [ [ [ 140.307962, 35.532786 ], [ 140.308017, 35.532786 ], [ 140.308017, 35.532741 ], [ 140.307962, 35.532741 ], [ 140.307962, 35.532786 ] ] ], [ [ [ 140.307962, 35.532786 ], [ 140.30785, 35.532786 ], [ 140.30785, 35.532831 ], [ 140.307962, 35.532831 ], [ 140.307962, 35.532786 ] ] ], [ [ [ 140.30785, 35.532831 ], [ 140.307795, 35.532831 ], [ 140.307795, 35.532876 ], [ 140.30785, 35.532876 ], [ 140.30785, 35.532831 ] ] ], [ [ [ 140.307739, 35.532876 ], [ 140.307684, 35.532876 ], [ 140.307684, 35.532967 ], [ 140.307739, 35.532967 ], [ 140.307739, 35.532876 ] ] ], [ [ [ 140.30785, 35.533057 ], [ 140.307795, 35.533057 ], [ 140.307795, 35.533102 ], [ 140.30785, 35.533102 ], [ 140.30785, 35.533057 ] ] ], [ [ [ 140.307962, 35.533193 ], [ 140.307906, 35.533193 ], [ 140.307906, 35.533238 ], [ 140.307962, 35.533238 ], [ 140.307962, 35.533193 ] ] ], [ [ [ 140.309017, 35.533193 ], [ 140.308962, 35.533193 ], [ 140.308962, 35.533238 ], [ 140.309017, 35.533238 ], [ 140.309017, 35.533193 ] ] ], [ [ [ 140.308573, 35.533419 ], [ 140.308517, 35.533419 ], [ 140.308517, 35.533464 ], [ 140.308573, 35.533464 ], [ 140.308573, 35.533419 ] ] ], [ [ [ 140.308795, 35.533464 ], [ 140.308795, 35.533374 ], [ 140.308684, 35.533374 ], [ 140.308684, 35.533419 ], [ 140.308628, 35.533419 ], [ 140.308628, 35.533464 ], [ 140.308795, 35.533464 ] ] ], [ [ [ 140.308906, 35.533419 ], [ 140.30885, 35.533419 ], [ 140.30885, 35.533464 ], [ 140.308906, 35.533464 ], [ 140.308906, 35.533419 ] ] ], [ [ [ 140.308128, 35.533464 ], [ 140.308073, 35.533464 ], [ 140.308073, 35.533509 ], [ 140.308128, 35.533509 ], [ 140.308128, 35.533464 ] ] ], [ [ [ 140.311017, 35.532695 ], [ 140.311017, 35.532786 ], [ 140.310962, 35.532786 ], [ 140.310962, 35.532831 ], [ 140.310906, 35.532831 ], [ 140.310906, 35.532967 ], [ 140.31085, 35.532967 ], [ 140.31085, 35.533012 ], [ 140.310795, 35.533012 ], [ 140.310795, 35.533057 ], [ 140.310739, 35.533057 ], [ 140.310739, 35.533102 ], [ 140.310795, 35.533102 ], [ 140.310795, 35.533147 ], [ 140.31085, 35.533147 ], [ 140.31085, 35.533193 ], [ 140.310906, 35.533193 ], [ 140.310906, 35.533238 ], [ 140.310906, 35.533374 ], [ 140.310962, 35.533374 ], [ 140.310962, 35.533419 ], [ 140.31135, 35.533419 ], [ 140.311462, 35.533419 ], [ 140.311462, 35.533464 ], [ 140.311628, 35.533464 ], [ 140.31185, 35.533464 ], [ 140.31185, 35.533509 ], [ 140.312128, 35.533509 ], [ 140.312128, 35.533464 ], [ 140.312184, 35.533464 ], [ 140.312184, 35.533193 ], [ 140.312128, 35.533193 ], [ 140.312128, 35.533147 ], [ 140.312184, 35.533147 ], [ 140.312184, 35.533012 ], [ 140.312128, 35.533012 ], [ 140.312128, 35.532967 ], [ 140.312184, 35.532967 ], [ 140.312184, 35.532831 ], [ 140.312184, 35.532786 ], [ 140.312128, 35.532786 ], [ 140.312073, 35.532786 ], [ 140.312073, 35.532741 ], [ 140.312017, 35.532741 ], [ 140.311962, 35.532741 ], [ 140.311962, 35.532695 ], [ 140.311906, 35.532695 ], [ 140.311795, 35.532695 ], [ 140.311795, 35.53265 ], [ 140.311739, 35.53265 ], [ 140.311684, 35.53265 ], [ 140.311684, 35.53256 ], [ 140.311628, 35.53256 ], [ 140.311573, 35.53256 ], [ 140.311573, 35.532515 ], [ 140.311517, 35.532515 ], [ 140.311406, 35.532515 ], [ 140.311406, 35.532424 ], [ 140.311295, 35.532424 ], [ 140.311295, 35.532379 ], [ 140.311239, 35.532379 ], [ 140.311239, 35.532424 ], [ 140.311184, 35.532424 ], [ 140.311184, 35.53256 ], [ 140.311128, 35.53256 ], [ 140.311128, 35.53265 ], [ 140.311073, 35.53265 ], [ 140.311073, 35.532695 ], [ 140.311017, 35.532695 ] ] ], [ [ [ 140.30835, 35.533509 ], [ 140.308295, 35.533509 ], [ 140.308295, 35.533554 ], [ 140.30835, 35.533554 ], [ 140.30835, 35.533509 ] ] ], [ [ [ 140.311017, 35.532695 ], [ 140.311017, 35.53256 ], [ 140.311073, 35.53256 ], [ 140.311073, 35.532515 ], [ 140.311128, 35.532515 ], [ 140.311128, 35.532379 ], [ 140.311184, 35.532379 ], [ 140.311184, 35.532334 ], [ 140.311239, 35.532334 ], [ 140.311239, 35.532288 ], [ 140.311239, 35.532198 ], [ 140.311295, 35.532198 ], [ 140.311295, 35.532153 ], [ 140.31135, 35.532153 ], [ 140.31135, 35.532062 ], [ 140.311295, 35.532062 ], [ 140.311295, 35.532017 ], [ 140.311406, 35.532017 ], [ 140.311462, 35.532017 ], [ 140.311462, 35.531882 ], [ 140.311406, 35.531882 ], [ 140.311406, 35.531972 ], [ 140.311295, 35.531972 ], [ 140.311295, 35.531882 ], [ 140.311184, 35.531882 ], [ 140.311184, 35.531836 ], [ 140.311073, 35.531836 ], [ 140.311073, 35.531791 ], [ 140.310906, 35.531791 ], [ 140.310906, 35.531746 ], [ 140.310795, 35.531746 ], [ 140.310795, 35.531701 ], [ 140.310684, 35.531701 ], [ 140.310684, 35.53161 ], [ 140.310573, 35.53161 ], [ 140.310573, 35.53152 ], [ 140.310406, 35.53152 ], [ 140.310406, 35.53161 ], [ 140.31035, 35.53161 ], [ 140.31035, 35.53152 ], [ 140.310239, 35.53152 ], [ 140.310239, 35.531475 ], [ 140.310128, 35.531475 ], [ 140.310128, 35.531429 ], [ 140.309962, 35.531429 ], [ 140.309962, 35.531384 ], [ 140.309906, 35.531384 ], [ 140.30985, 35.531384 ], [ 140.30985, 35.531429 ], [ 140.309795, 35.531429 ], [ 140.309795, 35.531475 ], [ 140.309795, 35.53152 ], [ 140.309739, 35.53152 ], [ 140.309739, 35.53161 ], [ 140.309684, 35.53161 ], [ 140.309628, 35.53161 ], [ 140.309628, 35.531701 ], [ 140.309573, 35.531701 ], [ 140.309573, 35.531746 ], [ 140.309517, 35.531746 ], [ 140.309517, 35.531791 ], [ 140.309462, 35.531791 ], [ 140.309406, 35.531791 ], [ 140.309406, 35.531836 ], [ 140.309462, 35.531836 ], [ 140.309462, 35.531882 ], [ 140.309406, 35.531882 ], [ 140.309406, 35.531836 ], [ 140.30935, 35.531836 ], [ 140.30935, 35.531882 ], [ 140.30935, 35.531972 ], [ 140.309295, 35.531972 ], [ 140.309295, 35.532017 ], [ 140.309239, 35.532017 ], [ 140.309239, 35.532062 ], [ 140.309184, 35.532062 ], [ 140.309184, 35.532108 ], [ 140.309128, 35.532108 ], [ 140.309017, 35.532108 ], [ 140.309017, 35.532153 ], [ 140.309128, 35.532153 ], [ 140.309128, 35.532198 ], [ 140.309017, 35.532198 ], [ 140.309017, 35.532334 ], [ 140.308962, 35.532334 ], [ 140.308962, 35.532379 ], [ 140.308906, 35.532379 ], [ 140.308906, 35.532515 ], [ 140.30885, 35.532515 ], [ 140.30885, 35.53256 ], [ 140.308906, 35.53256 ], [ 140.308906, 35.53265 ], [ 140.308906, 35.532695 ], [ 140.308962, 35.532695 ], [ 140.308962, 35.532741 ], [ 140.309017, 35.532741 ], [ 140.309017, 35.532786 ], [ 140.309017, 35.532831 ], [ 140.309073, 35.532831 ], [ 140.309073, 35.532876 ], [ 140.309128, 35.532876 ], [ 140.309128, 35.532967 ], [ 140.309128, 35.533012 ], [ 140.309184, 35.533012 ], [ 140.309184, 35.533057 ], [ 140.309239, 35.533057 ], [ 140.309239, 35.533012 ], [ 140.309295, 35.533012 ], [ 140.309295, 35.533057 ], [ 140.309239, 35.533057 ], [ 140.309239, 35.533102 ], [ 140.309295, 35.533102 ], [ 140.309295, 35.533147 ], [ 140.30935, 35.533147 ], [ 140.30935, 35.533238 ], [ 140.309406, 35.533238 ], [ 140.309406, 35.533419 ], [ 140.309462, 35.533419 ], [ 140.309462, 35.533464 ], [ 140.309517, 35.533464 ], [ 140.309517, 35.533554 ], [ 140.309573, 35.533554 ], [ 140.309573, 35.533509 ], [ 140.309795, 35.533509 ], [ 140.309795, 35.533464 ], [ 140.30985, 35.533464 ], [ 140.30985, 35.533419 ], [ 140.309962, 35.533419 ], [ 140.309962, 35.533374 ], [ 140.310073, 35.533374 ], [ 140.310073, 35.533238 ], [ 140.310239, 35.533238 ], [ 140.310239, 35.533193 ], [ 140.310295, 35.533193 ], [ 140.31035, 35.533193 ], [ 140.31035, 35.533147 ], [ 140.310406, 35.533147 ], [ 140.310406, 35.533102 ], [ 140.310517, 35.533102 ], [ 140.310517, 35.533057 ], [ 140.310628, 35.533057 ], [ 140.310628, 35.533012 ], [ 140.310739, 35.533012 ], [ 140.310739, 35.532967 ], [ 140.310795, 35.532967 ], [ 140.310795, 35.532831 ], [ 140.31085, 35.532831 ], [ 140.31085, 35.532786 ], [ 140.310906, 35.532786 ], [ 140.310906, 35.532741 ], [ 140.310962, 35.532741 ], [ 140.310962, 35.532695 ], [ 140.311017, 35.532695 ] ], [ [ 140.310017, 35.532741 ], [ 140.310073, 35.532741 ], [ 140.310073, 35.532786 ], [ 140.310128, 35.532786 ], [ 140.310128, 35.532831 ], [ 140.310073, 35.532831 ], [ 140.310073, 35.532786 ], [ 140.310017, 35.532786 ], [ 140.310017, 35.532831 ], [ 140.309962, 35.532831 ], [ 140.309962, 35.532786 ], [ 140.310017, 35.532786 ], [ 140.310017, 35.532741 ], [ 140.309906, 35.532741 ], [ 140.309906, 35.532695 ], [ 140.310017, 35.532695 ], [ 140.310017, 35.532741 ] ], [ [ 140.309573, 35.532741 ], [ 140.309573, 35.532786 ], [ 140.309517, 35.532786 ], [ 140.309517, 35.532741 ], [ 140.309573, 35.532741 ] ], [ [ 140.309628, 35.533012 ], [ 140.309628, 35.533057 ], [ 140.309573, 35.533057 ], [ 140.309573, 35.533012 ], [ 140.309628, 35.533012 ], [ 140.309628, 35.532967 ], [ 140.309739, 35.532967 ], [ 140.309739, 35.533012 ], [ 140.309628, 35.533012 ] ], [ [ 140.309795, 35.533012 ], [ 140.309795, 35.532967 ], [ 140.30985, 35.532967 ], [ 140.30985, 35.533012 ], [ 140.309795, 35.533012 ] ], [ [ 140.309517, 35.533057 ], [ 140.309517, 35.533102 ], [ 140.309406, 35.533102 ], [ 140.309406, 35.533057 ], [ 140.309517, 35.533057 ] ], [ [ 140.310128, 35.53265 ], [ 140.310128, 35.53256 ], [ 140.310184, 35.53256 ], [ 140.310184, 35.53265 ], [ 140.310128, 35.53265 ] ], [ [ 140.309795, 35.53256 ], [ 140.309795, 35.53265 ], [ 140.309739, 35.53265 ], [ 140.309739, 35.53256 ], [ 140.309795, 35.53256 ] ], [ [ 140.309739, 35.532424 ], [ 140.309739, 35.532379 ], [ 140.309795, 35.532379 ], [ 140.309795, 35.532424 ], [ 140.309739, 35.532424 ] ], [ [ 140.30935, 35.532379 ], [ 140.30935, 35.532424 ], [ 140.309295, 35.532424 ], [ 140.309295, 35.532379 ], [ 140.30935, 35.532379 ] ], [ [ 140.309295, 35.532334 ], [ 140.309295, 35.532288 ], [ 140.30935, 35.532288 ], [ 140.30935, 35.532334 ], [ 140.309295, 35.532334 ] ] ], [ [ [ 140.30885, 35.5336 ], [ 140.308795, 35.5336 ], [ 140.308795, 35.53369 ], [ 140.30885, 35.53369 ], [ 140.30885, 35.5336 ] ] ], [ [ [ 140.312073, 35.53369 ], [ 140.312073, 35.533554 ], [ 140.311906, 35.533554 ], [ 140.311906, 35.5336 ], [ 140.31185, 35.5336 ], [ 140.31185, 35.533554 ], [ 140.311628, 35.533554 ], [ 140.311628, 35.53369 ], [ 140.311684, 35.53369 ], [ 140.311684, 35.5336 ], [ 140.311795, 35.5336 ], [ 140.311795, 35.53369 ], [ 140.312073, 35.53369 ] ] ], [ [ [ 140.308295, 35.53369 ], [ 140.308239, 35.53369 ], [ 140.308239, 35.533735 ], [ 140.308295, 35.533735 ], [ 140.308295, 35.53369 ] ] ], [ [ [ 140.308406, 35.53369 ], [ 140.30835, 35.53369 ], [ 140.30835, 35.533735 ], [ 140.308406, 35.533735 ], [ 140.308406, 35.53369 ] ] ], [ [ [ 140.308962, 35.533554 ], [ 140.308906, 35.533554 ], [ 140.308906, 35.53369 ], [ 140.309017, 35.53369 ], [ 140.309017, 35.533735 ], [ 140.309073, 35.533735 ], [ 140.309073, 35.5336 ], [ 140.308962, 35.5336 ], [ 140.308962, 35.533554 ] ] ], [ [ [ 140.312073, 35.53369 ], [ 140.312073, 35.533735 ], [ 140.312128, 35.533735 ], [ 140.312128, 35.53369 ], [ 140.312073, 35.53369 ] ] ], [ [ [ 140.308906, 35.533735 ], [ 140.30885, 35.533735 ], [ 140.30885, 35.53378 ], [ 140.308906, 35.53378 ], [ 140.308906, 35.533735 ] ] ], [ [ [ 140.30835, 35.53378 ], [ 140.308295, 35.53378 ], [ 140.308295, 35.533826 ], [ 140.30835, 35.533826 ], [ 140.30835, 35.53378 ] ] ], [ [ [ 140.311906, 35.533826 ], [ 140.312017, 35.533826 ], [ 140.312017, 35.53378 ], [ 140.311962, 35.53378 ], [ 140.311962, 35.533735 ], [ 140.311906, 35.533735 ], [ 140.311906, 35.533826 ] ] ], [ [ [ 140.312128, 35.53378 ], [ 140.312073, 35.53378 ], [ 140.312073, 35.533826 ], [ 140.312128, 35.533826 ], [ 140.312128, 35.53378 ] ] ], [ [ [ 140.308517, 35.533871 ], [ 140.308406, 35.533871 ], [ 140.308406, 35.533916 ], [ 140.308517, 35.533916 ], [ 140.308517, 35.533871 ] ] ], [ [ [ 140.311906, 35.533826 ], [ 140.31185, 35.533826 ], [ 140.31185, 35.533735 ], [ 140.311795, 35.533735 ], [ 140.311795, 35.533826 ], [ 140.311739, 35.533826 ], [ 140.311739, 35.533735 ], [ 140.311628, 35.533735 ], [ 140.311628, 35.533871 ], [ 140.311739, 35.533871 ], [ 140.311739, 35.533916 ], [ 140.311795, 35.533916 ], [ 140.311795, 35.533871 ], [ 140.31185, 35.533871 ], [ 140.31185, 35.534006 ], [ 140.311906, 35.534006 ], [ 140.311906, 35.533916 ], [ 140.312073, 35.533916 ], [ 140.312073, 35.533871 ], [ 140.311906, 35.533871 ], [ 140.311906, 35.533826 ] ] ], [ [ [ 140.308628, 35.534233 ], [ 140.308573, 35.534233 ], [ 140.308573, 35.534278 ], [ 140.308628, 35.534278 ], [ 140.308628, 35.534233 ] ] ] ] } },
{ "type": "Feature", "properties": { "gridcode": 3, "浸水深": "1m以上2m未満" }, "bbox": [ 140.306739, 35.519357, 140.31635, 35.53265 ], "geometry": { "type": "MultiPolygon", "coordinates": [ [ [ [ 140.311184, 35.519357 ], [ 140.311128, 35.519357 ], [ 140.311128, 35.519402 ], [ 140.311184, 35.519402 ], [ 140.311184, 35.519357 ] ] ], [ [ [ 140.311239, 35.519448 ], [ 140.311184, 35.519448 ], [ 140.311184, 35.519538 ], [ 140.311239, 35.519538 ], [ 140.311239, 35.519448 ] ] ], [ [ [ 140.311295, 35.519583 ], [ 140.311239, 35.519583 ], [ 140.311239, 35.519674 ], [ 140.311295, 35.519674 ], [ 140.311295, 35.519583 ] ] ], [ [ [ 140.311406, 35.5199 ], [ 140.31135, 35.5199 ], [ 140.31135, 35.51999 ], [ 140.311406, 35.51999 ], [ 140.311406, 35.5199 ] ] ], [ [ [ 140.311962, 35.5199 ], [ 140.311906, 35.5199 ], [ 140.311906, 35.51999 ], [ 140.311962, 35.51999 ], [ 140.311962, 35.5199 ] ] ], [ [ [ 140.311517, 35.520171 ], [ 140.311462, 35.520171 ], [ 140.311462, 35.520216 ], [ 140.311517, 35.520216 ], [ 140.311517, 35.520171 ] ] ], [ [ [ 140.307628, 35.52103 ], [ 140.307462, 35.52103 ], [ 140.307462, 35.521076 ], [ 140.307628, 35.521076 ], [ 140.307628, 35.52103 ] ] ], [ [ [ 140.309795, 35.521256 ], [ 140.309739, 35.521256 ], [ 140.309739, 35.521302 ], [ 140.309795, 35.521302 ], [ 140.309795, 35.521256 ] ] ], [ [ [ 140.307628, 35.521482 ], [ 140.307684, 35.521482 ], [ 140.307684, 35.521437 ], [ 140.307628, 35.521437 ], [ 140.307628, 35.521482 ] ] ], [ [ [ 140.307628, 35.521482 ], [ 140.307573, 35.521482 ], [ 140.307573, 35.521573 ], [ 140.307628, 35.521573 ], [ 140.307628, 35.521482 ] ] ], [ [ [ 140.310295, 35.521482 ], [ 140.310239, 35.521482 ], [ 140.310239, 35.521573 ], [ 140.310295, 35.521573 ], [ 140.310295, 35.521482 ] ] ], [ [ [ 140.31535, 35.521573 ], [ 140.315406, 35.521573 ], [ 140.315406, 35.521528 ], [ 140.31535, 35.521528 ], [ 140.31535, 35.521573 ] ] ], [ [ [ 140.31535, 35.521573 ], [ 140.315295, 35.521573 ], [ 140.315295, 35.521618 ], [ 140.31535, 35.521618 ], [ 140.31535, 35.521573 ] ] ], [ [ [ 140.309795, 35.521618 ], [ 140.309684, 35.521618 ], [ 140.309684, 35.521709 ], [ 140.309795, 35.521709 ], [ 140.309795, 35.521618 ] ] ], [ [ [ 140.307073, 35.521709 ], [ 140.307017, 35.521709 ], [ 140.307017, 35.521754 ], [ 140.307073, 35.521754 ], [ 140.307073, 35.521709 ] ] ], [ [ [ 140.311795, 35.521256 ], [ 140.311684, 35.521256 ], [ 140.311684, 35.521302 ], [ 140.311573, 35.521302 ], [ 140.311573, 35.521392 ], [ 140.311462, 35.521392 ], [ 140.311462, 35.521302 ], [ 140.311406, 35.521302 ], [ 140.311406, 35.521256 ], [ 140.31135, 35.521256 ], [ 140.31135, 35.521211 ], [ 140.311239, 35.521211 ], [ 140.311239, 35.521166 ], [ 140.311184, 35.521166 ], [ 140.311184, 35.521302 ], [ 140.311295, 35.521302 ], [ 140.311295, 35.521437 ], [ 140.311239, 35.521437 ], [ 140.311239, 35.521482 ], [ 140.311184, 35.521482 ], [ 140.311184, 35.521573 ], [ 140.311128, 35.521573 ], [ 140.311128, 35.521618 ], [ 140.310962, 35.521618 ], [ 140.310962, 35.521709 ], [ 140.31085, 35.521709 ], [ 140.31085, 35.521754 ], [ 140.310906, 35.521754 ], [ 140.311073, 35.521754 ], [ 140.311073, 35.521709 ], [ 140.311239, 35.521709 ], [ 140.311239, 35.521618 ], [ 140.31135, 35.521618 ], [ 140.31135, 35.521573 ], [ 140.311406, 35.521573 ], [ 140.311406, 35.521482 ], [ 140.311462, 35.521482 ], [ 140.311462, 35.521573 ], [ 140.311517, 35.521573 ], [ 140.311517, 35.521437 ], [ 140.311628, 35.521437 ], [ 140.311628, 35.521392 ], [ 140.311739, 35.521392 ], [ 140.311739, 35.521302 ], [ 140.311795, 35.521302 ], [ 140.311795, 35.521256 ] ] ], [ [ [ 140.315073, 35.521709 ], [ 140.314962, 35.521709 ], [ 140.314962, 35.521754 ], [ 140.315073, 35.521754 ], [ 140.315073, 35.521709 ] ] ], [ [ [ 140.307295, 35.521754 ], [ 140.307239, 35.521754 ], [ 140.307239, 35.521799 ], [ 140.307295, 35.521799 ], [ 140.307295, 35.521754 ] ] ], [ [ [ 140.310739, 35.521754 ], [ 140.310684, 35.521754 ], [ 140.310684, 35.521799 ], [ 140.310739, 35.521799 ], [ 140.310739, 35.521754 ] ] ], [ [ [ 140.31485, 35.521754 ], [ 140.314739, 35.521754 ], [ 140.314739, 35.521799 ], [ 140.31485, 35.521799 ], [ 140.31485, 35.521754 ] ] ], [ [ [ 140.315628, 35.521754 ], [ 140.315573, 35.521754 ], [ 140.315573, 35.521799 ], [ 140.315628, 35.521799 ], [ 140.315628, 35.521754 ] ] ], [ [ [ 140.307684, 35.521799 ], [ 140.307628, 35.521799 ], [ 140.307628, 35.521844 ], [ 140.307684, 35.521844 ], [ 140.307684, 35.521799 ] ] ], [ [ [ 140.31085, 35.521799 ], [ 140.310795, 35.521799 ], [ 140.310795, 35.521844 ], [ 140.31085, 35.521844 ], [ 140.31085, 35.521799 ] ] ], [ [ [ 140.31435, 35.521844 ], [ 140.314406, 35.521844 ], [ 140.314406, 35.521799 ], [ 140.31435, 35.521799 ], [ 140.31435, 35.521844 ] ] ], [ [ [ 140.314684, 35.521799 ], [ 140.314628, 35.521799 ], [ 140.314628, 35.521844 ], [ 140.314684, 35.521844 ], [ 140.314684, 35.521799 ] ] ], [ [ [ 140.311017, 35.521889 ], [ 140.311017, 35.521844 ], [ 140.310906, 35.521844 ], [ 140.310906, 35.521889 ], [ 140.310962, 35.521889 ], [ 140.311017, 35.521889 ] ] ], [ [ [ 140.31435, 35.521844 ], [ 140.314295, 35.521844 ], [ 140.314239, 35.521844 ], [ 140.314239, 35.521889 ], [ 140.31435, 35.521889 ], [ 140.31435, 35.521844 ] ] ], [ [ [ 140.315739, 35.521754 ], [ 140.315684, 35.521754 ], [ 140.315684, 35.521799 ], [ 140.315684, 35.521889 ], [ 140.315739, 35.521889 ], [ 140.315739, 35.521754 ] ] ], [ [ [ 140.307684, 35.521889 ], [ 140.307628, 35.521889 ], [ 140.307628, 35.521935 ], [ 140.307684, 35.521935 ], [ 140.307684, 35.521889 ] ] ], [ [ [ 140.314239, 35.521889 ], [ 140.314184, 35.521889 ], [ 140.314184, 35.521935 ], [ 140.314239, 35.521935 ], [ 140.314239, 35.521889 ] ] ], [ [ [ 140.315239, 35.521889 ], [ 140.315184, 35.521889 ], [ 140.315184, 35.521935 ], [ 140.315239, 35.521935 ], [ 140.315239, 35.521889 ] ] ], [ [ [ 140.307128, 35.521935 ], [ 140.307073, 35.521935 ], [ 140.307073, 35.52198 ], [ 140.307128, 35.52198 ], [ 140.307128, 35.521935 ] ] ], [ [ [ 140.307517, 35.521889 ], [ 140.307517, 35.521709 ], [ 140.307462, 35.521709 ], [ 140.307462, 35.521573 ], [ 140.307517, 35.521573 ], [ 140.307517, 35.521482 ], [ 140.307406, 35.521482 ], [ 140.307406, 35.521573 ], [ 140.30735, 35.521573 ], [ 140.30735, 35.521482 ], [ 140.307295, 35.521482 ], [ 140.307295, 35.521709 ], [ 140.30735, 35.521709 ], [ 140.30735, 35.521844 ], [ 140.307295, 35.521844 ], [ 140.307295, 35.521889 ], [ 140.30735, 35.521889 ], [ 140.30735, 35.52198 ], [ 140.307406, 35.52198 ], [ 140.307406, 35.521889 ], [ 140.307462, 35.521889 ], [ 140.307462, 35.521935 ], [ 140.307517, 35.521935 ], [ 140.307517, 35.52198 ], [ 140.307573, 35.52198 ], [ 140.307573, 35.521889 ], [ 140.307517, 35.521889 ] ] ], [ [ [ 140.311795, 35.521256 ], [ 140.311906, 35.521256 ], [ 140.311906, 35.521211 ], [ 140.311962, 35.521211 ], [ 140.311962, 35.521166 ], [ 140.312017, 35.521166 ], [ 140.312017, 35.521121 ], [ 140.312128, 35.521121 ], [ 140.312128, 35.521166 ], [ 140.312184, 35.521166 ], [ 140.312184, 35.521211 ], [ 140.312239, 35.521211 ], [ 140.312239, 35.521256 ], [ 140.312239, 35.521302 ], [ 140.312295, 35.521302 ], [ 140.312295, 35.521437 ], [ 140.31235, 35.521437 ], [ 140.312406, 35.521437 ], [ 140.312406, 35.521482 ], [ 140.312462, 35.521482 ], [ 140.312462, 35.521573 ], [ 140.312462, 35.521618 ], [ 140.312517, 35.521618 ], [ 140.312517, 35.521709 ], [ 140.312573, 35.521709 ], [ 140.312573, 35.521754 ], [ 140.312628, 35.521754 ], [ 140.312628, 35.521799 ], [ 140.312739, 35.521799 ], [ 140.312739, 35.521754 ], [ 140.312684, 35.521754 ], [ 140.312684, 35.521709 ], [ 140.312628, 35.521709 ], [ 140.312628, 35.521573 ], [ 140.312684, 35.521573 ], [ 140.312684, 35.521482 ], [ 140.312684, 35.521437 ], [ 140.312739, 35.521437 ], [ 140.312739, 35.521392 ], [ 140.312795, 35.521392 ], [ 140.312795, 35.521302 ], [ 140.31285, 35.521302 ], [ 140.31285, 35.521392 ], [ 140.312906, 35.521392 ], [ 140.312962, 35.521392 ], [ 140.312962, 35.521437 ], [ 140.312906, 35.521437 ], [ 140.312906, 35.521482 ], [ 140.312962, 35.521482 ], [ 140.313017, 35.521482 ], [ 140.313017, 35.521618 ], [ 140.313073, 35.521618 ], [ 140.313184, 35.521618 ], [ 140.313184, 35.521709 ], [ 140.313239, 35.521709 ], [ 140.313239, 35.521799 ], [ 140.313128, 35.521799 ], [ 140.313128, 35.52198 ], [ 140.313184, 35.52198 ], [ 140.313184, 35.521935 ], [ 140.313239, 35.521935 ], [ 140.313239, 35.52198 ], [ 140.313184, 35.52198 ], [ 140.313184, 35.52207 ], [ 140.313295, 35.52207 ], [ 140.313295, 35.52198 ], [ 140.313406, 35.52198 ], [ 140.313406, 35.521889 ], [ 140.313517, 35.521889 ], [ 140.313517, 35.521935 ], [ 140.313573, 35.521935 ], [ 140.313573, 35.521889 ], [ 140.313739, 35.521889 ], [ 140.313739, 35.521935 ], [ 140.313795, 35.521935 ], [ 140.313795, 35.521799 ], [ 140.31385, 35.521799 ], [ 140.313906, 35.521799 ], [ 140.313906, 35.521754 ], [ 140.313962, 35.521754 ], [ 140.313962, 35.521709 ], [ 140.314017, 35.521709 ], [ 140.314073, 35.521709 ], [ 140.314073, 35.521618 ], [ 140.314073, 35.521573 ], [ 140.314017, 35.521573 ], [ 140.314017, 35.521437 ], [ 140.314073, 35.521437 ], [ 140.314128, 35.521437 ], [ 140.314128, 35.521482 ], [ 140.314184, 35.521482 ], [ 140.314184, 35.521437 ], [ 140.314239, 35.521437 ], [ 140.314239, 35.521392 ], [ 140.314295, 35.521392 ], [ 140.314295, 35.521302 ], [ 140.31435, 35.521302 ], [ 140.31435, 35.521256 ], [ 140.314406, 35.521256 ], [ 140.314406, 35.521166 ], [ 140.31435, 35.521166 ], [ 140.31435, 35.521121 ], [ 140.314184, 35.521121 ], [ 140.314184, 35.521076 ], [ 140.314128, 35.521076 ], [ 140.314128, 35.52103 ], [ 140.314073, 35.52103 ], [ 140.314073, 35.520895 ], [ 140.314017, 35.520895 ], [ 140.314017, 35.520849 ], [ 140.313962, 35.520849 ], [ 140.313962, 35.520804 ], [ 140.31385, 35.520804 ], [ 140.31385, 35.520849 ], [ 140.313739, 35.520849 ], [ 140.313739, 35.52094 ], [ 140.313573, 35.52094 ], [ 140.313573, 35.520895 ], [ 140.313628, 35.520895 ], [ 140.313628, 35.520849 ], [ 140.313573, 35.520849 ], [ 140.313573, 35.520759 ], [ 140.313517, 35.520759 ], [ 140.313517, 35.520578 ], [ 140.313462, 35.520578 ], [ 140.313462, 35.520533 ], [ 140.313406, 35.520533 ], [ 140.313406, 35.520488 ], [ 140.313517, 35.520488 ], [ 140.313517, 35.520442 ], [ 140.313573, 35.520442 ], [ 140.313573, 35.520397 ], [ 140.313573, 35.520352 ], [ 140.313517, 35.520352 ], [ 140.313517, 35.520307 ], [ 140.313462, 35.520307 ], [ 140.313462, 35.520262 ], [ 140.313406, 35.520262 ], [ 140.31335, 35.520262 ], [ 140.31335, 35.520352 ], [ 140.31335, 35.520397 ], [ 140.313295, 35.520397 ], [ 140.313295, 35.520442 ], [ 140.313239, 35.520442 ], [ 140.313239, 35.520488 ], [ 140.313184, 35.520488 ], [ 140.313184, 35.520533 ], [ 140.313128, 35.520533 ], [ 140.313017, 35.520533 ], [ 140.312962, 35.520533 ], [ 140.312906, 35.520533 ], [ 140.312906, 35.520488 ], [ 140.31285, 35.520488 ], [ 140.31285, 35.520442 ], [ 140.312906, 35.520442 ], [ 140.312906, 35.520397 ], [ 140.312962, 35.520397 ], [ 140.312962, 35.520352 ], [ 140.312962, 35.520262 ], [ 140.313017, 35.520262 ], [ 140.313017, 35.520216 ], [ 140.313017, 35.520171 ], [ 140.313073, 35.520171 ], [ 140.313073, 35.520126 ], [ 140.313073, 35.520081 ], [ 140.313128, 35.520081 ], [ 140.313128, 35.520036 ], [ 140.313073, 35.520036 ], [ 140.313073, 35.51999 ], [ 140.313017, 35.51999 ], [ 140.313017, 35.520081 ], [ 140.31285, 35.520081 ], [ 140.31285, 35.51999 ], [ 140.312739, 35.51999 ], [ 140.312739, 35.519855 ], [ 140.312684, 35.519855 ], [ 140.312684, 35.519809 ], [ 140.312573, 35.519809 ], [ 140.312517, 35.519809 ], [ 140.312517, 35.519764 ], [ 140.312462, 35.519764 ], [ 140.312462, 35.519719 ], [ 140.312406, 35.519719 ], [ 140.312406, 35.519674 ], [ 140.312295, 35.519674 ], [ 140.312295, 35.519719 ], [ 140.312239, 35.519719 ], [ 140.312239, 35.519809 ], [ 140.312184, 35.519809 ], [ 140.312184, 35.5199 ], [ 140.312017, 35.5199 ], [ 140.312017, 35.51999 ], [ 140.312128, 35.51999 ], [ 140.312128, 35.520036 ], [ 140.312184, 35.520036 ], [ 140.312184, 35.520081 ], [ 140.312239, 35.520081 ], [ 140.312239, 35.520126 ], [ 140.312128, 35.520126 ], [ 140.312128, 35.520171 ], [ 140.312017, 35.520171 ], [ 140.311962, 35.520171 ], [ 140.311962, 35.520216 ], [ 140.311906, 35.520216 ], [ 140.311906, 35.520262 ], [ 140.31185, 35.520262 ], [ 140.31185, 35.520352 ], [ 140.311795, 35.520352 ], [ 140.311795, 35.520397 ], [ 140.311739, 35.520397 ], [ 140.311739, 35.520442 ], [ 140.311684, 35.520442 ], [ 140.311684, 35.520397 ], [ 140.311628, 35.520397 ], [ 140.311628, 35.520262 ], [ 140.311517, 35.520262 ], [ 140.311517, 35.520352 ], [ 140.311573, 35.520352 ], [ 140.311573, 35.520397 ], [ 140.311573, 35.520442 ], [ 140.311628, 35.520442 ], [ 140.311628, 35.520533 ], [ 140.311684, 35.520533 ], [ 140.311684, 35.520578 ], [ 140.311739, 35.520578 ], [ 140.311739, 35.520759 ], [ 140.311795, 35.520759 ], [ 140.311795, 35.520804 ], [ 140.31185, 35.520804 ], [ 140.31185, 35.520849 ], [ 140.311906, 35.520849 ], [ 140.311906, 35.52094 ], [ 140.311962, 35.52094 ], [ 140.311962, 35.52103 ], [ 140.312017, 35.52103 ], [ 140.312017, 35.521076 ], [ 140.311962, 35.521076 ], [ 140.311962, 35.521121 ], [ 140.311906, 35.521121 ], [ 140.311906, 35.521166 ], [ 140.31185, 35.521166 ], [ 140.31185, 35.521211 ], [ 140.311795, 35.521211 ], [ 140.311795, 35.521256 ] ], [ [ 140.312184, 35.521121 ], [ 140.312184, 35.521076 ], [ 140.312239, 35.521076 ], [ 140.312295, 35.521076 ], [ 140.312295, 35.52103 ], [ 140.31235, 35.52103 ], [ 140.31235, 35.52094 ], [ 140.312239, 35.52094 ], [ 140.312239, 35.52103 ], [ 140.312184, 35.52103 ], [ 140.312184, 35.52094 ], [ 140.312128, 35.52094 ], [ 140.312128, 35.520895 ], [ 140.312073, 35.520895 ], [ 140.312073, 35.520849 ], [ 140.312017, 35.520849 ], [ 140.312017, 35.520804 ], [ 140.311962, 35.520804 ], [ 140.311962, 35.520759 ], [ 140.311906, 35.520759 ], [ 140.311906, 35.520669 ], [ 140.31185, 35.520669 ], [ 140.31185, 35.520578 ], [ 140.311795, 35.520578 ], [ 140.311795, 35.520533 ], [ 140.31185, 35.520533 ], [ 140.31185, 35.520488 ], [ 140.311906, 35.520488 ], [ 140.311906, 35.520442 ], [ 140.31185, 35.520442 ], [ 140.31185, 35.520397 ], [ 140.312017, 35.520397 ], [ 140.312017, 35.520442 ], [ 140.312128, 35.520442 ], [ 140.312128, 35.520488 ], [ 140.312184, 35.520488 ], [ 140.312184, 35.520533 ], [ 140.312239, 35.520533 ], [ 140.312239, 35.520669 ], [ 140.312295, 35.520669 ], [ 140.312295, 35.520759 ], [ 140.31235, 35.520759 ], [ 140.31235, 35.520804 ], [ 140.312406, 35.520804 ], [ 140.312406, 35.520895 ], [ 140.312462, 35.520895 ], [ 140.312462, 35.52094 ], [ 140.312406, 35.52094 ], [ 140.312406, 35.521121 ], [ 140.31235, 35.521121 ], [ 140.31235, 35.521211 ], [ 140.312295, 35.521211 ], [ 140.312295, 35.521121 ], [ 140.312239, 35.521121 ], [ 140.312184, 35.521121 ] ], [ [ 140.312906, 35.521211 ], [ 140.312906, 35.521166 ], [ 140.312962, 35.521166 ], [ 140.312962, 35.521211 ], [ 140.312906, 35.521211 ] ], [ [ 140.313739, 35.521076 ], [ 140.313739, 35.52103 ], [ 140.313795, 35.52103 ], [ 140.313795, 35.521076 ], [ 140.313739, 35.521076 ] ], [ [ 140.312739, 35.520804 ], [ 140.312739, 35.520759 ], [ 140.312795, 35.520759 ], [ 140.312795, 35.520804 ], [ 140.312739, 35.520804 ] ], [ [ 140.313295, 35.520759 ], [ 140.313295, 35.520669 ], [ 140.31335, 35.520669 ], [ 140.31335, 35.520759 ], [ 140.313295, 35.520759 ] ], [ [ 140.312128, 35.520352 ], [ 140.312128, 35.520262 ], [ 140.312184, 35.520262 ], [ 140.312184, 35.520352 ], [ 140.312128, 35.520352 ] ], [ [ 140.312073, 35.520262 ], [ 140.312073, 35.520352 ], [ 140.311962, 35.520352 ], [ 140.311962, 35.520262 ], [ 140.312073, 35.520262 ] ], [ [ 140.312295, 35.519809 ], [ 140.312295, 35.519764 ], [ 140.312406, 35.519764 ], [ 140.312406, 35.519809 ], [ 140.312295, 35.519809 ] ], [ [ 140.313295, 35.521437 ], [ 140.313295, 35.521482 ], [ 140.313184, 35.521482 ], [ 140.313184, 35.521437 ], [ 140.313295, 35.521437 ] ] ], [ [ [ 140.307239, 35.52207 ], [ 140.307184, 35.52207 ], [ 140.307184, 35.522115 ], [ 140.307239, 35.522115 ], [ 140.307239, 35.52207 ] ] ], [ [ [ 140.311017, 35.521889 ], [ 140.311017, 35.521935 ], [ 140.311128, 35.521935 ], [ 140.311128, 35.52198 ], [ 140.311239, 35.52198 ], [ 140.311239, 35.52207 ], [ 140.31135, 35.52207 ], [ 140.31135, 35.522115 ], [ 140.311406, 35.522115 ], [ 140.311406, 35.52207 ], [ 140.311406, 35.52198 ], [ 140.31135, 35.52198 ], [ 140.311295, 35.52198 ], [ 140.311295, 35.521935 ], [ 140.311239, 35.521935 ], [ 140.311184, 35.521935 ], [ 140.311184, 35.521889 ], [ 140.311128, 35.521889 ], [ 140.311017, 35.521889 ] ] ], [ [ [ 140.31385, 35.522115 ], [ 140.313906, 35.522115 ], [ 140.313906, 35.52207 ], [ 140.31385, 35.52207 ], [ 140.31385, 35.522115 ] ] ], [ [ [ 140.31385, 35.522115 ], [ 140.313795, 35.522115 ], [ 140.313739, 35.522115 ], [ 140.313739, 35.522161 ], [ 140.31385, 35.522161 ], [ 140.31385, 35.522115 ] ] ], [ [ [ 140.310517, 35.522206 ], [ 140.310406, 35.522206 ], [ 140.310406, 35.522251 ], [ 140.310517, 35.522251 ], [ 140.310517, 35.522206 ] ] ], [ [ [ 140.313128, 35.52198 ], [ 140.313017, 35.52198 ], [ 140.313017, 35.521935 ], [ 140.312962, 35.521935 ], [ 140.312906, 35.521935 ], [ 140.312906, 35.52198 ], [ 140.31285, 35.52198 ], [ 140.312795, 35.52198 ], [ 140.312795, 35.52207 ], [ 140.31285, 35.52207 ], [ 140.31285, 35.522115 ], [ 140.31285, 35.522161 ], [ 140.312906, 35.522161 ], [ 140.312906, 35.522251 ], [ 140.312962, 35.522251 ], [ 140.312962, 35.522206 ], [ 140.312962, 35.522161 ], [ 140.313017, 35.522161 ], [ 140.313017, 35.522115 ], [ 140.312962, 35.522115 ], [ 140.312962, 35.52207 ], [ 140.313128, 35.52207 ], [ 140.313128, 35.52198 ] ] ], [ [ [ 140.315684, 35.522206 ], [ 140.315628, 35.522206 ], [ 140.315628, 35.522251 ], [ 140.315684, 35.522251 ], [ 140.315684, 35.522206 ] ] ], [ [ [ 140.310684, 35.522251 ], [ 140.310628, 35.522251 ], [ 140.310628, 35.522296 ], [ 140.310684, 35.522296 ], [ 140.310684, 35.522251 ] ] ], [ [ [ 140.313517, 35.522251 ], [ 140.313462, 35.522251 ], [ 140.313462, 35.522296 ], [ 140.313517, 35.522296 ], [ 140.313517, 35.522251 ] ] ], [ [ [ 140.31035, 35.522296 ], [ 140.310295, 35.522296 ], [ 140.310295, 35.522387 ], [ 140.31035, 35.522387 ], [ 140.31035, 35.522296 ] ] ], [ [ [ 140.313406, 35.522296 ], [ 140.31335, 35.522296 ], [ 140.31335, 35.522387 ], [ 140.313406, 35.522387 ], [ 140.313406, 35.522296 ] ] ], [ [ [ 140.307128, 35.522387 ], [ 140.307073, 35.522387 ], [ 140.307073, 35.522477 ], [ 140.307128, 35.522477 ], [ 140.307128, 35.522387 ] ] ], [ [ [ 140.313295, 35.522387 ], [ 140.313184, 35.522387 ], [ 140.313184, 35.522477 ], [ 140.313295, 35.522477 ], [ 140.313295, 35.522387 ] ] ], [ [ [ 140.306795, 35.522477 ], [ 140.306739, 35.522477 ], [ 140.306739, 35.522522 ], [ 140.306795, 35.522522 ], [ 140.306795, 35.522477 ] ] ], [ [ [ 140.315684, 35.522522 ], [ 140.315684, 35.522296 ], [ 140.315628, 35.522296 ], [ 140.315628, 35.522387 ], [ 140.315573, 35.522387 ], [ 140.315573, 35.522477 ], [ 140.315573, 35.522522 ], [ 140.315628, 35.522522 ], [ 140.315684, 35.522522 ] ] ], [ [ [ 140.308184, 35.522568 ], [ 140.308184, 35.522522 ], [ 140.308239, 35.522522 ], [ 140.308295, 35.522522 ], [ 140.308295, 35.522296 ], [ 140.308295, 35.522251 ], [ 140.308239, 35.522251 ], [ 140.308239, 35.522206 ], [ 140.308239, 35.52198 ], [ 140.308239, 35.521935 ], [ 140.308573, 35.521935 ], [ 140.308573, 35.52198 ], [ 140.308462, 35.52198 ], [ 140.308462, 35.52207 ], [ 140.308462, 35.522296 ], [ 140.308517, 35.522296 ], [ 140.308517, 35.522522 ], [ 140.308739, 35.522522 ], [ 140.308739, 35.522477 ], [ 140.308906, 35.522477 ], [ 140.309128, 35.522477 ], [ 140.309239, 35.522477 ], [ 140.30935, 35.522477 ], [ 140.30935, 35.522387 ], [ 140.309962, 35.522387 ], [ 140.310017, 35.522387 ], [ 140.310017, 35.522296 ], [ 140.310128, 35.522296 ], [ 140.310128, 35.522161 ], [ 140.310017, 35.522161 ], [ 140.310017, 35.522115 ], [ 140.309739, 35.522115 ], [ 140.309739, 35.52207 ], [ 140.309573, 35.52207 ], [ 140.309573, 35.52198 ], [ 140.309406, 35.52198 ], [ 140.309406, 35.521935 ], [ 140.308628, 35.521935 ], [ 140.308628, 35.521889 ], [ 140.309017, 35.521889 ], [ 140.309017, 35.521799 ], [ 140.309017, 35.521482 ], [ 140.308962, 35.521482 ], [ 140.308962, 35.521256 ], [ 140.308962, 35.521211 ], [ 140.308906, 35.521211 ], [ 140.308906, 35.52103 ], [ 140.30885, 35.52103 ], [ 140.308795, 35.52103 ], [ 140.308795, 35.52094 ], [ 140.308739, 35.52094 ], [ 140.308684, 35.52094 ], [ 140.308684, 35.520895 ], [ 140.308628, 35.520895 ], [ 140.308573, 35.520895 ], [ 140.308573, 35.52094 ], [ 140.30835, 35.52094 ], [ 140.30835, 35.52103 ], [ 140.308295, 35.52103 ], [ 140.308295, 35.52094 ], [ 140.308128, 35.52094 ], [ 140.308128, 35.52103 ], [ 140.308128, 35.521211 ], [ 140.308128, 35.521392 ], [ 140.308184, 35.521392 ], [ 140.308184, 35.521437 ], [ 140.308128, 35.521437 ], [ 140.307962, 35.521437 ], [ 140.307962, 35.521482 ], [ 140.307739, 35.521482 ], [ 140.307739, 35.521709 ], [ 140.307795, 35.521709 ], [ 140.307795, 35.521754 ], [ 140.307739, 35.521754 ], [ 140.307739, 35.521889 ], [ 140.307795, 35.521889 ], [ 140.307795, 35.521935 ], [ 140.308184, 35.521935 ], [ 140.308184, 35.52198 ], [ 140.308073, 35.52198 ], [ 140.308073, 35.52207 ], [ 140.307962, 35.52207 ], [ 140.307962, 35.522115 ], [ 140.307906, 35.522115 ], [ 140.307906, 35.52207 ], [ 140.307795, 35.52207 ], [ 140.307795, 35.522115 ], [ 140.30785, 35.522115 ], [ 140.30785, 35.522477 ], [ 140.307795, 35.522477 ], [ 140.307795, 35.522296 ], [ 140.307739, 35.522296 ], [ 140.307739, 35.522477 ], [ 140.307684, 35.522477 ], [ 140.307684, 35.522522 ], [ 140.307739, 35.522522 ], [ 140.307739, 35.522568 ], [ 140.307795, 35.522568 ], [ 140.30785, 35.522568 ], [ 140.30785, 35.522522 ], [ 140.307906, 35.522522 ], [ 140.307906, 35.522568 ], [ 140.307962, 35.522568 ], [ 140.307962, 35.522522 ], [ 140.308017, 35.522522 ], [ 140.308017, 35.522568 ], [ 140.308184, 35.522568 ] ] ], [ [ [ 140.313017, 35.522522 ], [ 140.313017, 35.522477 ], [ 140.312962, 35.522477 ], [ 140.312962, 35.522522 ], [ 140.312906, 35.522522 ], [ 140.312906, 35.522568 ], [ 140.312962, 35.522568 ], [ 140.313073, 35.522568 ], [ 140.313184, 35.522568 ], [ 140.313184, 35.522522 ], [ 140.313017, 35.522522 ] ] ], [ [ [ 140.307073, 35.522568 ], [ 140.307017, 35.522568 ], [ 140.307017, 35.522613 ], [ 140.307073, 35.522613 ], [ 140.307073, 35.522568 ] ] ], [ [ [ 140.31235, 35.522522 ], [ 140.312295, 35.522522 ], [ 140.312295, 35.522613 ], [ 140.31235, 35.522613 ], [ 140.31235, 35.522568 ], [ 140.31235, 35.522522 ] ] ], [ [ [ 140.315573, 35.522568 ], [ 140.315517, 35.522568 ], [ 140.315517, 35.522613 ], [ 140.315573, 35.522613 ], [ 140.315573, 35.522568 ] ] ], [ [ [ 140.315017, 35.522613 ], [ 140.314962, 35.522613 ], [ 140.314962, 35.522658 ], [ 140.315017, 35.522658 ], [ 140.315017, 35.522613 ] ] ], [ [ [ 140.315462, 35.522749 ], [ 140.315517, 35.522749 ], [ 140.315517, 35.522658 ], [ 140.315462, 35.522658 ], [ 140.315462, 35.522749 ] ] ], [ [ [ 140.312517, 35.522839 ], [ 140.312517, 35.522794 ], [ 140.312517, 35.522658 ], [ 140.312462, 35.522658 ], [ 140.312462, 35.522613 ], [ 140.312406, 35.522613 ], [ 140.312406, 35.522749 ], [ 140.312462, 35.522749 ], [ 140.312462, 35.522839 ], [ 140.312517, 35.522839 ] ] ], [ [ [ 140.315462, 35.522749 ], [ 140.315406, 35.522749 ], [ 140.315406, 35.522839 ], [ 140.315462, 35.522839 ], [ 140.315462, 35.522749 ] ] ], [ [ [ 140.313406, 35.522884 ], [ 140.313128, 35.522884 ], [ 140.313128, 35.522929 ], [ 140.313184, 35.522929 ], [ 140.313239, 35.522929 ], [ 140.31335, 35.522929 ], [ 140.313406, 35.522929 ], [ 140.313406, 35.522884 ] ] ], [ [ [ 140.314128, 35.522884 ], [ 140.314073, 35.522884 ], [ 140.314073, 35.522929 ], [ 140.314128, 35.522929 ], [ 140.314128, 35.522884 ] ] ], [ [ [ 140.312517, 35.522839 ], [ 140.312517, 35.522929 ], [ 140.312573, 35.522929 ], [ 140.312573, 35.522975 ], [ 140.312628, 35.522975 ], [ 140.312628, 35.522884 ], [ 140.312573, 35.522884 ], [ 140.312573, 35.522839 ], [ 140.312517, 35.522839 ] ] ], [ [ [ 140.313573, 35.522929 ], [ 140.313517, 35.522929 ], [ 140.313517, 35.522975 ], [ 140.313573, 35.522975 ], [ 140.313573, 35.522929 ] ] ], [ [ [ 140.315295, 35.522975 ], [ 140.31535, 35.522975 ], [ 140.31535, 35.522929 ], [ 140.31535, 35.522884 ], [ 140.315295, 35.522884 ], [ 140.315295, 35.522929 ], [ 140.315295, 35.522975 ] ] ], [ [ [ 140.313684, 35.522975 ], [ 140.313628, 35.522975 ], [ 140.313628, 35.523065 ], [ 140.313739, 35.523065 ], [ 140.313739, 35.522975 ], [ 140.313684, 35.522975 ] ] ], [ [ [ 140.315295, 35.522975 ], [ 140.315239, 35.522975 ], [ 140.315239, 35.523065 ], [ 140.315295, 35.523065 ], [ 140.315295, 35.522975 ] ] ], [ [ [ 140.315239, 35.523065 ], [ 140.315184, 35.523065 ], [ 140.315184, 35.52311 ], [ 140.315239, 35.52311 ], [ 140.315239, 35.523065 ] ] ], [ [ [ 140.312628, 35.522975 ], [ 140.312628, 35.52311 ], [ 140.312684, 35.52311 ], [ 140.312684, 35.523155 ], [ 140.312739, 35.523155 ], [ 140.312739, 35.523065 ], [ 140.312684, 35.523065 ], [ 140.312684, 35.522975 ], [ 140.312628, 35.522975 ] ] ], [ [ [ 140.31285, 35.523291 ], [ 140.31285, 35.523201 ], [ 140.312795, 35.523201 ], [ 140.312795, 35.523291 ], [ 140.31285, 35.523291 ] ] ], [ [ [ 140.315184, 35.52311 ], [ 140.315128, 35.52311 ], [ 140.315128, 35.523155 ], [ 140.315073, 35.523155 ], [ 140.315073, 35.523201 ], [ 140.315017, 35.523201 ], [ 140.315017, 35.523336 ], [ 140.315073, 35.523336 ], [ 140.315073, 35.523291 ], [ 140.315128, 35.523291 ], [ 140.315128, 35.523201 ], [ 140.315184, 35.523201 ], [ 140.315184, 35.52311 ] ] ], [ [ [ 140.312962, 35.523336 ], [ 140.313017, 35.523336 ], [ 140.313017, 35.523427 ], [ 140.313073, 35.523427 ], [ 140.313073, 35.523291 ], [ 140.313017, 35.523291 ], [ 140.313017, 35.523201 ], [ 140.312962, 35.523201 ], [ 140.312962, 35.523336 ] ] ], [ [ [ 140.314573, 35.523336 ], [ 140.314517, 35.523336 ], [ 140.314517, 35.523427 ], [ 140.314573, 35.523427 ], [ 140.314573, 35.523336 ] ] ], [ [ [ 140.312962, 35.523336 ], [ 140.312906, 35.523336 ], [ 140.312906, 35.523291 ], [ 140.31285, 35.523291 ], [ 140.31285, 35.523427 ], [ 140.312906, 35.523427 ], [ 140.312906, 35.523472 ], [ 140.312962, 35.523472 ], [ 140.312962, 35.523336 ] ] ], [ [ [ 140.313073, 35.523427 ], [ 140.313073, 35.523472 ], [ 140.313128, 35.523472 ], [ 140.313128, 35.523427 ], [ 140.313073, 35.523427 ] ] ], [ [ [ 140.314128, 35.523155 ], [ 140.314128, 35.523201 ], [ 140.314073, 35.523201 ], [ 140.314073, 35.523336 ], [ 140.314128, 35.523336 ], [ 140.314128, 35.523427 ], [ 140.314017, 35.523427 ], [ 140.314017, 35.523472 ], [ 140.314184, 35.523472 ], [ 140.314184, 35.523427 ], [ 140.314239, 35.523427 ], [ 140.314295, 35.523427 ], [ 140.314295, 35.523336 ], [ 140.314295, 35.523201 ], [ 140.314239, 35.523201 ], [ 140.314239, 35.523155 ], [ 140.314184, 35.523155 ], [ 140.314128, 35.523155 ] ] ], [ [ [ 140.312962, 35.523472 ], [ 140.312962, 35.523517 ], [ 140.313017, 35.523517 ], [ 140.313017, 35.523472 ], [ 140.312962, 35.523472 ] ] ], [ [ [ 140.31485, 35.523562 ], [ 140.314906, 35.523562 ], [ 140.314906, 35.523517 ], [ 140.31485, 35.523517 ], [ 140.31485, 35.523562 ] ] ], [ [ [ 140.314128, 35.523155 ], [ 140.314128, 35.52311 ], [ 140.314073, 35.52311 ], [ 140.314017, 35.52311 ], [ 140.313962, 35.52311 ], [ 140.313962, 35.523065 ], [ 140.313906, 35.523065 ], [ 140.313906, 35.523155 ], [ 140.31385, 35.523155 ], [ 140.31385, 35.523201 ], [ 140.313795, 35.523201 ], [ 140.313795, 35.523336 ], [ 140.313739, 35.523336 ], [ 140.313739, 35.523427 ], [ 140.313739, 35.523472 ], [ 140.313684, 35.523472 ], [ 140.313684, 35.523562 ], [ 140.31385, 35.523562 ], [ 140.31385, 35.523608 ], [ 140.313962, 35.523608 ], [ 140.313962, 35.523517 ], [ 140.31385, 35.523517 ], [ 140.31385, 35.523427 ], [ 140.313906, 35.523427 ], [ 140.313906, 35.523201 ], [ 140.314017, 35.523201 ], [ 140.314017, 35.523155 ], [ 140.314128, 35.523155 ] ] ], [ [ [ 140.31485, 35.523562 ], [ 140.314795, 35.523562 ], [ 140.314795, 35.523608 ], [ 140.31485, 35.523608 ], [ 140.31485, 35.523562 ] ] ], [ [ [ 140.314795, 35.523608 ], [ 140.314739, 35.523608 ], [ 140.314739, 35.523653 ], [ 140.314795, 35.523653 ], [ 140.314795, 35.523608 ] ] ], [ [ [ 140.313684, 35.523608 ], [ 140.313628, 35.523608 ], [ 140.313628, 35.523788 ], [ 140.313684, 35.523788 ], [ 140.313684, 35.523608 ] ] ], [ [ [ 140.314684, 35.523788 ], [ 140.314739, 35.523788 ], [ 140.314739, 35.523743 ], [ 140.314684, 35.523743 ], [ 140.314684, 35.523788 ] ] ], [ [ [ 140.314684, 35.523788 ], [ 140.314628, 35.523788 ], [ 140.314628, 35.523834 ], [ 140.314684, 35.523834 ], [ 140.314684, 35.523788 ] ] ], [ [ [ 140.313184, 35.523834 ], [ 140.313017, 35.523834 ], [ 140.313017, 35.523879 ], [ 140.313184, 35.523879 ], [ 140.313184, 35.523834 ] ] ], [ [ [ 140.314628, 35.523834 ], [ 140.314573, 35.523834 ], [ 140.314573, 35.523879 ], [ 140.314628, 35.523879 ], [ 140.314628, 35.523834 ] ] ], [ [ [ 140.311295, 35.523969 ], [ 140.311295, 35.523924 ], [ 140.31135, 35.523924 ], [ 140.31135, 35.523879 ], [ 140.311462, 35.523879 ], [ 140.311462, 35.523834 ], [ 140.311295, 35.523834 ], [ 140.311295, 35.523879 ], [ 140.311184, 35.523879 ], [ 140.311184, 35.523969 ], [ 140.311295, 35.523969 ] ] ], [ [ [ 140.314573, 35.523924 ], [ 140.314517, 35.523924 ], [ 140.314517, 35.523969 ], [ 140.314573, 35.523969 ], [ 140.314573, 35.523924 ] ] ], [ [ [ 140.311073, 35.52415 ], [ 140.311128, 35.52415 ], [ 140.311128, 35.524015 ], [ 140.311073, 35.524015 ], [ 140.311073, 35.52415 ] ] ], [ [ [ 140.312517, 35.52415 ], [ 140.312462, 35.52415 ], [ 140.312462, 35.524195 ], [ 140.312517, 35.524195 ], [ 140.312517, 35.52415 ] ] ], [ [ [ 140.313128, 35.523472 ], [ 140.313128, 35.523517 ], [ 140.313128, 35.523562 ], [ 140.313184, 35.523562 ], [ 140.313184, 35.523608 ], [ 140.313239, 35.523608 ], [ 140.313239, 35.523653 ], [ 140.313295, 35.523653 ], [ 140.313295, 35.523788 ], [ 140.31335, 35.523788 ], [ 140.31335, 35.523834 ], [ 140.313406, 35.523834 ], [ 140.313406, 35.523879 ], [ 140.313462, 35.523879 ], [ 140.313462, 35.523969 ], [ 140.313517, 35.523969 ], [ 140.313517, 35.524015 ], [ 140.313573, 35.524015 ], [ 140.313573, 35.52415 ], [ 140.313628, 35.52415 ], [ 140.313628, 35.524195 ], [ 140.313684, 35.524195 ], [ 140.313684, 35.524015 ], [ 140.313628, 35.524015 ], [ 140.313628, 35.523924 ], [ 140.313573, 35.523924 ], [ 140.313573, 35.523879 ], [ 140.313684, 35.523879 ], [ 140.313684, 35.523834 ], [ 140.313462, 35.523834 ], [ 140.313462, 35.523743 ], [ 140.313406, 35.523743 ], [ 140.313406, 35.523653 ], [ 140.31335, 35.523653 ], [ 140.31335, 35.523608 ], [ 140.313295, 35.523608 ], [ 140.313295, 35.523562 ], [ 140.313239, 35.523562 ], [ 140.313239, 35.523517 ], [ 140.313184, 35.523517 ], [ 140.313184, 35.523472 ], [ 140.313128, 35.523472 ] ] ], [ [ [ 140.314406, 35.524195 ], [ 140.314462, 35.524195 ], [ 140.314462, 35.52415 ], [ 140.314517, 35.52415 ], [ 140.314517, 35.524015 ], [ 140.314462, 35.524015 ], [ 140.314406, 35.524015 ], [ 140.314406, 35.52415 ], [ 140.314406, 35.524195 ] ] ], [ [ [ 140.314406, 35.524195 ], [ 140.31435, 35.524195 ], [ 140.31435, 35.524241 ], [ 140.314406, 35.524241 ], [ 140.314406, 35.524195 ] ] ], [ [ [ 140.31435, 35.524286 ], [ 140.314295, 35.524286 ], [ 140.314295, 35.524331 ], [ 140.314295, 35.524376 ], [ 140.31435, 35.524376 ], [ 140.31435, 35.524286 ] ] ], [ [ [ 140.313406, 35.524512 ], [ 140.313462, 35.524512 ], [ 140.313462, 35.524467 ], [ 140.313406, 35.524467 ], [ 140.313406, 35.524512 ] ] ], [ [ [ 140.311128, 35.524467 ], [ 140.311128, 35.524557 ], [ 140.311184, 35.524557 ], [ 140.311184, 35.524512 ], [ 140.311184, 35.524467 ], [ 140.311128, 35.524467 ] ] ], [ [ [ 140.314239, 35.524512 ], [ 140.314184, 35.524512 ], [ 140.314184, 35.524557 ], [ 140.314239, 35.524557 ], [ 140.314239, 35.524512 ] ] ], [ [ [ 140.314406, 35.524512 ], [ 140.31435, 35.524512 ], [ 140.31435, 35.524557 ], [ 140.314406, 35.524557 ], [ 140.314406, 35.524512 ] ] ], [ [ [ 140.311184, 35.524557 ], [ 140.311184, 35.524648 ], [ 140.311184, 35.524693 ], [ 140.311239, 35.524693 ], [ 140.311239, 35.524602 ], [ 140.311239, 35.524557 ], [ 140.311184, 35.524557 ] ] ], [ [ [ 140.314184, 35.524602 ], [ 140.314128, 35.524602 ], [ 140.314128, 35.524693 ], [ 140.314184, 35.524693 ], [ 140.314184, 35.524648 ], [ 140.314184, 35.524602 ] ] ], [ [ [ 140.314295, 35.524783 ], [ 140.31435, 35.524783 ], [ 140.31435, 35.524648 ], [ 140.314295, 35.524648 ], [ 140.314295, 35.524693 ], [ 140.314295, 35.524783 ] ] ], [ [ [ 140.311128, 35.524467 ], [ 140.311128, 35.524286 ], [ 140.311073, 35.524286 ], [ 140.311073, 35.524195 ], [ 140.311073, 35.52415 ], [ 140.310962, 35.52415 ], [ 140.310962, 35.524015 ], [ 140.310962, 35.523969 ], [ 140.310906, 35.523969 ], [ 140.310906, 35.523924 ], [ 140.310906, 35.523879 ], [ 140.31085, 35.523879 ], [ 140.310573, 35.523879 ], [ 140.310517, 35.523879 ], [ 140.310517, 35.523924 ], [ 140.310462, 35.523924 ], [ 140.310406, 35.523924 ], [ 140.310295, 35.523924 ], [ 140.310295, 35.523969 ], [ 140.310239, 35.523969 ], [ 140.310239, 35.524015 ], [ 140.310184, 35.524015 ], [ 140.310184, 35.52415 ], [ 140.310128, 35.52415 ], [ 140.310128, 35.524195 ], [ 140.310073, 35.524195 ], [ 140.310073, 35.524241 ], [ 140.310017, 35.524241 ], [ 140.309962, 35.524241 ], [ 140.309906, 35.524241 ], [ 140.309906, 35.524286 ], [ 140.309795, 35.524286 ], [ 140.309739, 35.524286 ], [ 140.309684, 35.524286 ], [ 140.309684, 35.524241 ], [ 140.309628, 35.524241 ], [ 140.309628, 35.524195 ], [ 140.309573, 35.524195 ], [ 140.309406, 35.524195 ], [ 140.309406, 35.524241 ], [ 140.30935, 35.524241 ], [ 140.30935, 35.524286 ], [ 140.309239, 35.524286 ], [ 140.309128, 35.524286 ], [ 140.309128, 35.524331 ], [ 140.309017, 35.524331 ], [ 140.309017, 35.524376 ], [ 140.308962, 35.524376 ], [ 140.308962, 35.524512 ], [ 140.309017, 35.524512 ], [ 140.309017, 35.524602 ], [ 140.309073, 35.524602 ], [ 140.309073, 35.524693 ], [ 140.308962, 35.524693 ], [ 140.308962, 35.524783 ], [ 140.308906, 35.524783 ], [ 140.308906, 35.524828 ], [ 140.308962, 35.524828 ], [ 140.308962, 35.524874 ], [ 140.309073, 35.524874 ], [ 140.309073, 35.524964 ], [ 140.309017, 35.524964 ], [ 140.309017, 35.525009 ], [ 140.30935, 35.525009 ], [ 140.309517, 35.525009 ], [ 140.309573, 35.525009 ], [ 140.309573, 35.524964 ], [ 140.309628, 35.524964 ], [ 140.309628, 35.524874 ], [ 140.309684, 35.524874 ], [ 140.309684, 35.524964 ], [ 140.309739, 35.524964 ], [ 140.309739, 35.525009 ], [ 140.310295, 35.525009 ], [ 140.31035, 35.525009 ], [ 140.310406, 35.525009 ], [ 140.310406, 35.524964 ], [ 140.310462, 35.524964 ], [ 140.310462, 35.524874 ], [ 140.310462, 35.524828 ], [ 140.310462, 35.524783 ], [ 140.310406, 35.524783 ], [ 140.310406, 35.524648 ], [ 140.31035, 35.524648 ], [ 140.31035, 35.524602 ], [ 140.31035, 35.524557 ], [ 140.310295, 35.524557 ], [ 140.310295, 35.524512 ], [ 140.310239, 35.524512 ], [ 140.310239, 35.524467 ], [ 140.310239, 35.524376 ], [ 140.31035, 35.524376 ], [ 140.31035, 35.524331 ], [ 140.310517, 35.524331 ], [ 140.310517, 35.524286 ], [ 140.310795, 35.524286 ], [ 140.310795, 35.524241 ], [ 140.310906, 35.524241 ], [ 140.310906, 35.524195 ], [ 140.310962, 35.524195 ], [ 140.310962, 35.524241 ], [ 140.311017, 35.524241 ], [ 140.311017, 35.524331 ], [ 140.311073, 35.524331 ], [ 140.311073, 35.524376 ], [ 140.311073, 35.524467 ], [ 140.311128, 35.524467 ] ], [ [ 140.309239, 35.524602 ], [ 140.309239, 35.524648 ], [ 140.309184, 35.524648 ], [ 140.309184, 35.524602 ], [ 140.309239, 35.524602 ] ] ], [ [ [ 140.314017, 35.525054 ], [ 140.313962, 35.525054 ], [ 140.313962, 35.525145 ], [ 140.314017, 35.525145 ], [ 140.314017, 35.525054 ] ] ], [ [ [ 140.313795, 35.525597 ], [ 140.313739, 35.525597 ], [ 140.313739, 35.525642 ], [ 140.313795, 35.525642 ], [ 140.313795, 35.525597 ] ] ], [ [ [ 140.313295, 35.525371 ], [ 140.313295, 35.525507 ], [ 140.313239, 35.525507 ], [ 140.313239, 35.525642 ], [ 140.313128, 35.525642 ], [ 140.313128, 35.525687 ], [ 140.313239, 35.525687 ], [ 140.31335, 35.525687 ], [ 140.31335, 35.525642 ], [ 140.313406, 35.525642 ], [ 140.313406, 35.525597 ], [ 140.31335, 35.525597 ], [ 140.31335, 35.525371 ], [ 140.313295, 35.525371 ] ] ], [ [ [ 140.313739, 35.525868 ], [ 140.313739, 35.525687 ], [ 140.313684, 35.525687 ], [ 140.313684, 35.525823 ], [ 140.313628, 35.525823 ], [ 140.313628, 35.525868 ], [ 140.313739, 35.525868 ] ] ], [ [ [ 140.315906, 35.525914 ], [ 140.315962, 35.525914 ], [ 140.315962, 35.525868 ], [ 140.315906, 35.525868 ], [ 140.315906, 35.525914 ] ] ], [ [ [ 140.313684, 35.525914 ], [ 140.313628, 35.525914 ], [ 140.313628, 35.525959 ], [ 140.313684, 35.525959 ], [ 140.313684, 35.525914 ] ] ], [ [ [ 140.31285, 35.525009 ], [ 140.312795, 35.525009 ], [ 140.312795, 35.524874 ], [ 140.31285, 35.524874 ], [ 140.31285, 35.525009 ], [ 140.312906, 35.525009 ], [ 140.312906, 35.525054 ], [ 140.312962, 35.525054 ], [ 140.312962, 35.525145 ], [ 140.313017, 35.525145 ], [ 140.313017, 35.52519 ], [ 140.313073, 35.52519 ], [ 140.313073, 35.525235 ], [ 140.313128, 35.525235 ], [ 140.313128, 35.525281 ], [ 140.313184, 35.525281 ], [ 140.313184, 35.525326 ], [ 140.313239, 35.525326 ], [ 140.313239, 35.525371 ], [ 140.313295, 35.525371 ], [ 140.313295, 35.525281 ], [ 140.31335, 35.525281 ], [ 140.31335, 35.525235 ], [ 140.313239, 35.525235 ], [ 140.313239, 35.52519 ], [ 140.313184, 35.52519 ], [ 140.313184, 35.525009 ], [ 140.313017, 35.525009 ], [ 140.313017, 35.524964 ], [ 140.312962, 35.524964 ], [ 140.312962, 35.524874 ], [ 140.312906, 35.524874 ], [ 140.312906, 35.524828 ], [ 140.312962, 35.524828 ], [ 140.312962, 35.524783 ], [ 140.31285, 35.524783 ], [ 140.31285, 35.524648 ], [ 140.313017, 35.524648 ], [ 140.313017, 35.524602 ], [ 140.313073, 35.524602 ], [ 140.313073, 35.524693 ], [ 140.313128, 35.524693 ], [ 140.313128, 35.524648 ], [ 140.313184, 35.524648 ], [ 140.313184, 35.524557 ], [ 140.313295, 35.524557 ], [ 140.313295, 35.524602 ], [ 140.31335, 35.524602 ], [ 140.31335, 35.524557 ], [ 140.313406, 35.524557 ], [ 140.313406, 35.524512 ], [ 140.313184, 35.524512 ], [ 140.313184, 35.524467 ], [ 140.313128, 35.524467 ], [ 140.313128, 35.524376 ], [ 140.313073, 35.524376 ], [ 140.313073, 35.524467 ], [ 140.313017, 35.524467 ], [ 140.313017, 35.524512 ], [ 140.312795, 35.524512 ], [ 140.312795, 35.524376 ], [ 140.31285, 35.524376 ], [ 140.31285, 35.524331 ], [ 140.312906, 35.524331 ], [ 140.312906, 35.524286 ], [ 140.312962, 35.524286 ], [ 140.312962, 35.524331 ], [ 140.313017, 35.524331 ], [ 140.313128, 35.524331 ], [ 140.313128, 35.524286 ], [ 140.313073, 35.524286 ], [ 140.313073, 35.524195 ], [ 140.313128, 35.524195 ], [ 140.313128, 35.524015 ], [ 140.312962, 35.524015 ], [ 140.312962, 35.52415 ], [ 140.312906, 35.52415 ], [ 140.312906, 35.524195 ], [ 140.31285, 35.524195 ], [ 140.31285, 35.524241 ], [ 140.312795, 35.524241 ], [ 140.312795, 35.524286 ], [ 140.312739, 35.524286 ], [ 140.312739, 35.524331 ], [ 140.312684, 35.524331 ], [ 140.312684, 35.524286 ], [ 140.312628, 35.524286 ], [ 140.312628, 35.524241 ], [ 140.312573, 35.524241 ], [ 140.312573, 35.524286 ], [ 140.312517, 35.524286 ], [ 140.312517, 35.524331 ], [ 140.312628, 35.524331 ], [ 140.312628, 35.524376 ], [ 140.312739, 35.524376 ], [ 140.312739, 35.524467 ], [ 140.312684, 35.524467 ], [ 140.312684, 35.524512 ], [ 140.312628, 35.524512 ], [ 140.312628, 35.524648 ], [ 140.312517, 35.524648 ], [ 140.312462, 35.524648 ], [ 140.312406, 35.524648 ], [ 140.312406, 35.524602 ], [ 140.31235, 35.524602 ], [ 140.31235, 35.524693 ], [ 140.312239, 35.524693 ], [ 140.312239, 35.524783 ], [ 140.311962, 35.524783 ], [ 140.311962, 35.524828 ], [ 140.311906, 35.524828 ], [ 140.311906, 35.524783 ], [ 140.311739, 35.524783 ], [ 140.311739, 35.524828 ], [ 140.311684, 35.524828 ], [ 140.311684, 35.524874 ], [ 140.311684, 35.524964 ], [ 140.311906, 35.524964 ], [ 140.311906, 35.525009 ], [ 140.31185, 35.525009 ], [ 140.31185, 35.525054 ], [ 140.311739, 35.525054 ], [ 140.311739, 35.525009 ], [ 140.311628, 35.525009 ], [ 140.311628, 35.525054 ], [ 140.311573, 35.525054 ], [ 140.311573, 35.525145 ], [ 140.311517, 35.525145 ], [ 140.311517, 35.52519 ], [ 140.311462, 35.52519 ], [ 140.311462, 35.525235 ], [ 140.311406, 35.525235 ], [ 140.311406, 35.525281 ], [ 140.31135, 35.525281 ], [ 140.31135, 35.525326 ], [ 140.311295, 35.525326 ], [ 140.311295, 35.525371 ], [ 140.311239, 35.525371 ], [ 140.311239, 35.525461 ], [ 140.311239, 35.525597 ], [ 140.311239, 35.525642 ], [ 140.311295, 35.525642 ], [ 140.311295, 35.525687 ], [ 140.311295, 35.525823 ], [ 140.31135, 35.525823 ], [ 140.31135, 35.525868 ], [ 140.31135, 35.525914 ], [ 140.311406, 35.525914 ], [ 140.311406, 35.526004 ], [ 140.311573, 35.526004 ], [ 140.311684, 35.526004 ], [ 140.311795, 35.526004 ], [ 140.31185, 35.526004 ], [ 140.31185, 35.525959 ], [ 140.311906, 35.525959 ], [ 140.311906, 35.525914 ], [ 140.311962, 35.525914 ], [ 140.311962, 35.525868 ], [ 140.312017, 35.525868 ], [ 140.312073, 35.525868 ], [ 140.312073, 35.525823 ], [ 140.312073, 35.525552 ], [ 140.312239, 35.525552 ], [ 140.312239, 35.525507 ], [ 140.312295, 35.525507 ], [ 140.312406, 35.525507 ], [ 140.312462, 35.525507 ], [ 140.312462, 35.525371 ], [ 140.312406, 35.525371 ], [ 140.312406, 35.525281 ], [ 140.31235, 35.525281 ], [ 140.31235, 35.525145 ], [ 140.312406, 35.525145 ], [ 140.312406, 35.525054 ], [ 140.31235, 35.525054 ], [ 140.31235, 35.525009 ], [ 140.312073, 35.525009 ], [ 140.312073, 35.524828 ], [ 140.312295, 35.524828 ], [ 140.312295, 35.524874 ], [ 140.31235, 35.524874 ], [ 140.31235, 35.524964 ], [ 140.312406, 35.524964 ], [ 140.312406, 35.524783 ], [ 140.312628, 35.524783 ], [ 140.312628, 35.524828 ], [ 140.312684, 35.524828 ], [ 140.312684, 35.525054 ], [ 140.312628, 35.525054 ], [ 140.312628, 35.52519 ], [ 140.312739, 35.52519 ], [ 140.312739, 35.525145 ], [ 140.312795, 35.525145 ], [ 140.312795, 35.525054 ], [ 140.31285, 35.525054 ], [ 140.31285, 35.525009 ] ] ], [ [ [ 140.313795, 35.525914 ], [ 140.313739, 35.525914 ], [ 140.313739, 35.526004 ], [ 140.313795, 35.526004 ], [ 140.313795, 35.525914 ] ] ], [ [ [ 140.314295, 35.524783 ], [ 140.314239, 35.524783 ], [ 140.314239, 35.524828 ], [ 140.314239, 35.524874 ], [ 140.314184, 35.524874 ], [ 140.314184, 35.524964 ], [ 140.314295, 35.524964 ], [ 140.314295, 35.525009 ], [ 140.31435, 35.525009 ], [ 140.31435, 35.525054 ], [ 140.314406, 35.525054 ], [ 140.314406, 35.525145 ], [ 140.314462, 35.525145 ], [ 140.314462, 35.52519 ], [ 140.314517, 35.52519 ], [ 140.314517, 35.525281 ], [ 140.314573, 35.525281 ], [ 140.314573, 35.525371 ], [ 140.314628, 35.525371 ], [ 140.314628, 35.525507 ], [ 140.314739, 35.525507 ], [ 140.314739, 35.525597 ], [ 140.314795, 35.525597 ], [ 140.314795, 35.525687 ], [ 140.314906, 35.525687 ], [ 140.314906, 35.525868 ], [ 140.314962, 35.525868 ], [ 140.314962, 35.525959 ], [ 140.315017, 35.525959 ], [ 140.315017, 35.526004 ], [ 140.315073, 35.526004 ], [ 140.315073, 35.526049 ], [ 140.315128, 35.526049 ], [ 140.315128, 35.526004 ], [ 140.315128, 35.525959 ], [ 140.315073, 35.525959 ], [ 140.315073, 35.525914 ], [ 140.315017, 35.525914 ], [ 140.315017, 35.525868 ], [ 140.315017, 35.525823 ], [ 140.314962, 35.525823 ], [ 140.314962, 35.525642 ], [ 140.314962, 35.525552 ], [ 140.315017, 35.525552 ], [ 140.315017, 35.525507 ], [ 140.315073, 35.525507 ], [ 140.315073, 35.525461 ], [ 140.315128, 35.525461 ], [ 140.315128, 35.525371 ], [ 140.315184, 35.525371 ], [ 140.315184, 35.525281 ], [ 140.315128, 35.525281 ], [ 140.315073, 35.525281 ], [ 140.315073, 35.525235 ], [ 140.315017, 35.525235 ], [ 140.315017, 35.52519 ], [ 140.314962, 35.52519 ], [ 140.314906, 35.52519 ], [ 140.314906, 35.525145 ], [ 140.31485, 35.525145 ], [ 140.31485, 35.525054 ], [ 140.314795, 35.525054 ], [ 140.314795, 35.525009 ], [ 140.314795, 35.524964 ], [ 140.314739, 35.524964 ], [ 140.314739, 35.524874 ], [ 140.314684, 35.524874 ], [ 140.314684, 35.524828 ], [ 140.314684, 35.524783 ], [ 140.314573, 35.524783 ], [ 140.314573, 35.524828 ], [ 140.314573, 35.524874 ], [ 140.314517, 35.524874 ], [ 140.314517, 35.524964 ], [ 140.314517, 35.525009 ], [ 140.314462, 35.525009 ], [ 140.314406, 35.525009 ], [ 140.314406, 35.524964 ], [ 140.31435, 35.524964 ], [ 140.31435, 35.524874 ], [ 140.314295, 35.524874 ], [ 140.314295, 35.524828 ], [ 140.314295, 35.524783 ] ] ], [ [ [ 140.315906, 35.525914 ], [ 140.31585, 35.525914 ], [ 140.31585, 35.525959 ], [ 140.315739, 35.525959 ], [ 140.315739, 35.526004 ], [ 140.315684, 35.526004 ], [ 140.315684, 35.526049 ], [ 140.315628, 35.526049 ], [ 140.315628, 35.52614 ], [ 140.315684, 35.52614 ], [ 140.315739, 35.52614 ], [ 140.315739, 35.526049 ], [ 140.315795, 35.526049 ], [ 140.315795, 35.526004 ], [ 140.31585, 35.526004 ], [ 140.315906, 35.526004 ], [ 140.315906, 35.525914 ] ] ], [ [ [ 140.315628, 35.52614 ], [ 140.315573, 35.52614 ], [ 140.315573, 35.526185 ], [ 140.315628, 35.526185 ], [ 140.315628, 35.52614 ] ] ], [ [ [ 140.313462, 35.526275 ], [ 140.313462, 35.52632 ], [ 140.313517, 35.52632 ], [ 140.313517, 35.526275 ], [ 140.313462, 35.526275 ] ] ], [ [ [ 140.315573, 35.526185 ], [ 140.315517, 35.526185 ], [ 140.315462, 35.526185 ], [ 140.315462, 35.52623 ], [ 140.31535, 35.52623 ], [ 140.31535, 35.526185 ], [ 140.315295, 35.526185 ], [ 140.315295, 35.52614 ], [ 140.315239, 35.52614 ], [ 140.315239, 35.526049 ], [ 140.315184, 35.526049 ], [ 140.315128, 35.526049 ], [ 140.315128, 35.526185 ], [ 140.315184, 35.526185 ], [ 140.315239, 35.526185 ], [ 140.315239, 35.526275 ], [ 140.315295, 35.526275 ], [ 140.315295, 35.52632 ], [ 140.31535, 35.52632 ], [ 140.31535, 35.526366 ], [ 140.315462, 35.526366 ], [ 140.315462, 35.52632 ], [ 140.315462, 35.526275 ], [ 140.315517, 35.526275 ], [ 140.315628, 35.526275 ], [ 140.315628, 35.52623 ], [ 140.315573, 35.52623 ], [ 140.315573, 35.526185 ] ] ], [ [ [ 140.313406, 35.526366 ], [ 140.313406, 35.526411 ], [ 140.313462, 35.526411 ], [ 140.313462, 35.526366 ], [ 140.313406, 35.526366 ] ] ], [ [ [ 140.31335, 35.526501 ], [ 140.31335, 35.526547 ], [ 140.313406, 35.526547 ], [ 140.313406, 35.526501 ], [ 140.31335, 35.526501 ] ] ], [ [ [ 140.31335, 35.526501 ], [ 140.31335, 35.526366 ], [ 140.313406, 35.526366 ], [ 140.313406, 35.526275 ], [ 140.313462, 35.526275 ], [ 140.313462, 35.526185 ], [ 140.313517, 35.526185 ], [ 140.313517, 35.52623 ], [ 140.313573, 35.52623 ], [ 140.313573, 35.52614 ], [ 140.313517, 35.52614 ], [ 140.313517, 35.526049 ], [ 140.313628, 35.526049 ], [ 140.313628, 35.526004 ], [ 140.313573, 35.526004 ], [ 140.313573, 35.525959 ], [ 140.313517, 35.525959 ], [ 140.313517, 35.525914 ], [ 140.313406, 35.525914 ], [ 140.313406, 35.525959 ], [ 140.31335, 35.525959 ], [ 140.31335, 35.525914 ], [ 140.313239, 35.525914 ], [ 140.313128, 35.525914 ], [ 140.313073, 35.525914 ], [ 140.313073, 35.525959 ], [ 140.31285, 35.525959 ], [ 140.31285, 35.52614 ], [ 140.31285, 35.52623 ], [ 140.31285, 35.526275 ], [ 140.31285, 35.526501 ], [ 140.312906, 35.526501 ], [ 140.312906, 35.526547 ], [ 140.312962, 35.526547 ], [ 140.313073, 35.526547 ], [ 140.313073, 35.526637 ], [ 140.313239, 35.526637 ], [ 140.313239, 35.526547 ], [ 140.313295, 35.526547 ], [ 140.313295, 35.526501 ], [ 140.31335, 35.526501 ] ] ], [ [ [ 140.313573, 35.526366 ], [ 140.313517, 35.526366 ], [ 140.313517, 35.526411 ], [ 140.313517, 35.526501 ], [ 140.313462, 35.526501 ], [ 140.313462, 35.526547 ], [ 140.313462, 35.526637 ], [ 140.313517, 35.526637 ], [ 140.313517, 35.526547 ], [ 140.313573, 35.526547 ], [ 140.313573, 35.526501 ], [ 140.313573, 35.526411 ], [ 140.313573, 35.526366 ] ] ], [ [ [ 140.313239, 35.526637 ], [ 140.313239, 35.526682 ], [ 140.313295, 35.526682 ], [ 140.313295, 35.526637 ], [ 140.313239, 35.526637 ] ] ], [ [ [ 140.315628, 35.526682 ], [ 140.315628, 35.526547 ], [ 140.315573, 35.526547 ], [ 140.315573, 35.526501 ], [ 140.315517, 35.526501 ], [ 140.315517, 35.526411 ], [ 140.315462, 35.526411 ], [ 140.315462, 35.526501 ], [ 140.315462, 35.526547 ], [ 140.315517, 35.526547 ], [ 140.315517, 35.526637 ], [ 140.315573, 35.526637 ], [ 140.315573, 35.526682 ], [ 140.315628, 35.526682 ] ] ], [ [ [ 140.313462, 35.526637 ], [ 140.313406, 35.526637 ], [ 140.313406, 35.526727 ], [ 140.313462, 35.526727 ], [ 140.313462, 35.526637 ] ] ], [ [ [ 140.313184, 35.526818 ], [ 140.313128, 35.526818 ], [ 140.313128, 35.526863 ], [ 140.313184, 35.526863 ], [ 140.313184, 35.526818 ] ] ], [ [ [ 140.315628, 35.526682 ], [ 140.315628, 35.526818 ], [ 140.315684, 35.526818 ], [ 140.315684, 35.526863 ], [ 140.315739, 35.526863 ], [ 140.315739, 35.526727 ], [ 140.315684, 35.526727 ], [ 140.315684, 35.526682 ], [ 140.315628, 35.526682 ] ] ], [ [ [ 140.313239, 35.526953 ], [ 140.313295, 35.526953 ], [ 140.313295, 35.526908 ], [ 140.31335, 35.526908 ], [ 140.31335, 35.526863 ], [ 140.313406, 35.526863 ], [ 140.313406, 35.526818 ], [ 140.31335, 35.526818 ], [ 140.31335, 35.526727 ], [ 140.313295, 35.526727 ], [ 140.313295, 35.526818 ], [ 140.313295, 35.526863 ], [ 140.313239, 35.526863 ], [ 140.313239, 35.526908 ], [ 140.313239, 35.526953 ] ] ], [ [ [ 140.308517, 35.526953 ], [ 140.308462, 35.526953 ], [ 140.308462, 35.526999 ], [ 140.308517, 35.526999 ], [ 140.308517, 35.526953 ] ] ], [ [ [ 140.312906, 35.527044 ], [ 140.312962, 35.527044 ], [ 140.312962, 35.526999 ], [ 140.312906, 35.526999 ], [ 140.312906, 35.527044 ] ] ], [ [ [ 140.313239, 35.526953 ], [ 140.313184, 35.526953 ], [ 140.313184, 35.527044 ], [ 140.313239, 35.527044 ], [ 140.313239, 35.526953 ] ] ], [ [ [ 140.315739, 35.526863 ], [ 140.315739, 35.526953 ], [ 140.315795, 35.526953 ], [ 140.315795, 35.526999 ], [ 140.31585, 35.526999 ], [ 140.31585, 35.527044 ], [ 140.315906, 35.527044 ], [ 140.315906, 35.526953 ], [ 140.31585, 35.526953 ], [ 140.31585, 35.526908 ], [ 140.315795, 35.526908 ], [ 140.315795, 35.526863 ], [ 140.315739, 35.526863 ] ] ], [ [ [ 140.312906, 35.527044 ], [ 140.31285, 35.527044 ], [ 140.31285, 35.527089 ], [ 140.312906, 35.527089 ], [ 140.312906, 35.527044 ] ] ], [ [ [ 140.313184, 35.527044 ], [ 140.313128, 35.527044 ], [ 140.313128, 35.527089 ], [ 140.313184, 35.527089 ], [ 140.313184, 35.527044 ] ] ], [ [ [ 140.315906, 35.527044 ], [ 140.315906, 35.527089 ], [ 140.315962, 35.527089 ], [ 140.315962, 35.527044 ], [ 140.315906, 35.527044 ] ] ], [ [ [ 140.308628, 35.52718 ], [ 140.308628, 35.527044 ], [ 140.308573, 35.527044 ], [ 140.308573, 35.527089 ], [ 140.308517, 35.527089 ], [ 140.308517, 35.52718 ], [ 140.308628, 35.52718 ] ] ], [ [ [ 140.31285, 35.527089 ], [ 140.312795, 35.527089 ], [ 140.312795, 35.52718 ], [ 140.31285, 35.52718 ], [ 140.31285, 35.527089 ] ] ], [ [ [ 140.313128, 35.527089 ], [ 140.313073, 35.527089 ], [ 140.313073, 35.52718 ], [ 140.313128, 35.52718 ], [ 140.313128, 35.527089 ] ] ], [ [ [ 140.315962, 35.527089 ], [ 140.315962, 35.52718 ], [ 140.316017, 35.52718 ], [ 140.316017, 35.527089 ], [ 140.315962, 35.527089 ] ] ], [ [ [ 140.308906, 35.527044 ], [ 140.308739, 35.527044 ], [ 140.308739, 35.527089 ], [ 140.308684, 35.527089 ], [ 140.308684, 35.52718 ], [ 140.308739, 35.52718 ], [ 140.308739, 35.527225 ], [ 140.308628, 35.527225 ], [ 140.308628, 35.52727 ], [ 140.308684, 35.52727 ], [ 140.308684, 35.527315 ], [ 140.308795, 35.527315 ], [ 140.30885, 35.527315 ], [ 140.30885, 35.52727 ], [ 140.308906, 35.52727 ], [ 140.308906, 35.527225 ], [ 140.308906, 35.52718 ], [ 140.308906, 35.527044 ] ] ], [ [ [ 140.312684, 35.52727 ], [ 140.312684, 35.527315 ], [ 140.312739, 35.527315 ], [ 140.312739, 35.52727 ], [ 140.312684, 35.52727 ] ] ], [ [ [ 140.312628, 35.52736 ], [ 140.312628, 35.527451 ], [ 140.312684, 35.527451 ], [ 140.312684, 35.52736 ], [ 140.312628, 35.52736 ] ] ], [ [ [ 140.312517, 35.527586 ], [ 140.312517, 35.527632 ], [ 140.312573, 35.527632 ], [ 140.312573, 35.527586 ], [ 140.312517, 35.527586 ] ] ], [ [ [ 140.312739, 35.527632 ], [ 140.312684, 35.527632 ], [ 140.312684, 35.527677 ], [ 140.312739, 35.527677 ], [ 140.312739, 35.527632 ] ] ], [ [ [ 140.312462, 35.527677 ], [ 140.312462, 35.527632 ], [ 140.312462, 35.527586 ], [ 140.312517, 35.527586 ], [ 140.312517, 35.527541 ], [ 140.312573, 35.527541 ], [ 140.312573, 35.527451 ], [ 140.312573, 35.52736 ], [ 140.312628, 35.52736 ], [ 140.312628, 35.52727 ], [ 140.312684, 35.52727 ], [ 140.312684, 35.527225 ], [ 140.312684, 35.52718 ], [ 140.312739, 35.52718 ], [ 140.312739, 35.527044 ], [ 140.312795, 35.527044 ], [ 140.312795, 35.526999 ], [ 140.31285, 35.526999 ], [ 140.31285, 35.526953 ], [ 140.312906, 35.526953 ], [ 140.312906, 35.526908 ], [ 140.312962, 35.526908 ], [ 140.312962, 35.526863 ], [ 140.313017, 35.526863 ], [ 140.313017, 35.526818 ], [ 140.313073, 35.526818 ], [ 140.313073, 35.526727 ], [ 140.313128, 35.526727 ], [ 140.313128, 35.526682 ], [ 140.312906, 35.526682 ], [ 140.312906, 35.526727 ], [ 140.31285, 35.526727 ], [ 140.31285, 35.526818 ], [ 140.312795, 35.526818 ], [ 140.312795, 35.526863 ], [ 140.312739, 35.526863 ], [ 140.312739, 35.526818 ], [ 140.312684, 35.526818 ], [ 140.312628, 35.526818 ], [ 140.312628, 35.526682 ], [ 140.312573, 35.526682 ], [ 140.312517, 35.526682 ], [ 140.312517, 35.526637 ], [ 140.312462, 35.526637 ], [ 140.312462, 35.526547 ], [ 140.312406, 35.526547 ], [ 140.312406, 35.526637 ], [ 140.312239, 35.526637 ], [ 140.312128, 35.526637 ], [ 140.312128, 35.526682 ], [ 140.312073, 35.526682 ], [ 140.312073, 35.526953 ], [ 140.312017, 35.526953 ], [ 140.312017, 35.526908 ], [ 140.311962, 35.526908 ], [ 140.311962, 35.526863 ], [ 140.311906, 35.526863 ], [ 140.311906, 35.526818 ], [ 140.311962, 35.526818 ], [ 140.311962, 35.526727 ], [ 140.311906, 35.526727 ], [ 140.31185, 35.526727 ], [ 140.31185, 35.526863 ], [ 140.311795, 35.526863 ], [ 140.311795, 35.526682 ], [ 140.311739, 35.526682 ], [ 140.311739, 35.526637 ], [ 140.311684, 35.526637 ], [ 140.311462, 35.526637 ], [ 140.311406, 35.526637 ], [ 140.31135, 35.526637 ], [ 140.31135, 35.526682 ], [ 140.311295, 35.526682 ], [ 140.311295, 35.526727 ], [ 140.311239, 35.526727 ], [ 140.311184, 35.526727 ], [ 140.311184, 35.526818 ], [ 140.311128, 35.526818 ], [ 140.310962, 35.526818 ], [ 140.310906, 35.526818 ], [ 140.310906, 35.526863 ], [ 140.31085, 35.526863 ], [ 140.310795, 35.526863 ], [ 140.310795, 35.526953 ], [ 140.310628, 35.526953 ], [ 140.310628, 35.526999 ], [ 140.310573, 35.526999 ], [ 140.310573, 35.527089 ], [ 140.310517, 35.527089 ], [ 140.310517, 35.52718 ], [ 140.310462, 35.52718 ], [ 140.310462, 35.527225 ], [ 140.310406, 35.527225 ], [ 140.310406, 35.527451 ], [ 140.310573, 35.527451 ], [ 140.310573, 35.52736 ], [ 140.310628, 35.52736 ], [ 140.310628, 35.527451 ], [ 140.31085, 35.527451 ], [ 140.310906, 35.527451 ], [ 140.310906, 35.527541 ], [ 140.310962, 35.527541 ], [ 140.310962, 35.52736 ], [ 140.310962, 35.527315 ], [ 140.311017, 35.527315 ], [ 140.311017, 35.527225 ], [ 140.311128, 35.527225 ], [ 140.311128, 35.52727 ], [ 140.311295, 35.52727 ], [ 140.31135, 35.52727 ], [ 140.31135, 35.527225 ], [ 140.311406, 35.527225 ], [ 140.311462, 35.527225 ], [ 140.311462, 35.52727 ], [ 140.311517, 35.52727 ], [ 140.311573, 35.52727 ], [ 140.311573, 35.527315 ], [ 140.311628, 35.527315 ], [ 140.311628, 35.52736 ], [ 140.311684, 35.52736 ], [ 140.311684, 35.527451 ], [ 140.311795, 35.527451 ], [ 140.311795, 35.527541 ], [ 140.31185, 35.527541 ], [ 140.31185, 35.527586 ], [ 140.311906, 35.527586 ], [ 140.311906, 35.527632 ], [ 140.311962, 35.527632 ], [ 140.312017, 35.527632 ], [ 140.312017, 35.527677 ], [ 140.312239, 35.527677 ], [ 140.312239, 35.527722 ], [ 140.312295, 35.527722 ], [ 140.31235, 35.527722 ], [ 140.312406, 35.527722 ], [ 140.312406, 35.527677 ], [ 140.312462, 35.527677 ] ], [ [ 140.311628, 35.526818 ], [ 140.311628, 35.526727 ], [ 140.311739, 35.526727 ], [ 140.311739, 35.526818 ], [ 140.311628, 35.526818 ] ] ], [ [ [ 140.312462, 35.527677 ], [ 140.312462, 35.527722 ], [ 140.312517, 35.527722 ], [ 140.312517, 35.527677 ], [ 140.312462, 35.527677 ] ] ], [ [ [ 140.310406, 35.527225 ], [ 140.310406, 35.52718 ], [ 140.310462, 35.52718 ], [ 140.310462, 35.527044 ], [ 140.310406, 35.527044 ], [ 140.310406, 35.526999 ], [ 140.310462, 35.526999 ], [ 140.310462, 35.527044 ], [ 140.310517, 35.527044 ], [ 140.310517, 35.526999 ], [ 140.310573, 35.526999 ], [ 140.310573, 35.526953 ], [ 140.310517, 35.526953 ], [ 140.310517, 35.526908 ], [ 140.310406, 35.526908 ], [ 140.310406, 35.526863 ], [ 140.310184, 35.526863 ], [ 140.310128, 35.526863 ], [ 140.310128, 35.526818 ], [ 140.310073, 35.526818 ], [ 140.309906, 35.526818 ], [ 140.309906, 35.526727 ], [ 140.30985, 35.526727 ], [ 140.309795, 35.526727 ], [ 140.309795, 35.526818 ], [ 140.309739, 35.526818 ], [ 140.309739, 35.526999 ], [ 140.309684, 35.526999 ], [ 140.309684, 35.527044 ], [ 140.309739, 35.527044 ], [ 140.309739, 35.527089 ], [ 140.309684, 35.527089 ], [ 140.309684, 35.527044 ], [ 140.309628, 35.527044 ], [ 140.309628, 35.526908 ], [ 140.309684, 35.526908 ], [ 140.309684, 35.526818 ], [ 140.309628, 35.526818 ], [ 140.309628, 35.526727 ], [ 140.309573, 35.526727 ], [ 140.309573, 35.526637 ], [ 140.309517, 35.526637 ], [ 140.309517, 35.526547 ], [ 140.30935, 35.526547 ], [ 140.30935, 35.526501 ], [ 140.309295, 35.526501 ], [ 140.309295, 35.526547 ], [ 140.309184, 35.526547 ], [ 140.309184, 35.526637 ], [ 140.309128, 35.526637 ], [ 140.309128, 35.526682 ], [ 140.309017, 35.526682 ], [ 140.309017, 35.526818 ], [ 140.308962, 35.526818 ], [ 140.308962, 35.526908 ], [ 140.30885, 35.526908 ], [ 140.30885, 35.526863 ], [ 140.308795, 35.526863 ], [ 140.308795, 35.526818 ], [ 140.308739, 35.526818 ], [ 140.308739, 35.526999 ], [ 140.308906, 35.526999 ], [ 140.308906, 35.527044 ], [ 140.309017, 35.527044 ], [ 140.309128, 35.527044 ], [ 140.309239, 35.527044 ], [ 140.309239, 35.527089 ], [ 140.309295, 35.527089 ], [ 140.309295, 35.52727 ], [ 140.309239, 35.52727 ], [ 140.309239, 35.527315 ], [ 140.309184, 35.527315 ], [ 140.309184, 35.527451 ], [ 140.309128, 35.527451 ], [ 140.309128, 35.527541 ], [ 140.309184, 35.527541 ], [ 140.309239, 35.527541 ], [ 140.309239, 35.527586 ], [ 140.30935, 35.527586 ], [ 140.30935, 35.527632 ], [ 140.309462, 35.527632 ], [ 140.309462, 35.527677 ], [ 140.309517, 35.527677 ], [ 140.309517, 35.527722 ], [ 140.309573, 35.527722 ], [ 140.309684, 35.527722 ], [ 140.309684, 35.527767 ], [ 140.309795, 35.527767 ], [ 140.309795, 35.527632 ], [ 140.30985, 35.527632 ], [ 140.30985, 35.527586 ], [ 140.309795, 35.527586 ], [ 140.309795, 35.527541 ], [ 140.30985, 35.527541 ], [ 140.30985, 35.52736 ], [ 140.309906, 35.52736 ], [ 140.309906, 35.52727 ], [ 140.309962, 35.52727 ], [ 140.309962, 35.527315 ], [ 140.310073, 35.527315 ], [ 140.310073, 35.52736 ], [ 140.310128, 35.52736 ], [ 140.310295, 35.52736 ], [ 140.310295, 35.527315 ], [ 140.31035, 35.527315 ], [ 140.31035, 35.527225 ], [ 140.310406, 35.527225 ] ], [ [ 140.309517, 35.527089 ], [ 140.309462, 35.527089 ], [ 140.309462, 35.526953 ], [ 140.309517, 35.526953 ], [ 140.309517, 35.526999 ], [ 140.309573, 35.526999 ], [ 140.309573, 35.527044 ], [ 140.309517, 35.527044 ], [ 140.309517, 35.527089 ], [ 140.309573, 35.527089 ], [ 140.309573, 35.52718 ], [ 140.309517, 35.52718 ], [ 140.309517, 35.527089 ] ], [ [ 140.310073, 35.527089 ], [ 140.310073, 35.527044 ], [ 140.310128, 35.527044 ], [ 140.310128, 35.527089 ], [ 140.310073, 35.527089 ] ], [ [ 140.310239, 35.527044 ], [ 140.310239, 35.526999 ], [ 140.310295, 35.526999 ], [ 140.310295, 35.527044 ], [ 140.310239, 35.527044 ] ], [ [ 140.309406, 35.526999 ], [ 140.309406, 35.527044 ], [ 140.30935, 35.527044 ], [ 140.30935, 35.526999 ], [ 140.309406, 35.526999 ] ], [ [ 140.309239, 35.526908 ], [ 140.309239, 35.526818 ], [ 140.30935, 35.526818 ], [ 140.30935, 35.526863 ], [ 140.309406, 35.526863 ], [ 140.309406, 35.526818 ], [ 140.309517, 35.526818 ], [ 140.309517, 35.526863 ], [ 140.309573, 35.526863 ], [ 140.309573, 35.526908 ], [ 140.309517, 35.526908 ], [ 140.309517, 35.526863 ], [ 140.309406, 35.526863 ], [ 140.309406, 35.526908 ], [ 140.309239, 35.526908 ], [ 140.309239, 35.526953 ], [ 140.309184, 35.526953 ], [ 140.309184, 35.526908 ], [ 140.309239, 35.526908 ] ], [ [ 140.309184, 35.526818 ], [ 140.309184, 35.526863 ], [ 140.309128, 35.526863 ], [ 140.309128, 35.526818 ], [ 140.309184, 35.526818 ] ] ], [ [ [ 140.312406, 35.527858 ], [ 140.31235, 35.527858 ], [ 140.31235, 35.527903 ], [ 140.312406, 35.527903 ], [ 140.312406, 35.527858 ] ] ], [ [ [ 140.312184, 35.52831 ], [ 140.312128, 35.52831 ], [ 140.312128, 35.528355 ], [ 140.312184, 35.528355 ], [ 140.312184, 35.52831 ] ] ], [ [ [ 140.312295, 35.5284 ], [ 140.31235, 35.5284 ], [ 140.31235, 35.528355 ], [ 140.312295, 35.528355 ], [ 140.312295, 35.5284 ] ] ], [ [ [ 140.312128, 35.528446 ], [ 140.312073, 35.528446 ], [ 140.312073, 35.528536 ], [ 140.312128, 35.528536 ], [ 140.312128, 35.528446 ] ] ], [ [ [ 140.312295, 35.5284 ], [ 140.312239, 35.5284 ], [ 140.312239, 35.528536 ], [ 140.312295, 35.528536 ], [ 140.312295, 35.5284 ] ] ], [ [ [ 140.312073, 35.528581 ], [ 140.312017, 35.528581 ], [ 140.312017, 35.528626 ], [ 140.312073, 35.528626 ], [ 140.312073, 35.528581 ] ] ], [ [ [ 140.312239, 35.528581 ], [ 140.312184, 35.528581 ], [ 140.312184, 35.528626 ], [ 140.312239, 35.528626 ], [ 140.312239, 35.528581 ] ] ], [ [ [ 140.312184, 35.528717 ], [ 140.312239, 35.528717 ], [ 140.312239, 35.528672 ], [ 140.312184, 35.528672 ], [ 140.312184, 35.528717 ] ] ], [ [ [ 140.312184, 35.528717 ], [ 140.312128, 35.528717 ], [ 140.312128, 35.528807 ], [ 140.312184, 35.528807 ], [ 140.312184, 35.528717 ] ] ], [ [ [ 140.312128, 35.528807 ], [ 140.312073, 35.528807 ], [ 140.312073, 35.528943 ], [ 140.312128, 35.528943 ], [ 140.312128, 35.528807 ] ] ], [ [ [ 140.315795, 35.528988 ], [ 140.315739, 35.528988 ], [ 140.315739, 35.529033 ], [ 140.315795, 35.529033 ], [ 140.315795, 35.528988 ] ] ], [ [ [ 140.315906, 35.528626 ], [ 140.31585, 35.528626 ], [ 140.31585, 35.528672 ], [ 140.315906, 35.528672 ], [ 140.315906, 35.528717 ], [ 140.315962, 35.528717 ], [ 140.315962, 35.528807 ], [ 140.316184, 35.528807 ], [ 140.316184, 35.529033 ], [ 140.316295, 35.529033 ], [ 140.316295, 35.528943 ], [ 140.316239, 35.528943 ], [ 140.316239, 35.528762 ], [ 140.316128, 35.528762 ], [ 140.316128, 35.528717 ], [ 140.316073, 35.528717 ], [ 140.316073, 35.528672 ], [ 140.316017, 35.528672 ], [ 140.315962, 35.528672 ], [ 140.315962, 35.528626 ], [ 140.315906, 35.528626 ] ] ], [ [ [ 140.315739, 35.529078 ], [ 140.315684, 35.529078 ], [ 140.315684, 35.529214 ], [ 140.315739, 35.529214 ], [ 140.315739, 35.529078 ] ] ], [ [ [ 140.31185, 35.529214 ], [ 140.311795, 35.529214 ], [ 140.311795, 35.529259 ], [ 140.31185, 35.529259 ], [ 140.31185, 35.529214 ] ] ], [ [ [ 140.31635, 35.529214 ], [ 140.316295, 35.529214 ], [ 140.316295, 35.529259 ], [ 140.31635, 35.529259 ], [ 140.31635, 35.529214 ] ] ], [ [ [ 140.315128, 35.526185 ], [ 140.315073, 35.526185 ], [ 140.315073, 35.52614 ], [ 140.315017, 35.52614 ], [ 140.315017, 35.526004 ], [ 140.314962, 35.526004 ], [ 140.314962, 35.525959 ], [ 140.314906, 35.525959 ], [ 140.314906, 35.526004 ], [ 140.31485, 35.526004 ], [ 140.31485, 35.525959 ], [ 140.314906, 35.525959 ], [ 140.314906, 35.525868 ], [ 140.31485, 35.525868 ], [ 140.31485, 35.525823 ], [ 140.314795, 35.525823 ], [ 140.314795, 35.525687 ], [ 140.314739, 35.525687 ], [ 140.314739, 35.525823 ], [ 140.314684, 35.525823 ], [ 140.314684, 35.525687 ], [ 140.314739, 35.525687 ], [ 140.314739, 35.525597 ], [ 140.314684, 35.525597 ], [ 140.314684, 35.525552 ], [ 140.314628, 35.525552 ], [ 140.314628, 35.525507 ], [ 140.314573, 35.525507 ], [ 140.314573, 35.525552 ], [ 140.314517, 35.525552 ], [ 140.314517, 35.525507 ], [ 140.314573, 35.525507 ], [ 140.314573, 35.525371 ], [ 140.314517, 35.525371 ], [ 140.314517, 35.525326 ], [ 140.314462, 35.525326 ], [ 140.314462, 35.525281 ], [ 140.314406, 35.525281 ], [ 140.314406, 35.525235 ], [ 140.31435, 35.525235 ], [ 140.31435, 35.52519 ], [ 140.314295, 35.52519 ], [ 140.314295, 35.525145 ], [ 140.314239, 35.525145 ], [ 140.314239, 35.525054 ], [ 140.314239, 35.525009 ], [ 140.314184, 35.525009 ], [ 140.314128, 35.525009 ], [ 140.314128, 35.525054 ], [ 140.314128, 35.525145 ], [ 140.314128, 35.525235 ], [ 140.314073, 35.525235 ], [ 140.314073, 35.525281 ], [ 140.314017, 35.525281 ], [ 140.314017, 35.525371 ], [ 140.314017, 35.525507 ], [ 140.313962, 35.525507 ], [ 140.313906, 35.525507 ], [ 140.313906, 35.525597 ], [ 140.31385, 35.525597 ], [ 140.31385, 35.525687 ], [ 140.31385, 35.525823 ], [ 140.313906, 35.525823 ], [ 140.313906, 35.525868 ], [ 140.31385, 35.525868 ], [ 140.31385, 35.525823 ], [ 140.313795, 35.525823 ], [ 140.313795, 35.525868 ], [ 140.313795, 35.525914 ], [ 140.31385, 35.525914 ], [ 140.31385, 35.526004 ], [ 140.313795, 35.526004 ], [ 140.313795, 35.52614 ], [ 140.313739, 35.52614 ], [ 140.313739, 35.526004 ], [ 140.313684, 35.526004 ], [ 140.313684, 35.52614 ], [ 140.313684, 35.526185 ], [ 140.313739, 35.526185 ], [ 140.313739, 35.52623 ], [ 140.313684, 35.52623 ], [ 140.313684, 35.526185 ], [ 140.313628, 35.526185 ], [ 140.313628, 35.52623 ], [ 140.313628, 35.526275 ], [ 140.313684, 35.526275 ], [ 140.313684, 35.52632 ], [ 140.313628, 35.52632 ], [ 140.313628, 35.526275 ], [ 140.313573, 35.526275 ], [ 140.313573, 35.52632 ], [ 140.313573, 35.526366 ], [ 140.313628, 35.526366 ], [ 140.313628, 35.526411 ], [ 140.313628, 35.526501 ], [ 140.313739, 35.526501 ], [ 140.313739, 35.526547 ], [ 140.313739, 35.526682 ], [ 140.313739, 35.526727 ], [ 140.313684, 35.526727 ], [ 140.313684, 35.526818 ], [ 140.313628, 35.526818 ], [ 140.313628, 35.526863 ], [ 140.313573, 35.526863 ], [ 140.313573, 35.526953 ], [ 140.313517, 35.526953 ], [ 140.313517, 35.526999 ], [ 140.313462, 35.526999 ], [ 140.313462, 35.527089 ], [ 140.313406, 35.527089 ], [ 140.313406, 35.52718 ], [ 140.31335, 35.52718 ], [ 140.31335, 35.527225 ], [ 140.313295, 35.527225 ], [ 140.313295, 35.527315 ], [ 140.313239, 35.527315 ], [ 140.313184, 35.527315 ], [ 140.313128, 35.527315 ], [ 140.313128, 35.52727 ], [ 140.313073, 35.52727 ], [ 140.313073, 35.52718 ], [ 140.313017, 35.52718 ], [ 140.313017, 35.52727 ], [ 140.313017, 35.527315 ], [ 140.312962, 35.527315 ], [ 140.312906, 35.527315 ], [ 140.312906, 35.52736 ], [ 140.31285, 35.52736 ], [ 140.31285, 35.527451 ], [ 140.312906, 35.527451 ], [ 140.312906, 35.527541 ], [ 140.31285, 35.527541 ], [ 140.312795, 35.527541 ], [ 140.312795, 35.527586 ], [ 140.312739, 35.527586 ], [ 140.312739, 35.527632 ], [ 140.312795, 35.527632 ], [ 140.312795, 35.527677 ], [ 140.312739, 35.527677 ], [ 140.312739, 35.527722 ], [ 140.312684, 35.527722 ], [ 140.312684, 35.527767 ], [ 140.312628, 35.527767 ], [ 140.312573, 35.527767 ], [ 140.312573, 35.527858 ], [ 140.312573, 35.527903 ], [ 140.312573, 35.527948 ], [ 140.312517, 35.527948 ], [ 140.312462, 35.527948 ], [ 140.312462, 35.527993 ], [ 140.312517, 35.527993 ], [ 140.312517, 35.528039 ], [ 140.312573, 35.528039 ], [ 140.312573, 35.528084 ], [ 140.312628, 35.528084 ], [ 140.312684, 35.528084 ], [ 140.312684, 35.528129 ], [ 140.312795, 35.528129 ], [ 140.312795, 35.528219 ], [ 140.312906, 35.528219 ], [ 140.312962, 35.528219 ], [ 140.312962, 35.52831 ], [ 140.313073, 35.52831 ], [ 140.313128, 35.52831 ], [ 140.313128, 35.528355 ], [ 140.313295, 35.528355 ], [ 140.313295, 35.5284 ], [ 140.31335, 35.5284 ], [ 140.313406, 35.5284 ], [ 140.313406, 35.528446 ], [ 140.313462, 35.528446 ], [ 140.313573, 35.528446 ], [ 140.313573, 35.528536 ], [ 140.313628, 35.528536 ], [ 140.313684, 35.528536 ], [ 140.313684, 35.528581 ], [ 140.313739, 35.528581 ], [ 140.313795, 35.528581 ], [ 140.313795, 35.528626 ], [ 140.31385, 35.528626 ], [ 140.313906, 35.528626 ], [ 140.313906, 35.528672 ], [ 140.313962, 35.528672 ], [ 140.314017, 35.528672 ], [ 140.314017, 35.528717 ], [ 140.314128, 35.528717 ], [ 140.314128, 35.528672 ], [ 140.314184, 35.528672 ], [ 140.314184, 35.528626 ], [ 140.314239, 35.528626 ], [ 140.314239, 35.528672 ], [ 140.314184, 35.528672 ], [ 140.314184, 35.528762 ], [ 140.314239, 35.528762 ], [ 140.314295, 35.528762 ], [ 140.314295, 35.528807 ], [ 140.31435, 35.528807 ], [ 140.314406, 35.528807 ], [ 140.314406, 35.528898 ], [ 140.314462, 35.528898 ], [ 140.314573, 35.528898 ], [ 140.314573, 35.528943 ], [ 140.314684, 35.528943 ], [ 140.314684, 35.528988 ], [ 140.314739, 35.528988 ], [ 140.314795, 35.528988 ], [ 140.314795, 35.529033 ], [ 140.31485, 35.529033 ], [ 140.314906, 35.529033 ], [ 140.314906, 35.529078 ], [ 140.314962, 35.529078 ], [ 140.315017, 35.529078 ], [ 140.315017, 35.529214 ], [ 140.315073, 35.529214 ], [ 140.315128, 35.529214 ], [ 140.315128, 35.529259 ], [ 140.315239, 35.529259 ], [ 140.315239, 35.529305 ], [ 140.31535, 35.529305 ], [ 140.31535, 35.529214 ], [ 140.315406, 35.529214 ], [ 140.315406, 35.529078 ], [ 140.315462, 35.529078 ], [ 140.315462, 35.529033 ], [ 140.315517, 35.529033 ], [ 140.315517, 35.528943 ], [ 140.315573, 35.528943 ], [ 140.315573, 35.528807 ], [ 140.315628, 35.528807 ], [ 140.315628, 35.528762 ], [ 140.315684, 35.528762 ], [ 140.315684, 35.528672 ], [ 140.315739, 35.528672 ], [ 140.315739, 35.528581 ], [ 140.315684, 35.528581 ], [ 140.315684, 35.528536 ], [ 140.315628, 35.528536 ], [ 140.315573, 35.528536 ], [ 140.315573, 35.528446 ], [ 140.315517, 35.528446 ], [ 140.315462, 35.528446 ], [ 140.315462, 35.5284 ], [ 140.315406, 35.5284 ], [ 140.31535, 35.5284 ], [ 140.31535, 35.528355 ], [ 140.315295, 35.528355 ], [ 140.315239, 35.528355 ], [ 140.315239, 35.52831 ], [ 140.315184, 35.52831 ], [ 140.315128, 35.52831 ], [ 140.315128, 35.528219 ], [ 140.315073, 35.528219 ], [ 140.315017, 35.528219 ], [ 140.315017, 35.528129 ], [ 140.314906, 35.528129 ], [ 140.314906, 35.528084 ], [ 140.31485, 35.528084 ], [ 140.31485, 35.528039 ], [ 140.314906, 35.528039 ], [ 140.314906, 35.527993 ], [ 140.314962, 35.527993 ], [ 140.314962, 35.527948 ], [ 140.315017, 35.527948 ], [ 140.315017, 35.527903 ], [ 140.315073, 35.527903 ], [ 140.315073, 35.527858 ], [ 140.315128, 35.527858 ], [ 140.315128, 35.527767 ], [ 140.315184, 35.527767 ], [ 140.315184, 35.527722 ], [ 140.315239, 35.527722 ], [ 140.315239, 35.527677 ], [ 140.315295, 35.527677 ], [ 140.315295, 35.527632 ], [ 140.31535, 35.527632 ], [ 140.31535, 35.527586 ], [ 140.315462, 35.527586 ], [ 140.315628, 35.527586 ], [ 140.315628, 35.527541 ], [ 140.315739, 35.527541 ], [ 140.315739, 35.527451 ], [ 140.31585, 35.527451 ], [ 140.31585, 35.527541 ], [ 140.315906, 35.527541 ], [ 140.315962, 35.527541 ], [ 140.315962, 35.527451 ], [ 140.315962, 35.52736 ], [ 140.315962, 35.527315 ], [ 140.315906, 35.527315 ], [ 140.315906, 35.52727 ], [ 140.31585, 35.52727 ], [ 140.31585, 35.527225 ], [ 140.315795, 35.527225 ], [ 140.315795, 35.527089 ], [ 140.315795, 35.527044 ], [ 140.315739, 35.527044 ], [ 140.315739, 35.526999 ], [ 140.315684, 35.526999 ], [ 140.315684, 35.526953 ], [ 140.315628, 35.526953 ], [ 140.315628, 35.526908 ], [ 140.315573, 35.526908 ], [ 140.315573, 35.526863 ], [ 140.315573, 35.526818 ], [ 140.315517, 35.526818 ], [ 140.315517, 35.526727 ], [ 140.315462, 35.526727 ], [ 140.315462, 35.526682 ], [ 140.315462, 35.526637 ], [ 140.315406, 35.526637 ], [ 140.31535, 35.526637 ], [ 140.31535, 35.526547 ], [ 140.31535, 35.526501 ], [ 140.315295, 35.526501 ], [ 140.315295, 35.526411 ], [ 140.315295, 35.526366 ], [ 140.315239, 35.526366 ], [ 140.315239, 35.52632 ], [ 140.315184, 35.52632 ], [ 140.315184, 35.52623 ], [ 140.315128, 35.52623 ], [ 140.315128, 35.526185 ] ], [ [ 140.315684, 35.52736 ], [ 140.315684, 35.527451 ], [ 140.315628, 35.527451 ], [ 140.315628, 35.52736 ], [ 140.315684, 35.52736 ] ], [ [ 140.31385, 35.527677 ], [ 140.313906, 35.527677 ], [ 140.313906, 35.527722 ], [ 140.31385, 35.527722 ], [ 140.31385, 35.527677 ], [ 140.313795, 35.527677 ], [ 140.313795, 35.527632 ], [ 140.31385, 35.527632 ], [ 140.31385, 35.527677 ] ] ], [ [ [ 140.315462, 35.529305 ], [ 140.315406, 35.529305 ], [ 140.315406, 35.52935 ], [ 140.315462, 35.52935 ], [ 140.315462, 35.529305 ] ] ], [ [ [ 140.315573, 35.529305 ], [ 140.315517, 35.529305 ], [ 140.315517, 35.52935 ], [ 140.315573, 35.52935 ], [ 140.315573, 35.529305 ] ] ], [ [ [ 140.313517, 35.529259 ], [ 140.313517, 35.529305 ], [ 140.313462, 35.529305 ], [ 140.313462, 35.529395 ], [ 140.313517, 35.529395 ], [ 140.313517, 35.52944 ], [ 140.313628, 35.52944 ], [ 140.313628, 35.529485 ], [ 140.313684, 35.529485 ], [ 140.313684, 35.529214 ], [ 140.313628, 35.529214 ], [ 140.313628, 35.529259 ], [ 140.313517, 35.529259 ] ] ], [ [ [ 140.313462, 35.529576 ], [ 140.313462, 35.52944 ], [ 140.313295, 35.52944 ], [ 140.313295, 35.529485 ], [ 140.313239, 35.529485 ], [ 140.313239, 35.529621 ], [ 140.313295, 35.529621 ], [ 140.313295, 35.529576 ], [ 140.313462, 35.529576 ] ] ], [ [ [ 140.313462, 35.529576 ], [ 140.313462, 35.529621 ], [ 140.313573, 35.529621 ], [ 140.313573, 35.529576 ], [ 140.313462, 35.529576 ] ] ], [ [ [ 140.313239, 35.529757 ], [ 140.313239, 35.529711 ], [ 140.313184, 35.529711 ], [ 140.313184, 35.529666 ], [ 140.313239, 35.529666 ], [ 140.313239, 35.529621 ], [ 140.313128, 35.529621 ], [ 140.313128, 35.529666 ], [ 140.313073, 35.529666 ], [ 140.313073, 35.529757 ], [ 140.313017, 35.529757 ], [ 140.313017, 35.529892 ], [ 140.313128, 35.529892 ], [ 140.313128, 35.529757 ], [ 140.313239, 35.529757 ] ] ], [ [ [ 140.313017, 35.529892 ], [ 140.312962, 35.529892 ], [ 140.312962, 35.529938 ], [ 140.313017, 35.529938 ], [ 140.313017, 35.529892 ] ] ], [ [ [ 140.313628, 35.529938 ], [ 140.313628, 35.529802 ], [ 140.313573, 35.529802 ], [ 140.313573, 35.529892 ], [ 140.313462, 35.529892 ], [ 140.313462, 35.529938 ], [ 140.313628, 35.529938 ] ] ], [ [ [ 140.313017, 35.529938 ], [ 140.313017, 35.530028 ], [ 140.313073, 35.530028 ], [ 140.313073, 35.529938 ], [ 140.313017, 35.529938 ] ] ], [ [ [ 140.313462, 35.529621 ], [ 140.313406, 35.529621 ], [ 140.313406, 35.529666 ], [ 140.313239, 35.529666 ], [ 140.313239, 35.529711 ], [ 140.313295, 35.529711 ], [ 140.313295, 35.529757 ], [ 140.313239, 35.529757 ], [ 140.313239, 35.529892 ], [ 140.313184, 35.529892 ], [ 140.313184, 35.529938 ], [ 140.313128, 35.529938 ], [ 140.313128, 35.530028 ], [ 140.313184, 35.530028 ], [ 140.313184, 35.530073 ], [ 140.31335, 35.530073 ], [ 140.31335, 35.529892 ], [ 140.313295, 35.529892 ], [ 140.313295, 35.529802 ], [ 140.31335, 35.529802 ], [ 140.31335, 35.529711 ], [ 140.313406, 35.529711 ], [ 140.313406, 35.529802 ], [ 140.313517, 35.529802 ], [ 140.313517, 35.529757 ], [ 140.313462, 35.529757 ], [ 140.313462, 35.529711 ], [ 140.313517, 35.529711 ], [ 140.313517, 35.529666 ], [ 140.313462, 35.529666 ], [ 140.313462, 35.529621 ] ] ], [ [ [ 140.313573, 35.530073 ], [ 140.313517, 35.530073 ], [ 140.313517, 35.530118 ], [ 140.313573, 35.530118 ], [ 140.313573, 35.530073 ] ] ], [ [ [ 140.311295, 35.530164 ], [ 140.31135, 35.530164 ], [ 140.311406, 35.530164 ], [ 140.311406, 35.530118 ], [ 140.311462, 35.530118 ], [ 140.311462, 35.530073 ], [ 140.311517, 35.530073 ], [ 140.311517, 35.530028 ], [ 140.311462, 35.530028 ], [ 140.311406, 35.530028 ], [ 140.311406, 35.530073 ], [ 140.31135, 35.530073 ], [ 140.31135, 35.530118 ], [ 140.311295, 35.530118 ], [ 140.311295, 35.530164 ] ] ], [ [ [ 140.313406, 35.530118 ], [ 140.31335, 35.530118 ], [ 140.31335, 35.530164 ], [ 140.313406, 35.530164 ], [ 140.313406, 35.530118 ] ] ], [ [ [ 140.311295, 35.530164 ], [ 140.311239, 35.530164 ], [ 140.311239, 35.530254 ], [ 140.311295, 35.530254 ], [ 140.311295, 35.530164 ] ] ], [ [ [ 140.31385, 35.530254 ], [ 140.313906, 35.530254 ], [ 140.313906, 35.530118 ], [ 140.31385, 35.530118 ], [ 140.31385, 35.530254 ] ] ], [ [ [ 140.311239, 35.530254 ], [ 140.311184, 35.530254 ], [ 140.311184, 35.530299 ], [ 140.311239, 35.530299 ], [ 140.311239, 35.530254 ] ] ], [ [ [ 140.313184, 35.530073 ], [ 140.313128, 35.530073 ], [ 140.313128, 35.530028 ], [ 140.313073, 35.530028 ], [ 140.313073, 35.530118 ], [ 140.313017, 35.530118 ], [ 140.313017, 35.530073 ], [ 140.312962, 35.530073 ], [ 140.312962, 35.530028 ], [ 140.312906, 35.530028 ], [ 140.31285, 35.530028 ], [ 140.31285, 35.530073 ], [ 140.312906, 35.530073 ], [ 140.312906, 35.530118 ], [ 140.312962, 35.530118 ], [ 140.312962, 35.530164 ], [ 140.313017, 35.530164 ], [ 140.313017, 35.530254 ], [ 140.313073, 35.530254 ], [ 140.313128, 35.530254 ], [ 140.313128, 35.530299 ], [ 140.313184, 35.530299 ], [ 140.313184, 35.530073 ] ] ], [ [ [ 140.31385, 35.530254 ], [ 140.313795, 35.530254 ], [ 140.313795, 35.530299 ], [ 140.31385, 35.530299 ], [ 140.31385, 35.530254 ] ] ], [ [ [ 140.313073, 35.529666 ], [ 140.313073, 35.529576 ], [ 140.313128, 35.529576 ], [ 140.313128, 35.529485 ], [ 140.313184, 35.529485 ], [ 140.313184, 35.52944 ], [ 140.313239, 35.52944 ], [ 140.313239, 35.529395 ], [ 140.31335, 35.529395 ], [ 140.31335, 35.52935 ], [ 140.313406, 35.52935 ], [ 140.313406, 35.529305 ], [ 140.313462, 35.529305 ], [ 140.313462, 35.529259 ], [ 140.313517, 35.529259 ], [ 140.313517, 35.529214 ], [ 140.313573, 35.529214 ], [ 140.313573, 35.529078 ], [ 140.313628, 35.529078 ], [ 140.313628, 35.529033 ], [ 140.313684, 35.529033 ], [ 140.313684, 35.528988 ], [ 140.313739, 35.528988 ], [ 140.313795, 35.528988 ], [ 140.313795, 35.528943 ], [ 140.313795, 35.528807 ], [ 140.313739, 35.528807 ], [ 140.313684, 35.528807 ], [ 140.313684, 35.528762 ], [ 140.313628, 35.528762 ], [ 140.313517, 35.528762 ], [ 140.313517, 35.528717 ], [ 140.313462, 35.528717 ], [ 140.313406, 35.528717 ], [ 140.313406, 35.528672 ], [ 140.31335, 35.528672 ], [ 140.313295, 35.528672 ], [ 140.313295, 35.528626 ], [ 140.313239, 35.528626 ], [ 140.313184, 35.528626 ], [ 140.313184, 35.528581 ], [ 140.313128, 35.528581 ], [ 140.313017, 35.528581 ], [ 140.313017, 35.528536 ], [ 140.312906, 35.528536 ], [ 140.312906, 35.528446 ], [ 140.312795, 35.528446 ], [ 140.312739, 35.528446 ], [ 140.312739, 35.528536 ], [ 140.312684, 35.528536 ], [ 140.312684, 35.528581 ], [ 140.312628, 35.528581 ], [ 140.312628, 35.528672 ], [ 140.312573, 35.528672 ], [ 140.312573, 35.528717 ], [ 140.312517, 35.528717 ], [ 140.312517, 35.528762 ], [ 140.312517, 35.528807 ], [ 140.312462, 35.528807 ], [ 140.312462, 35.528898 ], [ 140.312406, 35.528898 ], [ 140.312406, 35.528943 ], [ 140.31235, 35.528943 ], [ 140.31235, 35.529033 ], [ 140.312295, 35.529033 ], [ 140.312295, 35.529078 ], [ 140.312184, 35.529078 ], [ 140.312184, 35.529033 ], [ 140.312073, 35.529033 ], [ 140.312017, 35.529033 ], [ 140.312017, 35.529078 ], [ 140.312017, 35.529214 ], [ 140.311962, 35.529214 ], [ 140.311962, 35.529259 ], [ 140.311906, 35.529259 ], [ 140.311906, 35.529395 ], [ 140.31185, 35.529395 ], [ 140.31185, 35.529485 ], [ 140.311795, 35.529485 ], [ 140.311795, 35.529621 ], [ 140.311739, 35.529621 ], [ 140.311739, 35.529666 ], [ 140.311739, 35.529711 ], [ 140.311684, 35.529711 ], [ 140.311684, 35.529757 ], [ 140.311628, 35.529757 ], [ 140.311628, 35.529802 ], [ 140.311573, 35.529802 ], [ 140.311573, 35.529892 ], [ 140.311628, 35.529892 ], [ 140.311684, 35.529892 ], [ 140.311684, 35.529802 ], [ 140.311739, 35.529802 ], [ 140.311739, 35.529757 ], [ 140.311795, 35.529757 ], [ 140.31185, 35.529757 ], [ 140.31185, 35.529892 ], [ 140.311795, 35.529892 ], [ 140.311795, 35.529938 ], [ 140.31185, 35.529938 ], [ 140.31185, 35.530028 ], [ 140.311906, 35.530028 ], [ 140.311906, 35.530073 ], [ 140.312017, 35.530073 ], [ 140.312017, 35.530118 ], [ 140.312128, 35.530118 ], [ 140.312128, 35.530164 ], [ 140.312239, 35.530164 ], [ 140.312239, 35.530254 ], [ 140.31235, 35.530254 ], [ 140.31235, 35.530299 ], [ 140.312462, 35.530299 ], [ 140.312462, 35.530344 ], [ 140.312517, 35.530344 ], [ 140.312573, 35.530344 ], [ 140.312573, 35.530299 ], [ 140.312628, 35.530299 ], [ 140.312628, 35.530254 ], [ 140.312628, 35.530164 ], [ 140.312684, 35.530164 ], [ 140.312739, 35.530164 ], [ 140.312739, 35.530073 ], [ 140.312795, 35.530073 ], [ 140.312795, 35.530028 ], [ 140.312795, 35.529938 ], [ 140.31285, 35.529938 ], [ 140.312906, 35.529938 ], [ 140.312906, 35.529802 ], [ 140.312962, 35.529802 ], [ 140.312962, 35.529711 ], [ 140.313017, 35.529711 ], [ 140.313017, 35.529666 ], [ 140.313073, 35.529666 ] ] ], [ [ [ 140.311184, 35.530299 ], [ 140.311128, 35.530299 ], [ 140.311073, 35.530299 ], [ 140.311073, 35.530344 ], [ 140.311073, 35.53039 ], [ 140.311128, 35.53039 ], [ 140.311128, 35.530344 ], [ 140.311184, 35.530344 ], [ 140.311184, 35.530299 ] ] ], [ [ [ 140.310962, 35.530435 ], [ 140.311017, 35.530435 ], [ 140.311017, 35.53039 ], [ 140.310962, 35.53039 ], [ 140.310962, 35.530435 ] ] ], [ [ [ 140.313684, 35.53039 ], [ 140.313628, 35.53039 ], [ 140.313628, 35.530435 ], [ 140.313684, 35.530435 ], [ 140.313684, 35.53039 ] ] ], [ [ [ 140.310962, 35.530435 ], [ 140.310906, 35.530435 ], [ 140.310906, 35.53048 ], [ 140.310962, 35.53048 ], [ 140.310962, 35.530435 ] ] ], [ [ [ 140.310906, 35.53048 ], [ 140.31085, 35.53048 ], [ 140.31085, 35.530525 ], [ 140.310906, 35.530525 ], [ 140.310906, 35.53048 ] ] ], [ [ [ 140.312684, 35.530977 ], [ 140.312628, 35.530977 ], [ 140.312628, 35.531023 ], [ 140.312684, 35.531023 ], [ 140.312684, 35.530977 ] ] ], [ [ [ 140.312962, 35.531113 ], [ 140.312906, 35.531113 ], [ 140.312906, 35.531158 ], [ 140.312962, 35.531158 ], [ 140.312962, 35.531113 ] ] ], [ [ [ 140.313184, 35.531203 ], [ 140.313128, 35.531203 ], [ 140.313128, 35.531294 ], [ 140.313184, 35.531294 ], [ 140.313184, 35.531203 ] ] ], [ [ [ 140.308517, 35.531294 ], [ 140.308462, 35.531294 ], [ 140.308462, 35.531339 ], [ 140.308517, 35.531339 ], [ 140.308517, 35.531294 ] ] ], [ [ [ 140.312462, 35.531113 ], [ 140.312406, 35.531113 ], [ 140.312406, 35.531068 ], [ 140.312462, 35.531068 ], [ 140.312462, 35.531113 ], [ 140.312517, 35.531113 ], [ 140.312517, 35.531023 ], [ 140.312573, 35.531023 ], [ 140.312573, 35.530977 ], [ 140.312517, 35.530977 ], [ 140.312517, 35.530842 ], [ 140.31235, 35.530842 ], [ 140.31235, 35.530932 ], [ 140.312295, 35.530932 ], [ 140.312295, 35.530977 ], [ 140.312239, 35.530977 ], [ 140.312239, 35.531068 ], [ 140.312295, 35.531068 ], [ 140.312295, 35.531158 ], [ 140.312239, 35.531158 ], [ 140.312239, 35.531068 ], [ 140.312184, 35.531068 ], [ 140.312184, 35.531113 ], [ 140.312128, 35.531113 ], [ 140.312128, 35.531158 ], [ 140.312073, 35.531158 ], [ 140.312073, 35.531294 ], [ 140.312017, 35.531294 ], [ 140.312017, 35.531339 ], [ 140.312184, 35.531339 ], [ 140.312184, 35.531294 ], [ 140.312406, 35.531294 ], [ 140.312406, 35.531203 ], [ 140.31235, 35.531203 ], [ 140.31235, 35.531158 ], [ 140.312462, 35.531158 ], [ 140.312462, 35.531113 ] ], [ [ 140.312406, 35.530977 ], [ 140.312406, 35.530932 ], [ 140.312462, 35.530932 ], [ 140.312462, 35.530977 ], [ 140.312406, 35.530977 ], [ 140.312406, 35.531023 ], [ 140.31235, 35.531023 ], [ 140.31235, 35.530977 ], [ 140.312406, 35.530977 ] ] ], [ [ [ 140.310017, 35.531339 ], [ 140.309962, 35.531339 ], [ 140.309962, 35.531384 ], [ 140.310017, 35.531384 ], [ 140.310017, 35.531339 ] ] ], [ [ [ 140.312184, 35.531384 ], [ 140.312128, 35.531384 ], [ 140.312128, 35.531429 ], [ 140.312184, 35.531429 ], [ 140.312184, 35.531384 ] ] ], [ [ [ 140.312184, 35.531339 ], [ 140.312184, 35.531384 ], [ 140.312239, 35.531384 ], [ 140.312239, 35.531429 ], [ 140.31235, 35.531429 ], [ 140.31235, 35.531384 ], [ 140.312295, 35.531384 ], [ 140.312295, 35.531339 ], [ 140.312184, 35.531339 ] ] ], [ [ [ 140.309739, 35.53152 ], [ 140.309795, 35.53152 ], [ 140.309795, 35.531475 ], [ 140.309739, 35.531475 ], [ 140.309739, 35.53152 ] ] ], [ [ [ 140.309739, 35.53152 ], [ 140.309684, 35.53152 ], [ 140.309684, 35.53161 ], [ 140.309739, 35.53161 ], [ 140.309739, 35.53152 ] ] ], [ [ [ 140.312184, 35.53152 ], [ 140.312073, 35.53152 ], [ 140.312073, 35.53161 ], [ 140.312184, 35.53161 ], [ 140.312184, 35.53152 ] ] ], [ [ [ 140.30885, 35.53161 ], [ 140.308795, 35.53161 ], [ 140.308795, 35.531701 ], [ 140.30885, 35.531701 ], [ 140.30885, 35.53161 ] ] ], [ [ [ 140.309017, 35.531746 ], [ 140.308962, 35.531746 ], [ 140.308962, 35.531791 ], [ 140.309017, 35.531791 ], [ 140.309017, 35.531746 ] ] ], [ [ [ 140.312462, 35.530344 ], [ 140.31235, 35.530344 ], [ 140.31235, 35.530299 ], [ 140.312239, 35.530299 ], [ 140.312239, 35.530254 ], [ 140.312128, 35.530254 ], [ 140.312128, 35.530164 ], [ 140.312017, 35.530164 ], [ 140.312017, 35.530118 ], [ 140.311906, 35.530118 ], [ 140.311906, 35.530073 ], [ 140.311739, 35.530073 ], [ 140.311739, 35.530028 ], [ 140.311684, 35.530028 ], [ 140.311573, 35.530028 ], [ 140.311573, 35.530118 ], [ 140.311517, 35.530118 ], [ 140.311517, 35.530164 ], [ 140.311462, 35.530164 ], [ 140.311462, 35.530254 ], [ 140.311462, 35.530299 ], [ 140.311406, 35.530299 ], [ 140.311406, 35.53039 ], [ 140.31135, 35.53039 ], [ 140.31135, 35.530435 ], [ 140.311295, 35.530435 ], [ 140.311295, 35.53048 ], [ 140.311239, 35.53048 ], [ 140.311239, 35.530525 ], [ 140.311239, 35.530616 ], [ 140.311184, 35.530616 ], [ 140.311184, 35.530706 ], [ 140.311128, 35.530706 ], [ 140.311128, 35.530751 ], [ 140.310962, 35.530751 ], [ 140.310962, 35.530706 ], [ 140.31085, 35.530706 ], [ 140.31085, 35.530661 ], [ 140.310795, 35.530661 ], [ 140.310739, 35.530661 ], [ 140.310684, 35.530661 ], [ 140.310684, 35.530706 ], [ 140.310628, 35.530706 ], [ 140.310628, 35.530751 ], [ 140.310573, 35.530751 ], [ 140.310573, 35.530842 ], [ 140.310517, 35.530842 ], [ 140.310517, 35.530932 ], [ 140.310462, 35.530932 ], [ 140.310462, 35.530977 ], [ 140.310406, 35.530977 ], [ 140.31035, 35.530977 ], [ 140.31035, 35.531023 ], [ 140.310295, 35.531023 ], [ 140.310295, 35.531068 ], [ 140.310295, 35.531113 ], [ 140.310239, 35.531113 ], [ 140.310184, 35.531113 ], [ 140.310184, 35.531158 ], [ 140.310184, 35.531203 ], [ 140.310128, 35.531203 ], [ 140.310073, 35.531203 ], [ 140.310073, 35.531294 ], [ 140.310017, 35.531294 ], [ 140.310017, 35.531339 ], [ 140.310128, 35.531339 ], [ 140.310128, 35.531384 ], [ 140.310295, 35.531384 ], [ 140.310295, 35.531429 ], [ 140.31035, 35.531429 ], [ 140.31035, 35.531475 ], [ 140.310406, 35.531475 ], [ 140.310406, 35.53152 ], [ 140.310573, 35.53152 ], [ 140.310573, 35.531475 ], [ 140.310628, 35.531475 ], [ 140.310628, 35.53152 ], [ 140.310573, 35.53152 ], [ 140.310573, 35.53161 ], [ 140.310684, 35.53161 ], [ 140.310684, 35.531701 ], [ 140.310795, 35.531701 ], [ 140.310795, 35.531746 ], [ 140.310906, 35.531746 ], [ 140.310906, 35.531791 ], [ 140.311073, 35.531791 ], [ 140.311073, 35.531836 ], [ 140.311184, 35.531836 ], [ 140.311184, 35.531882 ], [ 140.311295, 35.531882 ], [ 140.311295, 35.531972 ], [ 140.311406, 35.531972 ], [ 140.311406, 35.531882 ], [ 140.311462, 35.531882 ], [ 140.311462, 35.531836 ], [ 140.311517, 35.531836 ], [ 140.311517, 35.531791 ], [ 140.311573, 35.531791 ], [ 140.311573, 35.531701 ], [ 140.311628, 35.531701 ], [ 140.311628, 35.53152 ], [ 140.311739, 35.53152 ], [ 140.311739, 35.531429 ], [ 140.311795, 35.531429 ], [ 140.311795, 35.531339 ], [ 140.31185, 35.531339 ], [ 140.31185, 35.531294 ], [ 140.311906, 35.531294 ], [ 140.311906, 35.531158 ], [ 140.311962, 35.531158 ], [ 140.311962, 35.531113 ], [ 140.312017, 35.531113 ], [ 140.312017, 35.531068 ], [ 140.312073, 35.531068 ], [ 140.312073, 35.531023 ], [ 140.312128, 35.531023 ], [ 140.312128, 35.530932 ], [ 140.312184, 35.530932 ], [ 140.312184, 35.530842 ], [ 140.312239, 35.530842 ], [ 140.312239, 35.530751 ], [ 140.312295, 35.530751 ], [ 140.312295, 35.530706 ], [ 140.312295, 35.530661 ], [ 140.31235, 35.530661 ], [ 140.31235, 35.530616 ], [ 140.312406, 35.530616 ], [ 140.312406, 35.530525 ], [ 140.312406, 35.53048 ], [ 140.312462, 35.53048 ], [ 140.312462, 35.530435 ], [ 140.312517, 35.530435 ], [ 140.312517, 35.53039 ], [ 140.312462, 35.53039 ], [ 140.312462, 35.530344 ] ], [ [ 140.310684, 35.531113 ], [ 140.310684, 35.531158 ], [ 140.310628, 35.531158 ], [ 140.310628, 35.531113 ], [ 140.310684, 35.531113 ] ], [ [ 140.311517, 35.531158 ], [ 140.311517, 35.531113 ], [ 140.311573, 35.531113 ], [ 140.311573, 35.531158 ], [ 140.311517, 35.531158 ] ], [ [ 140.310406, 35.531203 ], [ 140.310406, 35.531294 ], [ 140.31035, 35.531294 ], [ 140.31035, 35.531203 ], [ 140.310406, 35.531203 ] ], [ [ 140.310295, 35.531294 ], [ 140.310295, 35.531339 ], [ 140.310239, 35.531339 ], [ 140.310239, 35.531294 ], [ 140.310295, 35.531294 ] ], [ [ 140.311406, 35.531339 ], [ 140.311406, 35.531384 ], [ 140.31135, 35.531384 ], [ 140.31135, 35.531339 ], [ 140.311406, 35.531339 ] ], [ [ 140.311295, 35.531475 ], [ 140.311295, 35.53152 ], [ 140.311239, 35.53152 ], [ 140.311239, 35.531475 ], [ 140.311295, 35.531475 ] ] ], [ [ [ 140.308406, 35.53256 ], [ 140.30835, 35.53256 ], [ 140.30835, 35.53265 ], [ 140.308406, 35.53265 ], [ 140.308406, 35.53256 ] ] ] ] } },
{ "type": "Feature", "properties": { "gridcode": 4, "浸水深": "2m以上" }, "bbox": [ 140.311962, 35.520759, 140.315684, 35.529214 ], "geometry": { "type": "MultiPolygon", "coordinates": [ [ [ [ 140.312795, 35.520759 ], [ 140.312739, 35.520759 ], [ 140.312739, 35.520804 ], [ 140.312795, 35.520804 ], [ 140.312795, 35.520759 ] ] ], [ [ [ 140.314906, 35.521709 ], [ 140.314906, 35.521618 ], [ 140.31485, 35.521618 ], [ 140.31485, 35.521709 ], [ 140.314906, 35.521709 ] ] ], [ [ [ 140.314906, 35.521709 ], [ 140.314906, 35.521754 ], [ 140.314962, 35.521754 ], [ 140.314962, 35.521709 ], [ 140.314906, 35.521709 ] ] ], [ [ [ 140.315684, 35.521709 ], [ 140.315573, 35.521709 ], [ 140.315573, 35.521754 ], [ 140.315628, 35.521754 ], [ 140.315628, 35.521799 ], [ 140.315684, 35.521799 ], [ 140.315684, 35.521754 ], [ 140.315684, 35.521709 ] ] ], [ [ [ 140.315684, 35.522161 ], [ 140.315628, 35.522161 ], [ 140.315628, 35.522206 ], [ 140.315684, 35.522206 ], [ 140.315684, 35.522161 ] ] ], [ [ [ 140.315628, 35.522296 ], [ 140.315573, 35.522296 ], [ 140.315573, 35.522387 ], [ 140.315628, 35.522387 ], [ 140.315628, 35.522296 ] ] ], [ [ [ 140.312962, 35.522477 ], [ 140.312906, 35.522477 ], [ 140.312906, 35.522522 ], [ 140.312962, 35.522522 ], [ 140.312962, 35.522477 ] ] ], [ [ [ 140.315406, 35.522839 ], [ 140.31535, 35.522839 ], [ 140.31535, 35.522884 ], [ 140.315406, 35.522884 ], [ 140.315406, 35.522839 ] ] ], [ [ [ 140.314573, 35.525507 ], [ 140.314517, 35.525507 ], [ 140.314517, 35.525552 ], [ 140.314573, 35.525552 ], [ 140.314573, 35.525507 ] ] ], [ [ [ 140.314739, 35.525687 ], [ 140.314684, 35.525687 ], [ 140.314684, 35.525823 ], [ 140.314739, 35.525823 ], [ 140.314739, 35.525687 ] ] ], [ [ [ 140.313906, 35.525823 ], [ 140.31385, 35.525823 ], [ 140.31385, 35.525868 ], [ 140.313906, 35.525868 ], [ 140.313906, 35.525823 ] ] ], [ [ [ 140.313795, 35.526004 ], [ 140.31385, 35.526004 ], [ 140.31385, 35.525914 ], [ 140.313795, 35.525914 ], [ 140.313795, 35.526004 ] ] ], [ [ [ 140.314906, 35.525959 ], [ 140.31485, 35.525959 ], [ 140.31485, 35.526004 ], [ 140.314906, 35.526004 ], [ 140.314906, 35.525959 ] ] ], [ [ [ 140.313795, 35.526004 ], [ 140.313739, 35.526004 ], [ 140.313739, 35.52614 ], [ 140.313795, 35.52614 ], [ 140.313795, 35.526004 ] ] ], [ [ [ 140.313739, 35.526185 ], [ 140.313684, 35.526185 ], [ 140.313684, 35.52623 ], [ 140.313739, 35.52623 ], [ 140.313739, 35.526185 ] ] ], [ [ [ 140.313684, 35.526275 ], [ 140.313628, 35.526275 ], [ 140.313628, 35.52632 ], [ 140.313684, 35.52632 ], [ 140.313684, 35.526275 ] ] ], [ [ [ 140.313628, 35.526366 ], [ 140.313573, 35.526366 ], [ 140.313573, 35.526411 ], [ 140.313628, 35.526411 ], [ 140.313628, 35.526366 ] ] ], [ [ [ 140.313406, 35.526727 ], [ 140.31335, 35.526727 ], [ 140.31335, 35.526818 ], [ 140.313406, 35.526818 ], [ 140.313406, 35.526727 ] ] ], [ [ [ 140.313017, 35.52727 ], [ 140.312962, 35.52727 ], [ 140.312962, 35.527315 ], [ 140.313017, 35.527315 ], [ 140.313017, 35.52727 ] ] ], [ [ [ 140.312906, 35.527451 ], [ 140.31285, 35.527451 ], [ 140.31285, 35.527541 ], [ 140.312906, 35.527541 ], [ 140.312906, 35.527451 ] ] ], [ [ [ 140.312739, 35.527677 ], [ 140.312795, 35.527677 ], [ 140.312795, 35.527632 ], [ 140.312739, 35.527632 ], [ 140.312739, 35.527677 ] ] ], [ [ [ 140.31385, 35.527677 ], [ 140.31385, 35.527632 ], [ 140.313795, 35.527632 ], [ 140.313795, 35.527677 ], [ 140.31385, 35.527677 ] ] ], [ [ [ 140.312739, 35.527677 ], [ 140.312684, 35.527677 ], [ 140.312684, 35.527722 ], [ 140.312739, 35.527722 ], [ 140.312739, 35.527677 ] ] ], [ [ [ 140.31385, 35.527677 ], [ 140.31385, 35.527722 ], [ 140.313906, 35.527722 ], [ 140.313906, 35.527677 ], [ 140.31385, 35.527677 ] ] ], [ [ [ 140.312684, 35.527722 ], [ 140.312628, 35.527722 ], [ 140.312628, 35.527767 ], [ 140.312684, 35.527767 ], [ 140.312684, 35.527722 ] ] ], [ [ [ 140.312573, 35.527903 ], [ 140.312517, 35.527903 ], [ 140.312517, 35.527948 ], [ 140.312573, 35.527948 ], [ 140.312573, 35.527903 ] ] ], [ [ [ 140.312239, 35.528626 ], [ 140.312184, 35.528626 ], [ 140.312184, 35.528672 ], [ 140.312239, 35.528672 ], [ 140.312239, 35.528626 ] ] ], [ [ [ 140.312073, 35.528988 ], [ 140.312017, 35.528988 ], [ 140.312017, 35.529033 ], [ 140.312073, 35.529033 ], [ 140.312073, 35.528988 ] ] ], [ [ [ 140.312017, 35.529078 ], [ 140.311962, 35.529078 ], [ 140.311962, 35.529214 ], [ 140.312017, 35.529214 ], [ 140.312017, 35.529078 ] ] ] ] } }
]
}
