{"type":"FeatureCollection","features":[{"type":"Feature","properties":{"Water_Clas":"Flood Water","Sensor_ID":"Sentinel-1","Sensor_Dat":"2024-09-24","Confidence":"To be evaluated","Water_Stat":"New Water / Water Increase","EventCode":"FL20240912NGA"},"geometry":{"type":"MultiPolygon","coordinates":[[[[96.27424,19.4812],[96.27478,19.48262],[96.27568,19.48201],[96.27532,19.48048],[96.27586,19.47787],[96.27442,19.47821],[96.27398,19.47947],[96.27478,19.48093],[96.27442,19.4812],[96.27424,19.4812]]],[[[96.29687,19.48582],[96.29741,19.4851],[96.29696,19.48412],[96.29786,19.4834],[96.29759,19.48286],[96.29696,19.48295],[96.29642,19.48443],[96.29562,19.48474],[96.29561,19.48556],[96.2966,19.48582],[96.29687,19.48582]]],[[[96.27262,19.48623],[96.2737,19.48479],[96.27235,19.48389],[96.27235,19.4829],[96.27146,19.4821],[96.27119,19.48057],[96.27038,19.48039],[96.27002,19.48174],[96.27056,19.48461],[96.27136,19.48512],[96.27136,19.48593],[96.27226,19.48623],[96.27262,19.48623]]],[[[96.27972,19.49108],[96.28008,19.4918],[96.28089,19.49207],[96.28098,19.49153],[96.28026,19.49117],[96.28062,19.49],[96.28098,19.49081],[96.28295,19.49072],[96.27981,19.48964],[96.27873,19.48865],[96.27828,19.48991],[96.27963,19.49108],[96.27972,19.49108]]],[[[96.27891,19.49512],[96.27918,19.49377],[96.28044,19.49503],[96.28125,19.49431],[96.28125,19.49359],[96.27981,19.49341],[96.2799,19.49243],[96.27936,19.49243],[96.27909,19.49314],[96.27891,19.49117],[96.27783,19.49123],[96.27747,19.48955],[96.27586,19.48955],[96.27469,19.48695],[96.27055,19.4871],[96.27046,19.48863],[96.27146,19.48865],[96.27253,19.48982],[96.27262,19.49135],[96.27415,19.49171],[96.27451,19.49252],[96.27685,19.4935],[96.27801,19.49512],[96.27891,19.49512]]],[[[96.28322,19.49521],[96.28403,19.49512],[96.28385,19.49341],[96.28215,19.4935],[96.28268,19.49521],[96.28322,19.49521]]],[[[96.30595,19.4971],[96.30613,19.4962],[96.30711,19.49581],[96.30729,19.49527],[96.30639,19.49527],[96.30586,19.49447],[96.30487,19.49458],[96.3038,19.49368],[96.30379,19.49123],[96.30334,19.49114],[96.30263,19.49214],[96.30271,19.4942],[96.3055,19.4971],[96.30595,19.4971]]],[[[96.2826,19.49782],[96.28313,19.49755],[96.28322,19.49683],[96.28161,19.49521],[96.28161,19.49683],[96.28233,19.49782],[96.2826,19.49782]]],[[[96.25806,19.50471],[96.25914,19.50309],[96.25869,19.50201],[96.25815,19.5021],[96.25771,19.50471],[96.25806,19.50471]]],[[[96.29867,19.50734],[96.2993,19.50707],[96.2993,19.50653],[96.29769,19.50491],[96.29715,19.5068],[96.29814,19.50644],[96.29841,19.50734],[96.29867,19.50734]]],[[[96.3011,19.50869],[96.30209,19.5077],[96.30011,19.50725],[96.29912,19.50779],[96.29912,19.50842],[96.3002,19.50869],[96.3011,19.50869]]],[[[96.29562,19.50211],[96.29508,19.50249],[96.29418,19.50087],[96.29409,19.49871],[96.29266,19.49916],[96.29257,19.50105],[96.29311,19.50123],[96.29337,19.50231],[96.2932,19.50294],[96.29203,19.50267],[96.29194,19.50312],[96.2932,19.50518],[96.29158,19.5059],[96.2932,19.5066],[96.29293,19.50797],[96.29337,19.50815],[96.29337,19.50958],[96.29293,19.51219],[96.29337,19.51282],[96.29436,19.51291],[96.29463,19.51372],[96.294,19.5139],[96.29409,19.51443],[96.29526,19.51381],[96.29418,19.51165],[96.29356,19.50759],[96.29419,19.50687],[96.29473,19.50525],[96.29446,19.50471],[96.29562,19.50229],[96.29562,19.50211]]],[[[96.30048,19.5163],[96.30029,19.5147],[96.29859,19.51192],[96.2985,19.51084],[96.29688,19.50878],[96.29688,19.50707],[96.29688,19.50761],[96.29607,19.50761],[96.2958,19.50815],[96.29552,19.51073],[96.29606,19.51198],[96.29822,19.51388],[96.29822,19.51441],[96.29876,19.51442],[96.29903,19.51522],[96.30057,19.5163],[96.30048,19.5163]]],[[[96.29715,19.51731],[96.29715,19.51677],[96.29634,19.51704],[96.29652,19.51821],[96.29769,19.52063],[96.29904,19.52151],[96.29724,19.51731],[96.29715,19.51731]]],[[[96.30191,19.52232],[96.30173,19.51973],[96.30137,19.52018],[96.30075,19.51982],[96.29975,19.51812],[96.29876,19.5174],[96.29975,19.51749],[96.30056,19.51825],[96.30065,19.51785],[96.29823,19.5165],[96.29876,19.51971],[96.30011,19.52142],[96.30173,19.52232],[96.30191,19.52232]]],[[[96.30155,19.52564],[96.30137,19.52351],[96.30101,19.52405],[96.30128,19.52593],[96.30039,19.52564],[96.29832,19.52699],[96.29769,19.52638],[96.2976,19.52521],[96.29706,19.52521],[96.29679,19.52629],[96.29598,19.5253],[96.29508,19.52602],[96.29544,19.52683],[96.29472,19.52701],[96.29481,19.52764],[96.29553,19.52791],[96.29509,19.52897],[96.30039,19.52717],[96.30155,19.52573],[96.30155,19.52564]]],[[[96.31413,19.53258],[96.31422,19.53213],[96.31359,19.53177],[96.31368,19.53087],[96.31547,19.53007],[96.31485,19.52971],[96.31475,19.5289],[96.31493,19.52752],[96.31619,19.52629],[96.31628,19.52261],[96.31556,19.52279],[96.3126,19.5313],[96.31269,19.53193],[96.31359,19.53258],[96.31413,19.53258]]],[[[96.29634,19.53348],[96.29571,19.53184],[96.29589,19.53078],[96.29697,19.52989],[96.29796,19.53096],[96.2993,19.53078],[96.30091,19.52913],[96.30155,19.52773],[96.30091,19.52894],[96.29742,19.52908],[96.29562,19.52989],[96.29561,19.53237],[96.29625,19.53348],[96.29634,19.53348]]],[[[96.29041,19.53571],[96.29095,19.53741],[96.29059,19.53885],[96.29005,19.53662],[96.28852,19.53438],[96.2879,19.53186],[96.28529,19.53078],[96.28359,19.53157],[96.28359,19.53211],[96.28493,19.53238],[96.28368,19.53274],[96.28367,19.53438],[96.28421,19.53456],[96.28404,19.53571],[96.28484,19.53607],[96.28529,19.53696],[96.2861,19.53698],[96.28484,19.53732],[96.28476,19.53804],[96.28691,19.53752],[96.28763,19.53804],[96.28727,19.53894],[96.28826,19.53984],[96.28978,19.53905],[96.28996,19.54022],[96.2905,19.54022],[96.29194,19.53912],[96.29302,19.54004],[96.29302,19.53903],[96.29221,19.53849],[96.29275,19.53743],[96.29122,19.53599],[96.29203,19.53813],[96.29176,19.53887],[96.2905,19.53571],[96.29041,19.53571]]],[[[96.27712,19.54128],[96.27801,19.54076],[96.27756,19.53878],[96.2764,19.53912],[96.27667,19.53968],[96.27613,19.54049],[96.27478,19.54049],[96.27667,19.54128],[96.27712,19.54128]]],[[[96.27945,19.54228],[96.28035,19.54049],[96.27891,19.54111],[96.27882,19.54049],[96.27837,19.5404],[96.27801,19.54129],[96.27712,19.54147],[96.27712,19.54192],[96.279,19.54228],[96.27945,19.54228]]],[[[96.28278,19.54298],[96.28313,19.54129],[96.28277,19.53968],[96.28215,19.53833],[96.28044,19.53698],[96.28224,19.54056],[96.2826,19.54056],[96.28233,19.54298],[96.28278,19.54298]]],[[[96.28673,19.54487],[96.28879,19.54291],[96.2888,19.54226],[96.28691,19.54361],[96.28628,19.54487],[96.28673,19.54487]]],[[[96.29562,19.54435],[96.29517,19.54462],[96.29607,19.54659],[96.29832,19.54632],[96.29867,19.54579],[96.29742,19.54444],[96.29634,19.54498],[96.29562,19.54453],[96.29562,19.54435]]],[[[96.30281,19.54902],[96.30299,19.54866],[96.30012,19.54588],[96.29957,19.54399],[96.29948,19.53905],[96.29823,19.53797],[96.29831,19.54058],[96.29741,19.5418],[96.29741,19.54244],[96.29795,19.54264],[96.29742,19.54264],[96.29687,19.54341],[96.29867,19.54291],[96.2993,19.54601],[96.30038,19.54749],[96.30254,19.54902],[96.30281,19.54902]]],[[[96.31241,19.54962],[96.31277,19.54899],[96.31457,19.54836],[96.31475,19.5454],[96.31672,19.54414],[96.31547,19.54378],[96.31493,19.54237],[96.31287,19.54156],[96.31215,19.54172],[96.31117,19.54685],[96.31108,19.54927],[96.31169,19.54962],[96.31241,19.54962]]],[[[96.28816,19.54749],[96.28529,19.54803],[96.28412,19.54983],[96.28529,19.54866],[96.28673,19.54857],[96.28816,19.54758],[96.28816,19.54749]]],[[[96.2932,19.55154],[96.29427,19.5501],[96.29355,19.54893],[96.29311,19.54893],[96.29346,19.54983],[96.29293,19.55073],[96.29176,19.55019],[96.29149,19.55082],[96.29158,19.55136],[96.29266,19.55154],[96.2932,19.55154]]],[[[96.30236,19.55154],[96.30353,19.55091],[96.30371,19.54972],[96.30299,19.54972],[96.30227,19.55062],[96.3011,19.55073],[96.2966,19.54807],[96.295,19.54774],[96.29527,19.54846],[96.29715,19.54956],[96.30155,19.55154],[96.30236,19.55154]]],[[[96.31105,19.56165],[96.31096,19.56034],[96.3117,19.55877],[96.31278,19.55755],[96.31419,19.5576],[96.31464,19.55688],[96.31374,19.55572],[96.31239,19.55608],[96.31089,19.55495],[96.31027,19.55547],[96.30982,19.56077],[96.31015,19.56165],[96.31105,19.56165]]],[[[96.29041,19.56023],[96.29068,19.55908],[96.28958,19.56021],[96.28988,19.56185],[96.29095,19.56158],[96.29095,19.56043],[96.29041,19.56043],[96.29041,19.56023]]],[[[96.2904,19.56335],[96.29149,19.5631],[96.29185,19.56231],[96.2923,19.56231],[96.29221,19.56411],[96.29284,19.56429],[96.29311,19.56249],[96.29517,19.56254],[96.29625,19.56178],[96.29473,19.56178],[96.29472,19.56124],[96.29392,19.5607],[96.29391,19.55935],[96.29284,19.55881],[96.2932,19.55818],[96.29257,19.55782],[96.29149,19.55558],[96.29068,19.55522],[96.29041,19.55432],[96.28861,19.55261],[96.28879,19.55171],[96.29041,19.55035],[96.29041,19.54956],[96.28978,19.54938],[96.28915,19.55037],[96.28825,19.55073],[96.28772,19.55216],[96.287,19.55198],[96.28634,19.55266],[96.28772,19.55295],[96.2902,19.5561],[96.29012,19.55751],[96.29182,19.56041],[96.29182,19.56133],[96.2904,19.56326],[96.2904,19.56335]]],[[[96.21899,19.56474],[96.21906,19.56389],[96.21978,19.5638],[96.21978,19.56335],[96.21897,19.56335],[96.21879,19.56263],[96.2178,19.56236],[96.21798,19.56452],[96.21872,19.56474],[96.21899,19.56474]]],[[[96.28278,19.55188],[96.28295,19.55387],[96.28233,19.55414],[96.28134,19.55342],[96.28152,19.55189],[96.28233,19.55152],[96.28278,19.55188],[96.28233,19.55008],[96.28188,19.55017],[96.28044,19.55297],[96.28071,19.55504],[96.28197,19.55513],[96.28224,19.55585],[96.28332,19.55574],[96.28368,19.557],[96.28565,19.55978],[96.28574,19.56077],[96.28619,19.56095],[96.28538,19.56122],[96.28538,19.56167],[96.28628,19.56203],[96.28601,19.56402],[96.28646,19.56393],[96.28673,19.56249],[96.28727,19.56409],[96.28709,19.56517],[96.28745,19.56508],[96.28799,19.56373],[96.28772,19.56185],[96.28826,19.56104],[96.28772,19.55908],[96.28781,19.55594],[96.28745,19.55531],[96.28556,19.55477],[96.28502,19.55396],[96.28422,19.55396],[96.28286,19.55188],[96.28278,19.55188]]],[[[96.21765,19.56806],[96.21855,19.56717],[96.21846,19.56609],[96.21693,19.56654],[96.21729,19.56806],[96.21765,19.56806]]],[[[96.2567,19.56937],[96.25715,19.56874],[96.25805,19.56892],[96.25858,19.56847],[96.2587,19.5669],[96.25592,19.56672],[96.25553,19.56775],[96.25616,19.56937],[96.2567,19.56937]]],[[[96.21538,19.56964],[96.21693,19.566],[96.21819,19.5651],[96.21774,19.56438],[96.21645,19.56461],[96.21657,19.56564],[96.21558,19.56591],[96.21466,19.56865],[96.21484,19.56964],[96.21538,19.56964]]],[[[96.28314,19.56966],[96.28502,19.56831],[96.28628,19.56591],[96.28502,19.56679],[96.28475,19.56778],[96.28314,19.56957],[96.28314,19.56966]]],[[[96.27603,19.57511],[96.27675,19.57475],[96.27666,19.57422],[96.27612,19.57413],[96.2763,19.57377],[96.2773,19.57426],[96.27872,19.57413],[96.27899,19.57279],[96.27774,19.57161],[96.27756,19.57035],[96.27828,19.57017],[96.27828,19.56972],[96.27765,19.5691],[96.27693,19.56927],[96.27702,19.56839],[96.27648,19.56839],[96.27612,19.56901],[96.27648,19.57053],[96.27585,19.57107],[96.27612,19.57215],[96.27549,19.57377],[96.27567,19.57511],[96.27603,19.57511]]],[[[96.25627,19.57341],[96.25574,19.57318],[96.25589,19.57494],[96.25751,19.5762],[96.25634,19.57341],[96.25627,19.57341]]],[[[96.28026,19.57813],[96.28107,19.57669],[96.28476,19.57622],[96.28421,19.57516],[96.28268,19.57534],[96.28268,19.57498],[96.28385,19.57426],[96.28404,19.57326],[96.28493,19.57247],[96.28736,19.57112],[96.28736,19.5739],[96.28834,19.57426],[96.28843,19.57256],[96.28915,19.57139],[96.28843,19.57067],[96.28924,19.57004],[96.28951,19.56887],[96.28897,19.56528],[96.28877,19.56717],[96.28825,19.56717],[96.28823,19.56797],[96.28664,19.5677],[96.28661,19.56829],[96.28742,19.56878],[96.28529,19.56986],[96.28421,19.57085],[96.28311,19.57309],[96.28206,19.57336],[96.27996,19.57674],[96.28017,19.57813],[96.28026,19.57813]]],[[[96.25346,19.57925],[96.25445,19.57817],[96.25454,19.57629],[96.25346,19.57692],[96.2531,19.57925],[96.25346,19.57925]]],[[[96.26308,19.57934],[96.26299,19.57638],[96.26191,19.57611],[96.26272,19.57934],[96.26308,19.57934]]],[[[96.28826,19.57936],[96.28934,19.57613],[96.29068,19.57586],[96.2905,19.57514],[96.28879,19.57516],[96.28772,19.57613],[96.28852,19.5773],[96.28799,19.57936],[96.28826,19.57936]]],[[[96.26002,19.58177],[96.26101,19.5815],[96.26083,19.57988],[96.25987,19.57983],[96.25939,19.58141],[96.25849,19.58087],[96.25831,19.5815],[96.25894,19.58177],[96.26002,19.58177]]],[[[96.27747,19.58235],[96.27883,19.58197],[96.27829,19.58118],[96.27855,19.57902],[96.27802,19.57875],[96.27802,19.57748],[96.27856,19.57775],[96.27856,19.57694],[96.27532,19.57956],[96.27487,19.58199],[96.2764,19.58235],[96.27747,19.58235]]],[[[96.1862,19.58446],[96.18701,19.58325],[96.18683,19.58271],[96.18494,19.58347],[96.18494,19.5841],[96.18575,19.58446],[96.1862,19.58446]]],[[[96.24514,19.58448],[96.24558,19.58437],[96.24511,19.58341],[96.24628,19.58329],[96.24649,19.58206],[96.24592,19.58204],[96.24541,19.58307],[96.2454,19.58226],[96.24487,19.58253],[96.2446,19.58152],[96.24394,19.5815],[96.24352,19.58217],[96.24367,19.58419],[96.24397,19.58468],[96.2443,19.58448],[96.24415,19.58486],[96.24601,19.58518],[96.24574,19.58455],[96.24514,19.58468],[96.24514,19.58448]]],[[[96.28341,19.58556],[96.28368,19.58359],[96.28322,19.58316],[96.28286,19.58019],[96.28251,19.58019],[96.28242,19.58172],[96.28095,19.58285],[96.28203,19.58437],[96.2826,19.58422],[96.28313,19.58475],[96.28314,19.58556],[96.28341,19.58556]]],[[[96.25932,19.58608],[96.25975,19.58567],[96.26113,19.58594],[96.26101,19.58338],[96.25885,19.58419],[96.25933,19.58527],[96.25869,19.58608],[96.25932,19.58608]]],[[[96.27262,19.5386],[96.27344,19.53948],[96.27326,19.5386],[96.27478,19.53876],[96.27523,19.53822],[96.27649,19.53815],[96.27685,19.5375],[96.27837,19.5377],[96.27783,19.53644],[96.27703,19.53635],[96.27586,19.53705],[96.27406,19.53671],[96.27209,19.53786],[96.27182,19.53714],[96.27056,19.53626],[96.27119,19.53589],[96.27334,19.53599],[96.27424,19.53519],[96.27568,19.53546],[96.27595,19.53465],[96.27676,19.53429],[96.27783,19.53447],[96.27954,19.53563],[96.27963,19.53303],[96.27882,19.5333],[96.27828,19.5315],[96.27963,19.5315],[96.28062,19.53051],[96.28098,19.52899],[96.2817,19.52845],[96.28089,19.52764],[96.28385,19.528],[96.28529,19.52627],[96.28637,19.52701],[96.28834,19.52719],[96.28996,19.52962],[96.29131,19.52953],[96.29167,19.52908],[96.29257,19.52953],[96.29248,19.52863],[96.29302,19.52872],[96.29311,19.52971],[96.29239,19.52987],[96.29194,19.53068],[96.29095,19.53059],[96.29023,19.5315],[96.29158,19.53159],[96.29185,19.53238],[96.29329,19.53267],[96.294,19.53382],[96.29176,19.53447],[96.29212,19.5359],[96.29257,19.53581],[96.29302,19.53474],[96.29526,19.53519],[96.29392,19.5324],[96.29419,19.52978],[96.295,19.52897],[96.29382,19.52908],[96.29382,19.52827],[96.29293,19.52764],[96.28987,19.52827],[96.29032,19.52719],[96.29131,19.52719],[96.29131,19.52647],[96.28772,19.5262],[96.28637,19.52396],[96.287,19.52171],[96.28574,19.52171],[96.28628,19.52072],[96.28799,19.52063],[96.29095,19.52171],[96.2923,19.52171],[96.29337,19.52243],[96.29364,19.52396],[96.29553,19.52495],[96.29589,19.5236],[96.29481,19.52268],[96.29589,19.52063],[96.29535,19.5192],[96.2958,19.51828],[96.294,19.51893],[96.28987,19.51857],[96.28915,19.51947],[96.28825,19.51911],[96.28816,19.51776],[96.28673,19.5174],[96.28619,19.51641],[96.28538,19.51623],[96.28556,19.51488],[96.28421,19.51408],[96.28367,19.51066],[96.28475,19.50985],[96.28394,19.50967],[96.28349,19.50878],[96.28448,19.50842],[96.28449,19.50563],[96.28538,19.50383],[96.28511,19.50258],[96.28547,19.50168],[96.2852,19.50069],[96.28448,19.50024],[96.28475,19.49961],[96.28555,19.49957],[96.28529,19.50042],[96.28673,19.50006],[96.28754,19.49809],[96.28879,19.49889],[96.2879,19.49898],[96.28799,19.49961],[96.2887,19.49997],[96.28807,19.50096],[96.28736,19.50033],[96.28646,19.50087],[96.28646,19.5015],[96.28736,19.50195],[96.28673,19.5033],[96.28816,19.50383],[96.28888,19.50285],[96.28799,19.50222],[96.28978,19.50078],[96.2905,19.49755],[96.29122,19.49728],[96.29077,19.49566],[96.29023,19.49575],[96.29032,19.49656],[96.28978,19.49674],[96.28852,19.49512],[96.28781,19.49476],[96.28691,19.49503],[96.28655,19.49467],[96.28673,19.49332],[96.28816,19.49297],[96.29122,19.49494],[96.29185,19.49719],[96.29391,19.49701],[96.29463,19.49827],[96.29436,19.49943],[96.29499,19.50006],[96.29509,19.50139],[96.29562,19.50211],[96.29688,19.50033],[96.29607,19.49844],[96.29553,19.49818],[96.29526,19.49629],[96.29365,19.49575],[96.29194,19.49413],[96.28988,19.49413],[96.28933,19.49364],[96.28951,19.49305],[96.28906,19.49337],[96.28825,19.49252],[96.28457,19.49135],[96.28431,19.49151],[96.28565,19.49268],[96.28484,19.49656],[96.2843,19.49692],[96.28421,19.49898],[96.28313,19.49898],[96.28179,19.49997],[96.2808,19.50006],[96.2808,19.49916],[96.28206,19.49925],[96.28116,19.49737],[96.27981,19.49764],[96.28053,19.49827],[96.279,19.49997],[96.27828,19.49961],[96.27792,19.49871],[96.27676,19.49898],[96.27541,19.50186],[96.27451,19.50249],[96.27487,19.50348],[96.2764,19.50365],[96.2764,19.50401],[96.27451,19.50383],[96.27451,19.50473],[96.2754,19.50462],[96.27532,19.50525],[96.27424,19.50599],[96.27317,19.50588],[96.27326,19.5066],[96.27424,19.50626],[96.27469,19.50725],[96.2755,19.50743],[96.27532,19.50833],[96.27613,19.5086],[96.27604,19.5094],[96.27667,19.50949],[96.2764,19.5103],[96.27738,19.51183],[96.27649,19.51399],[96.27649,19.5147],[96.27738,19.51569],[96.27694,19.51623],[96.27712,19.51803],[96.27999,19.51839],[96.28044,19.51704],[96.2808,19.51756],[96.28053,19.52079],[96.27901,19.52223],[96.27909,19.52135],[96.27828,19.52144],[96.27819,19.52234],[96.27595,19.52405],[96.27613,19.52495],[96.27738,19.52432],[96.27738,19.52548],[96.27649,19.52564],[96.27622,19.52647],[96.27667,19.52726],[96.27217,19.52737],[96.27191,19.52827],[96.26948,19.52755],[96.26939,19.52809],[96.27011,19.52863],[96.26822,19.52818],[96.26795,19.53087],[96.26643,19.53427],[96.26678,19.53528],[96.26589,19.53581],[96.26499,19.53878],[96.26472,19.5384],[96.26705,19.52998],[96.26589,19.5298],[96.26553,19.5306],[96.2649,19.53078],[96.2649,19.53168],[96.264,19.53231],[96.26418,19.5333],[96.26274,19.53456],[96.26274,19.53581],[96.26184,19.53635],[96.26175,19.53734],[96.26095,19.53806],[96.26095,19.53941],[96.25996,19.54013],[96.26059,19.54174],[96.25789,19.54228],[96.2569,19.54435],[96.25717,19.54516],[96.25951,19.5455],[96.2596,19.54604],[96.25906,19.5465],[96.25933,19.54729],[96.2587,19.54641],[96.25789,19.54677],[96.25762,19.54606],[96.25717,19.54606],[96.25313,19.54749],[96.25313,19.54812],[96.25529,19.54848],[96.25556,19.54938],[96.25645,19.54974],[96.25574,19.55136],[96.25493,19.55171],[96.25502,19.55306],[96.25439,19.55349],[96.25511,19.55549],[96.2543,19.55576],[96.25403,19.55701],[96.25277,19.55782],[96.25223,19.55881],[96.25322,19.56115],[96.2552,19.56151],[96.25565,19.56438],[96.25502,19.56474],[96.25475,19.56573],[96.25565,19.56636],[96.256,19.5651],[96.25643,19.56623],[96.25852,19.56546],[96.25915,19.55666],[96.26041,19.55234],[96.25915,19.56402],[96.25996,19.56366],[96.26113,19.56393],[96.26272,19.56285],[96.26283,19.56321],[96.26131,19.5642],[96.2605,19.56411],[96.26041,19.56474],[96.25933,19.56519],[96.25924,19.56582],[96.25951,19.56672],[96.26065,19.56627],[96.26173,19.56695],[96.26236,19.56623],[96.26281,19.56641],[96.26281,19.56739],[96.26137,19.56739],[96.26137,19.56802],[96.262,19.56838],[96.26173,19.56919],[96.26328,19.57098],[96.26238,19.57125],[96.2622,19.57071],[96.26137,19.57045],[96.26085,19.57098],[96.26155,19.57206],[96.26236,19.57548],[96.2637,19.57629],[96.26344,19.57782],[96.26397,19.57782],[96.26514,19.57413],[96.26604,19.57359],[96.26496,19.57485],[96.26424,19.57755],[96.26433,19.57898],[96.26263,19.57997],[96.26263,19.58105],[96.2637,19.58222],[96.26326,19.58329],[96.26236,19.58383],[96.26254,19.585],[96.26326,19.58536],[96.26281,19.58608],[96.26308,19.58662],[96.2646,19.58617],[96.26523,19.58662],[96.26938,19.58041],[96.26929,19.57996],[96.26822,19.58005],[96.26811,19.57952],[96.269,19.57898],[96.26909,19.57799],[96.2682,19.57746],[96.26865,19.57602],[96.26802,19.57341],[96.26936,19.57296],[96.26909,19.57202],[96.26945,19.57117],[96.2682,19.57099],[96.26721,19.57225],[96.2664,19.57198],[96.2673,19.57099],[96.26712,19.56955],[96.26658,19.56901],[96.26676,19.56766],[96.26891,19.56748],[96.26918,19.56704],[96.26766,19.56668],[96.26661,19.56429],[96.26562,19.56452],[96.26463,19.56407],[96.26436,19.56267],[96.26346,19.56276],[96.26337,19.5624],[96.26481,19.56088],[96.26526,19.56205],[96.26607,19.56106],[96.26777,19.56223],[96.26786,19.56294],[96.26876,19.56285],[96.26984,19.56205],[96.26966,19.56007],[96.27056,19.55935],[96.27137,19.55935],[96.27092,19.55872],[96.27164,19.558],[96.27226,19.55827],[96.27182,19.55962],[96.27262,19.55998],[96.27307,19.56142],[96.27451,19.56151],[96.27415,19.5624],[96.27298,19.56196],[96.27271,19.56366],[96.27361,19.56393],[96.2746,19.56303],[96.27478,19.56384],[96.27541,19.56384],[96.27532,19.56231],[96.27595,19.5616],[96.27595,19.56544],[96.27433,19.56932],[96.2737,19.5722],[96.2755,19.57139],[96.27577,19.56851],[96.27801,19.56762],[96.27846,19.566],[96.28035,19.56564],[96.28107,19.56339],[96.28215,19.56258],[96.28215,19.56205],[96.28134,19.5616],[96.28053,19.55845],[96.27945,19.55755],[96.27945,19.55666],[96.27828,19.55666],[96.27828,19.55809],[96.27721,19.55782],[96.2781,19.55648],[96.2764,19.55594],[96.27622,19.55522],[96.27694,19.55495],[96.27694,19.5545],[96.27631,19.5545],[96.27631,19.55342],[96.27738,19.55279],[96.27756,19.55064],[96.27936,19.54983],[96.28035,19.54857],[96.28134,19.54848],[96.28143,19.54695],[96.28197,19.54632],[96.28367,19.54641],[96.28376,19.54597],[96.28331,19.54525],[96.27972,19.54336],[96.27963,19.54415],[96.28035,19.54451],[96.28017,19.54507],[96.27891,19.54399],[96.27927,19.54354],[96.27891,19.54291],[96.27837,19.54291],[96.27801,19.54408],[96.27783,19.54282],[96.27577,19.54255],[96.27496,19.54147],[96.27245,19.54004],[96.272,19.53869],[96.27262,19.5384],[96.27262,19.5386]],[[96.26436,19.54076],[96.2622,19.54837],[96.2605,19.55207],[96.26427,19.54076],[96.26436,19.54076]]],[[[96.30799,19.5868],[96.30945,19.58513],[96.30602,19.58419],[96.30676,19.58601],[96.30763,19.5868],[96.30799,19.5868]]],[[[96.26993,19.58899],[96.27038,19.58801],[96.26948,19.58747],[96.27065,19.58792],[96.27065,19.58675],[96.27155,19.58657],[96.27172,19.58535],[96.27146,19.58486],[96.27029,19.58495],[96.27053,19.58177],[96.26948,19.58136],[96.26634,19.58603],[96.26607,19.5872],[96.26652,19.58783],[96.26867,19.58819],[96.26957,19.58899],[96.26993,19.58899]]],[[[96.18386,19.58931],[96.18476,19.58877],[96.18476,19.58832],[96.18341,19.58716],[96.18305,19.58914],[96.18342,19.58931],[96.18386,19.58931]]],[[[96.16455,19.58994],[96.1668,19.58859],[96.16689,19.58747],[96.16509,19.58689],[96.16464,19.58689],[96.16464,19.58733],[96.16303,19.58693],[96.16311,19.58913],[96.1641,19.58994],[96.16455,19.58994]]],[[[96.17767,19.59218],[96.1783,19.59119],[96.17982,19.5911],[96.18045,19.58967],[96.17937,19.58958],[96.17901,19.59056],[96.17812,19.58949],[96.17713,19.59012],[96.17623,19.58994],[96.17605,19.59119],[96.17686,19.59146],[96.17704,19.59218],[96.17767,19.59218]]],[[[96.1721,19.59227],[96.17282,19.59115],[96.1739,19.59115],[96.1739,19.59043],[96.17183,19.58998],[96.17021,19.59047],[96.17004,19.5898],[96.17084,19.5885],[96.17075,19.58774],[96.16877,19.58716],[96.1685,19.58824],[96.16922,19.58908],[96.16886,19.5894],[96.16913,19.59003],[96.16841,19.59029],[96.1685,19.59101],[96.16922,19.59155],[96.17003,19.5911],[96.1703,19.59182],[96.17156,19.59227],[96.1721,19.59227]]],[[[96.15548,19.5947],[96.15656,19.59353],[96.15763,19.59326],[96.15709,19.59237],[96.15611,19.59223],[96.15539,19.59299],[96.15485,19.59272],[96.15485,19.5934],[96.15396,19.59331],[96.15405,19.59403],[96.15503,19.5947],[96.15548,19.5947]]],[[[96.16078,19.59551],[96.16015,19.59416],[96.15934,19.59371],[96.15835,19.59416],[96.15844,19.59317],[96.15781,19.59335],[96.15727,19.59506],[96.16015,19.59551],[96.16078,19.59551]]],[[[96.15099,19.59991],[96.15144,19.59919],[96.15072,19.59883],[96.15081,19.59649],[96.15018,19.59577],[96.1491,19.59559],[96.1491,19.59685],[96.15045,19.59694],[96.15009,19.59874],[96.14928,19.59955],[96.15054,19.59991],[96.15099,19.59991]]],[[[96.25933,19.60022],[96.25969,19.59798],[96.25861,19.59771],[96.25816,19.59942],[96.25879,19.60022],[96.25933,19.60022]]],[[[96.27235,19.6004],[96.27334,19.59924],[96.27891,19.59942],[96.28053,19.5987],[96.28314,19.59886],[96.28484,19.59816],[96.28547,19.59519],[96.28672,19.59353],[96.28646,19.59169],[96.28607,19.59313],[96.28526,19.59358],[96.28475,19.59304],[96.28304,19.59331],[96.28284,19.5939],[96.28365,19.59392],[96.28392,19.59465],[96.2826,19.59465],[96.28257,19.59519],[96.28206,19.59519],[96.28206,19.59447],[96.27721,19.59268],[96.27667,19.59196],[96.27379,19.59214],[96.27155,19.59438],[96.27071,19.59677],[96.27098,19.59821],[96.27227,19.6004],[96.27235,19.6004]]],[[[96.28466,19.60058],[96.28556,19.59942],[96.28529,19.59825],[96.28475,19.59834],[96.28493,19.59924],[96.28448,19.5996],[96.28385,19.59906],[96.28322,19.59924],[96.28313,19.60004],[96.28394,19.60058],[96.28466,19.60058]]],[[[96.1544,19.60134],[96.15476,19.59982],[96.15521,19.6013],[96.1562,19.60103],[96.15674,19.59973],[96.15602,19.59865],[96.15458,19.59865],[96.15305,19.6],[96.15296,19.60063],[96.15368,19.60134],[96.1544,19.60134]]],[[[96.25472,19.60369],[96.25544,19.6027],[96.25535,19.60171],[96.25275,19.60153],[96.25176,19.60063],[96.25275,19.60036],[96.25355,19.60081],[96.25463,19.60009],[96.25526,19.60117],[96.2558,19.60099],[96.25616,19.59866],[96.25553,19.59821],[96.25517,19.59596],[96.256,19.59578],[96.25663,19.59622],[96.25706,19.59398],[96.25589,19.59354],[96.25553,19.59246],[96.25364,19.59282],[96.25149,19.59219],[96.25023,19.59293],[96.24996,19.5921],[96.24936,19.59185],[96.24942,19.59277],[96.24676,19.59374],[96.24682,19.59488],[96.2478,19.59524],[96.24762,19.5965],[96.24825,19.59704],[96.24825,19.59803],[96.24969,19.59884],[96.24951,19.59955],[96.25059,19.60045],[96.25059,19.60162],[96.25122,19.60162],[96.25185,19.60288],[96.25427,19.60369],[96.25472,19.60369]],[[96.25194,19.5992],[96.25041,19.59875],[96.24888,19.59587],[96.24978,19.59614],[96.25014,19.59578],[96.25041,19.59704],[96.2514,19.59749],[96.25176,19.59749],[96.25176,19.59686],[96.25319,19.59632],[96.25337,19.59695],[96.25257,19.59803],[96.25346,19.59928],[96.25301,19.59991],[96.2523,19.59991],[96.25203,19.5992],[96.25194,19.5992]]],[[[96.15836,19.60373],[96.15898,19.60117],[96.15835,19.60054],[96.15943,19.60098],[96.15934,19.59982],[96.1571,19.59986],[96.15746,19.60076],[96.15646,19.60243],[96.15791,19.60373],[96.15836,19.60373]]],[[[96.17362,19.60386],[96.17452,19.60341],[96.17434,19.60224],[96.17291,19.60242],[96.17309,19.60386],[96.17362,19.60386]]],[[[96.11523,19.60404],[96.11541,19.60283],[96.11605,19.60265],[96.1156,19.60166],[96.11417,19.60272],[96.11478,19.60404],[96.11523,19.60404]]],[[[96.16006,19.60436],[96.16078,19.60391],[96.16167,19.60423],[96.16177,19.60337],[96.16275,19.60396],[96.16248,19.60314],[96.16293,19.6026],[96.16204,19.60197],[96.16096,19.60211],[96.16159,19.60279],[96.16024,19.60319],[96.15962,19.60382],[96.1598,19.60436],[96.16006,19.60436]]],[[[96.25706,19.6045],[96.25814,19.60315],[96.25849,19.6036],[96.2593,19.60333],[96.25825,19.60171],[96.25861,19.60148],[96.25825,19.60031],[96.2578,19.60031],[96.25762,19.60139],[96.25697,19.60171],[96.25733,19.60288],[96.25634,19.60324],[96.25661,19.6045],[96.25706,19.6045]]],[[[96.23343,19.60791],[96.23388,19.60746],[96.23352,19.60665],[96.23525,19.60705],[96.2355,19.60494],[96.2346,19.60503],[96.23415,19.60584],[96.23217,19.60593],[96.23226,19.60647],[96.23289,19.60665],[96.23244,19.60692],[96.23289,19.60791],[96.23343,19.60791]]],[[[96.26894,19.60858],[96.27002,19.60732],[96.27002,19.60669],[96.26823,19.60766],[96.26814,19.60685],[96.26679,19.60667],[96.26688,19.6073],[96.26778,19.60757],[96.26751,19.60829],[96.26849,19.60858],[96.26894,19.60858]]],[[[96.15799,19.60863],[96.15871,19.60799],[96.15889,19.60633],[96.15953,19.60525],[96.15764,19.60525],[96.15683,19.60606],[96.15655,19.60728],[96.15763,19.60773],[96.15763,19.60863],[96.15799,19.60863]]],[[[96.26966,19.59392],[96.27101,19.59275],[96.271,19.59156],[96.27173,19.59176],[96.27128,19.59257],[96.2746,19.59068],[96.27646,19.5905],[96.27739,19.59122],[96.28116,19.59196],[96.28017,19.5907],[96.2817,19.59079],[96.28152,19.58989],[96.28242,19.58853],[96.28295,19.5888],[96.28304,19.59115],[96.2835,19.5914],[96.28179,19.59169],[96.28143,19.59214],[96.28296,19.5923],[96.28476,19.59122],[96.28502,19.58953],[96.28385,19.58792],[96.28152,19.5863],[96.27936,19.58226],[96.2773,19.58244],[96.27622,19.58298],[96.27694,19.58484],[96.2764,19.58639],[96.27712,19.58846],[96.27783,19.58819],[96.27801,19.58917],[96.27712,19.58908],[96.27649,19.59032],[96.27504,19.59041],[96.27451,19.59034],[96.27442,19.58953],[96.27326,19.58943],[96.26947,19.59227],[96.26859,19.59464],[96.26571,19.5941],[96.26364,19.59428],[96.26104,19.59616],[96.26032,19.59805],[96.2604,19.59955],[96.26119,19.6022],[96.26104,19.60389],[96.26221,19.60506],[96.26427,19.6057],[96.26526,19.60551],[96.26607,19.60642],[96.26678,19.60579],[96.26966,19.60633],[96.27083,19.60705],[96.27092,19.60804],[96.27182,19.60768],[96.27308,19.60481],[96.2737,19.60525],[96.27253,19.60705],[96.27208,19.60885],[96.27128,19.60948],[96.26903,19.60975],[96.26849,19.60903],[96.26364,19.60885],[96.26364,19.60921],[96.26598,19.61036],[96.26957,19.61143],[96.2702,19.61116],[96.27029,19.61037],[96.2676,19.60973],[96.26858,19.60955],[96.26984,19.61009],[96.27317,19.60982],[96.27398,19.60847],[96.27398,19.60712],[96.27451,19.60676],[96.27397,19.60418],[96.27298,19.60247],[96.27047,19.60085],[96.26849,19.59789],[96.26787,19.59967],[96.26921,19.60193],[96.27002,19.60236],[96.27056,19.60328],[96.27029,19.60409],[96.27074,19.60409],[96.27137,19.60516],[96.26625,19.60409],[96.26562,19.60292],[96.26454,19.60281],[96.26508,19.60202],[96.26454,19.60148],[96.26382,19.60092],[96.26301,19.60121],[96.26337,19.60049],[96.26266,19.59877],[96.26364,19.59897],[96.26382,19.59825],[96.26247,19.59715],[96.2631,19.59681],[96.26328,19.59546],[96.264,19.59526],[96.26418,19.59699],[96.26463,19.5974],[96.26445,19.5985],[96.26544,19.59834],[96.26562,19.59715],[96.26616,19.59742],[96.2658,19.59897],[96.26508,19.59967],[96.26517,19.60021],[96.26598,19.60058],[96.26652,19.59924],[96.26714,19.59888],[96.26643,19.59636],[96.26714,19.59744],[96.26759,19.59744],[96.26769,19.59598],[96.26912,19.59526],[96.26966,19.59419],[96.26966,19.59392]]],[[[96.24189,19.61186],[96.24172,19.60867],[96.24028,19.60673],[96.23999,19.60746],[96.24107,19.6084],[96.24028,19.60903],[96.24001,19.61037],[96.24055,19.6106],[96.24107,19.61009],[96.24107,19.61114],[96.24161,19.61116],[96.24125,19.6115],[96.24162,19.61186],[96.24189,19.61186]]],[[[96.25472,19.61258],[96.25553,19.61213],[96.25553,19.61114],[96.25409,19.61078],[96.25391,19.61177],[96.25436,19.61258],[96.25472,19.61258]]],[[[96.11893,19.6126],[96.12027,19.611],[96.12,19.60948],[96.11955,19.60948],[96.11955,19.61002],[96.12009,19.61055],[96.11812,19.6117],[96.11839,19.6126],[96.11893,19.6126]]],[[[96.16983,19.61474],[96.17064,19.61357],[96.17055,19.61267],[96.16931,19.61365],[96.1692,19.61303],[96.16866,19.61312],[96.16841,19.61419],[96.16922,19.61384],[96.16938,19.61474],[96.16983,19.61474]]],[[[96.25544,19.61743],[96.25553,19.61321],[96.25337,19.61267],[96.25319,19.61357],[96.25382,19.61393],[96.25391,19.61501],[96.25481,19.61581],[96.25499,19.61743],[96.25544,19.61743]]],[[[96.24092,19.62078],[96.24307,19.62015],[96.24478,19.61862],[96.24496,19.61781],[96.24619,19.61716],[96.24619,19.61644],[96.24478,19.6162],[96.24487,19.61709],[96.24349,19.61882],[96.24092,19.62042],[96.24092,19.62078]]],[[[96.29068,19.62457],[96.28996,19.623],[96.29122,19.62223],[96.29122,19.62169],[96.2896,19.62192],[96.2894,19.61914],[96.28879,19.6181],[96.28868,19.62111],[96.29059,19.62457],[96.29068,19.62457]]],[[[96.24092,19.62078],[96.23993,19.62114],[96.24002,19.62167],[96.23939,19.62159],[96.23723,19.62464],[96.23687,19.6259],[96.2375,19.62572],[96.23777,19.62473],[96.24092,19.62114],[96.24092,19.62078]]],[[[96.16196,19.62886],[96.16231,19.62834],[96.16203,19.62732],[96.1614,19.62651],[96.16086,19.62651],[96.16078,19.62847],[96.16169,19.62886],[96.16196,19.62886]]],[[[96.29416,19.62758],[96.29661,19.62942],[96.29544,19.6261],[96.29409,19.62592],[96.29335,19.62731],[96.2941,19.62758],[96.29416,19.62758]]],[[[96.29823,19.63407],[96.29679,19.63436],[96.29643,19.63497],[96.29544,19.63454],[96.29266,19.63508],[96.29634,19.63533],[96.29823,19.63434],[96.29823,19.63407]]],[[[96.30398,19.63544],[96.30568,19.63463],[96.30559,19.63346],[96.30631,19.63229],[96.30559,19.63023],[96.30559,19.62906],[96.30613,19.62825],[96.30568,19.62619],[96.30703,19.62223],[96.30694,19.61846],[96.30631,19.61576],[96.30577,19.61576],[96.30577,19.61747],[96.30541,19.61774],[96.30512,19.61424],[96.30577,19.61343],[96.3055,19.6119],[96.30685,19.61154],[96.30763,19.60908],[96.307,19.60809],[96.30772,19.60701],[96.30694,19.6071],[96.30676,19.60651],[96.30595,19.60633],[96.30694,19.60579],[96.30649,19.60382],[96.30703,19.60346],[96.30595,19.6013],[96.307,19.60153],[96.30736,19.60108],[96.30871,19.60108],[96.30907,19.60045],[96.30667,19.60049],[96.30739,19.59884],[96.30808,19.59884],[96.30799,19.5983],[96.3073,19.59825],[96.30721,19.59717],[96.30844,19.59686],[96.30853,19.59632],[96.30721,19.59609],[96.30784,19.59546],[96.30667,19.59394],[96.30655,19.59111],[96.30532,19.59095],[96.30505,19.58998],[96.3055,19.5898],[96.3055,19.5907],[96.30694,19.59061],[96.307,19.59012],[96.30622,19.58962],[96.30757,19.58882],[96.30757,19.58828],[96.30478,19.58396],[96.30272,19.58361],[96.30398,19.58325],[96.30371,19.58235],[96.30442,19.5819],[96.30442,19.58109],[96.3038,19.58046],[96.30442,19.57983],[96.30353,19.57956],[96.3029,19.58037],[96.30335,19.57929],[96.3029,19.57795],[96.30218,19.57741],[96.30254,19.57714],[96.30227,19.5757],[96.30389,19.57516],[96.30487,19.573],[96.30469,19.57139],[96.30712,19.56896],[96.30604,19.56681],[96.30595,19.56564],[96.30784,19.56339],[96.30802,19.56124],[96.30847,19.56214],[96.30928,19.56196],[96.31062,19.54767],[96.31188,19.54201],[96.31161,19.54083],[96.31062,19.54092],[96.31179,19.54013],[96.3117,19.5324],[96.31529,19.5227],[96.3152,19.51938],[96.31466,19.51893],[96.31475,19.51776],[96.31386,19.51686],[96.31538,19.51686],[96.31601,19.51578],[96.31745,19.51551],[96.31835,19.5112],[96.31781,19.51066],[96.31799,19.50949],[96.31484,19.50644],[96.31672,19.50722],[96.31601,19.5056],[96.31646,19.50336],[96.31484,19.50282],[96.31421,19.50183],[96.31269,19.50096],[96.31224,19.50039],[96.31241,19.49941],[96.30901,19.49961],[96.30801,19.49887],[96.30811,19.49997],[96.30559,19.49737],[96.30469,19.49737],[96.30478,19.49665],[96.30424,19.49602],[96.30371,19.49602],[96.30424,19.49782],[96.30299,19.49737],[96.30254,19.49512],[96.30173,19.49548],[96.30191,19.49692],[96.29984,19.49656],[96.29688,19.49521],[96.29768,19.49609],[96.29741,19.49814],[96.29822,19.49932],[96.29823,19.50446],[96.29876,19.50348],[96.29868,19.50193],[96.30218,19.50374],[96.30218,19.50446],[96.30362,19.50464],[96.30389,19.50527],[96.30533,19.50419],[96.30667,19.50437],[96.30676,19.50543],[96.30586,19.50527],[96.3046,19.50599],[96.3038,19.50815],[96.30442,19.50887],[96.30353,19.51226],[96.30407,19.51334],[96.30541,19.51399],[96.30711,19.51376],[96.30766,19.51497],[96.30739,19.51533],[96.30676,19.51434],[96.30613,19.51434],[96.3064,19.51567],[96.30577,19.51623],[96.30451,19.51605],[96.30442,19.5165],[96.30622,19.51731],[96.30667,19.51704],[96.30649,19.51623],[96.30694,19.51695],[96.30847,19.51632],[96.30865,19.51693],[96.30793,19.51821],[96.30883,19.5183],[96.30919,19.51911],[96.30784,19.52045],[96.30739,19.52196],[96.30658,19.52225],[96.30667,19.52313],[96.30559,19.52315],[96.30496,19.52486],[96.30326,19.52539],[96.30452,19.52699],[96.30398,19.52773],[96.30281,19.52762],[96.302,19.53014],[96.30218,19.53112],[96.30119,19.53267],[96.30056,19.53321],[96.29948,19.53321],[96.30002,19.53447],[96.29993,19.5359],[96.302,19.53402],[96.30245,19.5342],[96.30272,19.5358],[96.30478,19.53824],[96.30514,19.54058],[96.30667,19.54201],[96.30451,19.54579],[96.30398,19.54543],[96.30523,19.54363],[96.3055,19.54165],[96.30299,19.54273],[96.30218,19.54435],[96.30218,19.54606],[96.30433,19.54722],[96.30424,19.55118],[96.30308,19.55216],[96.30236,19.55171],[96.30191,19.55225],[96.2976,19.55252],[96.29688,19.55198],[96.29733,19.54974],[96.29643,19.55028],[96.29553,19.5501],[96.29535,19.55046],[96.29625,19.55118],[96.29643,19.55225],[96.29499,19.55189],[96.29508,19.55349],[96.2932,19.55459],[96.2941,19.55583],[96.2958,19.55583],[96.29589,19.55684],[96.29517,19.55701],[96.29508,19.55755],[96.29652,19.55728],[96.29778,19.55854],[96.29876,19.56061],[96.29778,19.56438],[96.29733,19.56474],[96.29787,19.56625],[96.29598,19.56582],[96.29553,19.56663],[96.29634,19.56663],[96.29643,19.56717],[96.29562,19.56833],[96.2932,19.56824],[96.29382,19.56883],[96.29292,19.56919],[96.29274,19.57036],[96.29355,19.57108],[96.2931,19.57215],[96.29427,19.57243],[96.29355,19.57309],[96.29462,19.57498],[96.29445,19.57583],[96.29373,19.57592],[96.29373,19.57646],[96.29418,19.57655],[96.294,19.57732],[96.29311,19.57741],[96.29355,19.57875],[96.29266,19.58208],[96.29077,19.58383],[96.29059,19.58298],[96.28969,19.58334],[96.28994,19.58401],[96.28915,19.58508],[96.29023,19.58535],[96.29041,19.58482],[96.2905,19.58547],[96.28933,19.58558],[96.28834,19.58666],[96.28897,19.58801],[96.28942,19.58801],[96.28952,19.58736],[96.28994,19.58851],[96.29086,19.58837],[96.28996,19.5898],[96.28969,19.58891],[96.28924,19.58891],[96.28906,19.58989],[96.28799,19.59034],[96.28799,19.59079],[96.28951,19.59142],[96.28924,19.59232],[96.28996,19.59241],[96.29032,19.59169],[96.29086,19.59266],[96.29131,19.59266],[96.29203,19.59169],[96.29284,19.59187],[96.29176,19.59302],[96.29092,19.59318],[96.29068,19.59385],[96.28996,19.59322],[96.28933,19.59331],[96.28942,19.59483],[96.29086,19.59483],[96.29122,19.59573],[96.29067,19.59524],[96.28996,19.59542],[96.29032,19.596],[96.28906,19.59888],[96.28924,19.5996],[96.28843,19.60013],[96.28861,19.60094],[96.28745,19.60265],[96.28691,19.60263],[96.28673,19.60193],[96.2852,19.60265],[96.28401,19.60207],[96.28322,19.60103],[96.28233,19.60119],[96.28098,19.59995],[96.27954,19.60317],[96.28062,19.60364],[96.28125,19.60229],[96.28125,19.60292],[96.28197,19.60319],[96.28125,19.6038],[96.28143,19.60506],[96.28062,19.60515],[96.28026,19.60588],[96.27792,19.60427],[96.27828,19.60534],[96.27712,19.60604],[96.27703,19.60678],[96.27855,19.6075],[96.27747,19.60849],[96.27738,19.6075],[96.27676,19.60759],[96.27622,19.60705],[96.27667,19.60597],[96.27541,19.60597],[96.27514,19.60939],[96.27173,19.61154],[96.27125,19.61294],[96.27179,19.6151],[96.27272,19.61602],[96.27424,19.61655],[96.2746,19.6163],[96.27559,19.61682],[96.27613,19.61621],[96.27667,19.61655],[96.27937,19.61521],[96.27963,19.61469],[96.27765,19.61575],[96.27712,19.61505],[96.27622,19.61505],[96.27676,19.61469],[96.27667,19.61361],[96.27478,19.61002],[96.27738,19.60858],[96.27685,19.61027],[96.27793,19.61009],[96.27981,19.61172],[96.28062,19.61296],[96.28152,19.61341],[96.28116,19.61431],[96.28395,19.61413],[96.28331,19.61316],[96.28376,19.61217],[96.28304,19.611],[96.28296,19.60982],[96.2834,19.60894],[96.28502,19.60822],[96.2844,19.61305],[96.2852,19.6135],[96.2852,19.61404],[96.28422,19.6144],[96.28529,19.61467],[96.28718,19.61628],[96.28754,19.61487],[96.28799,19.61566],[96.28915,19.61539],[96.28915,19.61602],[96.28807,19.61612],[96.28772,19.61675],[96.28825,19.61747],[96.28906,19.61756],[96.28997,19.61675],[96.29059,19.61711],[96.29086,19.61639],[96.29272,19.61698],[96.29481,19.61666],[96.29517,19.61729],[96.29571,19.61729],[96.29535,19.61397],[96.29661,19.6128],[96.29679,19.61377],[96.29607,19.61603],[96.29658,19.61707],[96.29742,19.61738],[96.29757,19.61671],[96.29796,19.61734],[96.29697,19.61882],[96.29742,19.619],[96.29787,19.6181],[96.29829,19.61842],[96.29811,19.62022],[96.29847,19.62031],[96.2993,19.61797],[96.3002,19.61761],[96.30092,19.61837],[96.30074,19.61914],[96.29955,19.61941],[96.29973,19.62075],[96.29892,19.6204],[96.29787,19.6208],[96.29787,19.62133],[96.29919,19.62291],[96.29964,19.62579],[96.30107,19.62579],[96.30109,19.62681],[96.30038,19.62735],[96.30308,19.63229],[96.30353,19.63544],[96.30398,19.63544]],[[96.30757,19.53492],[96.30936,19.53123],[96.30928,19.53051],[96.31062,19.52899],[96.31107,19.52764],[96.31098,19.52888],[96.31,19.53014],[96.30811,19.53519],[96.30766,19.53492],[96.30757,19.53492]],[[96.30605,19.51199],[96.30738,19.51273],[96.30658,19.51273],[96.30684,19.51327],[96.30551,19.51354],[96.30497,19.51327],[96.30496,19.51246],[96.30416,19.51273],[96.30389,19.51145],[96.30443,19.51199],[96.30605,19.51226],[96.30605,19.51199]],[[96.30927,19.5093],[96.30873,19.51003],[96.30739,19.51003],[96.30685,19.50869],[96.30605,19.50869],[96.30605,19.50795],[96.30658,19.50795],[96.30658,19.50714],[96.30738,19.50714],[96.30765,19.50761],[96.30712,19.50761],[96.30711,19.50848],[96.30793,19.50903],[96.30793,19.50849],[96.30847,19.50849],[96.30874,19.50768],[96.30954,19.50741],[96.30981,19.50788],[96.30928,19.50788],[96.30954,19.50869],[96.30901,19.50869],[96.30901,19.5093],[96.30927,19.5093]],[[96.31116,19.50525],[96.30955,19.50545],[96.30981,19.50437],[96.30928,19.50437],[96.30901,19.50357],[96.30901,19.5031],[96.30955,19.50337],[96.30954,19.50276],[96.30901,19.50229],[96.31017,19.50186],[96.30901,19.5006],[96.31053,19.50177],[96.31116,19.50175],[96.31071,19.50204],[96.31233,19.50355],[96.31197,19.50365],[96.31062,19.50213],[96.31008,19.50222],[96.31008,19.50309],[96.31089,19.5031],[96.31008,19.5033],[96.31009,19.50525],[96.31116,19.50525]],[[96.30676,19.50042],[96.30757,19.5006],[96.30766,19.5015],[96.30748,19.50204],[96.30721,19.50157],[96.30685,19.50204],[96.30694,19.50374],[96.30658,19.50276],[96.30578,19.50276],[96.30578,19.50202],[96.30631,19.50202],[96.30631,19.5006],[96.30523,19.49934],[96.30227,19.49871],[96.30048,19.49907],[96.3003,19.4987],[96.30119,19.49825],[96.30335,19.49825],[96.30461,19.49879],[96.30514,19.49782],[96.30667,19.50042],[96.30676,19.50042]]],[[[96.30451,19.63714],[96.30478,19.63625],[96.30613,19.63553],[96.30613,19.63508],[96.30371,19.63598],[96.30406,19.63714],[96.30451,19.63714]]],[[[96.25643,19.63926],[96.25724,19.63791],[96.25679,19.63737],[96.25679,19.63612],[96.2558,19.63558],[96.25634,19.6345],[96.25535,19.62803],[96.25391,19.62785],[96.25526,19.62767],[96.25538,19.6261],[96.25535,19.62273],[96.25472,19.62174],[96.25472,19.62087],[96.25544,19.62075],[96.25535,19.61914],[96.25427,19.61887],[96.25373,19.61977],[96.25481,19.61977],[96.25466,19.62084],[96.25373,19.62075],[96.25373,19.61995],[96.25292,19.61986],[96.25221,19.6212],[96.25185,19.62075],[96.25113,19.62102],[96.25026,19.62428],[96.25032,19.62663],[96.2496,19.62722],[96.24969,19.62911],[96.25032,19.63037],[96.25023,19.63171],[96.25104,19.63171],[96.2514,19.63261],[96.25149,19.6345],[96.25239,19.63513],[96.25328,19.63746],[96.25436,19.63737],[96.2558,19.63926],[96.25643,19.63926]]],[[[96.23975,19.63939],[96.24082,19.63822],[96.2401,19.63723],[96.23903,19.63758],[96.23921,19.63939],[96.23975,19.63939]]],[[[96.21981,19.64144],[96.22195,19.6389],[96.2215,19.63809],[96.22033,19.63818],[96.22033,19.6398],[96.21952,19.64025],[96.21936,19.64144],[96.21981,19.64144]]],[[[96.28421,19.64047],[96.28161,19.64011],[96.27963,19.63867],[96.27919,19.6391],[96.27954,19.64038],[96.28098,19.64029],[96.2817,19.64092],[96.28161,19.64164],[96.28302,19.64244],[96.28358,19.642],[96.28251,19.64155],[96.28242,19.64065],[96.28403,19.64047],[96.28421,19.64047]]],[[[96.14964,19.64348],[96.1508,19.6434],[96.15026,19.64187],[96.15342,19.64108],[96.15333,19.64027],[96.15242,19.63971],[96.1517,19.64016],[96.15143,19.63935],[96.14838,19.6397],[96.14793,19.6416],[96.1491,19.64187],[96.14865,19.64232],[96.14901,19.64286],[96.14874,19.64348],[96.14964,19.64348]]],[[[96.12646,19.64582],[96.12673,19.6451],[96.1261,19.64492],[96.12619,19.64402],[96.12539,19.64386],[96.12493,19.64447],[96.12574,19.64582],[96.12646,19.64582]]],[[[96.11982,19.6464],[96.11945,19.6451],[96.12009,19.64395],[96.11911,19.64377],[96.11864,19.64591],[96.11946,19.6464],[96.11982,19.6464]]],[[[96.23723,19.64674],[96.23768,19.64431],[96.2367,19.64377],[96.23732,19.64316],[96.23732,19.642],[96.23678,19.642],[96.23669,19.6428],[96.23607,19.64243],[96.23481,19.6435],[96.23481,19.64413],[96.23535,19.64422],[96.23589,19.64359],[96.23634,19.64449],[96.23714,19.64476],[96.23634,19.64602],[96.23571,19.64611],[96.23607,19.64674],[96.23723,19.64674]]],[[[96.22456,19.64887],[96.22537,19.64963],[96.2268,19.64931],[96.22671,19.64834],[96.22563,19.64782],[96.22482,19.64645],[96.2251,19.64554],[96.22322,19.64527],[96.22304,19.64433],[96.22259,19.64442],[96.22259,19.645],[96.2215,19.64492],[96.22079,19.64581],[96.21952,19.64609],[96.21971,19.64671],[96.22132,19.64707],[96.22178,19.64792],[96.22286,19.64837],[96.22331,19.64828],[96.22304,19.64635],[96.22331,19.64674],[96.22411,19.64663],[96.22384,19.64878],[96.22447,19.64887],[96.22456,19.64887]]],[[[96.15573,19.65013],[96.15779,19.64878],[96.15896,19.64645],[96.1597,19.646],[96.15925,19.64322],[96.15808,19.64375],[96.15835,19.64447],[96.15761,19.64564],[96.1577,19.64699],[96.1551,19.64833],[96.15411,19.64959],[96.15339,19.64959],[96.15348,19.65004],[96.1542,19.65013],[96.15573,19.65013]]],[[[96.29499,19.63634],[96.29239,19.63625],[96.29203,19.63679],[96.29167,19.63616],[96.29032,19.63661],[96.29032,19.63598],[96.28897,19.63589],[96.28951,19.63634],[96.28879,19.63652],[96.28816,19.63607],[96.28897,19.6358],[96.28799,19.6358],[96.28313,19.63696],[96.28403,19.63804],[96.28511,19.63775],[96.28484,19.63856],[96.28403,19.6384],[96.28368,19.63937],[96.28601,19.64],[96.28646,19.64072],[96.28673,19.64011],[96.28754,19.63993],[96.28763,19.63921],[96.28799,19.6393],[96.28772,19.64074],[96.287,19.64092],[96.28751,19.64325],[96.28715,19.64411],[96.28742,19.64505],[96.28691,19.64559],[96.28782,19.64685],[96.2879,19.64595],[96.28915,19.64514],[96.28897,19.64361],[96.28808,19.64288],[96.28772,19.64169],[96.28843,19.64083],[96.28852,19.63939],[96.28996,19.63912],[96.29023,19.63831],[96.29212,19.63822],[96.2914,19.64099],[96.29032,19.64126],[96.29023,19.642],[96.29257,19.64271],[96.2923,19.64119],[96.29311,19.6409],[96.29329,19.64135],[96.29266,19.64235],[96.29293,19.64397],[96.29221,19.64415],[96.29239,19.6428],[96.29131,19.64298],[96.29113,19.64397],[96.29005,19.64487],[96.29346,19.64512],[96.29409,19.64927],[96.29337,19.65017],[96.29373,19.65062],[96.29445,19.65035],[96.29454,19.65105],[96.2967,19.64997],[96.29661,19.64891],[96.29733,19.64819],[96.29742,19.64658],[96.29877,19.64469],[96.29967,19.64415],[96.30083,19.64433],[96.30119,19.64388],[96.30326,19.64406],[96.30317,19.6428],[96.30389,19.64227],[96.30398,19.64137],[96.30254,19.64056],[96.30433,19.6402],[96.30424,19.63813],[96.30272,19.63679],[96.30128,19.63759],[96.2985,19.63768],[96.29796,19.63838],[96.29526,19.63849],[96.29391,19.64092],[96.29364,19.64011],[96.29454,19.63858],[96.2967,19.63786],[96.2967,19.63741],[96.29562,19.63723],[96.29562,19.63616],[96.29508,19.63634],[96.29499,19.63634]]],[[[96.22178,19.65141],[96.22187,19.6503],[96.22277,19.65024],[96.22295,19.64918],[96.21999,19.64979],[96.22008,19.65033],[96.22106,19.6503],[96.22142,19.65141],[96.22178,19.65141]]],[[[96.16239,19.65247],[96.16266,19.65202],[96.16356,19.65238],[96.16347,19.65166],[96.16248,19.65058],[96.16095,19.65013],[96.16077,19.65076],[96.16131,19.65175],[96.16051,19.65193],[96.16042,19.65247],[96.16194,19.65247],[96.16239,19.65247]]],[[[96.17281,19.654],[96.17326,19.65256],[96.17146,19.65256],[96.17146,19.6531],[96.17218,19.65328],[96.17245,19.654],[96.17281,19.654]]],[[[96.17946,19.65444],[96.17946,19.65328],[96.18162,19.65391],[96.18171,19.65247],[96.18242,19.65238],[96.18224,19.6513],[96.18099,19.65231],[96.18046,19.65202],[96.18126,19.65139],[96.18072,19.65076],[96.18072,19.64941],[96.18009,19.64941],[96.18045,19.65112],[96.17901,19.64995],[96.17811,19.65067],[96.1782,19.65229],[96.1773,19.65184],[96.17748,19.65112],[96.17685,19.65094],[96.17524,19.65238],[96.17524,19.65364],[96.17667,19.65283],[96.17739,19.65337],[96.17712,19.654],[96.17865,19.65444],[96.17946,19.65444]]],[[[96.15294,19.65516],[96.15366,19.65426],[96.15689,19.65417],[96.15797,19.6539],[96.15842,19.65327],[96.15851,19.65408],[96.15905,19.65417],[96.15959,19.65148],[96.15914,19.65067],[96.15934,19.64941],[96.15869,19.64941],[96.15824,19.65022],[96.15672,19.65103],[96.15483,19.65148],[96.15483,19.65238],[96.1533,19.65256],[96.15321,19.65354],[96.15276,19.65381],[96.15312,19.65444],[96.1524,19.65471],[96.15249,19.65516],[96.15294,19.65516]]],[[[96.18772,19.65525],[96.18836,19.6543],[96.18799,19.65376],[96.18844,19.65337],[96.18817,19.6522],[96.18674,19.65301],[96.18575,19.65301],[96.18611,19.65373],[96.18692,19.65337],[96.18647,19.65426],[96.18745,19.65525],[96.18772,19.65525]]],[[[96.16489,19.65606],[96.16525,19.65561],[96.16615,19.6557],[96.16679,19.6548],[96.16552,19.65435],[96.16579,19.65345],[96.16426,19.65318],[96.16264,19.65363],[96.15977,19.65282],[96.15977,19.65372],[96.16059,19.65453],[96.16336,19.6548],[96.16309,19.65588],[96.1639,19.65597],[96.16435,19.65552],[96.16453,19.65606],[96.16489,19.65606]]],[[[96.17048,19.6566],[96.17057,19.6557],[96.16985,19.65534],[96.16841,19.65516],[96.16769,19.6557],[96.16814,19.65633],[96.1694,19.6566],[96.16985,19.65606],[96.17012,19.6566],[96.17048,19.6566]]],[[[96.28888,19.65714],[96.29058,19.65493],[96.29059,19.65385],[96.29158,19.65358],[96.29364,19.65178],[96.29346,19.6508],[96.29149,19.65188],[96.29167,19.65258],[96.28925,19.65365],[96.28862,19.65473],[96.28772,19.65502],[96.28772,19.65556],[96.28888,19.65673],[96.28888,19.65714]]],[[[96.18781,19.65795],[96.1879,19.6575],[96.18683,19.65651],[96.18566,19.65642],[96.1853,19.65525],[96.18404,19.65543],[96.18431,19.65651],[96.18512,19.65705],[96.18503,19.65795],[96.18666,19.65759],[96.18727,19.65795],[96.18781,19.65795]]],[[[96.19177,19.65939],[96.19249,19.65822],[96.19392,19.65831],[96.19455,19.65786],[96.19491,19.65849],[96.19545,19.65849],[96.19545,19.65777],[96.19329,19.65705],[96.19087,19.65741],[96.19024,19.65858],[96.19123,19.65849],[96.19141,19.65939],[96.19177,19.65939]]],[[[96.17685,19.66001],[96.17785,19.6587],[96.17768,19.65725],[96.17668,19.65727],[96.17587,19.65822],[96.17596,19.65965],[96.17641,19.66001],[96.17685,19.66001]]],[[[96.21514,19.66003],[96.21567,19.65949],[96.21567,19.65851],[96.21666,19.65833],[96.21666,19.6577],[96.21567,19.65779],[96.21487,19.65725],[96.21451,19.65824],[96.21487,19.66003],[96.21514,19.66003]]],[[[96.15258,19.66046],[96.15447,19.65965],[96.1551,19.65875],[96.15618,19.65902],[96.15618,19.65857],[96.15573,19.65821],[96.15366,19.65839],[96.15177,19.65965],[96.15213,19.66046],[96.15258,19.66046]]],[[[96.1782,19.66055],[96.17874,19.66001],[96.17973,19.66019],[96.18027,19.65956],[96.18144,19.65992],[96.18189,19.65893],[96.18,19.65831],[96.17847,19.65867],[96.17766,19.65983],[96.17784,19.66055],[96.1782,19.66055]]],[[[96.25885,19.66154],[96.2593,19.661],[96.26011,19.66145],[96.26056,19.66145],[96.26056,19.66104],[96.26236,19.66145],[96.26292,19.66014],[96.25996,19.65843],[96.25814,19.64721],[96.25796,19.64204],[96.25715,19.64151],[96.25589,19.64564],[96.25643,19.64618],[96.25625,19.64717],[96.25672,19.64734],[96.25625,19.64761],[96.25643,19.64842],[96.25796,19.64887],[96.25769,19.64995],[96.25645,19.65035],[96.25645,19.65089],[96.25724,19.65112],[96.25805,19.65067],[96.25751,19.65121],[96.25751,19.65202],[96.25805,19.65211],[96.25834,19.65408],[96.25751,19.65462],[96.25697,19.6539],[96.25598,19.65471],[96.25634,19.65633],[96.25571,19.65741],[96.25654,19.65852],[96.25733,19.65777],[96.25814,19.65812],[96.25733,19.65857],[96.25733,19.65902],[96.25822,19.65947],[96.25778,19.66037],[96.25831,19.66154],[96.25885,19.66154]]],[[[96.17506,19.66172],[96.17578,19.6601],[96.17488,19.65876],[96.17434,19.65885],[96.17416,19.66046],[96.17353,19.66082],[96.17443,19.66172],[96.17506,19.66172]]],[[[96.2499,19.66257],[96.24998,19.661],[96.24936,19.66104],[96.24936,19.6605],[96.24782,19.66055],[96.24774,19.6612],[96.24909,19.66147],[96.24873,19.6621],[96.24963,19.66257],[96.2499,19.66257]]],[[[96.15522,19.66318],[96.15539,19.66199],[96.15692,19.66156],[96.15718,19.661],[96.15791,19.66111],[96.15781,19.66028],[96.15682,19.66055],[96.15664,19.65992],[96.1561,19.65992],[96.15459,19.66181],[96.15413,19.66181],[96.15441,19.66318],[96.15522,19.66318]]],[[[96.23595,19.66405],[96.23595,19.66235],[96.23424,19.66199],[96.23397,19.66342],[96.23523,19.66405],[96.23595,19.66405]]],[[[96.25808,19.66434],[96.25959,19.66379],[96.2596,19.66221],[96.25842,19.66235],[96.25824,19.66343],[96.25752,19.6637],[96.25772,19.66434],[96.25808,19.66434]]],[[[96.29041,19.62653],[96.28808,19.62304],[96.28745,19.61882],[96.28718,19.62284],[96.28583,19.62286],[96.28565,19.62151],[96.2852,19.62151],[96.28448,19.62259],[96.28394,19.62097],[96.28224,19.62044],[96.28466,19.62035],[96.28484,19.6199],[96.28376,19.61963],[96.28322,19.61828],[96.28233,19.61819],[96.28268,19.61702],[96.28215,19.61646],[96.28107,19.61684],[96.28116,19.61594],[96.28152,19.61559],[96.28161,19.6163],[96.28215,19.61639],[96.28314,19.61567],[96.28556,19.61655],[96.2852,19.61576],[96.28385,19.61532],[96.28125,19.6155],[96.27963,19.61594],[96.27783,19.61729],[96.27754,19.61801],[96.27604,19.6181],[96.27855,19.619],[96.27882,19.61981],[96.27981,19.61936],[96.28017,19.61981],[96.27981,19.62102],[96.27918,19.62026],[96.27658,19.61936],[96.27505,19.61792],[96.2738,19.61783],[96.27191,19.61639],[96.27128,19.61693],[96.27128,19.61738],[96.27182,19.61752],[96.27128,19.61918],[96.27029,19.6155],[96.27155,19.61603],[96.27029,19.61451],[96.26983,19.61195],[96.26921,19.61352],[96.26983,19.61361],[96.26984,19.61424],[96.26741,19.61451],[96.26678,19.61397],[96.26804,19.61388],[96.26822,19.61307],[96.26571,19.61307],[96.26415,19.61186],[96.26202,19.61168],[96.26139,19.60948],[96.25861,19.60921],[96.25753,19.6102],[96.25627,19.61046],[96.25592,19.61125],[96.25592,19.61862],[96.25645,19.62008],[96.256,19.6208],[96.25807,19.62349],[96.25933,19.62385],[96.25822,19.62453],[96.25589,19.62318],[96.25565,19.62663],[96.25652,19.62668],[96.25787,19.62507],[96.25798,19.62686],[96.2576,19.62668],[96.25706,19.62758],[96.25753,19.62843],[96.25618,19.62825],[96.256,19.62897],[96.256,19.62978],[96.25697,19.63126],[96.25769,19.63153],[96.25796,19.63243],[96.2576,19.63378],[96.25688,19.63414],[96.25751,19.63522],[96.25751,19.63692],[96.25969,19.63696],[96.2605,19.63768],[96.26247,19.63813],[96.26669,19.63696],[96.26768,19.63589],[96.26894,19.63616],[96.26607,19.63786],[96.26505,19.64034],[96.26436,19.63867],[96.26346,19.63876],[96.26364,19.63957],[96.26256,19.63966],[96.26211,19.6402],[96.2602,19.63908],[96.25825,19.63966],[96.25834,19.64029],[96.25921,19.64007],[96.25939,19.64227],[96.25861,19.64442],[96.25897,19.65026],[96.25978,19.65089],[96.2596,19.65197],[96.26095,19.6526],[96.26005,19.65251],[96.25975,19.65318],[96.26011,19.65354],[96.25987,19.65457],[96.26056,19.65678],[96.2604,19.65759],[96.26101,19.65875],[96.26301,19.65933],[96.26346,19.65861],[96.26391,19.6587],[96.26346,19.65915],[96.26391,19.66005],[96.26705,19.66086],[96.26795,19.66167],[96.26885,19.66149],[96.27227,19.66452],[96.27304,19.66403],[96.27613,19.65102],[96.27618,19.64828],[96.27523,19.64712],[96.27424,19.64451],[96.2743,19.64209],[96.27547,19.6407],[96.27487,19.63903],[96.27559,19.63894],[96.27523,19.63813],[96.2755,19.6367],[96.27747,19.63499],[96.27754,19.63391],[96.279,19.63382],[96.27999,19.63308],[96.28251,19.63247],[96.28293,19.63158],[96.2834,19.63166],[96.28367,19.63247],[96.28475,19.63274],[96.28673,19.63247],[96.28709,19.63193],[96.29158,19.63247],[96.29329,19.6314],[96.2949,19.63149],[96.29517,19.63068],[96.29436,19.62978],[96.29104,19.63059],[96.2887,19.62897],[96.28942,19.6261],[96.28825,19.62583],[96.28799,19.62717],[96.28655,19.62744],[96.28628,19.62403],[96.28745,19.62428],[96.28772,19.62574],[96.28834,19.62574],[96.28871,19.62518],[96.29032,19.62653],[96.29041,19.62653]],[[96.26157,19.62376],[96.26131,19.62412],[96.26041,19.62376],[96.26014,19.62268],[96.2605,19.62223],[96.26148,19.62277],[96.26164,19.62376],[96.26157,19.62376]],[[96.27765,19.62412],[96.27828,19.62412],[96.27819,19.62489],[96.27658,19.62877],[96.2737,19.63104],[96.27406,19.63023],[96.27541,19.6296],[96.2764,19.62798],[96.27721,19.62645],[96.27763,19.62412],[96.27765,19.62412]],[[96.26643,19.65148],[96.26643,19.65067],[96.26723,19.65017],[96.26741,19.65098],[96.26804,19.65107],[96.26813,19.64927],[96.26822,19.65017],[96.26921,19.65062],[96.26867,19.65179],[96.26685,19.65188],[96.26649,19.65148],[96.26643,19.65148]]],[[[96.24125,19.66459],[96.24161,19.66289],[96.24044,19.66262],[96.24026,19.66414],[96.2408,19.66459],[96.24125,19.66459]]],[[[96.16877,19.66477],[96.16877,19.66334],[96.16958,19.66235],[96.16958,19.66163],[96.17049,19.66091],[96.17173,19.66109],[96.17245,19.65992],[96.17372,19.65969],[96.17371,19.65813],[96.17146,19.65858],[96.17128,19.65965],[96.17048,19.66055],[96.17013,19.66041],[96.1703,19.65974],[96.16959,19.65994],[96.16949,19.66136],[96.16886,19.66136],[96.16895,19.66199],[96.16796,19.66235],[96.16814,19.66477],[96.16877,19.66477]]],[[[96.19078,19.66486],[96.19177,19.6637],[96.19284,19.6637],[96.19311,19.6628],[96.19249,19.66235],[96.19114,19.6628],[96.19069,19.66217],[96.18943,19.66244],[96.18925,19.66352],[96.18988,19.66388],[96.18871,19.66397],[96.18862,19.6646],[96.19006,19.66442],[96.19051,19.66486],[96.19078,19.66486]]],[[[96.25564,19.66566],[96.25709,19.66497],[96.25709,19.66408],[96.2551,19.66244],[96.25555,19.66127],[96.25483,19.66127],[96.25456,19.66271],[96.25501,19.66451],[96.25312,19.66424],[96.25465,19.66379],[96.25447,19.6628],[96.25357,19.66289],[96.25357,19.66199],[96.25204,19.66298],[96.25168,19.66424],[96.25204,19.66442],[96.25204,19.66558],[96.25321,19.66504],[96.25501,19.66566],[96.25564,19.66566]]],[[[96.21945,19.66623],[96.22026,19.66569],[96.22106,19.66578],[96.22088,19.66506],[96.22035,19.66515],[96.22106,19.66434],[96.21945,19.66452],[96.219,19.66623],[96.21945,19.66623]]],[[[96.15591,19.66657],[96.15681,19.66603],[96.15627,19.66495],[96.15707,19.66477],[96.15609,19.66333],[96.15384,19.66378],[96.15375,19.66495],[96.15519,19.66657],[96.15591,19.66657]]],[[[96.17093,19.66738],[96.17155,19.66621],[96.17155,19.66558],[96.17093,19.66522],[96.17003,19.6654],[96.17003,19.66585],[96.17075,19.66612],[96.16958,19.66612],[96.17048,19.66738],[96.17093,19.66738]]],[[[96.18144,19.66783],[96.18117,19.66558],[96.18036,19.66504],[96.17964,19.66612],[96.18081,19.66693],[96.18117,19.66783],[96.18144,19.66783]]],[[[96.20982,19.66801],[96.21036,19.66765],[96.21046,19.66623],[96.20975,19.66632],[96.20948,19.66738],[96.20919,19.66657],[96.20848,19.66657],[96.20794,19.66729],[96.20659,19.66702],[96.20704,19.66765],[96.20928,19.66801],[96.20982,19.66801]]],[[[96.26409,19.66014],[96.26337,19.66041],[96.26283,19.6614],[96.26292,19.66266],[96.26068,19.66248],[96.26023,19.664],[96.25781,19.66569],[96.25924,19.6658],[96.26041,19.6646],[96.26139,19.66472],[96.26202,19.664],[96.26345,19.66406],[96.2648,19.66325],[96.26471,19.66271],[96.26399,19.66298],[96.26364,19.66239],[96.26496,19.66221],[96.26759,19.66284],[96.26795,19.66427],[96.26694,19.66783],[96.2673,19.66802],[96.27035,19.6659],[96.27011,19.66508],[96.26912,19.66513],[96.2684,19.66441],[96.26885,19.6639],[96.27047,19.66472],[96.27002,19.66302],[96.26409,19.66023],[96.26409,19.66014]]],[[[96.1597,19.66981],[96.16033,19.66963],[96.16033,19.669],[96.16124,19.66812],[96.16124,19.66722],[96.16194,19.66666],[96.16446,19.66738],[96.16428,19.66693],[96.16212,19.66621],[96.1614,19.66522],[96.16178,19.66486],[96.16329,19.66522],[96.16311,19.66388],[96.16178,19.66381],[96.16167,19.66434],[96.16033,19.66451],[96.15971,19.66506],[96.15953,19.66641],[96.15809,19.66668],[96.15818,19.66722],[96.15925,19.66738],[96.15907,19.6681],[96.15979,19.66909],[96.15916,19.66936],[96.15854,19.66902],[96.15853,19.6696],[96.15952,19.66981],[96.1597,19.66981]]],[[[96.26424,19.67015],[96.26487,19.66971],[96.26541,19.66783],[96.26397,19.66792],[96.26424,19.66917],[96.2637,19.67007],[96.26422,19.67016],[96.26424,19.67015]]],[[[96.20211,19.67053],[96.20228,19.66981],[96.20174,19.66945],[96.20309,19.66927],[96.20309,19.66873],[96.20391,19.66839],[96.20398,19.66756],[96.20174,19.66783],[96.20111,19.669],[96.1995,19.67011],[96.20211,19.67053]]],[[[96.15249,19.67043],[96.15258,19.67088],[96.1533,19.67079],[96.15303,19.66962],[96.15249,19.66926],[96.15312,19.66872],[96.15384,19.6689],[96.15384,19.66837],[96.15321,19.66837],[96.15249,19.66747],[96.15393,19.66756],[96.15483,19.66863],[96.15555,19.6681],[96.15501,19.6681],[96.15501,19.66738],[96.15339,19.66585],[96.15276,19.66585],[96.1524,19.66657],[96.15213,19.66567],[96.15142,19.66567],[96.15151,19.66702],[96.1507,19.66756],[96.1507,19.6681],[96.15177,19.66855],[96.15052,19.66908],[96.15124,19.66944],[96.15133,19.67007],[96.15195,19.66962],[96.15213,19.67043],[96.15249,19.67043]]],[[[96.15631,19.66999],[96.15492,19.66944],[96.15501,19.66881],[96.15456,19.6689],[96.15483,19.66962],[96.15429,19.67025],[96.15586,19.67124],[96.15631,19.66999]]],[[[96.17739,19.67124],[96.17784,19.67097],[96.17766,19.67034],[96.17838,19.669],[96.17721,19.66783],[96.17757,19.66684],[96.17685,19.66612],[96.17811,19.6663],[96.17856,19.66585],[96.17829,19.66504],[96.17739,19.66495],[96.17739,19.66451],[96.17901,19.66477],[96.17892,19.66415],[96.1773,19.66379],[96.17748,19.66302],[96.17784,19.66271],[96.17902,19.66327],[96.17928,19.66226],[96.18018,19.66307],[96.18117,19.66199],[96.18063,19.66163],[96.18054,19.66219],[96.17991,19.66217],[96.17928,19.66109],[96.17712,19.6619],[96.17614,19.66181],[96.17452,19.66307],[96.17434,19.66415],[96.17344,19.66361],[96.17272,19.66451],[96.17227,19.66442],[96.17146,19.66684],[96.17155,19.66738],[96.17263,19.66738],[96.17146,19.66765],[96.17128,19.66819],[96.17281,19.66927],[96.17389,19.66893],[96.17515,19.66927],[96.17551,19.66882],[96.17551,19.66999],[96.17596,19.67007],[96.17623,19.66909],[96.17676,19.669],[96.17694,19.67034],[96.17623,19.67052],[96.17623,19.67097],[96.17685,19.67124],[96.17739,19.67124]]],[[[96.18215,19.67196],[96.18296,19.67142],[96.18296,19.66963],[96.18251,19.66909],[96.18188,19.66945],[96.18188,19.67196],[96.18215,19.67196]]],[[[96.22571,19.67367],[96.22616,19.67331],[96.22616,19.67232],[96.22759,19.67295],[96.22795,19.67187],[96.22723,19.6716],[96.2266,19.67205],[96.22598,19.67142],[96.22436,19.67169],[96.22526,19.67367],[96.22571,19.67367]]],[[[96.17075,19.6747],[96.1712,19.67448],[96.17066,19.6734],[96.1712,19.67304],[96.17128,19.67187],[96.17209,19.6716],[96.17344,19.67241],[96.1738,19.67106],[96.17245,19.66981],[96.17173,19.6699],[96.17102,19.66827],[96.16949,19.66756],[96.1703,19.67061],[96.17128,19.67106],[96.17093,19.67169],[96.17012,19.67169],[96.16994,19.67304],[96.1703,19.67349],[96.16989,19.67466],[96.17075,19.6747]]],[[[96.17569,19.67681],[96.17443,19.67663],[96.17353,19.67529],[96.17299,19.67529],[96.17255,19.676],[96.17362,19.67825],[96.17452,19.67789],[96.17443,19.67717],[96.17587,19.67762],[96.17623,19.67708],[96.17623,19.67789],[96.17506,19.67853],[96.1773,19.67879],[96.17712,19.67708],[96.17632,19.67708],[96.17712,19.67672],[96.17658,19.67475],[96.17587,19.67484],[96.17596,19.67582],[96.17569,19.6752],[96.17461,19.67546],[96.17569,19.67672],[96.17569,19.67681]]],[[[96.29517,19.72302],[96.29212,19.72266],[96.29131,19.72329],[96.29131,19.7241],[96.29194,19.72316],[96.29292,19.72281],[96.2932,19.72329],[96.29266,19.72444],[96.29355,19.72491],[96.29517,19.72302],[96.29517,19.72302]]],[[[96.29473,19.72516],[96.29337,19.7255],[96.29128,19.72442],[96.29164,19.72595],[96.29218,19.72622],[96.29338,19.72633],[96.29473,19.72543],[96.29473,19.72516]]],[[[96.25715,19.73529],[96.2576,19.73448],[96.2593,19.73376],[96.26038,19.73403],[96.26131,19.73322],[96.26337,19.73326],[96.26577,19.73233],[96.26643,19.73055],[96.26724,19.73037],[96.26811,19.72905],[96.26311,19.73049],[96.26284,19.73143],[96.26248,19.73072],[96.26031,19.73152],[96.2588,19.73334],[96.25604,19.73457],[96.25661,19.73529],[96.25715,19.73529]]],[[[96.29975,19.74252],[96.30002,19.7418],[96.30164,19.7416],[96.30308,19.73828],[96.30272,19.73789],[96.30335,19.73774],[96.30389,19.73666],[96.30406,19.73506],[96.30362,19.73389],[96.30254,19.73344],[96.30299,19.73291],[96.30146,19.73228],[96.29993,19.73237],[96.30036,19.73317],[96.29939,19.73331],[96.29993,19.73551],[96.29966,19.7365],[96.29679,19.73899],[96.29724,19.74099],[96.29885,19.74133],[96.29921,19.74252],[96.29975,19.74252]],[[96.30074,19.74052],[96.30056,19.73973],[96.29975,19.73982],[96.29937,19.74045],[96.2976,19.73996],[96.29769,19.73937],[96.29876,19.73919],[96.29921,19.73821],[96.30003,19.73792],[96.30039,19.73695],[96.30172,19.73731],[96.30101,19.73794],[96.3011,19.73856],[96.30254,19.73883],[96.30128,19.73928],[96.30146,19.74025],[96.30075,19.74052],[96.30074,19.74052]]],[[[96.25331,19.74331],[96.25373,19.74268],[96.25364,19.744],[96.25427,19.74418],[96.25481,19.74418],[96.25544,19.74337],[96.25535,19.74302],[96.25418,19.74311],[96.25391,19.74261],[96.25481,19.7423],[96.25526,19.74122],[96.25481,19.73897],[96.25409,19.73807],[96.25346,19.7387],[96.2531,19.73843],[96.25346,19.73765],[96.25394,19.73774],[96.25448,19.73542],[96.25315,19.73616],[96.25274,19.73818],[96.25335,19.74181],[96.25295,19.7451],[96.25367,19.74456],[96.25367,19.74412],[96.25322,19.74422],[96.25331,19.74342],[96.25331,19.74331]]],[[[96.29598,19.74755],[96.29643,19.74683],[96.29724,19.74692],[96.29751,19.74566],[96.29661,19.74636],[96.29643,19.74584],[96.29481,19.74584],[96.29472,19.74683],[96.29571,19.74755],[96.29598,19.74755]]],[[[96.30254,19.74782],[96.30164,19.74548],[96.30047,19.74494],[96.30021,19.74591],[96.302,19.74672],[96.30146,19.74773],[96.30236,19.74782],[96.30254,19.74782]]],[[[96.14791,19.75056],[96.14881,19.75011],[96.1489,19.74939],[96.14773,19.74876],[96.14845,19.74787],[96.14737,19.74742],[96.14692,19.74742],[96.14737,19.74876],[96.14737,19.74957],[96.14674,19.75002],[96.14692,19.75056],[96.14791,19.75056]]],[[[96.25752,19.75227],[96.25788,19.75083],[96.25887,19.74985],[96.25798,19.74912],[96.25662,19.74904],[96.25645,19.74976],[96.25743,19.75038],[96.25671,19.7511],[96.25698,19.75227],[96.25752,19.75227]]],[[[96.24783,19.75265],[96.24819,19.75186],[96.24933,19.75146],[96.24954,19.75067],[96.25104,19.75038],[96.25251,19.74753],[96.25143,19.74928],[96.24861,19.7512],[96.24783,19.75238],[96.24783,19.75265]]],[[[96.26433,19.75272],[96.26631,19.7511],[96.2664,19.74993],[96.26865,19.74948],[96.26891,19.74876],[96.2699,19.7485],[96.26975,19.74638],[96.26757,19.74697],[96.26678,19.74661],[96.26678,19.74706],[96.26613,19.74679],[96.26586,19.74769],[96.26469,19.74796],[96.26469,19.74876],[96.2657,19.74922],[96.26667,19.74841],[96.26687,19.74957],[96.26514,19.74939],[96.26523,19.75002],[96.26478,19.75029],[96.26505,19.75119],[96.26388,19.75155],[96.26388,19.75272],[96.26433,19.75272]]],[[[96.2595,19.75397],[96.26058,19.75325],[96.26049,19.75244],[96.25851,19.75298],[96.25905,19.75397],[96.2595,19.75397]]],[[[96.1489,19.75451],[96.15052,19.75344],[96.15043,19.75263],[96.14989,19.75272],[96.14944,19.75371],[96.14854,19.75335],[96.14791,19.75397],[96.14827,19.75451],[96.1489,19.75451]]],[[[96.26442,19.75451],[96.26568,19.75353],[96.26595,19.75218],[96.2637,19.75344],[96.26397,19.75451],[96.26442,19.75451]]],[[[96.15815,19.75514],[96.15887,19.75191],[96.15806,19.75236],[96.15815,19.75317],[96.15627,19.75299],[96.15645,19.75182],[96.15591,19.7511],[96.15411,19.75164],[96.15366,19.75092],[96.15258,19.75128],[96.15204,19.75029],[96.15159,19.75038],[96.15168,19.75164],[96.15492,19.75236],[96.15519,19.75326],[96.15645,19.75371],[96.15645,19.75433],[96.1577,19.7538],[96.15788,19.75514],[96.15815,19.75514]]],[[[96.29769,19.75536],[96.29823,19.75473],[96.29787,19.75366],[96.29832,19.75249],[96.29694,19.752],[96.29706,19.75272],[96.29667,19.75281],[96.29595,19.75191],[96.29607,19.75132],[96.29823,19.75033],[96.29859,19.74952],[96.30002,19.74979],[96.30038,19.74863],[96.30119,19.748],[96.30056,19.74665],[96.29912,19.74562],[96.29877,19.74474],[96.29793,19.74517],[96.29784,19.74571],[96.29885,19.74773],[96.30002,19.74782],[96.29975,19.7489],[96.29939,19.74898],[96.29919,19.74823],[96.29856,19.74823],[96.29805,19.74961],[96.29742,19.74988],[96.29706,19.74943],[96.29715,19.74773],[96.29634,19.74764],[96.29571,19.74827],[96.29604,19.7497],[96.29491,19.74977],[96.29553,19.75058],[96.29517,19.75141],[96.29551,19.7529],[96.29706,19.75536],[96.29769,19.75536]]],[[[96.16399,19.75631],[96.16444,19.75541],[96.16291,19.75442],[96.16175,19.75451],[96.16193,19.75532],[96.16291,19.75514],[96.16345,19.75559],[96.16345,19.75631],[96.16399,19.75631]]],[[[96.15734,19.75838],[96.15752,19.75766],[96.15698,19.75676],[96.1551,19.75703],[96.15447,19.75649],[96.15456,19.75811],[96.15618,19.75802],[96.15645,19.75838],[96.15734,19.75838]]],[[[96.23634,19.7591],[96.23804,19.75716],[96.23891,19.75721],[96.23891,19.75631],[96.24107,19.75509],[96.23871,19.75554],[96.2367,19.75691],[96.23678,19.75797],[96.23642,19.7577],[96.23651,19.75824],[96.23615,19.75806],[96.2358,19.75885],[96.23604,19.75936],[96.2364,19.7591],[96.23634,19.7591]]],[[[96.14773,19.75954],[96.14791,19.75874],[96.14692,19.7582],[96.14809,19.75829],[96.14818,19.75784],[96.14728,19.75757],[96.14728,19.75667],[96.14647,19.75658],[96.14603,19.75927],[96.14692,19.75954],[96.14773,19.75954]]],[[[96.15905,19.76224],[96.15959,19.7608],[96.1586,19.76017],[96.15878,19.75936],[96.15815,19.75927],[96.1586,19.76224],[96.15905,19.76224]]],[[[96.18001,19.76307],[96.18019,19.76244],[96.1766,19.76253],[96.17703,19.76305],[96.17902,19.76307],[96.18001,19.76307]]],[[[96.1551,19.76323],[96.15716,19.76269],[96.15681,19.76197],[96.15743,19.76179],[96.15743,19.76125],[96.15698,19.7599],[96.15627,19.76008],[96.15654,19.76134],[96.15618,19.76224],[96.15483,19.76197],[96.15447,19.76323],[96.1551,19.76323]]],[[[96.30263,19.74791],[96.30137,19.74898],[96.30137,19.7497],[96.30083,19.74979],[96.30056,19.7506],[96.30056,19.75096],[96.30236,19.7506],[96.30254,19.7515],[96.30029,19.75114],[96.30056,19.75231],[96.29966,19.75258],[96.29957,19.75321],[96.30047,19.75321],[96.30092,19.75446],[96.2991,19.75541],[96.29948,19.75604],[96.29838,19.75604],[96.29766,19.7573],[96.29694,19.75685],[96.2967,19.75572],[96.29625,19.75581],[96.29613,19.75649],[96.29542,19.75595],[96.29362,19.75604],[96.29074,19.75829],[96.28976,19.76107],[96.28914,19.76116],[96.2885,19.76242],[96.28528,19.76187],[96.28348,19.7626],[96.28393,19.76361],[96.28242,19.76496],[96.28251,19.76585],[96.28377,19.76585],[96.28422,19.76729],[96.28592,19.7672],[96.28673,19.76612],[96.28655,19.76514],[96.28742,19.76332],[96.28706,19.76583],[96.28778,19.76628],[96.287,19.76666],[96.28673,19.76792],[96.28817,19.76765],[96.28835,19.76718],[96.28913,19.76781],[96.28985,19.76655],[96.29032,19.76282],[96.29221,19.76188],[96.29317,19.76206],[96.29101,19.7626],[96.29083,19.76323],[96.29155,19.76386],[96.29155,19.76457],[96.2902,19.76502],[96.29003,19.76745],[96.29047,19.7679],[96.29272,19.76808],[96.29353,19.76727],[96.2938,19.76817],[96.29497,19.76817],[96.29577,19.76691],[96.29461,19.76583],[96.29595,19.7661],[96.29661,19.7656],[96.29679,19.76462],[96.29766,19.76457],[96.29769,19.76381],[96.29685,19.76305],[96.2973,19.76188],[96.29883,19.76323],[96.30054,19.76289],[96.30143,19.76341],[96.30188,19.7644],[96.30413,19.76475],[96.30539,19.76224],[96.30296,19.76255],[96.3044,19.7617],[96.30532,19.7595],[96.30368,19.75981],[96.30281,19.75945],[96.30254,19.7586],[96.30125,19.75811],[96.30009,19.75892],[96.29912,19.75896],[96.302,19.75743],[96.30191,19.75671],[96.30236,19.75658],[96.30344,19.75705],[96.30281,19.7575],[96.30326,19.75896],[96.30386,19.75874],[96.30398,19.75761],[96.30496,19.75734],[96.30559,19.75806],[96.30658,19.75806],[96.30595,19.75752],[96.30631,19.75689],[96.30829,19.75725],[96.30865,19.75491],[96.30817,19.75353],[96.30658,19.75364],[96.30658,19.75409],[96.30727,19.75409],[96.30721,19.755],[96.30605,19.75446],[96.30586,19.75344],[96.30658,19.75303],[96.30658,19.75249],[96.30566,19.75236],[96.30496,19.75294],[96.3047,19.7515],[96.30541,19.75123],[96.30587,19.75184],[96.3064,19.75168],[96.30487,19.75006],[96.3029,19.74907],[96.30272,19.74791],[96.30263,19.74791]],[[96.30371,19.75294],[96.30398,19.75402],[96.30496,19.75366],[96.30541,19.75409],[96.30476,19.75464],[96.30344,19.75446],[96.30281,19.75326],[96.30362,19.75294],[96.30371,19.75294]]],[[[96.22831,19.76952],[96.22804,19.76844],[96.22903,19.76853],[96.22885,19.76736],[96.22624,19.76673],[96.22571,19.76754],[96.22499,19.76772],[96.22526,19.76862],[96.22669,19.76835],[96.22696,19.76907],[96.22786,19.76952],[96.22831,19.76952]]],[[[96.28601,19.77162],[96.28619,19.77117],[96.28502,19.77062],[96.28607,19.77077],[96.28607,19.76987],[96.28341,19.7699],[96.28404,19.77062],[96.28395,19.77142],[96.28547,19.77162],[96.28601,19.77162]]],[[[96.2284,19.77446],[96.23029,19.77275],[96.23011,19.77059],[96.22948,19.77059],[96.2293,19.77122],[96.22741,19.77131],[96.22741,19.77221],[96.22714,19.77167],[96.22624,19.77194],[96.22705,19.77302],[96.22696,19.77383],[96.22804,19.77446],[96.2284,19.77446]]],[[[96.27315,19.7626],[96.27252,19.76215],[96.27459,19.76332],[96.27531,19.76226],[96.27549,19.76305],[96.27604,19.76325],[96.27612,19.76215],[96.27702,19.76196],[96.27711,19.76133],[96.27595,19.76134],[96.27558,19.7608],[96.27783,19.76027],[96.27917,19.7608],[96.28007,19.75955],[96.27917,19.75811],[96.27863,19.7582],[96.27836,19.75964],[96.27648,19.75891],[96.27639,19.75784],[96.27567,19.7573],[96.27835,19.75667],[96.27954,19.75702],[96.27963,19.7564],[96.28079,19.75658],[96.28034,19.75558],[96.28131,19.75586],[96.28257,19.75496],[96.28356,19.75541],[96.2858,19.7555],[96.28616,19.75505],[96.287,19.75536],[96.28736,19.75308],[96.2923,19.74988],[96.2923,19.74881],[96.2929,19.74823],[96.29122,19.74715],[96.29158,19.74584],[96.29068,19.74431],[96.2914,19.74404],[96.29176,19.74234],[96.29266,19.74216],[96.29302,19.74324],[96.29391,19.74368],[96.29481,19.74333],[96.29616,19.74133],[96.29571,19.74124],[96.29553,19.74036],[96.29454,19.74077],[96.29425,19.7396],[96.29194,19.73892],[96.29203,19.73812],[96.29122,19.73749],[96.29137,19.73646],[96.29041,19.73542],[96.29068,19.73291],[96.29104,19.73228],[96.29149,19.73244],[96.29203,19.73371],[96.29194,19.73497],[96.29281,19.73425],[96.29364,19.73479],[96.29329,19.73713],[96.29212,19.73722],[96.29194,19.73776],[96.29311,19.73776],[96.29428,19.73926],[96.29607,19.73919],[96.29625,19.73846],[96.29508,19.73861],[96.29392,19.73731],[96.29454,19.73461],[96.29533,19.73367],[96.29508,19.73273],[96.29562,19.7312],[96.29517,19.73057],[96.29634,19.73057],[96.29688,19.73003],[96.29553,19.72859],[96.29553,19.72536],[96.29445,19.72698],[96.29194,19.72716],[96.29245,19.72848],[96.29203,19.72877],[96.29275,19.7292],[96.29239,19.73008],[96.29131,19.73071],[96.2896,19.73003],[96.28978,19.72877],[96.28862,19.72752],[96.28987,19.7259],[96.29095,19.72644],[96.29041,19.72354],[96.29149,19.72247],[96.29248,19.72238],[96.29167,19.72105],[96.29257,19.72123],[96.29284,19.72024],[96.29356,19.72049],[96.29329,19.7222],[96.295,19.7222],[96.29436,19.7215],[96.29499,19.72067],[96.29545,19.72132],[96.29497,19.72208],[96.29715,19.72166],[96.29751,19.72094],[96.29715,19.71995],[96.2958,19.72006],[96.29544,19.71947],[96.29625,19.71961],[96.29706,19.7188],[96.2976,19.71923],[96.29766,19.71842],[96.29766,19.72239],[96.29703,19.72293],[96.29517,19.72311],[96.29589,19.72354],[96.29589,19.72408],[96.29715,19.72408],[96.29769,19.72354],[96.2985,19.72354],[96.29985,19.7222],[96.30011,19.71979],[96.29903,19.71943],[96.29724,19.71718],[96.29382,19.71638],[96.29398,19.71692],[96.29338,19.717],[96.29311,19.7162],[96.29068,19.71512],[96.28879,19.7162],[96.28828,19.71735],[96.28879,19.71727],[96.28888,19.71779],[96.28726,19.72035],[96.28745,19.72168],[96.28437,19.72491],[96.28655,19.72302],[96.28718,19.72392],[96.28844,19.72399],[96.28853,19.72444],[96.28808,19.72473],[96.28718,19.72419],[96.28682,19.72534],[96.2861,19.72536],[96.28511,19.72642],[96.28439,19.72653],[96.28302,19.72877],[96.28161,19.72877],[96.28143,19.7283],[96.28206,19.72707],[96.28313,19.72671],[96.28314,19.72581],[96.28008,19.7276],[96.27972,19.72759],[96.2808,19.72691],[96.27583,19.72692],[96.27664,19.72723],[96.27658,19.7276],[96.27363,19.72657],[96.27173,19.72735],[96.27182,19.72805],[96.27152,19.72744],[96.26841,19.7292],[96.27026,19.73116],[96.27107,19.73116],[96.27116,19.73071],[96.27017,19.73017],[96.27017,19.72936],[96.27235,19.72823],[96.2764,19.72823],[96.27658,19.72875],[96.27586,19.72947],[96.27685,19.72956],[96.27685,19.73039],[96.27846,19.72967],[96.27846,19.72922],[96.27736,19.7292],[96.27721,19.72884],[96.27883,19.7283],[96.27874,19.7301],[96.28017,19.73026],[96.27882,19.73138],[96.27928,19.73253],[96.27828,19.73237],[96.27775,19.73308],[96.27712,19.73237],[96.2781,19.73219],[96.27862,19.73098],[96.2781,19.73084],[96.27712,19.73174],[96.2764,19.73165],[96.2764,19.73075],[96.27577,19.73073],[96.27565,19.73251],[96.27514,19.73271],[96.27496,19.73369],[96.27424,19.73389],[96.27424,19.73484],[96.27386,19.7343],[96.27262,19.73421],[96.27359,19.73349],[96.27271,19.73111],[96.27137,19.73118],[96.27056,19.73199],[96.26972,19.73197],[96.26975,19.73253],[96.26804,19.73282],[96.26814,19.73352],[96.26939,19.73334],[96.26927,19.73646],[96.27017,19.73655],[96.27053,19.73727],[96.26981,19.73745],[96.26918,19.73655],[96.26703,19.73664],[96.26775,19.73897],[96.26541,19.73987],[96.26604,19.74131],[96.26721,19.74167],[96.26766,19.74239],[96.2682,19.74239],[96.2682,19.74077],[96.27146,19.74088],[96.27299,19.74036],[96.27379,19.74079],[96.27395,19.74221],[96.27323,19.74257],[96.27352,19.7432],[96.27299,19.74337],[96.27289,19.74261],[96.27182,19.74286],[96.27029,19.74638],[96.27047,19.74782],[96.27191,19.74728],[96.272,19.74782],[96.27137,19.74818],[96.27179,19.74885],[96.27134,19.74934],[96.27056,19.74881],[96.26957,19.7497],[96.26993,19.75042],[96.26957,19.75051],[96.26939,19.75312],[96.27029,19.755],[96.27173,19.75473],[96.26993,19.75572],[96.27011,19.75653],[96.27083,19.75689],[96.27083,19.75752],[96.2719,19.75698],[96.27172,19.75775],[96.27262,19.7577],[96.27423,19.75892],[96.27486,19.76009],[96.27342,19.76045],[96.27342,19.76089],[96.27451,19.76071],[96.27451,19.76127],[96.27324,19.76143],[96.27217,19.76063],[96.271,19.7617],[96.26938,19.76027],[96.26812,19.76036],[96.26812,19.76116],[96.26703,19.76044],[96.26631,19.76053],[96.26568,19.76161],[96.26568,19.76296],[96.26424,19.76431],[96.26424,19.76619],[96.26361,19.76673],[96.26245,19.76664],[96.262,19.76772],[96.26263,19.76089],[96.26182,19.75981],[96.262,19.75901],[96.26137,19.75856],[96.26119,19.75757],[96.25858,19.75838],[96.25787,19.75793],[96.25679,19.75874],[96.25607,19.75838],[96.25436,19.75865],[96.25382,19.75981],[96.25355,19.75963],[96.25436,19.7582],[96.2576,19.75685],[96.25858,19.75685],[96.25903,19.75577],[96.25789,19.75496],[96.2577,19.7555],[96.25816,19.75577],[96.25571,19.75568],[96.25508,19.75604],[96.25526,19.75658],[96.25499,19.75613],[96.25364,19.75631],[96.25319,19.75685],[96.25328,19.75838],[96.25284,19.75874],[96.25095,19.75766],[96.24933,19.75919],[96.24798,19.7591],[96.24538,19.76098],[96.24385,19.76107],[96.24188,19.76242],[96.24179,19.76377],[96.24421,19.76637],[96.24601,19.76655],[96.24754,19.76529],[96.24736,19.76601],[96.24592,19.76664],[96.24592,19.76745],[96.24682,19.76853],[96.24861,19.76853],[96.25005,19.77032],[96.25131,19.77023],[96.25068,19.76907],[96.25176,19.76898],[96.25221,19.76799],[96.25257,19.76871],[96.25418,19.76808],[96.25616,19.76916],[96.25625,19.77158],[96.25742,19.77221],[96.25724,19.77311],[96.25814,19.77392],[96.25796,19.77464],[96.25921,19.775],[96.26047,19.77482],[96.26074,19.77383],[96.26175,19.77464],[96.26318,19.77482],[96.26417,19.77482],[96.26505,19.7741],[96.26676,19.77446],[96.26748,19.77275],[96.26703,19.77194],[96.26784,19.77023],[96.26613,19.76889],[96.2673,19.76943],[96.26811,19.76916],[96.26811,19.76853],[96.26766,19.76835],[96.26811,19.7679],[96.26784,19.76565],[96.26874,19.76574],[96.26847,19.76413],[96.27002,19.76523],[96.27065,19.76487],[96.27433,19.76511],[96.27468,19.76413],[96.27315,19.76269],[96.27315,19.7626]],[[96.27541,19.73946],[96.27505,19.73888],[96.27547,19.73888],[96.27574,19.73772],[96.27529,19.73722],[96.27703,19.73648],[96.27712,19.73731],[96.27847,19.73758],[96.27846,19.7381],[96.27703,19.73794],[96.27613,19.73964],[96.2755,19.73946],[96.27541,19.73946]],[[96.2817,19.73865],[96.28152,19.73803],[96.28035,19.73803],[96.27963,19.73713],[96.27846,19.73686],[96.27927,19.73632],[96.27919,19.73407],[96.28035,19.73317],[96.28062,19.73343],[96.2799,19.73551],[96.28071,19.73524],[96.28071,19.73614],[96.28116,19.73623],[96.28143,19.73497],[96.28206,19.73477],[96.28304,19.73612],[96.28286,19.73682],[96.28224,19.73686],[96.28188,19.73865],[96.2817,19.73865]],[[96.28116,19.73255],[96.28089,19.7317],[96.28206,19.73111],[96.28206,19.73066],[96.28134,19.72949],[96.28017,19.7294],[96.28035,19.72804],[96.28089,19.72929],[96.28152,19.7294],[96.28251,19.73089],[96.28179,19.73163],[96.28197,19.73219],[96.28134,19.73255],[96.28116,19.73255]],[[96.29371,19.73156],[96.29329,19.7308],[96.29401,19.73001],[96.29346,19.73012],[96.29346,19.72922],[96.29293,19.72904],[96.29346,19.72805],[96.29508,19.72931],[96.29427,19.72949],[96.29481,19.73039],[96.29391,19.73156],[96.29371,19.73156]]],[[[96.29065,19.77311],[96.29012,19.77284],[96.29038,19.77203],[96.29182,19.77203],[96.29236,19.77149],[96.29236,19.77095],[96.29173,19.77095],[96.292,19.77032],[96.29155,19.76943],[96.29344,19.76916],[96.29344,19.76871],[96.28958,19.76853],[96.28886,19.76907],[96.28823,19.77095],[96.28834,19.77256],[96.2878,19.77319],[96.28789,19.77247],[96.28744,19.77238],[96.28681,19.7732],[96.28762,19.77382],[96.28726,19.7741],[96.28744,19.77544],[96.28798,19.77553],[96.28816,19.77481],[96.29065,19.7732],[96.29065,19.77311]]],[[[96.28296,19.77565],[96.28374,19.77383],[96.28221,19.77356],[96.2817,19.7752],[96.28251,19.77565],[96.28296,19.77565]]],[[[96.2842,19.77572],[96.28535,19.77482],[96.28535,19.77392],[96.28393,19.77392],[96.28393,19.77572],[96.2842,19.77572]]],[[[96.27934,19.77625],[96.28041,19.77544],[96.27978,19.77437],[96.28053,19.77441],[96.28053,19.77378],[96.27981,19.77319],[96.28061,19.7732],[96.28007,19.77265],[96.28052,19.77203],[96.28115,19.77329],[96.28555,19.77374],[96.28778,19.77149],[96.28868,19.76853],[96.28582,19.76889],[96.28591,19.76961],[96.28661,19.7697],[96.28652,19.77203],[96.2834,19.77162],[96.28269,19.77196],[96.28305,19.77261],[96.28233,19.77261],[96.28142,19.77239],[96.28115,19.77149],[96.27989,19.77123],[96.27989,19.7705],[96.27936,19.7705],[96.27891,19.77297],[96.27962,19.77428],[96.27871,19.77437],[96.27898,19.77625],[96.27934,19.77625]]],[[[96.22616,19.77742],[96.22705,19.77616],[96.22849,19.77706],[96.22831,19.7758],[96.23038,19.77491],[96.23056,19.77392],[96.22813,19.77518],[96.22651,19.77544],[96.22571,19.77643],[96.22571,19.77742],[96.22616,19.77742]]],[[[96.2835,19.77789],[96.28466,19.77701],[96.28437,19.77589],[96.28277,19.77598],[96.28259,19.77741],[96.28314,19.77789],[96.2835,19.77789]]],[[[96.26317,19.78074],[96.26442,19.77796],[96.26615,19.77724],[96.26606,19.77787],[96.26784,19.77832],[96.26784,19.77751],[96.26678,19.7775],[96.26649,19.77526],[96.26173,19.77535],[96.26092,19.77616],[96.26011,19.77553],[96.25858,19.77571],[96.25867,19.7767],[96.25957,19.77634],[96.25966,19.77778],[96.26122,19.77818],[96.26101,19.77985],[96.26209,19.77994],[96.262,19.78083],[96.26254,19.78146],[96.26344,19.78146],[96.26326,19.78074],[96.26317,19.78074]]],[[[96.26595,19.78299],[96.26685,19.78137],[96.26775,19.78146],[96.26793,19.78254],[96.26838,19.78263],[96.26858,19.78137],[96.26909,19.78119],[96.26891,19.78021],[96.26712,19.77976],[96.26604,19.78137],[96.26586,19.78074],[96.26442,19.78074],[96.26442,19.78021],[96.26397,19.78021],[96.26361,19.78128],[96.2646,19.78146],[96.26469,19.78263],[96.26532,19.78299],[96.26595,19.78299]]],[[[96.27019,19.78424],[96.27046,19.78164],[96.26902,19.78254],[96.26974,19.78424],[96.27019,19.78424]]],[[[96.28185,19.78461],[96.28194,19.78398],[96.28122,19.78335],[96.28266,19.78236],[96.28221,19.78164],[96.28311,19.78119],[96.28311,19.78173],[96.28356,19.78173],[96.28473,19.7811],[96.28535,19.78012],[96.28625,19.78003],[96.28643,19.77931],[96.28733,19.77877],[96.28706,19.77733],[96.28482,19.77724],[96.28419,19.77886],[96.28365,19.77895],[96.28158,19.77661],[96.27898,19.77652],[96.27898,19.77715],[96.27987,19.77751],[96.27969,19.77913],[96.28077,19.7803],[96.28167,19.78056],[96.28167,19.78155],[96.2805,19.7829],[96.28005,19.78256],[96.2808,19.78213],[96.28088,19.78056],[96.2799,19.78005],[96.27943,19.78074],[96.27943,19.78353],[96.28032,19.78335],[96.28122,19.78461],[96.28185,19.78461]]],[[[96.27556,19.78874],[96.27628,19.78685],[96.27718,19.78676],[96.27745,19.78542],[96.27898,19.78461],[96.27943,19.78362],[96.27835,19.78371],[96.27799,19.78299],[96.27727,19.78299],[96.27682,19.7838],[96.27763,19.78371],[96.27781,19.78443],[96.27682,19.78398],[96.27592,19.78586],[96.27457,19.78586],[96.27511,19.78712],[96.2743,19.7873],[96.27395,19.78793],[96.2752,19.78874],[96.27556,19.78874]]],[[[96.2266,19.78973],[96.22669,19.78919],[96.2252,19.7875],[96.2249,19.78631],[96.22337,19.78542],[96.22598,19.78254],[96.22705,19.78218],[96.22696,19.78137],[96.22562,19.78173],[96.22454,19.78335],[96.22427,19.78299],[96.22463,19.78236],[96.22247,19.78281],[96.22184,19.78425],[96.22256,19.78488],[96.22286,19.78618],[96.22409,19.78694],[96.22418,19.78793],[96.22624,19.78973],[96.2266,19.78973]]],[[[96.27826,19.79224],[96.27925,19.79072],[96.27862,19.79054],[96.27781,19.79108],[96.27799,19.78991],[96.27682,19.78937],[96.2788,19.78964],[96.27898,19.78829],[96.2796,19.78784],[96.27952,19.78685],[96.27826,19.78703],[96.27754,19.78775],[96.27682,19.78739],[96.27673,19.78847],[96.27601,19.78829],[96.2761,19.79099],[96.27781,19.79224],[96.27826,19.79224]]],[[[96.19471,19.79296],[96.19588,19.79197],[96.1957,19.78847],[96.19409,19.78883],[96.19489,19.78964],[96.19373,19.79],[96.19373,19.7909],[96.19498,19.79143],[96.19382,19.7917],[96.19364,19.79287],[96.194,19.79296],[96.19471,19.79296]]],[[[96.22903,19.79521],[96.22921,19.79449],[96.2287,19.79316],[96.22807,19.79287],[96.22816,19.79209],[96.22481,19.79081],[96.22501,19.79148],[96.22598,19.7917],[96.22624,19.79233],[96.22553,19.79341],[96.22651,19.79332],[96.22672,19.79397],[96.22804,19.79431],[96.22849,19.79521],[96.22903,19.79521]]],[[[96.2673,19.79539],[96.2682,19.79422],[96.26838,19.79278],[96.26595,19.79413],[96.26604,19.79485],[96.26676,19.79539],[96.2673,19.79539]]],[[[96.25984,19.79629],[96.26164,19.79575],[96.26164,19.79152],[96.262,19.79099],[96.26137,19.7891],[96.262,19.78838],[96.26173,19.78407],[96.26047,19.78056],[96.25885,19.77814],[96.25769,19.77697],[96.25688,19.77679],[96.25652,19.7758],[96.25526,19.775],[96.25463,19.77526],[96.25373,19.77437],[96.2531,19.77446],[96.25328,19.77607],[96.25212,19.77778],[96.25266,19.77868],[96.25167,19.77931],[96.25158,19.78048],[96.25068,19.78056],[96.25023,19.78137],[96.24996,19.78272],[96.25032,19.78308],[96.25113,19.78272],[96.25097,19.78182],[96.25221,19.78074],[96.25284,19.78128],[96.25194,19.78209],[96.25284,19.78227],[96.25355,19.78155],[96.25391,19.77922],[96.25454,19.77922],[96.25328,19.78461],[96.25257,19.78479],[96.25248,19.7838],[96.25104,19.78416],[96.24987,19.78389],[96.24852,19.78506],[96.2487,19.78649],[96.24789,19.78667],[96.24789,19.78721],[96.2487,19.78712],[96.2487,19.78748],[96.24565,19.78775],[96.24556,19.78739],[96.247,19.7873],[96.24745,19.78676],[96.24762,19.78604],[96.24682,19.78622],[96.24628,19.78524],[96.24807,19.78353],[96.24843,19.78236],[96.24951,19.78236],[96.24987,19.78119],[96.24682,19.77652],[96.24709,19.77535],[96.24834,19.77509],[96.24888,19.77571],[96.24951,19.77562],[96.24906,19.77464],[96.24924,19.77257],[96.24789,19.77176],[96.2478,19.77032],[96.24628,19.77014],[96.24556,19.76871],[96.24152,19.76709],[96.24134,19.76619],[96.24089,19.76619],[96.24071,19.76691],[96.23999,19.767],[96.24017,19.76889],[96.24143,19.76898],[96.2417,19.77086],[96.24044,19.7714],[96.24026,19.77203],[96.24125,19.77221],[96.24143,19.77167],[96.24206,19.77158],[96.24241,19.77221],[96.24161,19.77239],[96.24215,19.77365],[96.24188,19.77419],[96.24098,19.77347],[96.24017,19.77356],[96.24017,19.7741],[96.24098,19.7741],[96.24116,19.77464],[96.2408,19.77491],[96.2399,19.77446],[96.23954,19.77607],[96.23999,19.77634],[96.24215,19.77482],[96.24206,19.77778],[96.24134,19.77796],[96.24125,19.77724],[96.24071,19.77724],[96.24125,19.77805],[96.2408,19.77859],[96.23954,19.77706],[96.23873,19.77787],[96.23759,19.77737],[96.23792,19.7785],[96.23927,19.77859],[96.23855,19.77886],[96.23891,19.78021],[96.2381,19.78065],[96.23801,19.78137],[96.23729,19.78155],[96.23738,19.78245],[96.23658,19.7829],[96.2364,19.78227],[96.23595,19.78236],[96.23631,19.78371],[96.23523,19.78344],[96.23496,19.78407],[96.23496,19.78335],[96.23352,19.78407],[96.23163,19.78371],[96.23154,19.78281],[96.23388,19.78263],[96.23496,19.78146],[96.23424,19.78003],[96.23481,19.77852],[96.23397,19.77841],[96.23541,19.77724],[96.23589,19.77724],[96.2358,19.77789],[96.23634,19.77762],[96.23634,19.77699],[96.23568,19.77643],[96.23613,19.77491],[96.23478,19.77473],[96.2346,19.77392],[96.23604,19.77347],[96.23702,19.77589],[96.23765,19.7758],[96.23738,19.77518],[96.23828,19.77473],[96.23837,19.77392],[96.23685,19.77275],[96.23729,19.77194],[96.23649,19.77086],[96.23505,19.77185],[96.23397,19.77194],[96.23451,19.76987],[96.23541,19.76987],[96.23559,19.76871],[96.23496,19.76871],[96.23451,19.76934],[96.23298,19.76916],[96.23181,19.76871],[96.23146,19.76745],[96.22966,19.767],[96.22984,19.76799],[96.23101,19.7679],[96.23002,19.76862],[96.23002,19.76996],[96.2311,19.77167],[96.2311,19.77311],[96.23208,19.77302],[96.23137,19.7741],[96.23208,19.77428],[96.23262,19.77293],[96.23379,19.77257],[96.23397,19.77428],[96.23307,19.77491],[96.23334,19.77598],[96.23244,19.77616],[96.2319,19.77688],[96.23199,19.77751],[96.23343,19.77796],[96.23334,19.77895],[96.23074,19.77931],[96.23038,19.77832],[96.22966,19.77814],[96.22966,19.77904],[96.22876,19.77922],[96.22858,19.78083],[96.22993,19.7803],[96.2302,19.78056],[96.22885,19.78137],[96.22894,19.78245],[96.22813,19.78263],[96.22849,19.78362],[96.22975,19.78371],[96.22993,19.78263],[96.23038,19.78245],[96.23154,19.78488],[96.23379,19.78488],[96.23388,19.78838],[96.23496,19.78829],[96.23469,19.78748],[96.23541,19.78694],[96.23604,19.78775],[96.24062,19.78694],[96.24017,19.78847],[96.2381,19.7882],[96.23792,19.78892],[96.239,19.78982],[96.23882,19.79081],[96.24008,19.79125],[96.24071,19.79278],[96.24152,19.79242],[96.24206,19.79027],[96.24232,19.79143],[96.24439,19.79108],[96.2443,19.79063],[96.24277,19.79063],[96.24358,19.78883],[96.24412,19.78901],[96.24439,19.79036],[96.2452,19.79045],[96.24565,19.78946],[96.24664,19.78973],[96.24709,19.78865],[96.24852,19.7882],[96.2487,19.7891],[96.24718,19.78946],[96.24673,19.79054],[96.24646,19.79206],[96.24745,19.79278],[96.24655,19.79287],[96.24655,19.79341],[96.24762,19.79341],[96.24834,19.79251],[96.24825,19.7935],[96.24906,19.79404],[96.25149,19.79413],[96.25176,19.79485],[96.25328,19.7944],[96.25481,19.79485],[96.25544,19.79557],[96.2567,19.79557],[96.25724,19.79602],[96.25876,19.79575],[96.2593,19.79629],[96.25984,19.79629]],[[96.24179,19.7829],[96.24223,19.78497],[96.24071,19.78236],[96.2399,19.78272],[96.23981,19.78335],[96.24098,19.7847],[96.2408,19.78533],[96.23927,19.78569],[96.23765,19.78515],[96.23729,19.78461],[96.23855,19.78317],[96.23837,19.782],[96.2399,19.78227],[96.24008,19.78182],[96.24053,19.78218],[96.23963,19.77931],[96.24026,19.78056],[96.24143,19.78039],[96.24098,19.78245],[96.2417,19.7829],[96.24179,19.7829]]],[[[96.24322,19.79494],[96.24223,19.79386],[96.24044,19.79494],[96.24026,19.79548],[96.24215,19.79629],[96.24268,19.79736],[96.24322,19.79521],[96.24322,19.79494]]],[[[96.27143,19.79736],[96.27161,19.79682],[96.27017,19.79575],[96.27035,19.79413],[96.2717,19.79422],[96.27233,19.79242],[96.2743,19.79242],[96.2761,19.79161],[96.2761,19.79117],[96.27529,19.79063],[96.27529,19.78892],[96.27224,19.78802],[96.27278,19.7864],[96.27098,19.78667],[96.27098,19.78748],[96.27152,19.78793],[96.26999,19.78901],[96.27008,19.78649],[96.26954,19.78631],[96.26936,19.78802],[96.26838,19.78847],[96.26811,19.7891],[96.26874,19.79054],[96.2682,19.79134],[96.26829,19.79269],[96.26891,19.79215],[96.26972,19.78973],[96.27017,19.79063],[96.27062,19.79063],[96.27098,19.78982],[96.27206,19.79009],[96.27323,19.78919],[96.27395,19.78982],[96.27457,19.78973],[96.27341,19.79143],[96.27026,19.7917],[96.27044,19.79278],[96.26865,19.79422],[96.26945,19.79647],[96.2708,19.79736],[96.27143,19.79736]]],[[[96.27359,19.79781],[96.27395,19.79691],[96.27368,19.7953],[96.27233,19.79494],[96.27242,19.79736],[96.27323,19.79781],[96.27359,19.79781]]],[[[96.22759,19.79844],[96.22831,19.79781],[96.22687,19.79682],[96.22616,19.79718],[96.22616,19.79772],[96.22696,19.79844],[96.22759,19.79844]]],[[[96.27136,19.80015],[96.27215,19.7988],[96.27197,19.79826],[96.26777,19.797],[96.26733,19.79855],[96.27062,19.7997],[96.27082,19.80015],[96.27136,19.80015]]],[[[96.23373,19.8017],[96.23382,19.79911],[96.23328,19.79765],[96.23391,19.79765],[96.23391,19.79687],[96.23208,19.79503],[96.23163,19.79557],[96.23355,19.79902],[96.23337,19.8017],[96.23373,19.8017]]],[[[96.21933,19.80644],[96.21996,19.80464],[96.22041,19.80473],[96.22014,19.80572],[96.2213,19.80572],[96.22238,19.80491],[96.2231,19.80608],[96.22418,19.80608],[96.22436,19.80518],[96.22535,19.80482],[96.22463,19.80428],[96.22517,19.80347],[96.22445,19.80284],[96.22562,19.80257],[96.22642,19.80293],[96.22642,19.80239],[96.22481,19.80123],[96.22427,19.8023],[96.22346,19.80186],[96.2222,19.80293],[96.2222,19.80428],[96.22086,19.80383],[96.2205,19.80293],[96.2196,19.80302],[96.21942,19.80455],[96.21861,19.805],[96.21888,19.80644],[96.21933,19.80644]]],[[[96.27197,19.80832],[96.27224,19.80724],[96.27188,19.80635],[96.27242,19.80563],[96.27224,19.80527],[96.27152,19.80554],[96.27152,19.80464],[96.27071,19.8041],[96.27206,19.80374],[96.27269,19.8032],[96.27269,19.80248],[96.27134,19.80248],[96.27071,19.80141],[96.26972,19.80114],[96.26954,19.80221],[96.27035,19.80401],[96.27026,19.8068],[96.27134,19.80832],[96.27197,19.80832]]],[[[96.26415,19.80868],[96.26523,19.80859],[96.26469,19.80599],[96.26523,19.80563],[96.26496,19.80383],[96.26568,19.80356],[96.2646,19.80275],[96.26406,19.80275],[96.26397,19.80374],[96.26335,19.8032],[96.2629,19.80347],[96.26335,19.80448],[96.26299,19.8068],[96.26379,19.80662],[96.26442,19.80751],[96.26415,19.80805],[96.26317,19.80814],[96.26344,19.80868],[96.26415,19.80868]]],[[[96.26927,19.80922],[96.269,19.80832],[96.2699,19.80787],[96.2699,19.80653],[96.26954,19.80581],[96.26981,19.8041],[96.269,19.80105],[96.26613,19.80015],[96.26442,19.7988],[96.262,19.79835],[96.26155,19.7988],[96.26182,19.80123],[96.26137,19.80563],[96.26236,19.80554],[96.262,19.805],[96.26245,19.80446],[96.26227,19.80338],[96.2629,19.80257],[96.26388,19.80275],[96.26496,19.80123],[96.2655,19.80177],[96.26514,19.80257],[96.26631,19.80275],[96.26667,19.80428],[96.26757,19.80491],[96.26739,19.8059],[96.26649,19.80626],[96.26676,19.80716],[96.26532,19.80814],[96.26532,19.80859],[96.26658,19.80922],[96.26865,19.80922],[96.26927,19.80922]]],[[[96.22005,19.80895],[96.22032,19.80751],[96.21987,19.80742],[96.21906,19.80796],[96.21906,19.80904],[96.22023,19.80949],[96.22014,19.80895],[96.22005,19.80895]]],[[[96.26011,19.8138],[96.26029,19.81317],[96.25966,19.8129],[96.26011,19.81201],[96.25849,19.81129],[96.25849,19.81254],[96.25921,19.8138],[96.26011,19.8138]]],[[[96.22319,19.81722],[96.22391,19.81686],[96.22391,19.81632],[96.22193,19.81587],[96.22148,19.81668],[96.2222,19.81722],[96.22319,19.81722]]],[[[96.25975,19.8174],[96.26047,19.81722],[96.25966,19.8156],[96.26029,19.81515],[96.26011,19.81434],[96.25885,19.81479],[96.25858,19.81668],[96.25903,19.8174],[96.25975,19.8174]]],[[[96.23415,19.8121],[96.23361,19.81183],[96.23388,19.8112],[96.23424,19.81219],[96.23676,19.81254],[96.23568,19.81317],[96.23568,19.81389],[96.23667,19.81452],[96.23667,19.81578],[96.2372,19.81578],[96.2372,19.8147],[96.23882,19.81084],[96.239,19.81165],[96.23783,19.81551],[96.23927,19.81533],[96.23954,19.81407],[96.24017,19.81452],[96.24125,19.81416],[96.24116,19.81515],[96.24241,19.81515],[96.2417,19.81614],[96.24071,19.81587],[96.23783,19.8165],[96.23738,19.8174],[96.23819,19.81704],[96.23846,19.81802],[96.23954,19.81811],[96.2408,19.81713],[96.24125,19.81811],[96.24385,19.81811],[96.24502,19.81758],[96.24538,19.81605],[96.24457,19.81542],[96.24349,19.8156],[96.24313,19.81506],[96.24358,19.81452],[96.24394,19.81488],[96.24745,19.8147],[96.24843,19.81371],[96.24807,19.81228],[96.24718,19.81192],[96.24771,19.81102],[96.24816,19.8112],[96.24915,19.81362],[96.25095,19.81416],[96.25185,19.81362],[96.25158,19.81272],[96.25221,19.81308],[96.25301,19.81281],[96.25275,19.81165],[96.25373,19.80985],[96.25787,19.80985],[96.25814,19.80922],[96.25975,19.80877],[96.26074,19.80527],[96.26065,19.8023],[96.25957,19.80248],[96.25939,19.80051],[96.25822,19.80006],[96.25805,19.79907],[96.25858,19.79988],[96.26074,19.80006],[96.26065,19.79781],[96.25805,19.79754],[96.25778,19.79655],[96.25526,19.79673],[96.25436,19.7962],[96.25367,19.79664],[96.25149,19.79584],[96.25077,19.79629],[96.24987,19.79503],[96.24933,19.79557],[96.24807,19.79548],[96.24745,19.79593],[96.24664,19.79521],[96.24694,19.79469],[96.24595,19.79433],[96.24574,19.79539],[96.24484,19.79629],[96.24547,19.79709],[96.24457,19.79709],[96.24439,19.7979],[96.24286,19.79835],[96.24143,19.79727],[96.23981,19.80365],[96.23954,19.80257],[96.24017,19.79889],[96.23882,19.79934],[96.239,19.80091],[96.23667,19.8015],[96.23649,19.80257],[96.23478,19.80347],[96.2346,19.80509],[96.23505,19.80554],[96.2346,19.8068],[96.23424,19.80608],[96.23262,19.80671],[96.23047,19.80599],[96.22975,19.80635],[96.22993,19.80769],[96.2311,19.80796],[96.23157,19.80754],[96.23181,19.80841],[96.23262,19.80859],[96.23199,19.80904],[96.23119,19.8085],[96.23092,19.81192],[96.23271,19.81246],[96.23307,19.81353],[96.23415,19.8129],[96.23415,19.8121]]],[[[96.23361,19.81847],[96.2364,19.81802],[96.23631,19.81632],[96.2355,19.81461],[96.23424,19.81542],[96.23361,19.81479],[96.23316,19.81497],[96.23316,19.81542],[96.23397,19.81551],[96.23397,19.81587],[96.23352,19.81632],[96.23379,19.81722],[96.23289,19.81802],[96.23307,19.81847],[96.23361,19.81847]]],[[[96.26927,19.82018],[96.27125,19.81946],[96.27044,19.81785],[96.2708,19.81695],[96.27089,19.81767],[96.27179,19.81749],[96.2726,19.81829],[96.27305,19.8182],[96.27251,19.81731],[96.27296,19.81623],[96.27224,19.81497],[96.2735,19.81462],[96.27386,19.8147],[96.27395,19.81569],[96.27511,19.81632],[96.27439,19.81767],[96.27529,19.81838],[96.27637,19.81847],[96.27682,19.81686],[96.27574,19.81542],[96.27377,19.81344],[96.2726,19.81362],[96.27233,19.81281],[96.27116,19.81192],[96.27251,19.81201],[96.27601,19.81551],[96.27673,19.81551],[96.27718,19.81515],[96.27718,19.81362],[96.27601,19.81317],[96.27583,19.8121],[96.27404,19.81192],[96.27368,19.81228],[96.27341,19.81165],[96.2726,19.81165],[96.27215,19.81111],[96.27035,19.81093],[96.27026,19.8121],[96.27089,19.81326],[96.26999,19.81317],[96.26945,19.81371],[96.26963,19.81497],[96.26918,19.81551],[96.26963,19.81632],[96.269,19.81632],[96.26847,19.8174],[96.26847,19.81802],[96.26909,19.81847],[96.269,19.82018],[96.26927,19.82018]]],[[[96.25634,19.81524],[96.25697,19.81479],[96.25634,19.81407],[96.25697,19.81326],[96.25454,19.81308],[96.25337,19.81344],[96.25275,19.81425],[96.25023,19.81488],[96.2505,19.81578],[96.25239,19.81506],[96.25194,19.8165],[96.25077,19.81713],[96.24978,19.81695],[96.2496,19.81587],[96.24906,19.81578],[96.24825,19.81641],[96.24861,19.81704],[96.24789,19.81731],[96.24762,19.81847],[96.24861,19.81838],[96.24906,19.81946],[96.25068,19.82027],[96.25104,19.81793],[96.25176,19.81713],[96.25275,19.81704],[96.25346,19.81578],[96.25445,19.81551],[96.25499,19.81596],[96.25598,19.81524],[96.25634,19.81524]]],[[[96.25077,19.82656],[96.25212,19.82557],[96.2523,19.82386],[96.2514,19.82422],[96.2514,19.82494],[96.25041,19.82566],[96.25032,19.82656],[96.25077,19.82656]]],[[[96.26963,19.83051],[96.27071,19.82934],[96.27035,19.82728],[96.26918,19.82728],[96.269,19.82764],[96.269,19.82827],[96.26963,19.82853],[96.26936,19.83051],[96.26963,19.83051]]],[[[96.2637,19.81793],[96.26344,19.8174],[96.26388,19.81811],[96.26433,19.81802],[96.2646,19.81641],[96.26281,19.81434],[96.26236,19.81434],[96.26236,19.81533],[96.26335,19.81677],[96.26182,19.81677],[96.26047,19.81829],[96.25894,19.81785],[96.25921,19.81919],[96.25831,19.81937],[96.25867,19.81793],[96.25778,19.81802],[96.25706,19.81722],[96.25814,19.81614],[96.25616,19.81533],[96.25589,19.81605],[96.25661,19.81677],[96.2558,19.81731],[96.25571,19.81802],[96.25706,19.81946],[96.25472,19.81982],[96.25508,19.82054],[96.25616,19.82045],[96.25625,19.8218],[96.25499,19.82171],[96.25499,19.82234],[96.25661,19.82243],[96.25688,19.8218],[96.25697,19.82297],[96.25993,19.82413],[96.26056,19.82386],[96.26119,19.82261],[96.26209,19.82261],[96.26128,19.82359],[96.26173,19.82503],[96.25688,19.82323],[96.25634,19.82332],[96.25634,19.82404],[96.25553,19.82503],[96.25544,19.82279],[96.254,19.82234],[96.25364,19.82359],[96.25445,19.82368],[96.25463,19.82422],[96.25391,19.82512],[96.25292,19.82494],[96.25292,19.82566],[96.25203,19.82638],[96.25248,19.82674],[96.25319,19.82611],[96.25355,19.82629],[96.25337,19.82719],[96.25248,19.82764],[96.25275,19.82862],[96.25239,19.82934],[96.25194,19.82934],[96.25203,19.82853],[96.25104,19.82898],[96.2505,19.82782],[96.24996,19.82791],[96.24987,19.82934],[96.25068,19.82952],[96.25104,19.83015],[96.25292,19.83006],[96.25472,19.83087],[96.25373,19.83312],[96.25221,19.83285],[96.25167,19.83357],[96.2514,19.83249],[96.25095,19.83249],[96.25041,19.83366],[96.25391,19.83518],[96.25203,19.835],[96.25203,19.83545],[96.25337,19.83662],[96.25301,19.83824],[96.25544,19.83949],[96.25742,19.83931],[96.25822,19.83842],[96.25814,19.83743],[96.25616,19.83698],[96.25598,19.83617],[96.25544,19.83599],[96.25616,19.83536],[96.25625,19.83608],[96.25706,19.8359],[96.25688,19.83455],[96.25598,19.83321],[96.25652,19.83357],[96.25805,19.8333],[96.25805,19.83186],[96.25867,19.83123],[96.25867,19.82961],[96.25805,19.82934],[96.25814,19.8288],[96.26182,19.828],[96.26406,19.81919],[96.2637,19.81829],[96.2637,19.81793]]],[[[96.21025,19.84184],[96.21002,19.84023],[96.20813,19.84059],[96.20822,19.84149],[96.2089,19.84112],[96.20998,19.84184],[96.21025,19.84184]]],[[[96.20741,19.84679],[96.20809,19.84669],[96.20854,19.8448],[96.20854,19.84355],[96.20791,19.84319],[96.20723,19.84347],[96.20737,19.84579],[96.20677,19.84588],[96.20687,19.84679],[96.20741,19.84679]]],[[[96.262,19.84956],[96.26263,19.84767],[96.26191,19.84722],[96.26263,19.84713],[96.26272,19.8465],[96.2611,19.8474],[96.26173,19.84956],[96.262,19.84956]]],[[[96.239,19.85036],[96.24035,19.84911],[96.2408,19.84785],[96.24152,19.84758],[96.24197,19.84524],[96.24304,19.84524],[96.24412,19.84587],[96.2443,19.84686],[96.24331,19.84749],[96.24358,19.84938],[96.24394,19.84938],[96.2443,19.84821],[96.24529,19.84803],[96.24538,19.84686],[96.2461,19.84668],[96.2461,19.84623],[96.24538,19.84623],[96.24493,19.84569],[96.24511,19.84452],[96.24466,19.84426],[96.24439,19.84273],[96.2452,19.84102],[96.24466,19.8403],[96.24412,19.8403],[96.24367,19.84111],[96.24367,19.83994],[96.24241,19.83967],[96.24125,19.84021],[96.24232,19.8421],[96.24161,19.84228],[96.2408,19.84345],[96.24188,19.84327],[96.2425,19.84426],[96.23999,19.84479],[96.23972,19.84372],[96.23918,19.84381],[96.23909,19.84506],[96.23999,19.8465],[96.23927,19.84902],[96.23846,19.84974],[96.23864,19.85036],[96.239,19.85036]]],[[[96.2372,19.85261],[96.23747,19.85189],[96.23828,19.85162],[96.23819,19.85072],[96.23667,19.85108],[96.23622,19.85171],[96.23667,19.85261],[96.2372,19.85261]]],[[[96.25248,19.83608],[96.25113,19.83581],[96.25068,19.83428],[96.24933,19.83419],[96.24852,19.83339],[96.24789,19.83339],[96.24709,19.83419],[96.24735,19.83313],[96.24691,19.83258],[96.24789,19.83222],[96.24897,19.83267],[96.24915,19.83186],[96.24798,19.83132],[96.2496,19.83078],[96.24969,19.82988],[96.24825,19.8297],[96.24709,19.83042],[96.24574,19.82997],[96.24538,19.82916],[96.24628,19.82836],[96.24718,19.8288],[96.24807,19.82836],[96.24762,19.82656],[96.24789,19.82458],[96.25104,19.82476],[96.25077,19.82377],[96.25167,19.82359],[96.25167,19.82252],[96.2505,19.82171],[96.25068,19.82072],[96.24879,19.82],[96.2478,19.82],[96.24718,19.82063],[96.24628,19.82018],[96.24592,19.82198],[96.24511,19.82171],[96.24421,19.82216],[96.24376,19.82126],[96.24412,19.81892],[96.24197,19.81982],[96.2408,19.81964],[96.24017,19.81865],[96.23693,19.81874],[96.2364,19.81964],[96.23595,19.81883],[96.23469,19.81892],[96.23469,19.81964],[96.23406,19.81883],[96.23074,19.81901],[96.23038,19.81946],[96.22867,19.81901],[96.2284,19.81964],[96.22993,19.82063],[96.22912,19.82171],[96.22921,19.82297],[96.22822,19.82099],[96.22741,19.82063],[96.22678,19.82216],[96.22642,19.82144],[96.22535,19.82126],[96.22418,19.82279],[96.22328,19.82279],[96.22292,19.82422],[96.22175,19.8244],[96.22301,19.82674],[96.22373,19.82701],[96.22391,19.82638],[96.22319,19.82611],[96.22391,19.82593],[96.224,19.8253],[96.22328,19.82539],[96.2231,19.82494],[96.22445,19.82404],[96.22472,19.82566],[96.22544,19.82602],[96.2258,19.82746],[96.22642,19.82728],[96.22687,19.828],[96.22642,19.8288],[96.22687,19.82889],[96.22732,19.82818],[96.22795,19.82845],[96.22732,19.82997],[96.22831,19.8297],[96.22885,19.82862],[96.23011,19.82862],[96.22984,19.83015],[96.23029,19.83096],[96.22984,19.83357],[96.23092,19.83348],[96.23083,19.83428],[96.23253,19.83401],[96.23262,19.83527],[96.23334,19.83563],[96.23406,19.83725],[96.23541,19.83671],[96.23604,19.83806],[96.23523,19.83869],[96.2355,19.83967],[96.23613,19.83967],[96.23649,19.83896],[96.23891,19.83905],[96.23882,19.83815],[96.23918,19.83797],[96.24116,19.83878],[96.24143,19.8394],[96.24241,19.83851],[96.2434,19.83878],[96.24321,19.83941],[96.24384,19.83977],[96.24538,19.83994],[96.24565,19.83896],[96.24511,19.8386],[96.24646,19.83815],[96.24682,19.83653],[96.24905,19.83843],[96.2487,19.83949],[96.24924,19.83994],[96.24843,19.8412],[96.24987,19.84156],[96.24995,19.84237],[96.24628,19.84084],[96.24556,19.84102],[96.24538,19.84219],[96.24619,19.84246],[96.24619,19.84327],[96.24727,19.84318],[96.24718,19.84246],[96.24762,19.84246],[96.24736,19.84408],[96.24771,19.84435],[96.24718,19.84506],[96.24888,19.8456],[96.24861,19.8483],[96.24915,19.8483],[96.24987,19.84731],[96.24915,19.84497],[96.2505,19.84551],[96.25077,19.84399],[96.25194,19.84399],[96.25167,19.84551],[96.25212,19.84812],[96.25149,19.84848],[96.25176,19.8492],[96.25131,19.84929],[96.25086,19.84812],[96.25032,19.84803],[96.25014,19.85027],[96.24852,19.85081],[96.24771,19.85207],[96.24709,19.85225],[96.24745,19.85306],[96.24834,19.85243],[96.24951,19.85261],[96.25149,19.85153],[96.2523,19.85171],[96.25292,19.85135],[96.25292,19.85063],[96.254,19.85072],[96.25418,19.84983],[96.2531,19.84974],[96.25257,19.84839],[96.25517,19.84632],[96.25652,19.84641],[96.25607,19.84506],[96.25131,19.84318],[96.25122,19.84255],[96.25975,19.84605],[96.25975,19.8447],[96.25885,19.84435],[96.2584,19.84309],[96.25921,19.84246],[96.25921,19.84156],[96.25966,19.8412],[96.25921,19.83985],[96.254,19.83967],[96.25248,19.83815],[96.25158,19.83815],[96.25131,19.83869],[96.24977,19.83834],[96.25031,19.83698],[96.25248,19.83716],[96.25248,19.83617],[96.25248,19.83608]],[[96.23882,19.8324],[96.23846,19.83222],[96.239,19.83195],[96.23927,19.83078],[96.24125,19.82961],[96.24071,19.83114],[96.23999,19.83141],[96.24053,19.83213],[96.239,19.8324],[96.23882,19.8324]],[[96.24232,19.83087],[96.24268,19.82979],[96.24215,19.82862],[96.24268,19.828],[96.24394,19.82791],[96.24385,19.82853],[96.24277,19.82827],[96.24268,19.82871],[96.24421,19.82952],[96.24529,19.82764],[96.24484,19.83015],[96.24376,19.82988],[96.24259,19.83087],[96.24232,19.83087]],[[96.2337,19.82737],[96.23343,19.82997],[96.23316,19.82746],[96.2337,19.82584],[96.23047,19.82341],[96.22993,19.8235],[96.22993,19.82252],[96.2311,19.82279],[96.23163,19.82368],[96.23262,19.82323],[96.23361,19.82386],[96.23352,19.82476],[96.23433,19.82494],[96.23379,19.82737],[96.2337,19.82737]]],[[[96.21837,19.85362],[96.21905,19.85208],[96.21828,19.85003],[96.21792,19.85003],[96.21792,19.85118],[96.21675,19.85155],[96.21792,19.85362],[96.21837,19.85362]]],[[[96.22121,19.85216],[96.2205,19.8518],[96.22023,19.85279],[96.22256,19.85513],[96.22364,19.85521],[96.22319,19.85378],[96.2213,19.85216],[96.22121,19.85216]]],[[[96.21909,19.85901],[96.21954,19.85811],[96.21855,19.85811],[96.21909,19.85703],[96.21909,19.85649],[96.21855,19.85649],[96.21783,19.85685],[96.21783,19.85739],[96.21828,19.85766],[96.21792,19.85856],[96.21864,19.85901],[96.21909,19.85901]]],[[[96.22229,19.86016],[96.22265,19.85836],[96.22355,19.85818],[96.22319,19.85674],[96.22103,19.8571],[96.22103,19.85764],[96.22202,19.85791],[96.22229,19.85872],[96.22139,19.85926],[96.22184,19.86016],[96.22229,19.86016]]],[[[96.25275,19.86303],[96.25472,19.8615],[96.25535,19.85899],[96.25556,19.85964],[96.25637,19.85955],[96.2567,19.85683],[96.25903,19.85432],[96.26047,19.85126],[96.26065,19.84974],[96.26011,19.84902],[96.26065,19.84857],[96.26065,19.84785],[96.2593,19.84812],[96.25391,19.85126],[96.25292,19.85315],[96.25203,19.85324],[96.25257,19.85252],[96.25212,19.85207],[96.24951,19.85369],[96.24978,19.85513],[96.25023,19.85513],[96.2505,19.85423],[96.25194,19.85396],[96.25176,19.85513],[96.25086,19.85584],[96.25095,19.85701],[96.24987,19.85872],[96.24933,19.86069],[96.25032,19.86177],[96.25095,19.86159],[96.2514,19.86258],[96.25212,19.86231],[96.2523,19.86303],[96.25275,19.86303]]],[[[96.22394,19.86467],[96.22439,19.86422],[96.22681,19.8644],[96.22672,19.86386],[96.22556,19.8635],[96.22565,19.86269],[96.22651,19.86321],[96.22651,19.86267],[96.22454,19.85908],[96.22544,19.85872],[96.22547,19.85676],[96.22493,19.85649],[96.22439,19.85649],[96.22409,19.85719],[96.22358,19.86188],[96.2243,19.86224],[96.22358,19.86251],[96.2234,19.86467],[96.22394,19.86467]]],[[[96.24125,19.86662],[96.24313,19.86438],[96.24277,19.86348],[96.24188,19.86402],[96.2408,19.86662],[96.24125,19.86662]]],[[[96.24475,19.86833],[96.24493,19.86734],[96.24394,19.8668],[96.2452,19.86555],[96.24394,19.86537],[96.2434,19.86599],[96.24268,19.86582],[96.24313,19.86797],[96.2443,19.86833],[96.24475,19.86833]]],[[[96.24933,19.86968],[96.24996,19.86887],[96.25014,19.86743],[96.24906,19.86707],[96.24897,19.86599],[96.24933,19.86537],[96.2514,19.86599],[96.25212,19.86402],[96.25113,19.86294],[96.25014,19.86294],[96.24879,19.86168],[96.24897,19.86276],[96.24798,19.86312],[96.24771,19.8642],[96.24682,19.8642],[96.24664,19.86555],[96.24789,19.86573],[96.24789,19.86626],[96.24547,19.86752],[96.24538,19.86797],[96.24664,19.86815],[96.24745,19.86761],[96.24888,19.86869],[96.24897,19.86968],[96.24933,19.86968]]],[[[96.22777,19.87183],[96.22849,19.87031],[96.22831,19.86905],[96.22957,19.86797],[96.22948,19.86716],[96.22849,19.86725],[96.22813,19.86824],[96.22687,19.86815],[96.22768,19.87004],[96.22723,19.87076],[96.2275,19.87183],[96.22777,19.87183]]],[[[96.24906,19.87219],[96.25086,19.87094],[96.25059,19.86977],[96.25005,19.86977],[96.24861,19.87156],[96.24879,19.87219],[96.24906,19.87219]]],[[[96.22921,19.88414],[96.22921,19.88261],[96.22876,19.88181],[96.22822,19.88181],[96.22804,19.88279],[96.22732,19.88324],[96.22732,19.88414],[96.22813,19.8836],[96.22876,19.88414],[96.22921,19.88414]]],[[[96.22301,19.88935],[96.224,19.88746],[96.22526,19.88711],[96.2258,19.88549],[96.22678,19.88522],[96.22669,19.8836],[96.22777,19.88207],[96.22804,19.87965],[96.22885,19.87839],[96.22876,19.87776],[96.22759,19.87776],[96.22723,19.87713],[96.22777,19.87695],[96.22786,19.87579],[96.22885,19.87552],[96.22849,19.87426],[96.22912,19.8739],[96.22921,19.87255],[96.22732,19.87255],[96.22651,19.87147],[96.2266,19.86941],[96.22616,19.86887],[96.22526,19.86941],[96.22607,19.8704],[96.22544,19.87076],[96.22553,19.87255],[96.22391,19.87354],[96.22355,19.87273],[96.22238,19.87291],[96.22229,19.87381],[96.22193,19.87363],[96.22202,19.87273],[96.2205,19.87282],[96.21996,19.87489],[96.21879,19.87489],[96.21879,19.87857],[96.22032,19.87902],[96.21969,19.87938],[96.21987,19.88064],[96.22068,19.88073],[96.22086,19.88243],[96.22175,19.88378],[96.22121,19.88585],[96.22238,19.88612],[96.22247,19.88684],[96.22328,19.88755],[96.22023,19.88755],[96.22014,19.88836],[96.22247,19.88935],[96.22301,19.88935]]],[[[96.23163,19.90058],[96.2319,19.89995],[96.23307,19.89959],[96.23343,19.89833],[96.23244,19.89717],[96.23199,19.89528],[96.23128,19.89546],[96.23137,19.89627],[96.23029,19.89528],[96.23074,19.8942],[96.23065,19.89151],[96.23128,19.8898],[96.22993,19.88971],[96.22912,19.88755],[96.22759,19.88773],[96.22714,19.88728],[96.22687,19.88612],[96.22768,19.88612],[96.22786,19.88567],[96.22786,19.88495],[96.2275,19.88495],[96.22616,19.88639],[96.22651,19.88711],[96.22562,19.88755],[96.22553,19.88863],[96.22445,19.88926],[96.22409,19.89043],[96.22472,19.89097],[96.22454,19.89187],[96.22526,19.89294],[96.22436,19.89258],[96.22373,19.89393],[96.22328,19.89393],[96.22373,19.89115],[96.2231,19.89034],[96.22211,19.89205],[96.21861,19.8951],[96.21951,19.89618],[96.2187,19.89726],[96.21942,19.89762],[96.21942,19.89815],[96.22032,19.8978],[96.22139,19.89842],[96.22148,19.89959],[96.22319,19.89923],[96.22346,19.89842],[96.22427,19.89797],[96.22436,19.89672],[96.22454,19.89753],[96.22517,19.8978],[96.22544,19.89914],[96.22598,19.89896],[96.22616,19.89771],[96.22732,19.89887],[96.22867,19.89887],[96.22966,19.89797],[96.23101,19.89824],[96.23137,19.89986],[96.23065,19.90004],[96.23065,19.90058],[96.23163,19.90058]],[[96.22714,19.89537],[96.22571,19.89339],[96.22858,19.89438],[96.22777,19.89474],[96.22759,19.89564],[96.22723,19.89537],[96.22714,19.89537]]],[[[96.22346,19.91127],[96.22472,19.91019],[96.22517,19.91109],[96.22589,19.91091],[96.22445,19.90336],[96.22301,19.90238],[96.22229,19.90265],[96.22175,19.90184],[96.22014,19.90211],[96.21987,19.90148],[96.22041,19.90112],[96.22041,19.89977],[96.21888,19.89824],[96.21807,19.89806],[96.21735,19.89914],[96.21771,19.9013],[96.21924,19.90121],[96.21942,19.90157],[96.21627,19.90229],[96.21618,19.90327],[96.21744,19.90381],[96.21834,19.90507],[96.21969,19.90516],[96.22014,19.90588],[96.22211,19.90552],[96.22211,19.90399],[96.22121,19.90381],[96.22121,19.90283],[96.22346,19.90372],[96.22301,19.90633],[96.22445,19.90759],[96.2249,19.90893],[96.22409,19.91001],[96.22337,19.90974],[96.22247,19.91019],[96.22229,19.91127],[96.22346,19.91127]]],[[[96.22157,19.91361],[96.2222,19.91316],[96.22229,19.91235],[96.22148,19.91253],[96.22211,19.91154],[96.22139,19.91127],[96.22014,19.91199],[96.22094,19.91361],[96.22157,19.91361]]],[[[96.22466,19.9175],[96.22627,19.91686],[96.22565,19.91542],[96.22606,19.9137],[96.2252,19.91282],[96.22457,19.91282],[96.22421,19.9139],[96.22322,19.91426],[96.2234,19.91506],[96.22439,19.91542],[96.22403,19.91758],[96.22466,19.91758],[96.22466,19.9175]]],[[[96.2072,19.92672],[96.20747,19.92403],[96.20576,19.92528],[96.20576,19.92672],[96.2072,19.92672]]],[[[96.19939,19.92995],[96.20055,19.92888],[96.20136,19.92708],[96.19885,19.92825],[96.19885,19.92995],[96.19939,19.92995]]],[[[96.21008,19.93175],[96.21097,19.92969],[96.21008,19.92978],[96.20927,19.93121],[96.20954,19.93175],[96.21008,19.93175]]],[[[96.24511,19.93265],[96.24628,19.93175],[96.24493,19.93166],[96.24412,19.93004],[96.24241,19.93031],[96.24232,19.93094],[96.24349,19.93076],[96.24412,19.9313],[96.24394,19.93229],[96.24448,19.93265],[96.24511,19.93265]]],[[[96.24457,19.93543],[96.24502,19.93463],[96.24592,19.93525],[96.24556,19.93382],[96.2443,19.93382],[96.24421,19.93463],[96.2434,19.934],[96.24286,19.93418],[96.24295,19.93499],[96.24394,19.93543],[96.24457,19.93543]]],[[[96.24565,19.93786],[96.24613,19.93698],[96.24574,19.93552],[96.24529,19.93561],[96.24478,19.93707],[96.24511,19.93786],[96.24565,19.93786]]],[[[96.22472,19.94244],[96.22589,19.94145],[96.22589,19.94091],[96.22526,19.94064],[96.22598,19.94064],[96.2266,19.94002],[96.22633,19.93849],[96.22705,19.93795],[96.22678,19.93588],[96.22598,19.93552],[96.22589,19.93481],[96.22346,19.9357],[96.22346,19.93669],[96.22274,19.93795],[96.2222,19.9366],[96.22148,19.93651],[96.22157,19.93759],[96.22032,19.93867],[96.22059,19.93975],[96.22265,19.93939],[96.22292,19.9384],[96.22391,19.93885],[96.22427,19.94244],[96.22472,19.94244]]],[[[96.22346,19.94397],[96.22391,19.9437],[96.22355,19.94145],[96.2231,19.94082],[96.22229,19.94073],[96.22274,19.94145],[96.22238,19.94343],[96.2231,19.94397],[96.22346,19.94397]]],[[[96.19013,19.94568],[96.19202,19.94424],[96.19301,19.94424],[96.1931,19.94379],[96.19157,19.94361],[96.19094,19.94442],[96.19013,19.9446],[96.18977,19.94568],[96.19013,19.94568]]],[[[96.23102,19.94685],[96.23172,19.94666],[96.23128,19.94316],[96.23083,19.94316],[96.23011,19.9446],[96.23065,19.94532],[96.22977,19.94568],[96.22968,19.94667],[96.23003,19.94685],[96.23102,19.94685]]],[[[96.19768,19.95116],[96.19858,19.9499],[96.19956,19.94999],[96.19965,19.94945],[96.19876,19.94882],[96.19777,19.94882],[96.19669,19.94999],[96.19669,19.95062],[96.19741,19.95116],[96.19768,19.95116]]],[[[96.22759,19.95511],[96.22768,19.95439],[96.22705,19.95385],[96.22804,19.95331],[96.22804,19.9525],[96.22741,19.95142],[96.22696,19.95151],[96.22642,19.95511],[96.22759,19.95511]]],[[[96.2266,19.9605],[96.2275,19.96032],[96.22849,19.95879],[96.22831,19.95798],[96.22768,19.95771],[96.22804,19.95708],[96.22777,19.95637],[96.22678,19.95637],[96.22589,19.95762],[96.22589,19.95798],[96.22696,19.95825],[96.22571,19.95816],[96.22642,19.95915],[96.22553,19.95969],[96.22544,19.9605],[96.2266,19.9605]]],[[[96.22436,19.96122],[96.22472,19.96005],[96.22445,19.95933],[96.22301,19.95987],[96.22274,19.96113],[96.22373,19.96122],[96.22436,19.96122]]],[[[96.24996,19.96427],[96.25122,19.96382],[96.25113,19.96301],[96.24978,19.96292],[96.24762,19.96113],[96.24619,19.96149],[96.24601,19.96032],[96.24439,19.95852],[96.24304,19.95888],[96.24376,19.96149],[96.24286,19.96193],[96.24358,19.96274],[96.24412,19.96274],[96.24412,19.96167],[96.24493,19.96167],[96.24511,19.96086],[96.24511,19.96176],[96.24602,19.96329],[96.24692,19.96355],[96.24717,19.96283],[96.2478,19.96329],[96.24816,19.96283],[96.24879,19.96355],[96.24969,19.96364],[96.24925,19.96379],[96.24951,19.96427],[96.24996,19.96427]]],[[[96.22077,19.96436],[96.2213,19.96409],[96.22148,19.96176],[96.22068,19.96184],[96.22023,19.96436],[96.22077,19.96436]]],[[[96.25616,19.96948],[96.25625,19.96867],[96.25544,19.96876],[96.25589,19.96849],[96.25544,19.96679],[96.25463,19.96598],[96.25346,19.96607],[96.25301,19.96741],[96.2558,19.96948],[96.25616,19.96948]]],[[[96.25966,19.97101],[96.25975,19.97038],[96.25876,19.96957],[96.25903,19.96822],[96.25822,19.96813],[96.25769,19.96975],[96.2593,19.97101],[96.25966,19.97101]]],[[[96.22695,19.97524],[96.22749,19.97326],[96.22695,19.97326],[96.22678,19.97425],[96.22583,19.97408],[96.22534,19.97452],[96.22525,19.97497],[96.22597,19.97524],[96.22695,19.97524]]],[[[96.26442,19.97595],[96.26478,19.97397],[96.26281,19.97352],[96.26281,19.97442],[96.2637,19.97595],[96.26442,19.97595]]],[[[96.25903,19.97604],[96.25876,19.97442],[96.25921,19.97532],[96.26038,19.97478],[96.26038,19.97424],[96.25913,19.97304],[96.25877,19.97304],[96.25886,19.97361],[96.25805,19.97379],[96.25814,19.97453],[96.25781,19.97453],[96.25867,19.97604],[96.25903,19.97604]]],[[[96.23166,19.98172],[96.23184,19.98037],[96.23095,19.97974],[96.23005,19.98037],[96.23005,19.98091],[96.23131,19.98172],[96.23166,19.98172]]],[[[96.23095,19.98316],[96.23131,19.98298],[96.23109,19.98216],[96.22987,19.98208],[96.22857,19.98081],[96.22869,19.98296],[96.22965,19.98271],[96.23032,19.98316],[96.23095,19.98316]]],[[[96.23217,19.99409],[96.23307,19.99436],[96.23361,19.99275],[96.23469,19.99275],[96.23406,19.99023],[96.23505,19.98969],[96.23451,19.98844],[96.23532,19.98781],[96.23532,19.98727],[96.23505,19.98565],[96.23388,19.98565],[96.23361,19.98475],[96.23442,19.98412],[96.23433,19.98233],[96.23343,19.98251],[96.23379,19.98376],[96.2319,19.98538],[96.23244,19.98727],[96.23199,19.98817],[96.23092,19.98844],[96.23073,19.98773],[96.22965,19.98746],[96.22956,19.98665],[96.22893,19.98683],[96.22914,19.98871],[96.23002,19.98916],[96.23083,19.99068],[96.23172,19.99068],[96.23172,19.99212],[96.2328,19.99221],[96.23208,19.99275],[96.23047,19.99257],[96.23038,19.994],[96.23217,19.99374],[96.23217,19.99409]]],[[[96.22687,20.00065],[96.22813,19.99832],[96.2293,19.99886],[96.22903,19.99742],[96.22804,19.99697],[96.22912,19.99571],[96.22714,19.99571],[96.22687,19.99652],[96.22607,19.99643],[96.22598,19.99535],[96.22732,19.99544],[96.22831,19.99418],[96.22642,19.99463],[96.22535,19.99374],[96.22463,19.99571],[96.2266,19.99823],[96.22598,20.00065],[96.22687,20.00065]]],[[[96.23379,20.00263],[96.23361,20.00137],[96.23253,20.00155],[96.23253,20.00335],[96.23388,20.00344],[96.23388,20.00263],[96.23379,20.00263]]],[[[96.2363,20.00363],[96.23756,20.00263],[96.23791,20.00147],[96.23687,20.00166],[96.23625,20.00263],[96.23541,20.00236],[96.23603,20.00363],[96.2363,20.00363]]],[[[96.22813,20.00631],[96.22858,20.00541],[96.22813,20.00398],[96.23154,20.00236],[96.23128,20.00065],[96.22984,20.00056],[96.22948,20.00173],[96.22867,20.00227],[96.2275,20.00137],[96.22741,20.00272],[96.22633,20.00209],[96.22598,20.00389],[96.22517,20.00416],[96.22436,20.00371],[96.22373,20.00469],[96.22391,20.00523],[96.22481,20.00514],[96.22777,20.00631],[96.22813,20.00631]]],[[[96.23029,20.00928],[96.23029,20.00776],[96.231,20.00713],[96.23091,20.0065],[96.22993,20.00667],[96.22957,20.00775],[96.22804,20.00775],[96.2283,20.00857],[96.22939,20.00847],[96.23002,20.00928],[96.23029,20.00928]]],[[[96.24098,20.01116],[96.2417,20.01071],[96.24107,20.01017],[96.24116,20.00883],[96.24026,20.00856],[96.23945,20.00883],[96.23945,20.01017],[96.24035,20.01116],[96.24098,20.01116]]],[[[96.23801,20.01332],[96.23909,20.01233],[96.23792,20.01125],[96.2372,20.01197],[96.23765,20.01332],[96.23801,20.01332]]],[[[96.2346,20.01772],[96.23514,20.01691],[96.23406,20.01637],[96.23433,20.01503],[96.23379,20.01494],[96.23325,20.01673],[96.23424,20.01772],[96.2346,20.01772]]],[[[96.23945,20.01943],[96.23981,20.01817],[96.24268,20.01772],[96.24367,20.01691],[96.2443,20.01556],[96.2452,20.01673],[96.2461,20.01529],[96.24601,20.01467],[96.24547,20.01485],[96.24529,20.01449],[96.2461,20.01449],[96.24619,20.01377],[96.2452,20.01314],[96.24466,20.01323],[96.24394,20.01494],[96.24349,20.01458],[96.24403,20.01395],[96.24403,20.01179],[96.24304,20.01008],[96.2425,20.01008],[96.2417,20.01134],[96.2417,20.01215],[96.2425,20.01287],[96.24188,20.01377],[96.24295,20.01512],[96.24223,20.01565],[96.24286,20.01601],[96.24223,20.017],[96.24197,20.01619],[96.2408,20.01628],[96.24008,20.01673],[96.23999,20.01763],[96.23936,20.01772],[96.23891,20.01637],[96.23747,20.01574],[96.23685,20.01458],[96.23604,20.01431],[96.23595,20.01341],[96.23469,20.01404],[96.23496,20.01485],[96.23693,20.01583],[96.2372,20.01736],[96.23676,20.01745],[96.23676,20.01799],[96.23819,20.0179],[96.23882,20.01943],[96.23945,20.01943]]],[[[96.22256,20.01988],[96.22265,20.01889],[96.22364,20.0188],[96.22436,20.01934],[96.22642,20.01871],[96.22714,20.01736],[96.22642,20.01691],[96.22409,20.01682],[96.22328,20.01619],[96.22301,20.01736],[96.2222,20.01808],[96.22256,20.01889],[96.22157,20.01934],[96.22184,20.01988],[96.22256,20.01988]]],[[[96.2178,20.02266],[96.2205,20.02095],[96.22086,20.02024],[96.21888,20.01925],[96.21708,20.01934],[96.21771,20.02149],[96.21726,20.02194],[96.21753,20.02266],[96.2178,20.02266]]],[[[96.20963,20.03146],[96.21133,20.03102],[96.21151,20.03003],[96.20999,20.02958],[96.20882,20.03066],[96.20936,20.03146],[96.20963,20.03146]]],[[[96.24232,20.032],[96.24313,20.03066],[96.24053,20.0285],[96.24071,20.03066],[96.2417,20.03119],[96.24188,20.032],[96.24232,20.032]]],[[[96.22912,20.03209],[96.22921,20.02958],[96.22876,20.02931],[96.22912,20.02913],[96.22912,20.02769],[96.22858,20.02697],[96.22786,20.02688],[96.22804,20.02572],[96.22903,20.02509],[96.2284,20.02275],[96.22885,20.0214],[96.22786,20.02077],[96.22768,20.01979],[96.22876,20.01925],[96.22912,20.01682],[96.22858,20.01664],[96.22651,20.01916],[96.22499,20.0197],[96.22508,20.02024],[96.22633,20.02077],[96.22633,20.02221],[96.22705,20.02266],[96.22687,20.02383],[96.22598,20.02437],[96.22598,20.02491],[96.22678,20.02509],[96.22723,20.02598],[96.22678,20.02805],[96.22427,20.02823],[96.22292,20.02778],[96.2222,20.02922],[96.22373,20.02949],[96.2249,20.02868],[96.22598,20.02868],[96.22723,20.03057],[96.22849,20.03066],[96.22876,20.03209],[96.22912,20.03209]]],[[[96.20648,20.03676],[96.20666,20.03569],[96.20603,20.03506],[96.20675,20.03479],[96.20693,20.03407],[96.20774,20.03407],[96.20801,20.03353],[96.20864,20.03371],[96.20783,20.03119],[96.2063,20.03155],[96.20648,20.03218],[96.20765,20.03209],[96.20558,20.03245],[96.20513,20.03425],[96.20379,20.03416],[96.20397,20.03569],[96.20504,20.03667],[96.20594,20.03614],[96.20612,20.03676],[96.20648,20.03676]]],[[[96.24134,20.03703],[96.24098,20.03623],[96.23909,20.03533],[96.2399,20.03703],[96.24134,20.03703]]],[[[96.19346,20.04036],[96.19444,20.03973],[96.19444,20.0391],[96.19337,20.03892],[96.19283,20.03784],[96.19211,20.03784],[96.19211,20.04018],[96.19265,20.04036],[96.19346,20.04036]]],[[[96.1851,20.04494],[96.18708,20.04422],[96.18663,20.0435],[96.18699,20.04224],[96.18636,20.04323],[96.18465,20.04413],[96.18438,20.04494],[96.1851,20.04494]]],[[[96.23379,20.04817],[96.23406,20.04746],[96.23487,20.04718],[96.23478,20.04647],[96.23415,20.04602],[96.23253,20.04647],[96.23325,20.04817],[96.23379,20.04817]]],[[[96.2408,20.04826],[96.24161,20.04727],[96.24161,20.04593],[96.24098,20.04467],[96.23972,20.04323],[96.23864,20.04323],[96.23819,20.0426],[96.23658,20.0426],[96.23685,20.04072],[96.23604,20.04027],[96.2364,20.0409],[96.23559,20.04144],[96.2355,20.04206],[96.23613,20.04242],[96.23334,20.04269],[96.23334,20.04332],[96.23478,20.0435],[96.23532,20.04449],[96.23496,20.04602],[96.23559,20.04602],[96.23667,20.04467],[96.23729,20.04575],[96.23828,20.04602],[96.23774,20.04701],[96.23891,20.04754],[96.23927,20.04647],[96.24035,20.04826],[96.2408,20.04826]]],[[[96.23577,20.05006],[96.23631,20.04952],[96.23613,20.04889],[96.23559,20.04898],[96.23487,20.04826],[96.23397,20.04853],[96.23532,20.05006],[96.23577,20.05006]]],[[[96.24412,20.05024],[96.24376,20.04835],[96.24259,20.04853],[96.24322,20.04808],[96.24322,20.04736],[96.24215,20.04718],[96.24161,20.04772],[96.24161,20.04961],[96.24358,20.05024],[96.24412,20.05024]]],[[[96.17109,20.05195],[96.17244,20.05159],[96.17244,20.05105],[96.16947,20.05033],[96.16938,20.05087],[96.17046,20.05195],[96.17109,20.05195]]],[[[96.22696,20.05734],[96.22822,20.05653],[96.22822,20.05599],[96.22804,20.05482],[96.22687,20.05437],[96.22642,20.05446],[96.22705,20.05554],[96.22624,20.05635],[96.22651,20.05734],[96.22696,20.05734]]],[[[96.21888,20.06425],[96.21933,20.06407],[96.21951,20.06255],[96.21897,20.06093],[96.21753,20.06228],[96.21834,20.06425],[96.21888,20.06425]]],[[[96.22319,20.06425],[96.22445,20.06255],[96.2258,20.06201],[96.22696,20.06228],[96.22732,20.06353],[96.22786,20.06362],[96.22885,20.0594],[96.22795,20.05931],[96.22669,20.05994],[96.22508,20.05886],[96.22409,20.05994],[96.22355,20.05922],[96.22265,20.05931],[96.22238,20.06039],[96.2231,20.06057],[96.22292,20.06102],[96.22193,20.06075],[96.22195,20.0594],[96.22148,20.0594],[96.22086,20.06039],[96.21969,20.06021],[96.2196,20.06165],[96.22148,20.06138],[96.22328,20.06219],[96.22355,20.06309],[96.22292,20.06246],[96.22238,20.06264],[96.22247,20.06425],[96.22319,20.06425]]],[[[96.1657,20.06713],[96.1666,20.06668],[96.16651,20.06398],[96.16732,20.06317],[96.16857,20.06389],[96.16884,20.0621],[96.16839,20.06201],[96.16812,20.06255],[96.1666,20.06228],[96.1657,20.0638],[96.16507,20.06713],[96.1657,20.06713]]],[[[96.24915,20.06785],[96.24951,20.0665],[96.24906,20.06578],[96.24807,20.0665],[96.24834,20.06785],[96.24915,20.06785]]],[[[96.24071,20.06695],[96.2399,20.06668],[96.24008,20.06596],[96.24098,20.06695],[96.24241,20.06614],[96.2425,20.06551],[96.23999,20.06551],[96.23981,20.06515],[96.24313,20.06407],[96.24331,20.06246],[96.24287,20.0617],[96.24071,20.06246],[96.24108,20.06183],[96.24232,20.06138],[96.24223,20.06093],[96.24099,20.06107],[96.24089,20.05895],[96.23999,20.05931],[96.24008,20.06273],[96.23828,20.06309],[96.23792,20.06362],[96.23765,20.06237],[96.23828,20.0621],[96.23846,20.0612],[96.23774,20.06102],[96.23729,20.06156],[96.23613,20.06138],[96.23568,20.06174],[96.2355,20.06012],[96.23461,20.06008],[96.23361,20.0603],[96.23379,20.06111],[96.23325,20.06246],[96.23271,20.06174],[96.23047,20.06111],[96.22993,20.06282],[96.23029,20.0638],[96.22939,20.06398],[96.22939,20.06264],[96.23047,20.0603],[96.22993,20.05985],[96.2293,20.06003],[96.22839,20.06426],[96.2293,20.06497],[96.22849,20.06704],[96.22948,20.06758],[96.2285,20.06781],[96.22858,20.06874],[96.22993,20.06856],[96.23048,20.06916],[96.23057,20.06865],[96.23146,20.06835],[96.23308,20.0688],[96.23362,20.06794],[96.23496,20.06919],[96.23505,20.06803],[96.23568,20.06749],[96.23667,20.06883],[96.2372,20.06883],[96.23739,20.06821],[96.23855,20.06794],[96.23864,20.06731],[96.23909,20.06767],[96.24071,20.0674],[96.24071,20.06695]]],[[[96.24646,20.07054],[96.24682,20.06892],[96.24825,20.06892],[96.24834,20.06821],[96.24664,20.06794],[96.24583,20.06839],[96.24556,20.06991],[96.24619,20.07054],[96.24646,20.07054]]],[[[96.25673,20.07221],[96.25624,20.07064],[96.2548,20.06947],[96.25499,20.07073],[96.25453,20.07118],[96.2576,20.07378],[96.25698,20.07221],[96.25673,20.07221]]],[[[96.15555,20.07476],[96.15609,20.0744],[96.15609,20.07333],[96.15788,20.07243],[96.15824,20.07117],[96.15555,20.07324],[96.15519,20.07476],[96.15555,20.07476]]],[[[96.23774,20.07189],[96.23774,20.07279],[96.23909,20.07315],[96.23828,20.0744],[96.23873,20.07494],[96.2399,20.07395],[96.23981,20.07216],[96.23955,20.07176],[96.23838,20.07189],[96.23774,20.07189]]],[[[96.22068,20.07557],[96.22211,20.07494],[96.22184,20.07315],[96.22274,20.07342],[96.22427,20.07243],[96.22391,20.07126],[96.22157,20.0718],[96.22202,20.07027],[96.22157,20.07027],[96.22077,20.07144],[96.22086,20.07458],[96.22032,20.07503],[96.22041,20.07557],[96.22068,20.07557]]],[[[96.2319,20.07638],[96.23325,20.0762],[96.23388,20.07539],[96.23208,20.07503],[96.2311,20.07566],[96.23146,20.07638],[96.2319,20.07638]]],[[[96.23487,20.07638],[96.23514,20.07539],[96.23801,20.0753],[96.23765,20.07351],[96.23676,20.07351],[96.23658,20.07234],[96.23541,20.07225],[96.2346,20.07297],[96.23514,20.07485],[96.23433,20.07369],[96.23325,20.0744],[96.23334,20.07503],[96.23442,20.07449],[96.23397,20.07575],[96.2346,20.07638],[96.23487,20.07638]]],[[[96.21879,20.07674],[96.21888,20.07584],[96.21753,20.0753],[96.21726,20.07422],[96.21555,20.07395],[96.21538,20.07485],[96.21439,20.07557],[96.21448,20.07611],[96.2169,20.07647],[96.21753,20.07548],[96.21843,20.07674],[96.21879,20.07674]]],[[[96.22732,20.07746],[96.22822,20.07674],[96.23038,20.07629],[96.23038,20.07566],[96.22795,20.07503],[96.22957,20.07494],[96.22957,20.07404],[96.22813,20.07413],[96.22723,20.0736],[96.22642,20.07386],[96.22642,20.07458],[96.22562,20.07494],[96.22562,20.07584],[96.22607,20.07719],[96.22687,20.07746],[96.22732,20.07746]]],[[[96.22427,20.07755],[96.22508,20.07512],[96.22472,20.07431],[96.22391,20.0744],[96.224,20.07521],[96.22337,20.07611],[96.22382,20.07755],[96.22427,20.07755]]],[[[96.24996,20.07216],[96.24978,20.07243],[96.25005,20.07117],[96.24915,20.07072],[96.24933,20.07036],[96.25014,20.07054],[96.24996,20.0691],[96.24942,20.06892],[96.2487,20.06937],[96.24888,20.07009],[96.2478,20.07144],[96.24825,20.07243],[96.24736,20.07324],[96.24736,20.07378],[96.24834,20.07431],[96.2487,20.07845],[96.24924,20.07836],[96.25014,20.07674],[96.25005,20.0753],[96.25113,20.07351],[96.25077,20.07234],[96.25005,20.07216],[96.24996,20.07216]]],[[[96.21079,20.07881],[96.21178,20.07836],[96.21196,20.07611],[96.20882,20.07737],[96.209,20.078],[96.20999,20.078],[96.21052,20.07881],[96.21079,20.07881]]],[[[96.25157,20.06848],[96.25134,20.06823],[96.25203,20.06785],[96.25203,20.06443],[96.2513,20.0639],[96.25176,20.06129],[96.25104,20.06057],[96.25076,20.05896],[96.25166,20.0586],[96.25175,20.05744],[96.25035,20.05636],[96.25062,20.05475],[96.25157,20.0533],[96.25149,20.05213],[96.25113,20.05159],[96.25031,20.05205],[96.24972,20.04927],[96.247,20.04485],[96.24595,20.0437],[96.24541,20.04368],[96.24583,20.04278],[96.24511,20.04162],[96.24433,20.04153],[96.24448,20.04081],[96.24232,20.03973],[96.24191,20.04014],[96.24164,20.03966],[96.242,20.03957],[96.23882,20.03695],[96.23765,20.03479],[96.23828,20.03371],[96.23702,20.03362],[96.23603,20.03264],[96.23702,20.032],[96.23702,20.03155],[96.2355,20.03137],[96.23505,20.02976],[96.23604,20.03012],[96.23613,20.02958],[96.23469,20.0285],[96.23532,20.02715],[96.23604,20.02724],[96.23649,20.02823],[96.23711,20.02841],[96.23729,20.02706],[96.23631,20.02652],[96.23604,20.02563],[96.23765,20.025],[96.23765,20.0241],[96.23864,20.02329],[96.23945,20.02365],[96.23927,20.02464],[96.23999,20.02607],[96.2399,20.02697],[96.24089,20.02715],[96.24098,20.02392],[96.24232,20.02311],[96.2434,20.02347],[96.24394,20.02293],[96.24358,20.02167],[96.24259,20.02059],[96.24358,20.0188],[96.2408,20.0188],[96.2399,20.02024],[96.23774,20.02095],[96.23882,20.02176],[96.23792,20.02239],[96.2372,20.02203],[96.23765,20.02077],[96.23702,20.0197],[96.23765,20.01979],[96.23801,20.01889],[96.23649,20.01952],[96.2346,20.01943],[96.23316,20.02059],[96.23226,20.02006],[96.23208,20.01898],[96.23163,20.01898],[96.23166,20.01997],[96.23118,20.0189],[96.23238,20.01846],[96.23184,20.01783],[96.23247,20.01765],[96.23211,20.01675],[96.23279,20.01496],[96.23912,20.00876],[96.24182,20.0049],[96.24253,20.00049],[96.24226,19.99735],[96.24191,19.99788],[96.24262,19.99277],[96.2425,19.99043],[96.24285,19.99006],[96.24339,19.99051],[96.24357,19.9897],[96.24348,19.98898],[96.24235,19.98934],[96.24217,19.98897],[96.24268,19.9871],[96.24205,19.98611],[96.24286,19.9854],[96.24538,19.98529],[96.24547,19.98475],[96.24493,19.9843],[96.24124,19.98458],[96.24098,19.98603],[96.23939,19.98145],[96.24206,19.97667],[96.24403,19.97712],[96.24601,19.97882],[96.24664,19.97873],[96.24574,19.97739],[96.24358,19.97658],[96.24294,19.97578],[96.24098,19.9755],[96.2408,19.97487],[96.24017,19.97514],[96.24061,19.97731],[96.23998,19.97722],[96.24034,19.97147],[96.24016,19.97093],[96.23867,19.97094],[96.23948,19.97094],[96.23975,19.9704],[96.24038,19.97067],[96.24056,19.96932],[96.24088,19.96976],[96.24151,19.96922],[96.24196,19.96805],[96.24191,19.96654],[96.24153,19.96635],[96.24214,19.96617],[96.24205,19.96365],[96.24277,19.96373],[96.24277,19.96265],[96.24092,19.96203],[96.24107,19.95771],[96.2408,19.95681],[96.23953,19.95575],[96.23926,19.95349],[96.24002,19.95208],[96.24029,19.94965],[96.24152,19.94927],[96.2417,19.94999],[96.24223,19.94999],[96.2434,19.94918],[96.24313,19.94469],[96.24241,19.94352],[96.24197,19.94352],[96.24241,19.94496],[96.24206,19.94568],[96.24008,19.94478],[96.2408,19.94451],[96.24179,19.94307],[96.24152,19.94226],[96.24098,19.94208],[96.24026,19.94262],[96.24035,19.94388],[96.239,19.94424],[96.23936,19.94568],[96.23882,19.94577],[96.23882,19.9463],[96.23936,19.94685],[96.23854,19.94595],[96.23885,19.94399],[96.23818,19.94121],[96.23867,19.9404],[96.24044,19.94029],[96.24071,19.93858],[96.23918,19.93759],[96.238,19.93778],[96.23747,19.93561],[96.23652,19.936],[96.23607,19.93573],[96.23652,19.93528],[96.23517,19.93564],[96.23652,19.93456],[96.23705,19.93294],[96.23705,19.9307],[96.23471,19.92794],[96.23459,19.927],[96.23398,19.92668],[96.23445,19.92611],[96.23362,19.92615],[96.23301,19.92459],[96.23328,19.92423],[96.23373,19.92522],[96.23427,19.92513],[96.23409,19.92381],[96.23443,19.92282],[96.2349,19.9227],[96.23409,19.92215],[96.23409,19.92162],[96.23459,19.92108],[96.23459,19.92215],[96.23517,19.92279],[96.23559,19.92224],[96.23649,19.92465],[96.23634,19.92511],[96.23612,19.92439],[96.23526,19.92468],[96.23488,19.9274],[96.23594,19.9288],[96.23684,19.92917],[96.23755,19.93132],[96.23764,19.93266],[96.23729,19.93248],[96.23755,19.93284],[96.23702,19.9332],[96.23652,19.93528],[96.23792,19.93481],[96.23882,19.934],[96.23818,19.9319],[96.23882,19.93094],[96.23873,19.92924],[96.23927,19.92897],[96.23927,19.9278],[96.23899,19.92664],[96.23845,19.92664],[96.23773,19.92799],[96.23702,19.92764],[96.2372,19.92673],[96.23827,19.92673],[96.23818,19.92601],[96.23899,19.92565],[96.23881,19.92457],[96.23773,19.92439],[96.23765,19.92367],[96.23828,19.92295],[96.23765,19.92241],[96.23876,19.9218],[96.23912,19.92216],[96.23891,19.92376],[96.24044,19.92331],[96.24035,19.92106],[96.23882,19.91989],[96.23837,19.92115],[96.23711,19.92142],[96.23649,19.92061],[96.23586,19.92061],[96.23544,19.9217],[96.23472,19.92001],[96.23436,19.92001],[96.23488,19.91806],[96.23463,19.9192],[96.23427,19.91917],[96.23427,19.91758],[96.23657,19.91551],[96.23621,19.91657],[96.23486,19.91757],[96.2354,19.91837],[96.23514,19.9198],[96.23613,19.91989],[96.23667,19.91917],[96.23822,19.9192],[96.23774,19.91621],[96.23909,19.91585],[96.24062,19.91361],[96.24197,19.91343],[96.24277,19.91271],[96.2425,19.9119],[96.24331,19.90983],[96.24277,19.90875],[96.24262,19.9062],[96.24358,19.90633],[96.24376,19.90552],[96.24277,19.90516],[96.24277,19.90381],[96.2411,19.90248],[96.24146,19.89854],[96.24071,19.89735],[96.24053,19.89537],[96.23927,19.89456],[96.23864,19.89294],[96.23595,19.89054],[96.23571,19.88953],[96.2364,19.88971],[96.2364,19.88926],[96.23631,19.88836],[96.23577,19.88818],[96.2372,19.88755],[96.2372,19.88675],[96.23837,19.88468],[96.23837,19.88414],[96.23756,19.88396],[96.23756,19.88324],[96.23927,19.88261],[96.23945,19.88172],[96.23864,19.88145],[96.23882,19.88082],[96.2399,19.88118],[96.23981,19.88037],[96.23882,19.88037],[96.23864,19.87992],[96.23765,19.88028],[96.23837,19.8783],[96.23747,19.87803],[96.23685,19.87884],[96.23631,19.87857],[96.23732,19.87731],[96.23837,19.87749],[96.23873,19.87848],[96.2399,19.87884],[96.23954,19.8801],[96.23999,19.88019],[96.24017,19.87893],[96.24116,19.87848],[96.24116,19.87758],[96.24053,19.8774],[96.24071,19.87633],[96.24017,19.87624],[96.23999,19.87561],[96.24152,19.87543],[96.2425,19.87437],[96.24259,19.87668],[96.24313,19.87677],[96.24421,19.87588],[96.24475,19.87354],[96.24367,19.87219],[96.24295,19.87246],[96.24259,19.87147],[96.24143,19.87156],[96.2408,19.87076],[96.23864,19.87058],[96.2372,19.86986],[96.23622,19.87022],[96.23604,19.86806],[96.23685,19.86878],[96.23774,19.8686],[96.23828,19.86932],[96.239,19.86932],[96.23936,19.8686],[96.24035,19.86887],[96.23972,19.86761],[96.23747,19.86788],[96.23702,19.86716],[96.23505,19.86707],[96.23505,19.86761],[96.23577,19.86806],[96.23532,19.86887],[96.23415,19.86824],[96.23478,19.8704],[96.23405,19.87147],[96.23235,19.86986],[96.23388,19.86779],[96.23369,19.86699],[96.23486,19.86457],[96.23586,19.86411],[96.23631,19.86312],[96.23765,19.86258],[96.23936,19.85962],[96.23918,19.85899],[96.23863,19.85935],[96.23791,19.85891],[96.23738,19.85972],[96.23809,19.85954],[96.23828,19.86025],[96.23741,19.86034],[96.23576,19.85855],[96.23729,19.85855],[96.23747,19.85783],[96.23954,19.85674],[96.23972,19.85533],[96.24071,19.85584],[96.24053,19.85324],[96.24116,19.85315],[96.24125,19.8527],[96.23936,19.85288],[96.239,19.8536],[96.23783,19.85342],[96.23756,19.85414],[96.23622,19.85342],[96.23631,19.85495],[96.23478,19.85629],[96.2328,19.85674],[96.23181,19.85639],[96.23163,19.85557],[96.23083,19.85548],[96.23056,19.85629],[96.2293,19.85647],[96.22867,19.8571],[96.22866,19.858],[96.22852,19.85542],[96.22924,19.85461],[96.22938,19.85344],[96.22993,19.85317],[96.23056,19.8536],[96.23154,19.85306],[96.23128,19.85153],[96.23056,19.85225],[96.23032,19.85199],[96.23136,19.85091],[96.2314,19.85009],[96.23217,19.85009],[96.23208,19.84938],[96.23154,19.84938],[96.2314,19.84886],[96.23379,19.84569],[96.23415,19.84452],[96.23307,19.84399],[96.23262,19.84318],[96.2328,19.84237],[96.23101,19.84039],[96.23083,19.8394],[96.23011,19.83994],[96.22966,19.83922],[96.22849,19.83914],[96.22843,19.84156],[96.22777,19.84147],[96.22678,19.84237],[96.22544,19.84201],[96.22535,19.84273],[96.2258,19.84309],[96.22508,19.84461],[96.22544,19.84769],[96.22462,19.84885],[96.22394,19.84904],[96.22436,19.84857],[96.22382,19.84866],[96.22301,19.84767],[96.22184,19.8439],[96.22247,19.84327],[96.22301,19.84336],[96.22301,19.84237],[96.22426,19.84139],[96.22427,19.8403],[96.22481,19.84003],[96.22544,19.83833],[96.22741,19.83635],[96.2275,19.8341],[96.22669,19.83186],[96.22454,19.83069],[96.22373,19.83114],[96.22328,19.8306],[96.22346,19.8297],[96.22211,19.83006],[96.22229,19.83114],[96.22346,19.83249],[96.22304,19.83285],[96.22008,19.8289],[96.22031,19.82838],[96.22103,19.82944],[96.21999,19.82299],[96.22193,19.82359],[96.22193,19.82225],[96.22364,19.82243],[96.22373,19.82126],[96.2249,19.82135],[96.2249,19.82045],[96.22355,19.82036],[96.22346,19.81937],[96.22265,19.81928],[96.2222,19.81838],[96.22103,19.81847],[96.22086,19.81955],[96.2222,19.82036],[96.22165,19.82144],[96.22148,19.82055],[96.22062,19.82028],[96.22023,19.81946],[96.21878,19.81956],[96.21801,19.81841],[96.21891,19.81607],[96.22035,19.81517],[96.22032,19.81587],[96.22103,19.81605],[96.22121,19.81533],[96.22274,19.8147],[96.2225,19.81275],[96.22301,19.81299],[96.22364,19.81479],[96.2249,19.81461],[96.22544,19.81497],[96.22571,19.81677],[96.22633,19.81695],[96.22777,19.81677],[96.22822,19.81605],[96.22759,19.81542],[96.22777,19.81479],[96.22822,19.81569],[96.22876,19.81569],[96.22885,19.8147],[96.23119,19.81425],[96.23065,19.81353],[96.2293,19.81407],[96.22858,19.81407],[96.22813,19.81353],[96.22669,19.81371],[96.22687,19.81183],[96.22642,19.81183],[96.22589,19.81326],[96.22571,19.81254],[96.22472,19.81219],[96.22526,19.81165],[96.22498,19.80995],[96.22636,19.80825],[96.22714,19.80843],[96.22696,19.80931],[96.22759,19.81138],[96.22822,19.81174],[96.22822,19.81281],[96.22948,19.81263],[96.22921,19.81138],[96.2302,19.8121],[96.23038,19.81138],[96.22921,19.81021],[96.22912,19.80617],[96.22984,19.80554],[96.22978,19.80493],[96.2322,19.80331],[96.23328,19.80179],[96.2266,19.80663],[96.22624,19.80734],[96.22543,19.80734],[96.22534,19.8086],[96.22363,19.80977],[96.22331,19.81058],[96.22156,19.81058],[96.22156,19.81103],[96.22237,19.81121],[96.22219,19.81175],[96.22309,19.81129],[96.22139,19.81363],[96.21797,19.81552],[96.21621,19.81714],[96.21609,19.81669],[96.21537,19.81669],[96.21412,19.81856],[96.21403,19.81955],[96.21484,19.81903],[96.21502,19.81982],[96.21833,19.82128],[96.21801,19.82155],[96.21878,19.82253],[96.21936,19.82496],[96.21914,19.82675],[96.21968,19.82738],[96.22004,19.82649],[96.21995,19.82934],[96.21807,19.8297],[96.21648,19.83134],[96.21603,19.83395],[96.21699,19.83698],[96.21654,19.83788],[96.21573,19.83779],[96.216,19.83878],[96.21555,19.83905],[96.21511,19.8368],[96.21322,19.83599],[96.21331,19.83446],[96.2125,19.835],[96.21169,19.83482],[96.21133,19.83536],[96.21115,19.83428],[96.20999,19.83428],[96.21151,19.83321],[96.21106,19.83195],[96.21017,19.83195],[96.21017,19.83132],[96.21088,19.83096],[96.21097,19.82889],[96.2099,19.82719],[96.21008,19.82611],[96.21097,19.82557],[96.21079,19.82359],[96.21169,19.82261],[96.21106,19.82162],[96.21142,19.82108],[96.21286,19.82162],[96.21322,19.82072],[96.21151,19.82063],[96.21187,19.81964],[96.21061,19.81901],[96.20909,19.81874],[96.20855,19.81964],[96.20783,19.81901],[96.20846,19.81785],[96.20756,19.81722],[96.20208,19.81668],[96.2019,19.8182],[96.20127,19.8165],[96.19992,19.81614],[96.20145,19.81605],[96.20145,19.8147],[96.20262,19.81443],[96.20217,19.81605],[96.20316,19.81614],[96.20352,19.8156],[96.20487,19.81587],[96.20522,19.81479],[96.20576,19.81542],[96.20585,19.81659],[96.2063,19.81668],[96.20684,19.81614],[96.20747,19.81632],[96.20864,19.81497],[96.20972,19.81497],[96.20963,19.8138],[96.20909,19.81452],[96.20873,19.81434],[96.20918,19.81174],[96.21052,19.81362],[96.21223,19.81254],[96.21178,19.81066],[96.21304,19.80985],[96.21322,19.80913],[96.21412,19.80904],[96.21367,19.80796],[96.21277,19.80787],[96.21223,19.80724],[96.20999,19.80742],[96.2099,19.80698],[96.21097,19.80689],[96.21106,19.80644],[96.21008,19.80626],[96.20936,19.80554],[96.20738,19.80554],[96.20693,19.80608],[96.20666,19.80455],[96.20747,19.80419],[96.20783,19.8032],[96.20918,19.805],[96.21008,19.805],[96.21052,19.80428],[96.20972,19.80419],[96.20954,19.80374],[96.21106,19.80356],[96.21142,19.80293],[96.2125,19.80313],[96.21259,19.8041],[96.21412,19.80446],[96.21502,19.80419],[96.21547,19.80302],[96.21708,19.80212],[96.21726,19.8015],[96.21493,19.80141],[96.2143,19.80006],[96.21484,19.79925],[96.21699,19.79952],[96.21798,19.7988],[96.21798,19.79745],[96.21699,19.79808],[96.21663,19.79781],[96.21648,19.79606],[96.21834,19.79539],[96.2187,19.79404],[96.21834,19.79889],[96.21852,19.79961],[96.21942,19.80024],[96.2196,19.80123],[96.22032,19.80132],[96.22094,19.80069],[96.22005,19.79961],[96.22077,19.79925],[96.22265,19.79952],[96.22301,19.7988],[96.22391,19.79871],[96.22382,19.79808],[96.22265,19.79745],[96.22391,19.797],[96.22391,19.79638],[96.22283,19.79593],[96.22283,19.79458],[96.22355,19.79458],[96.22319,19.79557],[96.22364,19.79557],[96.224,19.7944],[96.2231,19.7935],[96.22346,19.79269],[96.22265,19.79251],[96.22256,19.79179],[96.21978,19.79036],[96.21888,19.79287],[96.21879,19.78982],[96.21648,19.78977],[96.21609,19.79054],[96.21717,19.79152],[96.21531,19.79233],[96.21475,19.78964],[96.21367,19.78946],[96.21585,19.78923],[96.21612,19.7886],[96.21789,19.78838],[96.21816,19.7864],[96.2178,19.7847],[96.21951,19.78416],[96.21951,19.78371],[96.21852,19.78308],[96.2205,19.78191],[96.22032,19.78128],[96.22121,19.78092],[96.22121,19.77958],[96.22238,19.77877],[96.22274,19.77607],[96.22166,19.77598],[96.22148,19.77553],[96.22319,19.77509],[96.22292,19.77365],[96.22391,19.77149],[96.22328,19.77023],[96.22238,19.77005],[96.2213,19.76862],[96.2205,19.76871],[96.22032,19.76952],[96.22139,19.76996],[96.22014,19.76996],[96.21969,19.76862],[96.22014,19.76817],[96.21996,19.76754],[96.21843,19.76907],[96.2169,19.76916],[96.21744,19.76996],[96.21834,19.76987],[96.21861,19.76925],[96.21915,19.76943],[96.21924,19.77023],[96.21762,19.77104],[96.21538,19.76835],[96.21439,19.77194],[96.21268,19.7732],[96.21277,19.77401],[96.21421,19.77365],[96.21412,19.77509],[96.21466,19.77535],[96.21448,19.77625],[96.21295,19.77616],[96.21232,19.77796],[96.21214,19.7794],[96.21316,19.78012],[96.21286,19.78173],[96.21232,19.78191],[96.21097,19.78048],[96.21052,19.78056],[96.21079,19.78604],[96.21034,19.78586],[96.21017,19.78434],[96.20855,19.78425],[96.20963,19.78389],[96.20918,19.7838],[96.20918,19.78209],[96.20873,19.78209],[96.20873,19.78357],[96.20741,19.78357],[96.20765,19.78227],[96.20822,19.78229],[96.20821,19.78195],[96.20768,19.78202],[96.20765,19.7803],[96.20696,19.78023],[96.20774,19.77985],[96.2075,19.77879],[96.20738,19.77953],[96.20633,19.77953],[96.20603,19.77796],[96.20606,19.78007],[96.2066,19.78021],[96.20525,19.78007],[96.20525,19.77845],[96.20504,19.78003],[96.20469,19.78003],[96.20469,19.77724],[96.20882,19.77742],[96.21002,19.77708],[96.20893,19.77701],[96.20893,19.77593],[96.20855,19.77589],[96.20855,19.77625],[96.20821,19.77602],[96.20846,19.77683],[96.20714,19.77656],[96.20522,19.77715],[96.20316,19.77715],[96.20283,19.77798],[96.20442,19.77769],[96.20442,19.78021],[96.20345,19.78052],[96.20361,19.78119],[96.20229,19.78114],[96.2022,19.7807],[96.20193,19.78132],[96.20361,19.78149],[96.2022,19.78168],[96.20229,19.78202],[96.20397,19.78173],[96.20415,19.78321],[96.2013,19.7833],[96.20058,19.78285],[96.2004,19.78339],[96.19933,19.78355],[96.19948,19.7856],[96.20022,19.78589],[96.201,19.78551],[96.20055,19.78631],[96.2001,19.78631],[96.1986,19.78546],[96.19759,19.78569],[96.19687,19.78524],[96.19723,19.78472],[96.19861,19.78499],[96.19896,19.78447],[96.19894,19.78362],[96.19797,19.78326],[96.19834,19.77915],[96.20055,19.7785],[96.20073,19.77904],[96.20019,19.77931],[96.20172,19.77931],[96.20193,19.78007],[96.20172,19.77571],[96.20972,19.7752],[96.21017,19.77589],[96.21169,19.77589],[96.21142,19.77446],[96.21223,19.7741],[96.21223,19.77347],[96.21133,19.77275],[96.21151,19.77059],[96.21097,19.77014],[96.21133,19.76979],[96.21106,19.76916],[96.21052,19.76916],[96.2099,19.77059],[96.20918,19.76934],[96.20765,19.77014],[96.20621,19.76952],[96.20576,19.77023],[96.20478,19.77005],[96.20504,19.77131],[96.20397,19.77041],[96.20172,19.76961],[96.201,19.7723],[96.20208,19.77185],[96.20271,19.77239],[96.20271,19.77311],[96.20181,19.77293],[96.20163,19.77365],[96.20091,19.77401],[96.20136,19.77491],[96.20112,19.77607],[96.19974,19.77634],[96.19894,19.77464],[96.1977,19.77491],[96.19759,19.77401],[96.19696,19.7741],[96.19768,19.77356],[96.1975,19.77284],[96.19795,19.7732],[96.19822,19.77248],[96.19759,19.77275],[96.19687,19.7723],[96.19552,19.77455],[96.19552,19.7767],[96.19672,19.77832],[96.19687,19.78092],[96.19606,19.782],[96.19669,19.78281],[96.19579,19.78335],[96.19579,19.78533],[96.19501,19.78732],[96.19609,19.78734],[96.19618,19.78685],[96.19687,19.78676],[96.19735,19.78743],[96.19959,19.78761],[96.19968,19.78797],[96.1995,19.7886],[96.19923,19.78779],[96.19789,19.78786],[96.19842,19.78858],[96.19642,19.78856],[96.19615,19.79036],[96.19687,19.79152],[96.19678,19.79278],[96.19606,19.79368],[96.19561,19.79296],[96.19409,19.79359],[96.194,19.79404],[96.19489,19.79431],[96.19418,19.79485],[96.19382,19.79395],[96.19319,19.79404],[96.19319,19.79557],[96.19516,19.79709],[96.19355,19.79862],[96.19292,19.80015],[96.19283,19.80203],[96.1931,19.80329],[96.194,19.80293],[96.19426,19.80356],[96.19543,19.80383],[96.19561,19.80482],[96.19669,19.80464],[96.19579,19.80509],[96.19561,19.8068],[96.19453,19.80787],[96.19435,19.80886],[96.19453,19.8094],[96.19507,19.80877],[96.19642,19.80913],[96.19525,19.8094],[96.1948,19.81021],[96.19346,19.81048],[96.19373,19.81156],[96.19471,19.8112],[96.19543,19.81147],[96.19453,19.8129],[96.19462,19.81353],[96.19651,19.81425],[96.19831,19.81335],[96.19858,19.81228],[96.19983,19.81075],[96.19974,19.81272],[96.20046,19.81308],[96.20055,19.81371],[96.2001,19.81398],[96.19939,19.81326],[96.19831,19.81407],[96.19741,19.81407],[96.19705,19.81524],[96.19822,19.81605],[96.19435,19.8165],[96.1931,19.81749],[96.19283,19.81955],[96.19498,19.82036],[96.19552,19.82162],[96.19786,19.82225],[96.19795,19.82494],[96.19858,19.82629],[96.19983,19.82746],[96.2019,19.82791],[96.20325,19.82943],[96.20433,19.82943],[96.20621,19.83078],[96.20792,19.82943],[96.20846,19.82961],[96.20801,19.83087],[96.20711,19.83087],[96.20487,19.83231],[96.20469,19.83419],[96.20549,19.83482],[96.20657,19.83428],[96.20774,19.83464],[96.20774,19.83564],[96.20642,19.83574],[96.2066,19.83691],[96.20801,19.83644],[96.20828,19.83833],[96.20999,19.83869],[96.20903,19.83997],[96.21071,19.84022],[96.21091,19.84176],[96.21168,19.84175],[96.21189,19.84075],[96.21277,19.84147],[96.21079,19.84219],[96.21088,19.843],[96.21223,19.843],[96.21564,19.84444],[96.21469,19.84473],[96.2146,19.84527],[96.21627,19.84497],[96.2163,19.84551],[96.21538,19.84578],[96.21547,19.84641],[96.21654,19.84632],[96.21675,19.84589],[96.21663,19.84686],[96.21753,19.84758],[96.21816,19.8474],[96.21816,19.84533],[96.21753,19.84452],[96.21825,19.84354],[96.21735,19.84237],[96.21753,19.84399],[96.21717,19.8439],[96.21708,19.84138],[96.21511,19.84183],[96.21349,19.84183],[96.2134,19.84138],[96.21591,19.8412],[96.21636,19.84066],[96.21744,19.84057],[96.21771,19.83958],[96.2169,19.83922],[96.21735,19.83824],[96.21807,19.83949],[96.22013,19.83934],[96.22085,19.83986],[96.22031,19.8413],[96.21834,19.84354],[96.2186,19.8466],[96.21977,19.84867],[96.22165,19.84967],[96.22139,19.85001],[96.22192,19.84994],[96.22277,19.8511],[96.22372,19.8511],[96.22367,19.85146],[96.22448,19.85173],[96.22489,19.85128],[96.22516,19.85181],[96.22484,19.85191],[96.22669,19.85371],[96.22681,19.85665],[96.22592,19.85676],[96.22592,19.85784],[96.22636,19.85919],[96.22821,19.86036],[96.22866,19.86205],[96.22902,19.8617],[96.22947,19.86233],[96.22974,19.8634],[96.22933,19.8634],[96.22875,19.86214],[96.22965,19.8652],[96.23005,19.86512],[96.22978,19.86476],[96.23032,19.86494],[96.22978,19.86188],[96.23029,19.86195],[96.2305,19.86314],[96.2314,19.86314],[96.23137,19.86179],[96.23193,19.86233],[96.2327,19.86197],[96.23256,19.86278],[96.2331,19.86296],[96.23199,19.86403],[96.23184,19.86521],[96.23059,19.86539],[96.23082,19.86608],[96.23023,19.86557],[96.23005,19.86638],[96.23064,19.86906],[96.23131,19.86907],[96.23113,19.86691],[96.23163,19.86727],[96.23163,19.86933],[96.23109,19.8696],[96.23136,19.87009],[96.23086,19.87067],[96.23086,19.86961],[96.23028,19.87103],[96.23028,19.87373],[96.23104,19.87518],[96.23145,19.87913],[96.23131,19.88011],[96.23028,19.88146],[96.23005,19.8838],[96.23038,19.88576],[96.23216,19.88901],[96.23199,19.88981],[96.23279,19.89026],[96.23199,19.89196],[96.23154,19.89205],[96.23154,19.89321],[96.23271,19.89429],[96.23379,19.89429],[96.23513,19.89349],[96.23622,19.89393],[96.23686,19.8934],[96.23756,19.89359],[96.2381,19.89519],[96.24007,19.8978],[96.23975,19.89789],[96.23821,19.89555],[96.238,19.89602],[96.23773,19.8952],[96.23702,19.89556],[96.23741,19.89674],[96.23903,19.89719],[96.23894,19.89836],[96.24038,19.89889],[96.24052,19.89791],[96.24079,19.89845],[96.24034,19.90257],[96.23966,19.90294],[96.23989,19.90381],[96.23903,19.90393],[96.23773,19.905],[96.23738,19.905],[96.23756,19.90399],[96.23972,19.90202],[96.23936,19.90121],[96.23837,19.9013],[96.23783,19.90229],[96.23702,19.90238],[96.23676,19.90381],[96.23577,19.90417],[96.23451,19.9031],[96.23442,19.90193],[96.23343,19.90184],[96.23334,19.90256],[96.23406,19.90336],[96.23298,19.90381],[96.23262,19.90453],[96.23208,19.90301],[96.23128,19.90265],[96.23128,19.90139],[96.22759,19.90184],[96.22669,19.90327],[96.22544,19.90202],[96.22445,19.90247],[96.22633,19.90965],[96.22687,19.90947],[96.22705,19.9075],[96.22804,19.90777],[96.2293,19.90705],[96.22975,19.90615],[96.23181,19.9057],[96.23146,19.90642],[96.23181,19.90705],[96.23083,19.90678],[96.22957,19.90732],[96.22804,19.90902],[96.22795,19.90992],[96.22912,19.91127],[96.22885,19.91307],[96.2302,19.9137],[96.23002,19.91199],[96.23092,19.91145],[96.23119,19.91199],[96.23074,19.91208],[96.23083,19.91253],[96.23172,19.91226],[96.23208,19.91262],[96.23146,19.91316],[96.23137,19.91414],[96.23346,19.91504],[96.23253,19.91621],[96.23279,19.91783],[96.2319,19.91846],[96.23101,19.91819],[96.23092,19.91864],[96.23226,19.91891],[96.23244,19.91962],[96.23289,19.91962],[96.23319,19.9183],[96.23409,19.92099],[96.23208,19.92323],[96.23238,19.92692],[96.23005,19.92935],[96.23023,19.93052],[96.23122,19.93123],[96.23113,19.93212],[96.2293,19.93346],[96.23011,19.93534],[96.231,19.93499],[96.23131,19.93571],[96.23082,19.9358],[96.23091,19.9367],[96.23252,19.93854],[96.23229,19.94318],[96.23522,19.94991],[96.23408,19.95179],[96.23517,19.95477],[96.23526,19.95747],[96.23481,19.95854],[96.23445,19.95825],[96.23487,19.95816],[96.23487,19.95663],[96.23343,19.95538],[96.23325,19.95439],[96.23226,19.95556],[96.23343,19.95681],[96.234,19.95827],[96.23274,19.9598],[96.23238,19.96169],[96.23298,19.96229],[96.2328,19.96337],[96.23346,19.96366],[96.23342,19.96428],[96.23454,19.96564],[96.23535,19.96807],[96.23292,19.97031],[96.23283,19.97362],[96.23226,19.97191],[96.23172,19.972],[96.23172,19.97415],[96.23351,19.9748],[96.23418,19.97615],[96.23517,19.97642],[96.23612,19.9774],[96.23732,19.98234],[96.2375,19.9872],[96.23822,19.99016],[96.23957,19.9925],[96.24002,19.996],[96.23966,19.99762],[96.24038,19.9987],[96.23998,19.99994],[96.2384,20.0013],[96.23858,20.00193],[96.23989,20.00246],[96.24043,20.00372],[96.23944,20.00434],[96.23944,20.00605],[96.23903,20.0065],[96.23818,20.00623],[96.23845,20.00731],[96.23693,20.00821],[96.23675,20.00964],[96.23468,20.01126],[96.23459,20.01243],[96.23409,20.01235],[96.23351,20.0135],[96.2322,20.01424],[96.23243,20.01458],[96.23208,20.01432],[96.23104,20.01532],[96.23086,20.0163],[96.23074,20.01592],[96.23002,20.01628],[96.2293,20.01979],[96.23059,20.02016],[96.23032,20.02107],[96.22957,20.02095],[96.22948,20.0214],[96.23055,20.02205],[96.23068,20.02304],[96.22992,20.02501],[96.22996,20.02824],[96.22957,20.02904],[96.23055,20.03228],[96.23211,20.03355],[96.23247,20.03499],[96.23451,20.03658],[96.23514,20.03641],[96.23499,20.03706],[96.23594,20.03724],[96.23607,20.03786],[96.24065,20.04173],[96.24133,20.04155],[96.24115,20.04225],[96.24312,20.04388],[96.24474,20.04621],[96.24568,20.0464],[96.246,20.04773],[96.2478,20.05007],[96.24837,20.05196],[96.2481,20.05421],[96.2486,20.05446],[96.24801,20.05439],[96.2478,20.0555],[96.24312,20.05573],[96.2425,20.05662],[96.24322,20.05698],[96.24223,20.05698],[96.24215,20.05761],[96.24313,20.05761],[96.2434,20.05814],[96.24215,20.05805],[96.24206,20.0585],[96.24367,20.0612],[96.24583,20.06003],[96.24592,20.05877],[96.24645,20.05923],[96.24664,20.05877],[96.24726,20.05886],[96.24726,20.05986],[96.24685,20.05969],[96.24667,20.06032],[96.2473,20.06165],[96.24664,20.06156],[96.24664,20.06201],[96.24709,20.06246],[96.24819,20.06239],[96.24977,20.06462],[96.25008,20.06904],[96.25269,20.07281],[96.25403,20.07352],[96.25399,20.07612],[96.25439,20.07657],[96.2539,20.07657],[96.2539,20.07837],[96.25507,20.07917],[96.25475,20.07254],[96.25426,20.07127],[96.25157,20.0685],[96.25157,20.06848]],[[96.2373,19.95579],[96.238,19.95678],[96.2373,19.95579],[96.23652,19.95606],[96.23517,19.95417],[96.23517,19.95288],[96.23607,19.95109],[96.23569,19.94964],[96.23652,19.95154],[96.23603,19.95179],[96.23622,19.95256],[96.23569,19.95283],[96.23594,19.95476],[96.2373,19.95558],[96.2373,19.95579]],[[96.23652,19.9154],[96.23741,19.91408],[96.23679,19.91057],[96.23759,19.90923],[96.23836,19.90896],[96.23809,19.90998],[96.23729,19.91047],[96.23782,19.91084],[96.23738,19.9119],[96.23755,19.91432],[96.23675,19.9154],[96.23652,19.9154]],[[96.23604,19.88693],[96.23559,19.88495],[96.23658,19.88405],[96.23738,19.88468],[96.23738,19.88522],[96.23631,19.88558],[96.23667,19.88648],[96.23622,19.88693],[96.23604,19.88693]],[[96.23667,19.88315],[96.23567,19.88315],[96.23496,19.88216],[96.23513,19.88092],[96.23585,19.88011],[96.23756,19.88055],[96.23702,19.88315],[96.23667,19.88315]],[[96.23472,19.87734],[96.23486,19.87768],[96.23472,19.87734],[96.23319,19.87752],[96.23265,19.87823],[96.23247,19.87734],[96.23334,19.87668],[96.23343,19.8757],[96.23166,19.87509],[96.23095,19.87248],[96.23253,19.87302],[96.23445,19.87617],[96.23535,19.87572],[96.23472,19.8768],[96.23472,19.87734]],[[96.23261,19.86699],[96.23301,19.86611],[96.23274,19.86503],[96.23387,19.86403],[96.23391,19.8652],[96.23279,19.86699],[96.23261,19.86699]],[[96.23436,19.86242],[96.23418,19.86188],[96.23333,19.86169],[96.23415,19.86132],[96.23424,19.86036],[96.23558,19.86079],[96.23445,19.86242],[96.23436,19.86242]],[[96.23631,19.85739],[96.23604,19.85656],[96.23783,19.85488],[96.23801,19.85593],[96.23729,19.8572],[96.23666,19.85739],[96.23631,19.85739]],[[96.22699,19.85226],[96.22618,19.85173],[96.22672,19.85021],[96.22645,19.8485],[96.22704,19.84894],[96.22708,19.85039],[96.22776,19.85091],[96.22776,19.85182],[96.22704,19.85226],[96.22699,19.85226]],[[96.22142,19.84077],[96.22169,19.83727],[96.22223,19.83808],[96.22196,19.83682],[96.22276,19.83563],[96.2225,19.83511],[96.22417,19.83485],[96.22302,19.83587],[96.22237,19.83753],[96.2221,19.84246],[96.22115,19.84422],[96.22106,19.84329],[96.22169,19.84239],[96.22142,19.84179],[96.22142,19.84077]],[[96.22121,19.83483],[96.22068,19.83474],[96.22086,19.8341],[96.2196,19.83437],[96.21761,19.83322],[96.21942,19.83339],[96.22005,19.83303],[96.2213,19.83366],[96.22142,19.83285],[96.22205,19.83431],[96.22139,19.83483],[96.22121,19.83483]],[[96.1993,19.80428],[96.19903,19.8059],[96.19912,19.8041],[96.19876,19.80365],[96.19956,19.80347],[96.19974,19.80203],[96.19822,19.80078],[96.19822,19.80024],[96.19903,19.80024],[96.1993,19.80096],[96.20073,19.80132],[96.20001,19.80186],[96.20028,19.80383],[96.19939,19.80428],[96.1993,19.80428]],[[96.20478,19.80437],[96.20478,19.80374],[96.20406,19.80365],[96.20406,19.80284],[96.20298,19.80203],[96.2046,19.80212],[96.20522,19.80123],[96.20675,19.80051],[96.20675,19.80105],[96.2057,19.80143],[96.20639,19.80212],[96.20603,19.8032],[96.20522,19.80356],[96.20567,19.80446],[96.20513,19.80473],[96.20487,19.80437],[96.20478,19.80437]],[[96.19786,19.79997],[96.1975,19.79943],[96.19822,19.79844],[96.19822,19.79763],[96.19714,19.79584],[96.1984,19.79584],[96.19867,19.79476],[96.1975,19.79395],[96.19759,19.79332],[96.19965,19.79397],[96.19894,19.79638],[96.19831,19.79673],[96.19876,19.79862],[96.19795,19.79997],[96.19786,19.79997]],[[96.21142,19.79038],[96.21073,19.78914],[96.21253,19.78941],[96.2125,19.79094],[96.21181,19.79108],[96.21145,19.79038],[96.21142,19.79038]],[[96.21996,19.8324],[96.21969,19.83168],[96.21843,19.8324],[96.21816,19.83213],[96.21878,19.83142],[96.22023,19.83114],[96.22023,19.82999],[96.22133,19.83213],[96.22121,19.83249],[96.22041,19.8324],[96.21996,19.8324]]],[[[96.21627,20.08033],[96.21699,20.08006],[96.21708,20.07916],[96.21897,20.07899],[96.21861,20.07818],[96.22014,20.07791],[96.22077,20.07737],[96.22077,20.07665],[96.21897,20.07746],[96.2178,20.07728],[96.21708,20.07809],[96.21654,20.07692],[96.21349,20.07656],[96.2143,20.07746],[96.21609,20.07782],[96.21636,20.07925],[96.21484,20.07952],[96.21493,20.07997],[96.21591,20.08033],[96.21627,20.08033]]],[[[96.2231,20.08222],[96.22337,20.08033],[96.22238,20.08033],[96.2222,20.08114],[96.22103,20.08087],[96.22086,20.08033],[96.22014,20.08042],[96.22086,20.08096],[96.22032,20.08204],[96.22166,20.08177],[96.22265,20.08222],[96.2231,20.08222]]],[[[96.22894,20.08231],[96.23038,20.07988],[96.23137,20.07979],[96.23236,20.07859],[96.23119,20.07746],[96.23029,20.07773],[96.23065,20.07863],[96.22966,20.07988],[96.22867,20.08033],[96.22885,20.0789],[96.22795,20.07934],[96.22768,20.08105],[96.2284,20.08132],[96.22867,20.08231],[96.22894,20.08231]]],[[[96.21699,20.08285],[96.21672,20.08141],[96.2152,20.08159],[96.21538,20.08267],[96.21663,20.08285],[96.21699,20.08285]]],[[[96.18447,20.08303],[96.18546,20.0824],[96.18519,20.08096],[96.18375,20.08096],[96.18411,20.08177],[96.18357,20.08231],[96.18375,20.08303],[96.18447,20.08303]]],[[[96.17315,20.0833],[96.17306,20.08177],[96.17082,20.08168],[96.17082,20.08276],[96.17136,20.08267],[96.17145,20.08213],[96.17271,20.0833],[96.17315,20.0833]]],[[[96.2355,20.08384],[96.23613,20.08078],[96.23532,20.08114],[96.23505,20.08231],[96.23406,20.08258],[96.23406,20.08294],[96.23496,20.08312],[96.23505,20.08384],[96.2355,20.08384]]],[[[96.24825,20.0842],[96.24843,20.08339],[96.25041,20.0833],[96.25032,20.07961],[96.24987,20.0797],[96.24978,20.08051],[96.2487,20.08087],[96.24789,20.0842],[96.24825,20.0842]]],[[[96.2646,20.08429],[96.26469,20.08312],[96.26415,20.08267],[96.26514,20.08159],[96.26478,20.08033],[96.26326,20.07988],[96.26083,20.08042],[96.25975,20.07908],[96.25993,20.078],[96.25921,20.07746],[96.25921,20.07656],[96.25867,20.07638],[96.25822,20.078],[96.25706,20.07854],[96.25616,20.07979],[96.25822,20.08069],[96.25849,20.08186],[96.25912,20.08168],[96.25885,20.08069],[96.26119,20.08222],[96.262,20.08177],[96.26236,20.08222],[96.26326,20.08222],[96.26299,20.08141],[96.26353,20.08123],[96.26379,20.08231],[96.26326,20.08258],[96.26317,20.08357],[96.26353,20.08429],[96.2646,20.08429]]],[[[96.26945,20.08464],[96.26945,20.08285],[96.26793,20.08312],[96.26757,20.08411],[96.26865,20.08411],[96.26909,20.08464],[96.26945,20.08464]]],[[[96.23756,20.08482],[96.23765,20.08375],[96.23685,20.08222],[96.23631,20.08222],[96.23631,20.08348],[96.23586,20.08393],[96.23711,20.08482],[96.23756,20.08482]]],[[[96.24358,20.08617],[96.24412,20.08527],[96.24295,20.08446],[96.24232,20.08572],[96.24322,20.08617],[96.24358,20.08617]]],[[[96.27592,20.08644],[96.27565,20.085],[96.27601,20.08402],[96.27505,20.08377],[96.27386,20.08455],[96.27368,20.08563],[96.27448,20.0859],[96.27421,20.08512],[96.27511,20.08512],[96.27475,20.08599],[96.27547,20.08644],[96.27592,20.08644]]],[[[96.2302,20.08725],[96.23119,20.08635],[96.23325,20.08644],[96.23307,20.0842],[96.23172,20.08464],[96.23208,20.08411],[96.23289,20.08402],[96.23289,20.08321],[96.23172,20.0833],[96.23146,20.08411],[96.23083,20.08375],[96.23011,20.08411],[96.23029,20.08536],[96.22957,20.08725],[96.2302,20.08725]]],[[[96.20876,20.09104],[96.21172,20.09078],[96.21172,20.09042],[96.21127,20.08961],[96.21019,20.08943],[96.21064,20.09024],[96.20876,20.08988],[96.20804,20.09042],[96.20804,20.09104],[96.20876,20.09104]]],[[[96.19373,20.0921],[96.19462,20.09129],[96.19552,20.09147],[96.19489,20.0903],[96.19588,20.08941],[96.19579,20.08806],[96.19283,20.08941],[96.19283,20.08985],[96.19382,20.09012],[96.1922,20.09093],[96.19202,20.09174],[96.19274,20.09192],[96.1931,20.09129],[96.19328,20.0921],[96.19373,20.0921]]],[[[96.20217,20.09219],[96.20352,20.0912],[96.20298,20.08994],[96.20397,20.08887],[96.20522,20.08851],[96.20531,20.08788],[96.20352,20.08851],[96.20343,20.08914],[96.20244,20.0895],[96.20208,20.09076],[96.20162,20.09067],[96.20172,20.09219],[96.20217,20.09219]]],[[[96.21726,20.09246],[96.21789,20.09057],[96.21663,20.08932],[96.21548,20.08914],[96.21555,20.09004],[96.21618,20.09022],[96.21672,20.0912],[96.21645,20.09219],[96.21699,20.09246],[96.21726,20.09246]]],[[[96.17235,20.09255],[96.17333,20.09192],[96.17324,20.0912],[96.17423,20.09156],[96.17639,20.09048],[96.17666,20.09084],[96.17845,20.09075],[96.17935,20.08959],[96.18106,20.08905],[96.18205,20.08788],[96.18268,20.08779],[96.18277,20.08482],[96.18034,20.08348],[96.18016,20.0806],[96.17935,20.08105],[96.17944,20.08402],[96.1789,20.08312],[96.17774,20.08321],[96.17863,20.08518],[96.17684,20.08527],[96.17666,20.08653],[96.17738,20.08716],[96.17639,20.0886],[96.17702,20.08869],[96.17702,20.08914],[96.17549,20.09012],[96.1763,20.08743],[96.17603,20.08536],[96.17504,20.08563],[96.1754,20.0868],[96.17468,20.08851],[96.17351,20.08842],[96.17333,20.08941],[96.17208,20.08887],[96.17217,20.08815],[96.17154,20.08824],[96.17127,20.08994],[96.17351,20.09012],[96.17297,20.09111],[96.17217,20.09111],[96.17127,20.09192],[96.17163,20.09255],[96.17235,20.09255]]],[[[96.26631,20.093],[96.26676,20.09183],[96.26909,20.09147],[96.26829,20.09075],[96.26847,20.08985],[96.26622,20.09129],[96.26568,20.0921],[96.26604,20.093],[96.26631,20.093]]],[[[96.18816,20.09345],[96.18879,20.09336],[96.18896,20.09228],[96.18995,20.09174],[96.18995,20.0903],[96.18905,20.09039],[96.18905,20.0912],[96.18816,20.09129],[96.18762,20.09075],[96.18699,20.09129],[96.18807,20.09264],[96.18735,20.09273],[96.18753,20.09345],[96.18816,20.09345]]],[[[96.22975,20.09345],[96.23011,20.09219],[96.22786,20.09147],[96.22966,20.09057],[96.22966,20.0895],[96.23038,20.08887],[96.23029,20.08815],[96.22966,20.08788],[96.22867,20.08824],[96.22804,20.08959],[96.22642,20.0912],[96.22651,20.0921],[96.22723,20.09273],[96.22795,20.09309],[96.22894,20.09273],[96.22921,20.09345],[96.22975,20.09345]]],[[[96.20675,20.09363],[96.20675,20.09309],[96.20513,20.09273],[96.2046,20.0921],[96.20325,20.09264],[96.20334,20.09354],[96.20612,20.09318],[96.20639,20.09363],[96.20675,20.09363]]],[[[96.20001,20.09381],[96.20073,20.09372],[96.20082,20.09327],[96.19939,20.093],[96.20109,20.09192],[96.20109,20.09147],[96.20046,20.09138],[96.20109,20.09111],[96.20109,20.09021],[96.19974,20.08994],[96.19903,20.09057],[96.19678,20.08985],[96.19678,20.09066],[96.19795,20.09075],[96.19939,20.09174],[96.19858,20.093],[96.19885,20.09372],[96.19948,20.09381],[96.20001,20.09381]]],[[[96.18223,20.09318],[96.18259,20.09255],[96.18349,20.09327],[96.18366,20.09228],[96.18465,20.09336],[96.18618,20.09336],[96.18681,20.09282],[96.1869,20.09219],[96.18483,20.09174],[96.18546,20.09057],[96.18627,20.09057],[96.18618,20.08977],[96.18564,20.08968],[96.18474,20.09075],[96.18133,20.09246],[96.18178,20.0939],[96.18232,20.0939],[96.18232,20.09318],[96.18223,20.09318]]],[[[96.21439,20.09318],[96.21484,20.09255],[96.21448,20.09102],[96.21169,20.09084],[96.21187,20.09165],[96.21315,20.09156],[96.21387,20.09212],[96.21385,20.09381],[96.21484,20.09408],[96.21448,20.09318],[96.21439,20.09318]]],[[[96.21582,20.09426],[96.21672,20.09318],[96.216,20.0921],[96.2152,20.09219],[96.21529,20.09426],[96.21582,20.09426]]],[[[96.25023,20.09462],[96.25032,20.093],[96.25167,20.09318],[96.25203,20.09084],[96.25301,20.09066],[96.25275,20.08788],[96.25382,20.08761],[96.25373,20.08698],[96.254,20.0877],[96.25508,20.08824],[96.25526,20.08914],[96.25625,20.08896],[96.25499,20.0903],[96.25508,20.09084],[96.25679,20.09048],[96.25688,20.09003],[96.25778,20.09048],[96.25831,20.08994],[96.25814,20.08851],[96.25912,20.08833],[96.25903,20.08743],[96.25831,20.08725],[96.2576,20.08815],[96.25742,20.08941],[96.25706,20.08932],[96.25724,20.08779],[96.25616,20.08707],[96.25571,20.08599],[96.25652,20.08446],[96.25535,20.08482],[96.25607,20.08321],[96.25607,20.0815],[96.25517,20.0815],[96.25499,20.08222],[96.25409,20.08186],[96.2531,20.08366],[96.25149,20.08393],[96.25095,20.08554],[96.25194,20.08617],[96.25158,20.08698],[96.2505,20.08635],[96.24888,20.08959],[96.24736,20.0903],[96.24807,20.09174],[96.247,20.09255],[96.24691,20.09354],[96.24798,20.09282],[96.24861,20.09309],[96.24834,20.0939],[96.24933,20.0939],[96.24978,20.09462],[96.25023,20.09462]]],[[[96.17935,20.09489],[96.18007,20.09417],[96.18115,20.09435],[96.18124,20.09354],[96.18061,20.093],[96.1781,20.09336],[96.17783,20.09426],[96.17872,20.09426],[96.17899,20.09489],[96.17935,20.09489]]],[[[96.19247,20.0948],[96.19211,20.09453],[96.19283,20.0948],[96.19311,20.09386],[96.19202,20.09372],[96.1922,20.09273],[96.19157,20.09174],[96.19049,20.09246],[96.19058,20.09318],[96.18968,20.093],[96.18932,20.09336],[96.18941,20.09381],[96.19058,20.09381],[96.19103,20.09453],[96.19166,20.09462],[96.19148,20.09569],[96.19247,20.09533],[96.19247,20.0948]]],[[[96.22517,20.09623],[96.22526,20.0956],[96.22642,20.09453],[96.22777,20.09417],[96.22669,20.09282],[96.22598,20.09336],[96.22526,20.09282],[96.22337,20.09453],[96.22319,20.09255],[96.22148,20.09264],[96.22139,20.09309],[96.22265,20.09408],[96.22238,20.09498],[96.22283,20.09569],[96.22427,20.09614],[96.2249,20.09533],[96.2249,20.09623],[96.22517,20.09623]]],[[[96.24736,20.0974],[96.24789,20.09686],[96.24771,20.09542],[96.24825,20.09507],[96.2478,20.09399],[96.24655,20.09408],[96.24637,20.0948],[96.24628,20.09632],[96.24718,20.09641],[96.24646,20.09668],[96.24646,20.09713],[96.24709,20.0974],[96.24736,20.0974]]],[[[96.17657,20.0992],[96.18142,20.09785],[96.18331,20.09866],[96.18393,20.09776],[96.18546,20.09749],[96.18483,20.09677],[96.18555,20.09614],[96.18402,20.09542],[96.18304,20.09596],[96.18241,20.09668],[96.18268,20.09731],[96.18214,20.09758],[96.18124,20.09713],[96.18205,20.09659],[96.18205,20.09605],[96.18124,20.0956],[96.18061,20.09731],[96.17971,20.09776],[96.17926,20.09758],[96.17935,20.09659],[96.17774,20.09731],[96.17648,20.09623],[96.17666,20.0974],[96.17594,20.09794],[96.17621,20.0992],[96.17657,20.0992]]],[[[96.18088,20.10037],[96.18151,20.09974],[96.18295,20.1001],[96.18322,20.09884],[96.18241,20.09938],[96.17926,20.09956],[96.18025,20.10037],[96.18088,20.10037]]],[[[96.23828,20.10054],[96.23999,20.10037],[96.24044,20.09983],[96.24116,20.10001],[96.24134,20.09938],[96.24232,20.09911],[96.2434,20.09776],[96.24358,20.09489],[96.24286,20.09515],[96.24241,20.09605],[96.24206,20.09596],[96.24188,20.09471],[96.24098,20.09542],[96.24026,20.09515],[96.23972,20.09578],[96.23999,20.09641],[96.23936,20.09695],[96.23945,20.09596],[96.23846,20.09596],[96.239,20.09767],[96.23945,20.09785],[96.23918,20.09875],[96.23819,20.09902],[96.2372,20.0983],[96.2364,20.09848],[96.23676,20.09911],[96.23649,20.09983],[96.23738,20.09992],[96.23774,20.10054],[96.23828,20.10054]]],[[[96.18681,20.10072],[96.18852,20.10028],[96.19256,20.10037],[96.19283,20.09929],[96.19247,20.09848],[96.19202,20.09848],[96.19157,20.09956],[96.1887,20.09983],[96.18852,20.09875],[96.18717,20.09848],[96.18717,20.09929],[96.1878,20.09992],[96.1869,20.10001],[96.18645,20.10072],[96.18681,20.10072]]],[[[96.17738,20.10342],[96.17783,20.10207],[96.17675,20.10162],[96.17801,20.10144],[96.17774,20.10046],[96.17819,20.1001],[96.17738,20.09938],[96.1763,20.09956],[96.17639,20.10028],[96.17729,20.10046],[96.17693,20.10081],[96.17621,20.10046],[96.17558,20.10171],[96.17702,20.10342],[96.17738,20.10342]]],[[[96.17019,20.10369],[96.17154,20.10333],[96.17154,20.1009],[96.17073,20.10108],[96.16983,20.10369],[96.17019,20.10369]]],[[[96.17405,20.1054],[96.17459,20.10378],[96.17351,20.10342],[96.17289,20.10423],[96.17369,20.1054],[96.17405,20.1054]]],[[[96.14746,20.10683],[96.14773,20.10504],[96.14737,20.10486],[96.14818,20.1045],[96.14845,20.10306],[96.14773,20.10297],[96.14719,20.10387],[96.14558,20.10378],[96.14486,20.1027],[96.14638,20.10252],[96.14647,20.10216],[96.14576,20.1009],[96.14504,20.1009],[96.14495,20.10153],[96.14567,20.1018],[96.14432,20.10234],[96.14396,20.10441],[96.14549,20.10459],[96.14558,20.10504],[96.14477,20.10531],[96.14459,20.10593],[96.14522,20.10656],[96.14656,20.10683],[96.14746,20.10683]]],[[[96.22598,20.10755],[96.22732,20.10674],[96.22732,20.1062],[96.2258,20.10584],[96.22624,20.10495],[96.22607,20.10405],[96.22418,20.10441],[96.22391,20.10638],[96.22517,20.10638],[96.22526,20.10755],[96.22598,20.10755]]],[[[96.26272,20.10899],[96.26388,20.10863],[96.26523,20.10764],[96.26523,20.10719],[96.26281,20.10674],[96.26218,20.108],[96.26227,20.10899],[96.26272,20.10899]]],[[[96.21618,20.11043],[96.21681,20.10908],[96.2152,20.10845],[96.21448,20.1098],[96.21475,20.11034],[96.21555,20.11043],[96.21618,20.11043]]],[[[96.22068,20.11043],[96.22077,20.10665],[96.22121,20.10746],[96.22193,20.10755],[96.22238,20.10647],[96.22337,20.10638],[96.22328,20.10593],[96.22247,20.10576],[96.22247,20.10513],[96.22157,20.10513],[96.22121,20.10629],[96.22014,20.10602],[96.21888,20.10701],[96.21915,20.10818],[96.21816,20.10809],[96.21807,20.10998],[96.22005,20.11043],[96.22068,20.11043]]],[[[96.21322,20.11088],[96.21349,20.11007],[96.21295,20.10953],[96.21304,20.10881],[96.21133,20.10881],[96.21124,20.10944],[96.21196,20.10962],[96.21277,20.11088],[96.21322,20.11088]]],[[[96.22202,20.11294],[96.22274,20.11123],[96.22355,20.11141],[96.22535,20.10998],[96.22481,20.10899],[96.22373,20.10935],[96.22391,20.10998],[96.22238,20.10953],[96.22139,20.1098],[96.2222,20.11061],[96.2231,20.11043],[96.22139,20.1115],[96.22148,20.11294],[96.22202,20.11294]]],[[[96.2399,20.11357],[96.2399,20.11213],[96.24071,20.11114],[96.24215,20.11025],[96.24259,20.11097],[96.24322,20.11097],[96.24313,20.11025],[96.24385,20.10944],[96.24573,20.11035],[96.24555,20.11106],[96.24493,20.11079],[96.24529,20.11222],[96.24574,20.11222],[96.24574,20.11142],[96.24613,20.11142],[96.24637,20.11177],[96.2469,20.11153],[96.24753,20.11232],[96.24816,20.11213],[96.24851,20.11063],[96.2496,20.11079],[96.24959,20.10936],[96.24573,20.10738],[96.24466,20.10773],[96.24457,20.10845],[96.24385,20.1089],[96.24277,20.108],[96.24223,20.108],[96.2417,20.1089],[96.23999,20.10881],[96.23954,20.10764],[96.23783,20.10701],[96.23765,20.10791],[96.23649,20.10854],[96.2364,20.10953],[96.23532,20.10944],[96.23568,20.11016],[96.23478,20.1107],[96.23442,20.11186],[96.23559,20.11195],[96.23613,20.11097],[96.23765,20.1124],[96.23846,20.11249],[96.23918,20.11357],[96.2399,20.11357]]],[[[96.26011,20.11393],[96.26209,20.11258],[96.26406,20.11267],[96.26406,20.11231],[96.26281,20.11114],[96.26136,20.11142],[96.2614,20.11036],[96.26077,20.11027],[96.25975,20.1124],[96.25975,20.11393],[96.26011,20.11393]]],[[[96.16696,20.1142],[96.16714,20.11357],[96.1675,20.11393],[96.16812,20.11357],[96.16803,20.11204],[96.16615,20.11339],[96.16642,20.1142],[96.16696,20.1142]]],[[[96.1622,20.11492],[96.16237,20.11357],[96.16031,20.1133],[96.16076,20.11411],[96.16058,20.11483],[96.16139,20.11456],[96.16175,20.11492],[96.1622,20.11492]]],[[[96.24421,20.11519],[96.24538,20.11438],[96.24322,20.11384],[96.24349,20.11519],[96.24421,20.11519]]],[[[96.23469,20.11555],[96.23523,20.11474],[96.23486,20.11376],[96.23343,20.11249],[96.23181,20.1098],[96.23065,20.10998],[96.22966,20.11079],[96.23029,20.11285],[96.22921,20.11294],[96.2302,20.11402],[96.2302,20.11519],[96.23128,20.1151],[96.23217,20.11384],[96.23217,20.11474],[96.23406,20.11492],[96.23424,20.11555],[96.23469,20.11555]]],[[[96.15663,20.116],[96.15681,20.11528],[96.15609,20.1133],[96.15734,20.11267],[96.15716,20.11213],[96.15591,20.11213],[96.15555,20.11348],[96.15627,20.116],[96.15663,20.116]]],[[[96.26722,20.11677],[96.26738,20.11601],[96.26623,20.11497],[96.26659,20.11398],[96.26587,20.11353],[96.26641,20.11255],[96.26578,20.11237],[96.26515,20.11264],[96.26542,20.11344],[96.26499,20.11359],[96.26497,20.1156],[96.26632,20.11596],[96.26659,20.11677],[96.26722,20.11677]]],[[[96.22885,20.1168],[96.22885,20.11519],[96.22508,20.11537],[96.22517,20.11591],[96.22651,20.11662],[96.22822,20.11636],[96.2284,20.1168],[96.22885,20.1168]]],[[[96.16463,20.11695],[96.16498,20.11591],[96.16561,20.11662],[96.16696,20.11662],[96.16678,20.11483],[96.16336,20.11393],[96.16273,20.11519],[96.16327,20.11582],[96.16417,20.11591],[96.16418,20.11695],[96.16463,20.11695]]],[[[96.09995,20.11731],[96.09968,20.1165],[96.10031,20.11515],[96.09932,20.11511],[96.09923,20.11425],[96.09851,20.11425],[96.0977,20.11533],[96.09761,20.11668],[96.0995,20.11731],[96.09995,20.11731]]],[[[96.25796,20.10225],[96.25778,20.10189],[96.2593,20.10351],[96.25915,20.10551],[96.26023,20.10542],[96.2605,20.10605],[96.26173,20.10614],[96.26137,20.10746],[96.262,20.10755],[96.26281,20.10522],[96.26221,20.10468],[96.26326,20.10369],[96.26397,20.10383],[96.26406,20.10432],[96.2664,20.10396],[96.2664,20.10081],[96.26544,20.10037],[96.26508,20.09934],[96.2664,20.0992],[96.26667,20.09821],[96.26541,20.09808],[96.26406,20.09713],[96.2637,20.09713],[96.26406,20.09781],[96.26361,20.09778],[96.26334,20.09669],[96.26451,20.09641],[96.26523,20.09515],[96.2664,20.09605],[96.26766,20.09551],[96.26658,20.09408],[96.26595,20.0939],[96.26559,20.09246],[96.26433,20.0912],[96.26532,20.08941],[96.26281,20.09021],[96.26281,20.08896],[96.262,20.08851],[96.26158,20.08709],[96.26064,20.08735],[96.26172,20.08681],[96.26137,20.08366],[96.26254,20.08357],[96.26299,20.08276],[96.26191,20.08231],[96.25867,20.08294],[96.2584,20.08393],[96.25903,20.08554],[96.25787,20.08375],[96.25769,20.0815],[96.25715,20.08141],[96.25688,20.08285],[96.25751,20.08312],[96.25772,20.08563],[96.2567,20.08653],[96.2567,20.08707],[96.25769,20.08707],[96.25799,20.08653],[96.25996,20.08781],[96.2602,20.0886],[96.25975,20.08994],[96.26047,20.08985],[96.26091,20.0888],[96.26131,20.09103],[96.26109,20.09049],[96.25992,20.09076],[96.26014,20.09275],[96.26109,20.0931],[96.26091,20.09175],[96.26145,20.09193],[96.26137,20.09336],[96.26208,20.0932],[96.2623,20.09515],[96.26176,20.09525],[96.26137,20.09426],[96.26092,20.09426],[96.2611,20.09498],[96.26074,20.09515],[96.25993,20.09282],[96.25948,20.09336],[96.25751,20.09354],[96.25508,20.0912],[96.25445,20.09111],[96.25535,20.09291],[96.25643,20.09363],[96.25724,20.09498],[96.25831,20.09498],[96.25858,20.09435],[96.25903,20.09489],[96.25966,20.09462],[96.2602,20.09551],[96.26002,20.09659],[96.26074,20.09641],[96.26092,20.09731],[96.26011,20.09812],[96.25858,20.09776],[96.25805,20.09848],[96.25858,20.09965],[96.25751,20.1001],[96.25769,20.10108],[96.25697,20.10117],[96.2567,20.10081],[96.25733,20.09938],[96.25706,20.09812],[96.2567,20.09812],[96.25661,20.09884],[96.25535,20.09902],[96.25391,20.10019],[96.25355,20.10001],[96.25382,20.09848],[96.2523,20.09848],[96.25203,20.09731],[96.25239,20.0965],[96.25185,20.09596],[96.25257,20.09542],[96.25257,20.0948],[96.25023,20.0956],[96.24942,20.09677],[96.25005,20.09731],[96.24987,20.09785],[96.24897,20.09713],[96.24816,20.09821],[96.247,20.09812],[96.24547,20.09965],[96.24421,20.10019],[96.24457,20.10108],[96.24565,20.10108],[96.24403,20.10153],[96.24403,20.10207],[96.24466,20.10225],[96.24619,20.10216],[96.24646,20.10046],[96.24745,20.10046],[96.247,20.10108],[96.24736,20.10162],[96.24709,20.10216],[96.24448,20.10432],[96.24439,20.10611],[96.24619,20.10638],[96.24591,20.1072],[96.24756,20.10793],[96.24882,20.10746],[96.24846,20.10838],[96.24927,20.10829],[96.2495,20.10747],[96.24915,20.10701],[96.24968,20.10585],[96.24969,20.10728],[96.25194,20.10629],[96.2523,20.10486],[96.25179,20.10433],[96.25257,20.10342],[96.25175,20.1027],[96.25194,20.10135],[96.2505,20.10108],[96.24996,20.10037],[96.25284,20.10001],[96.25248,20.10126],[96.25337,20.10126],[96.25295,20.10344],[96.25349,20.10344],[96.25382,20.10234],[96.25436,20.10405],[96.25364,20.10486],[96.2549,20.10522],[96.25535,20.10459],[96.25571,20.10576],[96.25544,20.10665],[96.2558,20.10737],[96.25472,20.10692],[96.2549,20.10845],[96.25427,20.10935],[96.25562,20.1098],[96.25634,20.10908],[96.25616,20.10809],[96.25652,20.10782],[96.25705,20.10811],[96.25723,20.10918],[96.25535,20.11097],[96.25508,20.116],[96.25598,20.11653],[96.25679,20.11609],[96.25733,20.11689],[96.25778,20.11689],[96.2576,20.1161],[96.25814,20.11653],[96.25942,20.11629],[96.25969,20.11692],[96.261,20.11744],[96.26127,20.1169],[96.25897,20.11465],[96.25938,20.11331],[96.25867,20.11285],[96.25948,20.11285],[96.25957,20.11231],[96.25804,20.11214],[96.25975,20.11106],[96.25993,20.10998],[96.25957,20.10935],[96.25834,20.1089],[96.25867,20.1081],[96.25831,20.10801],[96.25852,20.10721],[96.25777,20.10675],[96.25799,20.10587],[96.25688,20.1054],[96.25814,20.1036],[96.25796,20.10288],[96.25796,20.10225]]],[[[96.26497,20.11767],[96.26497,20.11686],[96.26353,20.11605],[96.26299,20.1151],[96.26245,20.1151],[96.262,20.11578],[96.26077,20.11557],[96.26148,20.11663],[96.26353,20.11695],[96.26425,20.11767],[96.26497,20.11767]]],[[[96.16346,20.11857],[96.163,20.11797],[96.16327,20.11734],[96.16389,20.11771],[96.16398,20.11717],[96.16345,20.11708],[96.16327,20.116],[96.16228,20.116],[96.16246,20.11716],[96.16148,20.11797],[96.16301,20.11857],[96.16346,20.11857]]],[[[96.20954,20.11914],[96.21079,20.11842],[96.21124,20.11653],[96.209,20.11375],[96.21187,20.11402],[96.21223,20.11294],[96.21241,20.11375],[96.21295,20.11384],[96.2134,20.11177],[96.21232,20.11088],[96.21169,20.11106],[96.21151,20.11258],[96.21043,20.11267],[96.20972,20.11195],[96.20963,20.11276],[96.20864,20.1133],[96.20855,20.11429],[96.20801,20.11357],[96.20837,20.11258],[96.20765,20.11267],[96.20783,20.11519],[96.20855,20.11528],[96.20891,20.11474],[96.20918,20.11519],[96.2081,20.11698],[96.20765,20.11627],[96.2072,20.11636],[96.20621,20.11842],[96.2072,20.11824],[96.20783,20.11752],[96.209,20.11743],[96.20954,20.11645],[96.21061,20.11662],[96.21061,20.11788],[96.20927,20.11824],[96.20918,20.11914],[96.20954,20.11914]]],[[[96.1471,20.11941],[96.14728,20.11213],[96.14638,20.11141],[96.14531,20.11132],[96.14674,20.11079],[96.14674,20.10971],[96.14594,20.10917],[96.14701,20.10863],[96.1471,20.10764],[96.14674,20.10719],[96.14324,20.10728],[96.14333,20.10782],[96.14414,20.10764],[96.14432,20.108],[96.14342,20.10836],[96.14243,20.108],[96.14243,20.10836],[96.14315,20.10863],[96.14351,20.10989],[96.14405,20.11016],[96.14351,20.11097],[96.14315,20.11016],[96.14252,20.10998],[96.14306,20.11132],[96.14099,20.11132],[96.14126,20.11258],[96.14432,20.11276],[96.14504,20.11195],[96.1454,20.11303],[96.14674,20.11348],[96.14567,20.11348],[96.14621,20.11492],[96.14495,20.11348],[96.14441,20.11537],[96.14369,20.11555],[96.14333,20.11501],[96.14261,20.11528],[96.14243,20.11627],[96.14324,20.11716],[96.14441,20.11698],[96.14441,20.11618],[96.14486,20.116],[96.14477,20.11743],[96.14234,20.11734],[96.14261,20.11797],[96.14162,20.11851],[96.14216,20.11743],[96.14198,20.11618],[96.14108,20.11591],[96.14046,20.11645],[96.13965,20.11627],[96.13974,20.1168],[96.14144,20.11734],[96.13992,20.11761],[96.13902,20.11905],[96.14261,20.11932],[96.14486,20.11842],[96.14567,20.11878],[96.14576,20.11941],[96.1471,20.11941]]],[[[96.27009,20.11973],[96.27079,20.11771],[96.26894,20.1171],[96.26894,20.1179],[96.26982,20.1188],[96.26973,20.11973],[96.27009,20.11973]]],[[[96.19364,20.12022],[96.19391,20.1195],[96.19471,20.11941],[96.19516,20.1151],[96.19489,20.11258],[96.194,20.11258],[96.19382,20.11204],[96.19328,20.11204],[96.19301,20.11276],[96.19337,20.11402],[96.19229,20.1142],[96.1913,20.11375],[96.19076,20.11411],[96.19076,20.11456],[96.19148,20.11447],[96.19067,20.11546],[96.19094,20.11716],[96.1904,20.11806],[96.18914,20.11824],[96.18932,20.11878],[96.19094,20.11869],[96.19229,20.11474],[96.19184,20.11833],[96.19265,20.11851],[96.19319,20.1177],[96.19426,20.11788],[96.19274,20.11896],[96.19328,20.12022],[96.19364,20.12022]]],[[[96.20109,20.1204],[96.20118,20.11842],[96.19992,20.11707],[96.20001,20.11609],[96.19956,20.116],[96.1993,20.11725],[96.19983,20.11851],[96.19903,20.11959],[96.19983,20.12022],[96.19974,20.11923],[96.20037,20.11887],[96.20064,20.1204],[96.20109,20.1204]]],[[[96.19552,20.12121],[96.19579,20.1186],[96.19633,20.11779],[96.19678,20.11896],[96.19894,20.1186],[96.19939,20.11788],[96.19651,20.11734],[96.19642,20.11636],[96.19552,20.11627],[96.19525,20.12121],[96.19552,20.12121]]],[[[96.25903,20.12183],[96.25894,20.1186],[96.25796,20.11887],[96.25778,20.11761],[96.25661,20.11761],[96.25661,20.11842],[96.25876,20.12183],[96.25903,20.12183]]],[[[96.18977,20.12201],[96.19049,20.12076],[96.19067,20.11896],[96.18995,20.11896],[96.18968,20.12004],[96.18914,20.12022],[96.18914,20.12076],[96.18968,20.12094],[96.18923,20.1213],[96.18941,20.12201],[96.18977,20.12201]]],[[[96.1471,20.12228],[96.14701,20.12013],[96.14522,20.12013],[96.14504,20.12067],[96.14468,20.12022],[96.14378,20.12022],[96.14423,20.12139],[96.14665,20.12175],[96.14683,20.12228],[96.1471,20.12228]]],[[[96.18537,20.12327],[96.18905,20.12309],[96.18968,20.12291],[96.18968,20.12246],[96.18501,20.12246],[96.1851,20.12327],[96.18537,20.12327]]],[[[96.18232,20.12372],[96.18366,20.12228],[96.18349,20.12139],[96.18304,20.12148],[96.18232,20.12291],[96.18097,20.123],[96.18088,20.12354],[96.18142,20.12372],[96.18232,20.12372]]],[[[96.2302,20.12372],[96.23011,20.12166],[96.23056,20.12094],[96.23181,20.12085],[96.23298,20.11806],[96.23244,20.11788],[96.23199,20.11833],[96.23137,20.11734],[96.23002,20.11761],[96.22948,20.11887],[96.22867,20.11896],[96.22849,20.11995],[96.22616,20.11905],[96.2258,20.11869],[96.22616,20.11788],[96.22562,20.1177],[96.22526,20.11923],[96.22705,20.12264],[96.22822,20.123],[96.22966,20.12237],[96.22984,20.12372],[96.2302,20.12372]]],[[[96.26424,20.12381],[96.26442,20.12121],[96.2637,20.12112],[96.26293,20.12159],[96.26281,20.12327],[96.26397,20.12381],[96.26424,20.12381]]],[[[96.27376,20.12427],[96.2743,20.12273],[96.27268,20.1222],[96.27362,20.12204],[96.27353,20.12141],[96.2726,20.12103],[96.27323,20.11959],[96.27197,20.11923],[96.27209,20.12356],[96.27304,20.12427],[96.27376,20.12427]]],[[[96.19939,20.12489],[96.20109,20.12327],[96.20118,20.12237],[96.19974,20.12255],[96.19849,20.12489],[96.19939,20.12489]]],[[[96.10291,20.12539],[96.10309,20.12315],[96.1022,20.12081],[96.10256,20.11901],[96.10049,20.11731],[96.1013,20.12135],[96.10238,20.12333],[96.10265,20.12306],[96.1022,20.12449],[96.10256,20.12539],[96.10291,20.12539]]],[[[96.13543,20.12642],[96.13578,20.12606],[96.13632,20.1266],[96.1374,20.12525],[96.13758,20.12426],[96.13695,20.12417],[96.13749,20.12282],[96.13713,20.12121],[96.13839,20.12058],[96.13803,20.12148],[96.13875,20.12183],[96.13938,20.12049],[96.14135,20.12112],[96.14207,20.12058],[96.14225,20.12139],[96.14333,20.12157],[96.14315,20.12022],[96.13722,20.11995],[96.13632,20.12121],[96.1365,20.12273],[96.13596,20.12372],[96.13641,20.12417],[96.13525,20.1257],[96.13507,20.12471],[96.13408,20.12453],[96.1348,20.12687],[96.13569,20.12696],[96.13552,20.12642],[96.13543,20.12642]]],[[[96.14198,20.12696],[96.14477,20.12606],[96.14459,20.12408],[96.14306,20.1239],[96.14234,20.12444],[96.14198,20.12534],[96.14252,20.12579],[96.14153,20.12642],[96.14162,20.12696],[96.14198,20.12696]]],[[[96.21861,20.12731],[96.21969,20.12713],[96.22059,20.12597],[96.22112,20.12705],[96.2222,20.12606],[96.22247,20.1266],[96.22328,20.12669],[96.22373,20.12543],[96.21951,20.12534],[96.21879,20.12435],[96.21771,20.12444],[96.21663,20.1239],[96.21744,20.12561],[96.2187,20.12552],[96.21852,20.12606],[96.21762,20.12615],[96.21798,20.12731],[96.21861,20.12731]]],[[[96.22867,20.12507],[96.22786,20.12498],[96.22741,20.12426],[96.22624,20.12435],[96.22678,20.12345],[96.22571,20.12318],[96.22607,20.12228],[96.2258,20.1213],[96.2249,20.12183],[96.22481,20.12264],[96.22112,20.12246],[96.22121,20.12166],[96.22211,20.12192],[96.22373,20.12112],[96.2231,20.1177],[96.2222,20.11761],[96.22166,20.11824],[96.22059,20.1177],[96.22041,20.11869],[96.21924,20.1186],[96.21771,20.11941],[96.2178,20.11995],[96.21897,20.11968],[96.21879,20.12148],[96.21978,20.12103],[96.22023,20.12139],[96.21978,20.12318],[96.21924,20.12363],[96.21942,20.12435],[96.22086,20.12453],[96.22166,20.12354],[96.22247,20.12399],[96.22195,20.12444],[96.2231,20.1248],[96.22382,20.12336],[96.22481,20.12363],[96.22544,20.12327],[96.22517,20.12399],[96.22409,20.1239],[96.22436,20.1248],[96.22382,20.12534],[96.22571,20.12722],[96.22499,20.12767],[96.22526,20.12875],[96.22562,20.12875],[96.22571,20.12794],[96.22607,20.12875],[96.22669,20.12866],[96.22642,20.12669],[96.22678,20.12651],[96.22768,20.12722],[96.22813,20.12651],[96.22876,20.12651],[96.22885,20.12516],[96.2293,20.12516],[96.22993,20.12408],[96.22858,20.12363],[96.22822,20.12444],[96.22867,20.12498],[96.22867,20.12507]]],[[[96.2637,20.12893],[96.26442,20.12866],[96.26389,20.12746],[96.26254,20.12776],[96.26317,20.12893],[96.2637,20.12893]]],[[[96.14683,20.12902],[96.148,20.12767],[96.14728,20.1266],[96.14585,20.12651],[96.14674,20.12767],[96.14638,20.12902],[96.14683,20.12902]]],[[[96.21798,20.12938],[96.21834,20.12875],[96.21798,20.12794],[96.21511,20.12803],[96.2152,20.1292],[96.21627,20.1292],[96.21636,20.12848],[96.21753,20.12938],[96.21798,20.12938]]],[[[96.28368,20.13039],[96.28382,20.12948],[96.28194,20.12857],[96.27943,20.12947],[96.27952,20.13001],[96.28086,20.12966],[96.2817,20.1303],[96.28296,20.13002],[96.28332,20.13039],[96.28368,20.13039]]],[[[96.18816,20.13145],[96.18834,20.13109],[96.18923,20.13136],[96.18959,20.1301],[96.18959,20.12929],[96.18888,20.12911],[96.18861,20.12839],[96.18664,20.1289],[96.18645,20.13037],[96.18573,20.13064],[96.18528,20.12983],[96.1834,20.13019],[96.18375,20.13091],[96.18771,20.13145],[96.18816,20.13145]]],[[[96.18582,20.13477],[96.18744,20.13369],[96.18923,20.13441],[96.18968,20.13396],[96.18959,20.13297],[96.186,20.13261],[96.18564,20.1336],[96.18501,20.13387],[96.18528,20.13477],[96.18582,20.13477]]],[[[96.13354,20.13567],[96.13444,20.13495],[96.13444,20.1336],[96.133,20.13405],[96.13318,20.13567],[96.13354,20.13567]]],[[[96.29451,20.13595],[96.2948,20.13554],[96.29372,20.13384],[96.29128,20.13279],[96.29128,20.13342],[96.29227,20.13396],[96.2921,20.13456],[96.29327,20.13482],[96.29309,20.13581],[96.29415,20.13595],[96.29451,20.13595]]],[[[96.12527,20.13747],[96.12689,20.13549],[96.12474,20.13666],[96.12465,20.13747],[96.12527,20.13747]]],[[[96.09555,20.13896],[96.09663,20.13716],[96.0969,20.13491],[96.09591,20.13536],[96.09537,20.13662],[96.09456,20.13698],[96.09456,20.13878],[96.0951,20.13896],[96.09555,20.13896]]],[[[96.21654,20.13953],[96.21888,20.13863],[96.21924,20.13468],[96.21708,20.13459],[96.21663,20.1354],[96.21636,20.13477],[96.21268,20.13432],[96.21241,20.13513],[96.21313,20.13549],[96.21187,20.13567],[96.21187,20.1363],[96.21403,20.13639],[96.2143,20.13675],[96.21304,20.13845],[96.21385,20.13854],[96.21394,20.13935],[96.21502,20.1389],[96.21591,20.13953],[96.21654,20.13953]]],[[[96.26038,20.13863],[96.26074,20.13765],[96.25984,20.13711],[96.25903,20.13774],[96.2593,20.13917],[96.26101,20.13971],[96.26101,20.13881],[96.26047,20.13863],[96.26038,20.13863]]],[[[96.25507,20.13981],[96.25562,20.13917],[96.25553,20.13791],[96.25409,20.13809],[96.25363,20.13864],[96.25363,20.13918],[96.25471,20.13981],[96.25507,20.13981]]],[[[96.22481,20.14007],[96.22553,20.13989],[96.22553,20.1389],[96.22669,20.13881],[96.22669,20.13809],[96.22526,20.13818],[96.22517,20.1389],[96.22436,20.13944],[96.22445,20.14007],[96.22481,20.14007]]],[[[96.2443,20.14007],[96.24493,20.13971],[96.24496,20.13809],[96.24547,20.13809],[96.24673,20.13998],[96.24736,20.13998],[96.2478,20.13944],[96.24762,20.13836],[96.24861,20.13854],[96.24897,20.13774],[96.24798,20.13702],[96.24655,20.13738],[96.24655,20.13648],[96.24439,20.13576],[96.24358,20.13711],[96.24438,20.13765],[96.24442,20.13892],[96.24358,20.13899],[96.24304,20.13827],[96.24188,20.13881],[96.24197,20.13953],[96.24322,20.14007],[96.2443,20.14007]]],[[[96.13048,20.14016],[96.1312,20.13944],[96.13291,20.13953],[96.13372,20.13854],[96.13372,20.13774],[96.13309,20.13747],[96.13363,20.13612],[96.13273,20.13621],[96.13273,20.13738],[96.13183,20.13774],[96.13219,20.13558],[96.13156,20.13432],[96.13066,20.13468],[96.1312,20.13747],[96.1303,20.1372],[96.13022,20.13845],[96.12923,20.13818],[96.12941,20.13899],[96.12833,20.1389],[96.12788,20.13962],[96.12815,20.14007],[96.12986,20.14016],[96.13048,20.14016]]],[[[96.25355,20.14097],[96.25355,20.14007],[96.25239,20.13971],[96.25176,20.1389],[96.2496,20.13872],[96.24996,20.1398],[96.25275,20.14025],[96.25275,20.14097],[96.25355,20.14097]]],[[[96.21025,20.14142],[96.21133,20.13998],[96.21286,20.13962],[96.21241,20.13782],[96.21187,20.13791],[96.21124,20.13944],[96.21133,20.13666],[96.21088,20.13648],[96.20882,20.13684],[96.20864,20.13765],[96.20783,20.138],[96.20801,20.13872],[96.20756,20.13881],[96.20828,20.14052],[96.20972,20.14142],[96.21025,20.14142]]],[[[96.29335,20.14214],[96.29389,20.14061],[96.29326,20.14043],[96.2929,20.14088],[96.29308,20.13998],[96.29209,20.1398],[96.2911,20.14106],[96.29227,20.14106],[96.29218,20.14178],[96.29272,20.14214],[96.29335,20.14214]]],[[[96.216,20.14232],[96.21672,20.1407],[96.2152,20.14079],[96.21457,20.14223],[96.21547,20.14187],[96.21564,20.14232],[96.216,20.14232]]],[[[96.23092,20.14295],[96.23137,20.14205],[96.23217,20.14205],[96.23208,20.1408],[96.23128,20.14097],[96.23046,20.14188],[96.23038,20.14295],[96.23092,20.14295]]],[[[96.25876,20.14528],[96.26002,20.14429],[96.25939,20.14375],[96.25796,20.14393],[96.25805,20.1433],[96.25715,20.14304],[96.25697,20.14357],[96.25778,20.14393],[96.25787,20.14447],[96.25849,20.14447],[96.25849,20.14528],[96.25876,20.14528]]],[[[96.23253,20.14546],[96.23379,20.1451],[96.23397,20.14429],[96.2346,20.14429],[96.23487,20.14375],[96.23559,20.14393],[96.23604,20.14321],[96.23649,20.14447],[96.23855,20.14393],[96.23827,20.1417],[96.23774,20.14214],[96.23622,20.14214],[96.2364,20.14135],[96.23711,20.14178],[96.23827,20.14161],[96.23836,20.14107],[96.23747,20.1398],[96.23765,20.13891],[96.23863,20.13837],[96.23738,20.13684],[96.23676,20.13684],[96.23658,20.13783],[96.2363,20.13765],[96.23603,20.13425],[96.23667,20.13342],[96.23535,20.13351],[96.23577,20.13279],[96.23478,20.13048],[96.23544,20.13129],[96.23729,20.13145],[96.23755,20.13415],[96.23837,20.13522],[96.23819,20.13585],[96.23909,20.13603],[96.23999,20.13729],[96.24106,20.13748],[96.24206,20.13648],[96.24322,20.13648],[96.24439,20.13513],[96.24439,20.13452],[96.24493,20.1345],[96.24673,20.13657],[96.24762,20.13666],[96.24816,20.13594],[96.24834,20.13405],[96.24736,20.13315],[96.2478,20.13199],[96.2461,20.1292],[96.24655,20.12911],[96.247,20.13001],[96.2478,20.12956],[96.24816,20.1301],[96.24915,20.12812],[96.24825,20.12794],[96.24691,20.1266],[96.24915,20.12588],[96.25067,20.12455],[96.25212,20.12455],[96.25319,20.12516],[96.25319,20.12427],[96.25427,20.12345],[96.25466,20.12249],[96.25535,20.12273],[96.25544,20.12345],[96.25679,20.12363],[96.25733,20.12318],[96.25706,20.12175],[96.25562,20.12103],[96.25616,20.12094],[96.25688,20.11986],[96.2558,20.11995],[96.25535,20.11806],[96.25435,20.11834],[96.25418,20.11806],[96.25472,20.11788],[96.25454,20.11636],[96.254,20.11636],[96.25346,20.11743],[96.25257,20.11725],[96.25346,20.11671],[96.25266,20.11501],[96.2514,20.116],[96.24996,20.11609],[96.24891,20.1171],[96.24878,20.11816],[96.24977,20.11808],[96.24987,20.11887],[96.24828,20.11826],[96.24834,20.11752],[96.24771,20.11815],[96.24756,20.11772],[96.24691,20.1177],[96.24664,20.11853],[96.24583,20.11833],[96.24457,20.11977],[96.2443,20.12094],[96.24259,20.12148],[96.2417,20.12112],[96.24188,20.123],[96.24062,20.12309],[96.24044,20.12282],[96.24134,20.12264],[96.24134,20.12219],[96.2408,20.11986],[96.24017,20.11943],[96.2407,20.11933],[96.24107,20.11986],[96.24321,20.11951],[96.24259,20.11852],[96.24119,20.11853],[96.24375,20.11753],[96.24375,20.1169],[96.24325,20.11647],[96.24178,20.11645],[96.24169,20.1178],[96.24092,20.1179],[96.24083,20.11861],[96.24043,20.11798],[96.24155,20.11683],[96.24038,20.1171],[96.24034,20.1178],[96.23962,20.1178],[96.2393,20.11943],[96.23972,20.11952],[96.23981,20.12049],[96.23918,20.12067],[96.23954,20.12219],[96.23882,20.12264],[96.23882,20.12121],[96.23729,20.12166],[96.23872,20.12005],[96.23864,20.11923],[96.2381,20.11905],[96.2381,20.11969],[96.23756,20.12004],[96.23729,20.11959],[96.23801,20.11851],[96.23756,20.11788],[96.23711,20.11869],[96.23667,20.11851],[96.23667,20.11779],[96.23729,20.11725],[96.23622,20.1168],[96.23621,20.11574],[96.2355,20.11564],[96.23514,20.11797],[96.23424,20.11788],[96.23406,20.11851],[96.23433,20.11887],[96.23649,20.1186],[96.23505,20.11986],[96.23442,20.11986],[96.23478,20.12085],[96.23307,20.12255],[96.2328,20.12201],[96.23128,20.12175],[96.23074,20.12282],[96.23101,20.12408],[96.22966,20.12543],[96.22984,20.1274],[96.22885,20.12669],[96.22705,20.12821],[96.22705,20.12866],[96.22768,20.12875],[96.22804,20.12992],[96.23011,20.13163],[96.22948,20.13279],[96.22939,20.13576],[96.23146,20.13623],[96.23154,20.13711],[96.23082,20.13837],[96.23181,20.13875],[96.23208,20.13944],[96.23265,20.13928],[96.23289,20.14025],[96.23352,20.14043],[96.23334,20.14142],[96.23397,20.14295],[96.23208,20.14483],[96.23217,20.14546],[96.23253,20.14546]],[[96.23819,20.13037],[96.23765,20.12785],[96.23801,20.12731],[96.23822,20.1285],[96.23873,20.12875],[96.23855,20.12983],[96.23927,20.13037],[96.23909,20.13181],[96.24026,20.1319],[96.24044,20.1336],[96.23828,20.1319],[96.23792,20.13127],[96.23828,20.13037],[96.23819,20.13037]],[[96.24379,20.13345],[96.24304,20.13282],[96.24339,20.13128],[96.24244,20.13129],[96.24223,20.13235],[96.24128,20.1311],[96.2416,20.13029],[96.24259,20.13028],[96.24331,20.12938],[96.24406,20.1312],[96.24487,20.13111],[96.24412,20.13154],[96.24478,20.13291],[96.24397,20.13345],[96.24379,20.13345]],[[96.23208,20.12669],[96.23256,20.12832],[96.23387,20.12912],[96.23445,20.1301],[96.23271,20.12848],[96.23199,20.12848],[96.23163,20.12776],[96.23083,20.12776],[96.23083,20.12696],[96.2302,20.12687],[96.231,20.12607],[96.2311,20.12471],[96.23154,20.12489],[96.23217,20.12669],[96.23208,20.12669]],[[96.23792,20.1266],[96.23765,20.12536],[96.23813,20.12446],[96.2372,20.1239],[96.2372,20.12255],[96.23819,20.12291],[96.23783,20.12336],[96.23819,20.12417],[96.239,20.12417],[96.23972,20.12327],[96.24017,20.12354],[96.23975,20.12516],[96.239,20.12516],[96.23855,20.12669],[96.23801,20.1266],[96.23792,20.1266]],[[96.24313,20.1345],[96.24295,20.13549],[96.24143,20.13549],[96.24125,20.13621],[96.23999,20.13612],[96.23909,20.1354],[96.24053,20.1354],[96.2408,20.13495],[96.24179,20.13531],[96.24295,20.1345],[96.24313,20.1345]]],[[[96.16444,20.14672],[96.1657,20.14654],[96.16498,20.14474],[96.16453,20.14474],[96.16462,20.14546],[96.16408,20.14582],[96.16228,20.14465],[96.16228,20.14528],[96.16157,20.14591],[96.16336,20.14618],[96.16399,20.14672],[96.16444,20.14672]]],[[[96.22238,20.14735],[96.22265,20.14618],[96.22229,20.14546],[96.22328,20.1451],[96.2231,20.14375],[96.22364,20.14304],[96.22355,20.1425],[96.22283,20.14241],[96.2231,20.14061],[96.2222,20.13944],[96.22319,20.13944],[96.22292,20.13818],[96.22184,20.13881],[96.22077,20.13845],[96.22059,20.13944],[96.22005,20.1389],[96.21924,20.14007],[96.21798,20.14034],[96.2187,20.14196],[96.22014,20.14151],[96.22086,20.14187],[96.22103,20.14295],[96.21987,20.14304],[96.21942,20.14223],[96.21834,20.14232],[96.21834,20.14304],[96.21897,20.14366],[96.21843,20.14465],[96.21942,20.14465],[96.21924,20.14573],[96.22202,20.14627],[96.22193,20.14735],[96.22238,20.14735]]],[[[96.21223,20.14753],[96.21187,20.14681],[96.21277,20.14672],[96.21286,20.14537],[96.21088,20.14564],[96.2107,20.14519],[96.21017,20.14528],[96.21008,20.14573],[96.21178,20.14753],[96.21223,20.14753]]],[[[96.29119,20.14771],[96.29155,20.14699],[96.28994,20.14582],[96.28931,20.14744],[96.29074,20.14771],[96.29119,20.14771]]],[[[96.20046,20.1478],[96.20118,20.14753],[96.20127,20.14672],[96.20244,20.14645],[96.20289,20.14483],[96.20478,20.14483],[96.20442,20.14393],[96.20469,20.14268],[96.20388,20.14223],[96.2037,20.14142],[96.20262,20.14196],[96.20154,20.1416],[96.20064,20.14196],[96.20064,20.14241],[96.20208,20.14286],[96.2019,20.14366],[96.20091,20.14393],[96.201,20.14474],[96.20208,20.1451],[96.20199,20.14582],[96.2001,20.14411],[96.19804,20.14411],[96.19804,20.14492],[96.19903,20.14501],[96.19813,20.14528],[96.19813,20.14663],[96.19992,20.1478],[96.20046,20.1478]]],[[[96.26074,20.14825],[96.26137,20.14789],[96.26173,20.14663],[96.26227,20.14672],[96.26173,20.14708],[96.26191,20.14816],[96.26254,20.14807],[96.26344,20.14672],[96.26344,20.14627],[96.26254,20.14609],[96.26281,20.14456],[96.26227,20.14357],[96.26173,20.14429],[96.26164,20.14312],[96.2611,20.14321],[96.26146,20.14456],[96.26074,20.14456],[96.26011,20.14528],[96.26011,20.14618],[96.26056,20.14645],[96.26002,20.1469],[96.26038,20.14825],[96.26074,20.14825]]],[[[96.1666,20.14878],[96.16884,20.14645],[96.16875,20.146],[96.16714,20.14672],[96.16678,20.14789],[96.16615,20.14834],[96.16633,20.14878],[96.1666,20.14878]]],[[[96.17217,20.14923],[96.17244,20.14869],[96.17199,20.14834],[96.17262,20.14798],[96.1728,20.14717],[96.17486,20.14726],[96.17486,20.1486],[96.17585,20.14851],[96.17702,20.14735],[96.17181,20.14627],[96.17091,20.14798],[96.17181,20.14923],[96.17217,20.14923]]],[[[96.16983,20.14932],[96.17064,20.14735],[96.17019,20.14654],[96.16893,20.14726],[96.16947,20.14771],[96.16938,20.14932],[96.16983,20.14932]]],[[[96.17756,20.14968],[96.17836,20.14905],[96.17908,20.1495],[96.1807,20.14941],[96.18151,20.14851],[96.18079,20.14807],[96.17836,20.14825],[96.17693,20.14878],[96.17666,20.14959],[96.17702,20.14968],[96.17756,20.14968]]],[[[96.19094,20.15013],[96.19103,20.14977],[96.19184,20.14986],[96.19247,20.1478],[96.19238,20.14708],[96.19193,20.14699],[96.19238,20.14609],[96.19166,20.14582],[96.19256,20.14555],[96.19256,20.14456],[96.19364,20.14474],[96.19409,20.14348],[96.19373,20.14268],[96.19166,20.14286],[96.19265,20.14393],[96.19067,20.14321],[96.19067,20.14384],[96.19193,20.14474],[96.19094,20.1451],[96.1913,20.14591],[96.1904,20.14636],[96.1904,20.14726],[96.19184,20.14708],[96.19175,20.14834],[96.19022,20.14914],[96.1904,20.15013],[96.19094,20.15013]]],[[[96.22687,20.15094],[96.22858,20.14959],[96.22858,20.14869],[96.22786,20.14851],[96.2275,20.14959],[96.22616,20.14834],[96.22759,20.14744],[96.22903,20.14789],[96.22903,20.14672],[96.22795,20.14681],[96.22795,20.14645],[96.2302,20.14609],[96.23038,20.14564],[96.22993,20.14519],[96.23092,20.1451],[96.23101,20.14456],[96.23047,20.14402],[96.22957,20.14429],[96.22903,20.14357],[96.22822,20.14357],[96.22777,20.14214],[96.22678,20.14178],[96.22678,20.14025],[96.22642,20.14016],[96.22538,20.14081],[96.22571,20.14196],[96.22454,20.14151],[96.22481,20.14241],[96.22436,20.14277],[96.22445,20.14357],[96.22499,20.14366],[96.22562,20.14277],[96.22651,20.1425],[96.22553,20.14411],[96.22624,20.14474],[96.22624,20.14537],[96.22508,20.1451],[96.22418,20.14609],[96.22535,20.14645],[96.2258,20.14717],[96.22517,20.14843],[96.22598,20.14869],[96.22651,20.15094],[96.22687,20.15094]]],[[[96.25113,20.15139],[96.25122,20.15085],[96.24861,20.14941],[96.24825,20.14762],[96.24658,20.14773],[96.24667,20.14979],[96.25059,20.15139],[96.25113,20.15139]]],[[[96.24206,20.1531],[96.24179,20.15202],[96.24313,20.15211],[96.24322,20.15175],[96.24197,20.15058],[96.24304,20.15085],[96.24421,20.15022],[96.24448,20.14923],[96.24673,20.14627],[96.24834,20.14726],[96.24933,20.1469],[96.24843,20.14546],[96.24852,20.14393],[96.24915,20.14304],[96.24825,20.14268],[96.24852,20.14142],[96.24771,20.14133],[96.24754,20.1407],[96.247,20.14124],[96.24637,20.14106],[96.2461,20.14187],[96.24358,20.14169],[96.24475,20.1442],[96.24556,20.14375],[96.24574,20.14438],[96.2446,20.14485],[96.24475,20.14636],[96.24358,20.14546],[96.24367,20.14465],[96.24277,20.14438],[96.24313,20.14636],[96.24277,20.14681],[96.24277,20.14923],[96.24134,20.14843],[96.24026,20.14878],[96.24035,20.14995],[96.24098,20.15031],[96.24071,20.1522],[96.24143,20.1531],[96.24206,20.1531]]],[[[96.26424,20.15328],[96.26415,20.15139],[96.26244,20.15122],[96.26388,20.15328],[96.26424,20.15328]]],[[[96.22103,20.1539],[96.2213,20.15166],[96.2205,20.15058],[96.2213,20.14914],[96.22032,20.14896],[96.21987,20.1495],[96.21978,20.15184],[96.2205,20.15265],[96.22068,20.1539],[96.22103,20.1539]]],[[[96.1339,20.15426],[96.13507,20.1539],[96.13489,20.15238],[96.13282,20.15247],[96.13318,20.15301],[96.13291,20.15373],[96.13381,20.15355],[96.13354,20.15426],[96.1339,20.15426]]],[[[96.23397,20.15471],[96.23532,20.15301],[96.23667,20.15292],[96.23667,20.15202],[96.23388,20.15337],[96.2319,20.15274],[96.23163,20.15121],[96.2311,20.15121],[96.23128,20.15301],[96.23271,20.15355],[96.23226,20.15453],[96.23298,20.15471],[96.23325,20.1539],[96.23361,20.15471],[96.23397,20.15471]]],[[[96.1798,20.15489],[96.1798,20.15408],[96.18052,20.15417],[96.1807,20.15346],[96.1789,20.15229],[96.17926,20.15364],[96.17872,20.15444],[96.17917,20.15489],[96.1798,20.15489]]],[[[96.18411,20.15507],[96.18447,20.15453],[96.18555,20.15453],[96.18555,20.15408],[96.18501,20.15373],[96.18447,20.15426],[96.18331,20.15399],[96.18304,20.15462],[96.18232,20.15373],[96.18169,20.15373],[96.18178,20.15444],[96.18322,20.15507],[96.18411,20.15507]]],[[[96.25266,20.15525],[96.25346,20.15444],[96.25149,20.15399],[96.25134,20.15482],[96.25185,20.15525],[96.25266,20.15525]]],[[[96.16642,20.1531],[96.16776,20.15292],[96.1683,20.15184],[96.1692,20.15238],[96.16965,20.15031],[96.16767,20.14977],[96.16758,20.15148],[96.16615,20.1522],[96.16615,20.15292],[96.1648,20.15319],[96.16462,20.15399],[96.16372,20.15373],[96.16354,20.15444],[96.16417,20.15534],[96.16516,20.15525],[96.16633,20.15408],[96.16642,20.15337],[96.16642,20.1531]]],[[[96.17881,20.15543],[96.17854,20.15444],[96.17747,20.15355],[96.17621,20.15346],[96.17612,20.15408],[96.17693,20.15435],[96.17702,20.15498],[96.17756,20.1548],[96.17783,20.15543],[96.17881,20.15543]]],[[[96.19588,20.15543],[96.19642,20.15462],[96.19705,20.1548],[96.1966,20.15346],[96.1975,20.15355],[96.19858,20.15211],[96.19956,20.15184],[96.19858,20.15103],[96.19974,20.15004],[96.19983,20.14923],[96.20064,20.14914],[96.20046,20.1486],[96.19921,20.1486],[96.19777,20.1469],[96.19705,20.14699],[96.19741,20.14609],[96.19687,20.14456],[96.19651,20.14465],[96.19669,20.14555],[96.19552,20.14582],[96.19597,20.14744],[96.19669,20.14789],[96.19525,20.15049],[96.19543,20.15166],[96.19597,20.15085],[96.19651,20.15094],[96.19651,20.15256],[96.19534,20.15346],[96.19543,20.15543],[96.19588,20.15543]]],[[[96.24089,20.15615],[96.24134,20.15615],[96.24134,20.15498],[96.24232,20.15381],[96.24161,20.15373],[96.24134,20.15319],[96.23999,20.15337],[96.23963,20.15184],[96.23999,20.15103],[96.23936,20.15094],[96.23837,20.1522],[96.23908,20.15238],[96.23926,20.15347],[96.23999,20.15364],[96.2402,20.155],[96.24089,20.15561],[96.24089,20.15615]]],[[[96.09635,20.15471],[96.09563,20.15435],[96.09509,20.15516],[96.09617,20.15633],[96.09689,20.15633],[96.09644,20.15471],[96.09635,20.15471]]],[[[96.19022,20.15579],[96.19022,20.15516],[96.18932,20.15444],[96.19094,20.15426],[96.19103,20.1531],[96.18735,20.15211],[96.18789,20.15337],[96.18708,20.15328],[96.18699,20.15373],[96.1887,20.1548],[96.18995,20.15642],[96.19031,20.15642],[96.19031,20.15579],[96.19022,20.15579]]],[[[96.15842,20.15705],[96.15941,20.15678],[96.15977,20.15615],[96.16291,20.15579],[96.16327,20.15471],[96.16004,20.15516],[96.15896,20.15624],[96.15797,20.15651],[96.15788,20.15705],[96.15842,20.15705]]],[[[96.23343,20.15768],[96.23406,20.15669],[96.23451,20.15732],[96.23541,20.15723],[96.23541,20.15597],[96.23424,20.15507],[96.23271,20.15534],[96.23271,20.15579],[96.23334,20.15579],[96.23289,20.15597],[96.23316,20.15768],[96.23343,20.15768]]],[[[96.19939,20.15849],[96.20028,20.15741],[96.20181,20.15759],[96.20217,20.15687],[96.20316,20.15687],[96.20316,20.1575],[96.20361,20.1575],[96.20343,20.15534],[96.20522,20.15498],[96.20531,20.15444],[96.20469,20.15453],[96.20424,20.1539],[96.20217,20.15489],[96.20199,20.15373],[96.20082,20.15319],[96.20019,20.15355],[96.19974,20.15516],[96.19983,20.15373],[96.19831,20.15373],[96.19777,20.1566],[96.19983,20.15642],[96.19894,20.15777],[96.19912,20.15849],[96.19939,20.15849]]],[[[96.30098,20.15867],[96.30234,20.15719],[96.30018,20.15741],[96.29964,20.15669],[96.29874,20.1566],[96.29937,20.15822],[96.30045,20.15867],[96.30098,20.15867]]],[[[96.23487,20.15965],[96.23487,20.15903],[96.23595,20.15894],[96.23622,20.15831],[96.23343,20.15786],[96.23343,20.15849],[96.23442,20.15965],[96.23487,20.15965]]],[[[96.24879,20.16082],[96.24807,20.15965],[96.24987,20.15938],[96.25095,20.15788],[96.25233,20.15887],[96.25412,20.15923],[96.25454,20.16055],[96.25571,20.16037],[96.25562,20.15992],[96.25484,20.15986],[96.25579,20.15921],[96.25888,20.15968],[96.25915,20.15887],[96.25834,20.15851],[96.25736,20.15905],[96.257,20.15788],[96.25511,20.15698],[96.25448,20.15698],[96.25408,20.15778],[96.25367,20.15761],[96.2539,20.1567],[96.2534,20.15617],[96.25547,20.15572],[96.25517,20.15462],[96.25304,20.155],[96.25134,20.15608],[96.25179,20.15725],[96.25062,20.15687],[96.25035,20.15626],[96.24918,20.15653],[96.249,20.15545],[96.24754,20.15525],[96.2464,20.15671],[96.24673,20.15705],[96.24816,20.15644],[96.24864,20.15671],[96.24682,20.1575],[96.24745,20.15903],[96.24592,20.15858],[96.24574,20.15911],[96.24736,20.1601],[96.24745,20.16082],[96.24834,20.16082],[96.24879,20.16082]]],[[[96.0906,20.16127],[96.09123,20.16055],[96.0897,20.16001],[96.09186,20.15974],[96.09302,20.15804],[96.09267,20.15696],[96.09365,20.15633],[96.09536,20.15642],[96.09527,20.1557],[96.09096,20.15615],[96.09114,20.15929],[96.09078,20.15849],[96.09015,20.15831],[96.09069,20.15777],[96.0906,20.15705],[96.08862,20.15651],[96.08907,20.15768],[96.0879,20.15768],[96.08826,20.1592],[96.08728,20.15956],[96.08719,20.16082],[96.0879,20.16073],[96.0879,20.15983],[96.08925,20.15947],[96.08961,20.15992],[96.08916,20.16028],[96.08934,20.16127],[96.0906,20.16127]]],[[[96.10605,20.15687],[96.10551,20.1566],[96.1056,20.15606],[96.10371,20.15534],[96.10371,20.15408],[96.10291,20.15453],[96.10201,20.15426],[96.1012,20.15462],[96.1012,20.15543],[96.10057,20.15606],[96.09994,20.15606],[96.10057,20.15678],[96.09949,20.15795],[96.10138,20.15777],[96.10138,20.15885],[96.10273,20.15911],[96.10362,20.15992],[96.10371,20.16091],[96.10443,20.16136],[96.10479,20.16262],[96.10659,20.16262],[96.10803,20.16046],[96.10848,20.16127],[96.10776,20.16163],[96.10776,20.16217],[96.10848,20.16271],[96.10946,20.161],[96.11072,20.16073],[96.11072,20.16028],[96.10937,20.16019],[96.10937,20.15876],[96.10776,20.15813],[96.10677,20.15956],[96.10345,20.1592],[96.1038,20.15867],[96.10551,20.15903],[96.10659,20.15786],[96.10605,20.15741],[96.10605,20.15687]],[[96.10416,20.15714],[96.10246,20.15759],[96.10192,20.15642],[96.10282,20.15615],[96.10425,20.15714],[96.10416,20.15714]]],[[[96.21061,20.16361],[96.2107,20.16262],[96.20981,20.16118],[96.21025,20.15938],[96.20927,20.15876],[96.20837,20.15687],[96.20882,20.15615],[96.20801,20.15633],[96.20747,20.15588],[96.20756,20.15463],[96.20846,20.15471],[96.20846,20.15543],[96.209,20.15534],[96.20873,20.15426],[96.20972,20.15489],[96.20918,20.1566],[96.20981,20.15867],[96.21017,20.15867],[96.21079,20.15498],[96.21061,20.15211],[96.21124,20.15202],[96.21169,20.15274],[96.21241,20.15265],[96.21241,20.1522],[96.21187,20.15085],[96.2107,20.15103],[96.21115,20.15004],[96.20972,20.14807],[96.21034,20.14753],[96.2099,20.14699],[96.21017,20.14591],[96.20972,20.14573],[96.20882,20.14636],[96.2081,20.14789],[96.20774,20.14762],[96.20837,20.14627],[96.20783,20.14591],[96.20801,20.14465],[96.20693,20.14447],[96.20576,20.14573],[96.20469,20.14582],[96.20424,20.14528],[96.2037,20.14555],[96.20361,20.14627],[96.20442,20.14663],[96.2046,20.14807],[96.20397,20.14887],[96.20334,20.1478],[96.2019,20.14834],[96.20145,20.15022],[96.20343,20.14977],[96.20388,20.15004],[96.20325,20.1504],[96.20253,20.15238],[96.20127,20.15238],[96.20073,20.15184],[96.20046,20.15274],[96.201,20.1531],[96.20127,20.15247],[96.20235,20.15337],[96.20253,20.15256],[96.20307,20.15265],[96.20352,20.15381],[96.20469,20.15355],[96.2046,20.1531],[96.20388,20.1531],[96.20424,20.15274],[96.20567,20.15247],[96.20594,20.1531],[96.20657,20.15301],[96.2063,20.15399],[96.20737,20.15408],[96.20755,20.15454],[96.20692,20.1549],[96.20684,20.15624],[96.20792,20.15768],[96.20738,20.15705],[96.20594,20.15687],[96.20594,20.15768],[96.20513,20.15804],[96.2046,20.15723],[96.20397,20.15768],[96.20415,20.15894],[96.20648,20.15903],[96.20621,20.15768],[96.20711,20.15786],[96.20729,20.15894],[96.20864,20.1592],[96.20828,20.15983],[96.20747,20.16001],[96.20747,20.16064],[96.21017,20.16361],[96.21061,20.16361]],[[96.20747,20.15382],[96.20729,20.15175],[96.20639,20.15094],[96.2072,20.15094],[96.20702,20.14959],[96.20765,20.14843],[96.20819,20.14869],[96.20792,20.15211],[96.20837,20.15319],[96.208,20.15382],[96.20747,20.15382]]],[[[96.18268,20.16415],[96.18214,20.16316],[96.17953,20.1628],[96.1798,20.16343],[96.18241,20.16415],[96.18268,20.16415]]],[[[96.08485,20.16495],[96.08521,20.16468],[96.08485,20.16361],[96.08305,20.16325],[96.08269,20.16379],[96.08198,20.16379],[96.08216,20.1645],[96.0835,20.16495],[96.08485,20.16495]]],[[[96.18447,20.16531],[96.18528,20.16271],[96.18618,20.16298],[96.18636,20.16199],[96.18519,20.1619],[96.18429,20.16262],[96.18357,20.16424],[96.18411,20.16531],[96.18447,20.16531]]],[[[96.20909,20.16531],[96.20927,20.16468],[96.20855,20.16334],[96.20747,20.16289],[96.20719,20.16389],[96.20756,20.16459],[96.20693,20.16513],[96.20855,20.16531],[96.20909,20.16531]]],[[[96.2319,20.16531],[96.23262,20.16486],[96.23244,20.16253],[96.2328,20.16208],[96.23217,20.16046],[96.2311,20.16091],[96.2311,20.16136],[96.23181,20.16154],[96.23128,20.16325],[96.23128,20.16433],[96.2319,20.16442],[96.23163,20.16531],[96.2319,20.16531]]],[[[96.27919,20.16534],[96.27963,20.16462],[96.27942,20.16344],[96.27484,20.16361],[96.27523,20.16426],[96.27748,20.16525],[96.27784,20.1648],[96.2769,20.16406],[96.2787,20.16442],[96.27883,20.16534],[96.27919,20.16534]]],[[[96.28592,20.16569],[96.287,20.16551],[96.28682,20.16453],[96.28597,20.1646],[96.28673,20.16372],[96.28323,20.16372],[96.28332,20.16471],[96.28395,20.16471],[96.28437,20.16406],[96.28449,20.16516],[96.28538,20.16569],[96.28592,20.16569]]],[[[96.26092,20.16612],[96.26128,20.16567],[96.26254,20.16594],[96.26272,20.16549],[96.26191,20.16468],[96.26101,20.16459],[96.25987,20.16309],[96.26032,20.16264],[96.26176,20.16336],[96.26203,20.16289],[96.26308,20.1628],[96.26326,20.16217],[96.262,20.16199],[96.26131,20.16264],[96.26059,20.16201],[96.25951,20.16246],[96.25903,20.16433],[96.26038,20.16612],[96.26092,20.16612]]],[[[96.2063,20.16621],[96.20666,20.1654],[96.20531,20.16433],[96.20433,20.16567],[96.20594,20.16549],[96.20603,20.16621],[96.2063,20.16621]]],[[[96.28894,20.16471],[96.2888,20.16372],[96.28697,20.16361],[96.28907,20.16623],[96.29032,20.16632],[96.29023,20.16569],[96.28898,20.16471],[96.28894,20.16471]]],[[[96.0791,20.16657],[96.08099,20.16468],[96.0809,20.16325],[96.08144,20.1619],[96.08296,20.1619],[96.08341,20.16136],[96.08368,20.16217],[96.08476,20.16172],[96.08494,20.16046],[96.08395,20.16064],[96.0844,20.15965],[96.08305,20.15929],[96.08278,20.16046],[96.08126,20.16019],[96.08081,20.16064],[96.08018,20.1619],[96.07991,20.16433],[96.07829,20.16504],[96.07811,20.1663],[96.07856,20.16657],[96.0791,20.16657]]],[[[96.17827,20.16693],[96.17962,20.16585],[96.17935,20.16504],[96.17845,20.16504],[96.17899,20.1645],[96.17908,20.16307],[96.17702,20.16226],[96.17711,20.16127],[96.17585,20.161],[96.17558,20.1619],[96.17594,20.16235],[96.17783,20.16334],[96.17747,20.16486],[96.17827,20.16594],[96.17765,20.16603],[96.17774,20.16693],[96.17827,20.16693]]],[[[96.20333,20.16694],[96.20369,20.16577],[96.2036,20.16523],[96.20298,20.16523],[96.20334,20.1628],[96.20217,20.16217],[96.20037,20.16298],[96.20028,20.16343],[96.20244,20.16325],[96.20235,20.16522],[96.20297,20.16694],[96.20333,20.16694]]],[[[96.19355,20.16711],[96.19391,20.16513],[96.19265,20.1637],[96.19355,20.16397],[96.19444,20.16343],[96.19444,20.16208],[96.19453,20.16262],[96.19498,20.16262],[96.19543,20.1619],[96.19525,20.16037],[96.1948,20.16037],[96.19453,20.16136],[96.19274,20.16289],[96.19184,20.16253],[96.19076,20.1637],[96.19112,20.16504],[96.19166,20.16486],[96.19157,20.16379],[96.19193,20.16397],[96.19202,20.16522],[96.1913,20.16549],[96.1913,20.16594],[96.19292,20.1663],[96.19319,20.16711],[96.19355,20.16711]]],[[[96.08557,20.16747],[96.08737,20.16621],[96.08728,20.1645],[96.08781,20.16334],[96.09006,20.16226],[96.09006,20.16181],[96.0879,20.16154],[96.08692,20.1619],[96.08683,20.1628],[96.08728,20.16334],[96.08638,20.16361],[96.08593,20.1645],[96.08692,20.16576],[96.08548,20.16549],[96.08503,20.16594],[96.08216,20.16594],[96.08233,20.16729],[96.08458,20.16648],[96.08494,20.16747],[96.08557,20.16747]]],[[[96.25544,20.16666],[96.25562,20.16612],[96.25625,20.16603],[96.2558,20.16442],[96.25412,20.16417],[96.25409,20.16585],[96.25517,20.16729],[96.25517,20.16801],[96.25652,20.16828],[96.25652,20.16729],[96.25553,20.16666],[96.25544,20.16666]]],[[[96.21232,20.16864],[96.21358,20.16846],[96.21313,20.16765],[96.21358,20.16666],[96.21322,20.16612],[96.21259,20.16612],[96.2125,20.16549],[96.21124,20.16531],[96.2116,20.16621],[96.21259,20.16621],[96.21277,20.16684],[96.21151,20.16774],[96.21178,20.16864],[96.21232,20.16864]]],[[[96.25319,20.16891],[96.25409,20.16738],[96.25337,20.16567],[96.25239,20.16621],[96.25239,20.16855],[96.25292,20.16891],[96.25319,20.16891]]],[[[96.20755,20.17062],[96.20927,20.1698],[96.20891,20.16873],[96.20729,20.16909],[96.20692,20.17062],[96.20755,20.17062]]],[[[96.2567,20.17079],[96.2567,20.16936],[96.25364,20.16918],[96.254,20.17016],[96.25481,20.16998],[96.25607,20.17079],[96.2567,20.17079]]],[[[96.07739,20.17241],[96.07874,20.17079],[96.08018,20.17097],[96.08054,20.17052],[96.0818,20.17052],[96.08216,20.1681],[96.08126,20.16792],[96.0818,20.16675],[96.08153,20.16603],[96.0809,20.16621],[96.07982,20.16783],[96.07874,20.16738],[96.07748,20.16756],[96.07739,20.16828],[96.07793,20.16837],[96.07748,20.16864],[96.07775,20.16972],[96.07901,20.16891],[96.07955,20.16927],[96.07892,20.16963],[96.07874,20.17061],[96.07793,20.17034],[96.07686,20.17106],[96.07677,20.17241],[96.07739,20.17241]]],[[[96.21843,20.17286],[96.21843,20.17187],[96.21573,20.17205],[96.21627,20.17286],[96.21762,20.17232],[96.21807,20.17286],[96.21843,20.17286]]],[[[96.19328,20.17295],[96.19373,20.17232],[96.19283,20.17169],[96.19435,20.17178],[96.19426,20.17106],[96.19337,20.17061],[96.19202,20.17097],[96.18932,20.1707],[96.18959,20.1716],[96.1904,20.17142],[96.19067,20.17196],[96.19274,20.17295],[96.19328,20.17295]]],[[[96.18744,20.17304],[96.18762,20.17187],[96.18645,20.17052],[96.1851,20.17052],[96.18456,20.17097],[96.18483,20.17187],[96.18429,20.17187],[96.1842,20.17232],[96.18483,20.17232],[96.1851,20.17178],[96.18636,20.17187],[96.18699,20.17304],[96.18744,20.17304]]],[[[96.25472,20.17304],[96.25499,20.17196],[96.25634,20.17286],[96.25661,20.17133],[96.25499,20.17115],[96.25427,20.17061],[96.25391,20.17214],[96.25436,20.17304],[96.25472,20.17304]]],[[[96.19606,20.17448],[96.19642,20.17304],[96.19597,20.17232],[96.19391,20.17286],[96.19391,20.17331],[96.19462,20.17331],[96.19462,20.17421],[96.19525,20.17448],[96.19606,20.17448]]],[[[96.20765,20.17627],[96.20783,20.17573],[96.2072,20.17475],[96.2063,20.17421],[96.20575,20.17467],[96.20585,20.17358],[96.2054,20.17349],[96.20486,20.17413],[96.20513,20.17529],[96.20584,20.1752],[96.20738,20.17627],[96.20765,20.17627]]],[[[96.17854,20.17645],[96.17944,20.17493],[96.17998,20.17511],[96.18025,20.17457],[96.18097,20.17493],[96.18205,20.17331],[96.18295,20.17385],[96.18313,20.17322],[96.18295,20.17169],[96.18232,20.17151],[96.18223,20.1707],[96.18124,20.17034],[96.18079,20.16936],[96.18151,20.16891],[96.18142,20.16837],[96.18043,20.16855],[96.17989,20.16774],[96.17917,20.16801],[96.17908,20.1672],[96.17845,20.16774],[96.17765,20.16747],[96.17756,20.16837],[96.17684,20.16792],[96.17603,20.17007],[96.17477,20.17124],[96.17477,20.17205],[96.1754,20.17205],[96.17675,20.17007],[96.17693,20.17133],[96.17756,20.17151],[96.17729,20.17061],[96.17792,20.17034],[96.17801,20.16936],[96.17872,20.17016],[96.17998,20.17007],[96.17953,20.17169],[96.17854,20.17142],[96.17854,20.17259],[96.17648,20.17151],[96.17549,20.17223],[96.17558,20.17277],[96.17666,20.17259],[96.17657,20.17349],[96.1781,20.17412],[96.17756,20.17484],[96.17774,20.17546],[96.17845,20.17564],[96.17801,20.17591],[96.1781,20.17645],[96.17854,20.17645]]],[[[96.18492,20.1778],[96.18663,20.17708],[96.18636,20.17618],[96.18492,20.17636],[96.18447,20.17708],[96.18384,20.1769],[96.18366,20.17726],[96.18304,20.17609],[96.18169,20.17636],[96.18277,20.17762],[96.18357,20.1778],[96.18492,20.1778]]],[[[96.20351,20.17781],[96.20477,20.17736],[96.20459,20.17655],[96.20378,20.177],[96.20369,20.17601],[96.20279,20.17601],[96.20432,20.17547],[96.20432,20.17502],[96.20324,20.17494],[96.20306,20.17377],[96.20234,20.17359],[96.2018,20.17475],[96.20091,20.17448],[96.20073,20.17573],[96.20154,20.17618],[96.20145,20.17555],[96.20225,20.17538],[96.20225,20.17601],[96.20099,20.17619],[96.2009,20.17664],[96.20225,20.177],[96.2027,20.17781],[96.20351,20.17781]]],[[[96.21052,20.18247],[96.21088,20.18076],[96.21025,20.17961],[96.2107,20.17978],[96.21079,20.17942],[96.21052,20.1788],[96.20998,20.1788],[96.20926,20.17961],[96.20917,20.18194],[96.20999,20.18247],[96.21052,20.18247]]],[[[96.23137,20.18355],[96.23199,20.18328],[96.2319,20.18112],[96.23253,20.1831],[96.23298,20.1831],[96.23307,20.18103],[96.23226,20.18014],[96.23011,20.18023],[96.23011,20.18076],[96.22903,20.18148],[96.22903,20.18202],[96.23056,20.18247],[96.23065,20.18355],[96.23137,20.18355]]],[[[96.19876,20.18481],[96.19894,20.18373],[96.19813,20.18211],[96.19705,20.18256],[96.19687,20.18346],[96.19633,20.18337],[96.19543,20.17978],[96.19489,20.17987],[96.19444,20.18076],[96.19094,20.18094],[96.19103,20.18139],[96.19292,20.18157],[96.19346,20.1822],[96.19471,20.18211],[96.19391,20.18301],[96.19301,20.18283],[96.19409,20.18445],[96.19696,20.18409],[96.19768,20.18418],[96.19804,20.18481],[96.19876,20.18481]]],[[[96.20145,20.18499],[96.20226,20.18256],[96.20028,20.18328],[96.20064,20.18499],[96.20145,20.18499]]],[[[96.20945,20.18517],[96.20953,20.18428],[96.21096,20.18455],[96.21034,20.18329],[96.20936,20.18302],[96.20846,20.18175],[96.20782,20.18212],[96.20737,20.18122],[96.20575,20.18158],[96.20656,20.18275],[96.20809,20.18329],[96.209,20.18517],[96.20945,20.18517]]],[[[96.22741,20.18624],[96.22813,20.18588],[96.22849,20.18391],[96.22723,20.18463],[96.2275,20.18553],[96.22669,20.18562],[96.22687,20.18624],[96.22741,20.18624]]],[[[96.23442,20.18714],[96.23379,20.18553],[96.23397,20.18418],[96.23469,20.18364],[96.23424,20.18211],[96.23451,20.18157],[96.23499,20.18168],[96.23486,20.18329],[96.23604,20.18265],[96.23604,20.18211],[96.23514,20.18076],[96.23388,20.18058],[96.23301,20.18573],[96.23406,20.18714],[96.23442,20.18714]]],[[[96.19498,20.18741],[96.19624,20.18651],[96.19588,20.18579],[96.19669,20.18597],[96.19687,20.18481],[96.19516,20.18463],[96.19444,20.18517],[96.19409,20.18615],[96.19444,20.18741],[96.19498,20.18741]]],[[[96.20818,20.18796],[96.20863,20.18778],[96.20854,20.18625],[96.20737,20.185],[96.208,20.18419],[96.20755,20.18356],[96.20692,20.18356],[96.20665,20.18454],[96.2062,20.1841],[96.20548,20.18428],[96.20548,20.18527],[96.20593,20.18661],[96.20656,20.1867],[96.20773,20.18796],[96.20818,20.18796]]],[[[96.20424,20.18723],[96.20442,20.18633],[96.20226,20.18606],[96.20289,20.18768],[96.20504,20.18823],[96.20433,20.18723],[96.20424,20.18723]]],[[[96.21133,20.19029],[96.21151,20.18957],[96.21097,20.18912],[96.20909,20.18948],[96.20918,20.18993],[96.21043,20.19029],[96.21133,20.19029]]],[[[96.20657,20.19038],[96.20638,20.18859],[96.20522,20.18831],[96.20531,20.18939],[96.20621,20.19038],[96.20657,20.19038]]],[[[96.22834,20.19264],[96.22876,20.1919],[96.22858,20.19092],[96.22777,20.19038],[96.22831,20.18957],[96.22786,20.18903],[96.22678,20.19056],[96.22696,20.19181],[96.2278,20.19208],[96.22789,20.19264],[96.22834,20.19264]]],[[[96.23409,20.19291],[96.23445,20.19219],[96.23373,20.19193],[96.23445,20.19094],[96.23436,20.19049],[96.23396,20.19058],[96.23432,20.18967],[96.23342,20.18949],[96.23342,20.18706],[96.2329,20.18675],[96.2322,20.19202],[96.23364,20.19291],[96.23409,20.19291]]],[[[96.20513,20.1937],[96.20567,20.19307],[96.20666,20.19298],[96.20621,20.19181],[96.20549,20.19217],[96.20531,20.19154],[96.20451,20.19172],[96.20442,20.19334],[96.20487,20.1937],[96.20513,20.1937]]],[[[96.20963,20.19532],[96.21079,20.19433],[96.21088,20.1937],[96.20855,20.19289],[96.20837,20.19361],[96.20909,20.19361],[96.20936,20.19415],[96.20927,20.19532],[96.20963,20.19532]]],[[[96.17792,20.19586],[96.1781,20.19424],[96.17657,20.19343],[96.17612,20.19451],[96.17738,20.19586],[96.17792,20.19586]]],[[[96.22777,20.19586],[96.22723,20.19487],[96.22556,20.19379],[96.22565,20.19327],[96.22363,20.19371],[96.22372,20.19416],[96.22462,20.19407],[96.22489,20.19488],[96.22579,20.19442],[96.22651,20.19487],[96.22592,20.19534],[96.22627,20.19624],[96.2269,20.19624],[96.22705,20.19577],[96.22786,20.19631],[96.22786,20.19586],[96.22777,20.19586]]],[[[96.20657,20.19666],[96.20774,20.19631],[96.20783,20.19523],[96.20693,20.1955],[96.2063,20.19442],[96.20478,20.19433],[96.20415,20.19514],[96.20316,20.19523],[96.20325,20.19595],[96.20388,20.19604],[96.20549,20.19559],[96.20576,20.19478],[96.2063,20.19586],[96.20549,20.19622],[96.20558,20.19666],[96.20657,20.19666]]],[[[96.18932,20.19559],[96.18879,20.19559],[96.1887,20.19675],[96.1895,20.19657],[96.18941,20.19577],[96.19022,20.19568],[96.19031,20.19469],[96.19022,20.19397],[96.18888,20.19361],[96.1887,20.19424],[96.18923,20.19433],[96.18932,20.19523],[96.18932,20.19559]]],[[[96.20343,20.19756],[96.2037,20.19702],[96.20289,20.19631],[96.20289,20.19568],[96.20208,20.19559],[96.2019,20.1964],[96.20244,20.19756],[96.20343,20.19756]]],[[[96.21106,20.19963],[96.21169,20.19864],[96.21367,20.19882],[96.21376,20.19837],[96.21259,20.19792],[96.21079,20.19828],[96.21034,20.19864],[96.21043,20.19963],[96.21106,20.19963]]],[[[96.16004,20.20035],[96.16076,20.20026],[96.16255,20.19864],[96.16139,20.19864],[96.16058,20.1999],[96.15968,20.19927],[96.15959,20.20035],[96.16004,20.20035]]],[[[96.186,20.20035],[96.18672,20.19936],[96.18672,20.19828],[96.18447,20.19972],[96.18465,20.20026],[96.18546,20.20035],[96.186,20.20035]]],[[[96.19651,20.20134],[96.19678,20.19999],[96.1957,20.19999],[96.1948,20.19864],[96.19705,20.19981],[96.19732,20.19927],[96.19822,20.19963],[96.19858,20.19837],[96.19804,20.19792],[96.19777,20.19882],[96.19678,20.19891],[96.19642,20.19747],[96.19516,20.19756],[96.19552,20.19693],[96.19642,20.1972],[96.19678,20.19684],[96.19579,20.19568],[96.19588,20.19451],[96.19813,20.19523],[96.19768,20.19415],[96.19822,20.19262],[96.19912,20.19352],[96.19831,20.19397],[96.19831,20.19451],[96.1993,20.19469],[96.19965,20.19523],[96.20019,20.19505],[96.20064,20.19424],[96.2001,20.19361],[96.20028,20.19253],[96.19992,20.19208],[96.19867,20.19208],[96.19849,20.19127],[96.19965,20.18939],[96.20127,20.18885],[96.20118,20.18759],[96.20064,20.18714],[96.19965,20.18714],[96.19939,20.18867],[96.19669,20.19047],[96.19507,20.18966],[96.19471,20.18885],[96.19391,20.18903],[96.19418,20.18966],[96.19364,20.18966],[96.19319,20.19047],[96.19328,20.19154],[96.19453,20.19145],[96.19498,20.19047],[96.19543,20.19065],[96.19516,20.19145],[96.19382,20.19208],[96.19355,20.19307],[96.19597,20.19379],[96.19462,20.19442],[96.19418,20.19586],[96.19364,20.19604],[96.19373,20.19702],[96.19292,20.19666],[96.19202,20.19801],[96.19346,20.19774],[96.19382,20.19846],[96.19328,20.19882],[96.19364,20.20035],[96.1957,20.20035],[96.19597,20.20134],[96.19651,20.20134]]],[[[96.22786,20.20277],[96.2292,20.20179],[96.22789,20.20046],[96.22669,20.20063],[96.2275,20.20277],[96.22786,20.20277]]],[[[96.20792,20.20268],[96.20819,20.20178],[96.20846,20.20259],[96.20918,20.20214],[96.20909,20.20107],[96.20738,20.20008],[96.20891,20.19819],[96.20891,20.19756],[96.20819,20.19729],[96.20711,20.1981],[96.20612,20.19801],[96.2063,20.19936],[96.20702,20.19954],[96.20639,20.20044],[96.20738,20.2008],[96.20648,20.20107],[96.20648,20.20268],[96.20747,20.2025],[96.20774,20.20313],[96.20801,20.20268],[96.20792,20.20268]]],[[[96.19723,20.20511],[96.19867,20.20367],[96.19723,20.2017],[96.19615,20.20232],[96.19642,20.20331],[96.19732,20.20358],[96.1966,20.20421],[96.19669,20.20511],[96.19723,20.20511]]],[[[96.20549,20.20538],[96.20639,20.2052],[96.20657,20.20421],[96.20603,20.20349],[96.20576,20.20134],[96.20531,20.20143],[96.20478,20.20277],[96.20567,20.20448],[96.20495,20.20493],[96.20504,20.20538],[96.20549,20.20538]]],[[[96.18555,20.2061],[96.18627,20.20583],[96.18609,20.20511],[96.18681,20.20538],[96.1878,20.20421],[96.18843,20.20421],[96.18843,20.20295],[96.18905,20.20295],[96.1895,20.20223],[96.18923,20.20125],[96.18995,20.20286],[96.19166,20.2025],[96.19166,20.20062],[96.19076,20.19855],[96.19157,20.19801],[96.19112,20.19711],[96.18896,20.19756],[96.18879,20.1981],[96.18726,20.19864],[96.18834,20.19981],[96.1878,20.20062],[96.18798,20.20223],[96.18744,20.20241],[96.1878,20.20349],[96.18708,20.20412],[96.18456,20.20457],[96.18429,20.20529],[96.18492,20.20529],[96.1851,20.2061],[96.18555,20.2061]]],[[[96.18932,20.20834],[96.1904,20.20825],[96.19049,20.20789],[96.18932,20.207],[96.18726,20.20744],[96.18744,20.20789],[96.18888,20.20762],[96.18905,20.20834],[96.18932,20.20834]]],[[[96.21511,20.20852],[96.21555,20.20789],[96.21484,20.20682],[96.21358,20.20744],[96.21331,20.20637],[96.2116,20.20637],[96.21241,20.20789],[96.21466,20.20852],[96.21511,20.20852]]],[[[96.19723,20.21005],[96.19786,20.20843],[96.19633,20.20825],[96.19606,20.20906],[96.19678,20.21005],[96.19723,20.21005]]],[[[96.24717,20.21024],[96.24995,20.20952],[96.24996,20.20845],[96.25103,20.20961],[96.25149,20.20906],[96.24986,20.20727],[96.24721,20.20727],[96.24726,20.20629],[96.24622,20.20702],[96.24627,20.20656],[96.24493,20.20638],[96.24492,20.20566],[96.24433,20.20603],[96.24143,20.20548],[96.23917,20.20377],[96.23845,20.20413],[96.23867,20.20253],[96.23657,20.20036],[96.23567,20.20009],[96.23486,20.19883],[96.23427,20.19884],[96.23432,20.19964],[96.23252,20.19892],[96.23002,20.20028],[96.22974,20.19955],[96.22848,20.19973],[96.22893,20.20081],[96.23005,20.20109],[96.23175,20.20019],[96.23369,20.20045],[96.23562,20.2025],[96.23666,20.20485],[96.23711,20.20476],[96.23723,20.20333],[96.23939,20.20529],[96.23948,20.20585],[96.24124,20.20646],[96.24043,20.20674],[96.2407,20.20736],[96.24214,20.20693],[96.24411,20.2079],[96.24618,20.2079],[96.2469,20.20871],[96.24781,20.20835],[96.24799,20.20903],[96.24864,20.20899],[96.2486,20.20971],[96.2473,20.20908],[96.24658,20.20979],[96.24591,20.20943],[96.24645,20.21024],[96.24717,20.21024]]],[[[96.19112,20.21131],[96.19166,20.2105],[96.19274,20.21095],[96.19328,20.21023],[96.19471,20.21023],[96.19462,20.20969],[96.19337,20.20933],[96.19238,20.2096],[96.19193,20.21032],[96.19112,20.20933],[96.19211,20.20897],[96.1922,20.20843],[96.19319,20.20834],[96.19355,20.20673],[96.19382,20.20717],[96.19651,20.2078],[96.19741,20.20691],[96.19768,20.20565],[96.19615,20.20565],[96.19534,20.20691],[96.19453,20.20529],[96.19364,20.20601],[96.19301,20.20538],[96.1913,20.20538],[96.19085,20.2061],[96.18977,20.20556],[96.18959,20.20646],[96.19022,20.20717],[96.19112,20.20717],[96.19076,20.20843],[96.18986,20.20942],[96.19103,20.21041],[96.19067,20.21131],[96.19112,20.21131]]],[[[96.18843,20.2123],[96.18959,20.21212],[96.19031,20.21131],[96.18852,20.21104],[96.18762,20.21176],[96.18771,20.2123],[96.18843,20.2123]]],[[[96.19211,20.21436],[96.19292,20.214],[96.19247,20.21283],[96.19391,20.2131],[96.19355,20.21239],[96.19256,20.21256],[96.19265,20.2114],[96.18932,20.2123],[96.18932,20.21274],[96.19067,20.21328],[96.19067,20.214],[96.19166,20.21436],[96.19211,20.21436]]],[[[96.22589,20.21454],[96.22651,20.21346],[96.22571,20.21283],[96.22481,20.21328],[96.22463,20.21247],[96.22247,20.21068],[96.2222,20.20897],[96.22103,20.20906],[96.22059,20.21005],[96.22103,20.21274],[96.22175,20.21337],[96.22382,20.21292],[96.22544,20.21454],[96.22589,20.21454]]],[[[96.21403,20.21688],[96.21564,20.21652],[96.21573,20.21571],[96.21511,20.21517],[96.21286,20.21508],[96.21277,20.21391],[96.21223,20.21391],[96.21187,20.21481],[96.21124,20.21499],[96.21079,20.21463],[96.21115,20.21346],[96.21061,20.21247],[96.21008,20.21256],[96.21008,20.21445],[96.21052,20.21472],[96.21088,20.21661],[96.21142,20.21679],[96.21151,20.21598],[96.21205,20.2158],[96.21358,20.21688],[96.21403,20.21688]]],[[[96.19669,20.21751],[96.19732,20.21715],[96.19678,20.21652],[96.19786,20.21625],[96.19696,20.21499],[96.19633,20.21535],[96.19624,20.21751],[96.19669,20.21751]]],[[[96.26307,20.21752],[96.26379,20.21661],[96.26118,20.21401],[96.26046,20.21392],[96.26028,20.2132],[96.25939,20.21292],[96.25893,20.21391],[96.25633,20.21357],[96.25673,20.2134],[96.25642,20.21222],[96.25444,20.21213],[96.25346,20.21051],[96.25143,20.20944],[96.25121,20.21069],[96.25202,20.21223],[96.25193,20.21374],[96.25274,20.21429],[96.25292,20.21536],[96.25376,20.2151],[96.25453,20.21617],[96.25525,20.21626],[96.25507,20.21537],[96.25624,20.21519],[96.25736,20.21654],[96.26104,20.21735],[96.26122,20.21645],[96.26082,20.21645],[96.26082,20.2159],[96.25893,20.21554],[96.25965,20.21482],[96.26092,20.21499],[96.26122,20.21537],[96.26059,20.2151],[96.2605,20.21555],[96.26164,20.21571],[96.26154,20.21653],[96.26281,20.21643],[96.2629,20.2168],[96.26244,20.21671],[96.26262,20.21752],[96.26307,20.21752]]],[[[96.20495,20.21769],[96.2054,20.21751],[96.20549,20.2167],[96.20487,20.21499],[96.20406,20.21508],[96.20388,20.21616],[96.20343,20.21535],[96.20262,20.21553],[96.20271,20.21634],[96.20388,20.21769],[96.20495,20.21769]]],[[[96.27296,20.21939],[96.27323,20.21831],[96.2726,20.21822],[96.27215,20.21715],[96.2717,20.21706],[96.2717,20.2193],[96.27233,20.22002],[96.27323,20.22002],[96.27305,20.21939],[96.27296,20.21939]]],[[[96.20963,20.22092],[96.2107,20.21849],[96.20972,20.21706],[96.20819,20.21652],[96.20873,20.21625],[96.20864,20.21481],[96.20684,20.21382],[96.20639,20.21176],[96.20576,20.21176],[96.20603,20.21364],[96.2054,20.21436],[96.20612,20.21481],[96.20648,20.21616],[96.20801,20.21795],[96.20801,20.21921],[96.20864,20.21948],[96.209,20.22092],[96.20963,20.22092]]],[[[96.2685,20.22337],[96.26864,20.22282],[96.26747,20.22066],[96.2667,20.21977],[96.26505,20.2193],[96.26535,20.22049],[96.26783,20.22218],[96.26814,20.22337],[96.2685,20.22337]]],[[[96.19346,20.2264],[96.19462,20.22613],[96.19382,20.22415],[96.1957,20.22343],[96.19534,20.22281],[96.19642,20.22119],[96.19579,20.22011],[96.19615,20.21876],[96.19516,20.21903],[96.19552,20.22002],[96.19498,20.22074],[96.19552,20.22097],[96.19516,20.22227],[96.19435,20.22308],[96.19391,20.22281],[96.19409,20.22209],[96.1922,20.22218],[96.19184,20.22451],[96.19328,20.22541],[96.1922,20.2255],[96.19202,20.22604],[96.19292,20.2264],[96.19346,20.2264]]],[[[96.21259,20.22829],[96.21259,20.22712],[96.21196,20.22676],[96.21214,20.22613],[96.21142,20.22595],[96.21106,20.22694],[96.21178,20.22829],[96.21259,20.22829]]],[[[96.19049,20.22918],[96.19103,20.2282],[96.19184,20.2282],[96.19211,20.22757],[96.19085,20.2273],[96.18995,20.22784],[96.19013,20.22918],[96.19049,20.22918]]],[[[96.19813,20.22918],[96.19921,20.22891],[96.19921,20.22838],[96.19849,20.22811],[96.19912,20.2273],[96.19759,20.22739],[96.19615,20.22811],[96.19633,20.22873],[96.19705,20.22846],[96.19777,20.22918],[96.19813,20.22918]]],[[[96.21843,20.22945],[96.21861,20.22855],[96.21816,20.22802],[96.2187,20.22784],[96.21888,20.22658],[96.21861,20.22586],[96.21789,20.22586],[96.21834,20.2229],[96.21681,20.22254],[96.21573,20.22155],[96.21564,20.22056],[96.21358,20.22002],[96.21295,20.22083],[96.2134,20.22146],[96.21322,20.22227],[96.21232,20.22263],[96.21232,20.22334],[96.21349,20.22361],[96.21331,20.2246],[96.21376,20.22487],[96.21466,20.22496],[96.21591,20.22433],[96.21591,20.22514],[96.2169,20.2255],[96.21636,20.22604],[96.21681,20.22775],[96.21789,20.22846],[96.21744,20.22918],[96.21816,20.22945],[96.21843,20.22945]]],[[[96.27196,20.22955],[96.27083,20.22687],[96.27097,20.22614],[96.27002,20.22597],[96.2707,20.22883],[96.2716,20.22955],[96.27196,20.22955]]],[[[96.18483,20.23071],[96.18555,20.22999],[96.18564,20.22909],[96.18654,20.22846],[96.18708,20.22927],[96.18879,20.22924],[96.18942,20.22861],[96.18923,20.22757],[96.18825,20.22748],[96.18834,20.2282],[96.18789,20.22838],[96.18654,20.22739],[96.18474,20.22793],[96.18474,20.22712],[96.18304,20.2273],[96.18357,20.22873],[96.18429,20.22882],[96.18456,20.23071],[96.18483,20.23071]]],[[[96.20837,20.23026],[96.20891,20.23089],[96.20963,20.23062],[96.20954,20.23008],[96.20828,20.22945],[96.2072,20.23053],[96.20729,20.23134],[96.20792,20.23152],[96.20837,20.23062],[96.20837,20.23026]]],[[[96.27892,20.23181],[96.28005,20.23134],[96.27898,20.23107],[96.27708,20.22883],[96.27609,20.22847],[96.27564,20.22847],[96.27601,20.22918],[96.27483,20.22892],[96.27326,20.23019],[96.27326,20.23064],[96.27442,20.23037],[96.27573,20.23117],[96.27622,20.23046],[96.27538,20.22999],[96.27691,20.22956],[96.27798,20.23054],[96.27748,20.23154],[96.27838,20.23208],[96.27901,20.23181],[96.27892,20.23181]]],[[[96.22633,20.23278],[96.22633,20.23143],[96.22436,20.23188],[96.22445,20.23242],[96.22598,20.23278],[96.22633,20.23278]]],[[[96.18016,20.23394],[96.18088,20.23323],[96.18034,20.23152],[96.18142,20.2317],[96.18133,20.23071],[96.17971,20.23107],[96.17989,20.23394],[96.18016,20.23394]]],[[[96.17827,20.23547],[96.17881,20.23466],[96.17899,20.23224],[96.17739,20.23184],[96.1772,20.23251],[96.17774,20.23341],[96.17747,20.2352],[96.17801,20.23547],[96.17827,20.23547]]],[[[96.1993,20.23565],[96.19912,20.23439],[96.19948,20.23421],[96.19956,20.23484],[96.2001,20.23484],[96.20001,20.2335],[96.20046,20.23305],[96.2001,20.23107],[96.19948,20.23071],[96.19786,20.23179],[96.19813,20.23368],[96.19768,20.23403],[96.19678,20.23368],[96.19516,20.23502],[96.19516,20.23547],[96.19643,20.23544],[96.19724,20.23457],[96.19795,20.23448],[96.19849,20.23565],[96.1993,20.23565]]],[[[96.21079,20.23583],[96.21124,20.23511],[96.21061,20.23368],[96.21097,20.23215],[96.21008,20.23161],[96.20945,20.23224],[96.20936,20.23359],[96.21025,20.23412],[96.20999,20.23502],[96.21043,20.23583],[96.21079,20.23583]]],[[[96.1834,20.23601],[96.18456,20.23583],[96.18474,20.23538],[96.18546,20.23583],[96.18546,20.23511],[96.18492,20.23448],[96.18349,20.23511],[96.18286,20.2343],[96.18295,20.23601],[96.1834,20.23601]]],[[[96.20585,20.23637],[96.20603,20.23412],[96.20558,20.23323],[96.20603,20.23314],[96.20594,20.23269],[96.2046,20.23332],[96.20469,20.23448],[96.20549,20.23502],[96.20558,20.23637],[96.20585,20.23637]]],[[[96.17315,20.23772],[96.17522,20.23646],[96.17639,20.23646],[96.17657,20.23556],[96.17558,20.23592],[96.17513,20.2352],[96.17441,20.23529],[96.17423,20.23655],[96.1728,20.23709],[96.1728,20.23772],[96.17315,20.23772]]],[[[96.18475,20.23741],[96.18592,20.23786],[96.18699,20.23687],[96.18744,20.23781],[96.1887,20.23781],[96.19049,20.23691],[96.18987,20.23574],[96.19059,20.2358],[96.19068,20.23517],[96.19113,20.23544],[96.19086,20.23624],[96.19167,20.23562],[96.19265,20.2358],[96.19293,20.23723],[96.19257,20.23831],[96.19373,20.23795],[96.19409,20.23553],[96.19481,20.23526],[96.19526,20.23265],[96.19562,20.23256],[96.19453,20.22999],[96.19292,20.2299],[96.19301,20.23197],[96.19364,20.23202],[96.19364,20.23265],[96.19194,20.23328],[96.18995,20.23269],[96.18932,20.23412],[96.18914,20.23296],[96.18843,20.23278],[96.18834,20.23472],[96.18906,20.23571],[96.18852,20.23597],[96.18798,20.23475],[96.18735,20.23448],[96.18745,20.23571],[96.18519,20.23601],[96.18475,20.23732],[96.18475,20.23741]]],[[[96.17765,20.23889],[96.17854,20.23808],[96.17827,20.23619],[96.17693,20.23736],[96.1772,20.23889],[96.17765,20.23889]]],[[[96.18475,20.23741],[96.18331,20.23804],[96.18322,20.23858],[96.18448,20.23849],[96.18466,20.2393],[96.1852,20.2393],[96.18556,20.23813],[96.18475,20.23745],[96.18475,20.23741]]],[[[96.16785,20.23942],[96.17011,20.23894],[96.17028,20.23745],[96.16947,20.23745],[96.16929,20.23844],[96.16767,20.23853],[96.16758,20.23942],[96.16785,20.23942]]],[[[96.19507,20.2428],[96.19544,20.2419],[96.19418,20.24154],[96.19373,20.2432],[96.19544,20.24343],[96.19517,20.2428],[96.19507,20.2428]]],[[[96.17433,20.2437],[96.17514,20.24302],[96.17594,20.24302],[96.17585,20.24239],[96.17756,20.24011],[96.17747,20.2396],[96.17702,20.23951],[96.1754,20.24113],[96.17522,20.24239],[96.17388,20.24316],[96.17397,20.2437],[96.17433,20.2437]]],[[[96.19193,20.24383],[96.19194,20.24284],[96.19319,20.24185],[96.19337,20.24095],[96.19247,20.24086],[96.19247,20.24167],[96.19139,20.24298],[96.19058,20.24275],[96.19094,20.24383],[96.19193,20.24383]]],[[[96.28904,20.24392],[96.28885,20.24231],[96.28777,20.24204],[96.28678,20.24105],[96.28597,20.24105],[96.28759,20.24303],[96.28832,20.24303],[96.28859,20.24392],[96.28904,20.24392]]],[[[96.17145,20.24544],[96.17315,20.24419],[96.17315,20.24347],[96.17136,20.24401],[96.17091,20.24544],[96.17145,20.24544]]],[[[96.21439,20.24571],[96.21511,20.24553],[96.21591,20.24445],[96.21564,20.24338],[96.21627,20.24275],[96.21744,20.24257],[96.21762,20.24194],[96.21573,20.24167],[96.21502,20.2405],[96.21367,20.23996],[96.21268,20.24194],[96.21277,20.24284],[96.21322,20.24302],[96.21286,20.24428],[96.21187,20.24437],[96.21187,20.24499],[96.21322,20.2449],[96.21376,20.24571],[96.21439,20.24571]]],[[[96.21816,20.24778],[96.21843,20.24679],[96.21672,20.24652],[96.216,20.24688],[96.21609,20.24733],[96.21744,20.24778],[96.21816,20.24778]]],[[[96.22328,20.24913],[96.22373,20.24868],[96.22355,20.24688],[96.22184,20.24661],[96.22202,20.24751],[96.22283,20.24805],[96.22238,20.24832],[96.22274,20.24913],[96.22328,20.24913]]],[[[96.27065,20.24969],[96.272,20.24915],[96.27182,20.24798],[96.27029,20.2478],[96.26975,20.24843],[96.26993,20.24969],[96.27065,20.24969]]],[[[96.19597,20.24886],[96.19687,20.2485],[96.19688,20.24765],[96.19642,20.24796],[96.19642,20.2476],[96.19732,20.24751],[96.19759,20.24679],[96.19831,20.24697],[96.19956,20.24517],[96.19956,20.24437],[96.19876,20.24437],[96.19858,20.24347],[96.19795,20.24383],[96.19723,20.24347],[96.19723,20.24437],[96.19822,20.24508],[96.19687,20.24526],[96.19723,20.24625],[96.19642,20.24751],[96.19552,20.24724],[96.19525,20.24652],[96.19427,20.24595],[96.19229,20.24751],[96.19238,20.24805],[96.194,20.24805],[96.19471,20.2476],[96.19462,20.24886],[96.194,20.24864],[96.19373,20.24927],[96.19266,20.24918],[96.19347,20.25008],[96.19625,20.25035],[96.19598,20.24972],[96.19633,20.24886],[96.19597,20.24886]]],[[[96.23029,20.25164],[96.23092,20.25092],[96.23235,20.25146],[96.23208,20.2502],[96.23083,20.25002],[96.23038,20.25065],[96.22957,20.25074],[96.22975,20.25164],[96.23029,20.25164]]],[[[96.2258,20.25362],[96.22633,20.2529],[96.22768,20.25272],[96.22849,20.25191],[96.22849,20.25128],[96.22687,20.25146],[96.22616,20.25083],[96.2258,20.25146],[96.22445,20.25173],[96.22409,20.25083],[96.22355,20.25083],[96.22328,20.25155],[96.22373,20.2529],[96.22481,20.2529],[96.22535,20.25362],[96.2258,20.25362]]],[[[96.19193,20.25299],[96.18879,20.25272],[96.18861,20.25308],[96.1887,20.25376],[96.18977,20.25331],[96.19067,20.25389],[96.19193,20.25353],[96.19193,20.25299]]],[[[96.18681,20.25461],[96.18834,20.25376],[96.18817,20.25322],[96.187,20.25349],[96.18699,20.25182],[96.18601,20.25196],[96.18601,20.2525],[96.18655,20.25268],[96.18609,20.25461],[96.18681,20.25461]]],[[[96.19193,20.25299],[96.19266,20.2538],[96.19202,20.25479],[96.19329,20.2552],[96.19597,20.25389],[96.19552,20.25299],[96.19462,20.25299],[96.19435,20.25344],[96.19489,20.25128],[96.19462,20.25074],[96.19275,20.25044],[96.19049,20.25092],[96.18825,20.25008],[96.18763,20.25035],[96.18763,20.25107],[96.18843,20.25191],[96.18923,20.25182],[96.19041,20.2525],[96.19158,20.25232],[96.19193,20.25286],[96.19193,20.25299]]],[[[96.18896,20.25631],[96.19103,20.2555],[96.19175,20.25452],[96.18968,20.25452],[96.1895,20.25538],[96.18852,20.25586],[96.1887,20.25631],[96.18896,20.25631]]],[[[96.19992,20.25694],[96.20109,20.25676],[96.20154,20.25577],[96.2001,20.25586],[96.19921,20.25541],[96.19939,20.25694],[96.19992,20.25694]]],[[[96.19391,20.25735],[96.19436,20.25673],[96.19535,20.25664],[96.19553,20.25565],[96.19212,20.25565],[96.19211,20.25667],[96.19311,20.25735],[96.19391,20.25735]]],[[[96.20531,20.25982],[96.20585,20.25919],[96.20576,20.25748],[96.20504,20.25793],[96.20487,20.25874],[96.20442,20.25874],[96.20478,20.25982],[96.20531,20.25982]]],[[[96.20154,20.26018],[96.20442,20.2573],[96.20478,20.25523],[96.20567,20.25568],[96.20729,20.25532],[96.20639,20.25694],[96.20675,20.25793],[96.20738,20.25793],[96.20756,20.25838],[96.20828,20.25829],[96.20972,20.25694],[96.20999,20.25586],[96.21061,20.25577],[96.2116,20.25739],[96.21268,20.25757],[96.21232,20.25811],[96.21277,20.25784],[96.21394,20.25874],[96.21403,20.25991],[96.21502,20.25955],[96.2152,20.25865],[96.21439,20.2582],[96.21555,20.25802],[96.21564,20.25685],[96.21439,20.25676],[96.21259,20.25586],[96.21205,20.25586],[96.21196,20.25658],[96.21151,20.25649],[96.21151,20.25568],[96.21214,20.25559],[96.21178,20.25461],[96.21286,20.25425],[96.21268,20.25173],[96.21205,20.25137],[96.21097,20.25146],[96.21079,20.25227],[96.20954,20.25182],[96.20864,20.25281],[96.20882,20.25344],[96.20945,20.25353],[96.20765,20.25443],[96.20675,20.2538],[96.2072,20.25137],[96.20594,20.25146],[96.2063,20.25218],[96.20522,20.25218],[96.20495,20.25164],[96.20397,20.25146],[96.20442,20.25272],[96.20343,20.25236],[96.20325,20.25146],[96.20262,20.25146],[96.20226,20.25227],[96.20298,20.25281],[96.20208,20.25353],[96.20217,20.25559],[96.20307,20.25577],[96.2019,20.2564],[96.20172,20.25757],[96.20244,20.25793],[96.20145,20.25811],[96.2019,20.25901],[96.20082,20.25937],[96.20109,20.26018],[96.20154,20.26018]]],[[[96.18914,20.26179],[96.18968,20.26143],[96.19076,20.2617],[96.19112,20.26125],[96.19184,20.2617],[96.19274,20.26009],[96.19139,20.26009],[96.18834,20.26116],[96.18843,20.26179],[96.18914,20.26179]]],[[[96.12509,20.26242],[96.1258,20.25938],[96.12545,20.26005],[96.12483,20.25924],[96.12429,20.25987],[96.12383,20.25848],[96.12311,20.25848],[96.12187,20.26014],[96.12393,20.26044],[96.1241,20.26144],[96.12464,20.26144],[96.12464,20.26194],[96.12393,20.26224],[96.12456,20.26242],[96.12509,20.26242]]],[[[96.19759,20.26368],[96.19822,20.26296],[96.19822,20.26215],[96.19669,20.26197],[96.19651,20.26296],[96.19723,20.26368],[96.19759,20.26368]]],[[[96.21708,20.2635],[96.21708,20.2626],[96.21645,20.26242],[96.21583,20.26409],[96.21618,20.26449],[96.2178,20.26449],[96.21717,20.2635],[96.21708,20.2635]]],[[[96.21133,20.26449],[96.21106,20.2635],[96.21052,20.26377],[96.2107,20.26242],[96.21008,20.26179],[96.21142,20.26107],[96.21097,20.2591],[96.21043,20.25901],[96.21043,20.25955],[96.20945,20.26009],[96.20963,20.26107],[96.20927,20.26134],[96.20882,20.26044],[96.20981,20.25955],[96.20981,20.25901],[96.20828,20.25838],[96.20792,20.25946],[96.20846,20.26125],[96.2099,20.26278],[96.20882,20.26332],[96.20873,20.26386],[96.20963,20.26404],[96.2099,20.26458],[96.20837,20.26458],[96.20801,20.26539],[96.20765,20.26467],[96.20675,20.26458],[96.20648,20.26521],[96.20819,20.2661],[96.20963,20.26539],[96.21052,20.26583],[96.21052,20.26476],[96.21124,20.26449],[96.21133,20.26449]]],[[[96.19247,20.26682],[96.19373,20.26557],[96.19346,20.26467],[96.19202,20.26548],[96.19202,20.26682],[96.19247,20.26682]]],[[[96.21771,20.26808],[96.21789,20.26745],[96.21654,20.26637],[96.21636,20.26566],[96.21502,20.26494],[96.21493,20.26619],[96.21564,20.2661],[96.21609,20.26745],[96.21726,20.26808],[96.21771,20.26808]]],[[[96.21205,20.2706],[96.21178,20.26943],[96.21052,20.26934],[96.2099,20.2684],[96.20928,20.26849],[96.20918,20.27006],[96.21025,20.2697],[96.2116,20.2706],[96.21205,20.2706]]],[[[96.19435,20.27635],[96.19444,20.27527],[96.1931,20.2759],[96.19256,20.27536],[96.19166,20.27536],[96.19256,20.2767],[96.19346,20.27635],[96.19453,20.27706],[96.19444,20.27635],[96.19435,20.27635]]],[[[96.20513,20.27778],[96.20567,20.275],[96.20522,20.27374],[96.2046,20.27365],[96.20406,20.27383],[96.20388,20.27473],[96.20289,20.27464],[96.2028,20.27509],[96.20352,20.27518],[96.20388,20.27599],[96.20478,20.27599],[96.20478,20.27778],[96.20513,20.27778]]],[[[96.20055,20.29305],[96.20091,20.29287],[96.20055,20.29198],[96.20136,20.29171],[96.20136,20.29081],[96.2019,20.29027],[96.20199,20.28874],[96.20136,20.28919],[96.1993,20.28919],[96.19974,20.29027],[96.20064,20.29009],[96.19992,20.29135],[96.19974,20.29305],[96.20055,20.29305]]]]}}],"bbox":[96.07677,19.47787,96.31835,20.29305]}
