{"type":"FeatureCollection","features":[{"type":"Feature","properties":{"Sensor_ID":"Gaofen-3","Sensor_Dat":"2024-09-15","Confidence":"To be evaluated","EventCode":"FL20240912MMR"},"geometry":{"type":"MultiPolygon","coordinates":[[[[96.32628,19.48212],[96.32585,19.4823],[96.32633,19.48185],[96.32814,19.48226],[96.32995,19.48195],[96.33066,19.48299],[96.33099,19.48272],[96.3309,19.48313],[96.33138,19.48272],[96.33199,19.48299],[96.33204,19.48385],[96.33294,19.4844],[96.33385,19.48323],[96.33471,19.48431],[96.33476,19.48377],[96.33561,19.48355],[96.33428,19.48345],[96.33471,19.48246],[96.33823,19.48396],[96.34205,19.48239],[96.3421,19.48203],[96.34067,19.48171],[96.34014,19.48265],[96.33819,19.48278],[96.33957,19.48297],[96.33871,19.4836],[96.33433,19.48219],[96.33352,19.48354],[96.33252,19.48309],[96.33228,19.48358],[96.3319,19.48254],[96.33052,19.48213],[96.33133,19.48209],[96.33109,19.48173],[96.32847,19.48145],[96.32866,19.48172],[96.3279,19.48213],[96.32804,19.48176],[96.32766,19.48208],[96.32747,19.48122],[96.32681,19.48099],[96.32714,19.48167],[96.32633,19.4814],[96.32585,19.4818],[96.32494,19.48438],[96.32437,19.48474],[96.32384,19.48433],[96.32313,19.4851],[96.32484,19.48496],[96.32566,19.48271],[96.32628,19.48221],[96.32628,19.48212]],[[96.29553,19.47704],[96.29467,19.47727],[96.29577,19.47682],[96.2961,19.47736],[96.29614,19.47822],[96.29533,19.47835],[96.29538,19.47917],[96.29462,19.47957],[96.29366,19.47921],[96.29371,19.47871],[96.295,19.47853],[96.29553,19.47763],[96.29553,19.47704]]],[[[96.32597,19.4959],[96.32645,19.49577],[96.32674,19.49477],[96.32707,19.49509],[96.32736,19.49477],[96.32674,19.49373],[96.32621,19.49441],[96.32545,19.49423],[96.32578,19.4959],[96.32597,19.4959]]],[[[96.28856,19.49666],[96.28861,19.49603],[96.28947,19.49616],[96.28938,19.49454],[96.288,19.49417],[96.28743,19.49449],[96.28752,19.49525],[96.28861,19.49666],[96.28856,19.49666]]],[[[96.31143,19.49835],[96.31129,19.4974],[96.31182,19.49645],[96.31234,19.49686],[96.31282,19.49618],[96.31215,19.49586],[96.31177,19.49631],[96.31139,19.49527],[96.30906,19.49522],[96.30949,19.49432],[96.30901,19.49436],[96.30916,19.49215],[96.30859,19.49084],[96.30868,19.49269],[96.30802,19.49292],[96.30782,19.49377],[96.3082,19.49391],[96.30806,19.49445],[96.30892,19.49473],[96.30787,19.49481],[96.31133,19.49835],[96.31143,19.49835]]],[[[96.28027,19.49862],[96.28027,19.49695],[96.27994,19.49722],[96.27942,19.49681],[96.27975,19.49654],[96.27918,19.49546],[96.27832,19.49554],[96.27808,19.4969],[96.27851,19.4969],[96.27865,19.4978],[96.27936,19.49776],[96.27875,19.49717],[96.2796,19.49736],[96.28017,19.49862],[96.28027,19.49862]]],[[[96.30391,19.51148],[96.30439,19.51107],[96.3042,19.51062],[96.30482,19.51085],[96.30477,19.50953],[96.30635,19.50981],[96.30811,19.50796],[96.30678,19.50868],[96.30606,19.50814],[96.30401,19.50858],[96.30453,19.50981],[96.30348,19.5108],[96.30381,19.51148],[96.30391,19.51148]]],[[[96.28421,19.51924],[96.28473,19.51897],[96.28464,19.51779],[96.28373,19.5177],[96.28459,19.51752],[96.28459,19.51671],[96.28054,19.51679],[96.28059,19.51733],[96.28135,19.51765],[96.28083,19.51792],[96.28116,19.51805],[96.28087,19.51878],[96.28244,19.5191],[96.28264,19.5181],[96.28263,19.5191],[96.28349,19.51915],[96.28387,19.5182],[96.28378,19.51915],[96.28416,19.51924],[96.28421,19.51924]]],[[[96.28132,19.52772],[96.28423,19.52751],[96.28113,19.52605],[96.28056,19.527],[96.28056,19.52768],[96.28103,19.52772],[96.28132,19.52772]]],[[[96.29385,19.52907],[96.29461,19.52826],[96.294,19.5279],[96.2939,19.52699],[96.28856,19.52716],[96.2929,19.52672],[96.2919,19.52676],[96.29172,19.52545],[96.29133,19.52576],[96.291,19.52545],[96.29096,19.52472],[96.2922,19.52351],[96.29072,19.52459],[96.29129,19.52287],[96.29206,19.52224],[96.29053,19.52237],[96.2902,19.52337],[96.28881,19.52476],[96.28895,19.52562],[96.28756,19.52688],[96.28838,19.52684],[96.28847,19.52729],[96.28728,19.52738],[96.2867,19.52833],[96.28723,19.52801],[96.28723,19.52851],[96.28847,19.52856],[96.28875,19.52775],[96.2908,19.5273],[96.29157,19.52771],[96.29147,19.52807],[96.2918,19.52766],[96.29276,19.5278],[96.29375,19.52907],[96.29385,19.52907]]],[[[96.29699,19.52885],[96.29766,19.52967],[96.29823,19.52922],[96.29785,19.5284],[96.29685,19.52826],[96.29361,19.52948],[96.29404,19.52948],[96.29418,19.53025],[96.29485,19.53029],[96.29509,19.52975],[96.29513,19.53029],[96.29585,19.5303],[96.29599,19.52953],[96.29666,19.53025],[96.29661,19.52881],[96.29695,19.52885],[96.29699,19.52885]]],[[[96.31824,19.53329],[96.3189,19.53307],[96.318,19.53261],[96.31805,19.53158],[96.32039,19.53059],[96.3201,19.53013],[96.31915,19.53036],[96.31911,19.52936],[96.31944,19.52792],[96.32011,19.52756],[96.31988,19.52711],[96.32073,19.52697],[96.32031,19.5258],[96.32055,19.52381],[96.32174,19.52354],[96.32089,19.52295],[96.32022,19.52295],[96.317,19.53198],[96.31695,19.53248],[96.31805,19.53329],[96.31824,19.53329]]],[[[96.2946,19.53377],[96.29408,19.53219],[96.29336,19.53223],[96.29535,19.5373],[96.29564,19.53667],[96.29464,19.53377],[96.2946,19.53377]]],[[[96.27828,19.5405],[96.27766,19.54],[96.27757,19.53905],[96.27861,19.53969],[96.27923,19.53942],[96.27933,19.53852],[96.27995,19.53843],[96.2799,19.53893],[96.28057,19.53866],[96.2809,19.53934],[96.2811,19.53821],[96.28286,19.5383],[96.28224,19.53713],[96.28153,19.53694],[96.2801,19.53766],[96.27867,19.53734],[96.27762,19.53824],[96.27719,19.53765],[96.2769,19.53955],[96.27718,19.53923],[96.27732,19.54036],[96.27813,19.5405],[96.27828,19.5405]]],[[[96.29316,19.53566],[96.29273,19.53584],[96.29231,19.53489],[96.29283,19.53476],[96.29288,19.53372],[96.29231,19.53264],[96.29131,19.53281],[96.29141,19.53205],[96.29074,19.53191],[96.29074,19.53268],[96.29031,19.53254],[96.29027,19.53177],[96.28903,19.53222],[96.2886,19.53172],[96.28831,19.53226],[96.28736,19.53235],[96.28988,19.53281],[96.29121,19.53376],[96.28831,19.53348],[96.28816,19.53393],[96.28892,19.53425],[96.28921,19.53394],[96.28945,19.53443],[96.28845,19.53425],[96.28806,19.53493],[96.28854,19.53461],[96.28854,19.53506],[96.2894,19.53556],[96.28882,19.53583],[96.28963,19.53642],[96.28972,19.53755],[96.29025,19.53746],[96.29039,19.53661],[96.29211,19.53661],[96.29187,19.53833],[96.29239,19.53991],[96.2931,19.53987],[96.29305,19.54023],[96.29243,19.54018],[96.29319,19.5405],[96.29377,19.54019],[96.29372,19.53942],[96.29439,19.53951],[96.29472,19.541],[96.29486,19.54055],[96.29601,19.54028],[96.29587,19.53924],[96.29753,19.54015],[96.29744,19.53965],[96.29611,19.53884],[96.29587,19.53734],[96.29535,19.53757],[96.29563,19.53847],[96.29511,19.53838],[96.29534,19.53947],[96.29467,19.53951],[96.2943,19.53711],[96.29368,19.53698],[96.29359,19.5363],[96.2933,19.53684],[96.29268,19.5367],[96.29349,19.53598],[96.29335,19.5353],[96.29316,19.53562],[96.29316,19.53566]]],[[[96.27828,19.5405],[96.27799,19.54091],[96.27975,19.54105],[96.28056,19.54186],[96.28123,19.54178],[96.28161,19.54277],[96.2828,19.54228],[96.28337,19.5426],[96.28299,19.54287],[96.28394,19.54296],[96.28385,19.54205],[96.28332,19.54232],[96.28304,19.5416],[96.28333,19.54097],[96.28266,19.54124],[96.28152,19.54051],[96.28214,19.53929],[96.28009,19.5401],[96.28023,19.54051],[96.27909,19.54051],[96.27918,19.54087],[96.27847,19.5405],[96.27828,19.5405]]],[[[96.28675,19.54351],[96.28732,19.54342],[96.28752,19.54184],[96.28695,19.53985],[96.28524,19.5374],[96.28587,19.53686],[96.2853,19.53641],[96.28573,19.53601],[96.28549,19.53519],[96.28491,19.53808],[96.28629,19.53917],[96.28605,19.5394],[96.28714,19.54139],[96.2868,19.54157],[96.2868,19.54351],[96.28675,19.54351]]],[[[96.29065,19.54573],[96.294,19.54267],[96.29199,19.5437],[96.29051,19.54573],[96.29065,19.54573]]],[[[96.30147,19.54716],[96.30242,19.5469],[96.30242,19.5464],[96.30295,19.54663],[96.303,19.5459],[96.30142,19.54617],[96.30157,19.54576],[96.30099,19.54549],[96.30056,19.5463],[96.30066,19.54567],[96.2999,19.54513],[96.30037,19.54716],[96.30118,19.54716],[96.30147,19.54716]]],[[[96.31576,19.55055],[96.31657,19.55028],[96.31662,19.54969],[96.31886,19.54938],[96.3191,19.5478],[96.31877,19.54739],[96.31925,19.54685],[96.31891,19.54604],[96.32135,19.54487],[96.32106,19.54423],[96.32097,19.54464],[96.31954,19.54437],[96.31945,19.54297],[96.31864,19.54305],[96.31683,19.5421],[96.31668,19.54449],[96.31625,19.54445],[96.31658,19.54486],[96.3161,19.54522],[96.31644,19.54567],[96.31606,19.54553],[96.31639,19.54608],[96.31596,19.54594],[96.31634,19.54626],[96.31619,19.54725],[96.31577,19.54707],[96.31562,19.54752],[96.3161,19.54748],[96.31586,19.54906],[96.31547,19.54905],[96.31571,19.54982],[96.31538,19.54982],[96.3158,19.55055],[96.31576,19.55055]]],[[[96.30145,19.55195],[96.30179,19.55028],[96.30112,19.55091],[96.29983,19.55096],[96.29736,19.54946],[96.29812,19.5505],[96.2975,19.55068],[96.29745,19.55127],[96.29826,19.55149],[96.29869,19.55073],[96.30126,19.55195],[96.30145,19.55195]]],[[[96.30674,19.55215],[96.30798,19.55147],[96.3078,19.55003],[96.30613,19.54804],[96.3048,19.54726],[96.30419,19.54514],[96.30362,19.54473],[96.30324,19.54505],[96.3039,19.54681],[96.30485,19.54812],[96.30746,19.55003],[96.30737,19.55075],[96.30646,19.55138],[96.30512,19.55124],[96.29984,19.54829],[96.29951,19.54824],[96.29941,19.54892],[96.30579,19.55215],[96.30674,19.55215]]],[[[96.28162,19.55398],[96.28186,19.55118],[96.28268,19.55109],[96.28306,19.55001],[96.28325,19.55055],[96.28377,19.55032],[96.28383,19.54915],[96.28297,19.54897],[96.28387,19.54865],[96.28392,19.54793],[96.28431,19.54798],[96.28435,19.54969],[96.28578,19.54843],[96.28588,19.54735],[96.28703,19.54681],[96.28831,19.54726],[96.28717,19.54622],[96.28803,19.54604],[96.28427,19.544],[96.28384,19.54418],[96.28455,19.54504],[96.28408,19.54535],[96.28322,19.54472],[96.28365,19.54413],[96.28308,19.54359],[96.28168,19.54779],[96.28143,19.55316],[96.28105,19.55343],[96.28147,19.55398],[96.28162,19.55398]]],[[[96.31429,19.5627],[96.31467,19.56225],[96.31558,19.56252],[96.3153,19.56098],[96.31592,19.56062],[96.31582,19.55981],[96.31683,19.55913],[96.31692,19.55846],[96.31883,19.55815],[96.31907,19.5576],[96.31798,19.55643],[96.31693,19.55688],[96.3155,19.55624],[96.31536,19.55565],[96.31474,19.5557],[96.31512,19.55583],[96.31469,19.55628],[96.31507,19.55678],[96.31464,19.55714],[96.31415,19.5627],[96.31429,19.5627]]],[[[96.27924,19.5528],[96.27833,19.55279],[96.27819,19.55356],[96.28,19.55397],[96.27485,19.55314],[96.27399,19.55513],[96.2714,19.55856],[96.27712,19.55975],[96.27755,19.5583],[96.27731,19.55984],[96.27807,19.56007],[96.27726,19.56002],[96.27716,19.56092],[96.27807,19.5612],[96.27688,19.56133],[96.27768,19.56205],[96.27715,19.56391],[96.27663,19.5639],[96.27667,19.56499],[96.27739,19.56499],[96.28021,19.56233],[96.28012,19.56152],[96.2784,19.56115],[96.28026,19.56134],[96.28056,19.55623],[96.27808,19.55591],[96.2778,19.55636],[96.2778,19.55586],[96.2768,19.55573],[96.28056,19.55596],[96.28076,19.5542],[96.28004,19.55388],[96.28076,19.55397],[96.2809,19.55316],[96.27924,19.55284],[96.27924,19.5528]]],[[[96.27924,19.5528],[96.28095,19.55294],[96.28096,19.55212],[96.27829,19.55153],[96.281,19.55185],[96.28115,19.54995],[96.27925,19.5495],[96.2812,19.54982],[96.28241,19.54377],[96.28213,19.54408],[96.28217,19.54363],[96.2817,19.54359],[96.28136,19.54462],[96.28151,19.54327],[96.2807,19.5429],[96.27816,19.5462],[96.28018,19.54277],[96.27704,19.541],[96.27642,19.53937],[96.27575,19.53937],[96.27561,19.54004],[96.27542,19.53941],[96.27456,19.53963],[96.27633,19.53919],[96.27652,19.53869],[96.27638,19.53761],[96.27538,19.53765],[96.27576,19.53729],[96.27495,19.53697],[96.27576,19.53652],[96.27762,19.53671],[96.27901,19.53572],[96.27934,19.53617],[96.2802,19.53613],[96.28044,19.53522],[96.2812,19.53486],[96.28263,19.53532],[96.28325,19.53505],[96.28272,19.53555],[96.28287,19.536],[96.28406,19.53627],[96.28435,19.53528],[96.28339,19.5351],[96.28411,19.53379],[96.28278,19.53306],[96.28259,19.53202],[96.28426,19.53221],[96.28493,19.53144],[96.28527,19.52968],[96.28627,19.52878],[96.28456,19.52846],[96.28217,19.52908],[96.28532,19.52823],[96.28466,19.52769],[96.27994,19.52826],[96.27655,19.52812],[96.27621,19.52929],[96.27631,19.52816],[96.27269,19.52829],[96.27679,19.5297],[96.27607,19.52961],[96.27583,19.53024],[96.27602,19.52956],[96.2755,19.52933],[96.27264,19.52892],[96.27221,19.5305],[96.27454,19.53132],[96.27211,19.53091],[96.27091,19.5352],[96.2709,19.53565],[96.27195,19.53615],[96.27067,19.53592],[96.26869,19.54233],[96.26931,19.54287],[96.26983,19.54242],[96.26983,19.54314],[96.27121,19.54356],[96.26864,19.54282],[96.2646,19.55433],[96.26416,19.55741],[96.2653,19.55791],[96.26402,19.55786],[96.26435,19.55827],[96.26392,19.5584],[96.26366,19.56576],[96.26796,19.56316],[96.27035,19.55977],[96.2674,19.55873],[96.26769,19.55832],[96.27449,19.5606],[96.27464,19.5601],[96.27545,19.56001],[96.27702,19.56043],[96.27702,19.55997],[96.27097,19.55901],[96.27313,19.55567],[96.2716,19.5553],[96.27136,19.5563],[96.27079,19.5563],[96.27132,19.55598],[96.27199,19.55377],[96.2717,19.55503],[96.27337,19.55549],[96.27754,19.54719],[96.27687,19.54669],[96.27754,19.54692],[96.27807,19.54647],[96.27744,19.54805],[96.27849,19.54841],[96.27711,19.54841],[96.275,19.55287],[96.27766,19.55342],[96.2779,19.55257],[96.27924,19.55275],[96.27924,19.5528]]],[[[96.27029,19.53483],[96.27163,19.53081],[96.27021,19.53058],[96.26977,19.53144],[96.27002,19.53045],[96.27164,19.53063],[96.27173,19.53018],[96.26925,19.53027],[96.26896,19.53148],[96.2693,19.53207],[96.26824,19.53338],[96.26862,19.53428],[96.26795,19.5341],[96.26647,19.53523],[96.26652,19.53609],[96.26704,19.53577],[96.26718,19.53663],[96.26628,19.53685],[96.26623,19.53812],[96.26522,19.53857],[96.26574,19.53943],[96.26555,19.54051],[96.26527,19.54001],[96.26422,19.54046],[96.26431,19.54191],[96.26488,19.54196],[96.26512,19.54254],[96.26292,19.54258],[96.26168,19.54321],[96.26177,19.54407],[96.26091,19.54502],[96.26086,19.54587],[96.26386,19.54593],[96.264,19.54701],[96.263,19.54755],[96.26315,19.54678],[96.26248,19.54683],[96.26262,19.54742],[96.26224,19.54755],[96.26234,19.54678],[96.26177,19.54651],[96.26033,19.54741],[96.25919,19.54732],[96.25885,19.5479],[96.25761,19.54785],[96.25728,19.54844],[96.25761,19.54916],[96.25818,19.54889],[96.2599,19.54931],[96.25975,19.54989],[96.26056,19.5508],[96.26017,19.55206],[96.25898,19.55238],[96.25936,19.55387],[96.25869,19.554],[96.25931,19.55504],[96.25921,19.55604],[96.25978,19.55622],[96.25873,19.55631],[96.25858,19.55734],[96.25682,19.5586],[96.25658,19.55942],[96.25766,19.56181],[96.25928,19.56205],[96.25933,19.56141],[96.25962,19.56254],[96.26019,19.5625],[96.25966,19.56277],[96.26037,19.56639],[96.26113,19.56449],[96.2606,19.56747],[96.26136,19.56729],[96.2616,19.56671],[96.26313,19.56712],[96.26285,19.56481],[96.26383,19.55555],[96.26821,19.54273],[96.27029,19.53501],[96.27029,19.53483]]],[[[96.27271,19.56751],[96.27357,19.5662],[96.27305,19.56529],[96.2729,19.56593],[96.272,19.56588],[96.27166,19.56687],[96.27257,19.56751],[96.27271,19.56751]]],[[[96.26861,19.56808],[96.26885,19.56741],[96.26937,19.56736],[96.26904,19.56713],[96.2698,19.56768],[96.27033,19.56687],[96.27109,19.56732],[96.27185,19.56615],[96.27104,19.56601],[96.27105,19.56488],[96.27048,19.56479],[96.27019,19.56524],[96.26981,19.56479],[96.2689,19.56483],[96.26857,19.56334],[96.26919,19.56311],[96.26901,19.56235],[96.26996,19.56289],[96.27025,19.56217],[96.27106,19.56258],[96.27149,19.56226],[96.27225,19.5629],[96.27224,19.56394],[96.27291,19.56344],[96.27324,19.56412],[96.27329,19.56349],[96.27372,19.56353],[96.27339,19.56299],[96.27401,19.56295],[96.27396,19.56254],[96.27425,19.56286],[96.27406,19.56073],[96.27068,19.55968],[96.26881,19.56298],[96.26795,19.56334],[96.26805,19.56374],[96.26762,19.56361],[96.26366,19.56622],[96.26417,19.56784],[96.26461,19.56703],[96.26585,19.56704],[96.26599,19.56618],[96.26613,19.5669],[96.26675,19.56681],[96.26613,19.5674],[96.26689,19.56722],[96.26699,19.56645],[96.26766,19.5665],[96.26718,19.56568],[96.26776,19.56559],[96.26747,19.56591],[96.2679,19.56677],[96.26751,19.56681],[96.26818,19.56695],[96.26851,19.56808],[96.26861,19.56808]]],[[[96.22218,19.5688],[96.22203,19.56812],[96.22285,19.56803],[96.22271,19.5665],[96.22104,19.56753],[96.22146,19.5688],[96.22222,19.5688],[96.22218,19.5688]]],[[[96.26112,19.56783],[96.26184,19.56847],[96.26274,19.56834],[96.26255,19.56924],[96.26383,19.5697],[96.26346,19.56911],[96.26293,19.56942],[96.26298,19.56811],[96.26341,19.5682],[96.2626,19.5673],[96.26246,19.5677],[96.26027,19.56752],[96.25974,19.56819],[96.26112,19.56788],[96.26112,19.56783]]],[[[96.25749,19.57017],[96.25769,19.56932],[96.2584,19.56905],[96.25721,19.56913],[96.25678,19.56985],[96.25669,19.56931],[96.25602,19.56972],[96.25597,19.56922],[96.25707,19.56895],[96.25588,19.56868],[96.25535,19.56958],[96.25549,19.5703],[96.25602,19.56981],[96.25754,19.57017],[96.25749,19.57017]]],[[[96.27794,19.57059],[96.27795,19.56951],[96.27866,19.56942],[96.27987,19.565],[96.27753,19.56517],[96.27757,19.56608],[96.27691,19.56612],[96.27834,19.56635],[96.27686,19.56698],[96.27652,19.56774],[96.27728,19.56851],[96.27638,19.56856],[96.27642,19.56901],[96.27771,19.56919],[96.27737,19.56955],[96.27789,19.57059],[96.27794,19.57059]]],[[[96.21959,19.57064],[96.22027,19.56812],[96.22075,19.56794],[96.22137,19.5664],[96.22252,19.56568],[96.22176,19.56496],[96.22052,19.56522],[96.22085,19.56654],[96.21985,19.56644],[96.21936,19.56843],[96.21922,19.56784],[96.21894,19.56802],[96.21936,19.56947],[96.21884,19.56933],[96.21888,19.57037],[96.2195,19.57064],[96.21959,19.57064]]],[[[96.27845,19.57421],[96.27898,19.57412],[96.27841,19.57398],[96.27903,19.57385],[96.27879,19.5729],[96.27979,19.57259],[96.27994,19.57141],[96.28056,19.57119],[96.27975,19.57069],[96.28028,19.57019],[96.28024,19.56902],[96.28257,19.56826],[96.28243,19.56699],[96.28301,19.56645],[96.28487,19.56628],[96.28492,19.56533],[96.28368,19.56596],[96.28521,19.56492],[96.28583,19.56348],[96.28674,19.56348],[96.2865,19.56253],[96.28579,19.56248],[96.28579,19.5614],[96.28513,19.56018],[96.28479,19.56027],[96.28498,19.55927],[96.28427,19.55832],[96.28379,19.55954],[96.28385,19.55742],[96.28323,19.55696],[96.28289,19.55863],[96.28189,19.55872],[96.2817,19.55741],[96.28189,19.55795],[96.28275,19.558],[96.2828,19.55719],[96.28223,19.55674],[96.28085,19.55687],[96.2803,19.56351],[96.28121,19.56342],[96.28135,19.56229],[96.28149,19.56333],[96.28345,19.56311],[96.2836,19.56076],[96.28369,19.56307],[96.28464,19.56316],[96.28039,19.56382],[96.28024,19.56622],[96.27952,19.56748],[96.28024,19.5678],[96.27948,19.56811],[96.27746,19.57376],[96.27831,19.57421],[96.27845,19.57421]]],[[[96.2724,19.57446],[96.2725,19.57392],[96.27374,19.57379],[96.27331,19.57261],[96.27384,19.57158],[96.27269,19.57171],[96.27193,19.57248],[96.2723,19.57446],[96.2724,19.57446]]],[[[96.26425,19.57435],[96.26439,19.57403],[96.26382,19.57521],[96.26434,19.57543],[96.26448,19.57625],[96.26539,19.57639],[96.26468,19.57304],[96.2642,19.57435],[96.26425,19.57435]]],[[[96.25633,19.57708],[96.25633,19.57654],[96.25781,19.57555],[96.25757,19.57474],[96.25815,19.57447],[96.25781,19.57411],[96.25862,19.57402],[96.25849,19.57275],[96.25753,19.57329],[96.25752,19.5751],[96.25695,19.57519],[96.257,19.57577],[96.25628,19.5755],[96.25571,19.57613],[96.25604,19.5764],[96.25547,19.57681],[96.25623,19.57708],[96.25633,19.57708]]],[[[96.26142,19.57791],[96.26205,19.57665],[96.26072,19.57461],[96.26082,19.57375],[96.26025,19.57366],[96.26024,19.57587],[96.26138,19.57665],[96.26138,19.57791],[96.26142,19.57791]]],[[[96.16622,19.57869],[96.16427,19.57846],[96.16374,19.57868],[96.16374,19.57931],[96.16317,19.57899],[96.16269,19.57967],[96.16322,19.57927],[96.16341,19.57963],[96.16407,19.57922],[96.16574,19.57937],[96.16555,19.57891],[96.16641,19.57928],[96.16627,19.57869],[96.16622,19.57869]]],[[[96.25775,19.5802],[96.25846,19.57976],[96.25918,19.57754],[96.2598,19.57745],[96.25933,19.57741],[96.25843,19.57569],[96.25823,19.57673],[96.25776,19.57636],[96.25833,19.57741],[96.25771,19.5774],[96.2578,19.57795],[96.25718,19.57812],[96.25756,19.57822],[96.25732,19.57898],[96.25785,19.57885],[96.25722,19.57984],[96.2577,19.5802],[96.25775,19.5802]]],[[[96.27092,19.57618],[96.27087,19.57685],[96.27025,19.57703],[96.26939,19.57568],[96.26901,19.57735],[96.26953,19.57644],[96.27001,19.57708],[96.26943,19.57762],[96.26896,19.57744],[96.26872,19.57816],[96.26943,19.57771],[96.26934,19.57807],[96.2701,19.57821],[96.27039,19.57771],[96.27053,19.57848],[96.27019,19.57893],[96.26919,19.57897],[96.26924,19.58006],[96.26857,19.58028],[96.27019,19.58083],[96.27109,19.58038],[96.27114,19.5811],[96.27166,19.58129],[96.27153,19.5793],[96.27286,19.5788],[96.2722,19.57781],[96.27278,19.57632],[96.27239,19.57645],[96.27235,19.57577],[96.27087,19.57618],[96.27092,19.57618]]],[[[96.25117,19.58037],[96.25179,19.57928],[96.25169,19.58037],[96.25117,19.58041],[96.25221,19.58091],[96.25188,19.58141],[96.25145,19.58086],[96.25097,19.58113],[96.25135,19.58199],[96.25173,19.58154],[96.25183,19.58204],[96.25212,19.58123],[96.25298,19.58114],[96.2535,19.58051],[96.25464,19.58178],[96.25499,19.57875],[96.2547,19.57852],[96.25489,19.57911],[96.25432,19.57907],[96.25418,19.57762],[96.25366,19.57748],[96.25403,19.57812],[96.25342,19.57784],[96.25303,19.5782],[96.25327,19.57915],[96.25279,19.57978],[96.25231,19.57951],[96.25246,19.57829],[96.25089,19.57815],[96.25103,19.57702],[96.25037,19.5767],[96.24989,19.57724],[96.25084,19.57919],[96.25031,19.57932],[96.24946,19.57864],[96.24917,19.57964],[96.24797,19.58063],[96.24955,19.57959],[96.25112,19.58037],[96.25117,19.58037]]],[[[96.26618,19.58235],[96.26633,19.58019],[96.26609,19.57905],[96.26562,19.57896],[96.26575,19.58235],[96.26618,19.58235]]],[[[96.29283,19.58261],[96.29387,19.58243],[96.29469,19.58121],[96.29522,19.5776],[96.29499,19.57561],[96.29447,19.5762],[96.29351,19.57588],[96.29184,19.57651],[96.29222,19.57719],[96.29308,19.57741],[96.29231,19.58062],[96.29183,19.58085],[96.29183,19.58198],[96.29259,19.58261],[96.29283,19.58261]],[[96.29349,19.58193],[96.29302,19.58089],[96.29408,19.57832],[96.29455,19.58103],[96.29378,19.58194],[96.29349,19.58193]]],[[[96.26408,19.58244],[96.26537,19.58222],[96.26537,19.58041],[96.26489,19.58086],[96.2649,19.58045],[96.26385,19.58036],[96.26451,19.58077],[96.26389,19.58086],[96.26422,19.58289],[96.26413,19.58244],[96.26408,19.58244]]],[[[96.29941,19.53519],[96.29926,19.53487],[96.30106,19.53867],[96.30096,19.54093],[96.30024,19.54273],[96.29933,19.54336],[96.29814,19.54282],[96.29809,19.54453],[96.29513,19.54624],[96.28912,19.54803],[96.28711,19.55065],[96.2863,19.55096],[96.28673,19.55137],[96.28592,19.55128],[96.28563,19.55177],[96.28591,19.55241],[96.28687,19.55205],[96.28772,19.55309],[96.28724,19.55368],[96.28719,19.55503],[96.28676,19.55503],[96.28553,19.55399],[96.28596,19.55263],[96.28548,19.55245],[96.28476,19.55426],[96.28533,19.55458],[96.28562,19.55408],[96.285,19.55557],[96.28614,19.55598],[96.28633,19.55508],[96.28657,19.55602],[96.2879,19.55612],[96.28804,19.55743],[96.2898,19.55969],[96.29032,19.5615],[96.29084,19.56137],[96.28969,19.56236],[96.29065,19.56218],[96.29131,19.56268],[96.29174,19.56503],[96.29126,19.56535],[96.29169,19.56566],[96.29044,19.56706],[96.29045,19.56507],[96.29102,19.56408],[96.2905,19.56259],[96.28982,19.56774],[96.28872,19.56941],[96.28867,19.56891],[96.28475,19.57333],[96.28321,19.57752],[96.28164,19.57851],[96.28159,19.57924],[96.28111,19.57901],[96.27958,19.58036],[96.27991,19.58054],[96.28034,19.58],[96.27905,19.58226],[96.27986,19.58307],[96.28052,19.58303],[96.281,19.5824],[96.28219,19.58285],[96.28486,19.58232],[96.28449,19.57915],[96.28507,19.57753],[96.28598,19.57726],[96.28568,19.5792],[96.28612,19.57717],[96.2866,19.57699],[96.28607,19.57699],[96.28622,19.57663],[96.28712,19.57663],[96.28688,19.57713],[96.28731,19.57677],[96.28936,19.57704],[96.29146,19.57633],[96.2927,19.57538],[96.29281,19.57204],[96.29314,19.5729],[96.29314,19.5719],[96.29429,19.57168],[96.29476,19.57222],[96.29461,19.57448],[96.29404,19.57525],[96.29442,19.57539],[96.29466,19.57484],[96.29494,19.57543],[96.29496,19.57168],[96.29267,19.57172],[96.29372,19.57032],[96.29392,19.56883],[96.29321,19.56716],[96.29354,19.56567],[96.29536,19.56328],[96.29589,19.56337],[96.2955,19.56445],[96.29588,19.56455],[96.2957,19.56364],[96.29613,19.56305],[96.29708,19.56301],[96.2965,19.5645],[96.29746,19.56491],[96.29703,19.5645],[96.29746,19.56315],[96.29975,19.56306],[96.3009,19.5618],[96.29962,19.56017],[96.297,19.55872],[96.29672,19.5575],[96.29572,19.55695],[96.29577,19.55601],[96.29505,19.55655],[96.29477,19.5551],[96.29282,19.55324],[96.29316,19.55234],[96.29287,19.55125],[96.29249,19.55161],[96.29282,19.55207],[96.29201,19.55211],[96.2923,19.55283],[96.29149,19.55315],[96.2913,19.55247],[96.29125,19.5531],[96.2901,19.55319],[96.28877,19.55219],[96.2883,19.55079],[96.29064,19.54835],[96.29656,19.54688],[96.30234,19.54342],[96.30334,19.54383],[96.3031,19.54333],[96.30348,19.54342],[96.30401,19.54188],[96.30305,19.54233],[96.30329,19.54288],[96.30267,19.54224],[96.30349,19.54161],[96.30335,19.53949],[96.30373,19.53949],[96.30259,19.53899],[96.30278,19.53872],[96.3014,19.53691],[96.30131,19.53551],[96.30165,19.53533],[96.3006,19.53415],[96.30008,19.53216],[96.30028,19.53067],[96.3008,19.53022],[96.30052,19.53085],[96.30094,19.53103],[96.30147,19.53031],[96.30242,19.53176],[96.30356,19.53149],[96.30433,19.53077],[96.30323,19.52991],[96.30466,19.53046],[96.30696,19.52662],[96.30582,19.52626],[96.3052,19.52707],[96.3052,19.52634],[96.30482,19.52634],[96.30248,19.52783],[96.30172,19.52697],[96.301,19.52715],[96.30005,19.52832],[96.30019,19.52931],[96.29971,19.52927],[96.29928,19.52994],[96.2988,19.52954],[96.29852,19.53021],[96.29775,19.53044],[96.29813,19.5308],[96.29689,19.53039],[96.29651,19.53165],[96.29674,19.53301],[96.29727,19.5331],[96.29689,19.53242],[96.29718,19.53179],[96.29883,19.53496],[96.29774,19.53468],[96.29659,19.53518],[96.29688,19.53568],[96.29812,19.53523],[96.29941,19.53546],[96.29941,19.53519]],[[96.28952,19.55707],[96.29109,19.5592],[96.29113,19.56056],[96.28951,19.5587],[96.28975,19.55834],[96.28914,19.55739],[96.28947,19.55707],[96.28952,19.55707]],[[96.29799,19.56161],[96.2988,19.56225],[96.29875,19.56284],[96.29641,19.56251],[96.2969,19.5612],[96.29794,19.56161],[96.29799,19.56161]],[[96.29214,19.57158],[96.29219,19.57244],[96.29147,19.57289],[96.29233,19.57339],[96.29152,19.57461],[96.28923,19.57361],[96.29023,19.57248],[96.29162,19.57217],[96.29181,19.57158],[96.29214,19.57158]],[[96.29032,19.57443],[96.29066,19.57524],[96.29027,19.57574],[96.29223,19.57439],[96.29271,19.57285],[96.29247,19.57506],[96.29118,19.57628],[96.28889,19.57677],[96.28822,19.576],[96.28689,19.57622],[96.28727,19.57528],[96.2888,19.57492],[96.28832,19.57446],[96.28871,19.57356],[96.29009,19.57442],[96.29032,19.57443]]],[[[96.13117,19.58182],[96.12988,19.58172],[96.13146,19.58227],[96.13088,19.58276],[96.13098,19.58245],[96.13045,19.58263],[96.13012,19.58217],[96.1295,19.58357],[96.13069,19.58367],[96.13083,19.58331],[96.13116,19.5838],[96.13073,19.58421],[96.13121,19.58462],[96.13159,19.58448],[96.13126,19.58371],[96.13183,19.58421],[96.13197,19.58349],[96.1325,19.58376],[96.13165,19.58236],[96.13209,19.57952],[96.13165,19.58024],[96.13175,19.57942],[96.13113,19.57942],[96.13137,19.57902],[96.13057,19.57825],[96.13008,19.5815],[96.1307,19.58096],[96.13117,19.58177],[96.13117,19.58182]]],[[[96.249,19.5856],[96.24895,19.58596],[96.25043,19.58547],[96.25048,19.58615],[96.25105,19.58624],[96.25096,19.58561],[96.24986,19.58479],[96.25087,19.58344],[96.24996,19.58339],[96.24958,19.58393],[96.25026,19.58194],[96.24983,19.58163],[96.25059,19.58118],[96.24902,19.58122],[96.24968,19.58167],[96.24873,19.58149],[96.24987,19.58221],[96.24963,19.58307],[96.24897,19.58226],[96.24787,19.58266],[96.24806,19.58411],[96.24877,19.58411],[96.24801,19.58429],[96.24805,19.58487],[96.24896,19.5856],[96.249,19.5856]]],[[[96.27026,19.58652],[96.27237,19.58309],[96.27161,19.58232],[96.27242,19.58291],[96.27323,19.58197],[96.2688,19.5806],[96.2689,19.5815],[96.26947,19.58128],[96.26932,19.58205],[96.26861,19.58245],[96.26985,19.58232],[96.2699,19.58196],[96.27047,19.58282],[96.2708,19.5825],[96.27113,19.58345],[96.27075,19.58404],[96.2707,19.58309],[96.26889,19.58336],[96.26956,19.58349],[96.26941,19.58399],[96.26903,19.5839],[96.26941,19.58422],[96.26898,19.58503],[96.27012,19.58652],[96.27026,19.58652]]],[[[96.26549,19.58692],[96.26546,19.58353],[96.26512,19.58343],[96.26517,19.58434],[96.26412,19.58483],[96.26407,19.58619],[96.26426,19.58682],[96.2644,19.58637],[96.26464,19.58687],[96.26502,19.58651],[96.2654,19.58691],[96.26549,19.58692]]],[[[96.31121,19.58664],[96.31236,19.58763],[96.31346,19.58569],[96.3125,19.58569],[96.31241,19.58524],[96.31108,19.58537],[96.31017,19.58474],[96.31117,19.58664],[96.31121,19.58664]]],[[[96.13458,19.5877],[96.13387,19.58716],[96.13477,19.58716],[96.1352,19.58667],[96.1343,19.58657],[96.13248,19.58738],[96.13258,19.58815],[96.13324,19.58815],[96.13362,19.58892],[96.13453,19.58838],[96.13458,19.58775],[96.13458,19.5877]]],[[[96.27168,19.58933],[96.27274,19.58838],[96.27293,19.58888],[96.27369,19.58897],[96.27412,19.58793],[96.2744,19.58884],[96.27412,19.58852],[96.27402,19.58888],[96.27521,19.58866],[96.27517,19.58753],[96.27479,19.58757],[96.27508,19.58631],[96.2746,19.58631],[96.27479,19.5859],[96.27498,19.58617],[96.27456,19.58473],[96.27495,19.58247],[96.27385,19.58229],[96.27438,19.58134],[96.2704,19.58747],[96.27102,19.58896],[96.27164,19.58933],[96.27168,19.58933]]],[[[96.29446,19.59346],[96.29465,19.59247],[96.29423,19.59201],[96.29418,19.59052],[96.2938,19.59057],[96.29409,19.58989],[96.29357,19.587],[96.29305,19.58659],[96.29252,19.58735],[96.29362,19.58894],[96.29361,19.59061],[96.29199,19.59133],[96.2928,19.59196],[96.29394,19.59188],[96.29403,19.59237],[96.29332,19.59269],[96.29436,19.59346],[96.29446,19.59346]]],[[[96.26437,19.59568],[96.26437,19.59495],[96.2659,19.5932],[96.26695,19.59302],[96.26676,19.59329],[96.26805,19.59406],[96.2681,19.59289],[96.26767,19.59356],[96.26653,19.59248],[96.26538,19.59265],[96.26533,19.59342],[96.26485,19.59346],[96.26409,19.59504],[96.26432,19.59568],[96.26437,19.59568]]],[[[96.30961,19.59703],[96.31233,19.59654],[96.312,19.59491],[96.309,19.59517],[96.30928,19.59702],[96.30961,19.59703]]],[[[96.30994,19.5991],[96.3118,19.59875],[96.31166,19.5978],[96.3128,19.5973],[96.31271,19.59676],[96.30928,19.59725],[96.30989,19.5991],[96.30994,19.5991]]],[[[96.25884,19.5967],[96.25822,19.59665],[96.25836,19.59607],[96.25927,19.59602],[96.25884,19.59666],[96.25912,19.59702],[96.25936,19.59607],[96.25993,19.59607],[96.26003,19.59535],[96.26089,19.59549],[96.26123,19.59454],[96.26013,19.59408],[96.26004,19.59309],[96.25837,19.59363],[96.25761,19.59308],[96.25675,19.5934],[96.25608,19.59299],[96.25618,19.59199],[96.25589,19.59317],[96.25537,19.59312],[96.25517,19.59362],[96.25432,19.59361],[96.25427,19.59239],[96.25394,19.59239],[96.25365,19.59343],[96.25064,19.59473],[96.25169,19.59568],[96.25259,19.59582],[96.2525,19.59515],[96.25297,19.59601],[96.25493,19.59538],[96.25574,19.5957],[96.25474,19.59592],[96.25469,19.59705],[96.25521,19.59746],[96.2544,19.5975],[96.25526,19.59782],[96.25597,19.59741],[96.25512,19.59705],[96.25555,19.59683],[96.25517,19.59628],[96.25588,19.59638],[96.25598,19.59597],[96.25612,19.59638],[96.25712,19.59629],[96.25732,19.59498],[96.25784,19.5948],[96.25783,19.59747],[96.25836,19.59724],[96.25864,19.59774],[96.2584,19.59923],[96.25878,19.59995],[96.25878,19.59869],[96.25935,19.59896],[96.25907,19.59801],[96.25873,19.59851],[96.25874,19.59792],[96.25917,19.59788],[96.25883,19.59688],[96.25884,19.5967]]],[[[96.31017,19.60114],[96.31198,19.60074],[96.31179,19.60001],[96.31132,19.59997],[96.31208,19.59938],[96.31246,19.59974],[96.31237,19.59893],[96.30975,19.59928],[96.31007,19.60114],[96.31017,19.60114]]],[[[96.28881,19.60131],[96.28982,19.6],[96.28877,19.60036],[96.28748,19.59972],[96.28733,19.60071],[96.28814,19.60067],[96.28838,19.6013],[96.28881,19.60131]]],[[[96.32296,19.59814],[96.32262,19.59792],[96.32324,19.5981],[96.32372,19.5977],[96.32301,19.59674],[96.321,19.60013],[96.32199,19.60212],[96.3228,19.60171],[96.32157,19.60117],[96.32204,19.60058],[96.32147,19.60058],[96.32143,19.59986],[96.3231,19.599],[96.32296,19.59819],[96.32296,19.59814]]],[[[96.26421,19.60214],[96.26431,19.59947],[96.2634,19.59942],[96.26436,19.59929],[96.2645,19.59794],[96.26417,19.5978],[96.2646,19.59744],[96.26365,19.59839],[96.26293,19.59811],[96.26235,19.59965],[96.26406,19.60214],[96.26421,19.60214]]],[[[96.26234,19.60295],[96.26215,19.60231],[96.26325,19.60241],[96.2624,19.60055],[96.2623,19.60132],[96.26154,19.60091],[96.26192,19.60091],[96.26201,19.60136],[96.26158,19.6015],[96.26215,19.60218],[96.2611,19.60245],[96.26215,19.60295],[96.26234,19.60295]]],[[[96.30968,19.60547],[96.31121,19.60516],[96.31097,19.60435],[96.3103,19.60444],[96.31154,19.60412],[96.31107,19.60335],[96.30835,19.60375],[96.30954,19.60547],[96.30968,19.60547]]],[[[96.31001,19.60692],[96.31178,19.60625],[96.31135,19.60539],[96.31125,19.60584],[96.31102,19.60543],[96.30958,19.60566],[96.30953,19.60692],[96.31001,19.60692]]],[[[96.23748,19.60888],[96.23834,19.60807],[96.23839,19.60739],[96.23901,19.60735],[96.23939,19.60821],[96.23973,19.60572],[96.23911,19.60563],[96.23849,19.60653],[96.23763,19.6064],[96.23839,19.60694],[96.23725,19.60816],[96.23701,19.6087],[96.23743,19.60888],[96.23748,19.60888]]],[[[96.27434,19.5944],[96.272,19.59584],[96.27157,19.59547],[96.27219,19.59534],[96.26952,19.59465],[96.26728,19.59541],[96.26503,19.59749],[96.26469,19.59916],[96.26525,19.6021],[96.26582,19.6025],[96.26534,19.60399],[96.2662,19.6054],[96.26905,19.60635],[96.26968,19.60604],[96.27053,19.60681],[96.26981,19.60812],[96.27077,19.60708],[96.27201,19.6074],[96.27124,19.60772],[96.27215,19.60795],[96.27234,19.60862],[96.27195,19.60898],[96.27243,19.6088],[96.27295,19.60935],[96.27353,19.60939],[96.27396,19.60827],[96.27429,19.60863],[96.27458,19.608],[96.27425,19.60759],[96.27482,19.60705],[96.27463,19.60773],[96.27525,19.60759],[96.27544,19.60804],[96.27487,19.60818],[96.27501,19.60877],[96.27448,19.60877],[96.274,19.60976],[96.27462,19.60971],[96.27477,19.60899],[96.2752,19.60922],[96.27515,19.61008],[96.27721,19.60669],[96.27721,19.60538],[96.27793,19.60548],[96.27792,19.60588],[96.27983,19.60557],[96.2766,19.60123],[96.27713,19.6001],[96.27814,19.5996],[96.27975,19.60038],[96.28033,19.59979],[96.28152,19.6002],[96.2841,19.59944],[96.28724,19.59954],[96.28882,19.599],[96.28939,19.59851],[96.28969,19.59557],[96.29112,19.59404],[96.28975,19.59019],[96.28929,19.58649],[96.28891,19.58603],[96.28828,19.5868],[96.28738,19.58567],[96.28786,19.58571],[96.28781,19.58458],[96.28857,19.58535],[96.28762,19.58395],[96.28753,19.58214],[96.28711,19.58214],[96.2873,19.57961],[96.28693,19.57853],[96.28692,19.58097],[96.28644,19.58115],[96.28687,19.58246],[96.28625,19.58255],[96.28643,19.58336],[96.28553,19.58295],[96.28534,19.58336],[96.28486,19.58254],[96.28019,19.58379],[96.28109,19.58402],[96.28057,19.58452],[96.28142,19.58597],[96.28061,19.58669],[96.28089,19.58732],[96.28032,19.58786],[96.28132,19.58737],[96.28184,19.58895],[96.28184,19.58823],[96.28246,19.58814],[96.28289,19.58891],[96.28265,19.58977],[96.28193,19.59008],[96.28165,19.58976],[96.28078,19.59112],[96.27854,19.5912],[96.27831,19.59093],[96.27883,19.5903],[96.27764,19.59007],[96.27716,19.59088],[96.27578,19.59137],[96.27382,19.59313],[96.27463,19.59399],[96.27448,19.5944],[96.27434,19.5944]],[[96.28502,19.5928],[96.28531,19.59208],[96.28488,19.5923],[96.28441,19.59185],[96.28441,19.59113],[96.28508,19.59045],[96.28603,19.59131],[96.28589,19.58937],[96.28637,19.58969],[96.28646,19.58914],[96.28713,19.58906],[96.2876,19.59032],[96.28717,19.59064],[96.28779,19.59118],[96.28712,19.59181],[96.28803,19.59222],[96.28507,19.5928],[96.28502,19.5928]],[[96.27123,19.59592],[96.27147,19.5966],[96.27133,19.59619],[96.27056,19.5966],[96.27033,19.5961],[96.27042,19.59723],[96.26937,19.59754],[96.26928,19.597],[96.26975,19.59673],[96.26928,19.59587],[96.27019,19.59556],[96.27119,19.59592],[96.27123,19.59592]],[[96.27568,19.60723],[96.27578,19.60642],[96.27516,19.6056],[96.27364,19.60519],[96.27282,19.60573],[96.2723,19.60496],[96.27192,19.60609],[96.27125,19.60555],[96.27182,19.60514],[96.2703,19.60473],[96.26992,19.60351],[96.26854,19.60396],[96.26716,19.60368],[96.26816,19.60296],[96.26954,19.60301],[96.26717,19.60057],[96.26674,19.59867],[96.26765,19.59993],[96.26803,19.5998],[96.2676,19.59885],[96.26817,19.59908],[96.26813,19.59849],[96.26736,19.59867],[96.26684,19.5979],[96.26808,19.59695],[96.26723,19.59713],[96.26751,19.59609],[96.26885,19.59583],[96.26875,19.59723],[96.26803,19.5979],[96.26832,19.59831],[96.26913,19.59809],[96.26898,19.59935],[96.26984,19.59904],[96.26961,19.59818],[96.26989,19.59859],[96.26994,19.59782],[96.27047,19.59777],[96.2707,19.59899],[96.26994,19.59935],[96.27022,19.60012],[96.2695,19.59999],[96.26969,19.60098],[96.27007,19.60048],[96.27031,19.60094],[96.27065,19.60076],[96.27098,19.59963],[96.2717,19.59963],[96.27099,19.59881],[96.27104,19.59741],[96.27047,19.59732],[96.27142,19.59678],[96.27217,19.60008],[96.27493,19.60402],[96.27388,19.60429],[96.27445,19.60497],[96.27431,19.60443],[96.27521,19.60479],[96.27587,19.60579],[96.27573,19.60723],[96.27568,19.60723]],[[96.27275,19.59941],[96.2726,19.60013],[96.27203,19.59918],[96.27185,19.59696],[96.27233,19.59624],[96.27256,19.59737],[96.27252,19.59638],[96.27352,19.59602],[96.27266,19.59801],[96.2728,19.59941],[96.27275,19.59941]]],[[[96.24348,19.61287],[96.24334,19.61098],[96.24501,19.61116],[96.24539,19.6122],[96.24638,19.61284],[96.24658,19.61135],[96.24601,19.61035],[96.2462,19.60968],[96.24502,19.60827],[96.24478,19.60728],[96.24378,19.60632],[96.2424,19.60623],[96.24135,19.6079],[96.24154,19.60871],[96.24082,19.60921],[96.24239,19.60989],[96.2411,19.61097],[96.242,19.61142],[96.24162,19.61206],[96.24186,19.6126],[96.24329,19.61287],[96.24348,19.61287]]],[[[96.21737,19.61984],[96.21823,19.61853],[96.21885,19.61858],[96.21919,19.61727],[96.218,19.61772],[96.21762,19.61718],[96.21699,19.61961],[96.21732,19.61984],[96.21737,19.61984]]],[[[96.25785,19.62209],[96.25808,19.62313],[96.25751,19.62385],[96.25756,19.62317],[96.25722,19.62317],[96.25722,19.62435],[96.25646,19.62317],[96.25631,19.62448],[96.25665,19.62439],[96.25688,19.62548],[96.25741,19.62516],[96.25703,19.62444],[96.25779,19.6248],[96.2575,19.62539],[96.25784,19.62503],[96.25912,19.62539],[96.2596,19.62508],[96.25975,19.62327],[96.25899,19.62318],[96.25904,19.62259],[96.25946,19.62259],[96.25875,19.62191],[96.25975,19.62155],[96.25971,19.62061],[96.25899,19.62069],[96.25904,19.62151],[96.25751,19.62164],[96.2578,19.62209],[96.25785,19.62209]]],[[[96.25522,19.62416],[96.25435,19.62633],[96.25507,19.62556],[96.25593,19.62556],[96.25632,19.62195],[96.25575,19.62199],[96.25555,19.6229],[96.25551,19.62249],[96.25517,19.62276],[96.25522,19.62412],[96.25522,19.62416]]],[[[96.24123,19.62706],[96.24358,19.6239],[96.24435,19.622],[96.2498,19.61827],[96.25004,19.6171],[96.24757,19.61596],[96.24823,19.61682],[96.24952,19.6171],[96.24961,19.618],[96.24406,19.622],[96.2431,19.62426],[96.24272,19.62385],[96.24277,19.62462],[96.24128,19.6262],[96.24119,19.62706],[96.24123,19.62706]]],[[[96.26203,19.62549],[96.26237,19.62486],[96.26051,19.62485],[96.26137,19.62454],[96.26065,19.62377],[96.26022,19.62391],[96.26012,19.62562],[96.26103,19.62599],[96.26069,19.6263],[96.26012,19.6258],[96.26045,19.62729],[96.26093,19.62748],[96.2606,19.62648],[96.26098,19.62644],[96.26121,19.62712],[96.2615,19.62644],[96.26117,19.62635],[96.26203,19.62572],[96.26203,19.62549]]],[[[96.30356,19.62787],[96.30389,19.62746],[96.30266,19.62484],[96.30213,19.62515],[96.30218,19.62597],[96.30266,19.62597],[96.30346,19.62787],[96.30356,19.62787]]],[[[96.25964,19.62851],[96.2596,19.6253],[96.2575,19.62561],[96.2575,19.62607],[96.25702,19.62575],[96.25669,19.62656],[96.25711,19.62683],[96.25673,19.62679],[96.25663,19.62769],[96.25625,19.62769],[96.25826,19.62779],[96.2584,19.62824],[96.25945,19.62851],[96.25964,19.62851]]],[[[96.26005,19.63177],[96.25987,19.63046],[96.25939,19.63045],[96.25992,19.63028],[96.25987,19.62969],[96.25911,19.62973],[96.25978,19.62924],[96.25968,19.62874],[96.25844,19.62851],[96.25849,19.62937],[96.25911,19.62937],[96.25858,19.62959],[96.25858,19.63059],[96.25821,19.62846],[96.25587,19.62796],[96.25582,19.629],[96.25629,19.62963],[96.25706,19.62941],[96.25668,19.6295],[96.25696,19.63036],[96.25629,19.63054],[96.25729,19.63072],[96.25768,19.63],[96.25772,19.63049],[96.25887,19.63077],[96.25882,19.63113],[96.25901,19.63068],[96.25929,19.63113],[96.25968,19.63086],[96.25934,19.63145],[96.25986,19.63177],[96.26005,19.63177]]],[[[96.25481,19.63252],[96.255,19.63198],[96.25552,19.6322],[96.25538,19.63148],[96.25605,19.63171],[96.2551,19.62922],[96.25549,19.62909],[96.25558,19.62796],[96.25396,19.6275],[96.25396,19.62935],[96.25448,19.62954],[96.25391,19.62985],[96.25439,19.62976],[96.25472,19.6303],[96.25443,19.63076],[96.25434,19.63021],[96.25419,19.63076],[96.25467,19.63094],[96.25462,19.63161],[96.25529,19.63162],[96.25466,19.63202],[96.25476,19.63252],[96.25481,19.63252]]],[[[96.30806,19.63538],[96.3084,19.63602],[96.30911,19.63579],[96.30888,19.63543],[96.30935,19.63552],[96.30931,19.63507],[96.30992,19.63534],[96.30921,19.63439],[96.31012,19.63403],[96.31055,19.63268],[96.31008,19.63227],[96.30989,19.6296],[96.30956,19.62947],[96.31018,19.62924],[96.31023,19.62775],[96.30995,19.62789],[96.30967,19.62639],[96.31014,19.62622],[96.31029,19.62513],[96.30962,19.62499],[96.31067,19.62455],[96.31144,19.62179],[96.31126,19.61926],[96.31078,19.61926],[96.31079,19.6165],[96.31022,19.61587],[96.30992,19.61935],[96.31049,19.62021],[96.31058,19.62192],[96.30944,19.62156],[96.30867,19.62327],[96.30906,19.62124],[96.31002,19.62102],[96.31002,19.62052],[96.30959,19.62048],[96.30858,19.62115],[96.30844,19.62196],[96.30705,19.62359],[96.30737,19.6272],[96.30809,19.62707],[96.30747,19.62734],[96.30737,19.62792],[96.30784,19.63226],[96.3074,19.63312],[96.30817,19.63281],[96.30788,19.6343],[96.3085,19.63434],[96.30759,19.63511],[96.30778,19.63615],[96.30787,19.63538],[96.30806,19.63538]]],[[[96.22122,19.63639],[96.2218,19.63319],[96.223,19.63111],[96.22396,19.6308],[96.23192,19.63118],[96.23292,19.63155],[96.23382,19.63331],[96.23482,19.63341],[96.23354,19.63263],[96.23254,19.63119],[96.22358,19.63057],[96.22209,19.63206],[96.22133,19.63373],[96.22113,19.63639],[96.22122,19.63639]]],[[[96.26079,19.63922],[96.26122,19.63904],[96.26103,19.63868],[96.26156,19.63905],[96.26137,19.63823],[96.26018,19.63832],[96.25937,19.63692],[96.25922,19.63741],[96.25894,19.63705],[96.25856,19.63768],[96.25837,19.63732],[96.25765,19.63777],[96.25803,19.63791],[96.25765,19.63822],[96.25884,19.63786],[96.25893,19.63863],[96.25951,19.63836],[96.25965,19.63895],[96.25989,19.63868],[96.2607,19.63922],[96.26079,19.63922]]],[[[96.26656,19.63942],[96.26704,19.63829],[96.26852,19.63852],[96.26981,19.63812],[96.27201,19.63659],[96.27492,19.63669],[96.27578,19.63403],[96.27536,19.63362],[96.27598,19.63362],[96.27617,19.63276],[96.26025,19.62892],[96.26063,19.63154],[96.26177,19.6315],[96.26225,19.63222],[96.2611,19.63294],[96.26239,19.6329],[96.26229,19.63408],[96.26296,19.63408],[96.26214,19.63494],[96.26205,19.63448],[96.26105,19.63466],[96.26114,19.63502],[96.26167,19.63471],[96.26195,19.63534],[96.26128,19.63593],[96.26276,19.63566],[96.26266,19.63656],[96.26228,19.63629],[96.26257,19.63602],[96.26176,19.6362],[96.26247,19.63679],[96.26223,19.63729],[96.26156,19.63683],[96.2618,19.63774],[96.26228,19.63796],[96.26237,19.63751],[96.2627,19.63792],[96.26519,19.6372],[96.26299,19.63801],[96.26304,19.63833],[96.26433,19.63797],[96.26475,19.63851],[96.2659,19.63829],[96.26532,19.63874],[96.26609,19.63865],[96.26642,19.63942],[96.26656,19.63942]]],[[[96.20418,19.62716],[96.20553,19.6245],[96.20696,19.62509],[96.20565,19.62893],[96.2083,19.62288],[96.20715,19.62464],[96.20581,19.62423],[96.20591,19.62328],[96.20687,19.62157],[96.20874,19.62022],[96.20839,19.62266],[96.21003,19.61928],[96.21355,19.6206],[96.21466,19.61884],[96.21689,19.61957],[96.21709,19.6183],[96.21647,19.61921],[96.21618,19.61821],[96.21575,19.61866],[96.21575,19.61803],[96.21523,19.6178],[96.21595,19.6174],[96.21557,19.6164],[96.21471,19.61613],[96.2139,19.61658],[96.21143,19.61535],[96.21123,19.61589],[96.21261,19.61626],[96.21276,19.61671],[96.21385,19.61703],[96.21414,19.61667],[96.21308,19.61888],[96.21351,19.61906],[96.21265,19.61969],[96.21122,19.61937],[96.21013,19.61882],[96.21027,19.61828],[96.20807,19.62026],[96.2074,19.62031],[96.21149,19.61065],[96.21259,19.60948],[96.21378,19.61003],[96.2133,19.61102],[96.21378,19.61066],[96.21407,19.60976],[96.2124,19.60912],[96.21245,19.60858],[96.21178,19.60889],[96.21054,19.60839],[96.21178,19.60934],[96.20668,19.62089],[96.20411,19.62007],[96.20258,19.62278],[96.2051,19.62382],[96.20515,19.62428],[96.20197,19.6319],[96.20034,19.6351],[96.19991,19.63519],[96.19947,19.63754],[96.19875,19.63889],[96.19808,19.63907],[96.19842,19.63916],[96.19822,19.63989],[96.19903,19.63962],[96.20065,19.64021],[96.20118,19.63913],[96.20166,19.63759],[96.20042,19.6398],[96.19937,19.63948],[96.19952,19.63781],[96.20168,19.63231],[96.20259,19.63118],[96.20293,19.63127],[96.2032,19.63367],[96.20171,19.63759],[96.20291,19.63525],[96.20537,19.62952],[96.20522,19.6292],[96.20412,19.63177],[96.2034,19.63195],[96.20317,19.62992],[96.20428,19.62716],[96.20418,19.62716]]],[[[96.30111,19.64933],[96.30107,19.64752],[96.30159,19.6482],[96.30331,19.64481],[96.30484,19.64455],[96.30517,19.64518],[96.30556,19.64459],[96.30498,19.64459],[96.30561,19.64441],[96.30556,19.64369],[96.30589,19.64432],[96.30732,19.6441],[96.30718,19.64297],[96.30766,19.64324],[96.30838,19.64261],[96.30829,19.64126],[96.3079,19.64126],[96.30785,19.64198],[96.30747,19.64144],[96.30671,19.64148],[96.30714,19.64098],[96.30838,19.64112],[96.30881,19.64067],[96.30877,19.63954],[96.30829,19.63945],[96.30858,19.63886],[96.30791,19.63809],[96.30715,19.63827],[96.30734,19.63931],[96.30777,19.63945],[96.3071,19.63922],[96.30682,19.63795],[96.30629,19.63809],[96.30634,19.63872],[96.30553,19.63827],[96.30557,19.63922],[96.30524,19.63836],[96.30462,19.63854],[96.30476,19.63967],[96.30419,19.63858],[96.30219,19.63916],[96.3027,19.64228],[96.30185,19.6393],[96.30095,19.63956],[96.3009,19.63997],[96.30071,19.63961],[96.29966,19.63988],[96.2997,19.64087],[96.29942,19.63979],[96.29846,19.64078],[96.29865,19.64236],[96.29936,19.6434],[96.29912,19.64394],[96.30007,19.6444],[96.29945,19.64467],[96.29959,19.64544],[96.30012,19.64553],[96.29964,19.64616],[96.3002,19.64846],[96.30059,19.64842],[96.3003,19.64901],[96.30092,19.64932],[96.30111,19.64933]],[[96.30518,19.64215],[96.30452,19.6421],[96.30466,19.64138],[96.30566,19.64084],[96.30591,19.63962],[96.30719,19.6394],[96.30743,19.6399],[96.30824,19.63945],[96.30791,19.64067],[96.30657,19.64021],[96.30671,19.64085],[96.30557,19.64125],[96.30566,19.64197],[96.30528,19.64215],[96.30518,19.64215]]],[[[96.26261,19.65256],[96.26237,19.65211],[96.26275,19.65242],[96.26328,19.65197],[96.26272,19.64836],[96.26205,19.64826],[96.26258,19.64809],[96.26263,19.64745],[96.26207,19.64176],[96.26116,19.64243],[96.26121,19.64311],[96.26064,19.64361],[96.26125,19.64433],[96.26006,19.64415],[96.26101,19.64546],[96.26049,19.64505],[96.26072,19.64605],[96.25986,19.64645],[96.26077,19.64636],[96.26043,19.64799],[96.26105,19.64772],[96.26119,19.64813],[96.26033,19.6483],[96.26071,19.64835],[96.26071,19.64925],[96.26233,19.64953],[96.26185,19.65088],[96.26071,19.65079],[96.26089,19.65165],[96.26213,19.6522],[96.2617,19.65269],[96.26256,19.65256],[96.26261,19.65256]]],[[[96.30147,19.6547],[96.30281,19.6543],[96.3031,19.65389],[96.30257,19.65331],[96.30319,19.65326],[96.30248,19.65294],[96.30224,19.65339],[96.30234,19.65285],[96.30167,19.65235],[96.30057,19.6524],[96.30148,19.65186],[96.30082,19.6496],[96.30025,19.64932],[96.30063,19.65068],[96.30038,19.65353],[96.30071,19.65461],[96.30133,19.6547],[96.30147,19.6547]]],[[[96.2186,19.65016],[96.2152,19.65241],[96.21463,19.65327],[96.21052,19.65466],[96.20985,19.65614],[96.2106,19.65759],[96.21009,19.65578],[96.21052,19.65511],[96.21506,19.65322],[96.2186,19.6503],[96.2186,19.65016]]],[[[96.30041,19.65967],[96.30065,19.65926],[96.30155,19.65945],[96.3006,19.65764],[96.30189,19.65714],[96.30175,19.65633],[96.30113,19.65719],[96.3007,19.6566],[96.3007,19.65746],[96.29989,19.65786],[96.30022,19.65822],[96.30046,19.65777],[96.30051,19.65854],[96.29993,19.65872],[96.30012,19.65967],[96.30041,19.65967]]],[[[96.26597,19.65862],[96.26616,19.65912],[96.26521,19.65871],[96.26483,19.65907],[96.26731,19.66007],[96.26755,19.658],[96.26597,19.64683],[96.26525,19.64665],[96.26382,19.64768],[96.26409,19.65021],[96.26391,19.64881],[96.26357,19.64881],[96.26377,19.64791],[96.2631,19.64818],[96.26361,19.65139],[96.264,19.6503],[96.26572,19.65013],[96.26481,19.65049],[96.26476,19.65094],[96.26409,19.65067],[96.26442,19.65143],[96.26366,19.65216],[96.26371,19.65261],[96.26547,19.65334],[96.26528,19.65365],[96.2647,19.65324],[96.26508,19.65415],[96.26422,19.655],[96.26441,19.65541],[96.2647,19.65473],[96.2647,19.65532],[96.26527,19.65532],[96.26517,19.65623],[96.2656,19.65591],[96.26612,19.657],[96.26569,19.65691],[96.26564,19.6584],[96.26574,19.65749],[96.26617,19.65813],[96.26569,19.65862],[96.26597,19.65862]]],[[[96.26261,19.65256],[96.26194,19.65328],[96.26265,19.65346],[96.26265,19.65477],[96.26217,19.65509],[96.2625,19.65631],[96.26283,19.65626],[96.26274,19.65663],[96.26221,19.65644],[96.26216,19.65757],[96.26254,19.65766],[96.26106,19.65798],[96.26111,19.65838],[96.26154,19.65875],[96.26135,19.6582],[96.26278,19.65834],[96.26283,19.65916],[96.26197,19.65938],[96.26206,19.66001],[96.2623,19.65961],[96.26311,19.66038],[96.26301,19.65965],[96.26354,19.65984],[96.26363,19.66142],[96.26449,19.66187],[96.26506,19.66156],[96.26496,19.66196],[96.26577,19.66192],[96.26558,19.66224],[96.26625,19.66188],[96.26611,19.66219],[96.26677,19.66238],[96.2673,19.66066],[96.26445,19.65952],[96.26412,19.65785],[96.2634,19.65794],[96.26407,19.65771],[96.26375,19.655],[96.26332,19.65233],[96.26266,19.65256],[96.26261,19.65256]]],[[[96.27202,19.66334],[96.27254,19.66325],[96.27264,19.66271],[96.26807,19.66093],[96.26696,19.66265],[96.26749,19.66283],[96.26687,19.66292],[96.26916,19.66265],[96.26911,19.66297],[96.27144,19.66334],[96.27202,19.66334]]],[[[96.27592,19.66439],[96.27645,19.66367],[96.27355,19.66149],[96.27336,19.66253],[96.27583,19.66439],[96.27592,19.66439]]],[[[96.26891,19.66559],[96.26857,19.66604],[96.26791,19.66586],[96.268,19.66645],[96.26752,19.66631],[96.26824,19.66667],[96.26838,19.66618],[96.26886,19.66672],[96.2701,19.66695],[96.26991,19.66555],[96.27087,19.66532],[96.27105,19.66605],[96.27148,19.66609],[96.27115,19.66542],[96.27163,19.66537],[96.27173,19.6642],[96.2723,19.66361],[96.27063,19.66338],[96.27077,19.6641],[96.27149,19.66438],[96.27034,19.66437],[96.27063,19.66478],[96.26896,19.66559],[96.26891,19.66559]]],[[[96.26813,19.67092],[96.26923,19.67065],[96.26923,19.66961],[96.27033,19.66831],[96.26814,19.66843],[96.26842,19.66902],[96.26923,19.66871],[96.26871,19.66893],[96.26808,19.67092],[96.26813,19.67092]]],[[[96.27725,19.66711],[96.27768,19.66702],[96.27768,19.66756],[96.27835,19.66702],[96.27678,19.66575],[96.27625,19.66579],[96.27554,19.66484],[96.27454,19.66515],[96.27488,19.66434],[96.27426,19.66439],[96.27454,19.66407],[96.27292,19.66289],[96.2724,19.66352],[96.27167,19.66763],[96.27071,19.66835],[96.27114,19.66908],[96.27033,19.66975],[96.27071,19.66993],[96.27085,19.6693],[96.27195,19.66939],[96.27233,19.66894],[96.27181,19.66967],[96.27209,19.66985],[96.27123,19.66998],[96.27109,19.67048],[96.27209,19.67061],[96.27238,19.67025],[96.27304,19.67121],[96.27166,19.67143],[96.27323,19.67121],[96.27342,19.67157],[96.27347,19.67084],[96.27447,19.67107],[96.27506,19.66701],[96.27416,19.66556],[96.27334,19.66587],[96.27273,19.66538],[96.27278,19.66384],[96.2733,19.66465],[96.2744,19.66506],[96.27439,19.66552],[96.27521,19.66534],[96.27549,19.66615],[96.27654,19.6662],[96.27673,19.6671],[96.27725,19.66715],[96.27725,19.66711]]],[[[96.2904,19.67153],[96.29083,19.67193],[96.29117,19.67099],[96.29145,19.67135],[96.29217,19.67099],[96.28965,19.66917],[96.29126,19.67026],[96.29174,19.66972],[96.29227,19.67036],[96.29279,19.67],[96.29256,19.66918],[96.29179,19.66877],[96.28822,19.66894],[96.2907,19.6685],[96.29084,19.66791],[96.29108,19.66855],[96.29237,19.66823],[96.29132,19.66724],[96.29065,19.66728],[96.29113,19.66696],[96.28989,19.66646],[96.28961,19.66551],[96.28923,19.66664],[96.28846,19.6665],[96.28832,19.66619],[96.28913,19.66615],[96.28842,19.66601],[96.28842,19.66506],[96.2877,19.66551],[96.28746,19.66668],[96.28704,19.66298],[96.28604,19.66302],[96.28657,19.66243],[96.28505,19.66103],[96.28553,19.65832],[96.28501,19.65791],[96.28487,19.65683],[96.28406,19.65664],[96.28592,19.65674],[96.28602,19.65597],[96.28473,19.65565],[96.28506,19.65556],[96.28463,19.65524],[96.28478,19.65429],[96.28411,19.65384],[96.28469,19.65344],[96.28455,19.65289],[96.28293,19.65158],[96.28336,19.65113],[96.28307,19.6509],[96.28398,19.6505],[96.28351,19.64977],[96.28317,19.64986],[96.28336,19.6505],[96.28269,19.65067],[96.28031,19.64913],[96.27842,19.64529],[96.27852,19.64398],[96.27914,19.64375],[96.27852,19.64266],[96.2791,19.64181],[96.27953,19.6419],[96.27919,19.64131],[96.28067,19.64118],[96.27963,19.64077],[96.27915,19.64109],[96.27906,19.63986],[96.2803,19.63982],[96.2803,19.63928],[96.27954,19.63901],[96.27992,19.63838],[96.27959,19.63788],[96.28021,19.63793],[96.27963,19.6377],[96.27973,19.63725],[96.28045,19.63671],[96.28049,19.6372],[96.28178,19.63734],[96.28183,19.63676],[96.28102,19.63594],[96.28193,19.63481],[96.28007,19.63463],[96.27822,19.63394],[96.27812,19.63349],[96.27765,19.63363],[96.27736,19.63304],[96.27674,19.63308],[96.27569,19.63507],[96.27578,19.63665],[96.27644,19.63733],[96.2761,19.63895],[96.27691,19.63968],[96.27619,19.63999],[96.27676,19.64085],[96.27648,19.64117],[96.27586,19.64094],[96.27587,19.63755],[96.2752,19.63692],[96.27372,19.63687],[96.27158,19.63772],[96.27143,19.63844],[96.27086,19.63821],[96.27047,19.63912],[96.26947,19.63934],[96.26937,19.64101],[96.2688,19.6392],[96.26766,19.63929],[96.26799,19.64037],[96.26747,19.64006],[96.26665,19.64037],[96.26656,19.64105],[96.26432,19.63946],[96.26422,19.64045],[96.26346,19.64009],[96.26369,19.64235],[96.26326,19.64244],[96.26321,19.64334],[96.26278,19.64316],[96.2631,19.64732],[96.26363,19.64764],[96.26492,19.64651],[96.26587,19.64651],[96.26592,19.64566],[96.26621,19.64647],[96.26687,19.64647],[96.26625,19.64706],[96.26798,19.65935],[96.26922,19.65918],[96.26964,19.65954],[96.2696,19.65909],[96.26988,19.65954],[96.27122,19.65959],[96.26783,19.65962],[96.26764,19.66021],[96.27274,19.66235],[96.27336,19.66181],[96.27307,19.6614],[96.27341,19.66059],[96.27508,19.66118],[96.27651,19.66024],[96.27652,19.65865],[96.27695,19.65843],[96.27708,19.65992],[96.2767,19.66055],[96.27555,19.66154],[96.27384,19.66131],[96.27712,19.66399],[96.27659,19.66381],[96.27602,19.66475],[96.27921,19.66747],[96.27911,19.66684],[96.27969,19.66675],[96.27963,19.66779],[96.28006,19.66766],[96.28063,19.66852],[96.28116,19.66779],[96.28106,19.66874],[96.28178,19.66893],[96.28206,19.66965],[96.28264,19.66848],[96.28287,19.66947],[96.28254,19.66956],[96.2834,19.66979],[96.28297,19.67001],[96.28335,19.67011],[96.2833,19.67069],[96.28397,19.67038],[96.28406,19.67119],[96.28454,19.67101],[96.28725,19.67341],[96.2877,19.66677],[96.28784,19.66822],[96.28836,19.66845],[96.28779,19.66849],[96.28812,19.66926],[96.28797,19.67292],[96.28897,19.67297],[96.28882,19.67383],[96.28911,19.67288],[96.28959,19.67279],[96.28911,19.67261],[96.2904,19.67229],[96.2904,19.67157],[96.2904,19.67153]],[[96.27134,19.65249],[96.27077,19.65227],[96.27077,19.65118],[96.2721,19.6511],[96.27244,19.64992],[96.27244,19.65132],[96.27167,19.65118],[96.27143,19.65173],[96.27282,19.65191],[96.27253,19.65119],[96.27316,19.65051],[96.27287,19.65096],[96.27353,19.65114],[96.2731,19.65169],[96.27339,19.65205],[96.27315,19.65245],[96.27162,19.65249],[96.27134,19.65249]],[[96.2785,19.64989],[96.27784,19.6479],[96.27822,19.6475],[96.27741,19.64677],[96.27718,19.64546],[96.27584,19.64564],[96.27503,19.64482],[96.27623,19.64483],[96.2759,19.64248],[96.27671,19.64112],[96.27628,19.64325],[96.27689,19.64465],[96.27799,19.6451],[96.27756,19.64537],[96.27794,19.64542],[96.27784,19.64614],[96.2787,19.64777],[96.27874,19.64989],[96.2785,19.64989]]],[[[96.29627,19.65564],[96.29747,19.65469],[96.29402,19.65739],[96.29502,19.65866],[96.29607,19.6583],[96.29569,19.65943],[96.29645,19.66047],[96.29673,19.66011],[96.29711,19.66038],[96.29725,19.66142],[96.29773,19.66133],[96.29763,19.66206],[96.29792,19.66174],[96.29844,19.66215],[96.29888,19.66052],[96.29851,19.65727],[96.29922,19.65696],[96.29946,19.65614],[96.29923,19.65537],[96.30005,19.65108],[96.29784,19.64069],[96.29894,19.63911],[96.2999,19.6387],[96.29986,19.6373],[96.29723,19.63761],[96.29709,19.63725],[96.29618,19.63752],[96.29495,19.63706],[96.29447,19.63751],[96.29423,19.63702],[96.29385,19.6376],[96.2918,19.63683],[96.29104,19.63692],[96.29079,19.63782],[96.29003,19.63786],[96.28979,19.63759],[96.29056,19.63701],[96.28922,19.63723],[96.28879,19.63741],[96.28893,19.6379],[96.28841,19.63786],[96.28869,19.63827],[96.28817,19.63817],[96.2886,19.63854],[96.28955,19.63831],[96.28898,19.63958],[96.28845,19.63903],[96.28831,19.63962],[96.28878,19.64016],[96.28831,19.63962],[96.28793,19.64012],[96.28702,19.64011],[96.28545,19.63957],[96.28526,19.63875],[96.28583,19.63808],[96.2864,19.6383],[96.2865,19.63763],[96.28965,19.63669],[96.29271,19.63629],[96.29547,19.63684],[96.29881,19.63694],[96.299,19.63658],[96.29919,19.63698],[96.30115,19.63694],[96.30286,19.63645],[96.30454,19.63515],[96.30359,19.63383],[96.30421,19.6342],[96.30411,19.63329],[96.30269,19.6313],[96.29836,19.62835],[96.30055,19.62962],[96.29975,19.62677],[96.29917,19.62646],[96.29879,19.627],[96.29794,19.62537],[96.29923,19.62488],[96.29799,19.62519],[96.29661,19.6232],[96.29855,19.62677],[96.29812,19.62817],[96.29669,19.62731],[96.29717,19.62713],[96.2966,19.62663],[96.2955,19.62672],[96.29636,19.62636],[96.29536,19.62563],[96.29555,19.62627],[96.29522,19.62636],[96.29479,19.62518],[96.29522,19.62545],[96.29418,19.62382],[96.2957,19.62288],[96.29561,19.62224],[96.29432,19.62292],[96.2937,19.62274],[96.29394,19.62152],[96.29366,19.62048],[96.29314,19.62039],[96.29324,19.61894],[96.29043,19.6155],[96.29129,19.61527],[96.29144,19.61473],[96.29153,19.61514],[96.29229,19.61523],[96.29229,19.61623],[96.29363,19.61605],[96.29353,19.61659],[96.29405,19.61664],[96.29381,19.61718],[96.29453,19.61696],[96.29472,19.61768],[96.29534,19.61705],[96.29682,19.61732],[96.29744,19.618],[96.29758,19.61755],[96.29601,19.61664],[96.29763,19.61733],[96.29768,19.61583],[96.29787,19.61742],[96.2993,19.61801],[96.30025,19.61769],[96.29936,19.6139],[96.29802,19.61308],[96.29764,19.61344],[96.29745,19.61294],[96.29754,19.61507],[96.29721,19.61344],[96.29635,19.61348],[96.29674,19.61299],[96.29626,19.61366],[96.29583,19.61352],[96.29578,19.61298],[96.2964,19.6128],[96.29669,19.61199],[96.29593,19.61258],[96.2954,19.61217],[96.29526,19.61144],[96.29579,19.6114],[96.29546,19.61068],[96.29603,19.61118],[96.29579,19.61176],[96.29684,19.61186],[96.29736,19.61258],[96.29707,19.61294],[96.29664,19.61253],[96.29693,19.61344],[96.2974,19.61276],[96.29802,19.61276],[96.2984,19.61322],[96.29879,19.61286],[96.29907,19.61362],[96.29875,19.61078],[96.29945,19.61286],[96.29989,19.61232],[96.30041,19.61277],[96.30065,19.61092],[96.3006,19.61345],[96.30179,19.61304],[96.30107,19.61327],[96.30078,19.61435],[96.30122,19.61349],[96.30145,19.61417],[96.30179,19.61381],[96.30207,19.61417],[96.30198,19.61458],[96.3015,19.61431],[96.30126,19.61485],[96.30093,19.61467],[96.30121,19.61566],[96.30064,19.61512],[96.30044,19.61693],[96.30078,19.6176],[96.3014,19.61725],[96.30182,19.61761],[96.30197,19.61693],[96.30225,19.61734],[96.30264,19.61698],[96.30216,19.6182],[96.30239,19.61869],[96.30536,19.61599],[96.30406,19.61784],[96.30535,19.61888],[96.30511,19.61942],[96.30582,19.61934],[96.30511,19.61974],[96.30558,19.62105],[96.30501,19.62182],[96.30544,19.62182],[96.30567,19.62318],[96.30615,19.62322],[96.30481,19.6243],[96.30533,19.62462],[96.30504,19.62539],[96.30428,19.62561],[96.30447,19.62606],[96.30466,19.62548],[96.30552,19.62589],[96.30551,19.62733],[96.30609,19.6272],[96.30609,19.6267],[96.30652,19.6272],[96.30489,19.62787],[96.30575,19.62846],[96.30551,19.62955],[96.30598,19.63036],[96.30636,19.62991],[96.30622,19.63081],[96.30665,19.63172],[96.30722,19.63177],[96.30679,19.63208],[96.30726,19.6328],[96.30745,19.63253],[96.30672,19.62377],[96.30734,19.62201],[96.30673,19.62074],[96.30634,19.62083],[96.30644,19.62137],[96.30615,19.62083],[96.30558,19.62083],[96.30687,19.62056],[96.30749,19.62192],[96.30815,19.6216],[96.30797,19.62043],[96.30744,19.62056],[96.30797,19.61984],[96.30736,19.61645],[96.30698,19.61649],[96.30722,19.61496],[96.30656,19.61152],[96.30746,19.61387],[96.30717,19.61469],[96.30844,19.62115],[96.30992,19.62021],[96.30974,19.61831],[96.30921,19.6179],[96.30983,19.6179],[96.30993,19.61691],[96.3096,19.61677],[96.3096,19.6151],[96.3078,19.6141],[96.30841,19.61419],[96.30856,19.61248],[96.30894,19.61225],[96.3086,19.61446],[96.30918,19.6146],[96.30908,19.61406],[96.30994,19.61383],[96.30966,19.61225],[96.31042,19.61244],[96.31081,19.6118],[96.31114,19.61239],[96.31133,19.61176],[96.31095,19.61149],[96.31147,19.61144],[96.3121,19.60919],[96.30877,19.60859],[96.30981,19.6085],[96.30986,19.60782],[96.30915,19.60692],[96.3093,19.6057],[96.30858,19.60534],[96.30897,19.60502],[96.30616,19.60135],[96.30697,19.60167],[96.30936,19.60127],[96.30688,19.60199],[96.30811,19.60353],[96.31074,19.60322],[96.30955,19.60136],[96.30937,19.59933],[96.30603,19.59977],[96.30932,19.59915],[96.30904,19.59734],[96.30756,19.59752],[96.30894,19.59707],[96.30801,19.59178],[96.30829,19.59164],[96.30848,19.59291],[96.30924,19.59282],[96.30853,19.59327],[96.3089,19.59494],[96.3111,19.59463],[96.311,19.59378],[96.30957,19.59395],[96.31134,19.59364],[96.31143,19.59314],[96.31134,19.59269],[96.30929,19.59291],[96.31115,19.59247],[96.31101,19.59165],[96.30929,19.59151],[96.30944,19.59056],[96.3112,19.59039],[96.31235,19.58917],[96.30879,19.58446],[96.30421,19.5844],[96.30397,19.5849],[96.3035,19.58458],[96.30388,19.584],[96.3087,19.58392],[96.30808,19.58283],[96.30865,19.58283],[96.30889,19.5822],[96.30895,19.58035],[96.30804,19.58026],[96.30718,19.58116],[96.30775,19.58003],[96.30728,19.57849],[96.30633,19.57768],[96.30695,19.57763],[96.30672,19.57619],[96.30729,19.57678],[96.30853,19.57583],[96.30839,19.57529],[96.3093,19.57497],[96.30968,19.57371],[96.30911,19.57204],[96.31059,19.57145],[96.31007,19.57114],[96.31012,19.57059],[96.31102,19.5706],[96.31189,19.56965],[96.31165,19.56852],[96.31089,19.56784],[96.31146,19.56707],[96.30918,19.56661],[96.31047,19.56612],[96.31046,19.56671],[96.31094,19.56676],[96.31099,19.56572],[96.31171,19.56549],[96.31228,19.56454],[96.312,19.56427],[96.31338,19.56419],[96.31243,19.56369],[96.31224,19.5612],[96.31286,19.5636],[96.31352,19.5636],[96.31421,19.55777],[96.31403,19.55524],[96.3145,19.55466],[96.315,19.5486],[96.31626,19.54192],[96.31559,19.54115],[96.3154,19.54178],[96.31497,19.54173],[96.31531,19.54101],[96.31488,19.54092],[96.3155,19.54029],[96.31469,19.5392],[96.31522,19.53925],[96.31569,19.54038],[96.31588,19.53979],[96.31622,19.54011],[96.31651,19.53582],[96.31604,19.53473],[96.31652,19.53365],[96.31609,19.53279],[96.31647,19.53284],[96.31672,19.53067],[96.31729,19.53013],[96.31984,19.52214],[96.31961,19.52164],[96.31813,19.52177],[96.31975,19.52096],[96.31823,19.51992],[96.31966,19.52037],[96.31914,19.51942],[96.31952,19.51879],[96.31847,19.51847],[96.31985,19.51848],[96.31966,19.51798],[96.31857,19.51816],[96.31809,19.51757],[96.31967,19.51748],[96.32072,19.5164],[96.32267,19.51663],[96.32378,19.51243],[96.32311,19.51135],[96.32321,19.51094],[96.32383,19.51099],[96.32046,19.5075],[96.32226,19.50863],[96.32236,19.50931],[96.32302,19.51004],[96.32345,19.5099],[96.3244,19.51126],[96.32507,19.51063],[96.32355,19.50999],[96.32393,19.50886],[96.32188,19.5085],[96.32108,19.50488],[96.32209,19.50429],[96.32061,19.50397],[96.31966,19.50266],[96.31766,19.50157],[96.31786,19.49999],[96.31609,19.50062],[96.31614,19.49985],[96.31581,19.50039],[96.31438,19.50057],[96.31371,19.49971],[96.31286,19.49962],[96.31281,19.49849],[96.31195,19.49866],[96.31171,19.49939],[96.30905,19.49662],[96.30858,19.4968],[96.30971,19.49879],[96.30919,19.49902],[96.30852,19.49816],[96.30767,19.49829],[96.30843,19.49811],[96.30805,19.49617],[96.30886,19.49649],[96.3082,19.49572],[96.30691,19.49617],[96.30743,19.4982],[96.30543,19.49716],[96.30519,19.49761],[96.30419,19.49666],[96.29967,19.4952],[96.29901,19.49443],[96.29772,19.49433],[96.29091,19.49156],[96.28906,19.49051],[96.28906,19.49006],[96.28858,19.49038],[96.28369,19.4872],[96.28202,19.48548],[96.28093,19.48629],[96.28102,19.4867],[96.28463,19.49041],[96.28377,19.48973],[96.28358,19.49059],[96.2811,19.49045],[96.28021,19.48782],[96.27563,19.4879],[96.27568,19.48921],[96.27601,19.48926],[96.27567,19.49002],[96.27639,19.48976],[96.27672,19.49012],[96.27691,19.49165],[96.27648,19.49224],[96.277,19.49202],[96.277,19.49297],[96.27747,19.49297],[96.27666,19.49296],[96.27609,19.49405],[96.27695,19.49419],[96.27652,19.49382],[96.277,19.49346],[96.27733,19.4941],[96.27776,19.49396],[96.27757,19.4936],[96.27862,19.49356],[96.27876,19.49401],[96.279,19.4936],[96.28052,19.49343],[96.28128,19.49469],[96.28228,19.49447],[96.28347,19.49619],[96.28447,19.49601],[96.28485,19.49484],[96.28566,19.49674],[96.28346,19.49759],[96.28666,19.4976],[96.28746,19.49815],[96.28732,19.49864],[96.28799,19.49878],[96.28866,19.49806],[96.28842,19.49761],[96.28723,19.49765],[96.28818,19.49733],[96.28761,19.49697],[96.28757,19.4962],[96.28657,19.49584],[96.28704,19.49679],[96.28661,19.49738],[96.2859,19.4957],[96.28733,19.49476],[96.28724,19.49408],[96.28819,19.49376],[96.28739,19.49268],[96.287,19.49363],[96.28624,19.49331],[96.28624,19.49263],[96.2871,19.49214],[96.28605,19.49254],[96.28548,19.492],[96.28577,19.49096],[96.28715,19.49123],[96.28591,19.49136],[96.28596,19.49173],[96.28701,19.49191],[96.28787,19.4915],[96.29001,19.49241],[96.2911,19.49359],[96.29057,19.49395],[96.291,19.49522],[96.2899,19.49458],[96.29071,19.49549],[96.29018,19.4977],[96.28961,19.49788],[96.28955,19.50032],[96.28879,19.49964],[96.28822,19.50027],[96.2876,19.50018],[96.28765,19.50077],[96.28574,19.50094],[96.28631,19.49995],[96.28755,19.50018],[96.28751,19.49964],[96.28675,19.49923],[96.28646,19.49954],[96.28646,19.49792],[96.28651,19.49828],[96.28522,19.49828],[96.28513,19.49891],[96.28465,19.49891],[96.28513,19.4994],[96.2845,19.5004],[96.28479,19.50076],[96.28441,19.50058],[96.28431,19.50103],[96.28355,19.50044],[96.28384,19.49886],[96.28369,19.49985],[96.28265,19.49895],[96.2825,19.49962],[96.28298,19.50003],[96.28164,19.50012],[96.28097,19.50228],[96.28002,19.50287],[96.27987,19.50431],[96.27934,19.50404],[96.27949,19.50463],[96.28001,19.50468],[96.27963,19.5049],[96.27967,19.50639],[96.27944,19.50481],[96.27848,19.50607],[96.27805,19.50594],[96.27877,19.50467],[96.27724,19.50611],[96.27634,19.5053],[96.27557,19.50661],[96.27557,19.50769],[96.27614,19.50805],[96.27652,19.5072],[96.27576,19.50724],[96.27662,19.50688],[96.27595,19.50652],[96.27695,19.50688],[96.27781,19.50594],[96.27824,19.50643],[96.27853,19.50612],[96.27848,19.5068],[96.27752,19.50697],[96.27853,19.50698],[96.27824,19.50765],[96.27857,19.50851],[96.27933,19.5087],[96.27866,19.50865],[96.27847,19.50924],[96.27957,19.50919],[96.27909,19.50942],[96.27923,19.51019],[96.28233,19.5102],[96.28243,19.50929],[96.28276,19.50929],[96.28265,19.51237],[96.28237,19.51033],[96.27971,19.5105],[96.28023,19.51096],[96.27975,19.51118],[96.28118,19.51132],[96.28018,19.5115],[96.2807,19.51164],[96.28046,19.51236],[96.28213,19.51241],[96.28094,19.5125],[96.28084,19.51331],[96.28155,19.5134],[96.28046,19.51358],[96.28017,19.51439],[96.28241,19.51444],[96.2826,19.51318],[96.2827,19.5144],[96.28322,19.51449],[96.28265,19.51458],[96.2826,19.51593],[96.28236,19.51453],[96.2805,19.51471],[96.28079,19.51543],[96.28121,19.51543],[96.28126,19.51647],[96.2824,19.51652],[96.2825,19.51612],[96.28297,19.51657],[96.2845,19.51644],[96.28437,19.5112],[96.28465,19.51436],[96.28527,19.51445],[96.28465,19.51468],[96.28479,19.51648],[96.28517,19.51653],[96.28474,19.51671],[96.28492,19.51856],[96.28497,19.51793],[96.28592,19.51789],[96.28526,19.5187],[96.28506,19.52082],[96.28744,19.52074],[96.28477,19.52145],[96.28563,19.52168],[96.28453,19.52181],[96.28377,19.52267],[96.28458,19.52281],[96.28348,19.5229],[96.2829,19.52366],[96.28324,19.52389],[96.282,19.5247],[96.28323,19.52488],[96.28185,19.52501],[96.28133,19.52583],[96.28242,19.52587],[96.28223,19.52619],[96.28428,19.52728],[96.28728,19.52693],[96.28857,19.52549],[96.28905,19.52354],[96.2901,19.52305],[96.29006,19.52264],[96.28896,19.52255],[96.2901,19.52242],[96.29044,19.5216],[96.28987,19.52138],[96.29063,19.52133],[96.29083,19.52034],[96.28968,19.52016],[96.29097,19.51998],[96.29092,19.52174],[96.29316,19.52134],[96.29392,19.52193],[96.29797,19.52285],[96.2983,19.5242],[96.29791,19.52474],[96.29853,19.5247],[96.29882,19.52542],[96.29863,19.52493],[96.2992,19.52457],[96.29948,19.52556],[96.29863,19.52547],[96.29848,19.52606],[96.29934,19.52628],[96.29972,19.52552],[96.30063,19.5257],[96.3011,19.5252],[96.30058,19.52448],[96.3002,19.52479],[96.30044,19.52416],[96.29939,19.52398],[96.29968,19.52353],[96.29911,19.5233],[96.29978,19.52303],[96.29935,19.52289],[96.30026,19.52145],[96.30026,19.52037],[96.30078,19.52055],[96.3006,19.51987],[96.29979,19.51991],[96.30041,19.51942],[96.30012,19.51851],[96.29936,19.51851],[96.29931,19.51905],[96.29893,19.51824],[96.29869,19.51959],[96.29545,19.51972],[96.29469,19.51904],[96.29407,19.52003],[96.29264,19.5198],[96.29221,19.51912],[96.29283,19.5189],[96.29274,19.51854],[96.29145,19.51799],[96.29083,19.51835],[96.29117,19.51799],[96.29031,19.51749],[96.29079,19.51709],[96.28907,19.51744],[96.28912,19.51672],[96.28984,19.51704],[96.28936,19.51595],[96.28989,19.51627],[96.28998,19.51568],[96.2887,19.51491],[96.28832,19.51347],[96.28908,19.5132],[96.28894,19.51283],[96.28808,19.51292],[96.28828,19.51166],[96.2878,19.51152],[96.288,19.51066],[96.2899,19.5118],[96.29,19.51062],[96.2889,19.51044],[96.28962,19.51053],[96.28871,19.50958],[96.29,19.5094],[96.28996,19.50611],[96.29073,19.50615],[96.29058,19.50674],[96.29144,19.50679],[96.29048,19.50814],[96.29091,19.50778],[96.29167,19.50832],[96.29196,19.50796],[96.29158,19.50787],[96.29215,19.50765],[96.29206,19.50801],[96.29291,19.50815],[96.29358,19.50892],[96.29339,19.50828],[96.29506,19.50838],[96.29501,19.50797],[96.29277,19.5076],[96.29301,19.50648],[96.29382,19.50648],[96.29349,19.50607],[96.29154,19.50656],[96.29106,19.50629],[96.29068,19.50462],[96.29121,19.5043],[96.29092,19.50489],[96.29125,19.50489],[96.29159,19.50435],[96.29026,19.50407],[96.2905,19.50308],[96.29112,19.50304],[96.29045,19.50218],[96.29098,19.50114],[96.29217,19.50101],[96.29231,19.50173],[96.29164,19.50227],[96.29183,19.50277],[96.29274,19.50295],[96.29226,19.50399],[96.29154,19.50426],[96.29278,19.50444],[96.29306,19.50512],[96.2935,19.50458],[96.29368,19.50553],[96.29421,19.50567],[96.29387,19.50607],[96.29516,19.50671],[96.29534,19.50797],[96.29625,19.5059],[96.29578,19.50562],[96.29578,19.50486],[96.29626,19.50526],[96.29759,19.50518],[96.29764,19.50464],[96.29697,19.50472],[96.29669,19.50427],[96.29554,19.50477],[96.29516,19.50666],[96.29425,19.50585],[96.29516,19.50553],[96.29478,19.50544],[96.29492,19.50494],[96.29373,19.50453],[96.29488,19.50413],[96.29331,19.50318],[96.29488,19.50264],[96.29407,19.50223],[96.29517,19.50183],[96.2959,19.4984],[96.29652,19.49858],[96.29642,19.49822],[96.29685,19.49817],[96.29771,19.49899],[96.2979,19.49845],[96.29704,19.49817],[96.2979,19.49772],[96.29818,19.49836],[96.29928,19.4984],[96.29966,19.49931],[96.30009,19.49899],[96.30018,19.4994],[96.30009,19.49976],[96.29909,19.49953],[96.29761,19.50039],[96.29817,19.50143],[96.29755,19.50197],[96.29841,19.5022],[96.29917,19.50333],[96.29789,19.50233],[96.29879,19.50401],[96.29745,19.50351],[96.29674,19.50255],[96.29631,19.50323],[96.29797,19.50455],[96.29859,19.50577],[96.29845,19.50649],[96.29692,19.50667],[96.29844,19.50748],[96.29877,19.50812],[96.29791,19.50848],[96.29863,19.50852],[96.29882,19.50943],[96.29806,19.50875],[96.29801,19.50925],[96.29696,19.50951],[96.29672,19.50879],[96.29391,19.51045],[96.29343,19.51127],[96.29224,19.51113],[96.29195,19.51162],[96.2929,19.51194],[96.29338,19.51131],[96.29424,19.51145],[96.29405,19.51091],[96.29538,19.51005],[96.29577,19.51028],[96.29519,19.51046],[96.29586,19.51046],[96.29567,19.51091],[96.29715,19.51019],[96.2982,19.51033],[96.29863,19.50965],[96.29833,19.51223],[96.29747,19.51209],[96.29733,19.51286],[96.29814,19.51376],[96.29819,19.51331],[96.29923,19.51368],[96.30066,19.51571],[96.30208,19.51938],[96.30146,19.51807],[96.30074,19.51829],[96.30198,19.52096],[96.30269,19.52078],[96.30216,19.52137],[96.30288,19.52223],[96.30283,19.52168],[96.30331,19.52178],[96.30416,19.52304],[96.30564,19.52391],[96.30535,19.52513],[96.30587,19.52603],[96.30677,19.52621],[96.30696,19.52585],[96.30634,19.52576],[96.30701,19.52545],[96.30741,19.52179],[96.30698,19.52029],[96.30451,19.51667],[96.30485,19.51627],[96.30461,19.51527],[96.30338,19.51319],[96.30424,19.51333],[96.30377,19.51211],[96.30458,19.5113],[96.30358,19.51166],[96.30196,19.50962],[96.30244,19.50853],[96.3032,19.50985],[96.30244,19.50795],[96.30264,19.50745],[96.30354,19.50727],[96.30363,19.508],[96.30302,19.50768],[96.30335,19.50849],[96.30473,19.50813],[96.30445,19.50718],[96.30326,19.50655],[96.3036,19.50524],[96.30421,19.50533],[96.30394,19.50275],[96.30494,19.50325],[96.30498,19.50384],[96.3057,19.50375],[96.30765,19.50471],[96.30741,19.50534],[96.30907,19.50562],[96.30912,19.50643],[96.31084,19.50494],[96.31108,19.5053],[96.31189,19.50508],[96.31184,19.50594],[96.31298,19.50667],[96.31088,19.50585],[96.31117,19.50612],[96.31074,19.5067],[96.31036,19.50652],[96.31045,19.50693],[96.30997,19.50702],[96.30993,19.50666],[96.30988,19.50828],[96.30811,19.50905],[96.30935,19.50941],[96.31011,19.5086],[96.30954,19.50977],[96.30948,19.51176],[96.30872,19.51248],[96.30933,19.51429],[96.31253,19.51475],[96.31186,19.51484],[96.31195,19.51611],[96.31138,19.51534],[96.31095,19.51552],[96.31124,19.51506],[96.31067,19.51502],[96.31104,19.51624],[96.30871,19.51718],[96.30971,19.51714],[96.30975,19.51786],[96.31056,19.51805],[96.31123,19.5176],[96.31056,19.51741],[96.31071,19.51683],[96.31195,19.51715],[96.31147,19.51764],[96.31199,19.51764],[96.31214,19.51706],[96.31309,19.51701],[96.31318,19.51783],[96.31223,19.51886],[96.31351,19.51918],[96.31361,19.52004],[96.31284,19.52027],[96.31294,19.52094],[96.31346,19.52117],[96.31232,19.52099],[96.31164,19.52315],[96.31088,19.52279],[96.31083,19.52333],[96.3114,19.52365],[96.31088,19.52433],[96.31054,19.52437],[96.31097,19.52351],[96.31031,19.52387],[96.30959,19.52342],[96.31016,19.52464],[96.3083,19.5245],[96.30849,19.525],[96.30978,19.52509],[96.30949,19.52559],[96.30878,19.52554],[96.30882,19.52608],[96.30768,19.52622],[96.30863,19.52644],[96.3083,19.52667],[96.30858,19.52735],[96.30915,19.52681],[96.3092,19.52798],[96.30853,19.52857],[96.30734,19.52838],[96.30757,19.52902],[96.307,19.52933],[96.30738,19.52947],[96.30695,19.52938],[96.30662,19.52996],[96.307,19.53078],[96.30628,19.53096],[96.3068,19.53159],[96.30637,19.53285],[96.3058,19.5329],[96.30518,19.53394],[96.30446,19.53398],[96.30474,19.53506],[96.30436,19.53533],[96.30484,19.53552],[96.30508,19.53507],[96.3056,19.53565],[96.30617,19.5352],[96.30589,19.53466],[96.30689,19.5348],[96.30736,19.53661],[96.30855,19.53756],[96.30864,19.53878],[96.30926,19.53892],[96.3094,19.53996],[96.31002,19.54005],[96.30926,19.54027],[96.3093,19.54131],[96.30987,19.54122],[96.31044,19.54222],[96.31149,19.54231],[96.31168,19.54159],[96.31244,19.542],[96.31278,19.54064],[96.31311,19.54128],[96.31407,19.54101],[96.31398,19.5397],[96.31326,19.53897],[96.31236,19.53992],[96.31193,19.53947],[96.31303,19.53888],[96.31303,19.53843],[96.31183,19.53892],[96.31236,19.53856],[96.31179,19.53725],[96.31189,19.5354],[96.31328,19.53319],[96.31319,19.53215],[96.3139,19.53161],[96.31334,19.53089],[96.3141,19.53111],[96.3151,19.52949],[96.3152,19.52813],[96.31611,19.52814],[96.31659,19.52728],[96.31664,19.52601],[96.31569,19.52506],[96.31612,19.52493],[96.31702,19.52638],[96.31687,19.52719],[96.31635,19.52827],[96.31563,19.52827],[96.31548,19.52958],[96.31438,19.53125],[96.31486,19.53193],[96.31443,19.53175],[96.31366,19.53233],[96.31376,19.53315],[96.31213,19.53658],[96.3126,19.53807],[96.31431,19.53929],[96.31478,19.54106],[96.31411,19.54187],[96.31335,19.54164],[96.31301,19.54254],[96.31278,19.54222],[96.31168,19.54304],[96.31063,19.54312],[96.30938,19.54651],[96.30843,19.54651],[96.30833,19.5461],[96.30953,19.54448],[96.30963,19.54267],[96.31001,19.54253],[96.30839,19.54271],[96.30686,19.54411],[96.30643,19.54596],[96.30714,19.54582],[96.30671,19.54605],[96.30695,19.54709],[96.3079,19.54691],[96.30819,19.54759],[96.30876,19.54759],[96.30871,19.54922],[96.30928,19.54985],[96.30851,19.55089],[96.30946,19.55265],[96.3086,19.55265],[96.30841,19.55179],[96.3075,19.55287],[96.3066,19.55242],[96.3066,19.5531],[96.30512,19.55309],[96.30488,19.55232],[96.3045,19.55309],[96.30164,19.55326],[96.30064,19.552],[96.30073,19.55403],[96.30031,19.55263],[96.29926,19.55263],[96.29983,19.55398],[96.29811,19.55515],[96.29734,19.55515],[96.29777,19.55574],[96.29748,19.5561],[96.29834,19.55583],[96.29867,19.55669],[96.30039,19.55624],[96.29963,19.55696],[96.30048,19.5571],[96.30024,19.5576],[96.29905,19.55823],[96.29948,19.55809],[96.29948,19.55859],[96.30105,19.55792],[96.30115,19.55855],[96.30215,19.55905],[96.30257,19.56077],[96.30314,19.56086],[96.30323,19.56145],[96.3028,19.56172],[96.30318,19.56325],[96.30261,19.56285],[96.30213,19.56519],[96.30151,19.56537],[96.30184,19.56641],[96.30322,19.56678],[96.30379,19.56628],[96.30503,19.56624],[96.30513,19.56669],[96.30594,19.56688],[96.30708,19.56647],[96.30808,19.56675],[96.3087,19.56607],[96.30846,19.56675],[96.30903,19.56684],[96.30789,19.56724],[96.30746,19.56679],[96.30693,19.56729],[96.30622,19.56688],[96.30565,19.56728],[96.30584,19.56692],[96.30536,19.56719],[96.30389,19.56674],[96.30298,19.56723],[96.30307,19.56691],[96.30193,19.56714],[96.30184,19.56673],[96.30012,19.56655],[96.29974,19.56722],[96.30069,19.5675],[96.30026,19.56777],[96.30021,19.56894],[96.29873,19.56853],[96.29735,19.56884],[96.29739,19.56943],[96.29849,19.56979],[96.29754,19.57002],[96.29749,19.57042],[96.29868,19.57047],[96.29872,19.5711],[96.29791,19.57183],[96.29848,19.57214],[96.29872,19.57345],[96.297,19.57331],[96.29677,19.57241],[96.29619,19.57304],[96.29633,19.57345],[96.29667,19.57318],[96.29876,19.57413],[96.29895,19.57481],[96.298,19.57503],[96.29809,19.57544],[96.299,19.57558],[96.2989,19.57608],[96.29628,19.57638],[96.29628,19.5767],[96.29756,19.57679],[96.29823,19.5763],[96.29909,19.57671],[96.29818,19.57738],[96.29808,19.57815],[96.2967,19.57815],[96.29761,19.57829],[96.2976,19.57914],[96.29794,19.5791],[96.2976,19.5796],[96.29789,19.58032],[96.29736,19.58054],[96.29726,19.58127],[96.29759,19.58181],[96.29698,19.58185],[96.29688,19.58325],[96.2984,19.58308],[96.29873,19.58358],[96.29902,19.58326],[96.29921,19.58367],[96.30002,19.58349],[96.30078,19.58394],[96.30121,19.58345],[96.3015,19.58408],[96.30178,19.58367],[96.30188,19.58404],[96.3035,19.58418],[96.30316,19.5849],[96.30259,19.58494],[96.30226,19.58431],[96.30116,19.58476],[96.30064,19.58417],[96.2983,19.58362],[96.29597,19.58357],[96.29511,19.58402],[96.29539,19.58442],[96.29501,19.58451],[96.29496,19.58619],[96.29353,19.58614],[96.29433,19.58921],[96.29509,19.58912],[96.29481,19.58763],[96.29548,19.58768],[96.29515,19.58781],[96.29543,19.58958],[96.29438,19.58989],[96.29503,19.59323],[96.29618,19.59324],[96.29608,19.59242],[96.29723,19.59247],[96.29675,19.59342],[96.29622,19.59333],[96.29637,19.59378],[96.29517,19.59382],[96.29574,19.59676],[96.29612,19.59654],[96.29631,19.5973],[96.29879,19.59681],[96.29879,19.59722],[96.29774,19.59717],[96.2974,19.59762],[96.29631,19.59753],[96.29626,19.59825],[96.29711,19.60088],[96.29796,19.60129],[96.29734,19.60146],[96.29743,19.60359],[96.2979,19.60621],[96.29847,19.60644],[96.29837,19.60806],[96.29894,19.60865],[96.29861,19.60919],[96.29884,19.6106],[96.2978,19.60711],[96.29709,19.60716],[96.298,19.60648],[96.2971,19.60476],[96.29672,19.60137],[96.29554,19.59753],[96.29588,19.59708],[96.29555,19.59717],[96.29493,19.59418],[96.29417,19.59486],[96.29455,19.59414],[96.29374,19.59373],[96.29369,19.59554],[96.29493,19.59563],[96.29498,19.59626],[96.29455,19.59613],[96.29426,19.59694],[96.29535,19.59748],[96.2944,19.59744],[96.29387,19.59802],[96.29382,19.60064],[96.2932,19.60059],[96.29282,19.60123],[96.29358,19.60145],[96.29205,19.60244],[96.29219,19.6033],[96.29147,19.60348],[96.29132,19.6052],[96.29166,19.60547],[96.29066,19.60533],[96.29118,19.60524],[96.29085,19.60456],[96.29109,19.60244],[96.29052,19.60271],[96.29052,19.60334],[96.28933,19.60343],[96.28743,19.60162],[96.28642,19.60247],[96.28657,19.60166],[96.28533,19.60035],[96.28514,19.60093],[96.28547,19.60102],[96.28433,19.60129],[96.2849,19.60202],[96.28418,19.60319],[96.28451,19.60414],[96.28537,19.60351],[96.28508,19.60319],[96.28561,19.6027],[96.28623,19.60274],[96.28609,19.60324],[96.28747,19.60343],[96.28694,19.6041],[96.2857,19.60437],[96.28608,19.60541],[96.28684,19.60514],[96.28703,19.60559],[96.28918,19.60578],[96.28956,19.60515],[96.29028,19.60529],[96.29032,19.60605],[96.29166,19.6061],[96.2918,19.60556],[96.29223,19.60561],[96.29247,19.60633],[96.29018,19.60646],[96.28937,19.60601],[96.28584,19.60573],[96.28527,19.60581],[96.28503,19.60649],[96.28565,19.6069],[96.28574,19.60645],[96.2865,19.60663],[96.28607,19.60686],[96.28646,19.60717],[96.28479,19.60744],[96.28426,19.60708],[96.28488,19.60703],[96.28455,19.60635],[96.2835,19.60671],[96.28374,19.60581],[96.28326,19.6064],[96.28307,19.60558],[96.28231,19.60508],[96.28284,19.60603],[96.2814,19.60684],[96.2825,19.60793],[96.28331,19.60753],[96.28316,19.60825],[96.28269,19.60825],[96.28283,19.60874],[96.28387,19.60897],[96.28335,19.60906],[96.28301,19.61055],[96.28397,19.60933],[96.28421,19.60974],[96.28363,19.61096],[96.28277,19.61073],[96.28249,19.61114],[96.28458,19.61128],[96.28462,19.61304],[96.28586,19.61381],[96.286,19.6149],[96.28481,19.61503],[96.28381,19.61367],[96.28381,19.61485],[96.28433,19.61476],[96.28414,19.61548],[96.28194,19.61669],[96.28128,19.61579],[96.28095,19.61434],[96.28038,19.61407],[96.28071,19.61371],[96.28019,19.6124],[96.2791,19.61086],[96.27968,19.60932],[96.27991,19.60973],[96.2812,19.6096],[96.28125,19.60901],[96.28063,19.60955],[96.28039,19.60923],[96.28092,19.60838],[96.28049,19.60779],[96.27997,19.60801],[96.28044,19.60833],[96.28016,19.60901],[96.27963,19.6081],[96.28016,19.60706],[96.28107,19.60716],[96.28102,19.60571],[96.28093,19.60639],[96.28011,19.60693],[96.27978,19.6058],[96.27883,19.60598],[96.27825,19.60706],[96.27802,19.60683],[96.27782,19.60832],[96.27744,19.60832],[96.27772,19.60882],[96.27548,19.61035],[96.27371,19.61057],[96.27271,19.61025],[96.27262,19.60966],[96.26814,19.60951],[96.26561,19.60869],[96.27333,19.61179],[96.27328,19.61215],[96.27409,19.61166],[96.27418,19.61387],[96.27366,19.61364],[96.27332,19.61405],[96.27389,19.61441],[96.27423,19.61414],[96.27427,19.61527],[96.27646,19.61731],[96.27555,19.61781],[96.27598,19.61907],[96.27592,19.62174],[96.2752,19.62223],[96.27521,19.62047],[96.27564,19.61984],[96.27498,19.6178],[96.2756,19.61672],[96.27484,19.61708],[96.27522,19.61654],[96.2745,19.61663],[96.27475,19.61591],[96.27346,19.61482],[96.27246,19.61531],[96.27203,19.61427],[96.27265,19.61418],[96.27275,19.61364],[96.27156,19.61409],[96.27194,19.61427],[96.2716,19.61472],[96.27165,19.61427],[96.27108,19.61418],[96.2717,19.61346],[96.26998,19.61372],[96.26937,19.61255],[96.2688,19.61277],[96.26899,19.61223],[96.26865,19.61254],[96.26722,19.61227],[96.26784,19.61322],[96.26603,19.61199],[96.26565,19.61244],[96.2656,19.61195],[96.26289,19.61167],[96.26637,19.61186],[96.26561,19.61046],[96.26685,19.61046],[96.26347,19.60968],[96.26213,19.61081],[96.26055,19.61135],[96.26165,19.61166],[96.26045,19.6118],[96.26023,19.62269],[96.26213,19.62323],[96.26241,19.62468],[96.2628,19.62446],[96.2628,19.62269],[96.26303,19.62455],[96.26475,19.62433],[96.26442,19.62351],[96.26523,19.62265],[96.26614,19.62406],[96.26575,19.62478],[96.2647,19.62451],[96.26275,19.62486],[96.26207,19.62658],[96.26131,19.62703],[96.26202,19.62743],[96.26126,19.62779],[96.26226,19.62784],[96.26236,19.62739],[96.26255,19.62793],[96.27232,19.62882],[96.26116,19.62797],[96.2613,19.62892],[96.26926,19.63048],[96.26998,19.63098],[96.27312,19.63126],[96.27326,19.63167],[96.27388,19.6314],[96.27384,19.63181],[96.27593,19.6324],[96.27636,19.63231],[96.27603,19.63141],[96.27636,19.63181],[96.27741,19.63177],[96.27952,19.63029],[96.28153,19.62722],[96.28192,19.62532],[96.28149,19.62442],[96.28054,19.6241],[96.28149,19.62401],[96.28192,19.62474],[96.28249,19.62474],[96.2833,19.62424],[96.28311,19.62361],[96.28497,19.62353],[96.28492,19.62411],[96.28359,19.62402],[96.28354,19.62465],[96.28258,19.62501],[96.28229,19.62718],[96.28028,19.63042],[96.27784,19.63223],[96.27741,19.63209],[96.27722,19.63281],[96.27789,19.63268],[96.27779,19.63335],[96.27841,19.63295],[96.2786,19.63358],[96.2805,19.63445],[96.28217,19.63454],[96.28695,19.63302],[96.28704,19.63221],[96.28781,19.63221],[96.28761,19.63298],[96.28842,19.63298],[96.28866,19.63352],[96.29019,19.63271],[96.29081,19.63326],[96.29105,19.63244],[96.29186,19.63285],[96.29358,19.63268],[96.29448,19.63345],[96.29486,19.633],[96.29577,19.63336],[96.29625,19.63268],[96.29667,19.63327],[96.29668,19.63232],[96.2982,19.63206],[96.2983,19.63156],[96.29782,19.6316],[96.29821,19.6307],[96.29525,19.63133],[96.29492,19.63069],[96.2932,19.63033],[96.29263,19.62924],[96.29344,19.62888],[96.29326,19.62748],[96.29374,19.62739],[96.29364,19.62676],[96.29274,19.62662],[96.29259,19.62766],[96.29235,19.62802],[96.29168,19.6277],[96.29159,19.62856],[96.29145,19.62779],[96.29111,19.62838],[96.29059,19.62829],[96.29097,19.62815],[96.29054,19.62797],[96.29064,19.62444],[96.29198,19.62467],[96.29236,19.62553],[96.29312,19.62545],[96.29393,19.6264],[96.29374,19.6268],[96.29421,19.62662],[96.29683,19.62921],[96.2975,19.62916],[96.30059,19.63107],[96.29988,19.6312],[96.30197,19.63166],[96.30316,19.63261],[96.30349,19.63392],[96.30258,19.63487],[96.29967,19.63527],[96.29938,19.63567],[96.29829,19.6354],[96.29748,19.63585],[96.29318,19.63615],[96.29042,19.63569],[96.28784,19.63609],[96.28493,19.63789],[96.28349,19.64006],[96.28382,19.64078],[96.28544,19.64088],[96.28539,19.64137],[96.28726,19.64079],[96.2884,19.64098],[96.29002,19.64252],[96.29049,19.64396],[96.28828,19.64997],[96.28785,19.65019],[96.28773,19.65733],[96.29148,19.66209],[96.29453,19.66435],[96.29457,19.66499],[96.29495,19.6649],[96.29476,19.66517],[96.296,19.66653],[96.29599,19.66797],[96.29695,19.6682],[96.29595,19.66838],[96.29599,19.66919],[96.29479,19.67104],[96.29445,19.67357],[96.29402,19.67276],[96.2934,19.67298],[96.29077,19.67605],[96.29167,19.67763],[96.29239,19.67641],[96.29115,19.67596],[96.2944,19.67366],[96.2941,19.67836],[96.29482,19.67723],[96.29458,19.67836],[96.29505,19.67886],[96.29539,19.67809],[96.29534,19.67872],[96.29596,19.679],[96.29663,19.67855],[96.29674,19.67263],[96.29732,19.67249],[96.29699,19.67141],[96.2966,19.67154],[96.29714,19.6668],[96.29781,19.66649],[96.2979,19.66703],[96.29824,19.66644],[96.29844,19.66278],[96.29763,19.6626],[96.29293,19.65617],[96.29341,19.65608],[96.29402,19.65708],[96.29613,19.65564],[96.29627,19.65564]],[[96.29733,19.65144],[96.29757,19.65166],[96.29676,19.65189],[96.29704,19.65284],[96.29332,19.65454],[96.29293,19.65599],[96.29265,19.65536],[96.29193,19.65581],[96.29373,19.65861],[96.29387,19.65929],[96.2934,19.65956],[96.29326,19.65839],[96.29273,19.65861],[96.29268,19.65942],[96.29349,19.65988],[96.2933,19.66033],[96.29435,19.66029],[96.29478,19.65965],[96.29477,19.66173],[96.29578,19.66169],[96.29592,19.66232],[96.29682,19.66242],[96.29729,19.66409],[96.29634,19.66467],[96.29653,19.66422],[96.29591,19.66436],[96.29482,19.66336],[96.29078,19.65901],[96.29063,19.65824],[96.28883,19.65693],[96.28841,19.6534],[96.28966,19.64979],[96.29033,19.64911],[96.28913,19.65209],[96.28946,19.65241],[96.28989,19.65164],[96.29032,19.65201],[96.29061,19.65174],[96.28999,19.65101],[96.29062,19.64907],[96.29181,19.64934],[96.29076,19.64862],[96.29033,19.64907],[96.29072,19.6474],[96.29105,19.64731],[96.29129,19.64799],[96.29234,19.64767],[96.29224,19.64718],[96.29162,19.64749],[96.29225,19.64636],[96.29191,19.6455],[96.29268,19.64514],[96.29263,19.64596],[96.29306,19.64533],[96.2933,19.64582],[96.29354,19.64542],[96.29306,19.64415],[96.29216,19.64334],[96.2923,19.64279],[96.29069,19.64116],[96.29198,19.63954],[96.29236,19.63968],[96.29193,19.64162],[96.29226,19.6418],[96.29288,19.64126],[96.29274,19.63986],[96.29427,19.63986],[96.29441,19.63896],[96.29647,19.63874],[96.29656,19.63991],[96.29579,19.64005],[96.2957,19.64077],[96.29608,19.64168],[96.29455,19.64185],[96.29469,19.6428],[96.29645,19.64326],[96.2966,19.64168],[96.29755,19.64145],[96.2977,19.64177],[96.29717,19.64299],[96.29731,19.64493],[96.29578,19.64511],[96.29578,19.64461],[96.29678,19.64448],[96.29678,19.64385],[96.29574,19.64375],[96.29531,19.64393],[96.29549,19.64475],[96.29416,19.64565],[96.29792,19.64561],[96.29801,19.64787],[96.29896,19.64991],[96.29748,19.65063],[96.29819,19.65135],[96.29848,19.65076],[96.299,19.65081],[96.29885,19.65393],[96.29842,19.65402],[96.29852,19.65451],[96.29685,19.65464],[96.29847,19.65393],[96.298,19.65316],[96.29632,19.65433],[96.29627,19.65523],[96.2947,19.65568],[96.29465,19.65613],[96.29436,19.65536],[96.29489,19.65505],[96.2947,19.65455],[96.29761,19.65329],[96.29785,19.65243],[96.29762,19.65117],[96.29624,19.64972],[96.29605,19.65031],[96.29724,19.65144],[96.29733,19.65144]],[[96.28775,19.61996],[96.28689,19.61937],[96.2879,19.61883],[96.28666,19.61901],[96.28556,19.61842],[96.2858,19.61774],[96.28542,19.61783],[96.28533,19.61702],[96.28471,19.61715],[96.28457,19.61679],[96.28495,19.61693],[96.28552,19.61616],[96.28719,19.61594],[96.28838,19.61662],[96.28986,19.61672],[96.29128,19.61826],[96.29204,19.61989],[96.29179,19.62359],[96.29212,19.62418],[96.29146,19.62381],[96.29174,19.62359],[96.28979,19.62358],[96.28989,19.62209],[96.28936,19.62214],[96.28917,19.62336],[96.28879,19.62345],[96.28865,19.62223],[96.28774,19.622],[96.28836,19.622],[96.28827,19.62164],[96.28722,19.62114],[96.28655,19.6215],[96.28598,19.62073],[96.28894,19.62101],[96.28875,19.61906],[96.28841,19.62087],[96.2878,19.61996],[96.28775,19.61996]],[[96.28455,19.62023],[96.28441,19.62154],[96.28569,19.62199],[96.28502,19.62339],[96.28469,19.62185],[96.28393,19.62176],[96.2836,19.62099],[96.28179,19.62004],[96.28079,19.62026],[96.2806,19.61958],[96.27941,19.61867],[96.28141,19.61864],[96.28355,19.62036],[96.28346,19.61986],[96.28389,19.61973],[96.28337,19.61918],[96.28184,19.61877],[96.28199,19.61837],[96.2828,19.61846],[96.28451,19.62023],[96.28455,19.62023]],[[96.28996,19.61608],[96.28939,19.61509],[96.28834,19.61504],[96.28829,19.61418],[96.28753,19.614],[96.28772,19.61337],[96.2883,19.61328],[96.28721,19.61088],[96.28759,19.60916],[96.28559,19.60848],[96.2866,19.60794],[96.28646,19.60722],[96.28683,19.60808],[96.28898,19.6075],[96.28812,19.60813],[96.28855,19.60881],[96.29003,19.60899],[96.29098,19.60836],[96.28983,19.60953],[96.2904,19.61012],[96.28897,19.61039],[96.29002,19.61039],[96.28911,19.61129],[96.28906,19.61197],[96.28978,19.61269],[96.28911,19.61283],[96.28891,19.61364],[96.28977,19.61396],[96.29011,19.6136],[96.28962,19.61513],[96.29005,19.61545],[96.28996,19.61626],[96.28996,19.61608]],[[96.2914,19.61157],[96.29106,19.61252],[96.29173,19.61157],[96.29226,19.61202],[96.29183,19.61225],[96.29173,19.61324],[96.29145,19.61243],[96.29073,19.61315],[96.28982,19.61256],[96.29092,19.61184],[96.29055,19.61017],[96.29083,19.60976],[96.2915,19.61071],[96.29112,19.61089],[96.29135,19.61157],[96.2914,19.61157]],[[96.32012,19.50723],[96.31585,19.50306],[96.31528,19.50315],[96.31537,19.50256],[96.31404,19.50116],[96.31656,19.50311],[96.32017,19.50723],[96.32012,19.50723]],[[96.30027,19.50107],[96.30084,19.50297],[96.30031,19.5036],[96.29922,19.50098],[96.30013,19.50044],[96.30022,19.50107],[96.30027,19.50107]],[[96.30332,19.51784],[96.30498,19.51857],[96.30622,19.52111],[96.30588,19.52129],[96.30455,19.51997],[96.30417,19.5202],[96.30441,19.51907],[96.3037,19.51929],[96.30379,19.51857],[96.30327,19.51875],[96.30284,19.51807],[96.30322,19.51784],[96.30332,19.51784]],[[96.2938,19.49997],[96.29408,19.50128],[96.29303,19.502],[96.29327,19.50137],[96.29208,19.50069],[96.29251,19.4992],[96.29346,19.49898],[96.29365,19.49965],[96.29418,19.49961],[96.29384,19.49997],[96.2938,19.49997]],[[96.29542,19.49772],[96.29443,19.4964],[96.29314,19.49595],[96.2931,19.49369],[96.29681,19.49614],[96.29652,19.49673],[96.29538,19.49636],[96.29561,19.49772],[96.29542,19.49772]],[[96.2842,19.49199],[96.28482,19.49159],[96.28543,19.49299],[96.28572,19.49281],[96.2869,19.49408],[96.28686,19.49471],[96.28609,19.49403],[96.28505,19.49425],[96.28571,19.49371],[96.28433,19.49326],[96.28424,19.49199],[96.2842,19.49199]]],[[[96.29185,19.68007],[96.29171,19.6793],[96.29143,19.68002],[96.291,19.6798],[96.29062,19.67736],[96.29005,19.67708],[96.28947,19.67862],[96.2898,19.67948],[96.28933,19.67907],[96.28919,19.67938],[96.29023,19.6802],[96.28904,19.68047],[96.28904,19.68101],[96.29056,19.68056],[96.29161,19.68192],[96.29299,19.68197],[96.2918,19.68152],[96.29185,19.68016],[96.29185,19.68007]]],[[[96.10964,19.68986],[96.10951,19.68782],[96.11112,19.68892],[96.11184,19.68833],[96.11014,19.68543],[96.10857,19.68421],[96.1074,19.69008],[96.10792,19.6903],[96.1085,19.68958],[96.10826,19.69026],[96.10955,19.68986],[96.10964,19.68986]]],[[[96.28956,19.69601],[96.29028,19.69452],[96.28904,19.69398],[96.29014,19.69303],[96.28967,19.69231],[96.28824,19.69221],[96.28766,19.69492],[96.2888,19.69475],[96.2889,19.69565],[96.28942,19.69601],[96.28956,19.69601]]],[[[96.10709,19.69613],[96.10771,19.69577],[96.10704,19.69545],[96.10719,19.69495],[96.10824,19.69464],[96.1071,19.69319],[96.10662,19.69387],[96.10724,19.69455],[96.10643,19.69464],[96.10618,19.69572],[96.10618,19.69608],[96.10699,19.69613],[96.10709,19.69613]]],[[[96.28849,19.70351],[96.28835,19.70283],[96.28792,19.70342],[96.28725,19.70197],[96.28792,19.70211],[96.28778,19.70116],[96.28854,19.70094],[96.28883,19.70256],[96.29012,19.70229],[96.29021,19.7013],[96.2894,19.70071],[96.28969,19.69972],[96.29055,19.699],[96.28841,19.6994],[96.28817,19.69845],[96.28874,19.69881],[96.28889,19.69827],[96.29008,19.69769],[96.29032,19.69832],[96.29084,19.69828],[96.29099,19.69733],[96.29052,19.69638],[96.29018,19.6976],[96.28999,19.69692],[96.28951,19.69701],[96.28779,19.69854],[96.28788,19.69976],[96.28826,19.70003],[96.28912,19.69954],[96.28931,19.70071],[96.28769,19.70089],[96.28869,19.70048],[96.28831,19.70003],[96.28731,19.70052],[96.28759,19.70098],[96.28706,19.70134],[96.28697,19.70012],[96.28631,19.69966],[96.28477,19.70133],[96.28487,19.7026],[96.28577,19.7026],[96.28678,19.70197],[96.28563,19.70165],[96.28625,19.70147],[96.28607,19.70061],[96.28683,19.70061],[96.28725,19.70346],[96.28825,19.70405],[96.28863,19.70405],[96.28854,19.70351],[96.28849,19.70351]]],[[[96.2871,19.69081],[96.28538,19.6909],[96.2871,19.69081],[96.28796,19.68941],[96.28782,19.68833],[96.2873,19.68833],[96.28716,19.68778],[96.28667,19.68887],[96.28577,19.68855],[96.2862,19.68773],[96.28754,19.68747],[96.28631,19.68249],[96.28574,19.68272],[96.28617,19.68326],[96.2855,19.68285],[96.28421,19.68393],[96.28411,19.68457],[96.28392,19.68425],[96.28325,19.68483],[96.28216,19.68497],[96.28173,19.68442],[96.27915,19.68419],[96.27892,19.68369],[96.2833,19.68456],[96.28483,19.68308],[96.28226,19.68239],[96.28402,19.68271],[96.28317,19.68212],[96.28317,19.6814],[96.28546,19.68204],[96.28426,19.68226],[96.2844,19.6828],[96.28555,19.68258],[96.28603,19.68118],[96.28293,19.68036],[96.28598,19.681],[96.28585,19.67901],[96.28437,19.67856],[96.28594,19.67883],[96.28618,19.67829],[96.28532,19.67824],[96.28533,19.67788],[96.28638,19.67798],[96.28676,19.67707],[96.28395,19.67625],[96.2869,19.6768],[96.28753,19.67558],[96.28753,19.674],[96.28444,19.67164],[96.28368,19.67173],[96.28354,19.67101],[96.28182,19.66947],[96.28063,19.66924],[96.27882,19.66774],[96.27724,19.6695],[96.27777,19.67009],[96.27762,19.6714],[96.27833,19.67208],[96.27785,19.67289],[96.27828,19.67267],[96.27837,19.67452],[96.27909,19.67502],[96.27613,19.67519],[96.27589,19.67587],[96.27541,19.67591],[96.27527,19.6765],[96.27584,19.67654],[96.2755,19.67695],[96.27622,19.677],[96.27502,19.6779],[96.2755,19.67849],[96.27535,19.67957],[96.27468,19.67979],[96.27501,19.68133],[96.27429,19.6825],[96.27448,19.68341],[96.27386,19.6835],[96.27371,19.68408],[96.27385,19.68517],[96.27486,19.68522],[96.27457,19.6863],[96.27371,19.68625],[96.27333,19.68499],[96.2729,19.68544],[96.2729,19.68621],[96.27342,19.68625],[96.2729,19.68643],[96.27294,19.68765],[96.27327,19.68829],[96.27423,19.68838],[96.27432,19.6896],[96.27289,19.68955],[96.27322,19.69023],[96.27255,19.69],[96.27217,19.69036],[96.27393,19.69032],[96.27408,19.68987],[96.27436,19.69217],[96.27359,19.69267],[96.27355,19.69163],[96.2734,19.69276],[96.2713,19.69271],[96.27131,19.69162],[96.27059,19.69162],[96.27049,19.69338],[96.26986,19.69447],[96.27101,19.6946],[96.26996,19.69505],[96.27019,19.69564],[96.2712,19.69578],[96.26919,19.69595],[96.26929,19.69663],[96.27081,19.69664],[96.27096,19.69591],[96.27095,19.69659],[96.27129,19.69619],[96.27138,19.69659],[96.2752,19.69647],[96.27582,19.69688],[96.27181,19.69682],[96.27167,19.69723],[96.27157,19.69687],[96.2689,19.6969],[96.26857,19.69731],[96.2689,19.69713],[96.269,19.69772],[96.2699,19.69731],[96.27004,19.69772],[96.27138,19.69777],[96.272,19.69727],[96.27219,19.69777],[96.27462,19.69764],[96.27482,19.69719],[96.27486,19.69918],[96.2761,19.69891],[96.27672,19.69927],[96.27764,19.69557],[96.27735,19.6953],[96.27783,19.69512],[96.27697,19.69534],[96.27688,19.69489],[96.27793,19.69453],[96.27831,19.6939],[96.27908,19.69151],[96.27813,19.6916],[96.27908,19.69115],[96.27942,19.69007],[96.27927,19.69309],[96.27889,19.693],[96.27888,19.69372],[96.2786,19.69359],[96.27888,19.69395],[96.2784,19.6949],[96.28084,19.69454],[96.27864,19.69503],[96.27864,19.69535],[96.27959,19.69508],[96.27969,19.69544],[96.27888,19.69562],[96.27892,19.69693],[96.27835,19.69679],[96.27739,19.69756],[96.27801,19.69706],[96.27768,19.69666],[96.27859,19.69625],[96.27826,19.69589],[96.27763,19.69639],[96.27705,19.69932],[96.278,19.70027],[96.2761,19.6995],[96.27562,19.70013],[96.27481,19.70022],[96.27481,19.7009],[96.27347,19.70094],[96.27347,19.70171],[96.27165,19.70165],[96.27132,19.70111],[96.27137,19.70242],[96.27079,19.70242],[96.27065,19.70364],[96.2694,19.70454],[96.26997,19.70526],[96.26902,19.70535],[96.26983,19.70581],[96.27489,19.70546],[96.27632,19.70497],[96.27876,19.70113],[96.27834,19.70045],[96.2791,19.70068],[96.27896,19.6982],[96.2782,19.69801],[96.27892,19.69797],[96.27892,19.69752],[96.27982,19.69788],[96.27916,19.69752],[96.28059,19.69725],[96.28064,19.69599],[96.28155,19.69594],[96.28102,19.69554],[96.28136,19.69509],[96.28217,19.69486],[96.28222,19.69554],[96.2826,19.69554],[96.28255,19.69437],[96.28298,19.69432],[96.28322,19.69491],[96.2846,19.69469],[96.28456,19.69528],[96.28498,19.69537],[96.28494,19.69473],[96.28632,19.69451],[96.28608,19.69501],[96.28699,19.69537],[96.28757,19.69275],[96.28762,19.69081],[96.28715,19.69081],[96.2871,19.69081]],[[96.27617,19.691],[96.27622,19.69209],[96.27798,19.69191],[96.27602,19.69259],[96.27568,19.69439],[96.27607,19.69466],[96.27559,19.69462],[96.27559,19.69502],[96.27516,19.69466],[96.27196,19.6947],[96.27535,19.69444],[96.27554,19.69362],[96.27492,19.69349],[96.27569,19.6934],[96.27579,19.69258],[96.27517,19.6924],[96.27588,19.69213],[96.27613,19.691],[96.27617,19.691]]],[[[96.28694,19.712],[96.28694,19.71141],[96.28656,19.71141],[96.28684,19.7111],[96.28722,19.71164],[96.28789,19.7116],[96.28785,19.7097],[96.28866,19.7097],[96.28823,19.7092],[96.28847,19.70825],[96.289,19.70839],[96.28914,19.70902],[96.28962,19.70889],[96.28952,19.70826],[96.28986,19.70903],[96.29095,19.70898],[96.29053,19.70812],[96.29063,19.70663],[96.29015,19.7065],[96.2902,19.70609],[96.29058,19.70632],[96.29049,19.70519],[96.28982,19.70546],[96.29039,19.70736],[96.28819,19.70776],[96.28756,19.70979],[96.28627,19.70983],[96.28632,19.7106],[96.28484,19.71118],[96.28507,19.71204],[96.28546,19.71163],[96.28603,19.71218],[96.28622,19.71182],[96.28698,19.712],[96.28694,19.712]]],[[[96.2731,19.7125],[96.27396,19.71129],[96.27363,19.71106],[96.27364,19.70857],[96.27244,19.70866],[96.2722,19.7083],[96.27292,19.70744],[96.27426,19.70713],[96.27464,19.70654],[96.27565,19.70646],[96.27626,19.707],[96.27617,19.70641],[96.2766,19.70628],[96.27784,19.70709],[96.27756,19.70574],[96.27817,19.70728],[96.28037,19.70764],[96.28075,19.70733],[96.28066,19.70638],[96.28161,19.70638],[96.28156,19.70796],[96.28246,19.70873],[96.28209,19.70666],[96.28037,19.70507],[96.27994,19.7066],[96.27961,19.70565],[96.27894,19.7061],[96.2788,19.7043],[96.27851,19.70579],[96.27794,19.70475],[96.27813,19.70579],[96.2768,19.70497],[96.27665,19.7056],[96.27512,19.70528],[96.27507,19.70614],[96.27426,19.70568],[96.26873,19.70662],[96.26915,19.70806],[96.27281,19.7125],[96.2731,19.7125]]],[[[96.28765,19.7139],[96.28817,19.71368],[96.28774,19.71286],[96.28865,19.71246],[96.28751,19.71254],[96.28732,19.71205],[96.28736,19.71286],[96.28636,19.71245],[96.28474,19.71272],[96.28593,19.71277],[96.28598,19.71326],[96.28731,19.71349],[96.2875,19.7139],[96.28765,19.7139]]],[[[96.26915,19.71014],[96.26896,19.70973],[96.26962,19.70947],[96.26844,19.70797],[96.26839,19.7086],[96.26781,19.70851],[96.26815,19.70783],[96.26763,19.70725],[96.26581,19.70991],[96.26633,19.71004],[96.26633,19.70937],[96.267,19.70955],[96.26672,19.70919],[96.26714,19.70919],[96.2671,19.70977],[96.26757,19.70969],[96.26733,19.7105],[96.26795,19.71045],[96.26747,19.71235],[96.2669,19.71208],[96.26709,19.7114],[96.26666,19.71167],[96.26675,19.71226],[96.26632,19.71221],[96.26675,19.71307],[96.2677,19.71339],[96.26756,19.7142],[96.26794,19.71303],[96.27248,19.71309],[96.27134,19.71137],[96.27053,19.71069],[96.27019,19.711],[96.27019,19.71024],[96.26976,19.711],[96.26895,19.71095],[96.269,19.71046],[96.26967,19.71055],[96.26943,19.71014],[96.26915,19.71014]]],[[[96.28616,19.71719],[96.28683,19.71665],[96.28673,19.71607],[96.28559,19.71539],[96.28592,19.71498],[96.28521,19.71425],[96.28464,19.71443],[96.28444,19.71556],[96.28625,19.71629],[96.28573,19.7167],[96.28535,19.71642],[96.28558,19.71715],[96.28606,19.71719],[96.28616,19.71719]]],[[[96.28471,19.72193],[96.28505,19.72099],[96.28581,19.72103],[96.28605,19.7218],[96.28686,19.72162],[96.28653,19.72076],[96.28581,19.72058],[96.28639,19.72009],[96.28524,19.7195],[96.28572,19.71905],[96.28548,19.7185],[96.28448,19.71855],[96.28453,19.71963],[96.28405,19.71985],[96.28466,19.72193],[96.28471,19.72193]]],[[[96.28938,19.72263],[96.28981,19.72227],[96.28949,19.72059],[96.28844,19.72023],[96.28786,19.72158],[96.28953,19.72186],[96.28934,19.72263],[96.28938,19.72263]]],[[[96.28465,19.72424],[96.2846,19.72541],[96.2836,19.72577],[96.28317,19.72532],[96.28326,19.72604],[96.28489,19.72623],[96.28599,19.72519],[96.2868,19.72556],[96.28613,19.72465],[96.28542,19.72465],[96.28475,19.72532],[96.28465,19.72428],[96.28465,19.72424]]],[[[96.29218,19.72806],[96.29247,19.7272],[96.29152,19.72575],[96.29177,19.72385],[96.29124,19.72376],[96.29166,19.72697],[96.29113,19.72719],[96.29114,19.72625],[96.29061,19.72602],[96.28956,19.72701],[96.29109,19.72756],[96.29176,19.72706],[96.29209,19.72806],[96.29218,19.72806]]],[[[96.1327,19.73255],[96.13327,19.73246],[96.13366,19.73147],[96.13671,19.73198],[96.13748,19.73004],[96.13605,19.73003],[96.1359,19.73049],[96.13504,19.73062],[96.13381,19.7293],[96.13299,19.73016],[96.13014,19.72902],[96.13075,19.72992],[96.12966,19.72965],[96.12961,19.73001],[96.13237,19.73061],[96.13304,19.73124],[96.13289,19.73197],[96.13079,19.73169],[96.1305,19.73209],[96.13127,19.73191],[96.13265,19.73255],[96.1327,19.73255]]],[[[96.13962,19.73217],[96.13938,19.73244],[96.13952,19.7319],[96.13838,19.73126],[96.13733,19.73139],[96.1368,19.73275],[96.13842,19.73312],[96.13981,19.73244],[96.13967,19.73217],[96.13962,19.73217]]],[[[96.25938,19.73542],[96.26019,19.7346],[96.26262,19.73421],[96.2611,19.73407],[96.26325,19.73308],[96.26673,19.73331],[96.26578,19.73381],[96.26897,19.73346],[96.27012,19.73269],[96.27094,19.73066],[96.27256,19.73008],[96.27204,19.72926],[96.274,19.72891],[96.27395,19.72954],[96.27271,19.73008],[96.27381,19.72977],[96.27376,19.73026],[96.27433,19.73026],[96.27424,19.72954],[96.27576,19.72964],[96.27576,19.72918],[96.27653,19.72914],[96.27495,19.72905],[96.27462,19.72814],[96.27391,19.72818],[96.27448,19.72773],[96.27224,19.72818],[96.27123,19.72912],[96.27123,19.72971],[96.27104,19.72917],[96.26975,19.73002],[96.27089,19.72989],[96.27003,19.73043],[96.2707,19.73061],[96.26931,19.73156],[96.27003,19.73192],[96.26888,19.73296],[96.26664,19.73291],[96.2665,19.73223],[96.26812,19.73273],[96.26793,19.73201],[96.26693,19.73209],[96.26679,19.73101],[96.26554,19.73155],[96.26507,19.73132],[96.26368,19.73254],[96.25938,19.73392],[96.25885,19.73478],[96.25928,19.73542],[96.25938,19.73542]]],[[[96.20644,19.73936],[96.20654,19.73787],[96.20478,19.73796],[96.20468,19.73881],[96.20635,19.73936],[96.20644,19.73936]]],[[[96.25729,19.74621],[96.25801,19.74522],[96.2585,19.74196],[96.25916,19.74183],[96.25874,19.74138],[96.25888,19.74061],[96.25941,19.74057],[96.25813,19.73835],[96.25899,19.7356],[96.25847,19.73492],[96.25742,19.73636],[96.25656,19.73676],[96.25732,19.73654],[96.25737,19.73731],[96.25675,19.73712],[96.25698,19.73803],[96.25751,19.73749],[96.25831,19.73898],[96.25806,19.74273],[96.25705,19.74621],[96.25729,19.74621]]],[[[96.30505,19.74874],[96.30477,19.74784],[96.30391,19.74788],[96.30482,19.74729],[96.30405,19.74716],[96.3041,19.7463],[96.30343,19.74634],[96.30339,19.74557],[96.30277,19.74539],[96.30215,19.74629],[96.30296,19.74684],[96.30252,19.74751],[96.30314,19.74783],[96.30295,19.74819],[96.3041,19.7481],[96.305,19.74874],[96.30505,19.74874]]],[[[96.1133,19.74924],[96.11712,19.74903],[96.11709,19.74573],[96.11617,19.74708],[96.11436,19.74834],[96.11192,19.74856],[96.11201,19.74901],[96.11325,19.74924],[96.1133,19.74924]]],[[[96.31189,19.74424],[96.31169,19.74487],[96.31208,19.74456],[96.31298,19.74524],[96.31231,19.74555],[96.3147,19.74673],[96.31379,19.7475],[96.31555,19.74701],[96.31608,19.74773],[96.31541,19.74827],[96.31583,19.74904],[96.31764,19.7504],[96.3185,19.75027],[96.31645,19.74909],[96.31708,19.7471],[96.31622,19.74638],[96.31656,19.74597],[96.31627,19.74556],[96.31499,19.74475],[96.31452,19.74294],[96.31295,19.7409],[96.31506,19.73747],[96.31468,19.73639],[96.3153,19.73589],[96.31558,19.73648],[96.31606,19.73634],[96.31587,19.73689],[96.31635,19.73666],[96.31593,19.73436],[96.31454,19.73363],[96.31588,19.7335],[96.31559,19.73381],[96.3165,19.73436],[96.31626,19.73336],[96.31684,19.73251],[96.31694,19.73056],[96.31828,19.72989],[96.31823,19.72885],[96.31752,19.72858],[96.31871,19.72727],[96.31781,19.72641],[96.31628,19.72609],[96.316,19.72645],[96.31524,19.72554],[96.31333,19.72581],[96.31166,19.7254],[96.3106,19.72689],[96.3116,19.72946],[96.31146,19.72779],[96.31284,19.72762],[96.3137,19.72861],[96.31279,19.72888],[96.31288,19.73042],[96.31207,19.73105],[96.31359,19.73209],[96.31488,19.73223],[96.31393,19.73245],[96.31288,19.73191],[96.31254,19.73299],[96.31411,19.73363],[96.31306,19.7334],[96.31278,19.73376],[96.31249,19.7334],[96.31249,19.73408],[96.31173,19.7343],[96.31182,19.73475],[96.31225,19.73435],[96.31254,19.7348],[96.31177,19.73579],[96.31201,19.7362],[96.31258,19.73579],[96.31286,19.73665],[96.3121,19.73742],[96.31272,19.73774],[96.31238,19.73868],[96.31123,19.73936],[96.31152,19.73986],[96.31118,19.74044],[96.31194,19.74099],[96.31189,19.74419],[96.31189,19.74424]]],[[[96.10542,19.75052],[96.10514,19.75043],[96.10929,19.74927],[96.10954,19.74801],[96.10873,19.74773],[96.1082,19.74854],[96.10696,19.74714],[96.1071,19.748],[96.10667,19.74863],[96.10591,19.7484],[96.10619,19.74899],[96.10581,19.74912],[96.10505,19.74862],[96.10529,19.74912],[96.10457,19.74934],[96.1049,19.74971],[96.10447,19.75038],[96.10352,19.75011],[96.10328,19.7483],[96.10295,19.74866],[96.10328,19.74929],[96.10219,19.7487],[96.10289,19.75074],[96.10213,19.75092],[96.10246,19.75155],[96.10542,19.75061],[96.10542,19.75052]]],[[[96.30566,19.75037],[96.30638,19.75046],[96.30662,19.75001],[96.30676,19.75078],[96.30628,19.75109],[96.30671,19.75137],[96.30829,19.75105],[96.30685,19.75168],[96.30714,19.75272],[96.30747,19.75272],[96.30743,19.75209],[96.308,19.75259],[96.30852,19.7525],[96.30891,19.75164],[96.30962,19.75173],[96.30695,19.75001],[96.30691,19.74893],[96.30548,19.7496],[96.30567,19.75014],[96.30566,19.75037]]],[[[96.2705,19.74909],[96.27059,19.74855],[96.27117,19.74869],[96.27074,19.74882],[96.27073,19.75009],[96.26949,19.75018],[96.26992,19.7504],[96.26963,19.75216],[96.26839,19.75198],[96.26877,19.75248],[96.26829,19.75257],[96.26805,19.75338],[96.26609,19.75373],[96.26642,19.75414],[96.2658,19.75459],[96.26609,19.755],[96.26934,19.75275],[96.26929,19.7523],[96.27073,19.75172],[96.27068,19.75013],[96.27092,19.75126],[96.2713,19.75126],[96.27264,19.75037],[96.27207,19.7505],[96.27202,19.75014],[96.27321,19.74992],[96.27298,19.74928],[96.27369,19.74965],[96.27379,19.74915],[96.27446,19.74902],[96.27413,19.74698],[96.27284,19.74702],[96.27193,19.74779],[96.27189,19.74734],[96.27079,19.74724],[96.27069,19.74796],[96.27031,19.74733],[96.27007,19.74896],[96.26959,19.74828],[96.26964,19.74896],[96.26878,19.74873],[96.2693,19.74927],[96.26864,19.7494],[96.26992,19.74959],[96.27002,19.74914],[96.2705,19.74923],[96.2705,19.74909]]],[[[96.30188,19.75601],[96.3024,19.75524],[96.30179,19.75415],[96.30231,19.75429],[96.30275,19.75312],[96.3017,19.75271],[96.30117,19.75298],[96.30074,19.75234],[96.30136,19.75329],[96.30121,19.7546],[96.30093,19.75329],[96.29983,19.75297],[96.29897,19.75333],[96.29993,19.75361],[96.30116,19.75578],[96.30178,19.75601],[96.30188,19.75601]]],[[[96.26761,19.75613],[96.27115,19.75267],[96.27063,19.75262],[96.27096,19.75217],[96.26738,19.75455],[96.26709,19.75532],[96.26752,19.75613],[96.26761,19.75613]]],[[[96.30489,19.75362],[96.30546,19.75461],[96.30527,19.75516],[96.30264,19.75619],[96.3066,19.75728],[96.30727,19.75638],[96.30684,19.75579],[96.30885,19.75562],[96.30808,19.75625],[96.30951,19.7567],[96.30808,19.75693],[96.30756,19.75602],[96.30689,19.75679],[96.30698,19.75742],[96.3086,19.75801],[96.31027,19.75788],[96.31104,19.75671],[96.31023,19.75725],[96.3098,19.75684],[96.31071,19.75598],[96.31137,19.7563],[96.31132,19.75684],[96.31242,19.75694],[96.31228,19.75775],[96.31275,19.75784],[96.31247,19.7564],[96.3129,19.75658],[96.31285,19.75604],[96.31257,19.75631],[96.31057,19.75517],[96.31023,19.75603],[96.30999,19.75558],[96.31042,19.75531],[96.30947,19.75485],[96.30942,19.75548],[96.3077,19.7553],[96.30689,19.75417],[96.30756,19.75331],[96.30675,19.75362],[96.30776,19.75318],[96.30814,19.75408],[96.30866,19.75377],[96.31038,19.7549],[96.31004,19.75399],[96.31081,19.75355],[96.31076,19.75305],[96.31009,19.75305],[96.31019,19.75341],[96.30919,19.75386],[96.30847,19.75291],[96.30675,19.75295],[96.30618,19.75218],[96.30556,19.7524],[96.30485,19.75168],[96.30446,19.75271],[96.30566,19.75249],[96.30575,19.75299],[96.30413,19.75335],[96.30394,19.75267],[96.30375,19.75325],[96.30489,19.75348],[96.30489,19.75362]]],[[[96.32196,19.75796],[96.32201,19.75733],[96.3233,19.75706],[96.32288,19.75606],[96.32202,19.75597],[96.32188,19.75529],[96.32121,19.75552],[96.32187,19.75597],[96.32001,19.75578],[96.32006,19.75741],[96.32058,19.75786],[96.32091,19.7575],[96.32044,19.75687],[96.32096,19.75705],[96.32087,19.75642],[96.32183,19.75629],[96.32201,19.75796],[96.32196,19.75796]]],[[[96.24705,19.75463],[96.24614,19.75453],[96.24165,19.75669],[96.23944,19.76052],[96.24222,19.75805],[96.24361,19.75597],[96.24585,19.75521],[96.25053,19.755],[96.25091,19.75477],[96.25063,19.75446],[96.2512,19.75459],[96.25254,19.75252],[96.25455,19.75103],[96.25446,19.75027],[96.25575,19.749],[96.25666,19.74892],[96.25695,19.74783],[96.25637,19.74855],[96.25561,19.7486],[96.25278,19.75148],[96.25168,19.75347],[96.25101,19.7536],[96.2513,19.75405],[96.24719,19.75463],[96.24705,19.75463]]],[[[96.25352,19.76056],[96.25542,19.76098],[96.25738,19.76067],[96.25776,19.76085],[96.25767,19.76153],[96.258,19.76135],[96.25781,19.76058],[96.25734,19.76049],[96.25782,19.75967],[96.25743,19.76026],[96.25619,19.76066],[96.25366,19.7602],[96.25256,19.7611],[96.25352,19.76061],[96.25352,19.76056]]],[[[96.42266,19.76068],[96.42313,19.76086],[96.42227,19.76122],[96.42285,19.7614],[96.42266,19.76167],[96.42342,19.76145],[96.42556,19.76272],[96.42838,19.76273],[96.42957,19.76187],[96.42523,19.76209],[96.4239,19.76104],[96.42399,19.76046],[96.423,19.75883],[96.42156,19.75865],[96.42285,19.75937],[96.42261,19.76023],[96.42199,19.76054],[96.42266,19.76082],[96.42266,19.76068]]],[[[96.3261,19.76357],[96.32653,19.76326],[96.32582,19.76054],[96.32511,19.75959],[96.32439,19.75946],[96.32459,19.75774],[96.32368,19.75719],[96.32435,19.75882],[96.32359,19.75783],[96.32325,19.75796],[96.32349,19.75864],[96.32301,19.75914],[96.32353,19.76004],[96.32305,19.76036],[96.32348,19.76072],[96.3243,19.76018],[96.32463,19.76095],[96.32396,19.76144],[96.32467,19.76212],[96.32544,19.76194],[96.32586,19.76357],[96.3261,19.76357]]],[[[96.29374,19.76412],[96.29403,19.76344],[96.29436,19.76367],[96.29513,19.76285],[96.29842,19.76264],[96.30148,19.7617],[96.30195,19.7622],[96.3009,19.76246],[96.30095,19.76314],[96.30171,19.76238],[96.30229,19.76274],[96.3021,19.7622],[96.30267,19.76206],[96.30286,19.76355],[96.30353,19.76297],[96.30319,19.76396],[96.3041,19.76387],[96.30462,19.76311],[96.30548,19.76392],[96.30596,19.76365],[96.30553,19.76347],[96.3071,19.76325],[96.30883,19.76221],[96.30969,19.76018],[96.30878,19.76009],[96.30792,19.76081],[96.30759,19.76],[96.30773,19.76108],[96.30749,19.76063],[96.30702,19.76085],[96.30692,19.76027],[96.30659,19.76117],[96.3064,19.76004],[96.30587,19.76013],[96.30607,19.7595],[96.30568,19.75972],[96.30573,19.75927],[96.30626,19.75945],[96.3064,19.75909],[96.30545,19.75873],[96.30511,19.75909],[96.30554,19.75977],[96.30463,19.75972],[96.30483,19.75922],[96.30291,19.76035],[96.30316,19.75935],[96.30483,19.75886],[96.30497,19.75832],[96.30636,19.75764],[96.3024,19.75659],[96.30273,19.75732],[96.30235,19.75763],[96.30187,19.75723],[96.30225,19.75777],[96.30144,19.75799],[96.30082,19.75727],[96.30126,19.7565],[96.30044,19.7565],[96.30054,19.75722],[96.29772,19.75663],[96.29767,19.75708],[96.29672,19.75744],[96.29653,19.75825],[96.29523,19.75879],[96.29614,19.75906],[96.29657,19.75983],[96.29571,19.75987],[96.29532,19.76073],[96.29523,19.76042],[96.29461,19.76064],[96.29403,19.76222],[96.29231,19.76267],[96.29317,19.7628],[96.29317,19.76402],[96.2935,19.76375],[96.29369,19.76412],[96.29374,19.76412]]],[[[96.30824,19.76556],[96.30954,19.76289],[96.30581,19.76429],[96.30639,19.76424],[96.30591,19.76483],[96.30672,19.76528],[96.30739,19.76452],[96.30762,19.76506],[96.30715,19.76542],[96.30815,19.76556],[96.30824,19.76556]]],[[[96.29822,19.76576],[96.29908,19.76404],[96.29875,19.76286],[96.2978,19.76286],[96.29785,19.7634],[96.29756,19.76295],[96.29689,19.763],[96.29747,19.76273],[96.29584,19.76331],[96.29574,19.76367],[96.29737,19.76331],[96.29765,19.76399],[96.29789,19.76354],[96.29803,19.76575],[96.29822,19.76576]]],[[[96.29721,19.76711],[96.29784,19.76526],[96.29641,19.76512],[96.29574,19.76593],[96.29641,19.76584],[96.2964,19.76702],[96.29693,19.7662],[96.29688,19.76711],[96.29721,19.76711]]],[[[96.29884,19.76734],[96.2987,19.76648],[96.29984,19.76585],[96.2997,19.76495],[96.30051,19.76639],[96.30032,19.76685],[96.30156,19.76658],[96.3007,19.76626],[96.30085,19.76531],[96.30199,19.76531],[96.3019,19.76409],[96.30114,19.76409],[96.30123,19.76337],[96.30076,19.76314],[96.30057,19.76219],[96.29918,19.76269],[96.29966,19.76287],[96.29918,19.76314],[96.29923,19.76427],[96.29999,19.76481],[96.29865,19.7653],[96.29784,19.7667],[96.29869,19.76734],[96.29884,19.76734]]],[[[96.26043,19.76316],[96.26167,19.76258],[96.25948,19.76262],[96.26038,19.76248],[96.26043,19.76194],[96.261,19.76235],[96.26096,19.76167],[96.25938,19.7618],[96.25933,19.76253],[96.2589,19.76257],[96.25919,19.76207],[96.25862,19.76207],[96.25996,19.76135],[96.25834,19.76121],[96.25857,19.76297],[96.25924,19.76325],[96.25909,19.76505],[96.25956,19.76546],[96.26042,19.76515],[96.26061,19.76556],[96.26214,19.76561],[96.26252,19.76642],[96.26166,19.76664],[96.26228,19.76705],[96.26161,19.76728],[96.26318,19.76855],[96.26371,19.76674],[96.26276,19.7666],[96.26214,19.76538],[96.26376,19.76516],[96.26376,19.76475],[96.26314,19.76448],[96.26224,19.76511],[96.262,19.76375],[96.26071,19.76398],[96.26129,19.7638],[96.26129,19.76334],[96.26043,19.76325],[96.26043,19.76316]]],[[[96.26041,19.76962],[96.2605,19.77016],[96.26212,19.77008],[96.26241,19.77044],[96.26246,19.76936],[96.26303,19.76904],[96.2597,19.76582],[96.25875,19.76542],[96.25965,19.76759],[96.25932,19.76781],[96.25945,19.76903],[96.26026,19.76962],[96.26041,19.76962]]],[[[96.31582,19.75397],[96.31615,19.75451],[96.3173,19.75456],[96.3172,19.75492],[96.31782,19.75487],[96.31797,19.75433],[96.31873,19.75483],[96.31892,19.7537],[96.31745,19.75221],[96.31659,19.75297],[96.31601,19.75243],[96.31549,19.75288],[96.31506,19.75261],[96.31635,19.75139],[96.31573,19.75121],[96.31493,19.74908],[96.31349,19.75043],[96.31344,19.74994],[96.31402,19.7498],[96.31345,19.74921],[96.31426,19.74908],[96.31388,19.74858],[96.31302,19.74813],[96.31173,19.74862],[96.31063,19.7483],[96.31016,19.74609],[96.31073,19.74776],[96.31197,19.74736],[96.31002,19.74555],[96.30974,19.74446],[96.31017,19.74478],[96.31031,19.74406],[96.31146,19.74374],[96.30974,19.74383],[96.3096,19.74297],[96.31108,19.74252],[96.31104,19.74193],[96.30999,19.74085],[96.30975,19.74125],[96.31032,19.74184],[96.30936,19.7427],[96.30899,19.73985],[96.30918,19.73908],[96.30942,19.74021],[96.31018,19.7403],[96.31018,19.73927],[96.3109,19.73832],[96.31057,19.73791],[96.30914,19.7384],[96.30948,19.73551],[96.30891,19.73366],[96.30987,19.73303],[96.31006,19.73384],[96.30943,19.7347],[96.3102,19.73452],[96.31039,19.73294],[96.30968,19.73235],[96.30968,19.73118],[96.30849,19.73221],[96.30735,19.7309],[96.30672,19.73135],[96.3064,19.72945],[96.30683,19.72932],[96.30773,19.73027],[96.30782,19.73104],[96.30887,19.73072],[96.30892,19.73117],[96.31011,19.73113],[96.31035,19.73055],[96.3094,19.73],[96.3083,19.73054],[96.30768,19.72954],[96.3085,19.72973],[96.30854,19.72932],[96.30688,19.72873],[96.30611,19.72909],[96.30559,19.72719],[96.30545,19.72543],[96.30574,19.72574],[96.30588,19.72511],[96.30622,19.7252],[96.30616,19.72724],[96.30674,19.72674],[96.30712,19.72796],[96.30683,19.72828],[96.30745,19.72873],[96.30802,19.72878],[96.3085,19.72787],[96.30802,19.72756],[96.30788,19.72814],[96.30731,19.72823],[96.30788,19.72647],[96.30755,19.72561],[96.30827,19.72575],[96.30865,19.72693],[96.30922,19.72598],[96.31037,19.72657],[96.30941,19.72553],[96.30679,19.72426],[96.30637,19.72299],[96.30647,19.72236],[96.30694,19.72245],[96.30689,19.7229],[96.30732,19.72254],[96.30675,19.72168],[96.30804,19.72236],[96.31009,19.72196],[96.30929,19.72092],[96.30919,19.71992],[96.30848,19.71988],[96.30977,19.71943],[96.30977,19.71848],[96.30925,19.71798],[96.30987,19.71577],[96.30902,19.714],[96.30907,19.71251],[96.30836,19.71188],[96.30874,19.71156],[96.30836,19.71093],[96.30698,19.71075],[96.30827,19.71057],[96.30813,19.70989],[96.30927,19.70989],[96.30942,19.70935],[96.31047,19.70881],[96.31033,19.70827],[96.30942,19.708],[96.30899,19.70867],[96.30789,19.7079],[96.30766,19.70731],[96.30818,19.70641],[96.30785,19.70641],[96.30737,19.70876],[96.30617,19.70943],[96.30569,19.70925],[96.30469,19.71128],[96.30435,19.71115],[96.30382,19.71232],[96.30277,19.71286],[96.30192,19.71042],[96.30149,19.71037],[96.30183,19.71001],[96.30145,19.70856],[96.30007,19.70711],[96.30117,19.70504],[96.30142,19.70287],[96.30342,19.70315],[96.30433,19.70283],[96.30814,19.70424],[96.30657,19.70347],[96.307,19.70329],[96.30572,19.70229],[96.30424,19.70211],[96.30615,19.70207],[96.30572,19.70103],[96.30577,19.70166],[96.30486,19.70125],[96.30414,19.70188],[96.30443,19.7027],[96.30409,19.70274],[96.30147,19.70142],[96.3039,19.70193],[96.30448,19.70121],[96.30419,19.70075],[96.30539,19.70112],[96.3051,19.70057],[96.3062,19.69936],[96.30577,19.69899],[96.30616,19.69836],[96.3053,19.69737],[96.3065,19.6966],[96.30735,19.69701],[96.30745,19.69606],[96.30669,19.69597],[96.30721,19.69588],[96.30688,19.6952],[96.30636,19.69525],[96.30684,19.6948],[96.30622,19.69452],[96.30583,19.6957],[96.30468,19.69624],[96.30417,19.69402],[96.30493,19.69334],[96.30345,19.69339],[96.30403,19.69339],[96.30379,19.69257],[96.30274,19.69225],[96.30179,19.69112],[96.30131,19.69117],[96.30126,19.69193],[96.30098,19.69139],[96.30007,19.69179],[96.29955,19.69139],[96.29979,19.69094],[96.30012,19.69152],[96.30127,19.69089],[96.30065,19.69008],[96.30079,19.68945],[96.30022,19.68958],[96.30031,19.6903],[96.29855,19.68958],[96.29912,19.68976],[96.29879,19.69053],[96.29931,19.69066],[96.29869,19.69102],[96.29907,19.69134],[96.29845,19.69265],[96.29873,19.69306],[96.29797,19.69314],[96.29749,19.69414],[96.29663,19.69409],[96.29678,19.69197],[96.29607,19.69083],[96.29555,19.68785],[96.29662,19.68076],[96.2972,19.68027],[96.29662,19.68026],[96.29638,19.68108],[96.29572,19.68035],[96.29424,19.68062],[96.29386,19.6808],[96.29419,19.68093],[96.29404,19.68229],[96.29333,19.68211],[96.29323,19.6826],[96.29204,19.68296],[96.29208,19.68459],[96.29265,19.68405],[96.29342,19.68423],[96.29336,19.68663],[96.29279,19.68689],[96.29217,19.68622],[96.29292,19.68857],[96.29235,19.6896],[96.29205,19.69399],[96.29262,19.69412],[96.29291,19.69363],[96.29224,19.69259],[96.29267,19.69223],[96.29264,19.68952],[96.2934,19.6878],[96.29382,19.69151],[96.29319,19.69471],[96.29348,19.6934],[96.2941,19.69318],[96.29391,19.69246],[96.29505,19.69503],[96.29533,19.69734],[96.2947,19.70018],[96.29492,19.70547],[96.29468,19.70633],[96.29349,19.70669],[96.29216,19.7056],[96.29207,19.70361],[96.29278,19.7033],[96.29298,19.7023],[96.29408,19.70113],[96.29265,19.69873],[96.29265,19.69941],[96.29199,19.69882],[96.29212,19.70031],[96.2926,19.69964],[96.29346,19.70054],[96.29365,19.70154],[96.29226,19.70149],[96.29255,19.70203],[96.29111,19.70551],[96.29162,19.70763],[96.29253,19.70818],[96.29158,19.70786],[96.29152,19.7098],[96.292,19.71003],[96.29229,19.70917],[96.29296,19.70917],[96.29253,19.70881],[96.29272,19.7084],[96.29334,19.70931],[96.29382,19.70877],[96.29471,19.71252],[96.29447,19.71356],[96.29409,19.71283],[96.29342,19.71324],[96.29309,19.71215],[96.29261,19.71342],[96.2917,19.714],[96.29261,19.71455],[96.29275,19.71414],[96.29418,19.71392],[96.29432,19.71487],[96.29384,19.71563],[96.29332,19.71545],[96.29298,19.71613],[96.29351,19.71609],[96.29288,19.71672],[96.29045,19.71834],[96.29083,19.71775],[96.29016,19.71784],[96.28997,19.71743],[96.29088,19.71712],[96.29097,19.7177],[96.29222,19.7169],[96.29251,19.71604],[96.29218,19.71464],[96.29241,19.71604],[96.29131,19.71671],[96.29055,19.71454],[96.29088,19.71644],[96.28978,19.71698],[96.28916,19.71847],[96.28977,19.72064],[96.29011,19.72019],[96.29125,19.7206],[96.29149,19.72155],[96.29024,19.72322],[96.28886,19.7229],[96.28872,19.7219],[96.28829,19.72231],[96.28862,19.72362],[96.28699,19.72352],[96.28837,19.72497],[96.2878,19.72506],[96.28804,19.72547],[96.28746,19.72596],[96.2867,19.72587],[96.28689,19.72619],[96.28608,19.72704],[96.28426,19.72808],[96.28383,19.7279],[96.28436,19.72772],[96.28426,19.72668],[96.28365,19.72627],[96.28321,19.72717],[96.28269,19.72703],[96.28302,19.72672],[96.28255,19.72681],[96.28192,19.7278],[96.2815,19.72739],[96.28054,19.72762],[96.27811,19.72698],[96.27467,19.72746],[96.27553,19.72891],[96.276,19.72878],[96.27563,19.72769],[96.27653,19.72751],[96.27758,19.72792],[96.27677,19.72842],[96.27639,19.72819],[96.27629,19.72869],[96.277,19.72905],[96.27968,19.72888],[96.27978,19.72775],[96.28006,19.72861],[96.28106,19.72884],[96.28139,19.72938],[96.28201,19.72907],[96.28173,19.72866],[96.28225,19.72907],[96.28326,19.72884],[96.28359,19.72957],[96.28315,19.73097],[96.28463,19.73034],[96.28421,19.72984],[96.28469,19.72894],[96.28383,19.72857],[96.28512,19.72822],[96.28521,19.73016],[96.2864,19.72953],[96.28592,19.73012],[96.28702,19.73193],[96.28635,19.73211],[96.28668,19.73274],[96.28634,19.73378],[96.28539,19.73405],[96.28606,19.73292],[96.28558,19.73332],[96.28506,19.73292],[96.28525,19.73183],[96.28597,19.73143],[96.28559,19.73025],[96.28544,19.73133],[96.28353,19.7316],[96.28368,19.73205],[96.28305,19.73219],[96.28315,19.73264],[96.28377,19.7326],[96.28377,19.73323],[96.283,19.73336],[96.28281,19.733],[96.28238,19.73386],[96.28167,19.73367],[96.28195,19.733],[96.28129,19.73299],[96.28234,19.73277],[96.28277,19.73137],[96.28095,19.73295],[96.28067,19.73232],[96.28019,19.73254],[96.28024,19.73308],[96.27947,19.73313],[96.27937,19.73444],[96.27713,19.73515],[96.2768,19.73461],[96.27804,19.73398],[96.27747,19.73384],[96.27728,19.73307],[96.27437,19.73329],[96.27489,19.7342],[96.27389,19.73428],[96.27388,19.73546],[96.2735,19.73505],[96.27355,19.73564],[96.27312,19.73573],[96.27393,19.73591],[96.27354,19.73708],[96.27211,19.73758],[96.27325,19.73758],[96.27378,19.73894],[96.2732,19.73966],[96.27406,19.73903],[96.27402,19.73849],[96.2743,19.73907],[96.2733,19.73993],[96.27244,19.74002],[96.27262,19.74124],[96.27172,19.74133],[96.27172,19.74096],[96.27143,19.74133],[96.27129,19.74092],[96.27086,19.74178],[96.26995,19.74105],[96.26995,19.74168],[96.2709,19.74223],[96.27157,19.74155],[96.27152,19.74241],[96.27228,19.74332],[96.27229,19.74151],[96.27344,19.74079],[96.27363,19.74115],[96.27429,19.74084],[96.27444,19.74129],[96.27377,19.74129],[96.27467,19.74165],[96.27496,19.7412],[96.27553,19.74147],[96.27711,19.74103],[96.27873,19.74162],[96.27821,19.74012],[96.27955,19.74008],[96.28012,19.73877],[96.27974,19.73823],[96.27931,19.73837],[96.27888,19.73995],[96.27879,19.73818],[96.28132,19.73697],[96.28352,19.73711],[96.28328,19.73481],[96.28458,19.73368],[96.28524,19.73391],[96.28429,19.73495],[96.28419,19.73612],[96.28514,19.73576],[96.285,19.7368],[96.28533,19.73698],[96.28572,19.7354],[96.28648,19.73536],[96.28705,19.73572],[96.28743,19.7373],[96.28628,19.73748],[96.28666,19.73816],[96.28571,19.73884],[96.28299,19.73856],[96.28318,19.73924],[96.28241,19.73865],[96.28127,19.73869],[96.2805,19.73963],[96.28064,19.7409],[96.27945,19.74031],[96.27954,19.74171],[96.27825,19.74175],[96.27763,19.74229],[96.27873,19.74288],[96.27872,19.74333],[96.27758,19.74311],[96.27758,19.74419],[96.27705,19.7441],[96.2772,19.74328],[96.27619,19.74355],[96.27509,19.74667],[96.27456,19.7468],[96.2747,19.74879],[96.2769,19.74744],[96.27742,19.74785],[96.27388,19.7501],[96.27292,19.751],[96.27326,19.75159],[96.27292,19.75177],[96.27278,19.75118],[96.26861,19.75582],[96.26981,19.75619],[96.27029,19.7556],[96.2742,19.75557],[96.27381,19.75642],[96.27191,19.75606],[96.2719,19.75719],[96.27324,19.75827],[96.27324,19.75764],[96.27491,19.75814],[96.27495,19.7586],[96.27452,19.75828],[96.274,19.75864],[96.27481,19.75878],[96.27442,19.75936],[96.27519,19.75964],[96.27528,19.76036],[96.2759,19.76013],[96.27576,19.76086],[96.2769,19.76014],[96.27728,19.76082],[96.2781,19.76082],[96.27724,19.76032],[96.27767,19.7596],[96.27872,19.75974],[96.27853,19.7601],[96.27896,19.76028],[96.27905,19.75928],[96.27939,19.75974],[96.27953,19.75929],[96.28096,19.75965],[96.2814,19.75789],[96.28278,19.75776],[96.28388,19.75668],[96.28389,19.75605],[96.28484,19.75591],[96.28508,19.75637],[96.28598,19.75646],[96.28694,19.75547],[96.28813,19.7561],[96.28842,19.75547],[96.28914,19.7557],[96.28885,19.75452],[96.28919,19.75439],[96.28928,19.75547],[96.29057,19.75498],[96.29104,19.75634],[96.29153,19.75403],[96.29086,19.75331],[96.29177,19.75367],[96.2966,19.75057],[96.29698,19.74989],[96.29665,19.74908],[96.29703,19.74953],[96.29722,19.74881],[96.29651,19.74885],[96.29646,19.74808],[96.29527,19.74754],[96.29656,19.7465],[96.29551,19.74636],[96.29547,19.74542],[96.29485,19.74523],[96.2949,19.74478],[96.29556,19.74478],[96.29552,19.74542],[96.29623,19.74537],[96.29623,19.74478],[96.29552,19.74465],[96.29586,19.74298],[96.29729,19.74275],[96.29709,19.74384],[96.29805,19.74366],[96.29776,19.74533],[96.29833,19.74529],[96.29852,19.74488],[96.29809,19.74479],[96.29795,19.74402],[96.29915,19.74443],[96.29886,19.74366],[96.29953,19.74303],[96.29987,19.7415],[96.29939,19.74104],[96.29887,19.74158],[96.29844,19.741],[96.29758,19.74113],[96.29849,19.74072],[96.29854,19.74014],[96.29758,19.74032],[96.29716,19.73977],[96.29615,19.73977],[96.2963,19.73891],[96.29549,19.73859],[96.29549,19.73697],[96.2944,19.73597],[96.29521,19.7357],[96.29483,19.73502],[96.29498,19.7329],[96.29608,19.73286],[96.29598,19.73403],[96.29765,19.73471],[96.29798,19.73553],[96.29768,19.73905],[96.29883,19.73982],[96.3004,19.74001],[96.3005,19.73906],[96.29926,19.73933],[96.29811,19.73806],[96.29865,19.73503],[96.29927,19.73485],[96.29961,19.73386],[96.29889,19.73408],[96.29942,19.73341],[96.29899,19.733],[96.29971,19.73269],[96.29942,19.7311],[96.2989,19.73124],[96.29923,19.73192],[96.29818,19.73227],[96.29747,19.732],[96.29752,19.73132],[96.29871,19.73092],[96.298,19.73051],[96.29752,19.73096],[96.29709,19.73019],[96.29589,19.73136],[96.2946,19.73132],[96.29432,19.73059],[96.29365,19.73095],[96.29361,19.73027],[96.29413,19.73009],[96.29375,19.72874],[96.28923,19.72714],[96.28832,19.72827],[96.28908,19.72841],[96.28922,19.72904],[96.28779,19.72953],[96.28874,19.7303],[96.28711,19.73125],[96.28674,19.72917],[96.28574,19.72939],[96.28612,19.72822],[96.28536,19.72831],[96.28746,19.72727],[96.28703,19.72669],[96.28923,19.72461],[96.29028,19.72425],[96.29043,19.7238],[96.29005,19.7238],[96.29134,19.72281],[96.29244,19.72295],[96.29516,19.72133],[96.29372,19.72277],[96.29191,19.72345],[96.2921,19.72453],[96.29305,19.72453],[96.29309,19.7258],[96.29195,19.72521],[96.29181,19.72566],[96.29243,19.7262],[96.2928,19.72819],[96.2939,19.72684],[96.29314,19.72539],[96.29501,19.72359],[96.29443,19.72485],[96.29514,19.72689],[96.29457,19.7263],[96.29434,19.72481],[96.29376,19.72576],[96.29452,19.7268],[96.29552,19.72716],[96.29547,19.72815],[96.29619,19.7292],[96.29757,19.7301],[96.29704,19.72951],[96.29714,19.7287],[96.29853,19.72862],[96.29881,19.72952],[96.29957,19.72997],[96.30024,19.72943],[96.30029,19.73011],[96.30205,19.73138],[96.30338,19.73315],[96.30432,19.73654],[96.3037,19.7378],[96.30317,19.7378],[96.30126,19.73951],[96.3013,19.74105],[96.3024,19.74191],[96.30326,19.74196],[96.30316,19.74318],[96.30392,19.74304],[96.3043,19.74404],[96.30383,19.74214],[96.30555,19.74214],[96.30498,19.74128],[96.30498,19.74025],[96.3045,19.74061],[96.30403,19.74033],[96.30321,19.74142],[96.30355,19.74051],[96.30188,19.74096],[96.30155,19.73987],[96.30293,19.73992],[96.30322,19.73893],[96.30422,19.73866],[96.30451,19.73735],[96.30551,19.73745],[96.30618,19.73826],[96.30584,19.73858],[96.30646,19.73862],[96.30541,19.73948],[96.30684,19.73926],[96.3067,19.73853],[96.30766,19.7379],[96.30675,19.74002],[96.30551,19.74007],[96.30532,19.73966],[96.30593,19.74056],[96.30541,19.7416],[96.30597,19.74255],[96.30525,19.74481],[96.30667,19.74843],[96.31034,19.75228],[96.31205,19.7531],[96.31195,19.75373],[96.31267,19.75355],[96.3161,19.75609],[96.31648,19.75541],[96.31662,19.75659],[96.319,19.7579],[96.31862,19.75808],[96.32267,19.7618],[96.32585,19.76691],[96.32657,19.76669],[96.32666,19.76764],[96.33213,19.77384],[96.33289,19.7766],[96.33256,19.77389],[96.32899,19.769],[96.32885,19.76823],[96.32814,19.76778],[96.32724,19.76633],[96.32729,19.76556],[96.32567,19.76474],[96.32424,19.76212],[96.32191,19.75936],[96.31948,19.75741],[96.31863,19.75578],[96.31772,19.75569],[96.31753,19.75514],[96.31705,19.75564],[96.31196,19.75174],[96.31334,19.7517],[96.31311,19.75125],[96.31349,19.75161],[96.31378,19.75075],[96.31416,19.75107],[96.31521,19.7508],[96.3154,19.75157],[96.31458,19.7522],[96.31334,19.75174],[96.3131,19.75211],[96.31396,19.75238],[96.31387,19.75274],[96.31582,19.75419],[96.31582,19.75397]],[[96.30696,19.74653],[96.30692,19.74459],[96.30941,19.74441],[96.30931,19.74532],[96.30706,19.74572],[96.30725,19.74653],[96.30773,19.74653],[96.30868,19.74645],[96.30873,19.74568],[96.30959,19.74568],[96.3094,19.74627],[96.30997,19.74631],[96.30987,19.74708],[96.30749,19.74717],[96.30744,19.74753],[96.30701,19.74653],[96.30696,19.74653]],[[96.30712,19.74368],[96.3076,19.74107],[96.30808,19.74084],[96.30851,19.74134],[96.30812,19.74188],[96.30894,19.74157],[96.30903,19.74197],[96.30826,19.74333],[96.30721,19.74369],[96.30712,19.74368]],[[96.29772,19.72685],[96.29801,19.72617],[96.29548,19.72495],[96.29573,19.72382],[96.29625,19.72346],[96.29744,19.72346],[96.29773,19.72455],[96.29725,19.72436],[96.29691,19.725],[96.29758,19.72563],[96.29844,19.72505],[96.29902,19.72378],[96.30054,19.72428],[96.29959,19.72532],[96.29882,19.72527],[96.29939,19.72564],[96.29796,19.72685],[96.29772,19.72685]],[[96.30151,19.7218],[96.30055,19.72257],[96.30046,19.72184],[96.29979,19.72171],[96.2995,19.72238],[96.29993,19.72261],[96.29845,19.72274],[96.29883,19.72252],[96.2984,19.72193],[96.29902,19.72161],[96.29917,19.72085],[96.29974,19.72076],[96.29955,19.72139],[96.30036,19.72166],[96.30079,19.72162],[96.30089,19.72099],[96.30132,19.7213],[96.30127,19.72067],[96.30084,19.72058],[96.29984,19.72121],[96.2996,19.72012],[96.29893,19.71985],[96.29941,19.71926],[96.30027,19.72035],[96.30037,19.71954],[96.30113,19.71977],[96.30094,19.71882],[96.29984,19.71931],[96.30061,19.71814],[96.3017,19.71945],[96.30155,19.7218],[96.30151,19.7218]],[[96.29589,19.71636],[96.29613,19.71673],[96.29532,19.71695],[96.29527,19.71785],[96.29493,19.71781],[96.29522,19.7169],[96.29479,19.71704],[96.29445,19.71862],[96.29393,19.71893],[96.29403,19.7169],[96.29336,19.71694],[96.29231,19.71803],[96.29226,19.71888],[96.29341,19.71767],[96.29292,19.71916],[96.29149,19.71969],[96.29163,19.7201],[96.29216,19.71974],[96.29221,19.72015],[96.29139,19.72037],[96.29121,19.71983],[96.29164,19.71929],[96.29121,19.71938],[96.2914,19.71875],[96.29059,19.71919],[96.29073,19.71838],[96.29121,19.71856],[96.29465,19.71573],[96.29479,19.7165],[96.29503,19.71613],[96.29584,19.71636],[96.29589,19.71636]],[[96.30209,19.7162],[96.29995,19.71561],[96.29967,19.7142],[96.30196,19.71498],[96.30162,19.71421],[96.30196,19.71417],[96.30281,19.71566],[96.30219,19.7162],[96.30209,19.7162]],[[96.29948,19.71402],[96.29895,19.71416],[96.29853,19.71298],[96.29881,19.71479],[96.29828,19.71393],[96.29728,19.71393],[96.29705,19.71185],[96.29639,19.71103],[96.29658,19.71013],[96.29763,19.70982],[96.2973,19.7095],[96.29653,19.71004],[96.29629,19.70963],[96.29668,19.709],[96.29616,19.70728],[96.29613,19.70177],[96.29685,19.69933],[96.29728,19.69974],[96.2968,19.70051],[96.29727,19.70114],[96.29694,19.70173],[96.29832,19.70309],[96.29784,19.7034],[96.29769,19.70598],[96.29673,19.70615],[96.29668,19.70692],[96.29697,19.70706],[96.29726,19.70616],[96.29793,19.70625],[96.29792,19.70711],[96.29702,19.70715],[96.29788,19.70729],[96.2973,19.7081],[96.29792,19.70842],[96.29773,19.70932],[96.29834,19.71],[96.29806,19.71027],[96.29773,19.70982],[96.2981,19.71221],[96.29881,19.71285],[96.30196,19.7134],[96.29953,19.71312],[96.29953,19.71402],[96.29948,19.71402]],[[96.29702,19.72143],[96.29702,19.72061],[96.29807,19.72089],[96.29792,19.7226],[96.29606,19.72296],[96.2963,19.72219],[96.29521,19.72219],[96.29621,19.72142],[96.29669,19.72188],[96.29697,19.72143],[96.29702,19.72143]],[[96.28968,19.73546],[96.28771,19.7402],[96.28541,19.74155],[96.28555,19.74204],[96.28488,19.74191],[96.28374,19.74272],[96.28311,19.74321],[96.28354,19.74348],[96.2812,19.74506],[96.28297,19.74357],[96.28264,19.74339],[96.28288,19.74298],[96.28584,19.74073],[96.2868,19.74051],[96.28795,19.73929],[96.28785,19.73848],[96.28963,19.73546],[96.28968,19.73546]]],[[[96.12907,19.77786],[96.13476,19.77684],[96.13452,19.77643],[96.1285,19.77758],[96.12898,19.77786],[96.12907,19.77786]]],[[[96.26629,19.77935],[96.26715,19.77904],[96.26711,19.77868],[96.26601,19.77872],[96.26644,19.77795],[96.26721,19.77796],[96.26654,19.77714],[96.26702,19.7766],[96.26659,19.77592],[96.26568,19.77619],[96.2652,19.77818],[96.26377,19.77817],[96.26439,19.77741],[96.26392,19.77691],[96.26348,19.7779],[96.26424,19.77885],[96.26605,19.77935],[96.26629,19.77935]]],[[[96.20573,19.77749],[96.20597,19.77591],[96.20726,19.77601],[96.20722,19.7756],[96.20812,19.77601],[96.2108,19.77584],[96.21031,19.77669],[96.2106,19.77638],[96.21084,19.77679],[96.21146,19.77638],[96.21103,19.77588],[96.21428,19.77562],[96.21471,19.77639],[96.21561,19.77671],[96.21567,19.77369],[96.215,19.77404],[96.21438,19.77382],[96.21434,19.77332],[96.21343,19.77363],[96.21262,19.77209],[96.21272,19.77241],[96.21181,19.77245],[96.21133,19.77209],[96.21066,19.77313],[96.21009,19.77258],[96.20956,19.77362],[96.20842,19.77303],[96.2077,19.77343],[96.20799,19.77361],[96.20741,19.77397],[96.20755,19.77461],[96.20703,19.77438],[96.20732,19.77402],[96.20641,19.77406],[96.20607,19.77465],[96.20645,19.77515],[96.2055,19.77623],[96.20559,19.77722],[96.20492,19.77672],[96.20444,19.77735],[96.20487,19.77767],[96.2042,19.77794],[96.20501,19.77826],[96.20491,19.77898],[96.2053,19.77844],[96.20515,19.77957],[96.20591,19.77921],[96.2062,19.77957],[96.20606,19.7784],[96.20549,19.77844],[96.20611,19.77808],[96.20606,19.77763],[96.20539,19.77772],[96.20573,19.77754],[96.20573,19.77749]]],[[[96.21369,19.78064],[96.21441,19.78059],[96.21432,19.77833],[96.21227,19.77837],[96.21202,19.78036],[96.21331,19.78064],[96.21369,19.78064]]],[[[96.21159,19.78068],[96.21164,19.77855],[96.21064,19.77846],[96.21064,19.7804],[96.21149,19.78067],[96.21159,19.78068]]],[[[96.20353,19.77776],[96.20373,19.77744],[96.20301,19.77735],[96.20311,19.77595],[96.20177,19.77585],[96.20173,19.77527],[96.20087,19.77517],[96.20072,19.77603],[96.20005,19.77621],[96.20005,19.7777],[96.20062,19.77861],[96.2011,19.77788],[96.2009,19.77874],[96.20148,19.77888],[96.20085,19.77933],[96.20124,19.77942],[96.20095,19.77978],[96.20147,19.77978],[96.20166,19.78082],[96.202,19.78042],[96.20252,19.78069],[96.20177,19.77834],[96.2022,19.77793],[96.20401,19.77803],[96.20358,19.77776],[96.20353,19.77776]]],[[[96.21727,19.78146],[96.21717,19.782],[96.21765,19.78178],[96.21736,19.78142],[96.21822,19.78124],[96.22153,19.77813],[96.22244,19.77624],[96.22225,19.77709],[96.22531,19.77403],[96.22355,19.77416],[96.2233,19.77507],[96.22321,19.77448],[96.22268,19.77452],[96.2222,19.77578],[96.22115,19.77601],[96.21986,19.77767],[96.21762,19.77731],[96.21761,19.77947],[96.21727,19.78015],[96.2166,19.77992],[96.21741,19.7806],[96.21722,19.78146],[96.21727,19.78146]]],[[[96.23144,19.78209],[96.23799,19.77967],[96.23656,19.77963],[96.23617,19.78017],[96.23297,19.78106],[96.2312,19.78209],[96.23144,19.78209]]],[[[96.11474,19.78142],[96.11503,19.78155],[96.11407,19.78182],[96.11388,19.78277],[96.118,19.77903],[96.1168,19.77912],[96.11694,19.77957],[96.11604,19.7798],[96.11474,19.78128],[96.11474,19.78142]]],[[[96.23578,19.78188],[96.23526,19.78193],[96.23545,19.78138],[96.23507,19.78129],[96.23493,19.78183],[96.23435,19.78161],[96.23368,19.78201],[96.23435,19.78269],[96.23483,19.78215],[96.23573,19.78242],[96.23593,19.78206],[96.2364,19.78356],[96.23841,19.7832],[96.23836,19.78261],[96.23893,19.78221],[96.23851,19.78139],[96.23664,19.78184],[96.23631,19.78125],[96.23641,19.78166],[96.23593,19.78143],[96.23574,19.78188],[96.23578,19.78188]]],[[[96.26532,19.78459],[96.26451,19.78355],[96.26499,19.78369],[96.26528,19.78292],[96.26447,19.78102],[96.26414,19.78134],[96.2639,19.7807],[96.26352,19.78206],[96.26399,19.78224],[96.26356,19.78314],[96.26423,19.78287],[96.26427,19.78378],[96.2647,19.78387],[96.26441,19.78454],[96.26527,19.78459],[96.26532,19.78459]]],[[[96.20251,19.78462],[96.20194,19.78322],[96.20242,19.78168],[96.20166,19.78132],[96.20166,19.78204],[96.20218,19.78236],[96.20156,19.78236],[96.20151,19.7834],[96.20103,19.78421],[96.20074,19.78403],[96.20131,19.78489],[96.2006,19.78475],[96.20088,19.78543],[96.2004,19.78615],[96.20092,19.78633],[96.20145,19.78521],[96.20308,19.78544],[96.20322,19.78435],[96.20255,19.78462],[96.20251,19.78462]]],[[[96.21073,19.78171],[96.21159,19.78158],[96.21168,19.78104],[96.20901,19.78107],[96.20867,19.78148],[96.20834,19.78112],[96.20847,19.78563],[96.20794,19.78527],[96.208,19.78405],[96.20575,19.784],[96.2036,19.78426],[96.20346,19.78517],[96.20417,19.78526],[96.20379,19.78589],[96.20451,19.78603],[96.2046,19.78648],[96.20484,19.78585],[96.20589,19.7859],[96.20651,19.78527],[96.20818,19.78586],[96.21114,19.78542],[96.21158,19.78199],[96.21073,19.78176],[96.21073,19.78171]]],[[[96.2077,19.78631],[96.20541,19.78653],[96.2056,19.78725],[96.20507,19.78752],[96.20388,19.78738],[96.20255,19.78625],[96.2013,19.78683],[96.20135,19.78801],[96.20183,19.78774],[96.20321,19.78828],[96.20793,19.78852],[96.20856,19.78726],[96.20894,19.78731],[96.20856,19.78762],[96.2087,19.78862],[96.21251,19.78868],[96.21266,19.78899],[96.21462,19.78864],[96.21444,19.78511],[96.21372,19.78579],[96.21176,19.78587],[96.21148,19.78551],[96.21038,19.78627],[96.2077,19.78622],[96.2077,19.78631]]],[[[96.21658,19.78783],[96.21648,19.7872],[96.21744,19.78734],[96.21648,19.78742],[96.21681,19.78761],[96.21634,19.78819],[96.21648,19.78905],[96.21929,19.78883],[96.21939,19.78933],[96.21996,19.78879],[96.21996,19.78793],[96.2181,19.78756],[96.22016,19.7878],[96.22049,19.78721],[96.21987,19.78703],[96.22059,19.78717],[96.22083,19.78676],[96.2205,19.7859],[96.22126,19.78509],[96.22036,19.78396],[96.22065,19.7836],[96.22055,19.78414],[96.22117,19.78391],[96.22131,19.78432],[96.22155,19.78392],[96.22112,19.78364],[96.22189,19.78337],[96.22046,19.78296],[96.22051,19.78247],[96.22141,19.78274],[96.22161,19.78233],[96.22099,19.78242],[96.22099,19.78156],[96.22242,19.78094],[96.22199,19.78057],[96.22257,19.78067],[96.22252,19.78012],[96.22314,19.78008],[96.22305,19.77927],[96.22481,19.77968],[96.22467,19.77914],[96.22544,19.77936],[96.22577,19.7786],[96.2262,19.77896],[96.22644,19.77846],[96.22611,19.77715],[96.22415,19.77769],[96.2241,19.77855],[96.22382,19.77773],[96.22243,19.778],[96.22334,19.77714],[96.22411,19.77755],[96.22554,19.77702],[96.22502,19.77611],[96.22487,19.77647],[96.22473,19.77602],[96.22335,19.77629],[96.22224,19.77804],[96.21836,19.78133],[96.2185,19.78223],[96.21783,19.78354],[96.21721,19.78331],[96.21769,19.78323],[96.21798,19.78174],[96.21702,19.78268],[96.21626,19.78245],[96.21631,19.78286],[96.21688,19.78286],[96.21683,19.78336],[96.21559,19.7839],[96.21583,19.78168],[96.21531,19.78159],[96.21526,19.781],[96.21488,19.78127],[96.21491,19.78529],[96.21539,19.78584],[96.21509,19.78905],[96.21576,19.78905],[96.21634,19.78783],[96.21658,19.78783]]],[[[96.22334,19.79016],[96.22392,19.78998],[96.21595,19.78959],[96.2233,19.79016],[96.22334,19.79016]]],[[[96.23178,19.79402],[96.23235,19.79484],[96.23217,19.79271],[96.23016,19.79189],[96.23088,19.79248],[96.2304,19.79275],[96.23116,19.7942],[96.23092,19.79452],[96.23149,19.79484],[96.23178,19.79407],[96.23178,19.79402]]],[[[96.15842,19.79301],[96.15789,19.79278],[96.15808,19.7931],[96.15755,19.79346],[96.15789,19.79301],[96.15746,19.79283],[96.15588,19.79508],[96.15697,19.79544],[96.15851,19.79355],[96.15846,19.79301],[96.15842,19.79301]]],[[[96.20027,19.79636],[96.20003,19.79672],[96.20046,19.79686],[96.20055,19.79763],[96.20103,19.79767],[96.2006,19.79645],[96.20136,19.79637],[96.20141,19.79569],[96.20194,19.79569],[96.20218,19.79628],[96.20203,19.79596],[96.20261,19.79574],[96.20146,19.7956],[96.20151,19.79519],[96.20084,19.79541],[96.20132,19.79496],[96.20065,19.79465],[96.20037,19.79528],[96.20084,19.79596],[96.20051,19.79596],[96.20074,19.79632],[96.20027,19.79618],[96.20027,19.79636]]],[[[96.19893,19.79726],[96.19964,19.79803],[96.19916,19.79771],[96.19863,19.7988],[96.19935,19.79898],[96.20007,19.7974],[96.19945,19.79717],[96.1996,19.796],[96.19865,19.79532],[96.19908,19.79572],[96.19807,19.79626],[96.19869,19.79726],[96.19893,19.79726]]],[[[96.25329,19.79992],[96.2541,19.79915],[96.25478,19.79694],[96.25445,19.79649],[96.25321,19.7963],[96.25172,19.79716],[96.25215,19.79752],[96.25101,19.79761],[96.25162,19.79842],[96.25158,19.7977],[96.25282,19.79793],[96.25282,19.79829],[96.25191,19.79833],[96.25215,19.79901],[96.25262,19.79888],[96.25248,19.79933],[96.25353,19.79942],[96.25305,19.79992],[96.25329,19.79992]]],[[[96.27491,19.8012],[96.27572,19.80062],[96.27573,19.79971],[96.2763,19.79908],[96.27339,19.79795],[96.27287,19.79821],[96.27315,19.79785],[96.27206,19.79753],[96.27186,19.79817],[96.2722,19.79821],[96.27157,19.79907],[96.27386,19.80007],[96.27415,19.7998],[96.27415,19.80016],[96.27506,19.80039],[96.27486,19.8012],[96.27491,19.8012]]],[[[96.26612,19.80158],[96.26617,19.801],[96.26727,19.80123],[96.26727,19.80059],[96.26842,19.80037],[96.26804,19.80005],[96.2688,19.79974],[96.26833,19.79987],[96.26699,19.79892],[96.26656,19.79928],[96.26637,19.79887],[96.26598,19.80158],[96.26612,19.80158]]],[[[96.1981,19.80241],[96.19786,19.80191],[96.19881,19.80173],[96.19934,19.80219],[96.19948,19.80133],[96.19915,19.80119],[96.19963,19.80088],[96.20034,19.80111],[96.20025,19.80156],[96.20149,19.80165],[96.20111,19.79998],[96.19982,19.80038],[96.19972,19.80083],[96.19958,19.80038],[96.19906,19.80097],[96.19834,19.80078],[96.19858,19.80105],[96.19757,19.80186],[96.19805,19.80241],[96.1981,19.80241]]],[[[96.294,19.8018],[96.29472,19.80008],[96.28991,19.79872],[96.28986,19.79917],[96.29086,19.79931],[96.28999,19.8012],[96.29104,19.80125],[96.29376,19.80252],[96.294,19.80184],[96.294,19.8018]]],[[[96.27061,19.80309],[96.27023,19.80092],[96.27071,19.80137],[96.2709,19.80097],[96.26999,19.80078],[96.27,19.80038],[96.26918,19.80046],[96.26927,19.80204],[96.27013,19.80245],[96.26989,19.803],[96.27056,19.80309],[96.27061,19.80309]]],[[[96.26164,19.80184],[96.26064,19.80107],[96.26212,19.80089],[96.26231,19.79936],[96.26189,19.79791],[96.25521,19.79699],[96.25573,19.79753],[96.25511,19.79744],[96.25477,19.7987],[96.25535,19.79861],[96.25458,19.79888],[96.25448,19.80046],[96.25529,19.79988],[96.2552,19.80083],[96.25572,19.80069],[96.25558,19.8002],[96.25615,19.80024],[96.25596,19.80065],[96.25687,19.80061],[96.25639,19.8007],[96.25643,19.80165],[96.2562,19.8007],[96.25481,19.80114],[96.25409,19.80304],[96.25543,19.80241],[96.25495,19.80187],[96.25576,19.80232],[96.2561,19.80201],[96.25634,19.80259],[96.25595,19.80255],[96.25629,19.80286],[96.2559,19.80313],[96.25676,19.80305],[96.25691,19.80205],[96.25743,19.80237],[96.25786,19.80192],[96.25868,19.80224],[96.25896,19.80192],[96.25982,19.80283],[96.26087,19.80197],[96.26068,19.80143],[96.26106,19.80225],[96.26164,19.80211],[96.26164,19.80184]]],[[[96.21767,19.80311],[96.21848,19.80329],[96.21881,19.80239],[96.21843,19.8018],[96.21858,19.80243],[96.21795,19.80234],[96.21715,19.79999],[96.21763,19.80017],[96.21802,19.79863],[96.21864,19.79818],[96.22055,19.79796],[96.2206,19.79629],[96.22108,19.79625],[96.22147,19.79512],[96.2207,19.79449],[96.22118,19.79431],[96.2209,19.79354],[96.22147,19.79408],[96.22128,19.7934],[96.22162,19.79327],[96.22123,19.79291],[96.22185,19.79331],[96.22276,19.79268],[96.22147,19.79254],[96.22248,19.79237],[96.22215,19.79119],[96.22267,19.79074],[96.22058,19.79037],[96.22033,19.79137],[96.22153,19.79178],[96.22171,19.79227],[96.22038,19.79272],[96.22023,19.79426],[96.22009,19.79372],[96.21956,19.79367],[96.21975,19.79412],[96.21937,19.79426],[96.21984,19.79453],[96.21918,19.79466],[96.21885,19.79353],[96.21956,19.79362],[96.21904,19.79231],[96.21933,19.79141],[96.21805,19.79014],[96.21709,19.79045],[96.21757,19.791],[96.21694,19.79181],[96.21556,19.7918],[96.21527,19.7923],[96.21537,19.79022],[96.21461,19.78995],[96.20588,19.78947],[96.20459,19.78996],[96.20435,19.78942],[96.20101,19.78927],[96.20172,19.78981],[96.20058,19.79035],[96.20152,19.79234],[96.20128,19.79311],[96.20181,19.7928],[96.20157,19.79311],[96.20233,19.7933],[96.2021,19.7923],[96.20305,19.79172],[96.2029,19.79425],[96.20457,19.79443],[96.205,19.79493],[96.20414,19.79515],[96.20447,19.79547],[96.20394,19.7961],[96.20471,19.79565],[96.2049,19.7962],[96.20447,19.79665],[96.2048,19.79692],[96.20389,19.79719],[96.20437,19.79701],[96.20441,19.7976],[96.2048,19.79733],[96.20432,19.79827],[96.20355,19.79827],[96.20403,19.79841],[96.20412,19.79913],[96.2035,19.79859],[96.20345,19.79985],[96.20388,19.79985],[96.20379,19.79936],[96.20465,19.79936],[96.20417,19.79931],[96.20417,19.79877],[96.20493,19.79945],[96.20589,19.79914],[96.20536,19.79963],[96.20579,19.79959],[96.20574,19.80036],[96.20722,19.80045],[96.20741,19.8009],[96.20689,19.80068],[96.20741,19.80095],[96.20722,19.80163],[96.20788,19.80163],[96.2076,19.80117],[96.20932,19.80141],[96.20956,19.80055],[96.20879,19.80109],[96.2077,19.80041],[96.20889,19.80046],[96.20932,19.79946],[96.21061,19.79924],[96.21052,19.79974],[96.21104,19.79951],[96.2108,19.79983],[96.21004,19.7996],[96.20989,19.80019],[96.20937,19.80028],[96.21008,19.80087],[96.21085,19.80078],[96.21099,19.80042],[96.21052,19.80028],[96.21104,19.80015],[96.211,19.79929],[96.21219,19.79943],[96.21234,19.79862],[96.21286,19.79916],[96.21205,19.79952],[96.21257,19.79984],[96.21176,19.80024],[96.21242,19.80033],[96.21223,19.80133],[96.21175,19.80123],[96.2106,19.80245],[96.21103,19.80259],[96.21041,19.80299],[96.21093,19.80399],[96.20964,19.8043],[96.21103,19.80444],[96.21146,19.80345],[96.2126,19.80377],[96.21323,19.80259],[96.21504,19.80296],[96.21509,19.80341],[96.21552,19.80287],[96.2159,19.80328],[96.21676,19.80274],[96.2169,19.80315],[96.21628,19.80351],[96.21652,19.80387],[96.21738,19.80315],[96.21733,19.8041],[96.21661,19.80419],[96.21685,19.80455],[96.21938,19.80433],[96.219,19.80388],[96.21943,19.80338],[96.21915,19.80252],[96.2191,19.80347],[96.21804,19.80446],[96.21767,19.80324],[96.21767,19.80311]]],[[[96.18782,19.80472],[96.18955,19.80378],[96.18936,19.80238],[96.18984,19.80197],[96.18912,19.80175],[96.1896,19.80175],[96.18956,19.80075],[96.18922,19.80075],[96.18956,19.80012],[96.18899,19.80021],[96.18956,19.7998],[96.18937,19.79944],[96.18937,19.79976],[96.18794,19.79953],[96.18779,19.80016],[96.18746,19.79948],[96.1866,19.7997],[96.18741,19.8002],[96.18679,19.80038],[96.18683,19.8012],[96.18726,19.80129],[96.18654,19.80223],[96.18702,19.80255],[96.18673,19.80296],[96.18759,19.80282],[96.18668,19.80332],[96.18749,19.80346],[96.18692,19.80373],[96.1873,19.80418],[96.18654,19.80445],[96.18768,19.80472],[96.18782,19.80472]]],[[[96.26759,19.80669],[96.26783,19.80611],[96.2674,19.80574],[96.26926,19.80539],[96.26822,19.80308],[96.26845,19.80426],[96.26726,19.80443],[96.26755,19.80507],[96.26707,19.80579],[96.26749,19.80669],[96.26759,19.80669]]],[[[96.23829,19.80209],[96.23845,19.79888],[96.23759,19.79874],[96.23768,19.79937],[96.23825,19.79929],[96.23792,19.79969],[96.2382,19.80204],[96.23647,19.80344],[96.23681,19.80371],[96.23513,19.80416],[96.23422,19.80524],[96.23303,19.8055],[96.23322,19.80578],[96.23221,19.80677],[96.23059,19.80753],[96.22977,19.80929],[96.2279,19.81077],[96.228,19.81136],[96.22871,19.81114],[96.2302,19.80906],[96.2314,19.80821],[96.23116,19.80794],[96.23226,19.80744],[96.23231,19.80677],[96.23283,19.80704],[96.23475,19.80528],[96.23551,19.80515],[96.23829,19.80213],[96.23829,19.80209]]],[[[96.40103,19.80125],[96.40094,19.80089],[96.40165,19.8008],[96.40065,19.80021],[96.40061,19.7994],[96.40027,19.79976],[96.40066,19.79908],[96.39994,19.79899],[96.40032,19.79868],[96.40009,19.7975],[96.39956,19.79723],[96.39956,19.79809],[96.3988,19.79809],[96.39761,19.79619],[96.3968,19.79623],[96.39737,19.79691],[96.39722,19.7975],[96.39551,19.79681],[96.3958,19.79582],[96.39494,19.79537],[96.39546,19.79514],[96.39542,19.79451],[96.3947,19.79464],[96.39442,19.79356],[96.39351,19.79342],[96.39241,19.79233],[96.39275,19.79152],[96.3918,19.79111],[96.39146,19.79138],[96.39075,19.7907],[96.39118,19.78967],[96.3929,19.78967],[96.39304,19.78904],[96.39371,19.78899],[96.39367,19.78682],[96.39477,19.78705],[96.39496,19.78823],[96.39581,19.78818],[96.39582,19.78755],[96.39668,19.78683],[96.39834,19.78824],[96.39668,19.78638],[96.39692,19.78498],[96.3962,19.78507],[96.39553,19.78583],[96.39463,19.78534],[96.39468,19.78412],[96.39401,19.78479],[96.39358,19.78461],[96.39373,19.78091],[96.39421,19.77991],[96.39536,19.7796],[96.3956,19.78028],[96.39626,19.78037],[96.39602,19.78087],[96.39698,19.78109],[96.39712,19.78168],[96.39807,19.7815],[96.39941,19.78209],[96.40218,19.78101],[96.40261,19.77966],[96.40343,19.77948],[96.40262,19.77862],[96.40295,19.77754],[96.40267,19.77618],[96.40305,19.77582],[96.40244,19.77406],[96.40277,19.77352],[96.40191,19.77315],[96.40215,19.77234],[96.40144,19.77243],[96.40115,19.77202],[96.40154,19.76967],[96.40235,19.76891],[96.4035,19.76877],[96.40402,19.77085],[96.40588,19.77194],[96.40679,19.77163],[96.40717,19.77208],[96.40822,19.77158],[96.40831,19.77226],[96.40879,19.77168],[96.40941,19.77168],[96.40931,19.77199],[96.41037,19.77154],[96.41151,19.77254],[96.41308,19.773],[96.41094,19.77123],[96.41099,19.77069],[96.4162,19.76541],[96.41563,19.76505],[96.41525,19.7636],[96.41607,19.76153],[96.41603,19.75931],[96.41737,19.75832],[96.42023,19.75787],[96.41942,19.75747],[96.41975,19.75715],[96.4188,19.75706],[96.41913,19.7576],[96.41856,19.75715],[96.41713,19.75733],[96.41699,19.75629],[96.41684,19.75687],[96.41641,19.75669],[96.4166,19.75773],[96.41589,19.75854],[96.4156,19.75759],[96.41402,19.75822],[96.41426,19.75872],[96.4135,19.75931],[96.4146,19.75904],[96.41484,19.75813],[96.4155,19.75814],[96.41536,19.75863],[96.41493,19.75845],[96.41536,19.75913],[96.41483,19.75985],[96.41416,19.75949],[96.4144,19.7598],[96.41383,19.76003],[96.41435,19.76008],[96.4143,19.76102],[96.41459,19.76062],[96.41497,19.76094],[96.41449,19.76125],[96.41507,19.76161],[96.41449,19.76175],[96.41483,19.76206],[96.41402,19.76188],[96.41411,19.76233],[96.41478,19.76238],[96.4143,19.7631],[96.41482,19.76527],[96.41181,19.76834],[96.41104,19.7682],[96.41152,19.76874],[96.41085,19.76897],[96.4107,19.7696],[96.41052,19.76874],[96.41037,19.76919],[96.41004,19.76897],[96.41047,19.76983],[96.40984,19.76974],[96.40999,19.7705],[96.40956,19.77068],[96.40832,19.77041],[96.40784,19.76982],[96.40746,19.77059],[96.40569,19.77018],[96.40536,19.76819],[96.40226,19.76737],[96.40174,19.76759],[96.40117,19.76669],[96.40088,19.76809],[96.4003,19.76809],[96.39978,19.76745],[96.40036,19.76619],[96.39897,19.76727],[96.39754,19.76591],[96.39635,19.76546],[96.39626,19.76442],[96.39535,19.76383],[96.39516,19.76315],[96.39368,19.76333],[96.39568,19.76582],[96.3953,19.7665],[96.39692,19.76677],[96.39687,19.76776],[96.39792,19.76781],[96.39782,19.76858],[96.3993,19.76926],[96.39872,19.76967],[96.39944,19.77021],[96.39939,19.77084],[96.39781,19.77183],[96.39829,19.7722],[96.39834,19.77156],[96.39905,19.77215],[96.39805,19.77296],[96.399,19.77256],[96.39857,19.7731],[96.39948,19.77319],[96.40086,19.77432],[96.40067,19.77509],[96.40019,19.77514],[96.40028,19.77572],[96.40105,19.77568],[96.401,19.7764],[96.39995,19.77681],[96.40057,19.77731],[96.40009,19.77803],[96.40071,19.77821],[96.4008,19.77929],[96.39894,19.77961],[96.39875,19.77897],[96.39808,19.77875],[96.3978,19.77784],[96.39842,19.77685],[96.39713,19.77639],[96.39652,19.77422],[96.39613,19.7749],[96.39661,19.77526],[96.39575,19.77599],[96.39599,19.77689],[96.3956,19.77707],[96.39442,19.77494],[96.39208,19.77367],[96.39231,19.77539],[96.39313,19.77521],[96.39379,19.77562],[96.39384,19.77697],[96.3935,19.77666],[96.39365,19.77716],[96.39326,19.77729],[96.39398,19.77788],[96.39149,19.77968],[96.39178,19.78049],[96.3912,19.78076],[96.39139,19.78248],[96.39038,19.7837],[96.39081,19.78397],[96.39043,19.7842],[96.391,19.78429],[96.391,19.78528],[96.39019,19.78533],[96.38995,19.78587],[96.39085,19.78632],[96.39104,19.78718],[96.39052,19.78763],[96.38923,19.78722],[96.38918,19.78826],[96.38842,19.78799],[96.38851,19.7869],[96.38804,19.78622],[96.38885,19.78464],[96.388,19.78419],[96.38747,19.78423],[96.38804,19.78464],[96.38766,19.78555],[96.3869,19.78527],[96.38737,19.78708],[96.38684,19.78726],[96.38661,19.78681],[96.38569,19.78821],[96.38517,19.78753],[96.38603,19.78645],[96.38541,19.78599],[96.38451,19.78585],[96.38484,19.78658],[96.3836,19.78752],[96.38303,19.78676],[96.3825,19.78752],[96.38178,19.78757],[96.38097,19.78693],[96.38117,19.78616],[96.38055,19.78526],[96.38026,19.78594],[96.3795,19.78571],[96.37926,19.78625],[96.37997,19.78711],[96.37916,19.78779],[96.37925,19.78869],[96.3772,19.78887],[96.37629,19.78945],[96.37667,19.78999],[96.37767,19.78963],[96.37901,19.79022],[96.38011,19.78991],[96.37829,19.79185],[96.37828,19.79266],[96.37742,19.79338],[96.37642,19.79347],[96.37666,19.79438],[96.37618,19.79456],[96.37594,19.79568],[96.37631,19.79767],[96.37536,19.79681],[96.37513,19.7955],[96.37446,19.79518],[96.37461,19.79311],[96.37365,19.79432],[96.37326,19.79613],[96.37179,19.79473],[96.37165,19.79351],[96.37365,19.79243],[96.37294,19.79125],[96.37366,19.79103],[96.37428,19.79216],[96.37557,19.78958],[96.37362,19.78908],[96.37458,19.78597],[96.37358,19.78637],[96.37296,19.78601],[96.37411,19.78398],[96.37325,19.78366],[96.37383,19.78136],[96.37316,19.78122],[96.37282,19.78235],[96.37225,19.7823],[96.37167,19.78316],[96.37001,19.78243],[96.37081,19.78356],[96.37014,19.78519],[96.36828,19.78582],[96.36704,19.78482],[96.36665,19.78599],[96.36708,19.78676],[96.36565,19.78699],[96.3646,19.78644],[96.36402,19.7877],[96.36259,19.78757],[96.36207,19.78657],[96.36312,19.78522],[96.36284,19.78422],[96.36395,19.78183],[96.36284,19.78291],[96.36084,19.78273],[96.36031,19.78358],[96.35879,19.781],[96.3587,19.77983],[96.36028,19.77893],[96.35932,19.77875],[96.35856,19.77915],[96.35785,19.77825],[96.35828,19.77757],[96.35766,19.77703],[96.35737,19.7777],[96.3567,19.77757],[96.35703,19.77806],[96.35555,19.77829],[96.35641,19.77906],[96.3565,19.7801],[96.35717,19.78037],[96.35698,19.78109],[96.35793,19.78267],[96.35759,19.78331],[96.35893,19.78358],[96.35869,19.7848],[96.35734,19.78683],[96.35624,19.78769],[96.35581,19.78755],[96.35702,19.78448],[96.35683,19.78367],[96.35602,19.78344],[96.35655,19.78222],[96.35616,19.78181],[96.35344,19.78379],[96.35234,19.78384],[96.3522,19.7846],[96.35148,19.78496],[96.351,19.78442],[96.3511,19.78334],[96.35043,19.78315],[96.34977,19.78211],[96.34968,19.7808],[96.3481,19.78143],[96.34662,19.78116],[96.34614,19.78156],[96.34671,19.78192],[96.34695,19.78292],[96.34647,19.78387],[96.34437,19.78431],[96.34379,19.7854],[96.34246,19.78453],[96.3415,19.78449],[96.34117,19.7839],[96.33667,19.78877],[96.33648,19.78967],[96.33562,19.78917],[96.33547,19.79048],[96.33647,19.79197],[96.33647,19.7927],[96.33594,19.7931],[96.33623,19.79378],[96.3346,19.795],[96.3345,19.79585],[96.33369,19.79644],[96.33497,19.79735],[96.33392,19.79911],[96.33483,19.79961],[96.33449,19.80015],[96.33501,19.80105],[96.33463,19.80141],[96.33558,19.80173],[96.33453,19.8025],[96.33491,19.80336],[96.33587,19.80232],[96.33649,19.80309],[96.33644,19.80228],[96.33716,19.80201],[96.33754,19.80119],[96.33897,19.80093],[96.33945,19.80133],[96.33993,19.80034],[96.34098,19.80016],[96.34098,19.80084],[96.34184,19.80111],[96.34394,19.79949],[96.34442,19.79977],[96.34442,19.80108],[96.34336,19.80184],[96.34413,19.80207],[96.34393,19.80257],[96.34489,19.80194],[96.34566,19.8004],[96.34637,19.80054],[96.3468,19.80149],[96.34748,19.79977],[96.34848,19.80018],[96.34809,19.8014],[96.3489,19.80131],[96.34962,19.79919],[96.35106,19.79933],[96.35115,19.79865],[96.35168,19.79852],[96.35302,19.79879],[96.35287,19.79965],[96.35339,19.80056],[96.35387,19.80001],[96.35468,19.80038],[96.35487,19.8025],[96.35444,19.80327],[96.35386,19.80322],[96.35429,19.80359],[96.35372,19.80426],[96.35606,19.80314],[96.35711,19.80328],[96.35716,19.80197],[96.35845,19.80125],[96.35816,19.80219],[96.3585,19.80206],[96.35873,19.80346],[96.35992,19.80432],[96.36011,19.80554],[96.35987,19.80595],[96.35896,19.80572],[96.35815,19.80472],[96.35734,19.80549],[96.35729,19.80698],[96.358,19.80798],[96.35767,19.80626],[96.35815,19.80576],[96.35896,19.80581],[96.35992,19.80676],[96.36111,19.80568],[96.36159,19.80604],[96.36245,19.80577],[96.36288,19.80623],[96.36254,19.80546],[96.36298,19.80523],[96.36298,19.80437],[96.36541,19.80393],[96.36384,19.80248],[96.36523,19.80131],[96.36451,19.80076],[96.36418,19.79941],[96.36504,19.79977],[96.36619,19.79941],[96.36619,19.79846],[96.36677,19.79788],[96.36734,19.79792],[96.36767,19.79914],[96.36891,19.79806],[96.36968,19.79897],[96.36967,19.79969],[96.37039,19.79888],[96.37135,19.79884],[96.37173,19.79997],[96.37325,19.80074],[96.37291,19.80187],[96.37497,19.80187],[96.37396,19.80359],[96.37501,19.80354],[96.3752,19.80409],[96.3741,19.80503],[96.37477,19.80553],[96.37457,19.80639],[96.37548,19.80621],[96.37629,19.80685],[96.37653,19.80761],[96.3761,19.80784],[96.37662,19.80929],[96.37763,19.80748],[96.37744,19.80595],[96.37792,19.80572],[96.37806,19.80427],[96.37778,19.80369],[96.3784,19.80278],[96.38012,19.80265],[96.38064,19.80347],[96.38103,19.80266],[96.38246,19.80288],[96.38213,19.8018],[96.38289,19.80176],[96.38285,19.80108],[96.38151,19.80062],[96.38108,19.79999],[96.38142,19.79909],[96.38233,19.79891],[96.38266,19.79769],[96.38185,19.79751],[96.38138,19.79624],[96.38114,19.79741],[96.38052,19.79705],[96.38014,19.79538],[96.38067,19.79398],[96.38301,19.792],[96.38588,19.79151],[96.38678,19.79219],[96.38764,19.79174],[96.38793,19.79246],[96.38874,19.79242],[96.38907,19.793],[96.38988,19.79314],[96.39007,19.79377],[96.39084,19.79391],[96.39069,19.79491],[96.38878,19.79571],[96.39188,19.79586],[96.39255,19.7964],[96.39221,19.79785],[96.3914,19.79807],[96.39149,19.79875],[96.39101,19.79852],[96.39078,19.79902],[96.39192,19.79965],[96.39182,19.80024],[96.39258,19.80101],[96.39234,19.80133],[96.39297,19.80097],[96.3924,19.79907],[96.39374,19.79785],[96.39412,19.79907],[96.3935,19.79943],[96.39545,19.79962],[96.39521,19.80052],[96.39631,19.8003],[96.39693,19.80084],[96.39855,19.80089],[96.3986,19.80143],[96.39783,19.80174],[96.39821,19.80233],[96.39692,19.80233],[96.39745,19.80369],[96.39573,19.80481],[96.39768,19.80468],[96.39811,19.80577],[96.39739,19.80635],[96.39863,19.80649],[96.39873,19.80776],[96.40006,19.8083],[96.40063,19.80939],[96.40168,19.80934],[96.40163,19.81002],[96.40249,19.80993],[96.40297,19.81147],[96.40397,19.81102],[96.40454,19.81134],[96.4044,19.8117],[96.40554,19.8117],[96.40549,19.81238],[96.40654,19.81247],[96.40602,19.81324],[96.40707,19.81351],[96.40678,19.81292],[96.4074,19.81279],[96.40635,19.8122],[96.40669,19.81198],[96.40597,19.81152],[96.40612,19.81098],[96.40559,19.81098],[96.40483,19.80985],[96.40411,19.81012],[96.40388,19.80976],[96.40435,19.80958],[96.40373,19.80975],[96.40397,19.80921],[96.40283,19.80858],[96.4035,19.80768],[96.40345,19.80691],[96.40278,19.8079],[96.40221,19.80776],[96.40264,19.80614],[96.40126,19.80505],[96.40074,19.80537],[96.40098,19.80297],[96.40155,19.80261],[96.40079,19.8027],[96.40151,19.80189],[96.40103,19.80144],[96.40103,19.80125]],[[96.35968,19.7867],[96.35959,19.7858],[96.35878,19.7857],[96.35902,19.7848],[96.36088,19.78548],[96.36064,19.78634],[96.35973,19.7867],[96.35968,19.7867]]],[[[96.22545,19.81438],[96.2256,19.81402],[96.22617,19.8142],[96.22819,19.8115],[96.22757,19.81136],[96.22694,19.81235],[96.22575,19.8128],[96.22627,19.81384],[96.22555,19.81384],[96.2256,19.81307],[96.22512,19.81325],[96.22531,19.81366],[96.22464,19.81429],[96.22531,19.81438],[96.22545,19.81438]]],[[[96.2748,19.82004],[96.27528,19.81946],[96.27338,19.8171],[96.27314,19.81787],[96.27471,19.82004],[96.2748,19.82004]]],[[[96.21999,19.81956],[96.21971,19.81929],[96.21927,19.82019],[96.21966,19.82042],[96.22009,19.81992],[96.2199,19.82024],[96.22075,19.82114],[96.22142,19.82096],[96.22185,19.82178],[96.22223,19.82178],[96.22195,19.82115],[96.22319,19.82061],[96.22219,19.82011],[96.22252,19.81993],[96.22224,19.81952],[96.22224,19.81993],[96.22114,19.81992],[96.22099,19.82092],[96.21999,19.81965],[96.21999,19.81956]]],[[[96.10386,19.82574],[96.10391,19.82538],[96.10453,19.8257],[96.10429,19.82489],[96.10501,19.82462],[96.10424,19.82444],[96.10425,19.82385],[96.10339,19.82321],[96.10258,19.82325],[96.10277,19.82262],[96.10339,19.82249],[96.10368,19.82308],[96.10454,19.82331],[96.10455,19.82105],[96.10387,19.82172],[96.10254,19.82149],[96.10211,19.82208],[96.10192,19.82167],[96.10067,19.82239],[96.10086,19.8232],[96.10139,19.82307],[96.10148,19.82366],[96.10371,19.82574],[96.10386,19.82574]]],[[[96.11251,19.82207],[96.11218,19.82139],[96.113,19.82117],[96.11252,19.82117],[96.11257,19.81923],[96.11391,19.81977],[96.11443,19.82118],[96.11476,19.82109],[96.11458,19.81887],[96.11348,19.81955],[96.11329,19.81878],[96.11372,19.81837],[96.11272,19.81846],[96.11234,19.81801],[96.11363,19.81733],[96.11297,19.81683],[96.11306,19.8162],[96.11392,19.81652],[96.11431,19.81598],[96.11383,19.81503],[96.11326,19.81516],[96.11326,19.81417],[96.11465,19.81395],[96.11465,19.81485],[96.11508,19.81431],[96.11451,19.81336],[96.11298,19.81358],[96.11265,19.81308],[96.11294,19.81209],[96.11447,19.81128],[96.11266,19.81146],[96.11233,19.80983],[96.11305,19.80956],[96.11429,19.80984],[96.11424,19.81015],[96.11448,19.80979],[96.11319,19.8092],[96.11348,19.8087],[96.11419,19.80871],[96.11434,19.80816],[96.1132,19.80744],[96.11306,19.80554],[96.11225,19.80553],[96.11263,19.80513],[96.11306,19.8054],[96.11268,19.80472],[96.11311,19.80509],[96.11345,19.80459],[96.11392,19.80486],[96.11397,19.80572],[96.11516,19.80532],[96.11506,19.80649],[96.1144,19.80649],[96.1143,19.80703],[96.11477,19.80731],[96.11429,19.80771],[96.11482,19.80812],[96.11525,19.80744],[96.11616,19.80758],[96.11549,19.80677],[96.11645,19.806],[96.11578,19.80541],[96.11622,19.80379],[96.11522,19.80401],[96.11498,19.80302],[96.11618,19.80252],[96.11542,19.80166],[96.11552,19.80094],[96.11437,19.80035],[96.11528,19.80003],[96.11614,19.80049],[96.11614,19.7999],[96.1149,19.79922],[96.11591,19.79913],[96.11534,19.79845],[96.11591,19.79769],[96.11291,19.79664],[96.11243,19.79709],[96.11257,19.79677],[96.11157,19.79645],[96.11048,19.79654],[96.11052,19.79717],[96.10971,19.79735],[96.10904,19.79676],[96.10953,19.79518],[96.10896,19.79477],[96.10819,19.79508],[96.10767,19.79467],[96.1059,19.79476],[96.10518,19.7953],[96.10356,19.79538],[96.10341,19.79583],[96.10093,19.79605],[96.10112,19.79709],[96.10045,19.79704],[96.09959,19.79785],[96.10068,19.79776],[96.10034,19.79916],[96.10044,19.79962],[96.10073,19.79926],[96.10101,19.79962],[96.09953,19.79975],[96.09867,19.79929],[96.099,19.80002],[96.09996,19.79979],[96.10024,19.80029],[96.09948,19.80115],[96.10014,19.80133],[96.09995,19.80205],[96.09933,19.80183],[96.09971,19.80223],[96.09952,19.80309],[96.09823,19.80331],[96.09775,19.8029],[96.09732,19.8034],[96.09794,19.8039],[96.09784,19.80458],[96.09875,19.80368],[96.09985,19.80404],[96.1008,19.80522],[96.10074,19.80653],[96.09969,19.80648],[96.0996,19.80562],[96.09912,19.80557],[96.09864,19.80652],[96.09773,19.80665],[96.09811,19.80706],[96.09768,19.80765],[96.09787,19.80824],[96.09667,19.80873],[96.09587,19.80741],[96.09639,19.80841],[96.09524,19.8094],[96.09615,19.80882],[96.09672,19.80941],[96.0981,19.80932],[96.097,19.80995],[96.09672,19.80968],[96.09538,19.81107],[96.09628,19.81094],[96.09652,19.81148],[96.09719,19.81158],[96.09699,19.81203],[96.09918,19.81362],[96.09856,19.81393],[96.09771,19.81325],[96.09722,19.81433],[96.09637,19.81401],[96.09641,19.81546],[96.09574,19.81568],[96.09645,19.81596],[96.09669,19.817],[96.09732,19.81497],[96.09842,19.81456],[96.09865,19.81578],[96.09817,19.8166],[96.09908,19.81615],[96.09965,19.8171],[96.0994,19.81791],[96.09873,19.81822],[96.09974,19.81814],[96.10046,19.81715],[96.09913,19.81551],[96.10037,19.81466],[96.10094,19.81493],[96.10076,19.81417],[96.10124,19.81363],[96.10076,19.81286],[96.10234,19.81313],[96.10401,19.8126],[96.10425,19.81319],[96.10377,19.81314],[96.10329,19.81454],[96.10376,19.81517],[96.10242,19.81535],[96.10194,19.81602],[96.10142,19.81575],[96.10103,19.81643],[96.10193,19.81797],[96.10164,19.8186],[96.10236,19.81941],[96.10254,19.82131],[96.10464,19.82064],[96.10283,19.8205],[96.10317,19.82014],[96.10527,19.82015],[96.10479,19.82051],[96.10526,19.82069],[96.10593,19.82029],[96.1066,19.82097],[96.10569,19.82182],[96.1065,19.82232],[96.10526,19.82182],[96.10535,19.82268],[96.10573,19.82241],[96.10697,19.82286],[96.10765,19.82088],[96.10747,19.81939],[96.10842,19.81871],[96.10819,19.81745],[96.10853,19.81718],[96.1089,19.81903],[96.10847,19.81921],[96.10837,19.82111],[96.10917,19.82224],[96.10894,19.82165],[96.10946,19.82161],[96.10894,19.82116],[96.10899,19.81926],[96.10985,19.81949],[96.10952,19.81894],[96.11029,19.81746],[96.11067,19.81791],[96.11038,19.81926],[96.11104,19.81976],[96.11181,19.81945],[96.11219,19.82013],[96.11152,19.82071],[96.11165,19.82266],[96.11069,19.82383],[96.11159,19.82528],[96.11121,19.82546],[96.11149,19.8265],[96.11216,19.82632],[96.11225,19.827],[96.11292,19.82718],[96.11321,19.82668],[96.1125,19.82596],[96.11284,19.82474],[96.11217,19.82442],[96.11227,19.82388],[96.11298,19.82397],[96.11256,19.82207],[96.11251,19.82207]],[[96.11026,19.81235],[96.11079,19.81185],[96.11136,19.81217],[96.11131,19.81317],[96.11179,19.81344],[96.11097,19.81452],[96.11174,19.81452],[96.11149,19.81529],[96.11068,19.81506],[96.1103,19.81551],[96.11067,19.81746],[96.10948,19.81668],[96.10901,19.81528],[96.10911,19.8146],[96.10968,19.81501],[96.1103,19.81465],[96.10997,19.81348],[96.11026,19.81244],[96.11026,19.81235]],[[96.10564,19.81174],[96.10559,19.81211],[96.10554,19.81161],[96.10468,19.81129],[96.10593,19.81071],[96.1044,19.8098],[96.10546,19.80926],[96.10603,19.80818],[96.10565,19.80795],[96.1069,19.80705],[96.1078,19.80791],[96.10803,19.80931],[96.10717,19.80945],[96.10779,19.81044],[96.10688,19.81021],[96.10688,19.81148],[96.10826,19.81144],[96.10869,19.81198],[96.1085,19.81293],[96.10768,19.81333],[96.10806,19.81334],[96.108,19.81605],[96.10657,19.81694],[96.10709,19.81758],[96.10704,19.81853],[96.10632,19.81925],[96.10604,19.8183],[96.10389,19.81806],[96.10408,19.81752],[96.10523,19.81721],[96.1059,19.8159],[96.10548,19.81455],[96.1061,19.81446],[96.10716,19.81324],[96.10707,19.81202],[96.10564,19.81156],[96.10564,19.81174]],[[96.11075,19.80937],[96.11009,19.80914],[96.1098,19.80833],[96.111,19.80734],[96.1121,19.80739],[96.11281,19.80798],[96.11295,19.80906],[96.11152,19.80919],[96.11157,19.8086],[96.11085,19.80937],[96.11075,19.80937]],[[96.10446,19.80781],[96.10503,19.80826],[96.10493,19.80908],[96.10378,19.80948],[96.10368,19.81092],[96.10206,19.81173],[96.1023,19.80979],[96.10159,19.80983],[96.10068,19.80888],[96.10374,19.80866],[96.10436,19.80781],[96.10446,19.80781]]],[[[96.14192,19.83569],[96.14187,19.83524],[96.14144,19.83574],[96.14053,19.83519],[96.14029,19.83578],[96.13991,19.83564],[96.13977,19.83433],[96.13877,19.83347],[96.13906,19.83455],[96.13848,19.835],[96.13791,19.83482],[96.1381,19.83532],[96.13767,19.8355],[96.13939,19.83478],[96.1401,19.83618],[96.14053,19.83564],[96.14177,19.83632],[96.14225,19.83605],[96.1421,19.83673],[96.14315,19.83728],[96.143,19.838],[96.14372,19.83796],[96.144,19.83868],[96.14477,19.83801],[96.1453,19.83814],[96.1452,19.83751],[96.14626,19.83679],[96.14449,19.8367],[96.14458,19.83724],[96.14201,19.83569],[96.14192,19.83569]]],[[[96.25335,19.83878],[96.25373,19.83855],[96.25359,19.83778],[96.25431,19.83815],[96.25426,19.83706],[96.25483,19.83702],[96.25445,19.83693],[96.2545,19.83634],[96.25383,19.83656],[96.2535,19.83516],[96.25326,19.83616],[96.25364,19.83589],[96.25383,19.83625],[96.25374,19.8367],[96.25321,19.83652],[96.25311,19.83724],[96.25359,19.83769],[96.25306,19.83783],[96.25345,19.83796],[96.25316,19.83878],[96.25335,19.83878]]],[[[96.27727,19.83916],[96.27818,19.83867],[96.27961,19.8389],[96.2757,19.83735],[96.27555,19.83812],[96.27694,19.83844],[96.27717,19.83916],[96.27727,19.83916]]],[[[96.22885,19.83929],[96.23067,19.83744],[96.23087,19.8364],[96.23144,19.83622],[96.23121,19.83487],[96.2302,19.83545],[96.22949,19.83522],[96.22896,19.83585],[96.22924,19.8364],[96.23101,19.83532],[96.2302,19.83635],[96.22891,19.83662],[96.22938,19.83698],[96.22862,19.83775],[96.22914,19.8382],[96.22866,19.83856],[96.229,19.83893],[96.22833,19.83892],[96.22775,19.84005],[96.22885,19.83947],[96.22885,19.83929]]],[[[96.22834,19.83671],[96.22834,19.8345],[96.22691,19.83332],[96.22473,19.8301],[96.22511,19.82988],[96.22483,19.82866],[96.22445,19.82861],[96.22483,19.82843],[96.2244,19.8282],[96.22483,19.82816],[96.22451,19.82558],[96.22413,19.82536],[96.2239,19.82292],[96.22351,19.82291],[96.22376,19.82197],[96.223,19.82101],[96.22256,19.82178],[96.22328,19.82156],[96.22304,19.8226],[96.22352,19.8221],[96.22285,19.82291],[96.22327,19.82409],[96.2237,19.82382],[96.22327,19.82463],[96.22444,19.83064],[96.22478,19.83046],[96.22629,19.83395],[96.22701,19.83427],[96.22653,19.83472],[96.22667,19.83521],[96.22705,19.83445],[96.22729,19.83481],[96.22772,19.83436],[96.22748,19.83531],[96.22691,19.83531],[96.22719,19.83702],[96.22503,19.83946],[96.22488,19.84122],[96.22555,19.84086],[96.22483,19.84149],[96.22488,19.84203],[96.2245,19.8418],[96.22454,19.84298],[96.22737,19.8396],[96.22804,19.83838],[96.22776,19.83793],[96.22843,19.83766],[96.22843,19.83671],[96.22834,19.83671]]],[[[96.23012,19.84648],[96.23227,19.84517],[96.23261,19.84427],[96.23112,19.84463],[96.23098,19.84395],[96.23146,19.8444],[96.2317,19.84345],[96.23218,19.84391],[96.23275,19.84368],[96.23333,19.84233],[96.23319,19.84147],[96.235,19.84197],[96.23548,19.84283],[96.23653,19.8427],[96.23439,19.84075],[96.23305,19.84075],[96.2328,19.84219],[96.23175,19.84282],[96.23175,19.84336],[96.23075,19.84304],[96.22998,19.84358],[96.22921,19.84589],[96.23002,19.84648],[96.23012,19.84648]]],[[[96.46008,19.8513],[96.45702,19.84944],[96.45703,19.84863],[96.45641,19.84845],[96.4556,19.84655],[96.4535,19.84474],[96.45279,19.84275],[96.45107,19.84238],[96.45136,19.84302],[96.45073,19.84297],[96.44863,19.84224],[96.4484,19.8398],[96.44635,19.83863],[96.44583,19.83777],[96.44683,19.83695],[96.44378,19.83645],[96.44302,19.83338],[96.44121,19.82971],[96.44127,19.82786],[96.44046,19.82714],[96.4405,19.82908],[96.43978,19.82908],[96.43883,19.82677],[96.43645,19.82546],[96.43635,19.82501],[96.43564,19.82564],[96.43072,19.82504],[96.42996,19.8244],[96.42771,19.82386],[96.4271,19.82309],[96.4248,19.82299],[96.42418,19.82245],[96.42428,19.82173],[96.42242,19.82077],[96.4198,19.82072],[96.41837,19.81968],[96.41846,19.82045],[96.41727,19.82027],[96.41703,19.82067],[96.41646,19.81968],[96.41336,19.81872],[96.41245,19.81755],[96.41073,19.81664],[96.41031,19.81555],[96.40931,19.81546],[96.40921,19.81487],[96.40821,19.81501],[96.40854,19.81532],[96.40821,19.81591],[96.40802,19.8146],[96.4085,19.81478],[96.40816,19.81451],[96.40845,19.81406],[96.40897,19.81451],[96.40902,19.81361],[96.40788,19.81342],[96.40797,19.81302],[96.40745,19.81351],[96.40773,19.81424],[96.40707,19.81396],[96.40683,19.81437],[96.40716,19.81514],[96.40816,19.81537],[96.40725,19.81609],[96.40739,19.8164],[96.40658,19.81577],[96.40673,19.81631],[96.4062,19.81609],[96.40591,19.81663],[96.40544,19.81627],[96.40611,19.81595],[96.4051,19.81559],[96.40558,19.81586],[96.40539,19.81672],[96.40391,19.81658],[96.40376,19.81689],[96.40458,19.81699],[96.40438,19.81726],[96.40257,19.81685],[96.40252,19.81779],[96.40147,19.8187],[96.40042,19.81865],[96.40113,19.82028],[96.40075,19.82095],[96.4017,19.82127],[96.4019,19.81937],[96.40261,19.81942],[96.4039,19.81879],[96.404,19.8183],[96.40691,19.81704],[96.40739,19.81726],[96.40787,19.81654],[96.40973,19.81673],[96.40992,19.81713],[96.40901,19.81731],[96.41049,19.81777],[96.40963,19.81849],[96.41054,19.81858],[96.40992,19.81935],[96.41116,19.8194],[96.41154,19.82003],[96.41354,19.82067],[96.41388,19.82039],[96.41331,19.81917],[96.41622,19.82017],[96.41607,19.82076],[96.4156,19.82035],[96.41507,19.82108],[96.4164,19.8218],[96.41635,19.8223],[96.41707,19.82212],[96.41707,19.82388],[96.41802,19.82393],[96.41898,19.82266],[96.42146,19.82231],[96.42399,19.82403],[96.42322,19.82466],[96.4237,19.82511],[96.42447,19.82494],[96.42446,19.82534],[96.42657,19.82503],[96.42728,19.82562],[96.429,19.82571],[96.42962,19.82648],[96.43067,19.82621],[96.43301,19.82667],[96.43287,19.8264],[96.43478,19.82622],[96.43645,19.82659],[96.43649,19.82713],[96.43802,19.82745],[96.43768,19.82885],[96.43825,19.82899],[96.43792,19.82948],[96.4384,19.82939],[96.43816,19.82993],[96.43773,19.82957],[96.43763,19.82989],[96.43992,19.83161],[96.4393,19.83233],[96.43772,19.8321],[96.43758,19.83255],[96.43834,19.8326],[96.4392,19.83364],[96.4403,19.83369],[96.4403,19.83437],[96.43944,19.83468],[96.44087,19.83491],[96.44063,19.83577],[96.4401,19.83586],[96.44024,19.83631],[96.4391,19.83662],[96.43943,19.83626],[96.4391,19.83604],[96.43876,19.83667],[96.43962,19.83676],[96.43967,19.83712],[96.44125,19.83636],[96.44234,19.83767],[96.44191,19.83816],[96.4433,19.83821],[96.44463,19.83907],[96.44425,19.83957],[96.44448,19.84025],[96.44539,19.83957],[96.44563,19.84016],[96.44725,19.84093],[96.44749,19.84202],[96.44672,19.84337],[96.44939,19.84419],[96.44973,19.84369],[96.45116,19.84379],[96.45317,19.84465],[96.45374,19.84614],[96.45144,19.84708],[96.45134,19.84817],[96.45349,19.84713],[96.4544,19.84614],[96.45521,19.84723],[96.45516,19.84818],[96.45593,19.84836],[96.45564,19.84876],[96.45674,19.85026],[96.45717,19.85021],[96.45731,19.85094],[96.45974,19.85212],[96.45993,19.85261],[96.46385,19.85235],[96.46442,19.85294],[96.46719,19.85299],[96.46776,19.85258],[96.46743,19.85181],[96.46542,19.85213],[96.4639,19.85136],[96.4639,19.85185],[96.46251,19.85199],[96.46012,19.8513],[96.46008,19.8513]]],[[[96.23334,19.85304],[96.23387,19.85254],[96.2342,19.8529],[96.23416,19.85186],[96.23377,19.85177],[96.23487,19.85092],[96.23574,19.84889],[96.23469,19.85042],[96.23474,19.8497],[96.23416,19.84952],[96.23392,19.84997],[96.23435,19.85037],[96.23392,19.85037],[96.2343,19.85069],[96.23373,19.85064],[96.23373,19.85132],[96.23282,19.85168],[96.23373,19.85186],[96.23291,19.85191],[96.23329,19.85227],[96.23263,19.85222],[96.23248,19.85272],[96.23344,19.85254],[96.23195,19.8538],[96.23244,19.85209],[96.23206,19.85136],[96.23224,19.8519],[96.23191,19.8519],[96.23215,19.85227],[96.23157,19.85344],[96.23209,19.85421],[96.23195,19.85389],[96.23253,19.85367],[96.23238,19.85462],[96.23324,19.85417],[96.23272,19.85344],[96.2332,19.85304],[96.23334,19.85304]]],[[[96.22442,19.8489],[96.22581,19.84944],[96.22676,19.85094],[96.22671,19.85049],[96.22724,19.85049],[96.2269,19.85107],[96.22957,19.85275],[96.23123,19.85461],[96.23114,19.85511],[96.23161,19.85479],[96.22914,19.85113],[96.23062,19.851],[96.23053,19.85036],[96.22977,19.85081],[96.22967,19.85004],[96.22938,19.85054],[96.22824,19.85008],[96.22386,19.84736],[96.22343,19.84632],[96.22272,19.84605],[96.22328,19.84794],[96.22433,19.8489],[96.22442,19.8489]]],[[[96.23274,19.86013],[96.23204,19.85669],[96.23141,19.85755],[96.23175,19.85737],[96.23146,19.85787],[96.23208,19.85841],[96.23165,19.8585],[96.23203,19.85877],[96.23169,19.85922],[96.23284,19.85968],[96.23183,19.85985],[96.2325,19.86049],[96.23231,19.86126],[96.23293,19.86081],[96.23326,19.86126],[96.23303,19.86027],[96.2326,19.86053],[96.2326,19.86013],[96.23274,19.86013]]],[[[96.30366,19.87425],[96.30429,19.87317],[96.30367,19.87231],[96.3041,19.872],[96.30377,19.87159],[96.30434,19.87191],[96.30487,19.87105],[96.30353,19.87145],[96.30343,19.87236],[96.30295,19.8724],[96.30285,19.87344],[96.30328,19.87353],[96.3029,19.87367],[96.30362,19.87376],[96.30318,19.87403],[96.30333,19.87489],[96.30366,19.8743],[96.30366,19.87425]]],[[[96.28377,19.88215],[96.28439,19.88161],[96.28382,19.88089],[96.28454,19.88139],[96.28468,19.8808],[96.28358,19.8807],[96.28383,19.87926],[96.28406,19.87976],[96.28454,19.87962],[96.28378,19.87863],[96.28335,19.8789],[96.28359,19.87939],[96.28287,19.87935],[96.28316,19.8798],[96.28215,19.87975],[96.28253,19.88066],[96.28315,19.88061],[96.28267,19.88106],[96.28315,19.88143],[96.28353,19.88066],[96.28372,19.88215],[96.28377,19.88215]]],[[[96.29685,19.88395],[96.29704,19.88368],[96.29833,19.88481],[96.29943,19.88468],[96.29814,19.88305],[96.29843,19.88242],[96.298,19.88237],[96.29814,19.88287],[96.29757,19.88314],[96.29743,19.88219],[96.29661,19.88409],[96.29642,19.88327],[96.29618,19.88386],[96.29561,19.88322],[96.29556,19.88386],[96.29647,19.88422],[96.29484,19.88521],[96.29608,19.88553],[96.29575,19.8849],[96.29613,19.88508],[96.29618,19.88463],[96.29723,19.88522],[96.29661,19.88463],[96.29695,19.88395],[96.29685,19.88395]]],[[[96.28964,19.88461],[96.2893,19.88447],[96.29183,19.88425],[96.29136,19.88393],[96.29165,19.88339],[96.29107,19.88339],[96.29141,19.88366],[96.29097,19.88402],[96.29102,19.88348],[96.29012,19.88357],[96.29141,19.88299],[96.29093,19.88231],[96.29055,19.88258],[96.29074,19.88213],[96.2916,19.88285],[96.29136,19.88335],[96.29279,19.88258],[96.29346,19.88295],[96.29274,19.8834],[96.29365,19.88313],[96.29355,19.88385],[96.29413,19.88399],[96.29432,19.88467],[96.29475,19.88426],[96.2946,19.88489],[96.29494,19.88498],[96.29489,19.8844],[96.2957,19.88449],[96.29551,19.8839],[96.29489,19.88385],[96.29499,19.88435],[96.29418,19.88376],[96.29518,19.88372],[96.29489,19.88313],[96.29547,19.88345],[96.2958,19.88309],[96.29552,19.8825],[96.29609,19.88246],[96.29609,19.88286],[96.29642,19.88246],[96.29495,19.88196],[96.29552,19.88191],[96.29543,19.88119],[96.29576,19.88133],[96.29595,19.88051],[96.29633,19.88092],[96.29653,19.88011],[96.29691,19.88052],[96.29672,19.87979],[96.2971,19.88038],[96.29777,19.88034],[96.29801,19.87953],[96.29801,19.88047],[96.29944,19.88125],[96.2993,19.88084],[96.29982,19.88043],[96.29863,19.88066],[96.29906,19.87989],[96.2992,19.88039],[96.29977,19.88034],[96.29892,19.87926],[96.29921,19.87903],[96.29844,19.87858],[96.29859,19.87826],[96.29777,19.87862],[96.29839,19.87889],[96.29739,19.87844],[96.29797,19.8779],[96.29873,19.87795],[96.29925,19.87876],[96.29897,19.87817],[96.29945,19.87781],[96.29906,19.87808],[96.29773,19.87727],[96.2995,19.87768],[96.29978,19.87714],[96.29916,19.87673],[96.2996,19.87641],[96.2996,19.87506],[96.30151,19.87429],[96.30109,19.87348],[96.30237,19.87393],[96.30252,19.87285],[96.30176,19.87253],[96.30262,19.87263],[96.30267,19.8719],[96.30191,19.87064],[96.30195,19.87104],[96.30076,19.8719],[96.30195,19.87167],[96.30204,19.87217],[96.30142,19.87185],[96.30166,19.87262],[96.30128,19.87303],[96.30104,19.87244],[96.30061,19.87248],[96.30071,19.87203],[96.29966,19.87235],[96.29865,19.87171],[96.29846,19.87216],[96.29727,19.87247],[96.29631,19.87216],[96.29631,19.87175],[96.29593,19.87193],[96.29561,19.86908],[96.29728,19.86791],[96.29551,19.86786],[96.29542,19.86664],[96.29485,19.86705],[96.29466,19.86677],[96.29533,19.86619],[96.297,19.86606],[96.2981,19.86516],[96.29624,19.86447],[96.29567,19.86483],[96.29596,19.86434],[96.29557,19.86402],[96.2951,19.86438],[96.29524,19.86384],[96.29447,19.86447],[96.29348,19.86334],[96.29247,19.86347],[96.29266,19.86293],[96.29185,19.86306],[96.29224,19.86243],[96.29066,19.86206],[96.29019,19.86134],[96.29043,19.8608],[96.28886,19.85939],[96.28881,19.85863],[96.28933,19.85885],[96.28962,19.85831],[96.29221,19.85732],[96.29183,19.85642],[96.29073,19.85592],[96.29083,19.8547],[96.29341,19.85349],[96.29346,19.85299],[96.29432,19.85254],[96.29361,19.85245],[96.29317,19.85317],[96.29141,19.85298],[96.28906,19.85564],[96.28705,19.8565],[96.28724,19.85708],[96.28681,19.85722],[96.28676,19.85663],[96.28581,19.85658],[96.28557,19.85554],[96.28711,19.85379],[96.28811,19.85347],[96.28754,19.85324],[96.28562,19.85432],[96.28381,19.85468],[96.28482,19.85134],[96.28291,19.85215],[96.28234,19.85011],[96.28364,19.84903],[96.28268,19.84831],[96.28273,19.84772],[96.28737,19.84665],[96.28608,19.84619],[96.28398,19.84655],[96.28331,19.84587],[96.28221,19.84627],[96.28178,19.84577],[96.2814,19.84663],[96.28039,19.84721],[96.27992,19.84685],[96.27969,19.84495],[96.28002,19.84446],[96.27868,19.84558],[96.27811,19.84536],[96.27802,19.84472],[96.2716,19.85013],[96.27082,19.85532],[96.27148,19.85758],[96.27138,19.86007],[96.27056,19.86133],[96.27108,19.86232],[96.27075,19.86228],[96.26993,19.86408],[96.27212,19.86612],[96.27206,19.86829],[96.27235,19.86811],[96.2724,19.86856],[96.27197,19.8691],[96.27254,19.86856],[96.27263,19.86933],[96.2734,19.86933],[96.27263,19.86987],[96.27325,19.86988],[96.27292,19.87091],[96.27416,19.87105],[96.27488,19.86902],[96.27545,19.86911],[96.27483,19.86812],[96.27608,19.86631],[96.27623,19.86528],[96.2757,19.86536],[96.27561,19.86482],[96.27628,19.86514],[96.27552,19.86184],[96.27505,19.86152],[96.27567,19.86121],[96.27586,19.86044],[96.27591,19.86125],[96.27658,19.86162],[96.27652,19.86279],[96.27819,19.86415],[96.27828,19.86537],[96.27896,19.86393],[96.27824,19.86361],[96.27777,19.8613],[96.27863,19.86076],[96.27954,19.86077],[96.27949,19.86158],[96.27997,19.86167],[96.28049,19.86289],[96.28135,19.86267],[96.2812,19.86425],[96.2822,19.8643],[96.28263,19.86561],[96.28459,19.86286],[96.2856,19.86295],[96.28645,19.86368],[96.28669,19.8654],[96.28592,19.86607],[96.28611,19.86639],[96.28315,19.86728],[96.28319,19.86801],[96.28272,19.86801],[96.28281,19.86877],[96.28372,19.86814],[96.28439,19.86846],[96.28572,19.86815],[96.28548,19.86874],[96.28605,19.86937],[96.28543,19.86928],[96.28562,19.87104],[96.28457,19.87176],[96.28499,19.8728],[96.28461,19.87316],[96.28513,19.87325],[96.28456,19.87321],[96.28432,19.87388],[96.28351,19.87424],[96.28256,19.87316],[96.28241,19.87438],[96.2835,19.87591],[96.28202,19.87636],[96.28335,19.87745],[96.28393,19.87736],[96.28326,19.87786],[96.28392,19.87858],[96.28397,19.87813],[96.28478,19.87822],[96.2843,19.87885],[96.2856,19.87827],[96.28546,19.87746],[96.28607,19.87868],[96.28608,19.8771],[96.28617,19.87764],[96.28655,19.87719],[96.28727,19.87733],[96.28684,19.87769],[96.28736,19.87778],[96.28707,19.87877],[96.28564,19.87895],[96.2865,19.87954],[96.28674,19.87891],[96.28741,19.87904],[96.28774,19.87963],[96.28702,19.8794],[96.2876,19.88026],[96.2863,19.88076],[96.28731,19.88121],[96.2873,19.88171],[96.28697,19.88162],[96.2874,19.88216],[96.28716,19.88297],[96.28592,19.88261],[96.28601,19.88306],[96.28744,19.88338],[96.28692,19.88356],[96.28749,19.88397],[96.28759,19.88338],[96.28797,19.88365],[96.28801,19.8842],[96.28773,19.88406],[96.28848,19.88623],[96.28896,19.88578],[96.28939,19.8861],[96.28963,19.88474],[96.28964,19.88461]],[[96.29242,19.88077],[96.29141,19.88131],[96.2917,19.87987],[96.29103,19.88055],[96.29065,19.88005],[96.29113,19.88009],[96.29142,19.87937],[96.29003,19.87941],[96.29061,19.87905],[96.29042,19.87874],[96.2909,19.87878],[96.2909,19.87842],[96.2909,19.87887],[96.29152,19.87897],[96.29113,19.87892],[96.29128,19.87924],[96.2919,19.8791],[96.29156,19.87973],[96.29232,19.88014],[96.29189,19.8805],[96.29232,19.88032],[96.29275,19.88118],[96.29294,19.88087],[96.29337,19.88114],[96.29289,19.882],[96.29356,19.8815],[96.29365,19.88231],[96.29456,19.88182],[96.29456,19.88227],[96.29547,19.88277],[96.29446,19.88327],[96.29451,19.88272],[96.29509,19.88263],[96.29447,19.88236],[96.29413,19.8829],[96.2937,19.88236],[96.29327,19.88267],[96.29332,19.88209],[96.29289,19.88218],[96.29308,19.88254],[96.29194,19.88222],[96.29146,19.88262],[96.29213,19.88204],[96.29132,19.88149],[96.29261,19.88154],[96.29242,19.88087],[96.29242,19.88077]],[[96.29395,19.87983],[96.29314,19.8796],[96.29328,19.88014],[96.29376,19.8801],[96.2929,19.88028],[96.29309,19.88064],[96.29237,19.88032],[96.29299,19.88019],[96.2929,19.87924],[96.29404,19.87983],[96.29443,19.87956],[96.29419,19.87906],[96.29515,19.87907],[96.29524,19.87866],[96.29572,19.87993],[96.29514,19.88001],[96.29471,19.87925],[96.29447,19.88037],[96.29495,19.88065],[96.295,19.87997],[96.29591,19.88047],[96.29505,19.88029],[96.29514,19.88137],[96.29452,19.88141],[96.29509,19.88087],[96.29457,19.88065],[96.29394,19.88155],[96.29342,19.88087],[96.29404,19.88096],[96.29433,19.87997],[96.29395,19.87992],[96.29395,19.87983]],[[96.29381,19.87712],[96.2941,19.87671],[96.29477,19.8769],[96.29453,19.87766],[96.2951,19.87794],[96.29525,19.8773],[96.29577,19.87753],[96.29625,19.8769],[96.29625,19.8778],[96.29739,19.8779],[96.29692,19.87713],[96.29558,19.87649],[96.29621,19.87609],[96.29611,19.87654],[96.29683,19.87649],[96.29687,19.87704],[96.29768,19.87695],[96.2985,19.876],[96.29811,19.87695],[96.29749,19.87722],[96.29782,19.87794],[96.2962,19.87812],[96.2972,19.87871],[96.29672,19.87893],[96.29691,19.87934],[96.29639,19.87902],[96.29591,19.87997],[96.29567,19.87929],[96.29624,19.8792],[96.29534,19.87866],[96.29543,19.8783],[96.29433,19.87866],[96.29381,19.87716],[96.29381,19.87712]]],[[[96.29655,19.88729],[96.29612,19.8867],[96.2966,19.88675],[96.29627,19.8863],[96.29684,19.88621],[96.29637,19.88585],[96.29751,19.88567],[96.29665,19.88567],[96.2968,19.88517],[96.2946,19.88616],[96.29412,19.88598],[96.29431,19.88566],[96.29388,19.88579],[96.29508,19.88548],[96.29436,19.88548],[96.29446,19.88489],[96.29384,19.88466],[96.29298,19.88466],[96.29264,19.88543],[96.29226,19.88538],[96.29264,19.88566],[96.29336,19.88489],[96.29379,19.8857],[96.29293,19.88588],[96.29374,19.88593],[96.29407,19.8867],[96.29512,19.8867],[96.29397,19.88683],[96.29393,19.88724],[96.29316,19.88642],[96.29297,19.88692],[96.29354,19.88692],[96.2933,19.88733],[96.29397,19.88765],[96.29522,19.88693],[96.29689,19.88779],[96.29703,19.88729],[96.29655,19.88716],[96.29655,19.88729]]],[[[96.17695,19.88755],[96.17481,19.887],[96.17542,19.88764],[96.17461,19.88867],[96.17571,19.88773],[96.17662,19.88809],[96.17743,19.88778],[96.17771,19.88819],[96.17738,19.88922],[96.17566,19.88935],[96.17436,19.89107],[96.17637,19.88981],[96.17733,19.89008],[96.1768,19.89121],[96.1778,19.88972],[96.1789,19.88936],[96.17872,19.88783],[96.17819,19.88792],[96.17858,19.88692],[96.17815,19.88751],[96.17743,19.88733],[96.17792,19.8857],[96.1773,19.88416],[96.17654,19.88375],[96.17673,19.88416],[96.17596,19.88452],[96.17701,19.88443],[96.17739,19.8862],[96.17695,19.88741],[96.17695,19.88755]]],[[[96.23894,19.89128],[96.23942,19.89047],[96.23832,19.88974],[96.23837,19.88915],[96.23689,19.88784],[96.23613,19.88802],[96.23608,19.8891],[96.23641,19.88919],[96.23651,19.88824],[96.23689,19.88829],[96.23708,19.88874],[96.23651,19.88897],[96.23718,19.88897],[96.23684,19.88947],[96.23737,19.88951],[96.23698,19.8896],[96.23722,19.88992],[96.23775,19.88974],[96.23741,19.89042],[96.23822,19.89024],[96.23794,19.89069],[96.23832,19.89092],[96.23889,19.8906],[96.23889,19.89128],[96.23894,19.89128]]],[[[96.24032,19.89277],[96.24065,19.89268],[96.24098,19.89359],[96.24141,19.89341],[96.2426,19.89504],[96.24246,19.89554],[96.24355,19.89613],[96.24194,19.89323],[96.2406,19.89246],[96.23951,19.89078],[96.23913,19.8911],[96.23931,19.89223],[96.23974,19.89286],[96.24022,19.89277],[96.24032,19.89277]]],[[[96.24336,19.89622],[96.24312,19.89649],[96.24355,19.89649],[96.24407,19.89785],[96.24364,19.89821],[96.24397,19.89861],[96.24436,19.89839],[96.24426,19.89952],[96.24531,19.90038],[96.24545,19.89925],[96.24502,19.89925],[96.24522,19.89871],[96.24355,19.89622],[96.24336,19.89622]]],[[[96.24577,19.90531],[96.24605,19.90477],[96.24644,19.90495],[96.24639,19.9045],[96.24525,19.9016],[96.24463,19.90169],[96.24434,19.90191],[96.24477,19.90205],[96.24477,19.90309],[96.24429,19.9034],[96.24482,19.90354],[96.24481,19.90408],[96.24534,19.90395],[96.24572,19.90531],[96.24577,19.90531]]],[[[96.23481,19.91088],[96.23419,19.91038],[96.23352,19.9106],[96.23381,19.91033],[96.23223,19.91073],[96.23285,19.91159],[96.23481,19.91101],[96.23481,19.91088]]],[[[96.2422,19.91447],[96.24355,19.9119],[96.24249,19.91198],[96.24326,19.91117],[96.24312,19.91072],[96.24259,19.91135],[96.24207,19.91126],[96.24197,19.91167],[96.24254,19.91149],[96.24235,19.9123],[96.24183,19.91212],[96.24225,19.91311],[96.24206,19.9142],[96.24163,19.91433],[96.24215,19.91447],[96.2422,19.91447]]],[[[96.26196,19.91968],[96.26253,19.91927],[96.26277,19.91964],[96.2632,19.91873],[96.26435,19.91901],[96.26325,19.91792],[96.26268,19.91846],[96.26082,19.91814],[96.261,19.91936],[96.26191,19.91968],[96.26196,19.91968]]],[[[96.23785,19.91432],[96.23818,19.91531],[96.23771,19.91536],[96.23769,19.91852],[96.23826,19.91952],[96.23831,19.9201],[96.23798,19.9201],[96.23864,19.92042],[96.23879,19.91857],[96.23937,19.91767],[96.23899,19.91708],[96.23937,19.91631],[96.2389,19.91617],[96.23947,19.91554],[96.23967,19.91419],[96.24015,19.91405],[96.23981,19.91369],[96.24043,19.91378],[96.23996,19.91338],[96.24015,19.91243],[96.24097,19.91166],[96.24125,19.91202],[96.24121,19.91139],[96.24197,19.91076],[96.24169,19.91044],[96.24274,19.91054],[96.24269,19.90986],[96.24346,19.90891],[96.24547,19.90775],[96.24581,19.90693],[96.24547,19.90711],[96.24524,19.90652],[96.24571,19.90635],[96.24423,19.90734],[96.2438,19.90715],[96.2438,19.9077],[96.24323,19.90774],[96.24203,19.90932],[96.2414,19.90954],[96.24126,19.90913],[96.24097,19.90999],[96.2404,19.90981],[96.23973,19.91053],[96.24021,19.91058],[96.24006,19.91094],[96.23949,19.91084],[96.24006,19.91116],[96.23934,19.91102],[96.23742,19.91454],[96.23771,19.91432],[96.23785,19.91432]]],[[[96.23804,19.92864],[96.23795,19.92711],[96.2379,19.92851],[96.23737,19.9281],[96.2369,19.92584],[96.23734,19.92557],[96.23653,19.92303],[96.23595,19.92525],[96.23652,19.92715],[96.23637,19.92796],[96.2357,19.92832],[96.23608,19.92818],[96.23623,19.92873],[96.2368,19.9285],[96.23775,19.93045],[96.23809,19.92864],[96.23804,19.92864]]],[[[96.23999,19.93136],[96.24009,19.93091],[96.23999,19.93158],[96.24047,19.93199],[96.24071,19.9315],[96.24037,19.93141],[96.24109,19.93123],[96.24052,19.93082],[96.24124,19.93032],[96.24062,19.93005],[96.24076,19.92892],[96.24024,19.92833],[96.24115,19.92843],[96.24134,19.92919],[96.242,19.9292],[96.24258,19.92992],[96.24239,19.92933],[96.24024,19.92775],[96.24029,19.92643],[96.24001,19.92693],[96.23963,19.92652],[96.23938,19.92806],[96.24014,19.92869],[96.23962,19.92833],[96.23923,19.92878],[96.23928,19.92928],[96.24014,19.92896],[96.23995,19.9296],[96.23918,19.9295],[96.23942,19.93072],[96.23875,19.93077],[96.23841,19.93144],[96.23841,19.93253],[96.23946,19.93249],[96.23893,19.93456],[96.23855,19.93465],[96.23902,19.93515],[96.23988,19.93475],[96.23993,19.93357],[96.24027,19.93357],[96.24008,19.93326],[96.23922,19.93389],[96.23951,19.93262],[96.24018,19.93235],[96.23961,19.93181],[96.23994,19.93136],[96.23999,19.93136]]],[[[96.24159,19.93972],[96.24178,19.93796],[96.24098,19.93642],[96.24112,19.93742],[96.2405,19.93696],[96.23963,19.93935],[96.24039,19.93922],[96.2402,19.93836],[96.24059,19.93782],[96.24087,19.9385],[96.24063,19.93972],[96.2402,19.93985],[96.24101,19.93977],[96.24164,19.93891],[96.24149,19.93972],[96.24159,19.93972]]],[[[96.15815,19.9445],[96.1583,19.94234],[96.15773,19.94197],[96.15509,19.94305],[96.15447,19.94282],[96.15433,19.94345],[96.15323,19.94331],[96.15365,19.94422],[96.15547,19.94359],[96.15585,19.94436],[96.15671,19.9445],[96.15681,19.94396],[96.15733,19.94414],[96.15772,19.94373],[96.158,19.9445],[96.15815,19.9445]]],[[[96.23961,19.94342],[96.23933,19.94261],[96.24,19.94211],[96.23904,19.94224],[96.23962,19.94198],[96.23972,19.94098],[96.23934,19.93994],[96.23968,19.93949],[96.23925,19.93926],[96.23938,19.94085],[96.2389,19.94161],[96.23847,19.94157],[96.23885,19.94211],[96.23852,19.94301],[96.23994,19.94469],[96.24071,19.94464],[96.24047,19.94401],[96.24085,19.94397],[96.24004,19.94374],[96.23985,19.94414],[96.23961,19.94351],[96.23961,19.94342]]],[[[96.24194,19.94641],[96.24182,19.94221],[96.24249,19.94131],[96.24211,19.9409],[96.24287,19.94077],[96.24264,19.94004],[96.24263,19.94058],[96.24187,19.94067],[96.2422,19.94135],[96.24139,19.94243],[96.24182,19.9423],[96.24181,19.94293],[96.24114,19.94392],[96.24176,19.94478],[96.24128,19.94609],[96.2419,19.94641],[96.24194,19.94641]]],[[[96.16513,19.95302],[96.166,19.95271],[96.16539,19.94891],[96.16487,19.94877],[96.16448,19.94927],[96.1642,19.94864],[96.16062,19.94781],[96.15995,19.94722],[96.15899,19.94713],[96.1587,19.94794],[96.15789,19.94803],[96.15971,19.94821],[96.15865,19.94857],[96.1588,19.94893],[96.16014,19.94867],[96.16276,19.94976],[96.16242,19.95017],[96.16075,19.95012],[96.1598,19.94966],[96.15951,19.95016],[96.15898,19.95002],[96.15907,19.95092],[96.16013,19.9502],[96.16036,19.95093],[96.1617,19.95057],[96.16146,19.95138],[96.16233,19.95066],[96.16323,19.95076],[96.16251,19.95166],[96.16342,19.95202],[96.16414,19.95166],[96.16413,19.95234],[96.16485,19.95203],[96.16466,19.95279],[96.16509,19.95302],[96.16513,19.95302]]],[[[96.24164,19.96417],[96.24236,19.96304],[96.24203,19.9643],[96.24303,19.96426],[96.24241,19.96277],[96.24394,19.96214],[96.24314,19.96092],[96.24318,19.962],[96.2428,19.96205],[96.24261,19.96123],[96.2417,19.96046],[96.24179,19.96213],[96.24108,19.96272],[96.24164,19.96412],[96.24164,19.96417]]],[[[96.23807,19.93325],[96.23812,19.93235],[96.23741,19.93212],[96.23813,19.93176],[96.2375,19.93194],[96.23722,19.93027],[96.23635,19.9346],[96.23692,19.93564],[96.23639,19.93569],[96.23682,19.93614],[96.23644,19.93618],[96.23653,19.93677],[96.23706,19.93691],[96.23618,19.94084],[96.23632,19.94364],[96.23717,19.94567],[96.23755,19.94572],[96.23731,19.94599],[96.23888,19.94712],[96.23941,19.94812],[96.24036,19.94866],[96.24055,19.94817],[96.24079,19.94957],[96.24155,19.94962],[96.24179,19.95057],[96.24212,19.95052],[96.24126,19.95197],[96.24096,19.95459],[96.24195,19.9582],[96.24271,19.9592],[96.24238,19.95974],[96.24285,19.95947],[96.24328,19.96074],[96.24371,19.96047],[96.24438,19.96178],[96.24428,19.9625],[96.24332,19.96236],[96.24303,19.96363],[96.24356,19.9634],[96.2437,19.96462],[96.24403,19.96426],[96.24365,19.96309],[96.24452,19.9625],[96.24466,19.96323],[96.24399,19.96332],[96.24441,19.96549],[96.24403,19.96494],[96.24365,19.96557],[96.2447,19.96603],[96.24523,19.96481],[96.24575,19.96576],[96.2457,19.96698],[96.24613,19.9663],[96.24604,19.96513],[96.24561,19.96341],[96.2448,19.96264],[96.24519,19.96097],[96.24491,19.9583],[96.2432,19.95545],[96.24256,19.94903],[96.24208,19.94921],[96.24151,19.94767],[96.23846,19.94527],[96.23684,19.94283],[96.23685,19.94188],[96.23785,19.94102],[96.23757,19.94007],[96.23801,19.9384],[96.23905,19.94048],[96.23877,19.93989],[96.23915,19.93899],[96.23839,19.93899],[96.23806,19.93786],[96.23849,19.93777],[96.23815,19.93745],[96.23844,19.93714],[96.23773,19.93655],[96.23801,19.9361],[96.23763,19.93546],[96.23701,19.9356],[96.23754,19.93519],[96.23735,19.93442],[96.23807,19.93443],[96.23826,19.9351],[96.23812,19.93325],[96.23807,19.93325]],[[96.24226,19.95251],[96.24264,19.95314],[96.24235,19.95454],[96.24306,19.95536],[96.24268,19.95577],[96.24325,19.95622],[96.24329,19.95748],[96.24291,19.95739],[96.24272,19.95613],[96.24262,19.95735],[96.24229,19.95735],[96.24258,19.95545],[96.24201,19.95549],[96.24153,19.95445],[96.24144,19.95368],[96.24211,19.95251],[96.24226,19.95251]]],[[[96.15838,19.96967],[96.15996,19.96791],[96.16216,19.96779],[96.16226,19.96815],[96.16383,19.96842],[96.16427,19.96716],[96.16418,19.96544],[96.1638,19.96535],[96.16408,19.96499],[96.16193,19.96512],[96.16207,19.96548],[96.1615,19.96575],[96.16088,19.96512],[96.15973,19.96516],[96.15835,19.96447],[96.15825,19.96497],[96.15739,19.96501],[96.1572,19.96461],[96.15691,19.96528],[96.15577,19.96519],[96.15567,19.96559],[96.15457,19.96532],[96.15452,19.966],[96.15505,19.96645],[96.15739,19.96619],[96.16001,19.96678],[96.15968,19.96742],[96.15743,19.96736],[96.15867,19.96764],[96.15877,19.96854],[96.15633,19.96876],[96.15699,19.96953],[96.15828,19.96967],[96.15838,19.96967]]],[[[96.23816,19.97644],[96.23864,19.97595],[96.23816,19.97577],[96.23859,19.97572],[96.23855,19.97446],[96.23778,19.97455],[96.23702,19.97373],[96.2374,19.97464],[96.23664,19.97427],[96.23811,19.97644],[96.23816,19.97644]]],[[[96.16576,19.98849],[96.16591,19.98587],[96.16735,19.98529],[96.16792,19.98565],[96.16821,19.98389],[96.16884,19.98389],[96.16841,19.98331],[96.1687,19.98245],[96.16674,19.98181],[96.16583,19.98217],[96.16569,19.98162],[96.16555,19.98208],[96.16497,19.98198],[96.16521,19.98248],[96.16459,19.98252],[96.16426,19.98194],[96.16411,19.98239],[96.16349,19.98211],[96.16301,19.9827],[96.16249,19.98225],[96.16258,19.9817],[96.16215,19.9817],[96.16239,19.98283],[96.16172,19.98306],[96.16134,19.98269],[96.16123,19.98441],[96.16076,19.98441],[96.16061,19.98495],[96.16176,19.98441],[96.16176,19.98328],[96.16416,19.98302],[96.16463,19.98325],[96.16453,19.98401],[96.16521,19.98311],[96.16712,19.98285],[96.16678,19.98484],[96.16553,19.98519],[96.16548,19.98592],[96.16443,19.98605],[96.16567,19.98646],[96.16566,19.98849],[96.16576,19.98849]]],[[[96.15705,20.00278],[96.15863,20.0022],[96.15873,20.00076],[96.15821,20.00071],[96.15734,20.00188],[96.15586,20.00088],[96.15667,20.00215],[96.15552,20.00269],[96.15695,20.00278],[96.15705,20.00278]]],[[[96.2463,20.00046],[96.24592,19.99793],[96.24624,19.99048],[96.2433,19.98292],[96.24302,19.9803],[96.2434,19.98012],[96.24288,19.97967],[96.24151,19.97456],[96.24261,19.97406],[96.2441,19.97195],[96.24564,19.96861],[96.24555,19.96761],[96.2444,19.96833],[96.24412,19.96621],[96.24302,19.9672],[96.24053,19.9676],[96.23971,19.96981],[96.23976,19.97125],[96.23923,19.97107],[96.23937,19.97193],[96.23904,19.97175],[96.23865,19.97238],[96.23927,19.97207],[96.23898,19.97301],[96.23937,19.97338],[96.23966,19.97225],[96.23994,19.97329],[96.23984,19.97514],[96.23893,19.97595],[96.23945,19.97627],[96.23902,19.97685],[96.23973,19.97735],[96.23926,19.97717],[96.2393,19.97753],[96.23997,19.97753],[96.2403,19.97812],[96.24124,19.98287],[96.24114,19.98517],[96.24157,19.98581],[96.24281,19.98586],[96.24219,19.98595],[96.24204,19.98676],[96.24161,19.98658],[96.24156,19.98766],[96.24194,19.98771],[96.24161,19.98802],[96.2418,19.98829],[96.24204,19.98771],[96.24233,19.98789],[96.24219,19.98698],[96.24295,19.98703],[96.24238,19.98694],[96.24257,19.98613],[96.24348,19.98636],[96.24343,19.98735],[96.24419,19.98794],[96.24442,19.98943],[96.24399,19.98988],[96.24461,19.99029],[96.24446,19.99332],[96.24493,19.99422],[96.2444,19.99485],[96.24498,19.99517],[96.24488,19.99671],[96.24526,19.99675],[96.24482,19.99779],[96.2444,19.99738],[96.24459,19.99576],[96.24378,19.9953],[96.2444,19.99698],[96.24416,19.99738],[96.24387,19.99698],[96.24382,19.9977],[96.24429,19.99915],[96.24496,19.99883],[96.24501,20.00023],[96.24477,19.99996],[96.24438,20.00046],[96.24423,20.00258],[96.24376,20.00185],[96.24342,20.00221],[96.24333,20.00163],[96.24299,20.00185],[96.24337,20.00235],[96.2428,20.00163],[96.24228,20.0023],[96.24452,20.00303],[96.24428,20.00208],[96.24452,20.00177],[96.245,20.00208],[96.24529,20.00145],[96.24543,20.00227],[96.24471,20.00226],[96.24524,20.00245],[96.2449,20.00303],[96.24562,20.0029],[96.24548,20.00254],[96.246,20.00227],[96.24567,20.00136],[96.2463,20.00051],[96.2463,20.00046]],[[96.241,19.97099],[96.24106,19.9681],[96.24292,19.96801],[96.24397,19.96747],[96.24363,19.96874],[96.24119,19.97099],[96.241,19.97099]]],[[[96.2561,20.02652],[96.2583,20.02616],[96.25721,20.02512],[96.25769,20.02422],[96.25664,20.02421],[96.25678,20.02471],[96.25591,20.02534],[96.25605,20.02652],[96.2561,20.02652]]],[[[96.25553,20.02737],[96.25596,20.02597],[96.25568,20.02552],[96.2541,20.02606],[96.25405,20.02656],[96.25543,20.02737],[96.25553,20.02737]]],[[[96.23792,20.02998],[96.23826,20.0308],[96.23787,20.0308],[96.23797,20.03161],[96.23835,20.03125],[96.23863,20.0317],[96.23802,20.02944],[96.23826,20.02868],[96.23778,20.02899],[96.23664,20.02799],[96.23573,20.02808],[96.23559,20.02736],[96.23572,20.03034],[96.2362,20.0307],[96.23649,20.02908],[96.23726,20.02926],[96.23726,20.02967],[96.23793,20.02908],[96.23754,20.02989],[96.23788,20.02998],[96.23792,20.02998]]],[[[96.27709,20.03995],[96.27762,20.03986],[96.27738,20.03905],[96.27796,20.03883],[96.27767,20.03806],[96.27662,20.03801],[96.27571,20.03877],[96.27471,20.03891],[96.27518,20.03986],[96.27719,20.03995],[96.27709,20.03995]]],[[[96.2381,20.04733],[96.23772,20.04657],[96.23724,20.04688],[96.23772,20.04675],[96.23739,20.04702],[96.23786,20.04761],[96.23581,20.0471],[96.23676,20.04769],[96.2369,20.04891],[96.23834,20.0477],[96.23815,20.04733],[96.2381,20.04733]]],[[[96.24815,20.0583],[96.24839,20.05749],[96.24897,20.05731],[96.24844,20.05722],[96.24892,20.05622],[96.24716,20.05613],[96.24586,20.05775],[96.24643,20.05712],[96.24787,20.05708],[96.24801,20.0583],[96.24815,20.0583]]],[[[96.25935,20.0708],[96.25873,20.06976],[96.2593,20.07171],[96.25882,20.07121],[96.25867,20.07225],[96.25953,20.07279],[96.25949,20.07202],[96.26067,20.07388],[96.26063,20.07266],[96.25935,20.07085],[96.25935,20.0708]]],[[[96.25472,20.06681],[96.25482,20.06483],[96.25539,20.0665],[96.25501,20.06641],[96.25472,20.067],[96.25568,20.06677],[96.25563,20.06614],[96.25507,20.06279],[96.25454,20.06279],[96.25474,20.06207],[96.25507,20.06239],[96.25498,20.06108],[96.25455,20.06085],[96.2547,20.06017],[96.25408,20.0594],[96.25332,20.0566],[96.25314,20.05271],[96.25339,20.05186],[96.25382,20.05208],[96.25311,20.0496],[96.25078,20.04579],[96.24997,20.04502],[96.24825,20.04479],[96.24834,20.04438],[96.24701,20.04375],[96.24682,20.04316],[96.2473,20.04262],[96.24658,20.04302],[96.24644,20.04226],[96.24782,20.04267],[96.24806,20.0433],[96.24844,20.04303],[96.2474,20.04167],[96.2472,20.04212],[96.24673,20.04171],[96.2461,20.04212],[96.24616,20.04126],[96.24168,20.03695],[96.24173,20.0365],[96.24005,20.03591],[96.23991,20.03627],[96.23662,20.03441],[96.23586,20.03332],[96.23691,20.03319],[96.23738,20.03396],[96.23882,20.03396],[96.2381,20.03387],[96.23834,20.03292],[96.23796,20.03333],[96.2371,20.03283],[96.23772,20.0326],[96.23734,20.03224],[96.23777,20.03184],[96.2372,20.03188],[96.23749,20.03075],[96.23711,20.0303],[96.2372,20.03134],[96.23658,20.0307],[96.23567,20.03124],[96.23557,20.03192],[96.23624,20.0321],[96.23548,20.03242],[96.23591,20.03278],[96.23557,20.03305],[96.23443,20.03106],[96.23459,20.02717],[96.23378,20.02708],[96.2343,20.02613],[96.23473,20.02622],[96.23595,20.02099],[96.2349,20.01927],[96.23538,20.01895],[96.23519,20.01832],[96.23601,20.01629],[96.23813,20.01349],[96.23899,20.01309],[96.23894,20.01259],[96.24239,20.00989],[96.24455,20.00728],[96.24532,20.0057],[96.24494,20.00448],[96.24533,20.00448],[96.24557,20.00299],[96.24485,20.00339],[96.24447,20.00484],[96.24336,20.00515],[96.2436,20.00569],[96.24403,20.0052],[96.24379,20.00583],[96.24432,20.00633],[96.24389,20.00669],[96.24379,20.00619],[96.24336,20.00642],[96.24307,20.007],[96.24345,20.007],[96.24235,20.00772],[96.24168,20.00926],[96.23851,20.01191],[96.23861,20.01237],[96.23621,20.01466],[96.2363,20.01502],[96.23559,20.01489],[96.23477,20.01606],[96.2352,20.01601],[96.2352,20.01642],[96.23438,20.01791],[96.23466,20.02071],[96.23456,20.02166],[96.23418,20.02143],[96.23413,20.02184],[96.23422,20.02229],[96.23446,20.02184],[96.23499,20.0222],[96.23465,20.02216],[96.2347,20.02374],[96.23368,20.02568],[96.23367,20.02911],[96.23405,20.02907],[96.2341,20.02975],[96.23372,20.03006],[96.23353,20.02965],[96.23338,20.03015],[96.23376,20.03078],[96.23415,20.03033],[96.23367,20.03097],[96.23381,20.03178],[96.23585,20.03409],[96.23666,20.03572],[96.238,20.03654],[96.23986,20.03681],[96.24086,20.03763],[96.24105,20.03713],[96.24177,20.03745],[96.24315,20.03886],[96.24572,20.04275],[96.24562,20.04338],[96.24734,20.04538],[96.25034,20.04697],[96.25206,20.0491],[96.25124,20.04963],[96.25177,20.05009],[96.25223,20.05289],[96.25184,20.05515],[96.24987,20.05844],[96.25194,20.05605],[96.25255,20.05863],[96.25317,20.05813],[96.25321,20.06057],[96.25402,20.0608],[96.25331,20.06139],[96.25382,20.06401],[96.25296,20.06437],[96.25349,20.06455],[96.25377,20.06564],[96.25385,20.06884],[96.25485,20.0707],[96.25528,20.07048],[96.25514,20.07084],[96.25614,20.07134],[96.25633,20.07251],[96.25671,20.07202],[96.25719,20.07224],[96.25671,20.07319],[96.25728,20.0727],[96.25775,20.07523],[96.25833,20.075],[96.25794,20.07582],[96.25766,20.07559],[96.25799,20.07667],[96.25842,20.0764],[96.25842,20.07564],[96.25809,20.07573],[96.25862,20.07437],[96.25824,20.07302],[96.25734,20.07125],[96.25529,20.06921],[96.25443,20.0674],[96.25463,20.06681],[96.25472,20.06681]]],[[[96.26251,20.08211],[96.2627,20.08161],[96.26228,20.0813],[96.26285,20.08121],[96.26318,20.08193],[96.26352,20.0813],[96.26295,20.08089],[96.26161,20.08111],[96.26276,20.08062],[96.26352,20.0808],[96.26295,20.08035],[96.26338,20.0803],[96.26324,20.07976],[96.2619,20.07831],[96.26233,20.07917],[96.262,20.07908],[96.26175,20.0798],[96.26257,20.07953],[96.2628,20.08035],[96.26142,20.07971],[96.26103,20.0807],[96.26242,20.08211],[96.26251,20.08211]]],[[[96.26815,20.08262],[96.26882,20.08199],[96.26835,20.08195],[96.26806,20.08122],[96.26725,20.08145],[96.26797,20.08095],[96.2672,20.0805],[96.26548,20.08076],[96.2662,20.08081],[96.26572,20.0814],[96.2682,20.08208],[96.26806,20.08262],[96.26815,20.08262]]],[[[96.26312,20.08631],[96.26355,20.08613],[96.26313,20.08365],[96.2626,20.0836],[96.26241,20.08419],[96.26198,20.0841],[96.26302,20.08631],[96.26312,20.08631]]],[[[96.25532,20.08643],[96.25604,20.08598],[96.25576,20.08579],[96.25614,20.08521],[96.25552,20.08426],[96.25451,20.08602],[96.25537,20.08643],[96.25532,20.08643]]],[[[96.26235,20.08758],[96.26226,20.08581],[96.26136,20.08391],[96.26111,20.08586],[96.26178,20.08753],[96.26225,20.08758],[96.26235,20.08758]]],[[[96.26535,20.0912],[96.26579,20.08966],[96.26513,20.08537],[96.26489,20.08478],[96.26465,20.08505],[96.26403,20.0846],[96.26379,20.08564],[96.26417,20.08659],[96.26369,20.08726],[96.26345,20.08672],[96.26273,20.08676],[96.26254,20.08731],[96.26383,20.08835],[96.26368,20.08903],[96.26459,20.08925],[96.26449,20.09043],[96.26507,20.09066],[96.26521,20.0903],[96.2653,20.0912],[96.26535,20.0912]]],[[[96.25655,20.09126],[96.25594,20.08846],[96.25637,20.08815],[96.25556,20.08801],[96.25561,20.0876],[96.25431,20.08796],[96.25417,20.08841],[96.25503,20.08832],[96.25493,20.08895],[96.25393,20.08873],[96.25407,20.08954],[96.25335,20.08931],[96.25364,20.08967],[96.25321,20.0899],[96.25407,20.09004],[96.25349,20.09021],[96.25349,20.0908],[96.25478,20.09072],[96.25502,20.08995],[96.25589,20.08986],[96.25607,20.09067],[96.25569,20.09067],[96.25645,20.09126],[96.25655,20.09126]]],[[[96.25439,20.09252],[96.25488,20.09112],[96.25273,20.09089],[96.25268,20.09148],[96.2532,20.09157],[96.25277,20.09216],[96.25421,20.0918],[96.25396,20.09243],[96.2532,20.09207],[96.25415,20.09252],[96.25439,20.09252]]],[[[96.21752,20.09286],[96.21757,20.09177],[96.21681,20.09105],[96.21466,20.09086],[96.21332,20.09126],[96.21313,20.09054],[96.21313,20.09094],[96.21236,20.09117],[96.20892,20.09102],[96.21021,20.09157],[96.21662,20.09114],[96.21743,20.09186],[96.21714,20.09236],[96.21747,20.09286],[96.21752,20.09286]]],[[[96.26806,20.09636],[96.26869,20.0951],[96.2684,20.09329],[96.26726,20.09279],[96.26721,20.09324],[96.26778,20.09347],[96.26796,20.09636],[96.26806,20.09636]]],[[[96.25236,20.09988],[96.25251,20.09934],[96.25255,20.09984],[96.2536,20.09948],[96.25385,20.09876],[96.25251,20.09853],[96.25193,20.09925],[96.25064,20.09956],[96.25222,20.09988],[96.25236,20.09988]]],[[[96.26738,20.09862],[96.26791,20.09934],[96.268,20.09866],[96.2671,20.09807],[96.267,20.09721],[96.26782,20.09704],[96.26796,20.0964],[96.26739,20.09685],[96.26638,20.09662],[96.26686,20.09681],[96.26734,20.09636],[96.26706,20.09595],[96.26634,20.09622],[96.26677,20.09563],[96.26706,20.0959],[96.26673,20.09459],[96.2673,20.09595],[96.26749,20.09487],[96.26721,20.09374],[96.26673,20.09437],[96.26697,20.09346],[96.26654,20.09315],[96.26692,20.09324],[96.26693,20.09215],[96.26721,20.09242],[96.26793,20.09076],[96.26674,20.09125],[96.26645,20.09188],[96.26626,20.09156],[96.26583,20.09206],[96.26597,20.09116],[96.26473,20.09197],[96.26492,20.09237],[96.2652,20.09206],[96.26534,20.09332],[96.26587,20.09346],[96.26558,20.09378],[96.26611,20.09382],[96.26567,20.09441],[96.26668,20.09414],[96.26634,20.09482],[96.26586,20.09473],[96.26644,20.09522],[96.26596,20.09563],[96.26639,20.0954],[96.26653,20.09581],[96.26591,20.09576],[96.26619,20.09604],[96.26586,20.09644],[96.26496,20.09423],[96.26476,20.09477],[96.26528,20.0968],[96.26518,20.09789],[96.26509,20.09698],[96.26466,20.09748],[96.26489,20.09906],[96.26523,20.09802],[96.26584,20.10087],[96.26542,20.09766],[96.26643,20.0969],[96.26638,20.09757],[96.26733,20.09862],[96.26738,20.09862]]],[[[96.25276,20.10797],[96.25262,20.1072],[96.25243,20.10756],[96.25224,20.10724],[96.25267,20.10675],[96.2532,20.10693],[96.25229,20.10634],[96.25296,20.10639],[96.25277,20.10499],[96.25291,20.10562],[96.25334,20.10562],[96.25296,20.10585],[96.25349,20.10598],[96.25411,20.10544],[96.25364,20.10458],[96.25464,20.10535],[96.2555,20.10522],[96.25546,20.10332],[96.25522,20.10382],[96.2546,20.10359],[96.25493,20.10436],[96.25454,20.10472],[96.2545,20.10359],[96.25412,20.1035],[96.25368,20.10409],[96.25421,20.10449],[96.25287,20.10417],[96.2533,20.10431],[96.25325,20.10508],[96.25292,20.10463],[96.25201,20.10476],[96.25181,20.10566],[96.25182,20.10462],[96.2522,20.10453],[96.25163,20.10417],[96.25263,20.10417],[96.25259,20.10381],[96.25158,20.10408],[96.25082,20.10349],[96.24813,20.10479],[96.24914,20.1052],[96.24842,20.10511],[96.24865,20.1066],[96.24918,20.1066],[96.24894,20.10619],[96.24942,20.10534],[96.24947,20.10584],[96.25062,20.10593],[96.25076,20.10489],[96.25143,20.10552],[96.25076,20.10588],[96.2521,20.10571],[96.25219,20.10634],[96.25162,20.10589],[96.25191,20.10629],[96.25114,20.10674],[96.25038,20.10661],[96.25037,20.10692],[96.25162,20.10661],[96.25181,20.10693],[96.24966,20.10755],[96.25037,20.10742],[96.24999,20.10769],[96.25114,20.10828],[96.25257,20.10797],[96.25276,20.10797]]],[[[96.25968,20.11233],[96.2616,20.11129],[96.26204,20.10913],[96.26175,20.10849],[96.26103,20.10876],[96.26094,20.10917],[96.2617,20.10949],[96.2607,20.10998],[96.26093,20.1107],[96.26046,20.1103],[96.25978,20.11052],[96.25968,20.11183],[96.25916,20.11224],[96.25973,20.11233],[96.25968,20.11233]]],[[[96.25122,20.11176],[96.25074,20.11113],[96.25094,20.11063],[96.2516,20.11194],[96.25175,20.11108],[96.25237,20.1114],[96.25256,20.11068],[96.25323,20.11073],[96.25323,20.10982],[96.25266,20.10991],[96.25214,20.10919],[96.24894,20.10791],[96.24888,20.11031],[96.2495,20.11049],[96.24955,20.11126],[96.25032,20.11022],[96.25017,20.11117],[96.24926,20.11135],[96.24926,20.11216],[96.24954,20.11175],[96.25093,20.11207],[96.25078,20.11311],[96.25122,20.1118],[96.25122,20.11176]]],[[[96.23777,20.11393],[96.2373,20.11294],[96.23682,20.11334],[96.23701,20.11284],[96.23644,20.11189],[96.23543,20.11239],[96.23567,20.11279],[96.23495,20.11284],[96.23548,20.11352],[96.23615,20.1132],[96.23648,20.1137],[96.23772,20.11393],[96.23777,20.11393]]],[[[96.25935,20.11269],[96.25882,20.11264],[96.25867,20.11382],[96.26001,20.11382],[96.26011,20.11468],[96.25953,20.11445],[96.25958,20.114],[96.25858,20.11395],[96.25872,20.11436],[96.25939,20.1144],[96.26015,20.11594],[96.26025,20.11549],[96.26053,20.11603],[96.26096,20.11595],[96.26058,20.11509],[96.26101,20.11563],[96.26182,20.11563],[96.26173,20.11617],[96.26125,20.11577],[96.2611,20.1168],[96.26192,20.11676],[96.26182,20.11631],[96.26273,20.11654],[96.26292,20.11573],[96.2624,20.11482],[96.26135,20.11391],[96.26106,20.11495],[96.26035,20.11436],[96.26073,20.11414],[96.26025,20.114],[96.26021,20.11332],[96.25973,20.11323],[96.25978,20.11291],[96.26049,20.11337],[96.26073,20.1131],[96.25963,20.11269],[96.25935,20.11269]]],[[[96.25373,20.11909],[96.25421,20.11846],[96.25388,20.11823],[96.25498,20.11778],[96.25431,20.11674],[96.25316,20.11705],[96.25383,20.11737],[96.25417,20.11705],[96.25416,20.1176],[96.25311,20.11791],[96.25292,20.11719],[96.25301,20.11804],[96.25254,20.11755],[96.25254,20.11827],[96.25211,20.11827],[96.25296,20.1189],[96.25364,20.11845],[96.25368,20.11909],[96.25373,20.11909]]],[[[96.24157,20.12122],[96.24287,20.12063],[96.24263,20.11973],[96.24311,20.12023],[96.24382,20.11978],[96.24669,20.12015],[96.24727,20.11983],[96.24584,20.11942],[96.24584,20.11902],[96.24507,20.11951],[96.24301,20.11932],[96.24201,20.11973],[96.24229,20.12018],[96.24095,20.12067],[96.24124,20.12122],[96.24157,20.12122]]],[[[96.24928,20.12047],[96.24846,20.12115],[96.24927,20.12165],[96.24956,20.12124],[96.24865,20.12106],[96.24927,20.12088],[96.2498,20.12129],[96.24941,20.12178],[96.25013,20.12179],[96.25099,20.12138],[96.25052,20.1212],[96.25138,20.12025],[96.25042,20.12115],[96.25105,20.11994],[96.25004,20.12048],[96.2498,20.12016],[96.24937,20.12093],[96.24928,20.1198],[96.24866,20.11984],[96.24913,20.12047],[96.24928,20.12047]]],[[[96.23301,20.12155],[96.23334,20.12164],[96.23286,20.1216],[96.23291,20.12223],[96.23392,20.12174],[96.23368,20.12137],[96.2344,20.12147],[96.23444,20.12187],[96.23487,20.1216],[96.2344,20.12138],[96.23473,20.1212],[96.2343,20.12011],[96.23354,20.12011],[96.23363,20.12047],[96.23248,20.12123],[96.23239,20.12069],[96.23138,20.12105],[96.23139,20.12064],[96.22957,20.11991],[96.22962,20.12055],[96.23114,20.1215],[96.23076,20.12177],[96.23129,20.12118],[96.23186,20.12119],[96.23191,20.12195],[96.23272,20.12173],[96.23239,20.12141],[96.23301,20.12151],[96.23301,20.12155]]],[[[96.10495,20.12304],[96.10491,20.12182],[96.10543,20.122],[96.10458,20.12087],[96.10506,20.12101],[96.10492,20.12046],[96.1053,20.12038],[96.10482,20.11929],[96.10507,20.11888],[96.10354,20.11797],[96.10358,20.1191],[96.10411,20.11902],[96.10411,20.11834],[96.10482,20.11947],[96.10387,20.11947],[96.10444,20.12006],[96.10458,20.12137],[96.10381,20.1215],[96.10472,20.12173],[96.10486,20.12304],[96.10495,20.12304]]],[[[96.16446,20.12245],[96.16489,20.12155],[96.16638,20.12056],[96.16475,20.12132],[96.16379,20.12249],[96.16325,20.1247],[96.16168,20.12456],[96.16044,20.12343],[96.15914,20.12374],[96.15761,20.12523],[96.15967,20.12379],[96.16072,20.12402],[96.16158,20.12488],[96.16325,20.12488],[96.16446,20.12258],[96.16446,20.12245]]],[[[96.25803,20.12149],[96.25884,20.12109],[96.25866,20.11915],[96.2576,20.11896],[96.25559,20.11995],[96.2553,20.12049],[96.25616,20.12058],[96.25592,20.12108],[96.25458,20.1209],[96.25506,20.12027],[96.25473,20.12004],[96.25382,20.12098],[96.25401,20.12022],[96.25306,20.12008],[96.25368,20.12003],[96.25382,20.11967],[96.25311,20.11958],[96.25378,20.11945],[96.25225,20.11926],[96.25249,20.11863],[96.25114,20.11958],[96.25148,20.12012],[96.252,20.11989],[96.25191,20.11926],[96.25296,20.11949],[96.25296,20.1203],[96.25234,20.11949],[96.25196,20.12012],[96.25238,20.1208],[96.25296,20.12062],[96.25234,20.12098],[96.25267,20.12188],[96.25118,20.12269],[96.25075,20.12233],[96.25027,20.12287],[96.25065,20.12269],[96.25056,20.12314],[96.2496,20.12273],[96.24955,20.12395],[96.25012,20.12382],[96.24988,20.12477],[96.25027,20.12472],[96.25032,20.12391],[96.25079,20.12468],[96.25118,20.12405],[96.25127,20.12518],[96.25251,20.12487],[96.25208,20.12536],[96.2527,20.12654],[96.25289,20.12582],[96.25246,20.12568],[96.25337,20.12568],[96.2538,20.12519],[96.256,20.12506],[96.25624,20.12569],[96.25836,20.1229],[96.25902,20.12308],[96.25917,20.12394],[96.26027,20.12344],[96.25998,20.12222],[96.25936,20.12172],[96.25912,20.12227],[96.25821,20.12217],[96.25803,20.12163],[96.25803,20.12149]]],[[[96.24863,20.12711],[96.2482,20.12729],[96.24868,20.12779],[96.24939,20.1277],[96.24916,20.1272],[96.24868,20.12752],[96.24935,20.12698],[96.24892,20.12607],[96.24945,20.12608],[96.24902,20.12467],[96.2485,20.12463],[96.24936,20.12386],[96.24927,20.12336],[96.24812,20.12327],[96.24893,20.12318],[96.24908,20.12269],[96.24812,20.1221],[96.24903,20.12192],[96.24841,20.1216],[96.24736,20.12209],[96.24702,20.12309],[96.2473,20.12349],[96.24663,20.12367],[96.24649,20.12318],[96.24601,20.12421],[96.2472,20.12593],[96.24749,20.12562],[96.24811,20.12621],[96.24772,20.12634],[96.24796,20.12684],[96.24873,20.12711],[96.24863,20.12711]]],[[[96.23849,20.12771],[96.23897,20.12758],[96.23868,20.12636],[96.23911,20.12641],[96.23873,20.12609],[96.23907,20.12582],[96.23854,20.12545],[96.23778,20.1259],[96.23735,20.12563],[96.23749,20.12645],[96.23849,20.12667],[96.23806,20.12726],[96.23854,20.12771],[96.23849,20.12771]]],[[[96.23695,20.12857],[96.23748,20.12857],[96.23705,20.12929],[96.23733,20.12974],[96.23772,20.12884],[96.23762,20.1297],[96.23814,20.13029],[96.23834,20.12948],[96.238,20.12929],[96.23834,20.12898],[96.23872,20.12939],[96.23887,20.12839],[96.23767,20.1288],[96.23791,20.12776],[96.23705,20.12775],[96.23677,20.12717],[96.23686,20.12816],[96.23604,20.12861],[96.23652,20.12902],[96.23695,20.12861],[96.23695,20.12857]]],[[[96.2358,20.12933],[96.23547,20.12978],[96.23523,20.12924],[96.23585,20.12911],[96.23514,20.1287],[96.23456,20.12937],[96.23465,20.1301],[96.23389,20.13018],[96.23407,20.13149],[96.23446,20.13082],[96.23518,20.13082],[96.23445,20.13195],[96.23474,20.13159],[96.23536,20.13195],[96.23541,20.13123],[96.23618,20.13096],[96.23585,20.13037],[96.23618,20.13082],[96.23704,20.13051],[96.23714,20.13006],[96.2359,20.12933],[96.2358,20.12933]]],[[[96.2481,20.12942],[96.24877,20.12874],[96.24777,20.12756],[96.24686,20.12724],[96.24701,20.12638],[96.24582,20.12475],[96.24424,20.12439],[96.24443,20.1238],[96.24371,20.12412],[96.24414,20.12461],[96.24237,20.12664],[96.24241,20.12732],[96.24294,20.12737],[96.24231,20.12754],[96.24212,20.12818],[96.24318,20.12746],[96.24294,20.12628],[96.24414,20.12601],[96.2438,20.12696],[96.24428,20.12742],[96.24327,20.12782],[96.24336,20.1285],[96.24404,20.1276],[96.24427,20.12796],[96.2437,20.12796],[96.24346,20.12877],[96.24255,20.12822],[96.24222,20.12854],[96.24289,20.12836],[96.24274,20.1289],[96.24222,20.12863],[96.24197,20.12894],[96.24288,20.12926],[96.24308,20.12895],[96.24279,20.12953],[96.24336,20.12931],[96.24336,20.12967],[96.24279,20.12962],[96.24321,20.13003],[96.24288,20.13048],[96.24316,20.13107],[96.24364,20.13103],[96.24287,20.13197],[96.24364,20.13139],[96.24426,20.13189],[96.24374,20.13089],[96.24474,20.13044],[96.24451,20.13004],[96.24489,20.12968],[96.24494,20.13054],[96.24589,20.13063],[96.2458,20.12977],[96.24656,20.12959],[96.24671,20.12882],[96.24747,20.13014],[96.24709,20.13054],[96.24776,20.13091],[96.24761,20.13176],[96.24852,20.131],[96.24876,20.13199],[96.24948,20.13177],[96.249,20.13059],[96.24982,20.13037],[96.24852,20.13032],[96.24886,20.12991],[96.2481,20.12969],[96.24824,20.12942],[96.2481,20.12942]]],[[[96.23977,20.13056],[96.23948,20.13047],[96.24078,20.13007],[96.24159,20.12872],[96.24107,20.12849],[96.2416,20.12795],[96.24107,20.12759],[96.239,20.13056],[96.23934,20.13097],[96.23867,20.13088],[96.23938,20.13201],[96.24015,20.13111],[96.23958,20.13088],[96.23982,20.13056],[96.23977,20.13056]]],[[[96.23477,20.13606],[96.23717,20.13507],[96.23736,20.13449],[96.23559,20.13435],[96.23535,20.13547],[96.23411,20.13579],[96.23458,20.13606],[96.23477,20.13606]]],[[[96.23414,20.13854],[96.23596,20.13873],[96.23596,20.13792],[96.23615,20.13873],[96.23687,20.13864],[96.23731,20.13733],[96.23702,20.13661],[96.23602,20.1362],[96.23481,20.13841],[96.2341,20.13854],[96.23414,20.13854]]],[[[96.23921,20.13915],[96.23988,20.13847],[96.23989,20.13721],[96.23879,20.13765],[96.23893,20.13666],[96.23783,20.13652],[96.23821,20.13774],[96.2395,20.13784],[96.23926,20.1387],[96.23898,20.13842],[96.23907,20.13915],[96.23921,20.13915]]],[[[96.24227,20.13965],[96.24218,20.13879],[96.24108,20.13735],[96.24041,20.13752],[96.2406,20.13856],[96.23955,20.13906],[96.2407,20.13893],[96.24122,20.13951],[96.24199,20.13893],[96.24218,20.13965],[96.24227,20.13965]]],[[[96.22184,20.13968],[96.22185,20.13859],[96.21936,20.1385],[96.21979,20.13872],[96.21945,20.13949],[96.22032,20.13882],[96.2206,20.13954],[96.2217,20.13968],[96.22184,20.13968]]],[[[96.23818,20.14664],[96.23689,20.14623],[96.2366,20.14754],[96.23933,20.14723],[96.23914,20.1461],[96.23842,20.14642],[96.23914,20.14638],[96.23895,20.14701],[96.23828,20.14664],[96.23818,20.14664]]],[[[96.2522,20.14759],[96.25167,20.14718],[96.25225,20.14687],[96.25163,20.14641],[96.25196,20.14623],[96.25163,20.14528],[96.25192,20.14407],[96.25092,20.14343],[96.25144,20.14343],[96.25164,20.14285],[96.25097,20.14194],[96.24992,20.14189],[96.25001,20.14356],[96.24915,20.14352],[96.2491,20.14397],[96.24953,20.14388],[96.24967,20.14433],[96.2501,20.14374],[96.25072,20.14411],[96.25073,20.14357],[96.25006,20.14347],[96.25044,20.14307],[96.25115,20.14411],[96.25139,20.14384],[96.25134,20.14524],[96.25077,20.1451],[96.25048,20.14551],[96.252,20.14759],[96.2522,20.14759]]],[[[96.24783,20.14957],[96.24765,20.14893],[96.24813,20.14821],[96.24779,20.14789],[96.24841,20.14794],[96.24837,20.14731],[96.24789,20.14708],[96.24736,20.14749],[96.24727,20.14672],[96.2464,20.14857],[96.24683,20.14857],[96.24678,20.14907],[96.24722,20.14871],[96.24779,20.14957],[96.24783,20.14957]]],[[[96.25199,20.15093],[96.25233,20.15075],[96.25133,20.14976],[96.25114,20.14804],[96.25009,20.14813],[96.25027,20.15016],[96.2508,20.15021],[96.25051,20.15052],[96.25152,20.15044],[96.25056,20.15088],[96.2518,20.15093],[96.25199,20.15093]]],[[[96.2546,20.15808],[96.25469,20.15862],[96.2556,20.15876],[96.25527,20.15903],[96.25565,20.1593],[96.2566,20.15917],[96.25656,20.15967],[96.25699,20.15971],[96.25718,20.15904],[96.25794,20.15904],[96.25747,20.15868],[96.25833,20.1585],[96.25866,20.15886],[96.2591,20.15796],[96.25848,20.15755],[96.25891,20.15809],[96.25804,20.15782],[96.25752,20.15841],[96.25651,20.15809],[96.25627,20.15872],[96.25508,20.15831],[96.25503,20.15772],[96.2546,20.15804],[96.2546,20.15808]]],[[[96.11654,20.16442],[96.11726,20.16389],[96.11802,20.16411],[96.11875,20.16326],[96.11989,20.16403],[96.12066,20.16399],[96.12469,20.16012],[96.12355,20.15935],[96.12379,20.15862],[96.12312,20.15803],[96.12198,20.15717],[96.12121,20.15726],[96.11821,20.15485],[96.11662,20.15738],[96.1158,20.15755],[96.11705,20.15783],[96.11738,20.15855],[96.11661,20.16018],[96.11555,20.16044],[96.1167,20.16149],[96.1165,20.16248],[96.11549,20.1632],[96.11644,20.16442],[96.11654,20.16442]]],[[[96.20649,20.1788],[96.20634,20.17799],[96.20706,20.17794],[96.20678,20.17749],[96.20711,20.17686],[96.20697,20.17641],[96.20621,20.17631],[96.20736,20.17605],[96.20635,20.17577],[96.20573,20.176],[96.20597,20.17663],[96.20515,20.17681],[96.20692,20.17695],[96.20597,20.17704],[96.20592,20.17749],[96.20568,20.17699],[96.20429,20.17708],[96.20506,20.17726],[96.20501,20.17771],[96.20582,20.17758],[96.20644,20.1788],[96.20649,20.1788]]],[[[96.21302,20.18329],[96.21322,20.18262],[96.21384,20.1828],[96.2135,20.18266],[96.21379,20.18217],[96.21427,20.18239],[96.21399,20.18172],[96.21442,20.18149],[96.21356,20.18144],[96.21442,20.18113],[96.2137,20.1809],[96.21409,20.18045],[96.21289,20.18063],[96.21356,20.18095],[96.21303,20.18144],[96.21312,20.18189],[96.21351,20.1818],[96.21307,20.18253],[96.21245,20.18194],[96.21288,20.18225],[96.21293,20.18329],[96.21302,20.18329]]],[[[96.2366,20.18635],[96.2368,20.18527],[96.23713,20.18559],[96.23704,20.18513],[96.23747,20.18505],[96.23747,20.18414],[96.23786,20.18396],[96.23781,20.18437],[96.23829,20.18392],[96.23724,20.18324],[96.23715,20.18224],[96.23642,20.18518],[96.23656,20.18635],[96.2366,20.18635]]],[[[96.01459,20.18234],[96.01378,20.18198],[96.01436,20.18067],[96.01517,20.18086],[96.01588,20.18208],[96.0157,20.18059],[96.01608,20.18014],[96.01761,20.18028],[96.01809,20.17983],[96.0189,20.18033],[96.01901,20.1792],[96.01824,20.17879],[96.01709,20.17933],[96.01508,20.17918],[96.01465,20.17905],[96.0149,20.17783],[96.01198,20.17827],[96.01112,20.17695],[96.01232,20.17637],[96.01223,20.17583],[96.01299,20.17601],[96.01352,20.17502],[96.01448,20.17493],[96.01514,20.1776],[96.01576,20.17711],[96.01763,20.17752],[96.0162,20.17625],[96.0163,20.17535],[96.0174,20.17531],[96.01621,20.17354],[96.01669,20.17341],[96.01769,20.17477],[96.01946,20.17437],[96.01684,20.17214],[96.01703,20.17183],[96.01918,20.17202],[96.01918,20.1727],[96.0198,20.17238],[96.02018,20.1736],[96.02119,20.17289],[96.02091,20.17117],[96.02053,20.17162],[96.0201,20.1713],[96.02001,20.16985],[96.01896,20.1698],[96.02193,20.16896],[96.02198,20.1686],[96.02064,20.16782],[96.02112,20.16692],[96.02213,20.16756],[96.02284,20.16738],[96.02251,20.16639],[96.02104,20.16502],[96.02142,20.1643],[96.02243,20.16426],[96.02229,20.16282],[96.02368,20.16327],[96.02286,20.16417],[96.023,20.16553],[96.02424,20.16459],[96.02506,20.16455],[96.02563,20.16513],[96.02438,20.16603],[96.02495,20.16635],[96.02524,20.16753],[96.02447,20.16766],[96.02451,20.1682],[96.02375,20.16861],[96.02374,20.16924],[96.02297,20.16996],[96.02379,20.16974],[96.02388,20.17005],[96.02436,20.16947],[96.02537,20.16934],[96.02589,20.1702],[96.02618,20.17002],[96.02619,20.16875],[96.02743,20.16871],[96.02724,20.16758],[96.02811,20.16722],[96.02754,20.16609],[96.02864,20.16619],[96.02912,20.16569],[96.02865,20.16461],[96.02927,20.16452],[96.02931,20.16587],[96.02988,20.16601],[96.03016,20.16737],[96.02887,20.16759],[96.02939,20.16917],[96.02743,20.16912],[96.02819,20.1698],[96.02799,20.17102],[96.02694,20.17147],[96.02675,20.17083],[96.02594,20.17074],[96.02526,20.17268],[96.02636,20.17318],[96.02453,20.17399],[96.02544,20.17385],[96.0263,20.17444],[96.02645,20.17368],[96.02741,20.17364],[96.02731,20.17413],[96.0277,20.17296],[96.0288,20.17287],[96.02904,20.17202],[96.02823,20.17147],[96.02828,20.17116],[96.0288,20.17143],[96.02876,20.17062],[96.02914,20.17148],[96.02972,20.17089],[96.03043,20.17153],[96.03019,20.17085],[96.03144,20.1699],[96.0313,20.16895],[96.03207,20.16968],[96.03255,20.16792],[96.03323,20.16734],[96.03457,20.16752],[96.03442,20.16825],[96.03461,20.16775],[96.03519,20.1678],[96.0358,20.1687],[96.03572,20.16694],[96.03792,20.16695],[96.03845,20.16524],[96.03784,20.16356],[96.03814,20.16085],[96.0378,20.16053],[96.03852,20.16027],[96.03829,20.1595],[96.03877,20.15882],[96.03752,20.15976],[96.03791,20.15837],[96.03734,20.15859],[96.03681,20.15768],[96.03527,20.15976],[96.03527,20.16093],[96.03484,20.1612],[96.03402,20.16097],[96.03427,20.16029],[96.0336,20.15893],[96.03462,20.15709],[96.03366,20.15713],[96.03366,20.15627],[96.03486,20.15668],[96.03414,20.15586],[96.03448,20.1551],[96.03506,20.15497],[96.03468,20.15451],[96.03521,20.15384],[96.03468,20.15352],[96.03617,20.15185],[96.03579,20.1514],[96.03637,20.15045],[96.03488,20.1513],[96.03526,20.15221],[96.03459,20.15252],[96.0342,20.15433],[96.03367,20.15397],[96.03344,20.15207],[96.03367,20.15469],[96.03329,20.15514],[96.03262,20.1541],[96.032,20.15396],[96.03281,20.15505],[96.03275,20.15613],[96.03232,20.15635],[96.03237,20.15699],[96.03156,20.15658],[96.03208,20.15757],[96.03169,20.15766],[96.03198,20.15848],[96.03125,20.16005],[96.0305,20.15802],[96.02769,20.15489],[96.02831,20.15412],[96.0277,20.15367],[96.02809,20.15186],[96.02689,20.15285],[96.02678,20.15421],[96.02616,20.15375],[96.02607,20.15249],[96.02718,20.15059],[96.02877,20.15006],[96.02834,20.14947],[96.02877,20.14843],[96.0293,20.14839],[96.02873,20.14762],[96.02863,20.14825],[96.02729,20.14865],[96.02758,20.14752],[96.02668,20.14684],[96.02835,20.1464],[96.02892,20.14708],[96.02936,20.14622],[96.02874,20.14572],[96.02941,20.14469],[96.02783,20.14522],[96.02722,20.144],[96.02909,20.14297],[96.03038,20.14329],[96.02995,20.1427],[96.03043,20.14229],[96.03019,20.14171],[96.02962,20.14229],[96.02837,20.14224],[96.02818,20.14174],[96.02871,20.14089],[96.0303,20.14044],[96.0294,20.13845],[96.02998,20.13687],[96.0296,20.13651],[96.02916,20.13705],[96.02912,20.13605],[96.0295,20.13579],[96.02869,20.13574],[96.0286,20.13497],[96.02927,20.13411],[96.02722,20.13397],[96.02707,20.1346],[96.0264,20.1346],[96.02673,20.13564],[96.02558,20.13572],[96.02577,20.13627],[96.02482,20.13595],[96.02458,20.13626],[96.02362,20.13562],[96.02362,20.13508],[96.02319,20.13675],[96.02256,20.13675],[96.02161,20.13602],[96.0218,20.13557],[96.02104,20.13439],[96.02325,20.13391],[96.02325,20.13282],[96.02206,20.13291],[96.02124,20.13358],[96.02168,20.1325],[96.0211,20.132],[96.02067,20.1329],[96.0211,20.13313],[96.0199,20.13394],[96.01876,20.13253],[96.01889,20.13456],[96.01855,20.13529],[96.01803,20.13533],[96.01679,20.13311],[96.01699,20.13257],[96.01809,20.13226],[96.01713,20.13176],[96.0179,20.13131],[96.01876,20.13203],[96.02092,20.13078],[96.02155,20.12979],[96.0214,20.12938],[96.01986,20.13122],[96.01872,20.1314],[96.01915,20.13095],[96.01853,20.13086],[96.01915,20.13009],[96.01896,20.12937],[96.02117,20.12866],[96.01945,20.12878],[96.01931,20.12738],[96.01984,20.12648],[96.01889,20.12607],[96.01879,20.12553],[96.01874,20.12634],[96.01941,20.12693],[96.01883,20.12765],[96.01902,20.12847],[96.01858,20.12928],[96.01677,20.12882],[96.01633,20.12963],[96.01581,20.12958],[96.01536,20.13324],[96.01184,20.14858],[96.01217,20.14868],[96.01179,20.14881],[96.01071,20.154],[96.01185,20.15459],[96.01051,20.15499],[96.00909,20.16172],[96.01043,20.16195],[96.00975,20.16317],[96.00865,20.16384],[96.00326,20.1897],[96.00483,20.19093],[96.00488,20.19039],[96.00612,20.1908],[96.00656,20.19017],[96.00785,20.18977],[96.00671,20.18854],[96.00738,20.18787],[96.00824,20.18833],[96.00786,20.18719],[96.00829,20.18724],[96.00862,20.18828],[96.00997,20.18675],[96.01212,20.18798],[96.01169,20.18712],[96.01184,20.18559],[96.01108,20.18499],[96.01257,20.18469],[96.01181,20.1836],[96.01257,20.18301],[96.01263,20.18229],[96.01573,20.18325],[96.0154,20.18248],[96.01464,20.18234],[96.01459,20.18234]],[[96.02468,20.16287],[96.02464,20.1617],[96.02579,20.16125],[96.02656,20.16012],[96.02728,20.16008],[96.028,20.16076],[96.02809,20.16198],[96.02727,20.16261],[96.0265,20.16279],[96.0255,20.16188],[96.02521,20.16278],[96.02473,20.16287],[96.02468,20.16287]],[[96.01763,20.14861],[96.01634,20.14752],[96.01505,20.14778],[96.01491,20.14688],[96.014,20.14674],[96.01453,20.14638],[96.01415,20.14588],[96.01587,20.14594],[96.01606,20.14639],[96.01563,20.14684],[96.01605,20.1472],[96.01673,20.14684],[96.01759,20.14707],[96.01786,20.14861],[96.01763,20.14861]],[[96.03382,20.1635],[96.03425,20.16355],[96.03386,20.16427],[96.03233,20.16485],[96.03122,20.16642],[96.03055,20.16629],[96.0307,20.16507],[96.03123,20.16548],[96.03267,20.16358],[96.03372,20.1635],[96.03382,20.1635]]],[[[96.00513,20.19848],[96.00528,20.19681],[96.00595,20.19627],[96.00633,20.19677],[96.00681,20.19663],[96.00715,20.19577],[96.00634,20.19609],[96.00558,20.19455],[96.00438,20.19436],[96.00482,20.19391],[96.004,20.19368],[96.0041,20.19328],[96.00616,20.19351],[96.00343,20.19251],[96.00344,20.19192],[96.00473,20.19192],[96.00397,20.19111],[96.00296,20.19115],[96.00237,20.19395],[96.00295,20.19404],[96.00404,20.19567],[96.00457,20.19536],[96.00509,20.19568],[96.00456,20.19743],[96.00508,20.19848],[96.00513,20.19848]]],[[[96.24047,20.20322],[96.23923,20.2019],[96.23928,20.20154],[96.2399,20.20168],[96.23971,20.20132],[96.23809,20.20059],[96.23746,20.20077],[96.23765,20.20045],[96.23651,20.19973],[96.23574,20.19963],[96.23349,20.20112],[96.23344,20.20066],[96.23287,20.20102],[96.23196,20.20025],[96.23206,20.19926],[96.23158,20.19957],[96.23172,20.20043],[96.23282,20.20143],[96.23459,20.20089],[96.23541,20.20013],[96.23646,20.20013],[96.23593,20.20067],[96.23679,20.20054],[96.23813,20.20244],[96.2387,20.20258],[96.23803,20.20185],[96.2387,20.20168],[96.24023,20.20322],[96.24047,20.20322]]],[[[96.24486,20.20712],[96.24706,20.20645],[96.24802,20.20677],[96.24702,20.20617],[96.24486,20.20626],[96.24118,20.20421],[96.24257,20.20571],[96.24495,20.20712],[96.24486,20.20712]]],[[[96.25461,20.21045],[96.25485,20.20995],[96.25347,20.20814],[96.24902,20.2079],[96.24821,20.20731],[96.24892,20.20749],[96.24921,20.20704],[96.24763,20.20708],[96.2483,20.20808],[96.24792,20.20785],[96.24763,20.20853],[96.24859,20.20794],[96.24993,20.20867],[96.25045,20.20858],[96.24993,20.20844],[96.25007,20.20808],[96.25055,20.20817],[96.25088,20.20885],[96.25337,20.20863],[96.25451,20.21044],[96.25461,20.21045]]],[[[96.25837,20.21565],[96.26058,20.21516],[96.26105,20.21557],[96.26115,20.21485],[96.26374,20.21495],[96.26388,20.21449],[96.26273,20.21381],[96.26268,20.21463],[96.26216,20.21467],[96.26225,20.21426],[96.26034,20.21462],[96.25933,20.21538],[96.25751,20.21533],[96.25632,20.21452],[96.25694,20.21389],[96.25618,20.21298],[96.25642,20.21181],[96.25623,20.21217],[96.25595,20.21185],[96.25646,20.21397],[96.25584,20.21343],[96.25613,20.21429],[96.25518,20.21207],[96.25612,20.21556],[96.25636,20.21506],[96.25828,20.21565],[96.25837,20.21565]]],[[[96.12779,20.26301],[96.12872,20.2598],[96.12791,20.25889],[96.12733,20.25966],[96.12671,20.25943],[96.12657,20.25875],[96.12537,20.25907],[96.12599,20.25961],[96.12484,20.2601],[96.12479,20.26078],[96.12709,20.26088],[96.12655,20.26268],[96.1276,20.2626],[96.1277,20.263],[96.12779,20.26301]]]]}}],"bbox":[96.00237,19.47682,96.46776,20.26301]}
